{
 "type": "FeatureCollection",
 "countryCode": "pt",
 "features": [
  {
   "type": "Feature",
   "properties": {
    "ll": {
     "value": 0,
     "unit": 1,
     "referenceDatum": 0
    },
    "ul": {
     "value": 55,
     "unit": 6,
     "referenceDatum": 2
    },
    "_id": "62614fddcb27f42509460207",
    "name": "AMENDOEIRA LPMN",
    "type": 21,
    "icao": 7,
    "bnd": [
     [
      38.6480556,
      -8.3688889
     ],
     [
      38.7977778,
      -8.1225
     ]
    ]
   },
   "geometry": {
    "type": "Polygon",
    "coordinates": [
     [
      [
       -8.2752778,
       38.7091667
      ],
      [
       -8.3688889,
       38.7747222
      ],
      [
       -8.2022222,
       38.7977778
      ],
      [
       -8.1225,
       38.7619444
      ],
      [
       -8.2108333,
       38.6480556
      ],
      [
       -8.2752778,
       38.7091667
      ]
     ]
    ]
   }
  },
  {
   "type": "Feature",
   "properties": {
    "ll": {
     "value": 0,
     "unit": 1,
     "referenceDatum": 0
    },
    "ul": {
     "value": 150,
     "unit": 6,
     "referenceDatum": 2
    },
    "_id": "62614fddcb27f42509460229",
    "name": "BRAGA PJE LPBR",
    "type": 2,
    "icao": 7,
    "bnd": [
     [
      41.5419872,
      -8.505088
     ],
     [
      41.6319141,
      -8.3848808
     ]
    ]
   },
   "geometry": {
    "type": "Polygon",
    "coordinates": [
     [
      [
       -8.445,
       41.6319141
      ],
      [
       -8.4376938,
       41.631581
      ],
      [
       -8.430496,
       41.6305869
      ],
      [
       -8.4235133,
       41.6289464
      ],
      [
       -8.4168493,
       41.6266838
      ],
      [
       -8.4106027,
       41.6238327
      ],
      [
       -8.404866,
       41.6204354
      ],
      [
       -8.3997244,
       41.6165422
      ],
      [
       -8.3952537,
       41.6122109
      ],
      [
       -8.3915202,
       41.6075057
      ],
      [
       -8.3885791,
       41.6024962
      ],
      [
       -8.3864736,
       41.5972566
      ],
      [
       -8.3852348,
       41.5918646
      ],
      [
       -8.3848808,
       41.5864001
      ],
      [
       -8.3854166,
       41.5809438
      ],
      [
       -8.386834,
       41.5755765
      ],
      [
       -8.3891119,
       41.5703777
      ],
      [
       -8.3922164,
       41.5654242
      ],
      [
       -8.3961014,
       41.5607893
      ],
      [
       -8.4007092,
       41.5565416
      ],
      [
       -8.4059717,
       41.5527437
      ],
      [
       -8.4118109,
       41.5494519
      ],
      [
       -8.4181405,
       41.5467148
      ],
      [
       -8.4248669,
       41.5445728
      ],
      [
       -8.4318908,
       41.5430575
      ],
      [
       -8.4391082,
       41.5421914
      ],
      [
       -8.4464127,
       41.5419872
      ],
      [
       -8.4536963,
       41.542448
      ],
      [
       -8.4608515,
       41.543567
      ],
      [
       -8.4677725,
       41.5453275
      ],
      [
       -8.4743571,
       41.5477037
      ],
      [
       -8.480508,
       41.5506604
      ],
      [
       -8.4861342,
       41.5541539
      ],
      [
       -8.4911525,
       41.5581326
      ],
      [
       -8.4954886,
       41.5625377
      ],
      [
       -8.4990783,
       41.5673041
      ],
      [
       -8.5018682,
       41.5723612
      ],
      [
       -8.503817,
       41.5776344
      ],
      [
       -8.5048957,
       41.5830456
      ],
      [
       -8.505088,
       41.5885147
      ],
      [
       -8.5043908,
       41.5939608
      ],
      [
       -8.5028143,
       41.5993032
      ],
      [
       -8.5003816,
       41.6044629
      ],
      [
       -8.4971285,
       41.6093635
      ],
      [
       -8.4931031,
       41.6139322
      ],
      [
       -8.4883648,
       41.6181016
      ],
      [
       -8.4829838,
       41.6218096
      ],
      [
       -8.4770396,
       41.6250014
      ],
      [
       -8.4706204,
       41.6276297
      ],
      [
       -8.4638212,
       41.6296554
      ],
      [
       -8.4567429,
       41.6310486
      ],
      [
       -8.4494905,
       41.6317886
      ],
      [
       -8.445,
       41.6319141
      ]
     ]
    ]
   }
  },
  {
   "type": "Feature",
   "properties": {
    "ll": {
     "value": 0,
     "unit": 1,
     "referenceDatum": 0
    },
    "ul": {
     "value": 5000,
     "unit": 1,
     "referenceDatum": 1
    },
    "_id": "62614fdd0e8346dfd924fd61",
    "name": "BRAGANCA ATZ 122.305",
    "type": 6,
    "icao": 7,
    "bnd": [
     [
      41.78,
      -6.7933333
     ],
     [
      41.9333333,
      -6.6216667
     ]
    ]
   },
   "geometry": {
    "type": "Polygon",
    "coordinates": [
     [
      [
       -6.7516667,
       41.9333333
      ],
      [
       -6.6216667,
       41.9097222
      ],
      [
       -6.6636111,
       41.78
      ],
      [
       -6.7933333,
       41.8036111
      ],
      [
       -6.7516667,
       41.9333333
      ]
     ]
    ]
   }
  },
  {
   "type": "Feature",
   "properties": {
    "ll": {
     "value": 0,
     "unit": 1,
     "referenceDatum": 0
    },
    "ul": {
     "value": 60,
     "unit": 6,
     "referenceDatum": 2
    },
    "_id": "62614fddcb27f4250946021d",
    "name": "BRAGANÇA LPBG",
    "type": 21,
    "icao": 7,
    "bnd": [
     [
      41.6770655,
      -6.9486
     ],
     [
      41.9919444,
      -6.5163889
     ]
    ]
   },
   "geometry": {
    "type": "Polygon",
    "coordinates": [
     [
      [
       -6.9194444,
       41.9422222
      ],
      [
       -6.9155556,
       41.9413889
      ],
      [
       -6.8936111,
       41.9397222
      ],
      [
       -6.8694444,
       41.9466667
      ],
      [
       -6.8225,
       41.9455556
      ],
      [
       -6.8111111,
       41.9919444
      ],
      [
       -6.7675,
       41.9833333
      ],
      [
       -6.7486111,
       41.9416667
      ],
      [
       -6.6983333,
       41.9336111
      ],
      [
       -6.5997222,
       41.9466667
      ],
      [
       -6.5863889,
       41.9666667
      ],
      [
       -6.5494444,
       41.9441667
      ],
      [
       -6.57,
       41.8841667
      ],
      [
       -6.5163889,
       41.8741667
      ],
      [
       -6.5663889,
       41.7458333
      ],
      [
       -6.5519444,
       41.7316667
      ],
      [
       -6.5486111,
       41.7216667
      ],
      [
       -6.5599221,
       41.7147133
      ],
      [
       -6.5717768,
       41.7082855
      ],
      [
       -6.5841312,
       41.702407
      ],
      [
       -6.5969399,
       41.6970995
      ],
      [
       -6.6101556,
       41.6923824
      ],
      [
       -6.6237295,
       41.6882731
      ],
      [
       -6.6376116,
       41.6847867
      ],
      [
       -6.6517508,
       41.6819362
      ],
      [
       -6.666095,
       41.6797318
      ],
      [
       -6.6805915,
       41.6781819
      ],
      [
       -6.695187,
       41.677292
      ],
      [
       -6.7098278,
       41.6770655
      ],
      [
       -6.72446,
       41.6775031
      ],
      [
       -6.7390299,
       41.6786032
      ],
      [
       -6.7534837,
       41.6803619
      ],
      [
       -6.7677685,
       41.6827727
      ],
      [
       -6.7818316,
       41.6858266
      ],
      [
       -6.7956212,
       41.6895125
      ],
      [
       -6.8090866,
       41.6938167
      ],
      [
       -6.8221781,
       41.6987235
      ],
      [
       -6.8348474,
       41.7042148
      ],
      [
       -6.8470479,
       41.7102703
      ],
      [
       -6.8587344,
       41.7168678
      ],
      [
       -6.8698637,
       41.723983
      ],
      [
       -6.8803946,
       41.7315896
      ],
      [
       -6.8902882,
       41.7396596
      ],
      [
       -6.8995075,
       41.7481633
      ],
      [
       -6.9080185,
       41.7570692
      ],
      [
       -6.9157893,
       41.7663446
      ],
      [
       -6.922791,
       41.7759551
      ],
      [
       -6.9289973,
       41.7858653
      ],
      [
       -6.9343849,
       41.7960386
      ],
      [
       -6.9389335,
       41.8064373
      ],
      [
       -6.942626,
       41.817023
      ],
      [
       -6.9454481,
       41.8277565
      ],
      [
       -6.947389,
       41.838598
      ],
      [
       -6.9484411,
       41.8495075
      ],
      [
       -6.9486,
       41.8604444
      ],
      [
       -6.9478647,
       41.8713683
      ],
      [
       -6.9462374,
       41.8822386
      ],
      [
       -6.9437237,
       41.8930149
      ],
      [
       -6.9403325,
       41.9036572
      ],
      [
       -6.936076,
       41.9141261
      ],
      [
       -6.9309696,
       41.9243824
      ],
      [
       -6.9250318,
       41.9343883
      ],
      [
       -6.9194444,
       41.9422222
      ]
     ]
    ]
   }
  },
  {
   "type": "Feature",
   "properties": {
    "ll": {
     "value": 0,
     "unit": 1,
     "referenceDatum": 0
    },
    "ul": {
     "value": 2200,
     "unit": 1,
     "referenceDatum": 1
    },
    "_id": "62614fddcb27f42509460239",
    "name": "CASTELO BRANCO ATZ 122.555",
    "type": 6,
    "icao": 7,
    "bnd": [
     [
      39.7675,
      -7.535
     ],
     [
      39.9291667,
      -7.3486111
     ]
    ]
   },
   "geometry": {
    "type": "Polygon",
    "coordinates": [
     [
      [
       -7.4152778,
       39.9291667
      ],
      [
       -7.3486111,
       39.8061111
      ],
      [
       -7.4680556,
       39.7675
      ],
      [
       -7.535,
       39.8905556
      ],
      [
       -7.4152778,
       39.9291667
      ]
     ]
    ]
   }
  },
  {
   "type": "Feature",
   "properties": {
    "ll": {
     "value": 0,
     "unit": 1,
     "referenceDatum": 0
    },
    "ul": {
     "value": 4000,
     "unit": 1,
     "referenceDatum": 1
    },
    "_id": "62614fddcb27f42509460243",
    "name": "CHAVES ATZ 122.705",
    "type": 6,
    "icao": 7,
    "bnd": [
     [
      41.6397222,
      -7.5627778
     ],
     [
      41.8041667,
      -7.3627778
     ]
    ]
   },
   "geometry": {
    "type": "Polygon",
    "coordinates": [
     [
      [
       -7.4816667,
       41.6397222
      ],
      [
       -7.5627778,
       41.7586111
      ],
      [
       -7.4436111,
       41.8041667
      ],
      [
       -7.3627778,
       41.6852778
      ],
      [
       -7.4816667,
       41.6397222
      ]
     ]
    ]
   }
  },
  {
   "type": "Feature",
   "properties": {
    "ll": {
     "value": 0,
     "unit": 1,
     "referenceDatum": 0
    },
    "ul": {
     "value": 440,
     "unit": 1,
     "referenceDatum": 0
    },
    "_id": "62614fddcb27f42509460251",
    "name": "CHAVES RC MODELS LPCH",
    "type": 2,
    "icao": 7,
    "bnd": [
     [
      41.7224492,
      -7.4673898
     ],
     [
      41.7264431,
      -7.4620455
     ]
    ]
   },
   "geometry": {
    "type": "Polygon",
    "coordinates": [
     [
      [
       -7.4647222,
       41.7264431
      ],
      [
       -7.4641902,
       41.7264033
      ],
      [
       -7.4636794,
       41.7262853
      ],
      [
       -7.4632101,
       41.726094
      ],
      [
       -7.4628012,
       41.7258369
      ],
      [
       -7.4624688,
       41.7255243
      ],
      [
       -7.4622263,
       41.7251686
      ],
      [
       -7.4620833,
       41.7247841
      ],
      [
       -7.4620455,
       41.7243861
      ],
      [
       -7.4621144,
       41.7239903
      ],
      [
       -7.4622873,
       41.7236127
      ],
      [
       -7.4625572,
       41.7232682
      ],
      [
       -7.4629135,
       41.7229706
      ],
      [
       -7.4633418,
       41.7227318
      ],
      [
       -7.4638252,
       41.7225613
      ],
      [
       -7.4643443,
       41.7224658
      ],
      [
       -7.4648785,
       41.7224492
      ],
      [
       -7.4654065,
       41.7225122
      ],
      [
       -7.4659072,
       41.7226521
      ],
      [
       -7.4663607,
       41.7228636
      ],
      [
       -7.4667488,
       41.723138
      ],
      [
       -7.4670562,
       41.7234646
      ],
      [
       -7.4672705,
       41.7238302
      ],
      [
       -7.4673832,
       41.7242203
      ],
      [
       -7.4673898,
       41.7246193
      ],
      [
       -7.4672901,
       41.7250114
      ],
      [
       -7.467088,
       41.7253808
      ],
      [
       -7.4667916,
       41.725713
      ],
      [
       -7.4664127,
       41.7259945
      ],
      [
       -7.4659664,
       41.7262143
      ],
      [
       -7.4654705,
       41.7263635
      ],
      [
       -7.4649447,
       41.7264362
      ],
      [
       -7.4647222,
       41.7264431
      ]
     ]
    ]
   }
  },
  {
   "type": "Feature",
   "properties": {
    "ll": {
     "value": 0,
     "unit": 1,
     "referenceDatum": 0
    },
    "ul": {
     "value": 2000,
     "unit": 1,
     "referenceDatum": 1
    },
    "_id": "62614fddcb27f4250946025f",
    "name": "COIMBRA ATZ 122.905",
    "type": 6,
    "icao": 7,
    "bnd": [
     [
      40.0741667,
      -8.5666667
     ],
     [
      40.2383333,
      -8.3719444
     ]
    ]
   },
   "geometry": {
    "type": "Polygon",
    "coordinates": [
     [
      [
       -8.5666667,
       40.1930556
      ],
      [
       -8.45,
       40.2383333
      ],
      [
       -8.3719444,
       40.1191667
      ],
      [
       -8.4880556,
       40.0741667
      ],
      [
       -8.5666667,
       40.1930556
      ]
     ]
    ]
   }
  },
  {
   "type": "Feature",
   "properties": {
    "ll": {
     "value": 0,
     "unit": 1,
     "referenceDatum": 0
    },
    "ul": {
     "value": 1000,
     "unit": 1,
     "referenceDatum": 0
    },
    "_id": "62614fdecb27f4250946026d",
    "name": "CORVO LPCR ATZ 122.300",
    "type": 6,
    "icao": 7,
    "bnd": [
     [
      39.6136111,
      -31.2058333
     ],
     [
      39.6863889,
      -31.0258333
     ]
    ]
   },
   "geometry": {
    "type": "Polygon",
    "coordinates": [
     [
      [
       -31.1975,
       39.6863889
      ],
      [
       -31.0258333,
       39.6716667
      ],
      [
       -31.0341667,
       39.6136111
      ],
      [
       -31.2058333,
       39.6286111
      ],
      [
       -31.1975,
       39.6863889
      ]
     ]
    ]
   }
  },
  {
   "type": "Feature",
   "properties": {
    "ll": {
     "value": 0,
     "unit": 1,
     "referenceDatum": 0
    },
    "ul": {
     "value": 140,
     "unit": 6,
     "referenceDatum": 2
    },
    "_id": "62614fdecb27f42509460277",
    "name": "ESPINHO PJE LPIN",
    "type": 2,
    "icao": 7,
    "bnd": [
     [
      40.9275475,
      -8.7081121
     ],
     [
      41.0274662,
      -8.5758335
     ]
    ]
   },
   "geometry": {
    "type": "Polygon",
    "coordinates": [
     [
      [
       -8.6419444,
       41.0274662
      ],
      [
       -8.6343124,
       41.0271332
      ],
      [
       -8.6267823,
       41.0261384
      ],
      [
       -8.6194546,
       41.0244951
      ],
      [
       -8.6124272,
       41.0222254
      ],
      [
       -8.6057938,
       41.0193595
      ],
      [
       -8.5996429,
       41.0159356
      ],
      [
       -8.5940566,
       41.0119995
      ],
      [
       -8.5891092,
       41.0076037
      ],
      [
       -8.5848667,
       41.0028068
      ],
      [
       -8.5813854,
       40.9976728
      ],
      [
       -8.5787117,
       40.9922702
      ],
      [
       -8.5768809,
       40.986671
      ],
      [
       -8.5759173,
       40.9809499
      ],
      [
       -8.5758335,
       40.975183
      ],
      [
       -8.5766303,
       40.9694473
      ],
      [
       -8.5782969,
       40.9638191
      ],
      [
       -8.5808109,
       40.9583733
      ],
      [
       -8.5841386,
       40.9531825
      ],
      [
       -8.5882356,
       40.9483157
      ],
      [
       -8.5930472,
       40.9438377
      ],
      [
       -8.5985092,
       40.9398081
      ],
      [
       -8.6045488,
       40.9362804
      ],
      [
       -8.6110857,
       40.9333016
      ],
      [
       -8.618033,
       40.9309113
      ],
      [
       -8.6252981,
       40.9291413
      ],
      [
       -8.6327844,
       40.928015
      ],
      [
       -8.6403926,
       40.9275475
      ],
      [
       -8.6480213,
       40.927745
      ],
      [
       -8.6555693,
       40.9286048
      ],
      [
       -8.6629362,
       40.9301156
      ],
      [
       -8.670024,
       40.9322572
      ],
      [
       -8.6767385,
       40.9350011
      ],
      [
       -8.6829904,
       40.938311
      ],
      [
       -8.6886964,
       40.9421427
      ],
      [
       -8.6937805,
       40.9464453
      ],
      [
       -8.6981751,
       40.9511617
      ],
      [
       -8.7018214,
       40.9562289
      ],
      [
       -8.7046708,
       40.9615796
      ],
      [
       -8.7066852,
       40.9671426
      ],
      [
       -8.7078375,
       40.9728438
      ],
      [
       -8.7081121,
       40.9786073
      ],
      [
       -8.7075052,
       40.9843562
      ],
      [
       -8.7060245,
       40.9900141
      ],
      [
       -8.7036898,
       40.9955055
      ],
      [
       -8.7005317,
       41.0007571
      ],
      [
       -8.6965923,
       41.005699
      ],
      [
       -8.691924,
       41.0102652
      ],
      [
       -8.6865888,
       41.0143949
      ],
      [
       -8.6806579,
       41.0180328
      ],
      [
       -8.6742103,
       41.0211306
      ],
      [
       -8.667332,
       41.0236467
      ],
      [
       -8.6601147,
       41.0255477
      ],
      [
       -8.6526549,
       41.0268081
      ],
      [
       -8.645052,
       41.0274112
      ],
      [
       -8.6419444,
       41.0274662
      ]
     ]
    ]
   }
  },
  {
   "type": "Feature",
   "properties": {
    "ll": {
     "value": 0,
     "unit": 1,
     "referenceDatum": 0
    },
    "ul": {
     "value": 150,
     "unit": 6,
     "referenceDatum": 2
    },
    "_id": "62614fdecb27f42509460285",
    "name": "EVORA LPEV",
    "type": 21,
    "icao": 7,
    "bnd": [
     [
      38.484765,
      -7.9493949
     ],
     [
      38.5746918,
      -7.8344639
     ]
    ]
   },
   "geometry": {
    "type": "Polygon",
    "coordinates": [
     [
      [
       -7.8919444,
       38.5746918
      ],
      [
       -7.8849595,
       38.5743588
      ],
      [
       -7.878078,
       38.5733648
      ],
      [
       -7.8714022,
       38.5717243
      ],
      [
       -7.865031,
       38.5694619
      ],
      [
       -7.8590588,
       38.566611
      ],
      [
       -7.8535741,
       38.5632139
      ],
      [
       -7.8486581,
       38.5593209
      ],
      [
       -7.8443835,
       38.5549898
      ],
      [
       -7.8408137,
       38.5502847
      ],
      [
       -7.8380013,
       38.5452754
      ],
      [
       -7.8359878,
       38.5400359
      ],
      [
       -7.8348029,
       38.534644
      ],
      [
       -7.8344639,
       38.5291795
      ],
      [
       -7.8349757,
       38.5237231
      ],
      [
       -7.8363304,
       38.5183558
      ],
      [
       -7.838508,
       38.5131569
      ],
      [
       -7.8414759,
       38.5082032
      ],
      [
       -7.8451901,
       38.5035682
      ],
      [
       -7.8495956,
       38.4993202
      ],
      [
       -7.8546271,
       38.4955222
      ],
      [
       -7.8602102,
       38.4922302
      ],
      [
       -7.8662622,
       38.4894929
      ],
      [
       -7.8726937,
       38.4873507
      ],
      [
       -7.8794097,
       38.4858354
      ],
      [
       -7.8863109,
       38.4849692
      ],
      [
       -7.8932952,
       38.484765
      ],
      [
       -7.9002597,
       38.4852258
      ],
      [
       -7.9071012,
       38.4863449
      ],
      [
       -7.9137189,
       38.4881055
      ],
      [
       -7.9200148,
       38.4904819
      ],
      [
       -7.9258959,
       38.4934387
      ],
      [
       -7.9312753,
       38.4969324
      ],
      [
       -7.9360733,
       38.5009113
      ],
      [
       -7.9402189,
       38.5053166
      ],
      [
       -7.9436507,
       38.5100831
      ],
      [
       -7.9463179,
       38.5151404
      ],
      [
       -7.9481807,
       38.5204137
      ],
      [
       -7.9492116,
       38.5258249
      ],
      [
       -7.9493949,
       38.5312941
      ],
      [
       -7.9487279,
       38.5367401
      ],
      [
       -7.9472201,
       38.5420825
      ],
      [
       -7.9448938,
       38.5472421
      ],
      [
       -7.9417832,
       38.5521425
      ],
      [
       -7.9379343,
       38.5567111
      ],
      [
       -7.9334039,
       38.5608802
      ],
      [
       -7.928259,
       38.564588
      ],
      [
       -7.9225759,
       38.5677796
      ],
      [
       -7.9164387,
       38.5704077
      ],
      [
       -7.9099383,
       38.5724334
      ],
      [
       -7.9031712,
       38.5738264
      ],
      [
       -7.8962375,
       38.5745663
      ],
      [
       -7.8919444,
       38.5746918
      ]
     ]
    ]
   }
  },
  {
   "type": "Feature",
   "properties": {
    "ll": {
     "value": 0,
     "unit": 1,
     "referenceDatum": 0
    },
    "ul": {
     "value": 1000,
     "unit": 1,
     "referenceDatum": 0
    },
    "_id": "62614fdecb27f42509460292",
    "name": "EVORA LPEV ATZ 122.705",
    "type": 6,
    "icao": 7,
    "bnd": [
     [
      38.4631572,
      -7.9771003
     ],
     [
      38.5963439,
      -7.8068206
     ]
    ]
   },
   "geometry": {
    "type": "Polygon",
    "coordinates": [
     [
      [
       -7.8919444,
       38.5963439
      ],
      [
       -7.8834336,
       38.5960107
      ],
      [
       -7.8750081,
       38.5950144
      ],
      [
       -7.8667523,
       38.593365
      ],
      [
       -7.8587489,
       38.5910791
      ],
      [
       -7.8510781,
       38.5881795
      ],
      [
       -7.8438167,
       38.5846953
      ],
      [
       -7.8370374,
       38.5806613
      ],
      [
       -7.8308079,
       38.5761181
      ],
      [
       -7.8251907,
       38.5711111
      ],
      [
       -7.8202417,
       38.5656904
      ],
      [
       -7.8160103,
       38.5599102
      ],
      [
       -7.8125388,
       38.5538285
      ],
      [
       -7.8098617,
       38.5475061
      ],
      [
       -7.8080054,
       38.5410062
      ],
      [
       -7.8069884,
       38.5343938
      ],
      [
       -7.8068206,
       38.527735
      ],
      [
       -7.8075035,
       38.5210964
      ],
      [
       -7.8090299,
       38.5145442
      ],
      [
       -7.8113844,
       38.5081441
      ],
      [
       -7.8145433,
       38.5019597
      ],
      [
       -7.8184748,
       38.496053
      ],
      [
       -7.8231395,
       38.4904828
      ],
      [
       -7.8284908,
       38.4853048
      ],
      [
       -7.834475,
       38.4805705
      ],
      [
       -7.8410324,
       38.4763273
      ],
      [
       -7.8480974,
       38.4726174
      ],
      [
       -7.8555996,
       38.4694778
      ],
      [
       -7.8634641,
       38.4669398
      ],
      [
       -7.8716125,
       38.4650288
      ],
      [
       -7.8799636,
       38.4637637
      ],
      [
       -7.888434,
       38.4631572
      ],
      [
       -7.8969395,
       38.4632154
      ],
      [
       -7.9053951,
       38.4639375
      ],
      [
       -7.9137168,
       38.4653165
      ],
      [
       -7.9218213,
       38.4673386
      ],
      [
       -7.9296281,
       38.4699837
      ],
      [
       -7.9370593,
       38.4732253
      ],
      [
       -7.9440406,
       38.4770312
      ],
      [
       -7.9505024,
       38.4813634
      ],
      [
       -7.9563802,
       38.4861788
      ],
      [
       -7.9616151,
       38.4914291
      ],
      [
       -7.966155,
       38.4970622
      ],
      [
       -7.9699541,
       38.5030218
      ],
      [
       -7.9729746,
       38.5092483
      ],
      [
       -7.9751859,
       38.5156797
      ],
      [
       -7.9765658,
       38.5222517
      ],
      [
       -7.9771003,
       38.5288987
      ],
      [
       -7.9767839,
       38.5355541
      ],
      [
       -7.9756193,
       38.5421516
      ],
      [
       -7.9736181,
       38.5486252
      ],
      [
       -7.9708,
       38.5549101
      ],
      [
       -7.967193,
       38.5609434
      ],
      [
       -7.9628331,
       38.5666648
      ],
      [
       -7.9577636,
       38.5720171
      ],
      [
       -7.9520352,
       38.5769466
      ],
      [
       -7.945705,
       38.581404
      ],
      [
       -7.9388365,
       38.5853446
      ],
      [
       -7.9314982,
       38.588729
      ],
      [
       -7.9237636,
       38.5915234
      ],
      [
       -7.9157103,
       38.5936996
      ],
      [
       -7.9074188,
       38.5952359
      ],
      [
       -7.8989722,
       38.5961169
      ],
      [
       -7.8919444,
       38.5963439
      ]
     ]
    ]
   }
  },
  {
   "type": "Feature",
   "properties": {
    "ll": {
     "value": 0,
     "unit": 1,
     "referenceDatum": 0
    },
    "ul": {
     "value": 150,
     "unit": 6,
     "referenceDatum": 2
    },
    "_id": "62614fdecb27f4250946029e",
    "name": "EVORA PJE LPEV",
    "type": 2,
    "icao": 7,
    "bnd": [
     [
      38.484765,
      -7.9493949
     ],
     [
      38.5746918,
      -7.8344639
     ]
    ]
   },
   "geometry": {
    "type": "Polygon",
    "coordinates": [
     [
      [
       -7.8919444,
       38.5746918
      ],
      [
       -7.8849595,
       38.5743588
      ],
      [
       -7.878078,
       38.5733648
      ],
      [
       -7.8714022,
       38.5717243
      ],
      [
       -7.865031,
       38.5694619
      ],
      [
       -7.8590588,
       38.566611
      ],
      [
       -7.8535741,
       38.5632139
      ],
      [
       -7.8486581,
       38.5593209
      ],
      [
       -7.8443835,
       38.5549898
      ],
      [
       -7.8408137,
       38.5502847
      ],
      [
       -7.8380013,
       38.5452754
      ],
      [
       -7.8359878,
       38.5400359
      ],
      [
       -7.8348029,
       38.534644
      ],
      [
       -7.8344639,
       38.5291795
      ],
      [
       -7.8349757,
       38.5237231
      ],
      [
       -7.8363304,
       38.5183558
      ],
      [
       -7.838508,
       38.5131569
      ],
      [
       -7.8414759,
       38.5082032
      ],
      [
       -7.8451901,
       38.5035682
      ],
      [
       -7.8495956,
       38.4993202
      ],
      [
       -7.8546271,
       38.4955222
      ],
      [
       -7.8602102,
       38.4922302
      ],
      [
       -7.8662622,
       38.4894929
      ],
      [
       -7.8726937,
       38.4873507
      ],
      [
       -7.8794097,
       38.4858354
      ],
      [
       -7.8863109,
       38.4849692
      ],
      [
       -7.8932952,
       38.484765
      ],
      [
       -7.9002597,
       38.4852258
      ],
      [
       -7.9071012,
       38.4863449
      ],
      [
       -7.9137189,
       38.4881055
      ],
      [
       -7.9200148,
       38.4904819
      ],
      [
       -7.9258959,
       38.4934387
      ],
      [
       -7.9312753,
       38.4969324
      ],
      [
       -7.9360733,
       38.5009113
      ],
      [
       -7.9402189,
       38.5053166
      ],
      [
       -7.9436507,
       38.5100831
      ],
      [
       -7.9463179,
       38.5151404
      ],
      [
       -7.9481807,
       38.5204137
      ],
      [
       -7.9492116,
       38.5258249
      ],
      [
       -7.9493949,
       38.5312941
      ],
      [
       -7.9487279,
       38.5367401
      ],
      [
       -7.9472201,
       38.5420825
      ],
      [
       -7.9448938,
       38.5472421
      ],
      [
       -7.9417832,
       38.5521425
      ],
      [
       -7.9379343,
       38.5567111
      ],
      [
       -7.9334039,
       38.5608802
      ],
      [
       -7.928259,
       38.564588
      ],
      [
       -7.9225759,
       38.5677796
      ],
      [
       -7.9164387,
       38.5704077
      ],
      [
       -7.9099383,
       38.5724334
      ],
      [
       -7.9031712,
       38.5738264
      ],
      [
       -7.8962375,
       38.5745663
      ],
      [
       -7.8919444,
       38.5746918
      ]
     ]
    ]
   }
  },
  {
   "type": "Feature",
   "properties": {
    "ll": {
     "value": 1000,
     "unit": 1,
     "referenceDatum": 0
    },
    "ul": {
     "value": 245,
     "unit": 6,
     "referenceDatum": 2
    },
    "_id": "62614fdecb27f425094602ac",
    "name": "FARO TMA 119.405",
    "type": 0,
    "icao": 2,
    "bnd": [
     [
      36.4295768,
      -8.7063959
     ],
     [
      37.5976455,
      -7.3841667
     ]
    ]
   },
   "geometry": {
    "type": "Polygon",
    "coordinates": [
     [
      [
       -7.9586111,
       37.5975
      ],
      [
       -7.8844444,
       37.4152778
      ],
      [
       -7.4433333,
       37.4175
      ],
      [
       -7.4613889,
       37.4113889
      ],
      [
       -7.4511111,
       37.4025
      ],
      [
       -7.4408333,
       37.3927778
      ],
      [
       -7.4369444,
       37.3641667
      ],
      [
       -7.4427778,
       37.3494444
      ],
      [
       -7.4427778,
       37.3347222
      ],
      [
       -7.44,
       37.3194444
      ],
      [
       -7.4422222,
       37.3094444
      ],
      [
       -7.4352778,
       37.2913889
      ],
      [
       -7.4225,
       37.2755556
      ],
      [
       -7.4325,
       37.2586111
      ],
      [
       -7.4333333,
       37.2466667
      ],
      [
       -7.4205556,
       37.2394444
      ],
      [
       -7.4119444,
       37.2211111
      ],
      [
       -7.4127778,
       37.2052778
      ],
      [
       -7.4080556,
       37.1844444
      ],
      [
       -7.3841667,
       37.1511111
      ],
      [
       -7.3883333,
       37.125
      ],
      [
       -7.3847222,
       36.9366667
      ],
      [
       -7.3863889,
       36.6711111
      ],
      [
       -7.3996062,
       36.6544318
      ],
      [
       -7.4151062,
       36.6391218
      ],
      [
       -7.4312355,
       36.6242384
      ],
      [
       -7.4479756,
       36.6097982
      ],
      [
       -7.4653074,
       36.5958175
      ],
      [
       -7.483211,
       36.5823119
      ],
      [
       -7.5016662,
       36.5692967
      ],
      [
       -7.5206519,
       36.5567863
      ],
      [
       -7.5401467,
       36.5447949
      ],
      [
       -7.5601284,
       36.5333358
      ],
      [
       -7.5805745,
       36.522422
      ],
      [
       -7.601462,
       36.5120655
      ],
      [
       -7.6227672,
       36.502278
      ],
      [
       -7.6444662,
       36.4930704
      ],
      [
       -7.6665346,
       36.4844531
      ],
      [
       -7.6889476,
       36.4764356
      ],
      [
       -7.7116802,
       36.4690269
      ],
      [
       -7.7347068,
       36.4622354
      ],
      [
       -7.7580016,
       36.4560685
      ],
      [
       -7.7815386,
       36.4505331
      ],
      [
       -7.8052914,
       36.4456355
      ],
      [
       -7.8292336,
       36.4413811
      ],
      [
       -7.8533384,
       36.4377746
      ],
      [
       -7.8775788,
       36.4348201
      ],
      [
       -7.9019279,
       36.4325209
      ],
      [
       -7.9263585,
       36.4308795
      ],
      [
       -7.9508433,
       36.4298978
      ],
      [
       -7.9753551,
       36.4295768
      ],
      [
       -7.9998664,
       36.4299169
      ],
      [
       -8.02435,
       36.4309178
      ],
      [
       -8.0487786,
       36.4325783
      ],
      [
       -8.0731249,
       36.4348965
      ],
      [
       -8.0973618,
       36.4378699
      ],
      [
       -8.1214623,
       36.4414952
      ],
      [
       -8.1453994,
       36.4457683
      ],
      [
       -8.1691463,
       36.4506845
      ],
      [
       -8.1926767,
       36.4562382
      ],
      [
       -8.2159641,
       36.4624233
      ],
      [
       -8.2389825,
       36.4692329
      ],
      [
       -8.2617062,
       36.4766593
      ],
      [
       -8.2841096,
       36.4846943
      ],
      [
       -8.3061677,
       36.4933289
      ],
      [
       -8.3278556,
       36.5025534
      ],
      [
       -8.349149,
       36.5123575
      ],
      [
       -8.370024,
       36.5227303
      ],
      [
       -8.390457,
       36.5336602
      ],
      [
       -8.4104249,
       36.5451348
      ],
      [
       -8.4299053,
       36.5571415
      ],
      [
       -8.4488759,
       36.5696666
      ],
      [
       -8.4673154,
       36.5826963
      ],
      [
       -8.4852028,
       36.5962158
      ],
      [
       -8.5025177,
       36.6102101
      ],
      [
       -8.5192403,
       36.6246634
      ],
      [
       -8.5353516,
       36.6395594
      ],
      [
       -8.5508332,
       36.6548814
      ],
      [
       -8.5656671,
       36.6706123
      ],
      [
       -8.5798364,
       36.6867343
      ],
      [
       -8.5933246,
       36.7032292
      ],
      [
       -8.6061161,
       36.7200785
      ],
      [
       -8.6181961,
       36.7372632
      ],
      [
       -8.6295505,
       36.754764
      ],
      [
       -8.6401658,
       36.772561
      ],
      [
       -8.6500297,
       36.7906341
      ],
      [
       -8.6591305,
       36.808963
      ],
      [
       -8.6674572,
       36.8275269
      ],
      [
       -8.675,
       36.8463048
      ],
      [
       -8.6817497,
       36.8652754
      ],
      [
       -8.687698,
       36.8844172
      ],
      [
       -8.6928376,
       36.9037086
      ],
      [
       -8.6971621,
       36.9231276
      ],
      [
       -8.7006659,
       36.9426521
      ],
      [
       -8.7033444,
       36.96226
      ],
      [
       -8.7051939,
       36.981929
      ],
      [
       -8.7062117,
       37.0016367
      ],
      [
       -8.7063959,
       37.0213605
      ],
      [
       -8.7057458,
       37.0410781
      ],
      [
       -8.7042614,
       37.0607669
      ],
      [
       -8.7019437,
       37.0804044
      ],
      [
       -8.6987947,
       37.0999682
      ],
      [
       -8.6948175,
       37.119436
      ],
      [
       -8.6900158,
       37.1387853
      ],
      [
       -8.6843947,
       37.1579941
      ],
      [
       -8.6779599,
       37.1770403
      ],
      [
       -8.6707181,
       37.1959021
      ],
      [
       -8.6626772,
       37.2145578
      ],
      [
       -8.6538457,
       37.232986
      ],
      [
       -8.6442332,
       37.2511655
      ],
      [
       -8.6338502,
       37.2690753
      ],
      [
       -8.6227082,
       37.2866949
      ],
      [
       -8.6108194,
       37.3040039
      ],
      [
       -8.598197,
       37.3209824
      ],
      [
       -8.5848552,
       37.3376108
      ],
      [
       -8.5708088,
       37.3538698
      ],
      [
       -8.5560736,
       37.3697407
      ],
      [
       -8.5406662,
       37.3852052
      ],
      [
       -8.5246041,
       37.4002452
      ],
      [
       -8.5079054,
       37.4148435
      ],
      [
       -8.4905892,
       37.4289831
      ],
      [
       -8.4726751,
       37.4426476
      ],
      [
       -8.4541836,
       37.4558211
      ],
      [
       -8.4351359,
       37.4684885
      ],
      [
       -8.4155538,
       37.4806349
      ],
      [
       -8.3954598,
       37.4922462
      ],
      [
       -8.374877,
       37.503309
      ],
      [
       -8.3538291,
       37.5138104
      ],
      [
       -8.3323404,
       37.5237382
      ],
      [
       -8.3104358,
       37.5330808
      ],
      [
       -8.2881406,
       37.5418273
      ],
      [
       -8.2654806,
       37.5499676
      ],
      [
       -8.2424822,
       37.5574921
      ],
      [
       -8.219172,
       37.5643922
      ],
      [
       -8.1955771,
       37.5706596
      ],
      [
       -8.1717249,
       37.5762873
      ],
      [
       -8.1476433,
       37.5812685
      ],
      [
       -8.1233602,
       37.5855975
      ],
      [
       -8.0989041,
       37.5892692
      ],
      [
       -8.0743033,
       37.5922793
      ],
      [
       -8.0495866,
       37.5946244
      ],
      [
       -8.0247828,
       37.5963016
      ],
      [
       -7.9999209,
       37.597309
      ],
      [
       -7.9750299,
       37.5976455
      ],
      [
       -7.9586111,
       37.5975
      ]
     ]
    ]
   }
  },
  {
   "type": "Feature",
   "properties": {
    "ll": {
     "value": 0,
     "unit": 1,
     "referenceDatum": 0
    },
    "ul": {
     "value": 240,
     "unit": 6,
     "referenceDatum": 2
    },
    "_id": "62614fdecb27f425094602b9",
    "name": "FIGUEIRA DE CAVALEIROS PJE LPFC",
    "type": 2,
    "icao": 7,
    "bnd": [
     [
      38.0247697,
      -8.2979021
     ],
     [
      38.1246885,
      -8.1710408
     ]
    ]
   },
   "geometry": {
    "type": "Polygon",
    "coordinates": [
     [
      [
       -8.2344444,
       38.1246885
      ],
      [
       -8.2271255,
       38.1243554
      ],
      [
       -8.2199043,
       38.1233607
      ],
      [
       -8.2128772,
       38.1217176
      ],
      [
       -8.206138,
       38.119448
      ],
      [
       -8.1997765,
       38.1165823
      ],
      [
       -8.1938777,
       38.1131586
      ],
      [
       -8.1885202,
       38.1092227
      ],
      [
       -8.1837754,
       38.1048271
      ],
      [
       -8.1797064,
       38.1000304
      ],
      [
       -8.1763674,
       38.0948966
      ],
      [
       -8.1738027,
       38.0894941
      ],
      [
       -8.1720465,
       38.083895
      ],
      [
       -8.1711218,
       38.078174
      ],
      [
       -8.1710408,
       38.0724071
      ],
      [
       -8.1718044,
       38.0666713
      ],
      [
       -8.1734023,
       38.061043
      ],
      [
       -8.1758129,
       38.0555971
      ],
      [
       -8.179004,
       38.0504061
      ],
      [
       -8.182933,
       38.0455391
      ],
      [
       -8.1875474,
       38.0410609
      ],
      [
       -8.1927857,
       38.0370311
      ],
      [
       -8.1985782,
       38.0335032
      ],
      [
       -8.2048476,
       38.0305242
      ],
      [
       -8.2115107,
       38.0281338
      ],
      [
       -8.2184787,
       38.0263636
      ],
      [
       -8.2256589,
       38.0252373
      ],
      [
       -8.232956,
       38.0247697
      ],
      [
       -8.2402729,
       38.0249672
      ],
      [
       -8.2475123,
       38.0258271
      ],
      [
       -8.2545779,
       38.027338
      ],
      [
       -8.2613758,
       38.0294797
      ],
      [
       -8.2678156,
       38.0322239
      ],
      [
       -8.2738116,
       38.0355339
      ],
      [
       -8.279284,
       38.0393659
      ],
      [
       -8.2841599,
       38.0436687
      ],
      [
       -8.2883743,
       38.0483852
      ],
      [
       -8.291871,
       38.0534526
      ],
      [
       -8.2946033,
       38.0588035
      ],
      [
       -8.2965347,
       38.0643666
      ],
      [
       -8.2976393,
       38.0700679
      ],
      [
       -8.2979021,
       38.0758314
      ],
      [
       -8.2973195,
       38.0815803
      ],
      [
       -8.295899,
       38.0872381
      ],
      [
       -8.2936594,
       38.0927293
      ],
      [
       -8.2906303,
       38.0979808
      ],
      [
       -8.286852,
       38.1029225
      ],
      [
       -8.2823748,
       38.1074885
      ],
      [
       -8.2772581,
       38.1116179
      ],
      [
       -8.2715702,
       38.1152557
      ],
      [
       -8.2653869,
       38.1183532
      ],
      [
       -8.2587906,
       38.1208692
      ],
      [
       -8.2518693,
       38.12277
      ],
      [
       -8.2447155,
       38.1240304
      ],
      [
       -8.2374245,
       38.1246334
      ],
      [
       -8.2344444,
       38.1246885
      ]
     ]
    ]
   }
  },
  {
   "type": "Feature",
   "properties": {
    "ll": {
     "value": 0,
     "unit": 1,
     "referenceDatum": 0
    },
    "ul": {
     "value": 1000,
     "unit": 1,
     "referenceDatum": 0
    },
    "_id": "62614fdecb27f425094602c6",
    "name": "GRACIOSA LPGR ATZ 122.900",
    "type": 6,
    "icao": 7,
    "bnd": [
     [
      39.0697222,
      -28.1261111
     ],
     [
      39.1558333,
      -27.9425
     ]
    ]
   },
   "geometry": {
    "type": "Polygon",
    "coordinates": [
     [
      [
       -28.1261111,
       39.1266667
      ],
      [
       -27.9588889,
       39.1558333
      ],
      [
       -27.9425,
       39.0986111
      ],
      [
       -28.1097222,
       39.0697222
      ],
      [
       -28.1261111,
       39.1266667
      ]
     ]
    ]
   }
  },
  {
   "type": "Feature",
   "properties": {
    "ll": {
     "value": 700,
     "unit": 1,
     "referenceDatum": 0
    },
    "ul": {
     "value": 155,
     "unit": 6,
     "referenceDatum": 2
    },
    "_id": "62614fdecb27f425094602d5",
    "name": "LAJES MIL-TMA 135.000",
    "type": 0,
    "icao": 2,
    "bnd": [
     [
      38.2066667,
      -28.0519982
     ],
     [
      39.5114106,
      -26.1297428
     ]
    ]
   },
   "geometry": {
    "type": "Polygon",
    "coordinates": [
     [
      [
       -28.0172222,
       38.5719444
      ],
      [
       -28.026216,
       38.59319
      ],
      [
       -28.0323812,
       38.6150084
      ],
      [
       -28.0377149,
       38.6369604
      ],
      [
       -28.0422115,
       38.6590267
      ],
      [
       -28.0458663,
       38.6811878
      ],
      [
       -28.0486753,
       38.703424
      ],
      [
       -28.0506351,
       38.7257156
      ],
      [
       -28.0517434,
       38.7480428
      ],
      [
       -28.0519982,
       38.770386
      ],
      [
       -28.0513986,
       38.7927251
      ],
      [
       -28.0499443,
       38.8150403
      ],
      [
       -28.0476358,
       38.8373118
      ],
      [
       -28.0444743,
       38.8595198
      ],
      [
       -28.0404618,
       38.8816443
      ],
      [
       -28.0356012,
       38.9036657
      ],
      [
       -28.029896,
       38.9255643
      ],
      [
       -28.0233505,
       38.9473205
      ],
      [
       -28.0159698,
       38.9689148
      ],
      [
       -28.0077598,
       38.990328
      ],
      [
       -27.998727,
       39.0115407
      ],
      [
       -27.9888789,
       39.0325339
      ],
      [
       -27.9782235,
       39.0532888
      ],
      [
       -27.9667698,
       39.0737867
      ],
      [
       -27.9545273,
       39.0940092
      ],
      [
       -27.9415064,
       39.113938
      ],
      [
       -27.9277182,
       39.1335553
      ],
      [
       -27.9131744,
       39.1528432
      ],
      [
       -27.8978876,
       39.1717843
      ],
      [
       -27.8818711,
       39.1903616
      ],
      [
       -27.8651387,
       39.2085582
      ],
      [
       -27.847705,
       39.2263577
      ],
      [
       -27.8295853,
       39.2437438
      ],
      [
       -27.8107954,
       39.260701
      ],
      [
       -27.7913521,
       39.2772137
      ],
      [
       -27.7712724,
       39.293267
      ],
      [
       -27.7505742,
       39.3088463
      ],
      [
       -27.7292759,
       39.3239374
      ],
      [
       -27.7073964,
       39.3385266
      ],
      [
       -27.6849554,
       39.3526007
      ],
      [
       -27.6619729,
       39.3661466
      ],
      [
       -27.6384697,
       39.3791523
      ],
      [
       -27.6144667,
       39.3916056
      ],
      [
       -27.5899858,
       39.4034954
      ],
      [
       -27.5650489,
       39.4148107
      ],
      [
       -27.5396787,
       39.4255412
      ],
      [
       -27.5138982,
       39.4356771
      ],
      [
       -27.4877306,
       39.4452092
      ],
      [
       -27.4612,
       39.4541286
      ],
      [
       -27.4343303,
       39.4624272
      ],
      [
       -27.407146,
       39.4700975
      ],
      [
       -27.379672,
       39.4771324
      ],
      [
       -27.3519333,
       39.4835254
      ],
      [
       -27.3239554,
       39.4892708
      ],
      [
       -27.2957637,
       39.4943631
      ],
      [
       -27.267384,
       39.4987979
      ],
      [
       -27.2388425,
       39.5025709
      ],
      [
       -27.2101652,
       39.5056787
      ],
      [
       -27.1813784,
       39.5081185
      ],
      [
       -27.1525085,
       39.5098881
      ],
      [
       -27.123582,
       39.5109858
      ],
      [
       -27.0946255,
       39.5114106
      ],
      [
       -27.0656655,
       39.5111621
      ],
      [
       -27.0367286,
       39.5102405
      ],
      [
       -27.0078413,
       39.5086468
      ],
      [
       -26.9790302,
       39.5063823
      ],
      [
       -26.9503217,
       39.5034491
      ],
      [
       -26.9217421,
       39.49985
      ],
      [
       -26.8933175,
       39.4955882
      ],
      [
       -26.8650741,
       39.4906676
      ],
      [
       -26.8370377,
       39.4850927
      ],
      [
       -26.8092339,
       39.4788688
      ],
      [
       -26.7816881,
       39.4720014
      ],
      [
       -26.7544256,
       39.4644968
      ],
      [
       -26.7274712,
       39.456362
      ],
      [
       -26.7008493,
       39.4476044
      ],
      [
       -26.6745844,
       39.438232
      ],
      [
       -26.6487002,
       39.4282533
      ],
      [
       -26.6232203,
       39.4176776
      ],
      [
       -26.5981678,
       39.4065144
      ],
      [
       -26.5735653,
       39.3947741
      ],
      [
       -26.5494351,
       39.3824672
      ],
      [
       -26.5257989,
       39.3696051
      ],
      [
       -26.5026781,
       39.3561994
      ],
      [
       -26.4800933,
       39.3422625
      ],
      [
       -26.4580649,
       39.3278069
      ],
      [
       -26.4366125,
       39.3128459
      ],
      [
       -26.4157554,
       39.2973931
      ],
      [
       -26.395512,
       39.2814625
      ],
      [
       -26.3759003,
       39.2650687
      ],
      [
       -26.3569377,
       39.2482264
      ],
      [
       -26.3386409,
       39.2309511
      ],
      [
       -26.3210261,
       39.2132583
      ],
      [
       -26.3041086,
       39.1951641
      ],
      [
       -26.2879032,
       39.1766849
      ],
      [
       -26.272424,
       39.1578374
      ],
      [
       -26.2576845,
       39.1386386
      ],
      [
       -26.2436972,
       39.1191059
      ],
      [
       -26.2304743,
       39.099257
      ],
      [
       -26.2180269,
       39.0791096
      ],
      [
       -26.2063657,
       39.0586821
      ],
      [
       -26.1955004,
       39.0379927
      ],
      [
       -26.18544,
       39.01706
      ],
      [
       -26.176193,
       38.995903
      ],
      [
       -26.1677669,
       38.9745405
      ],
      [
       -26.1601684,
       38.9529917
      ],
      [
       -26.1534037,
       38.931276
      ],
      [
       -26.147478,
       38.9094128
      ],
      [
       -26.1423958,
       38.8874217
      ],
      [
       -26.138161,
       38.8653223
      ],
      [
       -26.1347764,
       38.8431342
      ],
      [
       -26.1322444,
       38.8208775
      ],
      [
       -26.1305663,
       38.7985718
      ],
      [
       -26.1297428,
       38.776237
      ],
      [
       -26.129774,
       38.753893
      ],
      [
       -26.1306589,
       38.7315597
      ],
      [
       -26.132396,
       38.7092568
      ],
      [
       -26.1349829,
       38.6870042
      ],
      [
       -26.1384166,
       38.6648216
      ],
      [
       -26.1426932,
       38.6427286
      ],
      [
       -26.1478081,
       38.6207447
      ],
      [
       -26.1537562,
       38.5988895
      ],
      [
       -26.1605313,
       38.5771821
      ],
      [
       -26.1681268,
       38.5556418
      ],
      [
       -26.1765351,
       38.5342875
      ],
      [
       -26.1857483,
       38.5131381
      ],
      [
       -26.1957575,
       38.492212
      ],
      [
       -26.2065532,
       38.4715278
      ],
      [
       -26.2181252,
       38.4511036
      ],
      [
       -26.2304628,
       38.4309573
      ],
      [
       -26.2435545,
       38.4111066
      ],
      [
       -26.2573883,
       38.3915689
      ],
      [
       -26.2719513,
       38.3723612
      ],
      [
       -26.2872303,
       38.3535005
      ],
      [
       -26.3032115,
       38.335003
      ],
      [
       -26.3198802,
       38.3168852
      ],
      [
       -26.3372215,
       38.2991626
      ],
      [
       -26.3552198,
       38.2818508
      ],
      [
       -26.3738589,
       38.2649649
      ],
      [
       -26.3931221,
       38.2485196
      ],
      [
       -26.4129923,
       38.2325292
      ],
      [
       -26.4334518,
       38.2170076
      ],
      [
       -26.4477778,
       38.2066667
      ],
      [
       -28.0172222,
       38.5719444
      ]
     ]
    ]
   }
  },
  {
   "type": "Feature",
   "properties": {
    "ll": {
     "value": 1500,
     "unit": 1,
     "referenceDatum": 0
    },
    "ul": {
     "value": 85,
     "unit": 6,
     "referenceDatum": 2
    },
    "_id": "62614fdecb27f425094602df",
    "name": "LISBOA APPROACH SECTOR 1",
    "type": 0,
    "icao": 2,
    "bnd": [
     [
      38.2736044,
      -9.7761725
     ],
     [
      39.2619444,
      -8.4920971
     ]
    ]
   },
   "geometry": {
    "type": "Polygon",
    "coordinates": [
     [
      [
       -9.7669444,
       38.8411111
      ],
      [
       -9.4504129,
       38.7585428
      ],
      [
       -9.4391376,
       38.7560778
      ],
      [
       -9.4276625,
       38.754259
      ],
      [
       -9.4160484,
       38.7530962
      ],
      [
       -9.4043568,
       38.7525955
      ],
      [
       -9.3926494,
       38.7527594
      ],
      [
       -9.3809882,
       38.7535872
      ],
      [
       -9.3694351,
       38.7550745
      ],
      [
       -9.358051,
       38.7572134
      ],
      [
       -9.3468962,
       38.7599925
      ],
      [
       -9.33603,
       38.7633972
      ],
      [
       -9.3255096,
       38.7674095
      ],
      [
       -9.3153911,
       38.772008
      ],
      [
       -9.305728,
       38.7771685
      ],
      [
       -9.2965715,
       38.7828637
      ],
      [
       -9.2879704,
       38.7890632
      ],
      [
       -9.2799704,
       38.7957344
      ],
      [
       -9.272614,
       38.8028418
      ],
      [
       -9.2659404,
       38.8103478
      ],
      [
       -9.2599853,
       38.8182125
      ],
      [
       -9.2555556,
       38.8266667
      ],
      [
       -9.0919444,
       39.1355556
      ],
      [
       -8.9894444,
       39.2619444
      ],
      [
       -8.9717063,
       39.2585604
      ],
      [
       -8.9490045,
       39.2536162
      ],
      [
       -8.9265542,
       39.2480299
      ],
      [
       -8.9043857,
       39.241809
      ],
      [
       -8.8825291,
       39.2349619
      ],
      [
       -8.8610141,
       39.227498
      ],
      [
       -8.8398696,
       39.2194273
      ],
      [
       -8.8191241,
       39.2107609
      ],
      [
       -8.7988058,
       39.2015104
      ],
      [
       -8.7789419,
       39.1916884
      ],
      [
       -8.7595591,
       39.1813083
      ],
      [
       -8.7406835,
       39.170384
      ],
      [
       -8.7223404,
       39.1589304
      ],
      [
       -8.7045544,
       39.1469629
      ],
      [
       -8.6873491,
       39.1344978
      ],
      [
       -8.6707475,
       39.1215518
      ],
      [
       -8.6547718,
       39.1081426
      ],
      [
       -8.6394431,
       39.0942881
      ],
      [
       -8.6247817,
       39.0800071
      ],
      [
       -8.6108069,
       39.0653188
      ],
      [
       -8.5975372,
       39.0502431
      ],
      [
       -8.58499,
       39.0348002
      ],
      [
       -8.5731817,
       39.0190109
      ],
      [
       -8.5621276,
       39.0028964
      ],
      [
       -8.5518421,
       38.9864785
      ],
      [
       -8.5423384,
       38.9697791
      ],
      [
       -8.5336289,
       38.9528207
      ],
      [
       -8.5257245,
       38.935626
      ],
      [
       -8.5186352,
       38.9182181
      ],
      [
       -8.51237,
       38.9006203
      ],
      [
       -8.5069367,
       38.882856
      ],
      [
       -8.5023418,
       38.8649492
      ],
      [
       -8.4985909,
       38.8469237
      ],
      [
       -8.4956883,
       38.8288035
      ],
      [
       -8.4936373,
       38.8106129
      ],
      [
       -8.4924399,
       38.7923761
      ],
      [
       -8.4920971,
       38.7741174
      ],
      [
       -8.4926086,
       38.7558611
      ],
      [
       -8.4939732,
       38.7376315
      ],
      [
       -8.4961884,
       38.7194528
      ],
      [
       -8.4992505,
       38.7013491
      ],
      [
       -8.503155,
       38.6833446
      ],
      [
       -8.5078959,
       38.665463
      ],
      [
       -8.5134664,
       38.647728
      ],
      [
       -8.5198584,
       38.6301631
      ],
      [
       -8.527063,
       38.6127917
      ],
      [
       -8.53507,
       38.5956366
      ],
      [
       -8.5438683,
       38.5787204
      ],
      [
       -8.5534456,
       38.5620657
      ],
      [
       -8.5637889,
       38.5456942
      ],
      [
       -8.5748839,
       38.5296276
      ],
      [
       -8.5867156,
       38.5138871
      ],
      [
       -8.5992679,
       38.4984934
      ],
      [
       -8.6125238,
       38.4834667
      ],
      [
       -8.6264655,
       38.4688269
      ],
      [
       -8.6410743,
       38.454593
      ],
      [
       -8.6563304,
       38.440784
      ],
      [
       -8.6722137,
       38.4274178
      ],
      [
       -8.6887028,
       38.414512
      ],
      [
       -8.7057759,
       38.4020835
      ],
      [
       -8.7234103,
       38.3901487
      ],
      [
       -8.7415826,
       38.3787231
      ],
      [
       -8.7602688,
       38.3678218
      ],
      [
       -8.7794441,
       38.3574589
      ],
      [
       -8.7990834,
       38.3476481
      ],
      [
       -8.8191607,
       38.3384021
      ],
      [
       -8.8396497,
       38.3297331
      ],
      [
       -8.8605234,
       38.3216523
      ],
      [
       -8.8817545,
       38.3141704
      ],
      [
       -8.903315,
       38.3072971
      ],
      [
       -8.9251769,
       38.3010414
      ],
      [
       -8.9473114,
       38.2954114
      ],
      [
       -8.9696898,
       38.2904146
      ],
      [
       -8.9922826,
       38.2860573
      ],
      [
       -9.0150604,
       38.2823453
      ],
      [
       -9.0379935,
       38.2792835
      ],
      [
       -9.061052,
       38.2768757
      ],
      [
       -9.0842058,
       38.2751253
      ],
      [
       -9.1074247,
       38.2740343
      ],
      [
       -9.1306785,
       38.2736044
      ],
      [
       -9.1539368,
       38.273836
      ],
      [
       -9.1771694,
       38.2747288
      ],
      [
       -9.2003459,
       38.2762816
      ],
      [
       -9.2234361,
       38.2784925
      ],
      [
       -9.24641,
       38.2813586
      ],
      [
       -9.2692375,
       38.284876
      ],
      [
       -9.291889,
       38.2890404
      ],
      [
       -9.3143347,
       38.2938461
      ],
      [
       -9.3365454,
       38.2992869
      ],
      [
       -9.358492,
       38.3053558
      ],
      [
       -9.380146,
       38.3120447
      ],
      [
       -9.4014788,
       38.3193451
      ],
      [
       -9.4224626,
       38.3272473
      ],
      [
       -9.4430698,
       38.3357411
      ],
      [
       -9.4632733,
       38.3448152
      ],
      [
       -9.4830467,
       38.354458
      ],
      [
       -9.5023639,
       38.3646567
      ],
      [
       -9.5211994,
       38.375398
      ],
      [
       -9.5395284,
       38.3866679
      ],
      [
       -9.5573266,
       38.3984516
      ],
      [
       -9.5745704,
       38.4107337
      ],
      [
       -9.591237,
       38.4234981
      ],
      [
       -9.6073042,
       38.436728
      ],
      [
       -9.6227507,
       38.4504061
      ],
      [
       -9.6375557,
       38.4645145
      ],
      [
       -9.6516994,
       38.4790346
      ],
      [
       -9.6651629,
       38.4939473
      ],
      [
       -9.677928,
       38.509233
      ],
      [
       -9.6899776,
       38.5248717
      ],
      [
       -9.7012952,
       38.5408427
      ],
      [
       -9.7118655,
       38.557125
      ],
      [
       -9.7216739,
       38.5736971
      ],
      [
       -9.7307072,
       38.5905371
      ],
      [
       -9.7389527,
       38.6076229
      ],
      [
       -9.746399,
       38.6249319
      ],
      [
       -9.7530358,
       38.6424412
      ],
      [
       -9.7588535,
       38.6601276
      ],
      [
       -9.763844,
       38.6779677
      ],
      [
       -9.768,
       38.6959379
      ],
      [
       -9.7713153,
       38.7140143
      ],
      [
       -9.7737849,
       38.7321731
      ],
      [
       -9.7754049,
       38.75039
      ],
      [
       -9.7761725,
       38.7686408
      ],
      [
       -9.776086,
       38.7869013
      ],
      [
       -9.7751449,
       38.8051473
      ],
      [
       -9.7733497,
       38.8233543
      ],
      [
       -9.7669444,
       38.8411111
      ]
     ]
    ]
   }
  },
  {
   "type": "Feature",
   "properties": {
    "ll": {
     "value": 1000,
     "unit": 1,
     "referenceDatum": 0
    },
    "ul": {
     "value": 2000,
     "unit": 1,
     "referenceDatum": 1
    },
    "_id": "62614fdfcb27f425094602ec",
    "name": "LISBOA APPROACH SECTOR 2",
    "type": 0,
    "icao": 2,
    "bnd": [
     [
      38.6240924,
      -9.3254886
     ],
     [
      38.9242388,
      -8.9417542
     ]
    ]
   },
   "geometry": {
    "type": "Polygon",
    "coordinates": [
     [
      [
       -9.325,
       38.7677778
      ],
      [
       -9.3155276,
       38.7721018
      ],
      [
       -9.3058677,
       38.7772573
      ],
      [
       -9.2967144,
       38.7829475
      ],
      [
       -9.2881162,
       38.7891423
      ],
      [
       -9.280119,
       38.7958087
      ],
      [
       -9.2727653,
       38.8029115
      ],
      [
       -9.2660944,
       38.8104129
      ],
      [
       -9.2601419,
       38.8182731
      ],
      [
       -9.2555556,
       38.8266667
      ],
      [
       -9.2105556,
       38.9119444
      ],
      [
       -9.2081014,
       38.9127544
      ],
      [
       -9.1960797,
       38.9162841
      ],
      [
       -9.1837815,
       38.9191819
      ],
      [
       -9.1712618,
       38.9214349
      ],
      [
       -9.1585765,
       38.923033
      ],
      [
       -9.1457821,
       38.923969
      ],
      [
       -9.1329359,
       38.9242388
      ],
      [
       -9.1200952,
       38.9238412
      ],
      [
       -9.1073173,
       38.922778
      ],
      [
       -9.0946593,
       38.9210539
      ],
      [
       -9.0821778,
       38.9186765
      ],
      [
       -9.0699283,
       38.9156566
      ],
      [
       -9.0579657,
       38.9120076
      ],
      [
       -9.0463432,
       38.9077457
      ],
      [
       -9.0351127,
       38.9028901
      ],
      [
       -9.0243242,
       38.8974624
      ],
      [
       -9.0140256,
       38.8914867
      ],
      [
       -9.0042629,
       38.8849899
      ],
      [
       -8.9950794,
       38.8780007
      ],
      [
       -8.9865159,
       38.8705504
      ],
      [
       -8.9786103,
       38.8626722
      ],
      [
       -8.9713976,
       38.8544012
      ],
      [
       -8.9649097,
       38.8457742
      ],
      [
       -8.9591753,
       38.8368296
      ],
      [
       -8.9542195,
       38.8276073
      ],
      [
       -8.950064,
       38.8181483
      ],
      [
       -8.9467272,
       38.8084946
      ],
      [
       -8.9442234,
       38.7986891
      ],
      [
       -8.9425634,
       38.7887754
      ],
      [
       -8.9417542,
       38.7787976
      ],
      [
       -8.9417992,
       38.7687999
      ],
      [
       -8.9426976,
       38.7588268
      ],
      [
       -8.9444453,
       38.7489224
      ],
      [
       -8.947034,
       38.7391306
      ],
      [
       -8.950452,
       38.729495
      ],
      [
       -8.9546838,
       38.7200581
      ],
      [
       -8.9597103,
       38.7108617
      ],
      [
       -8.9655089,
       38.7019467
      ],
      [
       -8.9720539,
       38.6933523
      ],
      [
       -8.9793158,
       38.6851167
      ],
      [
       -8.9872624,
       38.6772763
      ],
      [
       -8.9958583,
       38.6698656
      ],
      [
       -9.0050653,
       38.6629176
      ],
      [
       -9.0148426,
       38.6564628
      ],
      [
       -9.0251469,
       38.6505298
      ],
      [
       -9.0359325,
       38.6451447
      ],
      [
       -9.0471517,
       38.6403314
      ],
      [
       -9.0587549,
       38.6361111
      ],
      [
       -9.0706908,
       38.6325025
      ],
      [
       -9.0829068,
       38.6295213
      ],
      [
       -9.0953489,
       38.6271808
      ],
      [
       -9.1079623,
       38.6254914
      ],
      [
       -9.1206912,
       38.6244604
      ],
      [
       -9.1334795,
       38.6240924
      ],
      [
       -9.1462708,
       38.624389
      ],
      [
       -9.1590088,
       38.625349
      ],
      [
       -9.1716372,
       38.6269681
      ],
      [
       -9.1841004,
       38.6292391
      ],
      [
       -9.1963432,
       38.632152
      ],
      [
       -9.2083118,
       38.635694
      ],
      [
       -9.2199532,
       38.6398495
      ],
      [
       -9.2312161,
       38.6446001
      ],
      [
       -9.2420506,
       38.6499248
      ],
      [
       -9.2524087,
       38.6558002
      ],
      [
       -9.2622447,
       38.6622003
      ],
      [
       -9.271515,
       38.6690968
      ],
      [
       -9.2801784,
       38.6764593
      ],
      [
       -9.2881965,
       38.6842553
      ],
      [
       -9.2955335,
       38.6924501
      ],
      [
       -9.3021569,
       38.7010078
      ],
      [
       -9.308037,
       38.7098903
      ],
      [
       -9.3131476,
       38.7190583
      ],
      [
       -9.3174656,
       38.7284714
      ],
      [
       -9.3209718,
       38.7380877
      ],
      [
       -9.3236502,
       38.7478648
      ],
      [
       -9.3254886,
       38.7577592
      ],
      [
       -9.325,
       38.7677778
      ]
     ]
    ]
   }
  },
  {
   "type": "Feature",
   "properties": {
    "ll": {
     "value": 55,
     "unit": 6,
     "referenceDatum": 2
    },
    "ul": {
     "value": 245,
     "unit": 6,
     "referenceDatum": 2
    },
    "_id": "62614fdfcb27f425094602fa",
    "name": "LISBOA TMA",
    "type": 0,
    "icao": 2,
    "bnd": [
     [
      38,
      -10
     ],
     [
      40.0332523,
      -8.0153138
     ]
    ]
   },
   "geometry": {
    "type": "Polygon",
    "coordinates": [
     [
      [
       -8.6513889,
       40.0125
      ],
      [
       -8.631973,
       40.0173799
      ],
      [
       -8.6123009,
       40.0216192
      ],
      [
       -8.592409,
       40.0252103
      ],
      [
       -8.5723337,
       40.0281465
      ],
      [
       -8.552112,
       40.0304223
      ],
      [
       -8.5317811,
       40.0320337
      ],
      [
       -8.5113784,
       40.0329776
      ],
      [
       -8.4909414,
       40.0332523
      ],
      [
       -8.4705078,
       40.0328573
      ],
      [
       -8.4501152,
       40.0317933
      ],
      [
       -8.4298011,
       40.0300623
      ],
      [
       -8.409603,
       40.0276675
      ],
      [
       -8.389558,
       40.0246132
      ],
      [
       -8.3697029,
       40.0209051
      ],
      [
       -8.3500742,
       40.0165501
      ],
      [
       -8.3307081,
       40.011556
      ],
      [
       -8.31164,
       40.0059322
      ],
      [
       -8.292905,
       39.999689
      ],
      [
       -8.2745374,
       39.9928378
      ],
      [
       -8.2565709,
       39.9853912
      ],
      [
       -8.2390383,
       39.9773629
      ],
      [
       -8.2219717,
       39.9687677
      ],
      [
       -8.2054022,
       39.9596213
      ],
      [
       -8.18936,
       39.9499406
      ],
      [
       -8.1738744,
       39.9397433
      ],
      [
       -8.1589734,
       39.929048
      ],
      [
       -8.1446842,
       39.9178745
      ],
      [
       -8.1310325,
       39.9062431
      ],
      [
       -8.118043,
       39.8941752
      ],
      [
       -8.1057392,
       39.8816928
      ],
      [
       -8.0941432,
       39.8688188
      ],
      [
       -8.0832757,
       39.8555768
      ],
      [
       -8.0731563,
       39.8419909
      ],
      [
       -8.0638028,
       39.8280858
      ],
      [
       -8.0552321,
       39.8138871
      ],
      [
       -8.047459,
       39.7994206
      ],
      [
       -8.0404974,
       39.7847127
      ],
      [
       -8.0343594,
       39.7697901
      ],
      [
       -8.0290556,
       39.75468
      ],
      [
       -8.0245951,
       39.73941
      ],
      [
       -8.0209855,
       39.7240077
      ],
      [
       -8.0182327,
       39.7085012
      ],
      [
       -8.0163412,
       39.6929185
      ],
      [
       -8.0153138,
       39.6772881
      ],
      [
       -8.0166667,
       39.6663889
      ],
      [
       -8.0166667,
       38.8333333
      ],
      [
       -8.4,
       38.3666667
      ],
      [
       -8.6736111,
       38.2002778
      ],
      [
       -8.7938889,
       38.1266667
      ],
      [
       -9,
       38
      ],
      [
       -10,
       38
      ],
      [
       -10,
       38.9
      ],
      [
       -9.4525,
       38.7591667
      ],
      [
       -9.4412547,
       38.7566142
      ],
      [
       -9.4298014,
       38.7547065
      ],
      [
       -9.4182007,
       38.7534535
      ],
      [
       -9.4065141,
       38.752862
      ],
      [
       -9.3948032,
       38.752935
      ],
      [
       -9.3831302,
       38.7536722
      ],
      [
       -9.3715567,
       38.7550697
      ],
      [
       -9.3601439,
       38.7571201
      ],
      [
       -9.3489523,
       38.7598125
      ],
      [
       -9.3380411,
       38.7631327
      ],
      [
       -9.327468,
       38.7670631
      ],
      [
       -9.3172891,
       38.7715829
      ],
      [
       -9.3075584,
       38.7766682
      ],
      [
       -9.2983275,
       38.7822921
      ],
      [
       -9.2896453,
       38.7884247
      ],
      [
       -9.2880556,
       38.79
      ],
      [
       -9.2801119,
       38.7967018
      ],
      [
       -9.2728152,
       38.8038369
      ],
      [
       -9.2662044,
       38.8113675
      ],
      [
       -9.2603147,
       38.8192534
      ],
      [
       -9.2551778,
       38.8274528
      ],
      [
       -9.2552778,
       38.8277778
      ],
      [
       -9.1908333,
       38.9486111
      ],
      [
       -9.1844444,
       38.9605556
      ],
      [
       -9.0902778,
       39.1361111
      ],
      [
       -8.9180556,
       39.3486111
      ],
      [
       -8.7163889,
       39.6013889
      ],
      [
       -8.6180556,
       39.7236111
      ],
      [
       -8.6513889,
       40.0125
      ]
     ]
    ]
   }
  },
  {
   "type": "Feature",
   "properties": {
    "ll": {
     "value": 0,
     "unit": 1,
     "referenceDatum": 0
    },
    "ul": {
     "value": 240,
     "unit": 6,
     "referenceDatum": 2
    },
    "_id": "62614fdfcb27f4250946032e",
    "name": "LP-D10 ALCOCHETE AMC",
    "type": 2,
    "icao": 7,
    "bnd": [
     [
      38.7319444,
      -8.8888889
     ],
     [
      38.8208333,
      -8.6805556
     ]
    ]
   },
   "geometry": {
    "type": "Polygon",
    "coordinates": [
     [
      [
       -8.8888889,
       38.8208333
      ],
      [
       -8.6805556,
       38.8208333
      ],
      [
       -8.6805556,
       38.7436111
      ],
      [
       -8.7180556,
       38.7319444
      ],
      [
       -8.8097222,
       38.7319444
      ],
      [
       -8.8888889,
       38.7622222
      ],
      [
       -8.8888889,
       38.8208333
      ]
     ]
    ]
   }
  },
  {
   "type": "Feature",
   "properties": {
    "ll": {
     "value": 0,
     "unit": 1,
     "referenceDatum": 0
    },
    "ul": {
     "value": 14000,
     "unit": 1,
     "referenceDatum": 1
    },
    "_id": "62614fdfcb27f4250946033c",
    "name": "LP-D25 SANTA MARGARIDA",
    "type": 2,
    "icao": 7,
    "bnd": [
     [
      39.3069444,
      -8.3597222
     ],
     [
      39.4097222,
      -8.1583333
     ]
    ]
   },
   "geometry": {
    "type": "Polygon",
    "coordinates": [
     [
      [
       -8.3597222,
       39.4097222
      ],
      [
       -8.2513889,
       39.4097222
      ],
      [
       -8.1583333,
       39.3069444
      ],
      [
       -8.3583333,
       39.3069444
      ],
      [
       -8.3597222,
       39.4097222
      ]
     ]
    ]
   }
  },
  {
   "type": "Feature",
   "properties": {
    "ll": {
     "value": 0,
     "unit": 1,
     "referenceDatum": 0
    },
    "ul": {
     "value": 3300,
     "unit": 1,
     "referenceDatum": 1
    },
    "_id": "62614fdfcb27f42509460349",
    "name": "LP-D28A VENDAS NOVAS",
    "type": 2,
    "icao": 7,
    "bnd": [
     [
      38.6736111,
      -8.5525
     ],
     [
      38.7458333,
      -8.3294444
     ]
    ]
   },
   "geometry": {
    "type": "Polygon",
    "coordinates": [
     [
      [
       -8.5525,
       38.7152778
      ],
      [
       -8.4761111,
       38.7458333
      ],
      [
       -8.3294444,
       38.7458333
      ],
      [
       -8.3294444,
       38.7152778
      ],
      [
       -8.5233333,
       38.7152778
      ],
      [
       -8.5233333,
       38.6736111
      ],
      [
       -8.5525,
       38.6736111
      ],
      [
       -8.5525,
       38.7152778
      ]
     ]
    ]
   }
  },
  {
   "type": "Feature",
   "properties": {
    "ll": {
     "value": 0,
     "unit": 1,
     "referenceDatum": 0
    },
    "ul": {
     "value": 5700,
     "unit": 1,
     "referenceDatum": 1
    },
    "_id": "62614fdfcb27f42509460356",
    "name": "LP-D28B VENDAS NOVAS MON-FRI",
    "type": 2,
    "icao": 7,
    "bnd": [
     [
      38.6458333,
      -8.5233333
     ],
     [
      38.7152778,
      -8.3294444
     ]
    ]
   },
   "geometry": {
    "type": "Polygon",
    "coordinates": [
     [
      [
       -8.5233333,
       38.7152778
      ],
      [
       -8.3294444,
       38.7152778
      ],
      [
       -8.3294444,
       38.6458333
      ],
      [
       -8.3969444,
       38.6458333
      ],
      [
       -8.4552778,
       38.6736111
      ],
      [
       -8.5233333,
       38.6736111
      ],
      [
       -8.5233333,
       38.7152778
      ]
     ]
    ]
   }
  },
  {
   "type": "Feature",
   "properties": {
    "ll": {
     "value": 0,
     "unit": 1,
     "referenceDatum": 0
    },
    "ul": {
     "value": 500,
     "unit": 6,
     "referenceDatum": 2
    },
    "_id": "62614fdfcb27f42509460362",
    "name": "LP-D37 SEA NNW OF MONTE REAL (NOTAM)",
    "type": 2,
    "icao": 7,
    "bnd": [
     [
      40.1488889,
      -9.4425
     ],
     [
      40.6488889,
      -9.0011111
     ]
    ]
   },
   "geometry": {
    "type": "Polygon",
    "coordinates": [
     [
      [
       -9.2513889,
       40.6488889
      ],
      [
       -9.0011111,
       40.625
      ],
      [
       -9.1180556,
       40.1488889
      ],
      [
       -9.4425,
       40.1997222
      ],
      [
       -9.3680556,
       40.3822222
      ],
      [
       -9.2513889,
       40.6488889
      ]
     ]
    ]
   }
  },
  {
   "type": "Feature",
   "properties": {
    "ll": {
     "value": 5000,
     "unit": 1,
     "referenceDatum": 1
    },
    "ul": {
     "value": 999,
     "unit": 6,
     "referenceDatum": 2
    },
    "_id": "62614fe0cb27f42509460370",
    "name": "LP-D48S SEA SW OF MONTE REAL H24",
    "type": 2,
    "icao": 7,
    "bnd": [
     [
      39.1652778,
      -11.1180556
     ],
     [
      40.3333333,
      -9.8894444
     ]
    ]
   },
   "geometry": {
    "type": "Polygon",
    "coordinates": [
     [
      [
       -10.3930556,
       40.3333333
      ],
      [
       -9.8894444,
       40.3333333
      ],
      [
       -10.095,
       39.8533333
      ],
      [
       -10.3080556,
       39.3486111
      ],
      [
       -10.3847222,
       39.1652778
      ],
      [
       -11.1180556,
       39.4152778
      ],
      [
       -10.6544444,
       40.0055556
      ],
      [
       -10.3930556,
       40.3333333
      ]
     ]
    ]
   }
  },
  {
   "type": "Feature",
   "properties": {
    "ll": {
     "value": 0,
     "unit": 1,
     "referenceDatum": 0
    },
    "ul": {
     "value": 350,
     "unit": 6,
     "referenceDatum": 2
    },
    "_id": "62614fe0cb27f4250946037d",
    "name": "LP-D53 SEA W OF PENICHE (NOTAM)",
    "type": 2,
    "icao": 7,
    "bnd": [
     [
      39.1652778,
      -11.1180556
     ],
     [
      40.0055556,
      -10.095
     ]
    ]
   },
   "geometry": {
    "type": "Polygon",
    "coordinates": [
     [
      [
       -10.6544444,
       40.0055556
      ],
      [
       -10.095,
       39.8533333
      ],
      [
       -10.3080556,
       39.3486111
      ],
      [
       -10.3847222,
       39.1652778
      ],
      [
       -11.1180556,
       39.4152778
      ],
      [
       -10.6544444,
       40.0055556
      ]
     ]
    ]
   }
  },
  {
   "type": "Feature",
   "properties": {
    "ll": {
     "value": 0,
     "unit": 1,
     "referenceDatum": 0
    },
    "ul": {
     "value": 85,
     "unit": 6,
     "referenceDatum": 2
    },
    "_id": "62614fe0cb27f4250946038b",
    "name": "LP-D62 SEA NW OF SANTIAGO DO CACEM SR-SS",
    "type": 2,
    "icao": 7,
    "bnd": [
     [
      38,
      -9.2
     ],
     [
      38.1666667,
      -9
     ]
    ]
   },
   "geometry": {
    "type": "Polygon",
    "coordinates": [
     [
      [
       -9.2,
       38.1666667
      ],
      [
       -9,
       38.1666667
      ],
      [
       -9,
       38
      ],
      [
       -9.2,
       38
      ],
      [
       -9.2,
       38.1666667
      ]
     ]
    ]
   }
  },
  {
   "type": "Feature",
   "properties": {
    "ll": {
     "value": 0,
     "unit": 1,
     "referenceDatum": 0
    },
    "ul": {
     "value": 500,
     "unit": 6,
     "referenceDatum": 2
    },
    "_id": "62614fe0cb27f42509460397",
    "name": "LP-D63 SEA W OF SAGRES H24",
    "type": 2,
    "icao": 7,
    "bnd": [
     [
      36.1605556,
      -10.7236111
     ],
     [
      37.9727778,
      -8.9097222
     ]
    ]
   },
   "geometry": {
    "type": "Polygon",
    "coordinates": [
     [
      [
       -9.4047222,
       37.9727778
      ],
      [
       -8.9097222,
       37.675
      ],
      [
       -10.0705556,
       36.1605556
      ],
      [
       -10.7236111,
       36.5491667
      ],
      [
       -9.4047222,
       37.9727778
      ]
     ]
    ]
   }
  },
  {
   "type": "Feature",
   "properties": {
    "ll": {
     "value": 2000,
     "unit": 1,
     "referenceDatum": 1
    },
    "ul": {
     "value": 245,
     "unit": 6,
     "referenceDatum": 2
    },
    "_id": "62614fe0cb27f425094603a3",
    "name": "LP-D64 SEA/COASTAL OF SAGRES H24",
    "type": 2,
    "icao": 7,
    "bnd": [
     [
      36.1605556,
      -10.0705556
     ],
     [
      37.675,
      -8.5166667
     ]
    ]
   },
   "geometry": {
    "type": "Polygon",
    "coordinates": [
     [
      [
       -8.9097222,
       37.675
      ],
      [
       -8.5166667,
       37.4333333
      ],
      [
       -9.5452778,
       36.1619444
      ],
      [
       -10.0705556,
       36.1605556
      ],
      [
       -8.9097222,
       37.675
      ]
     ]
    ]
   }
  },
  {
   "type": "Feature",
   "properties": {
    "ll": {
     "value": 0,
     "unit": 1,
     "referenceDatum": 0
    },
    "ul": {
     "value": 1000,
     "unit": 1,
     "referenceDatum": 1
    },
    "_id": "62614fe0cb27f425094603b0",
    "name": "LP-D65 PINHEIRO DA CRUZ MON-FRI",
    "type": 2,
    "icao": 7,
    "bnd": [
     [
      38.2166667,
      -8.85
     ],
     [
      38.3,
      -8.75
     ]
    ]
   },
   "geometry": {
    "type": "Polygon",
    "coordinates": [
     [
      [
       -8.85,
       38.3
      ],
      [
       -8.75,
       38.3
      ],
      [
       -8.75,
       38.2166667
      ],
      [
       -8.85,
       38.2166667
      ],
      [
       -8.85,
       38.3
      ]
     ]
    ]
   }
  },
  {
   "type": "Feature",
   "properties": {
    "ll": {
     "value": 0,
     "unit": 1,
     "referenceDatum": 0
    },
    "ul": {
     "value": 240,
     "unit": 6,
     "referenceDatum": 2
    },
    "_id": "62614fe0cb27f425094603bd",
    "name": "LP-D66 ALCOCHETE MON-FRI",
    "type": 2,
    "icao": 7,
    "bnd": [
     [
      38.7380556,
      -8.8833333
     ],
     [
      38.7872222,
      -8.7011111
     ]
    ]
   },
   "geometry": {
    "type": "Polygon",
    "coordinates": [
     [
      [
       -8.8833333,
       38.7872222
      ],
      [
       -8.7011111,
       38.7872222
      ],
      [
       -8.7011111,
       38.7380556
      ],
      [
       -8.8091667,
       38.7380556
      ],
      [
       -8.8833333,
       38.7672222
      ],
      [
       -8.8833333,
       38.7872222
      ]
     ]
    ]
   }
  },
  {
   "type": "Feature",
   "properties": {
    "ll": {
     "value": 4000,
     "unit": 1,
     "referenceDatum": 1
    },
    "ul": {
     "value": 300,
     "unit": 6,
     "referenceDatum": 2
    },
    "_id": "62614fe0cb27f425094603ca",
    "name": "LP-D67 SEA W OF MONTE REAL H24",
    "type": 2,
    "icao": 7,
    "bnd": [
     [
      39.3486111,
      -10.3080556
     ],
     [
      40.6822222,
      -9.2513889
     ]
    ]
   },
   "geometry": {
    "type": "Polygon",
    "coordinates": [
     [
      [
       -9.7347222,
       40.6822222
      ],
      [
       -9.2513889,
       40.6488889
      ],
      [
       -9.4425,
       40.1997222
      ],
      [
       -9.7847222,
       39.3486111
      ],
      [
       -10.3080556,
       39.3486111
      ],
      [
       -10.095,
       39.8533333
      ],
      [
       -9.8894444,
       40.3333333
      ],
      [
       -9.7347222,
       40.6822222
      ]
     ]
    ]
   }
  },
  {
   "type": "Feature",
   "properties": {
    "ll": {
     "value": 0,
     "unit": 1,
     "referenceDatum": 0
    },
    "ul": {
     "value": 2000,
     "unit": 1,
     "referenceDatum": 1
    },
    "_id": "62614fe1cb27f42509460418",
    "name": "LP-P2 PINHAL DO ARNEIRO H24",
    "type": 3,
    "icao": 7,
    "bnd": [
     [
      38.5333333,
      -9.1427778
     ],
     [
      38.5763889,
      -9.1005556
     ]
    ]
   },
   "geometry": {
    "type": "Polygon",
    "coordinates": [
     [
      [
       -9.1427778,
       38.5763889
      ],
      [
       -9.1005556,
       38.5763889
      ],
      [
       -9.1005556,
       38.5333333
      ],
      [
       -9.1427778,
       38.5333333
      ],
      [
       -9.1427778,
       38.5763889
      ]
     ]
    ]
   }
  },
  {
   "type": "Feature",
   "properties": {
    "ll": {
     "value": 0,
     "unit": 1,
     "referenceDatum": 0
    },
    "ul": {
     "value": 3400,
     "unit": 1,
     "referenceDatum": 0
    },
    "_id": "62614fe1cb27f42509460459",
    "name": "LP-R24C PARC NAT DE PENEDA H24",
    "type": 1,
    "icao": 7,
    "bnd": [
     [
      41.6711111,
      -8.4097222
     ],
     [
      42.0833333,
      -7.875
     ]
    ]
   },
   "geometry": {
    "type": "Polygon",
    "coordinates": [
     [
      [
       -8.1833333,
       42.0666667
      ],
      [
       -8.1333333,
       42.0777778
      ],
      [
       -8.0833333,
       42.0611111
      ],
      [
       -8.0833333,
       42.0166667
      ],
      [
       -8.15,
       41.9833333
      ],
      [
       -8.2083333,
       41.9055556
      ],
      [
       -8.1916667,
       41.8833333
      ],
      [
       -8.1666667,
       41.8833333
      ],
      [
       -8.15,
       41.8166667
      ],
      [
       -8.0666667,
       41.8027778
      ],
      [
       -7.975,
       41.8666667
      ],
      [
       -7.9111111,
       41.8833333
      ],
      [
       -7.9055556,
       41.925
      ],
      [
       -7.875,
       41.925
      ],
      [
       -7.8847222,
       41.8541667
      ],
      [
       -7.8847222,
       41.7988889
      ],
      [
       -8.0180556,
       41.6905556
      ],
      [
       -8.1930556,
       41.6711111
      ],
      [
       -8.3347222,
       41.8155556
      ],
      [
       -8.2763889,
       41.8655556
      ],
      [
       -8.4097222,
       41.9266667
      ],
      [
       -8.3847222,
       41.9544444
      ],
      [
       -8.3097222,
       42.0833333
      ],
      [
       -8.1833333,
       42.0833333
      ],
      [
       -8.1833333,
       42.0666667
      ]
     ]
    ]
   }
  },
  {
   "type": "Feature",
   "properties": {
    "ll": {
     "value": 0,
     "unit": 1,
     "referenceDatum": 0
    },
    "ul": {
     "value": 2000,
     "unit": 1,
     "referenceDatum": 1
    },
    "_id": "62614fe1cb27f42509460466",
    "name": "LP-R26A MONTIJO H24",
    "type": 1,
    "icao": 7,
    "bnd": [
     [
      38.5486111,
      -9.1430556
     ],
     [
      38.7986111,
      -8.5844444
     ]
    ]
   },
   "geometry": {
    "type": "Polygon",
    "coordinates": [
     [
      [
       -9.0119444,
       38.7986111
      ],
      [
       -8.5847222,
       38.7986111
      ],
      [
       -8.5844444,
       38.5486111
      ],
      [
       -9.1180556,
       38.5486111
      ],
      [
       -9.1413889,
       38.6786111
      ],
      [
       -9.1430556,
       38.6966667
      ],
      [
       -9.0119444,
       38.7986111
      ]
     ]
    ]
   }
  },
  {
   "type": "Feature",
   "properties": {
    "ll": {
     "value": 0,
     "unit": 1,
     "referenceDatum": 0
    },
    "ul": {
     "value": 55,
     "unit": 6,
     "referenceDatum": 2
    },
    "_id": "62614fe2cb27f42509460474",
    "name": "LP-R39A TANCOS NOTAM",
    "type": 1,
    "icao": 7,
    "bnd": [
     [
      39.3555556,
      -8.6625
     ],
     [
      39.7822222,
      -8.1263889
     ]
    ]
   },
   "geometry": {
    "type": "Polygon",
    "coordinates": [
     [
      [
       -8.6625,
       39.5777778
      ],
      [
       -8.2013889,
       39.7822222
      ],
      [
       -8.1263889,
       39.4155556
      ],
      [
       -8.6055556,
       39.3555556
      ],
      [
       -8.6625,
       39.5777778
      ]
     ]
    ]
   }
  },
  {
   "type": "Feature",
   "properties": {
    "ll": {
     "value": 0,
     "unit": 1,
     "referenceDatum": 0
    },
    "ul": {
     "value": 2000,
     "unit": 1,
     "referenceDatum": 1
    },
    "_id": "62614fe2cb27f4250946047f",
    "name": "LP-R40A OVAR H24",
    "type": 1,
    "icao": 7,
    "bnd": [
     [
      40.8233333,
      -8.9847222
     ],
     [
      41.0666667,
      -8.5013889
     ]
    ]
   },
   "geometry": {
    "type": "Polygon",
    "coordinates": [
     [
      [
       -8.9847222,
       41.0666667
      ],
      [
       -8.5013889,
       41.0666667
      ],
      [
       -8.5013889,
       40.8233333
      ],
      [
       -8.9847222,
       40.8233333
      ],
      [
       -8.9847222,
       41.0666667
      ]
     ]
    ]
   }
  },
  {
   "type": "Feature",
   "properties": {
    "ll": {
     "value": 1000,
     "unit": 1,
     "referenceDatum": 1
    },
    "ul": {
     "value": 55,
     "unit": 6,
     "referenceDatum": 2
    },
    "_id": "62614fe2cb27f4250946049c",
    "name": "LP-R40BS OVAR H24",
    "type": 1,
    "icao": 7,
    "bnd": [
     [
      40.3961111,
      -8.9847222
     ],
     [
      40.7333333,
      -8.5013889
     ]
    ]
   },
   "geometry": {
    "type": "Polygon",
    "coordinates": [
     [
      [
       -8.5013889,
       40.3961111
      ],
      [
       -8.9847222,
       40.3961111
      ],
      [
       -8.9847222,
       40.7333333
      ],
      [
       -8.5013889,
       40.7333333
      ],
      [
       -8.5013889,
       40.3961111
      ]
     ]
    ]
   }
  },
  {
   "type": "Feature",
   "properties": {
    "ll": {
     "value": 0,
     "unit": 1,
     "referenceDatum": 0
    },
    "ul": {
     "value": 3000,
     "unit": 1,
     "referenceDatum": 1
    },
    "_id": "62614fe2cb27f425094604a7",
    "name": "LP-R42A SINTRA H24",
    "type": 1,
    "icao": 7,
    "bnd": [
     [
      38.75314,
      -9.5623171
     ],
     [
      39.0029712,
      -9.2415843
     ]
    ]
   },
   "geometry": {
    "type": "Polygon",
    "coordinates": [
     [
      [
       -9.4019444,
       39.0029712
      ],
      [
       -9.3902153,
       39.0026376
      ],
      [
       -9.378549,
       39.0016386
      ],
      [
       -9.367008,
       38.9999796
      ],
      [
       -9.3556544,
       38.9976695
      ],
      [
       -9.3445487,
       38.9947206
      ],
      [
       -9.3337506,
       38.9911488
      ],
      [
       -9.3233178,
       38.9869732
      ],
      [
       -9.3133061,
       38.9822161
      ],
      [
       -9.3037691,
       38.976903
      ],
      [
       -9.2947577,
       38.9710624
      ],
      [
       -9.28632,
       38.9647256
      ],
      [
       -9.278501,
       38.9579264
      ],
      [
       -9.2713424,
       38.9507012
      ],
      [
       -9.2648823,
       38.9430887
      ],
      [
       -9.2591549,
       38.9351296
      ],
      [
       -9.2541906,
       38.9268664
      ],
      [
       -9.2500157,
       38.9183433
      ],
      [
       -9.2466522,
       38.9096059
      ],
      [
       -9.2441178,
       38.9007006
      ],
      [
       -9.2424256,
       38.8916752
      ],
      [
       -9.2415843,
       38.8825777
      ],
      [
       -9.2415982,
       38.8734567
      ],
      [
       -9.2424668,
       38.8643608
      ],
      [
       -9.2441852,
       38.8553384
      ],
      [
       -9.2467439,
       38.8464378
      ],
      [
       -9.2501289,
       38.8377061
      ],
      [
       -9.254322,
       38.82919
      ],
      [
       -9.2593005,
       38.8209347
      ],
      [
       -9.2650376,
       38.8129842
      ],
      [
       -9.2715028,
       38.8053807
      ],
      [
       -9.2786612,
       38.7981646
      ],
      [
       -9.2864747,
       38.7913744
      ],
      [
       -9.2949016,
       38.7850461
      ],
      [
       -9.303897,
       38.7792133
      ],
      [
       -9.313413,
       38.7739069
      ],
      [
       -9.3233989,
       38.7691551
      ],
      [
       -9.3338016,
       38.7649833
      ],
      [
       -9.344566,
       38.7614134
      ],
      [
       -9.3556347,
       38.7584645
      ],
      [
       -9.3669491,
       38.7561521
      ],
      [
       -9.3784492,
       38.7544886
      ],
      [
       -9.3900739,
       38.7534828
      ],
      [
       -9.4017615,
       38.75314
      ],
      [
       -9.4134501,
       38.753462
      ],
      [
       -9.4250777,
       38.7544472
      ],
      [
       -9.4365825,
       38.7560902
      ],
      [
       -9.4479037,
       38.7583824
      ],
      [
       -9.458981,
       38.7613117
      ],
      [
       -9.4697558,
       38.7648624
      ],
      [
       -9.4801707,
       38.7690158
      ],
      [
       -9.4901704,
       38.7737497
      ],
      [
       -9.4997019,
       38.7790391
      ],
      [
       -9.5087143,
       38.784856
      ],
      [
       -9.5171597,
       38.7911693
      ],
      [
       -9.524993,
       38.7979456
      ],
      [
       -9.5321725,
       38.8051489
      ],
      [
       -9.5386599,
       38.8127409
      ],
      [
       -9.5444203,
       38.8206812
      ],
      [
       -9.549423,
       38.8289276
      ],
      [
       -9.553641,
       38.8374362
      ],
      [
       -9.5570516,
       38.8461618
      ],
      [
       -9.5596363,
       38.855058
      ],
      [
       -9.5613812,
       38.8640772
      ],
      [
       -9.5622764,
       38.8731716
      ],
      [
       -9.5623171,
       38.8822925
      ],
      [
       -9.5615026,
       38.8913915
      ],
      [
       -9.5598369,
       38.9004199
      ],
      [
       -9.5573286,
       38.9093296
      ],
      [
       -9.5539908,
       38.9180731
      ],
      [
       -9.5498409,
       38.9266036
      ],
      [
       -9.544901,
       38.9348755
      ],
      [
       -9.539197,
       38.9428448
      ],
      [
       -9.5327593,
       38.9504688
      ],
      [
       -9.525622,
       38.9577066
      ],
      [
       -9.517823,
       38.9645197
      ],
      [
       -9.509404,
       38.9708716
      ],
      [
       -9.5004099,
       38.9767282
      ],
      [
       -9.4908885,
       38.9820582
      ],
      [
       -9.4808909,
       38.9868331
      ],
      [
       -9.4704705,
       38.9910273
      ],
      [
       -9.4596829,
       38.9946183
      ],
      [
       -9.448586,
       38.9975869
      ],
      [
       -9.4372391,
       38.9999172
      ],
      [
       -9.4257031,
       39.0015967
      ],
      [
       -9.4140398,
       39.0026164
      ],
      [
       -9.4023116,
       39.0029708
      ],
      [
       -9.4019444,
       39.0029712
      ]
     ]
    ]
   }
  },
  {
   "type": "Feature",
   "properties": {
    "ll": {
     "value": 1000,
     "unit": 1,
     "referenceDatum": 0
    },
    "ul": {
     "value": 245,
     "unit": 6,
     "referenceDatum": 2
    },
    "_id": "62614fe2cb27f425094604b4",
    "name": "LP-R42B SINTRA",
    "type": 1,
    "icao": 7,
    "bnd": [
     [
      38.7528026,
      -10
     ],
     [
      39.3486111,
      -8.9180556
     ]
    ]
   },
   "geometry": {
    "type": "Polygon",
    "coordinates": [
     [
      [
       -9.7847222,
       39.3486111
      ],
      [
       -8.9180556,
       39.3486111
      ],
      [
       -9.0902778,
       39.1361111
      ],
      [
       -9.1844444,
       38.9605556
      ],
      [
       -9.1908333,
       38.9486111
      ],
      [
       -9.2552778,
       38.8277778
      ],
      [
       -9.2600205,
       38.8194427
      ],
      [
       -9.2658676,
       38.8115382
      ],
      [
       -9.2724379,
       38.8039869
      ],
      [
       -9.2796961,
       38.7968287
      ],
      [
       -9.2876036,
       38.7901018
      ],
      [
       -9.2961181,
       38.7838417
      ],
      [
       -9.3051943,
       38.7780819
      ],
      [
       -9.3147839,
       38.7728527
      ],
      [
       -9.3248359,
       38.768182
      ],
      [
       -9.3352969,
       38.7640946
      ],
      [
       -9.3461114,
       38.7606121
      ],
      [
       -9.3572219,
       38.757753
      ],
      [
       -9.3685696,
       38.7555325
      ],
      [
       -9.3800941,
       38.7539622
      ],
      [
       -9.3917346,
       38.7530507
      ],
      [
       -9.4034291,
       38.7528026
      ],
      [
       -9.4151158,
       38.7532193
      ],
      [
       -9.4267326,
       38.7542986
      ],
      [
       -9.4382181,
       38.7560348
      ],
      [
       -9.4495112,
       38.7584186
      ],
      [
       -9.4525,
       38.7591667
      ],
      [
       -10,
       38.9
      ],
      [
       -9.7847222,
       39.3486111
      ]
     ]
    ]
   }
  },
  {
   "type": "Feature",
   "properties": {
    "ll": {
     "value": 0,
     "unit": 1,
     "referenceDatum": 0
    },
    "ul": {
     "value": 2000,
     "unit": 1,
     "referenceDatum": 1
    },
    "_id": "62614fe2cb27f425094604bf",
    "name": "LP-R43C OTA NOTAM",
    "type": 1,
    "icao": 7,
    "bnd": [
     [
      38.9486111,
      -9.1908333
     ],
     [
      39.3486111,
      -8.7930556
     ]
    ]
   },
   "geometry": {
    "type": "Polygon",
    "coordinates": [
     [
      [
       -8.9180556,
       39.3486111
      ],
      [
       -8.7930556,
       38.9486111
      ],
      [
       -9.1908333,
       38.9486111
      ],
      [
       -9.1844444,
       38.9605556
      ],
      [
       -9.0902778,
       39.1361111
      ],
      [
       -8.9180556,
       39.3486111
      ]
     ]
    ]
   }
  },
  {
   "type": "Feature",
   "properties": {
    "ll": {
     "value": 0,
     "unit": 1,
     "referenceDatum": 0
    },
    "ul": {
     "value": 1500,
     "unit": 1,
     "referenceDatum": 1
    },
    "_id": "62614fe2cb27f425094604ce",
    "name": "LP-R44A ALVERCA H24",
    "type": 1,
    "icao": 7,
    "bnd": [
     [
      38.8136111,
      -9.0830556
     ],
     [
      38.9444444,
      -8.935
     ]
    ]
   },
   "geometry": {
    "type": "Polygon",
    "coordinates": [
     [
      [
       -9.0025,
       38.9444444
      ],
      [
       -8.935,
       38.9094444
      ],
      [
       -9.0155556,
       38.8136111
      ],
      [
       -9.0830556,
       38.8486111
      ],
      [
       -9.0025,
       38.9444444
      ]
     ]
    ]
   }
  },
  {
   "type": "Feature",
   "properties": {
    "ll": {
     "value": 0,
     "unit": 1,
     "referenceDatum": 0
    },
    "ul": {
     "value": 3000,
     "unit": 1,
     "referenceDatum": 1
    },
    "_id": "62614fe2cb27f425094604dc",
    "name": "LP-R51A BEJA H24",
    "type": 1,
    "icao": 7,
    "bnd": [
     [
      37.8861111,
      -8.0622222
     ],
     [
      38.2652778,
      -7.8011111
     ]
    ]
   },
   "geometry": {
    "type": "Polygon",
    "coordinates": [
     [
      [
       -8.0177778,
       38.2652778
      ],
      [
       -7.8011111,
       38.2486111
      ],
      [
       -7.805,
       38.2175
      ],
      [
       -7.8455556,
       37.8861111
      ],
      [
       -8.0622222,
       37.8986111
      ],
      [
       -8.0177778,
       38.2652778
      ]
     ]
    ]
   }
  },
  {
   "type": "Feature",
   "properties": {
    "ll": {
     "value": 1000,
     "unit": 1,
     "referenceDatum": 0
    },
    "ul": {
     "value": 250,
     "unit": 6,
     "referenceDatum": 2
    },
    "_id": "62614fe3cb27f425094604e8",
    "name": "LP-R51BN BEJA H24",
    "type": 1,
    "icao": 7,
    "bnd": [
     [
      38.1152778,
      -8.2677778
     ],
     [
      38.55,
      -6.9325
     ]
    ]
   },
   "geometry": {
    "type": "Polygon",
    "coordinates": [
     [
      [
       -8.0488889,
       38.5486111
      ],
      [
       -7.2888889,
       38.55
      ],
      [
       -7.3333333,
       38.5
      ],
      [
       -7.3138889,
       38.4805556
      ],
      [
       -7.2958333,
       38.4847222
      ],
      [
       -7.3291667,
       38.4388889
      ],
      [
       -7.2833333,
       38.425
      ],
      [
       -7.0716667,
       38.1755556
      ],
      [
       -7.0025,
       38.2066667
      ],
      [
       -6.9325,
       38.2136111
      ],
      [
       -6.9736111,
       38.1166667
      ],
      [
       -6.9702778,
       38.125
      ],
      [
       -8.1711111,
       38.1152778
      ],
      [
       -8.2677778,
       38.3486111
      ],
      [
       -8.0488889,
       38.5486111
      ]
     ]
    ]
   }
  },
  {
   "type": "Feature",
   "properties": {
    "ll": {
     "value": 1000,
     "unit": 1,
     "referenceDatum": 0
    },
    "ul": {
     "value": 250,
     "unit": 6,
     "referenceDatum": 2
    },
    "_id": "62614fe3cb27f425094604f7",
    "name": "LP-R51BS BEJA H24",
    "type": 1,
    "icao": 7,
    "bnd": [
     [
      37.4152778,
      -8.1711111
     ],
     [
      38.125,
      -6.9702778
     ]
    ]
   },
   "geometry": {
    "type": "Polygon",
    "coordinates": [
     [
      [
       -8.1711111,
       38.1152778
      ],
      [
       -6.9702778,
       38.125
      ],
      [
       -6.9736111,
       38.1166667
      ],
      [
       -7,
       38.0833333
      ],
      [
       -6.99,
       38.0333333
      ],
      [
       -7.0386111,
       38.0186111
      ],
      [
       -7.095,
       38.0408333
      ],
      [
       -7.1333333,
       38.0013889
      ],
      [
       -7.1944444,
       38.0083333
      ],
      [
       -7.2469444,
       37.9891667
      ],
      [
       -7.2761111,
       37.8861111
      ],
      [
       -7.3222222,
       37.8166667
      ],
      [
       -7.4036111,
       37.7661111
      ],
      [
       -7.5069444,
       37.5652778
      ],
      [
       -7.5,
       37.5597222
      ],
      [
       -7.5194444,
       37.5583333
      ],
      [
       -7.5111111,
       37.5263889
      ],
      [
       -7.4902778,
       37.5208333
      ],
      [
       -7.4397222,
       37.4175
      ],
      [
       -7.8844444,
       37.4152778
      ],
      [
       -7.9586111,
       37.5975
      ],
      [
       -8.1458333,
       38.0538889
      ],
      [
       -8.1711111,
       38.1152778
      ]
     ]
    ]
   }
  },
  {
   "type": "Feature",
   "properties": {
    "ll": {
     "value": 1000,
     "unit": 1,
     "referenceDatum": 0
    },
    "ul": {
     "value": 5500,
     "unit": 1,
     "referenceDatum": 1
    },
    "_id": "62614fe3cb27f42509460501",
    "name": "LP-R51C BEJA H24",
    "type": 1,
    "icao": 7,
    "bnd": [
     [
      37.5975,
      -8.4013889
     ],
     [
      38.0538889,
      -7.9586111
     ]
    ]
   },
   "geometry": {
    "type": "Polygon",
    "coordinates": [
     [
      [
       -8.1458333,
       38.0538889
      ],
      [
       -7.9586111,
       37.5975
      ],
      [
       -8.4013889,
       37.7986111
      ],
      [
       -8.1458333,
       38.0538889
      ]
     ]
    ]
   }
  },
  {
   "type": "Feature",
   "properties": {
    "ll": {
     "value": 0,
     "unit": 1,
     "referenceDatum": 0
    },
    "ul": {
     "value": 4500,
     "unit": 1,
     "referenceDatum": 1
    },
    "_id": "62614fe3cb27f42509460510",
    "name": "LP-R52C ILHAS SELVAGENS H24",
    "type": 1,
    "icao": 7,
    "bnd": [
     [
      29.831213,
      -16.2581837
     ],
     [
      30.3425845,
      -15.6372164
     ]
    ]
   },
   "geometry": {
    "type": "Polygon",
    "coordinates": [
     [
      [
       -16.0138889,
       30.2983333
      ],
      [
       -16.0032427,
       30.305319
      ],
      [
       -15.9921462,
       30.311762
      ],
      [
       -15.9806363,
       30.3176408
      ],
      [
       -15.9687515,
       30.3229357
      ],
      [
       -15.9565316,
       30.3276291
      ],
      [
       -15.9440174,
       30.3317052
      ],
      [
       -15.9312507,
       30.3351504
      ],
      [
       -15.9182743,
       30.3379531
      ],
      [
       -15.9051315,
       30.340104
      ],
      [
       -15.8918665,
       30.3415958
      ],
      [
       -15.8785236,
       30.3424236
      ],
      [
       -15.8651476,
       30.3425845
      ],
      [
       -15.8517831,
       30.3420781
      ],
      [
       -15.8384749,
       30.340906
      ],
      [
       -15.8252677,
       30.3390722
      ],
      [
       -15.8122057,
       30.3365828
      ],
      [
       -15.7993325,
       30.3334461
      ],
      [
       -15.7866912,
       30.3296727
      ],
      [
       -15.7743242,
       30.3252751
      ],
      [
       -15.7622728,
       30.3202682
      ],
      [
       -15.7505772,
       30.3146686
      ],
      [
       -15.7392767,
       30.3084951
      ],
      [
       -15.7284088,
       30.3017683
      ],
      [
       -15.7180098,
       30.2945108
      ],
      [
       -15.7081145,
       30.2867468
      ],
      [
       -15.6987557,
       30.2785023
      ],
      [
       -15.6899647,
       30.2698049
      ],
      [
       -15.6817706,
       30.2606835
      ],
      [
       -15.6742007,
       30.2511688
      ],
      [
       -15.66728,
       30.2412924
      ],
      [
       -15.6610315,
       30.2310873
      ],
      [
       -15.6554759,
       30.2205877
      ],
      [
       -15.6506313,
       30.2098285
      ],
      [
       -15.6465138,
       30.1988456
      ],
      [
       -15.6431368,
       30.1876757
      ],
      [
       -15.6405114,
       30.176356
      ],
      [
       -15.6386459,
       30.1649242
      ],
      [
       -15.6375465,
       30.1534185
      ],
      [
       -15.6372164,
       30.141877
      ],
      [
       -15.6376566,
       30.1303383
      ],
      [
       -15.6388652,
       30.1188408
      ],
      [
       -15.6408379,
       30.1074227
      ],
      [
       -15.643568,
       30.0961219
      ],
      [
       -15.6470462,
       30.084976
      ],
      [
       -15.6512605,
       30.0740222
      ],
      [
       -15.6561968,
       30.0632967
      ],
      [
       -15.6618385,
       30.0528352
      ],
      [
       -15.6681666,
       30.0426724
      ],
      [
       -15.6751598,
       30.0328421
      ],
      [
       -15.6827948,
       30.0233768
      ],
      [
       -15.6910461,
       30.0143081
      ],
      [
       -15.6998861,
       30.0056658
      ],
      [
       -15.7092855,
       29.9974788
      ],
      [
       -15.7192128,
       29.9897741
      ],
      [
       -15.7236111,
       29.9869444
      ],
      [
       -15.8822222,
       29.8755556
      ],
      [
       -15.8927099,
       29.8684456
      ],
      [
       -15.9037706,
       29.8620157
      ],
      [
       -15.915239,
       29.8561486
      ],
      [
       -15.9270771,
       29.8508637
      ],
      [
       -15.9392456,
       29.8461784
      ],
      [
       -15.9517043,
       29.8421084
      ],
      [
       -15.964412,
       29.8386669
      ],
      [
       -15.9773264,
       29.8358655
      ],
      [
       -15.990405,
       29.8337134
      ],
      [
       -16.0036045,
       29.8322176
      ],
      [
       -16.0168811,
       29.8313832
      ],
      [
       -16.0301911,
       29.831213
      ],
      [
       -16.0434902,
       29.8317073
      ],
      [
       -16.0567347,
       29.8328648
      ],
      [
       -16.0698806,
       29.8346814
      ],
      [
       -16.0828846,
       29.8371513
      ],
      [
       -16.0957035,
       29.8402662
      ],
      [
       -16.1082949,
       29.8440158
      ],
      [
       -16.1206172,
       29.8483877
      ],
      [
       -16.1326295,
       29.8533675
      ],
      [
       -16.1442921,
       29.8589387
      ],
      [
       -16.1555663,
       29.8650828
      ],
      [
       -16.1664147,
       29.8717795
      ],
      [
       -16.1768013,
       29.8790067
      ],
      [
       -16.1866916,
       29.8867403
      ],
      [
       -16.1960526,
       29.8949549
      ],
      [
       -16.2048534,
       29.9036231
      ],
      [
       -16.2130645,
       29.9127162
      ],
      [
       -16.2206586,
       29.9222041
      ],
      [
       -16.2276103,
       29.9320554
      ],
      [
       -16.2338963,
       29.9422374
      ],
      [
       -16.2394957,
       29.9527162
      ],
      [
       -16.2443895,
       29.9634571
      ],
      [
       -16.2485614,
       29.9744245
      ],
      [
       -16.2519972,
       29.985582
      ],
      [
       -16.2546853,
       29.9968924
      ],
      [
       -16.2566164,
       30.0083182
      ],
      [
       -16.2577839,
       30.0198214
      ],
      [
       -16.2581837,
       30.0313637
      ],
      [
       -16.2578141,
       30.0429068
      ],
      [
       -16.2566762,
       30.0544122
      ],
      [
       -16.2547733,
       30.0658417
      ],
      [
       -16.2521117,
       30.0771572
      ],
      [
       -16.2486999,
       30.0883209
      ],
      [
       -16.244549,
       30.0992958
      ],
      [
       -16.2396726,
       30.1100452
      ],
      [
       -16.2340867,
       30.1205332
      ],
      [
       -16.2278098,
       30.1307249
      ],
      [
       -16.2208626,
       30.1405863
      ],
      [
       -16.2132681,
       30.1500844
      ],
      [
       -16.2050514,
       30.1591876
      ],
      [
       -16.1962399,
       30.1678654
      ],
      [
       -16.1868627,
       30.1760889
      ],
      [
       -16.1769511,
       30.1838306
      ],
      [
       -16.1722222,
       30.1872222
      ],
      [
       -16.0138889,
       30.2983333
      ]
     ]
    ]
   }
  },
  {
   "type": "Feature",
   "properties": {
    "ll": {
     "value": 0,
     "unit": 1,
     "referenceDatum": 0
    },
    "ul": {
     "value": 4000,
     "unit": 1,
     "referenceDatum": 1
    },
    "_id": "62614fe3cb27f4250946051c",
    "name": "LP-R60A MONTE REAL H24",
    "type": 1,
    "icao": 7,
    "bnd": [
     [
      39.6013889,
      -9.2180556
     ],
     [
      40.0711111,
      -8.6180556
     ]
    ]
   },
   "geometry": {
    "type": "Polygon",
    "coordinates": [
     [
      [
       -9.0180556,
       40.0711111
      ],
      [
       -8.6580556,
       40.0711111
      ],
      [
       -8.6513889,
       40.0125
      ],
      [
       -8.6180556,
       39.7236111
      ],
      [
       -8.7163889,
       39.6013889
      ],
      [
       -9.2180556,
       39.6013889
      ],
      [
       -9.0180556,
       40.0711111
      ]
     ]
    ]
   }
  },
  {
   "type": "Feature",
   "properties": {
    "ll": {
     "value": 1000,
     "unit": 1,
     "referenceDatum": 0
    },
    "ul": {
     "value": 245,
     "unit": 6,
     "referenceDatum": 2
    },
    "_id": "62614fe3cb27f42509460528",
    "name": "LP-R60B MONTE REAL H24",
    "type": 1,
    "icao": 7,
    "bnd": [
     [
      39.3486111,
      -9.7847222
     ],
     [
      40.6488889,
      -8.6180556
     ]
    ]
   },
   "geometry": {
    "type": "Polygon",
    "coordinates": [
     [
      [
       -9.2513889,
       40.6488889
      ],
      [
       -9.0011111,
       40.625
      ],
      [
       -8.7197222,
       40.5975
      ],
      [
       -8.6580556,
       40.0711111
      ],
      [
       -8.6513889,
       40.0125
      ],
      [
       -8.6180556,
       39.7236111
      ],
      [
       -8.7163889,
       39.6013889
      ],
      [
       -8.9180556,
       39.3486111
      ],
      [
       -9.7847222,
       39.3486111
      ],
      [
       -9.4425,
       40.1997222
      ],
      [
       -9.3680556,
       40.3822222
      ],
      [
       -9.2513889,
       40.6488889
      ]
     ]
    ]
   }
  },
  {
   "type": "Feature",
   "properties": {
    "ll": {
     "value": 0,
     "unit": 1,
     "referenceDatum": 0
    },
    "ul": {
     "value": 1000,
     "unit": 1,
     "referenceDatum": 0
    },
    "_id": "62614fe3cb27f42509460536",
    "name": "LP-R61 BEJA MON-FRI SR-SS",
    "type": 1,
    "icao": 7,
    "bnd": [
     [
      37.9019444,
      -7.8436111
     ],
     [
      38.2175,
      -7.575
     ]
    ]
   },
   "geometry": {
    "type": "Polygon",
    "coordinates": [
     [
      [
       -7.805,
       38.2175
      ],
      [
       -7.575,
       38.1833333
      ],
      [
       -7.6,
       38.0333333
      ],
      [
       -7.6777778,
       37.9388889
      ],
      [
       -7.8436111,
       37.9019444
      ],
      [
       -7.805,
       38.2175
      ]
     ]
    ]
   }
  },
  {
   "type": "Feature",
   "properties": {
    "ll": {
     "value": 0,
     "unit": 1,
     "referenceDatum": 0
    },
    "ul": {
     "value": 999,
     "unit": 6,
     "referenceDatum": 2
    },
    "_id": "62614fe3cb27f42509460545",
    "name": "LP-TRA13 SANTIAGO DO CACEM H24",
    "type": 1,
    "icao": 7,
    "bnd": [
     [
      37.7319444,
      -8.7938889
     ],
     [
      38.2002778,
      -8.1458333
     ]
    ]
   },
   "geometry": {
    "type": "Polygon",
    "coordinates": [
     [
      [
       -8.1458333,
       38.0538889
      ],
      [
       -8.4013889,
       37.7986111
      ],
      [
       -8.4677778,
       37.7319444
      ],
      [
       -8.7938889,
       38.1266667
      ],
      [
       -8.7013889,
       38.2002778
      ],
      [
       -8.1458333,
       38.0538889
      ]
     ]
    ]
   }
  },
  {
   "type": "Feature",
   "properties": {
    "ll": {
     "value": 0,
     "unit": 1,
     "referenceDatum": 0
    },
    "ul": {
     "value": 245,
     "unit": 6,
     "referenceDatum": 2
    },
    "_id": "62614fe3cb27f42509460550",
    "name": "LP-TRA54 MONCORVO H24",
    "type": 1,
    "icao": 7,
    "bnd": [
     [
      40.5319444,
      -7.75
     ],
     [
      41.3805556,
      -6.3791667
     ]
    ]
   },
   "geometry": {
    "type": "Polygon",
    "coordinates": [
     [
      [
       -7.3833333,
       41.3
      ],
      [
       -6.3941667,
       41.3805556
      ],
      [
       -6.3927778,
       41.3680556
      ],
      [
       -6.3791667,
       41.3638889
      ],
      [
       -6.3888889,
       41.3516667
      ],
      [
       -6.4119444,
       41.3497222
      ],
      [
       -6.4286111,
       41.3355556
      ],
      [
       -6.4175,
       41.3283333
      ],
      [
       -6.4375,
       41.3172222
      ],
      [
       -6.4402778,
       41.3033333
      ],
      [
       -6.4544444,
       41.2972222
      ],
      [
       -6.4708333,
       41.3008333
      ],
      [
       -6.4919444,
       41.2877778
      ],
      [
       -6.4797222,
       41.2766667
      ],
      [
       -6.4997222,
       41.265
      ],
      [
       -6.5127778,
       41.2641667
      ],
      [
       -6.5222222,
       41.2763889
      ],
      [
       -6.5461111,
       41.2583333
      ],
      [
       -6.5525,
       41.2452778
      ],
      [
       -6.5716667,
       41.2394444
      ],
      [
       -6.5863889,
       41.2422222
      ],
      [
       -6.585,
       41.2541667
      ],
      [
       -6.5961111,
       41.2541667
      ],
      [
       -6.5988889,
       41.2461111
      ],
      [
       -6.6069444,
       41.2491667
      ],
      [
       -6.62,
       41.2472222
      ],
      [
       -6.6338889,
       41.2436111
      ],
      [
       -6.6461111,
       41.2480556
      ],
      [
       -6.6547222,
       41.2344444
      ],
      [
       -6.6677778,
       41.2294444
      ],
      [
       -6.6855556,
       41.2141667
      ],
      [
       -6.6919444,
       41.2080556
      ],
      [
       -6.6916667,
       41.1944444
      ],
      [
       -6.6986111,
       41.1925
      ],
      [
       -6.6988889,
       41.1813889
      ],
      [
       -6.7075,
       41.1794444
      ],
      [
       -6.7136111,
       41.1694444
      ],
      [
       -6.7316667,
       41.1627778
      ],
      [
       -6.7522222,
       41.1405556
      ],
      [
       -6.7686111,
       41.1341667
      ],
      [
       -6.7713889,
       41.1238889
      ],
      [
       -6.7547222,
       41.1041667
      ],
      [
       -6.77,
       41.0872222
      ],
      [
       -6.7747222,
       41.0741667
      ],
      [
       -6.7877778,
       41.0611111
      ],
      [
       -6.8094444,
       41.0436111
      ],
      [
       -6.81,
       41.0358333
      ],
      [
       -6.8436111,
       41.0272222
      ],
      [
       -6.8838889,
       41.0291667
      ],
      [
       -6.9161111,
       41.0391667
      ],
      [
       -6.9305556,
       41.0311111
      ],
      [
       -6.9325,
       41.0163889
      ],
      [
       -6.9238889,
       41.0113889
      ],
      [
       -6.9208333,
       41.0025
      ],
      [
       -6.9091667,
       40.9983333
      ],
      [
       -6.8941667,
       40.9816667
      ],
      [
       -6.8780556,
       40.9630556
      ],
      [
       -6.8669444,
       40.9552778
      ],
      [
       -6.8547222,
       40.9319444
      ],
      [
       -6.8491667,
       40.9222222
      ],
      [
       -6.8491667,
       40.9025
      ],
      [
       -6.8383333,
       40.8877778
      ],
      [
       -6.8188889,
       40.8794444
      ],
      [
       -6.8108333,
       40.8816667
      ],
      [
       -6.8013889,
       40.8483333
      ],
      [
       -6.8116667,
       40.8425
      ],
      [
       -6.8247222,
       40.8441667
      ],
      [
       -6.8238889,
       40.8163889
      ],
      [
       -6.8172222,
       40.8038889
      ],
      [
       -6.8272222,
       40.7752778
      ],
      [
       -6.8308333,
       40.7422222
      ],
      [
       -6.8188889,
       40.7236111
      ],
      [
       -6.8122222,
       40.7144444
      ],
      [
       -6.8130556,
       40.7022222
      ],
      [
       -6.8047222,
       40.6883333
      ],
      [
       -6.8052778,
       40.6680556
      ],
      [
       -6.795,
       40.6602778
      ],
      [
       -6.8102778,
       40.6247222
      ],
      [
       -6.8394444,
       40.5938889
      ],
      [
       -6.8463889,
       40.5663889
      ],
      [
       -6.8066667,
       40.5552778
      ],
      [
       -6.7991667,
       40.5486111
      ],
      [
       -6.8052778,
       40.5416667
      ],
      [
       -6.8041667,
       40.5319444
      ],
      [
       -7.75,
       40.5333333
      ],
      [
       -7.75,
       40.7305556
      ],
      [
       -7.3833333,
       41.3
      ]
     ]
    ]
   }
  },
  {
   "type": "Feature",
   "properties": {
    "ll": {
     "value": 1500,
     "unit": 1,
     "referenceDatum": 0
    },
    "ul": {
     "value": 245,
     "unit": 6,
     "referenceDatum": 2
    },
    "_id": "62614fe3cb27f4250946055d",
    "name": "LP-TRA55 COVILHA H24",
    "type": 1,
    "icao": 7,
    "bnd": [
     [
      39.8936111,
      -7.75
     ],
     [
      40.5333333,
      -6.775
     ]
    ]
   },
   "geometry": {
    "type": "Polygon",
    "coordinates": [
     [
      [
       -7.75,
       40.5333333
      ],
      [
       -6.8041667,
       40.5319444
      ],
      [
       -6.8,
       40.5166667
      ],
      [
       -6.8388889,
       40.45
      ],
      [
       -6.775,
       40.3666667
      ],
      [
       -6.7888889,
       40.3333333
      ],
      [
       -6.8583333,
       40.2972222
      ],
      [
       -6.8555556,
       40.2666667
      ],
      [
       -7,
       40.2305556
      ],
      [
       -7.0055556,
       40.1333333
      ],
      [
       -6.925,
       40.1
      ],
      [
       -6.8638889,
       40.0138889
      ],
      [
       -6.8952778,
       39.8936111
      ],
      [
       -7.75,
       39.9
      ],
      [
       -7.75,
       40.5333333
      ]
     ]
    ]
   }
  },
  {
   "type": "Feature",
   "properties": {
    "ll": {
     "value": 0,
     "unit": 1,
     "referenceDatum": 0
    },
    "ul": {
     "value": 130,
     "unit": 6,
     "referenceDatum": 2
    },
    "_id": "62614fe4cb27f4250946056a",
    "name": "LP-TRA56 ARRIPIADO H24",
    "type": 1,
    "icao": 7,
    "bnd": [
     [
      39.3836111,
      -8.4947222
     ],
     [
      39.5363889,
      -8.2688889
     ]
    ]
   },
   "geometry": {
    "type": "Polygon",
    "coordinates": [
     [
      [
       -8.4513889,
       39.5152778
      ],
      [
       -8.2816667,
       39.5363889
      ],
      [
       -8.2688889,
       39.4097222
      ],
      [
       -8.3597222,
       39.4097222
      ],
      [
       -8.4494444,
       39.3836111
      ],
      [
       -8.4947222,
       39.4258333
      ],
      [
       -8.4513889,
       39.5152778
      ]
     ]
    ]
   }
  },
  {
   "type": "Feature",
   "properties": {
    "ll": {
     "value": 0,
     "unit": 1,
     "referenceDatum": 0
    },
    "ul": {
     "value": 245,
     "unit": 6,
     "referenceDatum": 2
    },
    "_id": "62614fe4cb27f42509460578",
    "name": "LP-TRA57 ESTREMOZ H24",
    "type": 1,
    "icao": 7,
    "bnd": [
     [
      38.5486111,
      -8.05
     ],
     [
      39.0991667,
      -6.9522222
     ]
    ]
   },
   "geometry": {
    "type": "Polygon",
    "coordinates": [
     [
      [
       -7.0033333,
       39.0991667
      ],
      [
       -6.9522222,
       39.0313889
      ],
      [
       -6.9833333,
       39
      ],
      [
       -7.0222222,
       38.925
      ],
      [
       -7.0472222,
       38.9138889
      ],
      [
       -7.0305556,
       38.875
      ],
      [
       -7.0611111,
       38.8555556
      ],
      [
       -7.0888889,
       38.8166667
      ],
      [
       -7.1166667,
       38.8166667
      ],
      [
       -7.2188889,
       38.7388889
      ],
      [
       -7.25,
       38.7277778
      ],
      [
       -7.2611111,
       38.6347222
      ],
      [
       -7.2416667,
       38.6291667
      ],
      [
       -7.2888889,
       38.55
      ],
      [
       -8.0488889,
       38.5486111
      ],
      [
       -8.05,
       38.7444444
      ],
      [
       -7.1155556,
       39.0991667
      ],
      [
       -7.0033333,
       39.0991667
      ]
     ]
    ]
   }
  },
  {
   "type": "Feature",
   "properties": {
    "ll": {
     "value": 0,
     "unit": 1,
     "referenceDatum": 0
    },
    "ul": {
     "value": 2000,
     "unit": 1,
     "referenceDatum": 1
    },
    "_id": "62614fe4cb27f42509460583",
    "name": "LP-TRA59 SEA W OF GRÂNDOLA H24",
    "type": 1,
    "icao": 7,
    "bnd": [
     [
      37.6538889,
      -10.4666667
     ],
     [
      38.4,
      -9.45
     ]
    ]
   },
   "geometry": {
    "type": "Polygon",
    "coordinates": [
     [
      [
       -9.6083333,
       38.4
      ],
      [
       -9.45,
       38
      ],
      [
       -9.7847222,
       37.6538889
      ],
      [
       -10.3833333,
       37.7333333
      ],
      [
       -10.4666667,
       38.3416667
      ],
      [
       -9.6083333,
       38.4
      ]
     ]
    ]
   }
  },
  {
   "type": "Feature",
   "properties": {
    "ll": {
     "value": 0,
     "unit": 1,
     "referenceDatum": 0
    },
    "ul": {
     "value": 55,
     "unit": 6,
     "referenceDatum": 2
    },
    "_id": "62614fe4cb27f42509460592",
    "name": "LP-TRA68 ABRANTES H24",
    "type": 1,
    "icao": 7,
    "bnd": [
     [
      39.4097222,
      -8.2816667
     ],
     [
      39.5472222,
      -8.1794444
     ]
    ]
   },
   "geometry": {
    "type": "Polygon",
    "coordinates": [
     [
      [
       -8.2816667,
       39.5363889
      ],
      [
       -8.1930556,
       39.5472222
      ],
      [
       -8.1794444,
       39.4097222
      ],
      [
       -8.2688889,
       39.4097222
      ],
      [
       -8.2816667,
       39.5363889
      ]
     ]
    ]
   }
  },
  {
   "type": "Feature",
   "properties": {
    "ll": {
     "value": 0,
     "unit": 1,
     "referenceDatum": 0
    },
    "ul": {
     "value": 2000,
     "unit": 1,
     "referenceDatum": 1
    },
    "_id": "62614fdfcb27f42509460306",
    "name": "LPAZ CTR 118.100",
    "type": 4,
    "icao": 3,
    "bnd": [
     [
      36.8906167,
      -25.2753105
     ],
     [
      37.057166,
      -25.0669577
     ]
    ]
   },
   "geometry": {
    "type": "Polygon",
    "coordinates": [
     [
      [
       -25.1711111,
       37.057166
      ],
      [
       -25.1617892,
       37.0568327
      ],
      [
       -25.1525421,
       37.0558354
      ],
      [
       -25.143444,
       37.0541822
      ],
      [
       -25.1345678,
       37.0518864
      ],
      [
       -25.1259847,
       37.0489663
      ],
      [
       -25.1177634,
       37.0454453
      ],
      [
       -25.10997,
       37.0413517
      ],
      [
       -25.1026667,
       37.0367184
      ],
      [
       -25.0959121,
       37.0315824
      ],
      [
       -25.0897601,
       37.0259849
      ],
      [
       -25.08426,
       37.0199708
      ],
      [
       -25.0794555,
       37.0135883
      ],
      [
       -25.0753851,
       37.0068884
      ],
      [
       -25.0720811,
       36.9999249
      ],
      [
       -25.0695698,
       36.9927534
      ],
      [
       -25.067871,
       36.9854314
      ],
      [
       -25.066998,
       36.9780175
      ],
      [
       -25.0669577,
       36.9705709
      ],
      [
       -25.0677501,
       36.9631512
      ],
      [
       -25.0693686,
       36.9558177
      ],
      [
       -25.0718001,
       36.948629
      ],
      [
       -25.0750248,
       36.9416425
      ],
      [
       -25.0790169,
       36.9349141
      ],
      [
       -25.0837443,
       36.9284975
      ],
      [
       -25.089169,
       36.9224438
      ],
      [
       -25.0952476,
       36.9168015
      ],
      [
       -25.1019314,
       36.9116154
      ],
      [
       -25.109167,
       36.9069271
      ],
      [
       -25.1168966,
       36.9027738
      ],
      [
       -25.1250586,
       36.8991888
      ],
      [
       -25.1335876,
       36.8962005
      ],
      [
       -25.1424158,
       36.8938329
      ],
      [
       -25.1514728,
       36.8921047
      ],
      [
       -25.1606862,
       36.8910298
      ],
      [
       -25.1699828,
       36.8906167
      ],
      [
       -25.1792883,
       36.8908687
      ],
      [
       -25.1885287,
       36.8917839
      ],
      [
       -25.1976302,
       36.8933548
      ],
      [
       -25.2065204,
       36.8955691
      ],
      [
       -25.2151283,
       36.898409
      ],
      [
       -25.2233853,
       36.9018519
      ],
      [
       -25.2312254,
       36.9058703
      ],
      [
       -25.2385862,
       36.9104323
      ],
      [
       -25.2454088,
       36.9155014
      ],
      [
       -25.2516387,
       36.9210372
      ],
      [
       -25.257226,
       36.9269955
      ],
      [
       -25.262126,
       36.9333288
      ],
      [
       -25.2662994,
       36.9399865
      ],
      [
       -25.2697127,
       36.9469155
      ],
      [
       -25.2723385,
       36.9540604
      ],
      [
       -25.2741554,
       36.9613642
      ],
      [
       -25.2751488,
       36.9687684
      ],
      [
       -25.2753105,
       36.976214
      ],
      [
       -25.2746389,
       36.9836413
      ],
      [
       -25.2731392,
       36.990991
      ],
      [
       -25.2708232,
       36.9982042
      ],
      [
       -25.2677091,
       37.0052233
      ],
      [
       -25.2638216,
       37.0119921
      ],
      [
       -25.2591917,
       37.0184563
      ],
      [
       -25.2538563,
       37.0245642
      ],
      [
       -25.247858,
       37.0302669
      ],
      [
       -25.2412446,
       37.0355186
      ],
      [
       -25.234069,
       37.0402773
      ],
      [
       -25.2263888,
       37.0445048
      ],
      [
       -25.2182653,
       37.0481673
      ],
      [
       -25.2097636,
       37.0512353
      ],
      [
       -25.200952,
       37.0536843
      ],
      [
       -25.191901,
       37.0554947
      ],
      [
       -25.1826832,
       37.0566518
      ],
      [
       -25.1733726,
       37.0571464
      ],
      [
       -25.1711111,
       37.057166
      ]
     ]
    ]
   }
  },
  {
   "type": "Feature",
   "properties": {
    "ll": {
     "value": 0,
     "unit": 1,
     "referenceDatum": 0
    },
    "ul": {
     "value": 3000,
     "unit": 1,
     "referenceDatum": 1
    },
    "_id": "62614fdfcb27f42509460313",
    "name": "LPBJ CTR 130.400",
    "type": 4,
    "icao": 3,
    "bnd": [
     [
      37.8861111,
      -8.0622222
     ],
     [
      38.2652778,
      -7.8011111
     ]
    ]
   },
   "geometry": {
    "type": "Polygon",
    "coordinates": [
     [
      [
       -8.0177778,
       38.2652778
      ],
      [
       -7.8011111,
       38.2486111
      ],
      [
       -7.805,
       38.2175
      ],
      [
       -7.8455556,
       37.8861111
      ],
      [
       -8.0622222,
       37.8986111
      ],
      [
       -8.0177778,
       38.2652778
      ]
     ]
    ]
   }
  },
  {
   "type": "Feature",
   "properties": {
    "ll": {
     "value": 0,
     "unit": 1,
     "referenceDatum": 0
    },
    "ul": {
     "value": 2000,
     "unit": 1,
     "referenceDatum": 1
    },
    "_id": "62614fdfcb27f42509460320",
    "name": "LPCS CTR 120.305",
    "type": 4,
    "icao": 3,
    "bnd": [
     [
      38.5649925,
      -9.5970202
     ],
     [
      38.7944444,
      -9.2405556
     ]
    ]
   },
   "geometry": {
    "type": "Polygon",
    "coordinates": [
     [
      [
       -9.5888889,
       38.7944444
      ],
      [
       -9.4525,
       38.7591667
      ],
      [
       -9.4412647,
       38.7565873
      ],
      [
       -9.4298102,
       38.7546793
      ],
      [
       -9.4182082,
       38.753426
      ],
      [
       -9.4065203,
       38.7528342
      ],
      [
       -9.3948082,
       38.7529069
      ],
      [
       -9.3831338,
       38.7536438
      ],
      [
       -9.3715589,
       38.7550409
      ],
      [
       -9.3601447,
       38.757091
      ],
      [
       -9.3489516,
       38.7597831
      ],
      [
       -9.3380388,
       38.763103
      ],
      [
       -9.3274642,
       38.7670331
      ],
      [
       -9.3172836,
       38.7715527
      ],
      [
       -9.3075,
       38.7766667
      ],
      [
       -9.2761111,
       38.6894444
      ],
      [
       -9.2405556,
       38.5913889
      ],
      [
       -9.2528766,
       38.5859698
      ],
      [
       -9.2655913,
       38.5811395
      ],
      [
       -9.2786535,
       38.5769152
      ],
      [
       -9.2920162,
       38.5733124
      ],
      [
       -9.3056311,
       38.5703438
      ],
      [
       -9.319449,
       38.5680204
      ],
      [
       -9.3334201,
       38.5663504
      ],
      [
       -9.3474941,
       38.5653399
      ],
      [
       -9.3616202,
       38.5649925
      ],
      [
       -9.3757474,
       38.5653094
      ],
      [
       -9.3898249,
       38.5662896
      ],
      [
       -9.4038019,
       38.5679294
      ],
      [
       -9.417628,
       38.5702231
      ],
      [
       -9.4312532,
       38.5731622
      ],
      [
       -9.4446285,
       38.5767362
      ],
      [
       -9.4577056,
       38.5809323
      ],
      [
       -9.4704372,
       38.5857352
      ],
      [
       -9.4827773,
       38.5911277
      ],
      [
       -9.4946813,
       38.5970902
      ],
      [
       -9.5061062,
       38.6036013
      ],
      [
       -9.5170105,
       38.6106375
      ],
      [
       -9.5273547,
       38.6181733
      ],
      [
       -9.5371012,
       38.6261816
      ],
      [
       -9.5462147,
       38.6346333
      ],
      [
       -9.5546619,
       38.643498
      ],
      [
       -9.562412,
       38.6527435
      ],
      [
       -9.5694368,
       38.6623365
      ],
      [
       -9.5757105,
       38.6722421
      ],
      [
       -9.5812101,
       38.6824246
      ],
      [
       -9.5859153,
       38.6928471
      ],
      [
       -9.5898088,
       38.7034718
      ],
      [
       -9.592876,
       38.7142601
      ],
      [
       -9.5951054,
       38.725173
      ],
      [
       -9.5964886,
       38.7361708
      ],
      [
       -9.5970202,
       38.7472137
      ],
      [
       -9.5966978,
       38.7582615
      ],
      [
       -9.5955223,
       38.769274
      ],
      [
       -9.5934974,
       38.7802113
      ],
      [
       -9.5906302,
       38.7910336
      ],
      [
       -9.5888889,
       38.7944444
      ]
     ]
    ]
   }
  },
  {
   "type": "Feature",
   "properties": {
    "ll": {
     "value": 0,
     "unit": 1,
     "referenceDatum": 0
    },
    "ul": {
     "value": 2000,
     "unit": 1,
     "referenceDatum": 1
    },
    "_id": "62614fe0cb27f425094603d8",
    "name": "LPFL CTR 118.800",
    "type": 4,
    "icao": 3,
    "bnd": [
     [
      39.3747834,
      -31.2400414
     ],
     [
      39.5413326,
      -31.0244514
     ]
    ]
   },
   "geometry": {
    "type": "Polygon",
    "coordinates": [
     [
      [
       -31.1322222,
       39.5413326
      ],
      [
       -31.1225755,
       39.5409993
      ],
      [
       -31.1130063,
       39.5400019
      ],
      [
       -31.1035912,
       39.5383486
      ],
      [
       -31.0944059,
       39.5360525
      ],
      [
       -31.0855239,
       39.5331321
      ],
      [
       -31.0770166,
       39.5296108
      ],
      [
       -31.068952,
       39.5255169
      ],
      [
       -31.0613949,
       39.5208832
      ],
      [
       -31.0544056,
       39.5157468
      ],
      [
       -31.04804,
       39.510149
      ],
      [
       -31.0423491,
       39.5041345
      ],
      [
       -31.0373783,
       39.4977516
      ],
      [
       -31.0331671,
       39.4910515
      ],
      [
       -31.029749,
       39.4840877
      ],
      [
       -31.0271513,
       39.476916
      ],
      [
       -31.0253944,
       39.4695939
      ],
      [
       -31.0244921,
       39.4621799
      ],
      [
       -31.0244514,
       39.4547333
      ],
      [
       -31.0252722,
       39.4473137
      ],
      [
       -31.0269479,
       39.4399803
      ],
      [
       -31.0294647,
       39.4327918
      ],
      [
       -31.0328022,
       39.4258056
      ],
      [
       -31.0369336,
       39.4190775
      ],
      [
       -31.0418256,
       39.4126612
      ],
      [
       -31.0474391,
       39.4066079
      ],
      [
       -31.0537289,
       39.4009659
      ],
      [
       -31.0606449,
       39.3957802
      ],
      [
       -31.0681317,
       39.3910923
      ],
      [
       -31.0761294,
       39.3869394
      ],
      [
       -31.0845743,
       39.3833546
      ],
      [
       -31.093399,
       39.3803666
      ],
      [
       -31.1025331,
       39.3779992
      ],
      [
       -31.1119038,
       39.3762712
      ],
      [
       -31.1214363,
       39.3751964
      ],
      [
       -31.1310548,
       39.3747834
      ],
      [
       -31.1406826,
       39.3750354
      ],
      [
       -31.150243,
       39.3759504
      ],
      [
       -31.1596598,
       39.3775212
      ],
      [
       -31.168858,
       39.3797353
      ],
      [
       -31.1777642,
       39.3825749
      ],
      [
       -31.1863074,
       39.3860175
      ],
      [
       -31.1944195,
       39.3900356
      ],
      [
       -31.2020358,
       39.3945972
      ],
      [
       -31.2090953,
       39.3996659
      ],
      [
       -31.2155417,
       39.4052013
      ],
      [
       -31.2213233,
       39.4111593
      ],
      [
       -31.226394,
       39.4174922
      ],
      [
       -31.230713,
       39.4241497
      ],
      [
       -31.2342455,
       39.4310784
      ],
      [
       -31.2369633,
       39.4382231
      ],
      [
       -31.2388443,
       39.4455267
      ],
      [
       -31.2398731,
       39.4529308
      ],
      [
       -31.2400414,
       39.4603764
      ],
      [
       -31.2393475,
       39.4678037
      ],
      [
       -31.2377967,
       39.4751535
      ],
      [
       -31.235401,
       39.482367
      ],
      [
       -31.2321795,
       39.4893863
      ],
      [
       -31.2281576,
       39.4961554
      ],
      [
       -31.2233674,
       39.5026199
      ],
      [
       -31.217847,
       39.5087282
      ],
      [
       -31.2116405,
       39.5144312
      ],
      [
       -31.2047974,
       39.5196833
      ],
      [
       -31.1973724,
       39.5244424
      ],
      [
       -31.189425,
       39.5286703
      ],
      [
       -31.1810188,
       39.5323331
      ],
      [
       -31.1722212,
       39.5354014
      ],
      [
       -31.1631027,
       39.5378507
      ],
      [
       -31.1537364,
       39.5396612
      ],
      [
       -31.1441975,
       39.5408184
      ],
      [
       -31.1345625,
       39.5413131
      ],
      [
       -31.1322222,
       39.5413326
      ]
     ]
    ]
   }
  },
  {
   "type": "Feature",
   "properties": {
    "ll": {
     "value": 0,
     "unit": 1,
     "referenceDatum": 0
    },
    "ul": {
     "value": 2000,
     "unit": 1,
     "referenceDatum": 1
    },
    "_id": "62614fe0cb27f425094603e3",
    "name": "LPFR CTR 120.755",
    "type": 4,
    "icao": 3,
    "bnd": [
     [
      36.9301201,
      -8.1883333
     ],
     [
      37.0967812,
      -7.7605556
     ]
    ]
   },
   "geometry": {
    "type": "Polygon",
    "coordinates": [
     [
      [
       -8.0738889,
       36.9872222
      ],
      [
       -8.1883333,
       37.0036111
      ],
      [
       -8.1705556,
       37.0855556
      ],
      [
       -8.0527778,
       37.0691667
      ],
      [
       -8.0462271,
       37.0744846
      ],
      [
       -8.039107,
       37.0793146
      ],
      [
       -8.0314743,
       37.0836181
      ],
      [
       -8.0233899,
       37.0873607
      ],
      [
       -8.0149186,
       37.0905124
      ],
      [
       -8.0061279,
       37.0930481
      ],
      [
       -7.9970881,
       37.0949473
      ],
      [
       -7.9878717,
       37.096195
      ],
      [
       -7.9785523,
       37.0967812
      ],
      [
       -7.9692044,
       37.0967011
      ],
      [
       -7.9599029,
       37.0959555
      ],
      [
       -7.9507222,
       37.0945502
      ],
      [
       -7.9417358,
       37.0924965
      ],
      [
       -7.9330154,
       37.0898109
      ],
      [
       -7.9246309,
       37.0865149
      ],
      [
       -7.9166493,
       37.0826347
      ],
      [
       -7.9091343,
       37.0782014
      ],
      [
       -7.9021459,
       37.0732506
      ],
      [
       -7.8957399,
       37.0678216
      ],
      [
       -7.8899673,
       37.0619581
      ],
      [
       -7.8848742,
       37.0557067
      ],
      [
       -7.8805011,
       37.0491175
      ],
      [
       -7.8783333,
       37.0444444
      ],
      [
       -7.7605556,
       37.0275
      ],
      [
       -7.7788889,
       36.9452778
      ],
      [
       -7.8933333,
       36.9616667
      ],
      [
       -7.8994409,
       36.9560459
      ],
      [
       -7.9061518,
       36.9508833
      ],
      [
       -7.9134122,
       36.9462202
      ],
      [
       -7.9211641,
       36.9420939
      ],
      [
       -7.9293456,
       36.9385371
      ],
      [
       -7.9378914,
       36.9355783
      ],
      [
       -7.9467332,
       36.9332412
      ],
      [
       -7.9558005,
       36.9315442
      ],
      [
       -7.9650209,
       36.9305011
      ],
      [
       -7.9743209,
       36.9301201
      ],
      [
       -7.9836264,
       36.9304042
      ],
      [
       -7.992863,
       36.9313512
      ],
      [
       -8.0019572,
       36.9329535
      ],
      [
       -8.0108363,
       36.9351984
      ],
      [
       -8.0194295,
       36.9380679
      ],
      [
       -8.0276683,
       36.9415391
      ],
      [
       -8.0354868,
       36.9455844
      ],
      [
       -8.0428226,
       36.9501714
      ],
      [
       -8.049617,
       36.9552636
      ],
      [
       -8.0558157,
       36.9608203
      ],
      [
       -8.0613691,
       36.9667972
      ],
      [
       -8.0662326,
       36.9731464
      ],
      [
       -8.0703672,
       36.9798173
      ],
      [
       -8.0737397,
       36.9867566
      ],
      [
       -8.0738889,
       36.9872222
      ]
     ]
    ]
   }
  },
  {
   "type": "Feature",
   "properties": {
    "ll": {
     "value": 0,
     "unit": 1,
     "referenceDatum": 0
    },
    "ul": {
     "value": 2000,
     "unit": 1,
     "referenceDatum": 1
    },
    "_id": "62614fe1cb27f425094603f1",
    "name": "LPHR CTR 118.000",
    "type": 4,
    "icao": 3,
    "bnd": [
     [
      38.4330556,
      -28.9308333
     ],
     [
      38.6427778,
      -28.5183333
     ]
    ]
   },
   "geometry": {
    "type": "Polygon",
    "coordinates": [
     [
      [
       -28.9308333,
       38.6
      ],
      [
       -28.7183333,
       38.6033333
      ],
      [
       -28.5416667,
       38.6427778
      ],
      [
       -28.5183333,
       38.5011111
      ],
      [
       -28.7144444,
       38.4363889
      ],
      [
       -28.9263889,
       38.4330556
      ],
      [
       -28.9308333,
       38.6
      ]
     ]
    ]
   }
  },
  {
   "type": "Feature",
   "properties": {
    "ll": {
     "value": 0,
     "unit": 1,
     "referenceDatum": 0
    },
    "ul": {
     "value": 2000,
     "unit": 1,
     "referenceDatum": 1
    },
    "_id": "62614fe1cb27f425094603fe",
    "name": "LPLA CTR 122.100",
    "type": 4,
    "icao": 3,
    "bnd": [
     [
      38.6786722,
      -27.1975927
     ],
     [
      38.8452215,
      -26.9841216
     ]
    ]
   },
   "geometry": {
    "type": "Polygon",
    "coordinates": [
     [
      [
       -27.0908333,
       38.8452215
      ],
      [
       -27.0812818,
       38.8448882
      ],
      [
       -27.0718068,
       38.8438909
      ],
      [
       -27.0624845,
       38.8422376
      ],
      [
       -27.0533897,
       38.8399416
      ],
      [
       -27.0445952,
       38.8370212
      ],
      [
       -27.0361717,
       38.8335001
      ],
      [
       -27.0281865,
       38.8294062
      ],
      [
       -27.0207037,
       38.8247726
      ],
      [
       -27.0137831,
       38.8196363
      ],
      [
       -27.0074801,
       38.8140386
      ],
      [
       -27.001845,
       38.8080242
      ],
      [
       -26.9969229,
       38.8016415
      ],
      [
       -26.9927529,
       38.7949414
      ],
      [
       -26.9893682,
       38.7879777
      ],
      [
       -26.9867958,
       38.7808061
      ],
      [
       -26.9850559,
       38.773484
      ],
      [
       -26.9841622,
       38.76607
      ],
      [
       -26.9841216,
       38.7586234
      ],
      [
       -26.9849341,
       38.7512038
      ],
      [
       -26.9865931,
       38.7438704
      ],
      [
       -26.9890848,
       38.7366818
      ],
      [
       -26.9923894,
       38.7296955
      ],
      [
       -26.99648,
       38.7229673
      ],
      [
       -27.0013238,
       38.7165509
      ],
      [
       -27.006882,
       38.7104975
      ],
      [
       -27.01311,
       38.7048554
      ],
      [
       -27.019958,
       38.6996697
      ],
      [
       -27.0273712,
       38.6949816
      ],
      [
       -27.0352905,
       38.6908286
      ],
      [
       -27.0436525,
       38.6872437
      ],
      [
       -27.0523907,
       38.6842557
      ],
      [
       -27.0614352,
       38.6818882
      ],
      [
       -27.070714,
       38.6801601
      ],
      [
       -27.0801531,
       38.6790853
      ],
      [
       -27.0896774,
       38.6786722
      ],
      [
       -27.0992108,
       38.6789243
      ],
      [
       -27.1086775,
       38.6798393
      ],
      [
       -27.118002,
       38.6814102
      ],
      [
       -27.12711,
       38.6836243
      ],
      [
       -27.1359289,
       38.686464
      ],
      [
       -27.1443883,
       38.6899067
      ],
      [
       -27.1524208,
       38.6939249
      ],
      [
       -27.1599622,
       38.6984866
      ],
      [
       -27.1669524,
       38.7035554
      ],
      [
       -27.1733354,
       38.709091
      ],
      [
       -27.1790602,
       38.715049
      ],
      [
       -27.1840808,
       38.7213821
      ],
      [
       -27.1883572,
       38.7280396
      ],
      [
       -27.1918549,
       38.7349684
      ],
      [
       -27.1945457,
       38.7421131
      ],
      [
       -27.1964079,
       38.7494168
      ],
      [
       -27.1974264,
       38.756821
      ],
      [
       -27.1975927,
       38.7642665
      ],
      [
       -27.1969053,
       38.7716938
      ],
      [
       -27.1953695,
       38.7790436
      ],
      [
       -27.1929971,
       38.786257
      ],
      [
       -27.1898071,
       38.7932763
      ],
      [
       -27.1858246,
       38.8000452
      ],
      [
       -27.1810813,
       38.8065097
      ],
      [
       -27.1756151,
       38.8126178
      ],
      [
       -27.1694695,
       38.8183208
      ],
      [
       -27.1626936,
       38.8235728
      ],
      [
       -27.1553417,
       38.8283318
      ],
      [
       -27.1474725,
       38.8325595
      ],
      [
       -27.139149,
       38.8362222
      ],
      [
       -27.1304381,
       38.8392905
      ],
      [
       -27.1214094,
       38.8417397
      ],
      [
       -27.1121354,
       38.8435501
      ],
      [
       -27.1026906,
       38.8447073
      ],
      [
       -27.0931505,
       38.8452019
      ],
      [
       -27.0908333,
       38.8452215
      ]
     ]
    ]
   }
  },
  {
   "type": "Feature",
   "properties": {
    "ll": {
     "value": 0,
     "unit": 1,
     "referenceDatum": 0
    },
    "ul": {
     "value": 2000,
     "unit": 1,
     "referenceDatum": 1
    },
    "_id": "62614fe1cb27f4250946040c",
    "name": "LPMA CTR 118.355",
    "type": 4,
    "icao": 3,
    "bnd": [
     [
      32.6108945,
      -16.876973
     ],
     [
      32.7774437,
      -16.6791807
     ]
    ]
   },
   "geometry": {
    "type": "Polygon",
    "coordinates": [
     [
      [
       -16.7780556,
       32.7774437
      ],
      [
       -16.7692076,
       32.7771105
      ],
      [
       -16.7604306,
       32.7761134
      ],
      [
       -16.7517949,
       32.7744605
      ],
      [
       -16.7433697,
       32.772165
      ],
      [
       -16.7352226,
       32.7692453
      ],
      [
       -16.7274189,
       32.7657248
      ],
      [
       -16.7200211,
       32.7616318
      ],
      [
       -16.7130883,
       32.756999
      ],
      [
       -16.7066761,
       32.7518636
      ],
      [
       -16.7008358,
       32.7462668
      ],
      [
       -16.695614,
       32.7402532
      ],
      [
       -16.6910524,
       32.7338712
      ],
      [
       -16.6871874,
       32.7271718
      ],
      [
       -16.6840498,
       32.7202087
      ],
      [
       -16.6816645,
       32.7130376
      ],
      [
       -16.6800505,
       32.7057158
      ],
      [
       -16.6792204,
       32.698302
      ],
      [
       -16.6791807,
       32.6908554
      ],
      [
       -16.6799315,
       32.6834356
      ],
      [
       -16.6814667,
       32.6761019
      ],
      [
       -16.6837737,
       32.6689129
      ],
      [
       -16.6868339,
       32.661926
      ],
      [
       -16.6906227,
       32.6551972
      ],
      [
       -16.6951098,
       32.64878
      ],
      [
       -16.700259,
       32.6427258
      ],
      [
       -16.7060293,
       32.6370828
      ],
      [
       -16.7123744,
       32.6318962
      ],
      [
       -16.7192436,
       32.6272072
      ],
      [
       -16.7265819,
       32.6230534
      ],
      [
       -16.7343309,
       32.6194679
      ],
      [
       -16.7424287,
       32.6164792
      ],
      [
       -16.7508105,
       32.6141111
      ],
      [
       -16.7594097,
       32.6123827
      ],
      [
       -16.7681575,
       32.6113076
      ],
      [
       -16.7769842,
       32.6108945
      ],
      [
       -16.7858195,
       32.6111465
      ],
      [
       -16.7945929,
       32.6120618
      ],
      [
       -16.8032344,
       32.613633
      ],
      [
       -16.8116752,
       32.6158476
      ],
      [
       -16.8198478,
       32.618688
      ],
      [
       -16.827687,
       32.6221314
      ],
      [
       -16.8351304,
       32.6261504
      ],
      [
       -16.8421185,
       32.6307129
      ],
      [
       -16.8485954,
       32.6357826
      ],
      [
       -16.8545093,
       32.641319
      ],
      [
       -16.859813,
       32.6472779
      ],
      [
       -16.864464,
       32.6536117
      ],
      [
       -16.868425,
       32.6602699
      ],
      [
       -16.8716643,
       32.6671993
      ],
      [
       -16.8741557,
       32.6743445
      ],
      [
       -16.8758793,
       32.6816485
      ],
      [
       -16.8768209,
       32.6890529
      ],
      [
       -16.876973,
       32.6964985
      ],
      [
       -16.876334,
       32.7039257
      ],
      [
       -16.874909,
       32.7112752
      ],
      [
       -16.8727091,
       32.7184881
      ],
      [
       -16.8697517,
       32.7255069
      ],
      [
       -16.8660604,
       32.7322752
      ],
      [
       -16.8616645,
       32.7387389
      ],
      [
       -16.856599,
       32.7448462
      ],
      [
       -16.8509044,
       32.7505483
      ],
      [
       -16.8446262,
       32.7557994
      ],
      [
       -16.8378147,
       32.7605575
      ],
      [
       -16.8305242,
       32.7647845
      ],
      [
       -16.8228132,
       32.7684465
      ],
      [
       -16.8147434,
       32.771514
      ],
      [
       -16.8063795,
       32.7739627
      ],
      [
       -16.7977885,
       32.7757727
      ],
      [
       -16.7890393,
       32.7769296
      ],
      [
       -16.7802021,
       32.7774242
      ],
      [
       -16.7780556,
       32.7774437
      ]
     ]
    ]
   }
  },
  {
   "type": "Feature",
   "properties": {
    "ll": {
     "value": 0,
     "unit": 1,
     "referenceDatum": 0
    },
    "ul": {
     "value": 2000,
     "unit": 1,
     "referenceDatum": 1
    },
    "_id": "62614fe1cb27f42509460427",
    "name": "LPPD CTR 118.300",
    "type": 4,
    "icao": 3,
    "bnd": [
     [
      37.6586722,
      -25.8030491
     ],
     [
      37.8252215,
      -25.5925532
     ]
    ]
   },
   "geometry": {
    "type": "Polygon",
    "coordinates": [
     [
      [
       -25.6977778,
       37.8252215
      ],
      [
       -25.6883597,
       37.8248882
      ],
      [
       -25.6790172,
       37.8238909
      ],
      [
       -25.6698252,
       37.8222377
      ],
      [
       -25.6608575,
       37.8199418
      ],
      [
       -25.6521859,
       37.8170216
      ],
      [
       -25.6438799,
       37.8135005
      ],
      [
       -25.6360062,
       37.8094068
      ],
      [
       -25.6286278,
       37.8047734
      ],
      [
       -25.6218036,
       37.7996373
      ],
      [
       -25.6155884,
       37.7940397
      ],
      [
       -25.6100318,
       37.7880255
      ],
      [
       -25.6051781,
       37.7816428
      ],
      [
       -25.601066,
       37.7749429
      ],
      [
       -25.5977282,
       37.7679793
      ],
      [
       -25.5951913,
       37.7608077
      ],
      [
       -25.5934753,
       37.7534857
      ],
      [
       -25.5925936,
       37.7460718
      ],
      [
       -25.5925532,
       37.7386252
      ],
      [
       -25.593354,
       37.7312055
      ],
      [
       -25.5949894,
       37.723872
      ],
      [
       -25.5974462,
       37.7166834
      ],
      [
       -25.6007043,
       37.709697
      ],
      [
       -25.6047377,
       37.7029687
      ],
      [
       -25.6095138,
       37.6965521
      ],
      [
       -25.6149944,
       37.6904986
      ],
      [
       -25.6211355,
       37.6848564
      ],
      [
       -25.6278881,
       37.6796704
      ],
      [
       -25.6351981,
       37.6749822
      ],
      [
       -25.6430071,
       37.670829
      ],
      [
       -25.6512528,
       37.6672441
      ],
      [
       -25.6598694,
       37.6642559
      ],
      [
       -25.6687882,
       37.6618883
      ],
      [
       -25.677938,
       37.6601602
      ],
      [
       -25.687246,
       37.6590853
      ],
      [
       -25.6966379,
       37.6586722
      ],
      [
       -25.7060388,
       37.6589243
      ],
      [
       -25.715374,
       37.6598394
      ],
      [
       -25.7245689,
       37.6614103
      ],
      [
       -25.7335502,
       37.6636245
      ],
      [
       -25.7422465,
       37.6664643
      ],
      [
       -25.7505882,
       37.6699071
      ],
      [
       -25.7585089,
       37.6739255
      ],
      [
       -25.7659454,
       37.6784873
      ],
      [
       -25.7728381,
       37.6835563
      ],
      [
       -25.7791321,
       37.689092
      ],
      [
       -25.784777,
       37.6950502
      ],
      [
       -25.7897275,
       37.7013834
      ],
      [
       -25.793944,
       37.708041
      ],
      [
       -25.7973926,
       37.7149699
      ],
      [
       -25.8000456,
       37.7221148
      ],
      [
       -25.8018815,
       37.7294185
      ],
      [
       -25.8028854,
       37.7368227
      ],
      [
       -25.8030491,
       37.7442682
      ],
      [
       -25.8023709,
       37.7516956
      ],
      [
       -25.800856,
       37.7590453
      ],
      [
       -25.7985164,
       37.7662586
      ],
      [
       -25.7953705,
       37.7732778
      ],
      [
       -25.7914432,
       37.7800466
      ],
      [
       -25.7867659,
       37.7865109
      ],
      [
       -25.7813757,
       37.7926189
      ],
      [
       -25.7753157,
       37.7983217
      ],
      [
       -25.7686343,
       37.8035736
      ],
      [
       -25.7613849,
       37.8083324
      ],
      [
       -25.7536255,
       37.81256
      ],
      [
       -25.7454183,
       37.8162226
      ],
      [
       -25.736829,
       37.8192907
      ],
      [
       -25.7279265,
       37.8217398
      ],
      [
       -25.7187821,
       37.8235502
      ],
      [
       -25.7094693,
       37.8247073
      ],
      [
       -25.7000626,
       37.8252019
      ],
      [
       -25.6977778,
       37.8252215
      ]
     ]
    ]
   }
  },
  {
   "type": "Feature",
   "properties": {
    "ll": {
     "value": 0,
     "unit": 1,
     "referenceDatum": 0
    },
    "ul": {
     "value": 2000,
     "unit": 1,
     "referenceDatum": 1
    },
    "_id": "62614fe1cb27f42509460431",
    "name": "LPPR CTR 118.005",
    "type": 4,
    "icao": 3,
    "bnd": [
     [
      41.0666667,
      -8.85
     ],
     [
      41.3833333,
      -8.5013889
     ]
    ]
   },
   "geometry": {
    "type": "Polygon",
    "coordinates": [
     [
      [
       -8.85,
       41.3833333
      ],
      [
       -8.5836111,
       41.3833333
      ],
      [
       -8.5013889,
       41.0666667
      ],
      [
       -8.7663889,
       41.0666667
      ],
      [
       -8.85,
       41.3833333
      ]
     ]
    ]
   }
  },
  {
   "type": "Feature",
   "properties": {
    "ll": {
     "value": 0,
     "unit": 1,
     "referenceDatum": 0
    },
    "ul": {
     "value": 2000,
     "unit": 1,
     "referenceDatum": 1
    },
    "_id": "62614fe1cb27f42509460441",
    "name": "LPPS CTR 120.055",
    "type": 4,
    "icao": 3,
    "bnd": [
     [
      32.9875611,
      -16.449061
     ],
     [
      33.1541104,
      -16.2504263
     ]
    ]
   },
   "geometry": {
    "type": "Polygon",
    "coordinates": [
     [
      [
       -16.3497222,
       33.1541104
      ],
      [
       -16.3408365,
       33.1537772
      ],
      [
       -16.3320219,
       33.1527801
      ],
      [
       -16.3233493,
       33.1511271
      ],
      [
       -16.3148882,
       33.1488316
      ],
      [
       -16.3067064,
       33.1459119
      ],
      [
       -16.2988693,
       33.1423913
      ],
      [
       -16.2914399,
       33.1382983
      ],
      [
       -16.2844776,
       33.1336655
      ],
      [
       -16.2780381,
       33.12853
      ],
      [
       -16.2721729,
       33.1229331
      ],
      [
       -16.2669289,
       33.1169195
      ],
      [
       -16.2623479,
       33.1105375
      ],
      [
       -16.2584666,
       33.103838
      ],
      [
       -16.2553157,
       33.0968749
      ],
      [
       -16.2529204,
       33.0897037
      ],
      [
       -16.2512996,
       33.0823819
      ],
      [
       -16.2504661,
       33.0749681
      ],
      [
       -16.2504263,
       33.0675215
      ],
      [
       -16.2511804,
       33.0601017
      ],
      [
       -16.2527222,
       33.052768
      ],
      [
       -16.2550391,
       33.045579
      ],
      [
       -16.2581125,
       33.0385922
      ],
      [
       -16.2619176,
       33.0318634
      ],
      [
       -16.2664238,
       33.0254463
      ],
      [
       -16.271595,
       33.0193921
      ],
      [
       -16.2773899,
       33.0137492
      ],
      [
       -16.283762,
       33.0085626
      ],
      [
       -16.2906604,
       33.0038737
      ],
      [
       -16.29803,
       32.9997199
      ],
      [
       -16.3058119,
       32.9961344
      ],
      [
       -16.313944,
       32.9931458
      ],
      [
       -16.3223615,
       32.9907778
      ],
      [
       -16.3309972,
       32.9890494
      ],
      [
       -16.3397821,
       32.9879743
      ],
      [
       -16.3486464,
       32.9875611
      ],
      [
       -16.3575192,
       32.9878132
      ],
      [
       -16.3663298,
       32.9887285
      ],
      [
       -16.375008,
       32.9902997
      ],
      [
       -16.3834846,
       32.9925142
      ],
      [
       -16.3916919,
       32.9953545
      ],
      [
       -16.3995645,
       32.9987979
      ],
      [
       -16.4070395,
       33.0028168
      ],
      [
       -16.4140573,
       33.0073793
      ],
      [
       -16.4205618,
       33.012449
      ],
      [
       -16.4265009,
       33.0179853
      ],
      [
       -16.4318273,
       33.0239442
      ],
      [
       -16.4364981,
       33.030278
      ],
      [
       -16.4404761,
       33.0369361
      ],
      [
       -16.4437292,
       33.0438655
      ],
      [
       -16.4462314,
       33.0510107
      ],
      [
       -16.4479624,
       33.0583146
      ],
      [
       -16.4489082,
       33.065719
      ],
      [
       -16.449061,
       33.0731646
      ],
      [
       -16.4484195,
       33.0805918
      ],
      [
       -16.4469885,
       33.0879413
      ],
      [
       -16.4447793,
       33.0951543
      ],
      [
       -16.4418094,
       33.102173
      ],
      [
       -16.4381024,
       33.1089414
      ],
      [
       -16.4336878,
       33.1154051
      ],
      [
       -16.4286008,
       33.1215125
      ],
      [
       -16.422882,
       33.1272146
      ],
      [
       -16.4165771,
       33.1324658
      ],
      [
       -16.4097365,
       33.137224
      ],
      [
       -16.4024149,
       33.141451
      ],
      [
       -16.394671,
       33.145113
      ],
      [
       -16.3865668,
       33.1481806
      ],
      [
       -16.3781672,
       33.1506293
      ],
      [
       -16.3695395,
       33.1524393
      ],
      [
       -16.3607529,
       33.1535963
      ],
      [
       -16.3518779,
       33.1540908
      ],
      [
       -16.3497222,
       33.1541104
      ]
     ]
    ]
   }
  },
  {
   "type": "Feature",
   "properties": {
    "ll": {
     "value": 0,
     "unit": 1,
     "referenceDatum": 0
    },
    "ul": {
     "value": 2000,
     "unit": 1,
     "referenceDatum": 1
    },
    "_id": "62614fe1cb27f4250946044d",
    "name": "LPPT CTR 118.105",
    "type": 4,
    "icao": 3,
    "bnd": [
     [
      38.6605556,
      -9.3075
     ],
     [
      38.9713889,
      -9.0025
     ]
    ]
   },
   "geometry": {
    "type": "Polygon",
    "coordinates": [
     [
      [
       -9.1844444,
       38.9605556
      ],
      [
       -9.0938889,
       38.9713889
      ],
      [
       -9.0025,
       38.9444444
      ],
      [
       -9.0830556,
       38.8486111
      ],
      [
       -9.0155556,
       38.8136111
      ],
      [
       -9.0119444,
       38.7986111
      ],
      [
       -9.1430556,
       38.6966667
      ],
      [
       -9.1413889,
       38.6786111
      ],
      [
       -9.1947222,
       38.6605556
      ],
      [
       -9.2761111,
       38.6894444
      ],
      [
       -9.3075,
       38.7766667
      ],
      [
       -9.2982701,
       38.7822932
      ],
      [
       -9.2895891,
       38.7884284
      ],
      [
       -9.2815032,
       38.7950398
      ],
      [
       -9.2740553,
       38.8020923
      ],
      [
       -9.2672852,
       38.8095487
      ],
      [
       -9.2612289,
       38.8173693
      ],
      [
       -9.2559189,
       38.8255126
      ],
      [
       -9.2552778,
       38.8277778
      ],
      [
       -9.1844444,
       38.9605556
      ]
     ]
    ]
   }
  },
  {
   "type": "Feature",
   "properties": {
    "ll": {
     "value": 1000,
     "unit": 1,
     "referenceDatum": 1
    },
    "ul": {
     "value": 45,
     "unit": 6,
     "referenceDatum": 2
    },
    "_id": "62614fe2cb27f4250946048d",
    "name": "LPR40BN OVAR H24",
    "type": 1,
    "icao": 7,
    "bnd": [
     [
      40.7333333,
      -8.9847222
     ],
     [
      40.9219444,
      -8.5013889
     ]
    ]
   },
   "geometry": {
    "type": "Polygon",
    "coordinates": [
     [
      [
       -8.9847222,
       40.9219444
      ],
      [
       -8.9660719,
       40.9130671
      ],
      [
       -8.9467914,
       40.9049918
      ],
      [
       -8.9271036,
       40.8975021
      ],
      [
       -8.9070397,
       40.8906098
      ],
      [
       -8.8866313,
       40.8843259
      ],
      [
       -8.8659106,
       40.87866
      ],
      [
       -8.8449101,
       40.8736212
      ],
      [
       -8.8236629,
       40.8692174
      ],
      [
       -8.8022024,
       40.8654554
      ],
      [
       -8.7805624,
       40.8623412
      ],
      [
       -8.7587767,
       40.8598796
      ],
      [
       -8.7368797,
       40.8580746
      ],
      [
       -8.7149056,
       40.8569289
      ],
      [
       -8.6928889,
       40.8564444
      ],
      [
       -8.6708642,
       40.8566218
      ],
      [
       -8.6488661,
       40.8574608
      ],
      [
       -8.626929,
       40.8589601
      ],
      [
       -8.6050874,
       40.8611174
      ],
      [
       -8.5833755,
       40.8639293
      ],
      [
       -8.5618275,
       40.8673913
      ],
      [
       -8.5404771,
       40.8714981
      ],
      [
       -8.519358,
       40.8762432
      ],
      [
       -8.5013889,
       40.8808333
      ],
      [
       -8.5013889,
       40.7333333
      ],
      [
       -8.9847222,
       40.7333333
      ],
      [
       -8.9847222,
       40.9219444
      ]
     ]
    ]
   }
  },
  {
   "type": "Feature",
   "properties": {
    "ll": {
     "value": 1000,
     "unit": 1,
     "referenceDatum": 0
    },
    "ul": {
     "value": 245,
     "unit": 6,
     "referenceDatum": 2
    },
    "_id": "62614fe4cb27f4250946059f",
    "name": "MADEIRA TMA 119.605",
    "type": 0,
    "icao": 2,
    "bnd": [
     [
      32.0808283,
      -17.4978799
     ],
     [
      33.7566294,
      -15.5552353
     ]
    ]
   },
   "geometry": {
    "type": "Polygon",
    "coordinates": [
     [
      [
       -16.9511111,
       33.5286111
      ],
      [
       -16.934238,
       33.5442982
      ],
      [
       -16.9167723,
       33.5595305
      ],
      [
       -16.8987314,
       33.5742924
      ],
      [
       -16.8801332,
       33.5885691
      ],
      [
       -16.8609965,
       33.6023458
      ],
      [
       -16.8413404,
       33.6156087
      ],
      [
       -16.8211848,
       33.6283443
      ],
      [
       -16.8005498,
       33.6405395
      ],
      [
       -16.7794564,
       33.6521819
      ],
      [
       -16.7579259,
       33.6632598
      ],
      [
       -16.7359799,
       33.6737617
      ],
      [
       -16.7136409,
       33.6836771
      ],
      [
       -16.6909313,
       33.6929956
      ],
      [
       -16.6678743,
       33.701708
      ],
      [
       -16.6444933,
       33.7098051
      ],
      [
       -16.6208122,
       33.7172789
      ],
      [
       -16.5968549,
       33.7241216
      ],
      [
       -16.572646,
       33.7303263
      ],
      [
       -16.54821,
       33.7358866
      ],
      [
       -16.523572,
       33.7407968
      ],
      [
       -16.4987571,
       33.7450519
      ],
      [
       -16.4737907,
       33.7486476
      ],
      [
       -16.4486982,
       33.7515801
      ],
      [
       -16.4235054,
       33.7538465
      ],
      [
       -16.3982379,
       33.7554445
      ],
      [
       -16.3729216,
       33.7563725
      ],
      [
       -16.3475825,
       33.7566294
      ],
      [
       -16.3222464,
       33.756215
      ],
      [
       -16.2969393,
       33.7551297
      ],
      [
       -16.271687,
       33.7533747
      ],
      [
       -16.2465153,
       33.7509517
      ],
      [
       -16.2214501,
       33.7478633
      ],
      [
       -16.196517,
       33.7441125
      ],
      [
       -16.1717413,
       33.7397033
      ],
      [
       -16.1471485,
       33.7346401
      ],
      [
       -16.1227636,
       33.7289281
      ],
      [
       -16.0986115,
       33.7225731
      ],
      [
       -16.0747168,
       33.7155817
      ],
      [
       -16.0511039,
       33.7079609
      ],
      [
       -16.0277969,
       33.6997187
      ],
      [
       -16.0048193,
       33.6908633
      ],
      [
       -15.9821946,
       33.6814038
      ],
      [
       -15.9599458,
       33.6713499
      ],
      [
       -15.9380953,
       33.6607118
      ],
      [
       -15.9166654,
       33.6495005
      ],
      [
       -15.8956777,
       33.6377272
      ],
      [
       -15.8751533,
       33.6254041
      ],
      [
       -15.8551131,
       33.6125436
      ],
      [
       -15.8355771,
       33.5991589
      ],
      [
       -15.8165651,
       33.5852636
      ],
      [
       -15.798096,
       33.5708718
      ],
      [
       -15.7801884,
       33.5559981
      ],
      [
       -15.7628602,
       33.5406577
      ],
      [
       -15.7461287,
       33.5248662
      ],
      [
       -15.7300104,
       33.5086395
      ],
      [
       -15.7145215,
       33.4919941
      ],
      [
       -15.6996772,
       33.474947
      ],
      [
       -15.6854922,
       33.4575153
      ],
      [
       -15.6719804,
       33.4397168
      ],
      [
       -15.6591552,
       33.4215694
      ],
      [
       -15.647029,
       33.4030915
      ],
      [
       -15.6356136,
       33.3843018
      ],
      [
       -15.6249201,
       33.3652192
      ],
      [
       -15.6149589,
       33.345863
      ],
      [
       -15.6057394,
       33.3262528
      ],
      [
       -15.5972704,
       33.3064083
      ],
      [
       -15.5895601,
       33.2863495
      ],
      [
       -15.5826155,
       33.2660965
      ],
      [
       -15.5764432,
       33.2456698
      ],
      [
       -15.5710488,
       33.22509
      ],
      [
       -15.5664372,
       33.2043775
      ],
      [
       -15.5626124,
       33.1835534
      ],
      [
       -15.5595778,
       33.1626384
      ],
      [
       -15.5573357,
       33.1416535
      ],
      [
       -15.555888,
       33.1206197
      ],
      [
       -15.5552353,
       33.0995581
      ],
      [
       -15.5553779,
       33.0784897
      ],
      [
       -15.556315,
       33.0574357
      ],
      [
       -15.5580452,
       33.0364169
      ],
      [
       -15.560566,
       33.0154545
      ],
      [
       -15.5638745,
       32.9945693
      ],
      [
       -15.5679668,
       32.9737822
      ],
      [
       -15.5728382,
       32.9531137
      ],
      [
       -15.5784834,
       32.9325846
      ],
      [
       -15.5848963,
       32.9122152
      ],
      [
       -15.5920698,
       32.8920257
      ],
      [
       -15.5999965,
       32.8720363
      ],
      [
       -15.6086678,
       32.8522667
      ],
      [
       -15.6180748,
       32.8327365
      ],
      [
       -15.6282076,
       32.8134652
      ],
      [
       -15.6390556,
       32.7944718
      ],
      [
       -15.6506079,
       32.7757751
      ],
      [
       -15.6628523,
       32.7573936
      ],
      [
       -15.6757765,
       32.7393455
      ],
      [
       -15.6893672,
       32.7216486
      ],
      [
       -15.7036107,
       32.7043204
      ],
      [
       -15.7184925,
       32.687378
      ],
      [
       -15.7339975,
       32.6708381
      ],
      [
       -15.7501102,
       32.654717
      ],
      [
       -15.7561111,
       32.6491667
      ],
      [
       -16.1116667,
       32.3075
      ],
      [
       -16.1284581,
       32.2919287
      ],
      [
       -16.1458178,
       32.2768114
      ],
      [
       -16.1637282,
       32.2621632
      ],
      [
       -16.1821716,
       32.2479983
      ],
      [
       -16.2011295,
       32.2343308
      ],
      [
       -16.2205831,
       32.2211741
      ],
      [
       -16.2405131,
       32.2085411
      ],
      [
       -16.2608997,
       32.1964442
      ],
      [
       -16.2817226,
       32.1848952
      ],
      [
       -16.3029614,
       32.1739056
      ],
      [
       -16.3245951,
       32.1634861
      ],
      [
       -16.3466022,
       32.1536469
      ],
      [
       -16.3689611,
       32.1443977
      ],
      [
       -16.3916499,
       32.1357474
      ],
      [
       -16.4146461,
       32.1277047
      ],
      [
       -16.4379272,
       32.1202774
      ],
      [
       -16.4614703,
       32.1134727
      ],
      [
       -16.4852523,
       32.1072974
      ],
      [
       -16.5092499,
       32.1017574
      ],
      [
       -16.5334396,
       32.0968582
      ],
      [
       -16.5577977,
       32.0926045
      ],
      [
       -16.5823003,
       32.0890006
      ],
      [
       -16.6069234,
       32.08605
      ],
      [
       -16.6316431,
       32.0837555
      ],
      [
       -16.6564349,
       32.0821195
      ],
      [
       -16.6812749,
       32.0811434
      ],
      [
       -16.7061385,
       32.0808283
      ],
      [
       -16.7310016,
       32.0811744
      ],
      [
       -16.7558398,
       32.0821814
      ],
      [
       -16.7806289,
       32.0838484
      ],
      [
       -16.8053445,
       32.0861737
      ],
      [
       -16.8299625,
       32.089155
      ],
      [
       -16.8544589,
       32.0927895
      ],
      [
       -16.8788096,
       32.0970735
      ],
      [
       -16.9029908,
       32.1020029
      ],
      [
       -16.9269789,
       32.1075728
      ],
      [
       -16.9507502,
       32.1137778
      ],
      [
       -16.9742815,
       32.1206118
      ],
      [
       -16.9975498,
       32.1280681
      ],
      [
       -17.0205321,
       32.1361395
      ],
      [
       -17.0432059,
       32.144818
      ],
      [
       -17.0655488,
       32.1540951
      ],
      [
       -17.0875389,
       32.1639618
      ],
      [
       -17.1091545,
       32.1744082
      ],
      [
       -17.1303742,
       32.1854243
      ],
      [
       -17.1511772,
       32.1969992
      ],
      [
       -17.1715428,
       32.2091215
      ],
      [
       -17.1914509,
       32.2217794
      ],
      [
       -17.2108817,
       32.2349604
      ],
      [
       -17.2298159,
       32.2486515
      ],
      [
       -17.2482347,
       32.2628393
      ],
      [
       -17.2661197,
       32.2775098
      ],
      [
       -17.2834531,
       32.2926487
      ],
      [
       -17.3002175,
       32.308241
      ],
      [
       -17.3163962,
       32.3242713
      ],
      [
       -17.3319728,
       32.3407239
      ],
      [
       -17.3469317,
       32.3575825
      ],
      [
       -17.3612578,
       32.3748305
      ],
      [
       -17.3749366,
       32.3924509
      ],
      [
       -17.3879542,
       32.4104263
      ],
      [
       -17.4002974,
       32.4287389
      ],
      [
       -17.4119534,
       32.4473706
      ],
      [
       -17.4229105,
       32.466303
      ],
      [
       -17.4331572,
       32.4855173
      ],
      [
       -17.442683,
       32.5049946
      ],
      [
       -17.451478,
       32.5247154
      ],
      [
       -17.4595329,
       32.5446603
      ],
      [
       -17.4668394,
       32.5648095
      ],
      [
       -17.4733895,
       32.5851429
      ],
      [
       -17.4791763,
       32.6056404
      ],
      [
       -17.4841936,
       32.6262815
      ],
      [
       -17.4884357,
       32.6470457
      ],
      [
       -17.4918979,
       32.6679124
      ],
      [
       -17.4945763,
       32.6888607
      ],
      [
       -17.4964676,
       32.7098698
      ],
      [
       -17.4975694,
       32.7309187
      ],
      [
       -17.4978799,
       32.7519864
      ],
      [
       -17.4973984,
       32.7730518
      ],
      [
       -17.4961248,
       32.7940939
      ],
      [
       -17.4940597,
       32.8150915
      ],
      [
       -17.4912046,
       32.8360238
      ],
      [
       -17.487562,
       32.8568697
      ],
      [
       -17.4831348,
       32.8776082
      ],
      [
       -17.477927,
       32.8982187
      ],
      [
       -17.4719432,
       32.9186803
      ],
      [
       -17.465189,
       32.9389726
      ],
      [
       -17.4576706,
       32.959075
      ],
      [
       -17.4493949,
       32.9789675
      ],
      [
       -17.44037,
       32.9986299
      ],
      [
       -17.4306043,
       33.0180425
      ],
      [
       -17.4201072,
       33.0371857
      ],
      [
       -17.4088888,
       33.0560401
      ],
      [
       -17.39696,
       33.0745867
      ],
      [
       -17.3843325,
       33.0928068
      ],
      [
       -17.3710184,
       33.110682
      ],
      [
       -17.3570309,
       33.1281941
      ],
      [
       -17.3423838,
       33.1453254
      ],
      [
       -17.3270915,
       33.1620587
      ],
      [
       -17.311169,
       33.1783769
      ],
      [
       -17.305,
       33.1838889
      ],
      [
       -16.9511111,
       33.5286111
      ]
     ]
    ]
   }
  },
  {
   "type": "Feature",
   "properties": {
    "ll": {
     "value": 0,
     "unit": 1,
     "referenceDatum": 0
    },
    "ul": {
     "value": 95,
     "unit": 6,
     "referenceDatum": 2
    },
    "_id": "62614fe4cb27f425094605aa",
    "name": "MOGADOURO LPMU",
    "type": 21,
    "icao": 7,
    "bnd": [
     [
      41.1351363,
      -7.039745
     ],
     [
      41.6609319,
      -6.3293755
     ]
    ]
   },
   "geometry": {
    "type": "Polygon",
    "coordinates": [
     [
      [
       -6.7965797,
       41.1415836
      ],
      [
       -6.8132249,
       41.1461025
      ],
      [
       -6.829552,
       41.1512398
      ],
      [
       -6.8455204,
       41.1569828
      ],
      [
       -6.8610907,
       41.1633175
      ],
      [
       -6.8762242,
       41.170228
      ],
      [
       -6.8908833,
       41.1776973
      ],
      [
       -6.9050316,
       41.185707
      ],
      [
       -6.9186339,
       41.1942372
      ],
      [
       -6.9316563,
       41.2032668
      ],
      [
       -6.9440663,
       41.2127734
      ],
      [
       -6.9558329,
       41.2227335
      ],
      [
       -6.9669266,
       41.2331224
      ],
      [
       -6.9773196,
       41.2439143
      ],
      [
       -6.9869857,
       41.2550824
      ],
      [
       -6.9959006,
       41.2665991
      ],
      [
       -7.0040417,
       41.2784357
      ],
      [
       -7.0113883,
       41.2905627
      ],
      [
       -7.0179218,
       41.3029502
      ],
      [
       -7.0236255,
       41.3155671
      ],
      [
       -7.0284845,
       41.3283822
      ],
      [
       -7.0324864,
       41.3413635
      ],
      [
       -7.0356207,
       41.3544786
      ],
      [
       -7.037879,
       41.3676949
      ],
      [
       -7.0392551,
       41.3809793
      ],
      [
       -7.039745,
       41.3942988
      ],
      [
       -7.0393471,
       41.40762
      ],
      [
       -7.0380617,
       41.4209096
      ],
      [
       -7.0358915,
       41.4341344
      ],
      [
       -7.0328415,
       41.4472613
      ],
      [
       -7.0289186,
       41.4602573
      ],
      [
       -7.0241323,
       41.4730901
      ],
      [
       -7.0184939,
       41.4857273
      ],
      [
       -7.0120173,
       41.4981373
      ],
      [
       -7.0047181,
       41.5102889
      ],
      [
       -6.9966142,
       41.5221515
      ],
      [
       -6.9877256,
       41.5336955
      ],
      [
       -6.9780741,
       41.5448917
      ],
      [
       -6.9676837,
       41.555712
      ],
      [
       -6.9565802,
       41.5661291
      ],
      [
       -6.9447912,
       41.5761169
      ],
      [
       -6.9323461,
       41.5856501
      ],
      [
       -6.9192759,
       41.5947047
      ],
      [
       -6.9056134,
       41.6032578
      ],
      [
       -6.8913929,
       41.611288
      ],
      [
       -6.8766499,
       41.6187749
      ],
      [
       -6.8614216,
       41.6256997
      ],
      [
       -6.8457462,
       41.6320448
      ],
      [
       -6.8296632,
       41.6377942
      ],
      [
       -6.8132133,
       41.6429334
      ],
      [
       -6.7964377,
       41.6474494
      ],
      [
       -6.7793791,
       41.6513307
      ],
      [
       -6.7620803,
       41.6545676
      ],
      [
       -6.7445851,
       41.6571519
      ],
      [
       -6.7269378,
       41.659077
      ],
      [
       -6.709183,
       41.6603381
      ],
      [
       -6.6913656,
       41.6609319
      ],
      [
       -6.6735307,
       41.660857
      ],
      [
       -6.6557235,
       41.6601136
      ],
      [
       -6.6379888,
       41.6587035
      ],
      [
       -6.6203717,
       41.6566303
      ],
      [
       -6.6029167,
       41.6538993
      ],
      [
       -6.5856679,
       41.6505173
      ],
      [
       -6.5686689,
       41.646493
      ],
      [
       -6.5519626,
       41.6418364
      ],
      [
       -6.5355913,
       41.6365594
      ],
      [
       -6.5195961,
       41.6306753
      ],
      [
       -6.5040174,
       41.624199
      ],
      [
       -6.4888945,
       41.6171468
      ],
      [
       -6.4742653,
       41.6095365
      ],
      [
       -6.4601666,
       41.6013874
      ],
      [
       -6.4466338,
       41.5927201
      ],
      [
       -6.4337008,
       41.5835563
      ],
      [
       -6.4214,
       41.5739192
      ],
      [
       -6.409762,
       41.5638331
      ],
      [
       -6.3988158,
       41.5533234
      ],
      [
       -6.3885887,
       41.5424165
      ],
      [
       -6.379106,
       41.53114
      ],
      [
       -6.3703913,
       41.5195221
      ],
      [
       -6.3624659,
       41.5075921
      ],
      [
       -6.3553494,
       41.49538
      ],
      [
       -6.3490591,
       41.4829164
      ],
      [
       -6.3436105,
       41.4702326
      ],
      [
       -6.3390166,
       41.4573605
      ],
      [
       -6.3352884,
       41.4443323
      ],
      [
       -6.3324348,
       41.4311806
      ],
      [
       -6.3304624,
       41.4179384
      ],
      [
       -6.3293755,
       41.4046389
      ],
      [
       -6.3308333,
       41.3936111
      ],
      [
       -6.3338889,
       41.3905556
      ],
      [
       -6.3488889,
       41.3783333
      ],
      [
       -6.3941667,
       41.3805556
      ],
      [
       -6.3927778,
       41.3680556
      ],
      [
       -6.3791667,
       41.3638889
      ],
      [
       -6.3888889,
       41.3516667
      ],
      [
       -6.4119444,
       41.3497222
      ],
      [
       -6.4286111,
       41.3355556
      ],
      [
       -6.4175,
       41.3283333
      ],
      [
       -6.4375,
       41.3172222
      ],
      [
       -6.4402778,
       41.3033333
      ],
      [
       -6.4544444,
       41.2972222
      ],
      [
       -6.4708333,
       41.3008333
      ],
      [
       -6.4919444,
       41.2877778
      ],
      [
       -6.4797222,
       41.2766667
      ],
      [
       -6.4997222,
       41.265
      ],
      [
       -6.5127778,
       41.2641667
      ],
      [
       -6.5222222,
       41.2763889
      ],
      [
       -6.5461111,
       41.2583333
      ],
      [
       -6.5525,
       41.2452778
      ],
      [
       -6.5716667,
       41.2394444
      ],
      [
       -6.5863889,
       41.2422222
      ],
      [
       -6.585,
       41.2541667
      ],
      [
       -6.5961111,
       41.2541667
      ],
      [
       -6.5988889,
       41.2461111
      ],
      [
       -6.6069444,
       41.2491667
      ],
      [
       -6.62,
       41.2472222
      ],
      [
       -6.6338889,
       41.2436111
      ],
      [
       -6.6461111,
       41.2480556
      ],
      [
       -6.6547222,
       41.2344444
      ],
      [
       -6.6677778,
       41.2294444
      ],
      [
       -6.6855556,
       41.2141667
      ],
      [
       -6.6919444,
       41.2080556
      ],
      [
       -6.6916667,
       41.1944444
      ],
      [
       -6.6986111,
       41.1925
      ],
      [
       -6.6988889,
       41.1813889
      ],
      [
       -6.7075,
       41.1794444
      ],
      [
       -6.7136111,
       41.1694444
      ],
      [
       -6.7316667,
       41.1627778
      ],
      [
       -6.752114,
       41.1406726
      ],
      [
       -6.7661524,
       41.1351363
      ],
      [
       -6.7796574,
       41.1376944
      ],
      [
       -6.7965797,
       41.1415836
      ]
     ]
    ]
   }
  },
  {
   "type": "Feature",
   "properties": {
    "ll": {
     "value": 0,
     "unit": 1,
     "referenceDatum": 0
    },
    "ul": {
     "value": 1000,
     "unit": 1,
     "referenceDatum": 0
    },
    "_id": "62614fe4cb27f425094605b8",
    "name": "PICO LPPI ATZ 122.700",
    "type": 6,
    "icao": 7,
    "bnd": [
     [
      38.5375,
      -28.5338889
     ],
     [
      38.6125,
      -28.3555556
     ]
    ]
   },
   "geometry": {
    "type": "Polygon",
    "coordinates": [
     [
      [
       -28.5338889,
       38.5952778
      ],
      [
       -28.3652778,
       38.6125
      ],
      [
       -28.3555556,
       38.5544444
      ],
      [
       -28.5241667,
       38.5375
      ],
      [
       -28.5338889,
       38.5952778
      ]
     ]
    ]
   }
  },
  {
   "type": "Feature",
   "properties": {
    "ll": {
     "value": 0,
     "unit": 1,
     "referenceDatum": 0
    },
    "ul": {
     "value": 3000,
     "unit": 1,
     "referenceDatum": 1
    },
    "_id": "62614fe4cb27f425094605c6",
    "name": "PONTE DE SOR LPSO ATZ 119.805",
    "type": 6,
    "icao": 7,
    "bnd": [
     [
      39.1013889,
      -8.1602778
     ],
     [
      39.3391667,
      -7.8975
     ]
    ]
   },
   "geometry": {
    "type": "Polygon",
    "coordinates": [
     [
      [
       -8.055,
       39.3391667
      ],
      [
       -7.8975,
       39.2838889
      ],
      [
       -8.0038889,
       39.1013889
      ],
      [
       -8.1602778,
       39.1558333
      ],
      [
       -8.055,
       39.3391667
      ]
     ]
    ]
   }
  },
  {
   "type": "Feature",
   "properties": {
    "ll": {
     "value": 0,
     "unit": 1,
     "referenceDatum": 0
    },
    "ul": {
     "value": 1500,
     "unit": 1,
     "referenceDatum": 1
    },
    "_id": "62614fe5cb27f42509460611",
    "name": "PORT SANTO CTR1",
    "type": 21,
    "icao": 7,
    "bnd": [
     [
      33.025,
      -16.3811111
     ],
     [
      33.0369444,
      -16.3763889
     ]
    ]
   },
   "geometry": {
    "type": "Polygon",
    "coordinates": [
     [
      [
       -16.3811111,
       33.0291667
      ],
      [
       -16.3763889,
       33.0369444
      ],
      [
       -16.3786111,
       33.025
      ],
      [
       -16.3811111,
       33.0291667
      ]
     ]
    ]
   }
  },
  {
   "type": "Feature",
   "properties": {
    "ll": {
     "value": 0,
     "unit": 1,
     "referenceDatum": 0
    },
    "ul": {
     "value": 1500,
     "unit": 1,
     "referenceDatum": 1
    },
    "_id": "62614fe5cb27f42509460621",
    "name": "PORT SANTO CTR2",
    "type": 21,
    "icao": 7,
    "bnd": [
     [
      33.0630556,
      -16.325
     ],
     [
      33.0663889,
      -16.3175
     ]
    ]
   },
   "geometry": {
    "type": "Polygon",
    "coordinates": [
     [
      [
       -16.3175,
       33.0663889
      ],
      [
       -16.3216667,
       33.0630556
      ],
      [
       -16.325,
       33.0630556
      ],
      [
       -16.3175,
       33.0663889
      ]
     ]
    ]
   }
  },
  {
   "type": "Feature",
   "properties": {
    "ll": {
     "value": 0,
     "unit": 1,
     "referenceDatum": 0
    },
    "ul": {
     "value": 1000,
     "unit": 1,
     "referenceDatum": 1
    },
    "_id": "62614fe4cb27f425094605d4",
    "name": "PORTIMAO ATZ 122.005",
    "type": 6,
    "icao": 7,
    "bnd": [
     [
      37.0897222,
      -8.6791667
     ],
     [
      37.2169444,
      -8.4855556
     ]
    ]
   },
   "geometry": {
    "type": "Polygon",
    "coordinates": [
     [
      [
       -8.6447222,
       37.2169444
      ],
      [
       -8.4855556,
       37.1772222
      ],
      [
       -8.52,
       37.0897222
      ],
      [
       -8.6791667,
       37.1294444
      ],
      [
       -8.6447222,
       37.2169444
      ]
     ]
    ]
   }
  },
  {
   "type": "Feature",
   "properties": {
    "ll": {
     "value": 0,
     "unit": 1,
     "referenceDatum": 0
    },
    "ul": {
     "value": 150,
     "unit": 6,
     "referenceDatum": 2
    },
    "_id": "62614fe4cb27f425094605df",
    "name": "PORTIMAO PJE LPPM",
    "type": 2,
    "icao": 7,
    "bnd": [
     [
      37.0994919,
      -8.6465618
     ],
     [
      37.1994107,
      -8.5212692
     ]
    ]
   },
   "geometry": {
    "type": "Polygon",
    "coordinates": [
     [
      [
       -8.5838889,
       37.1994107
      ],
      [
       -8.5766606,
       37.1990776
      ],
      [
       -8.5695289,
       37.1980829
      ],
      [
       -8.5625888,
       37.1964399
      ],
      [
       -8.555933,
       37.1941703
      ],
      [
       -8.5496503,
       37.1913046
      ],
      [
       -8.5438245,
       37.187881
      ],
      [
       -8.5385332,
       37.1839452
      ],
      [
       -8.533847,
       37.1795497
      ],
      [
       -8.5298283,
       37.174753
      ],
      [
       -8.5265305,
       37.1696193
      ],
      [
       -8.5239974,
       37.1642169
      ],
      [
       -8.5222627,
       37.1586178
      ],
      [
       -8.5213493,
       37.1528967
      ],
      [
       -8.5212692,
       37.1471299
      ],
      [
       -8.5220232,
       37.1413941
      ],
      [
       -8.5236012,
       37.1357657
      ],
      [
       -8.5259819,
       37.1303198
      ],
      [
       -8.5291334,
       37.1251288
      ],
      [
       -8.5330137,
       37.1202617
      ],
      [
       -8.537571,
       37.1157835
      ],
      [
       -8.5427446,
       37.1117536
      ],
      [
       -8.5484654,
       37.1082256
      ],
      [
       -8.5546575,
       37.1052466
      ],
      [
       -8.5612382,
       37.1028561
      ],
      [
       -8.5681202,
       37.1010858
      ],
      [
       -8.5752118,
       37.0999595
      ],
      [
       -8.5824188,
       37.0994919
      ],
      [
       -8.5896454,
       37.0996894
      ],
      [
       -8.5967954,
       37.1005494
      ],
      [
       -8.6037738,
       37.1020603
      ],
      [
       -8.6104878,
       37.1042021
      ],
      [
       -8.6168481,
       37.1069462
      ],
      [
       -8.62277,
       37.1102564
      ],
      [
       -8.6281747,
       37.1140884
      ],
      [
       -8.6329903,
       37.1183913
      ],
      [
       -8.6371525,
       37.1231078
      ],
      [
       -8.6406059,
       37.1281753
      ],
      [
       -8.6433043,
       37.1335262
      ],
      [
       -8.6452117,
       37.1390894
      ],
      [
       -8.6463024,
       37.1447906
      ],
      [
       -8.6465618,
       37.1505541
      ],
      [
       -8.6459863,
       37.1563031
      ],
      [
       -8.6445832,
       37.1619608
      ],
      [
       -8.6423712,
       37.167452
      ],
      [
       -8.6393794,
       37.1727034
      ],
      [
       -8.6356478,
       37.1776451
      ],
      [
       -8.6312258,
       37.182211
      ],
      [
       -8.6261724,
       37.1863404
      ],
      [
       -8.6205549,
       37.1899781
      ],
      [
       -8.6144481,
       37.1930756
      ],
      [
       -8.6079335,
       37.1955915
      ],
      [
       -8.6010979,
       37.1974923
      ],
      [
       -8.5940327,
       37.1987526
      ],
      [
       -8.5868321,
       37.1993556
      ],
      [
       -8.5838889,
       37.1994107
      ]
     ]
    ]
   }
  },
  {
   "type": "Feature",
   "properties": {
    "ll": {
     "value": 1000,
     "unit": 1,
     "referenceDatum": 0
    },
    "ul": {
     "value": 245,
     "unit": 6,
     "referenceDatum": 2
    },
    "_id": "62614fe5cb27f425094605ed",
    "name": "PORTO TMA A",
    "type": 0,
    "icao": 2,
    "bnd": [
     [
      40.8553528,
      -9.2398194
     ],
     [
      41.6637119,
      -8.1312176
     ]
    ]
   },
   "geometry": {
    "type": "Polygon",
    "coordinates": [
     [
      [
       -9.0941667,
       40.9672222
      ],
      [
       -9.1095283,
       40.9791915
      ],
      [
       -9.1234104,
       40.9921465
      ],
      [
       -9.1366009,
       41.0055085
      ],
      [
       -9.1490784,
       41.0192563
      ],
      [
       -9.1608229,
       41.0333683
      ],
      [
       -9.1718152,
       41.047822
      ],
      [
       -9.1820374,
       41.0625946
      ],
      [
       -9.1914728,
       41.0776626
      ],
      [
       -9.200106,
       41.0930023
      ],
      [
       -9.2079226,
       41.1085893
      ],
      [
       -9.2149097,
       41.1243988
      ],
      [
       -9.2210556,
       41.1404056
      ],
      [
       -9.2263498,
       41.1565845
      ],
      [
       -9.2307833,
       41.1729096
      ],
      [
       -9.2343485,
       41.1893549
      ],
      [
       -9.2370389,
       41.2058942
      ],
      [
       -9.2388497,
       41.2225012
      ],
      [
       -9.2397772,
       41.2391494
      ],
      [
       -9.2398194,
       41.2558121
      ],
      [
       -9.2389754,
       41.2724628
      ],
      [
       -9.237246,
       41.2890749
      ],
      [
       -9.2346332,
       41.3056216
      ],
      [
       -9.2311405,
       41.3220766
      ],
      [
       -9.2267729,
       41.3384134
      ],
      [
       -9.2215367,
       41.3546059
      ],
      [
       -9.2154398,
       41.370628
      ],
      [
       -9.2084911,
       41.386454
      ],
      [
       -9.2007014,
       41.4020585
      ],
      [
       -9.1920826,
       41.4174163
      ],
      [
       -9.1826478,
       41.4325027
      ],
      [
       -9.1724118,
       41.4472935
      ],
      [
       -9.1613906,
       41.4617648
      ],
      [
       -9.1496013,
       41.4758931
      ],
      [
       -9.1370626,
       41.4896558
      ],
      [
       -9.1237942,
       41.5030305
      ],
      [
       -9.1098171,
       41.5159957
      ],
      [
       -9.0951535,
       41.5285304
      ],
      [
       -9.0798267,
       41.5406143
      ],
      [
       -9.0638612,
       41.5522278
      ],
      [
       -9.0472826,
       41.563352
      ],
      [
       -9.0301173,
       41.5739691
      ],
      [
       -9.0123931,
       41.5840617
      ],
      [
       -8.9941382,
       41.5936134
      ],
      [
       -8.9753823,
       41.6026088
      ],
      [
       -8.9561555,
       41.6110333
      ],
      [
       -8.9364888,
       41.6188731
      ],
      [
       -8.9164142,
       41.6261155
      ],
      [
       -8.8959641,
       41.6327487
      ],
      [
       -8.8751717,
       41.638762
      ],
      [
       -8.8540707,
       41.6441455
      ],
      [
       -8.8326954,
       41.6488905
      ],
      [
       -8.8110806,
       41.6529892
      ],
      [
       -8.7892613,
       41.6564351
      ],
      [
       -8.7672731,
       41.6592224
      ],
      [
       -8.7451517,
       41.6613467
      ],
      [
       -8.7229333,
       41.6628044
      ],
      [
       -8.700654,
       41.6635933
      ],
      [
       -8.6783501,
       41.6637119
      ],
      [
       -8.656058,
       41.6631602
      ],
      [
       -8.6338139,
       41.661939
      ],
      [
       -8.6116541,
       41.6600503
      ],
      [
       -8.5896147,
       41.6574972
      ],
      [
       -8.5677315,
       41.6542838
      ],
      [
       -8.5460402,
       41.6504154
      ],
      [
       -8.5245762,
       41.6458983
      ],
      [
       -8.5033741,
       41.6407398
      ],
      [
       -8.4824686,
       41.6349484
      ],
      [
       -8.4618935,
       41.6285334
      ],
      [
       -8.4416823,
       41.6215053
      ],
      [
       -8.4218676,
       41.6138755
      ],
      [
       -8.4024815,
       41.6056565
      ],
      [
       -8.3835554,
       41.5968615
      ],
      [
       -8.3651198,
       41.587505
      ],
      [
       -8.3472045,
       41.577602
      ],
      [
       -8.3298381,
       41.5671686
      ],
      [
       -8.3130488,
       41.5562218
      ],
      [
       -8.2968633,
       41.5447794
      ],
      [
       -8.2813077,
       41.5328598
      ],
      [
       -8.2664066,
       41.5204824
      ],
      [
       -8.2521839,
       41.5076672
      ],
      [
       -8.2386622,
       41.494435
      ],
      [
       -8.2258629,
       41.4808071
      ],
      [
       -8.2138062,
       41.4668056
      ],
      [
       -8.2025111,
       41.4524531
      ],
      [
       -8.1919953,
       41.4377727
      ],
      [
       -8.1822752,
       41.4227881
      ],
      [
       -8.173366,
       41.4075235
      ],
      [
       -8.1652814,
       41.3920035
      ],
      [
       -8.1580338,
       41.376253
      ],
      [
       -8.1516343,
       41.3602974
      ],
      [
       -8.1460925,
       41.3441622
      ],
      [
       -8.1414167,
       41.3278735
      ],
      [
       -8.1376137,
       41.3114574
      ],
      [
       -8.1346891,
       41.2949401
      ],
      [
       -8.1326466,
       41.2783481
      ],
      [
       -8.1314891,
       41.2617081
      ],
      [
       -8.1312176,
       41.2450465
      ],
      [
       -8.131832,
       41.2283902
      ],
      [
       -8.1333305,
       41.2117656
      ],
      [
       -8.1357101,
       41.1951993
      ],
      [
       -8.1389663,
       41.1787177
      ],
      [
       -8.1430933,
       41.162347
      ],
      [
       -8.1480839,
       41.1461135
      ],
      [
       -8.1539295,
       41.1300428
      ],
      [
       -8.1606201,
       41.1141606
      ],
      [
       -8.1681445,
       41.098492
      ],
      [
       -8.1764902,
       41.083062
      ],
      [
       -8.1856434,
       41.067895
      ],
      [
       -8.1955891,
       41.0530152
      ],
      [
       -8.2063108,
       41.0384459
      ],
      [
       -8.2177911,
       41.0242105
      ],
      [
       -8.2300115,
       41.0103313
      ],
      [
       -8.242952,
       40.9968303
      ],
      [
       -8.2565918,
       40.9837288
      ],
      [
       -8.270909,
       40.9710476
      ],
      [
       -8.2858806,
       40.9588067
      ],
      [
       -8.3014826,
       40.9470253
      ],
      [
       -8.31769,
       40.9357221
      ],
      [
       -8.334477,
       40.9249149
      ],
      [
       -8.351817,
       40.9146206
      ],
      [
       -8.3696823,
       40.9048556
      ],
      [
       -8.3880446,
       40.8956351
      ],
      [
       -8.4068748,
       40.8869737
      ],
      [
       -8.4261432,
       40.878885
      ],
      [
       -8.4458192,
       40.8713817
      ],
      [
       -8.4658719,
       40.8644757
      ],
      [
       -8.4862696,
       40.8581777
      ],
      [
       -8.4886111,
       40.8575
      ],
      [
       -8.5002778,
       40.8811111
      ],
      [
       -8.5203931,
       40.8756763
      ],
      [
       -8.5407846,
       40.8708697
      ],
      [
       -8.5614183,
       40.8666993
      ],
      [
       -8.5822594,
       40.8631721
      ],
      [
       -8.6032733,
       40.8602941
      ],
      [
       -8.6244246,
       40.8580699
      ],
      [
       -8.6456782,
       40.8565035
      ],
      [
       -8.6669983,
       40.8555972
      ],
      [
       -8.6883495,
       40.8553528
      ],
      [
       -8.709696,
       40.8557705
      ],
      [
       -8.7310022,
       40.8568497
      ],
      [
       -8.7522324,
       40.8585885
      ],
      [
       -8.7733512,
       40.8609842
      ],
      [
       -8.7943232,
       40.8640326
      ],
      [
       -8.8151134,
       40.8677287
      ],
      [
       -8.835687,
       40.8720663
      ],
      [
       -8.8560096,
       40.8770381
      ],
      [
       -8.876047,
       40.8826358
      ],
      [
       -8.8957658,
       40.8888501
      ],
      [
       -8.9151327,
       40.8956706
      ],
      [
       -8.9341154,
       40.9030858
      ],
      [
       -8.9526818,
       40.9110833
      ],
      [
       -8.9708007,
       40.9196497
      ],
      [
       -8.9884416,
       40.9287708
      ],
      [
       -9.0055747,
       40.9384311
      ],
      [
       -9.022171,
       40.9486145
      ],
      [
       -9.0382025,
       40.9593039
      ],
      [
       -9.053642,
       40.9704814
      ],
      [
       -9.0684632,
       40.9821282
      ],
      [
       -9.0697222,
       40.9841667
      ],
      [
       -9.0941667,
       40.9672222
      ]
     ]
    ]
   }
  },
  {
   "type": "Feature",
   "properties": {
    "ll": {
     "value": 55,
     "unit": 6,
     "referenceDatum": 2
    },
    "ul": {
     "value": 245,
     "unit": 6,
     "referenceDatum": 2
    },
    "_id": "62614fe5cb27f425094605fb",
    "name": "PORTO TMA B",
    "type": 0,
    "icao": 2,
    "bnd": [
     [
      40.6904396,
      -9.4568208
     ],
     [
      41.8556672,
      -7.9126139
     ]
    ]
   },
   "geometry": {
    "type": "Polygon",
    "coordinates": [
     [
      [
       -9.115,
       41.76
      ],
      [
       -9.0927161,
       41.7705757
      ],
      [
       -9.0699584,
       41.780579
      ],
      [
       -9.0467533,
       41.7899982
      ],
      [
       -9.0231278,
       41.7988222
      ],
      [
       -8.9991095,
       41.8070407
      ],
      [
       -8.9747263,
       41.8146441
      ],
      [
       -8.9500066,
       41.8216235
      ],
      [
       -8.9249794,
       41.8279707
      ],
      [
       -8.8996739,
       41.8336782
      ],
      [
       -8.8741198,
       41.8387393
      ],
      [
       -8.8483469,
       41.8431482
      ],
      [
       -8.8223856,
       41.8468995
      ],
      [
       -8.7962661,
       41.849989
      ],
      [
       -8.7700193,
       41.8524129
      ],
      [
       -8.7436758,
       41.8541685
      ],
      [
       -8.7172667,
       41.8552537
      ],
      [
       -8.690823,
       41.8556672
      ],
      [
       -8.6643757,
       41.8554085
      ],
      [
       -8.6379559,
       41.8544779
      ],
      [
       -8.6115946,
       41.8528765
      ],
      [
       -8.5853227,
       41.8506062
      ],
      [
       -8.5591713,
       41.8476697
      ],
      [
       -8.5331708,
       41.8440704
      ],
      [
       -8.5073518,
       41.8398125
      ],
      [
       -8.4817447,
       41.8349011
      ],
      [
       -8.4563793,
       41.8293418
      ],
      [
       -8.4312854,
       41.8231413
      ],
      [
       -8.4064924,
       41.8163068
      ],
      [
       -8.3820291,
       41.8088463
      ],
      [
       -8.3579243,
       41.8007686
      ],
      [
       -8.3342059,
       41.7920831
      ],
      [
       -8.3109016,
       41.7828
      ],
      [
       -8.2880385,
       41.7729302
      ],
      [
       -8.2656432,
       41.7624852
      ],
      [
       -8.2437416,
       41.7514773
      ],
      [
       -8.222359,
       41.7399193
      ],
      [
       -8.2015202,
       41.7278247
      ],
      [
       -8.1812492,
       41.7152077
      ],
      [
       -8.1615693,
       41.702083
      ],
      [
       -8.142503,
       41.6884659
      ],
      [
       -8.1240723,
       41.6743723
      ],
      [
       -8.1062981,
       41.6598185
      ],
      [
       -8.0892007,
       41.6448217
      ],
      [
       -8.0727996,
       41.6293991
      ],
      [
       -8.0571132,
       41.6135687
      ],
      [
       -8.0421593,
       41.597349
      ],
      [
       -8.0279546,
       41.5807587
      ],
      [
       -8.0145151,
       41.5638171
      ],
      [
       -8.0018557,
       41.5465439
      ],
      [
       -7.9899904,
       41.528959
      ],
      [
       -7.9789324,
       41.5110828
      ],
      [
       -7.9686937,
       41.4929359
      ],
      [
       -7.9592855,
       41.4745394
      ],
      [
       -7.9507179,
       41.4559145
      ],
      [
       -7.943,
       41.4370826
      ],
      [
       -7.9361401,
       41.4180655
      ],
      [
       -7.9301452,
       41.398885
      ],
      [
       -7.9250215,
       41.3795632
      ],
      [
       -7.9207741,
       41.3601223
      ],
      [
       -7.9174071,
       41.3405847
      ],
      [
       -7.9149236,
       41.3209727
      ],
      [
       -7.9133255,
       41.3013089
      ],
      [
       -7.9126139,
       41.2816157
      ],
      [
       -7.9127889,
       41.2619157
      ],
      [
       -7.9138494,
       41.2422314
      ],
      [
       -7.9157935,
       41.2225853
      ],
      [
       -7.918618,
       41.2029997
      ],
      [
       -7.9223191,
       41.1834972
      ],
      [
       -7.9268917,
       41.1640997
      ],
      [
       -7.9323297,
       41.1448295
      ],
      [
       -7.9386264,
       41.1257084
      ],
      [
       -7.9457738,
       41.1067581
      ],
      [
       -7.9537631,
       41.0880002
      ],
      [
       -7.9625844,
       41.0694559
      ],
      [
       -7.9722271,
       41.0511462
      ],
      [
       -7.9826795,
       41.0330919
      ],
      [
       -7.9939293,
       41.0153135
      ],
      [
       -8.005963,
       40.9978308
      ],
      [
       -8.0187665,
       40.9806639
      ],
      [
       -8.0323247,
       40.9638319
      ],
      [
       -8.0466217,
       40.9473539
      ],
      [
       -8.061641,
       40.9312485
      ],
      [
       -8.0773649,
       40.9155337
      ],
      [
       -8.0937755,
       40.9002273
      ],
      [
       -8.1108537,
       40.8853465
      ],
      [
       -8.12858,
       40.870908
      ],
      [
       -8.1469339,
       40.856928
      ],
      [
       -8.1658946,
       40.8434223
      ],
      [
       -8.1854404,
       40.8304058
      ],
      [
       -8.205549,
       40.8178933
      ],
      [
       -8.2261977,
       40.8058988
      ],
      [
       -8.247363,
       40.7944357
      ],
      [
       -8.269021,
       40.7835167
      ],
      [
       -8.2911471,
       40.7731542
      ],
      [
       -8.3137166,
       40.7633597
      ],
      [
       -8.3367039,
       40.7541442
      ],
      [
       -8.3600833,
       40.7455179
      ],
      [
       -8.3838285,
       40.7374906
      ],
      [
       -8.4079128,
       40.730071
      ],
      [
       -8.4323092,
       40.7232676
      ],
      [
       -8.4569906,
       40.7170879
      ],
      [
       -8.4819292,
       40.7115388
      ],
      [
       -8.5070973,
       40.7066265
      ],
      [
       -8.5324667,
       40.7023565
      ],
      [
       -8.5580091,
       40.6987335
      ],
      [
       -8.5836961,
       40.6957615
      ],
      [
       -8.609499,
       40.6934439
      ],
      [
       -8.6353891,
       40.6917833
      ],
      [
       -8.6613375,
       40.6907815
      ],
      [
       -8.6873153,
       40.6904396
      ],
      [
       -8.7132937,
       40.690758
      ],
      [
       -8.7392436,
       40.6917363
      ],
      [
       -8.7651363,
       40.6933735
      ],
      [
       -8.7909428,
       40.6956678
      ],
      [
       -8.8166344,
       40.6986165
      ],
      [
       -8.8421824,
       40.7022164
      ],
      [
       -8.8675585,
       40.7064635
      ],
      [
       -8.8927342,
       40.711353
      ],
      [
       -8.9176815,
       40.7168795
      ],
      [
       -8.9423725,
       40.7230369
      ],
      [
       -8.9667795,
       40.7298182
      ],
      [
       -8.9908754,
       40.737216
      ],
      [
       -9.0146331,
       40.7452219
      ],
      [
       -9.0380259,
       40.753827
      ],
      [
       -9.0610277,
       40.7630217
      ],
      [
       -9.0836125,
       40.7727958
      ],
      [
       -9.1057549,
       40.7831382
      ],
      [
       -9.1274299,
       40.7940376
      ],
      [
       -9.1486132,
       40.8054815
      ],
      [
       -9.1692806,
       40.8174574
      ],
      [
       -9.1894089,
       40.8299517
      ],
      [
       -9.2089751,
       40.8429504
      ],
      [
       -9.227957,
       40.856439
      ],
      [
       -9.2463329,
       40.8704024
      ],
      [
       -9.2640818,
       40.8848249
      ],
      [
       -9.2811835,
       40.8996902
      ],
      [
       -9.2976181,
       40.9149817
      ],
      [
       -9.3133669,
       40.9306822
      ],
      [
       -9.3284115,
       40.9467741
      ],
      [
       -9.3427345,
       40.9632391
      ],
      [
       -9.3563193,
       40.9800588
      ],
      [
       -9.3691499,
       40.9972142
      ],
      [
       -9.3812112,
       41.0146859
      ],
      [
       -9.3924892,
       41.0324542
      ],
      [
       -9.4029703,
       41.050499
      ],
      [
       -9.412642,
       41.0688
      ],
      [
       -9.4214927,
       41.0873363
      ],
      [
       -9.4295117,
       41.1060869
      ],
      [
       -9.4366892,
       41.1250307
      ],
      [
       -9.4430164,
       41.1441461
      ],
      [
       -9.4484851,
       41.1634114
      ],
      [
       -9.4530886,
       41.1828047
      ],
      [
       -9.4568208,
       41.202304
      ],
      [
       -9.4555556,
       41.2041667
      ],
      [
       -9.115,
       41.76
      ]
     ]
    ]
   }
  },
  {
   "type": "Feature",
   "properties": {
    "ll": {
     "value": 65,
     "unit": 6,
     "referenceDatum": 2
    },
    "ul": {
     "value": 245,
     "unit": 6,
     "referenceDatum": 2
    },
    "_id": "62614fe5cb27f42509460604",
    "name": "PORTO TMA C",
    "type": 0,
    "icao": 2,
    "bnd": [
     [
      41.0886111,
      -9.115
     ],
     [
      42.1544444,
      -7.4516667
     ]
    ]
   },
   "geometry": {
    "type": "Polygon",
    "coordinates": [
     [
      [
       -9.0325,
       41.8930556
      ],
      [
       -8.8572222,
       41.8725
      ],
      [
       -8.8375,
       41.8855556
      ],
      [
       -8.8377778,
       41.8872222
      ],
      [
       -8.8336111,
       41.8994444
      ],
      [
       -8.8144444,
       41.9080556
      ],
      [
       -8.7855556,
       41.9175
      ],
      [
       -8.765,
       41.9308333
      ],
      [
       -8.75,
       41.9391667
      ],
      [
       -8.7452778,
       41.9513889
      ],
      [
       -8.7466667,
       41.9627778
      ],
      [
       -8.7316667,
       41.9730556
      ],
      [
       -8.7102778,
       41.9811111
      ],
      [
       -8.6919444,
       41.9861111
      ],
      [
       -8.6825,
       41.9905556
      ],
      [
       -8.6713889,
       41.9980556
      ],
      [
       -8.6616667,
       42.0047222
      ],
      [
       -8.6586111,
       42.0175
      ],
      [
       -8.6577778,
       42.0311111
      ],
      [
       -8.6475,
       42.0352778
      ],
      [
       -8.6386111,
       42.0463889
      ],
      [
       -8.6255556,
       42.0508333
      ],
      [
       -8.6036111,
       42.0541667
      ],
      [
       -8.5919444,
       42.0558333
      ],
      [
       -8.5730556,
       42.0516667
      ],
      [
       -8.5544444,
       42.0519444
      ],
      [
       -8.5344444,
       42.0594444
      ],
      [
       -8.525,
       42.0652778
      ],
      [
       -8.5269444,
       42.0769444
      ],
      [
       -8.5072222,
       42.0783333
      ],
      [
       -8.4869444,
       42.0822222
      ],
      [
       -8.465,
       42.0816667
      ],
      [
       -8.4472222,
       42.0836111
      ],
      [
       -8.4333333,
       42.0780556
      ],
      [
       -8.4277778,
       42.0730556
      ],
      [
       -8.41,
       42.0772222
      ],
      [
       -8.3997222,
       42.0811111
      ],
      [
       -8.3911111,
       42.0780556
      ],
      [
       -8.3805556,
       42.0780556
      ],
      [
       -8.3697222,
       42.0883333
      ],
      [
       -8.3547222,
       42.09
      ],
      [
       -8.3391667,
       42.085
      ],
      [
       -8.325,
       42.0888889
      ],
      [
       -8.3225,
       42.1008333
      ],
      [
       -8.3141667,
       42.1038889
      ],
      [
       -8.3038889,
       42.105
      ],
      [
       -8.2930556,
       42.1122222
      ],
      [
       -8.2744444,
       42.1227778
      ],
      [
       -8.2613889,
       42.1205556
      ],
      [
       -8.2558333,
       42.1297222
      ],
      [
       -8.2552778,
       42.1372222
      ],
      [
       -8.2422222,
       42.14
      ],
      [
       -8.2294444,
       42.1336111
      ],
      [
       -8.2163889,
       42.1391667
      ],
      [
       -8.2047222,
       42.1419444
      ],
      [
       -8.1991667,
       42.1544444
      ],
      [
       -8.1897222,
       42.1372222
      ],
      [
       -8.1925,
       42.1233333
      ],
      [
       -8.1863889,
       42.1019444
      ],
      [
       -8.1861111,
       42.0783333
      ],
      [
       -8.1813889,
       42.0669444
      ],
      [
       -8.1691667,
       42.07
      ],
      [
       -8.1505556,
       42.08
      ],
      [
       -8.1377778,
       42.0758333
      ],
      [
       -8.1225,
       42.0838889
      ],
      [
       -8.0980556,
       42.0711111
      ],
      [
       -8.0858333,
       42.0497222
      ],
      [
       -8.0841667,
       42.0175
      ],
      [
       -8.0991667,
       42.0105556
      ],
      [
       -8.1272222,
       42.0058333
      ],
      [
       -8.1405556,
       41.9888889
      ],
      [
       -8.1630556,
       41.9825
      ],
      [
       -8.1772222,
       41.955
      ],
      [
       -8.1938889,
       41.9433333
      ],
      [
       -8.2108333,
       41.9222222
      ],
      [
       -8.2163889,
       41.9119444
      ],
      [
       -8.2136111,
       41.8972222
      ],
      [
       -8.2041667,
       41.8925
      ],
      [
       -8.2,
       41.8752778
      ],
      [
       -8.1711111,
       41.8780556
      ],
      [
       -8.1616667,
       41.8594444
      ],
      [
       -8.1655556,
       41.8188889
      ],
      [
       -8.15,
       41.8172222
      ],
      [
       -8.1266667,
       41.8086111
      ],
      [
       -8.105,
       41.8122222
      ],
      [
       -8.0919444,
       41.8094444
      ],
      [
       -8.0797222,
       41.8122222
      ],
      [
       -8.0605556,
       41.8163889
      ],
      [
       -8.0383333,
       41.8291667
      ],
      [
       -8.0133333,
       41.8305556
      ],
      [
       -7.9994444,
       41.8505556
      ],
      [
       -7.9891667,
       41.8677778
      ],
      [
       -7.9702778,
       41.8752778
      ],
      [
       -7.9469444,
       41.8713889
      ],
      [
       -7.92,
       41.8802778
      ],
      [
       -7.9091667,
       41.9069444
      ],
      [
       -7.9066667,
       41.9269444
      ],
      [
       -7.8858333,
       41.9272222
      ],
      [
       -7.8847222,
       41.9088889
      ],
      [
       -7.8838889,
       41.8883333
      ],
      [
       -7.8872222,
       41.8675
      ],
      [
       -7.8908333,
       41.8580556
      ],
      [
       -7.8763889,
       41.8505556
      ],
      [
       -7.8594444,
       41.8630556
      ],
      [
       -7.8458333,
       41.8633333
      ],
      [
       -7.8436111,
       41.8816667
      ],
      [
       -7.8194444,
       41.8813889
      ],
      [
       -7.7897222,
       41.8833333
      ],
      [
       -7.7777778,
       41.8872222
      ],
      [
       -7.7627778,
       41.8991667
      ],
      [
       -7.7525,
       41.8977778
      ],
      [
       -7.7438889,
       41.8933333
      ],
      [
       -7.7286111,
       41.8961111
      ],
      [
       -7.7013889,
       41.9077778
      ],
      [
       -7.6786111,
       41.8944444
      ],
      [
       -7.6636111,
       41.8872222
      ],
      [
       -7.6519444,
       41.8805556
      ],
      [
       -7.6266667,
       41.8791667
      ],
      [
       -7.6177778,
       41.8841667
      ],
      [
       -7.6063889,
       41.8788889
      ],
      [
       -7.5863889,
       41.8816667
      ],
      [
       -7.5872222,
       41.8741667
      ],
      [
       -7.6008333,
       41.8663889
      ],
      [
       -7.6116667,
       41.8452778
      ],
      [
       -7.6136111,
       41.83
      ],
      [
       -7.5988889,
       41.8333333
      ],
      [
       -7.5722222,
       41.83
      ],
      [
       -7.5461111,
       41.8363889
      ],
      [
       -7.5202778,
       41.8413889
      ],
      [
       -7.5058333,
       41.8513889
      ],
      [
       -7.5111111,
       41.8661111
      ],
      [
       -7.4927778,
       41.8713889
      ],
      [
       -7.4852778,
       41.8622222
      ],
      [
       -7.46,
       41.8638889
      ],
      [
       -7.4516667,
       41.8625
      ],
      [
       -7.4522222,
       41.8625
      ],
      [
       -7.9538889,
       41.0886111
      ],
      [
       -7.9455635,
       41.1072829
      ],
      [
       -7.9384397,
       41.1262382
      ],
      [
       -7.9321668,
       41.1453638
      ],
      [
       -7.9267527,
       41.1646379
      ],
      [
       -7.9222043,
       41.1840386
      ],
      [
       -7.9185276,
       41.2035438
      ],
      [
       -7.9157275,
       41.2231313
      ],
      [
       -7.913808,
       41.2427787
      ],
      [
       -7.9127721,
       41.2624638
      ],
      [
       -7.9126217,
       41.2821639
      ],
      [
       -7.913358,
       41.3018566
      ],
      [
       -7.9149807,
       41.3215193
      ],
      [
       -7.9174889,
       41.3411295
      ],
      [
       -7.9208804,
       41.3606647
      ],
      [
       -7.9251523,
       41.3801026
      ],
      [
       -7.9303003,
       41.3994207
      ],
      [
       -7.9363193,
       41.418597
      ],
      [
       -7.9432032,
       41.4376093
      ],
      [
       -7.9509448,
       41.4564357
      ],
      [
       -7.959536,
       41.4750545
      ],
      [
       -7.9689674,
       41.4934444
      ],
      [
       -7.9792291,
       41.511584
      ],
      [
       -7.9903097,
       41.5294524
      ],
      [
       -8.0021973,
       41.5470289
      ],
      [
       -8.0148786,
       41.5642931
      ],
      [
       -8.0283396,
       41.5812252
      ],
      [
       -8.0425653,
       41.5978054
      ],
      [
       -8.0575399,
       41.6140146
      ],
      [
       -8.0732464,
       41.6298339
      ],
      [
       -8.0896672,
       41.6452448
      ],
      [
       -8.1067837,
       41.6602296
      ],
      [
       -8.1245764,
       41.6747708
      ],
      [
       -8.1430251,
       41.6888514
      ],
      [
       -8.1621087,
       41.702455
      ],
      [
       -8.1818054,
       41.7155658
      ],
      [
       -8.2020926,
       41.7281684
      ],
      [
       -8.2229468,
       41.7402482
      ],
      [
       -8.2443442,
       41.7517911
      ],
      [
       -8.2662599,
       41.7627835
      ],
      [
       -8.2886686,
       41.7732127
      ],
      [
       -8.3115443,
       41.7830663
      ],
      [
       -8.3348605,
       41.7923329
      ],
      [
       -8.35859,
       41.8010016
      ],
      [
       -8.3827052,
       41.8090623
      ],
      [
       -8.407178,
       41.8165055
      ],
      [
       -8.4319798,
       41.8233225
      ],
      [
       -8.4570816,
       41.8295052
      ],
      [
       -8.4824541,
       41.8350465
      ],
      [
       -8.5080676,
       41.8399399
      ],
      [
       -8.533892,
       41.8441795
      ],
      [
       -8.5598971,
       41.8477604
      ],
      [
       -8.5860524,
       41.8506784
      ],
      [
       -8.6123271,
       41.8529301
      ],
      [
       -8.6386904,
       41.8545129
      ],
      [
       -8.6651114,
       41.8554248
      ],
      [
       -8.6915591,
       41.8556648
      ],
      [
       -8.7180023,
       41.8552326
      ],
      [
       -8.74441,
       41.8541287
      ],
      [
       -8.7707511,
       41.8523545
      ],
      [
       -8.7969948,
       41.849912
      ],
      [
       -8.8231103,
       41.8468041
      ],
      [
       -8.8490668,
       41.8430343
      ],
      [
       -8.874834,
       41.8386073
      ],
      [
       -8.9003816,
       41.8335281
      ],
      [
       -8.9256798,
       41.8278027
      ],
      [
       -8.9506988,
       41.8214378
      ],
      [
       -8.9754095,
       41.814441
      ],
      [
       -8.999783,
       41.8068203
      ],
      [
       -9.0237907,
       41.7985848
      ],
      [
       -9.0474049,
       41.7897441
      ],
      [
       -9.0705978,
       41.7803085
      ],
      [
       -9.0933427,
       41.7702891
      ],
      [
       -9.115,
       41.76
      ],
      [
       -9.0325,
       41.8930556
      ]
     ]
    ]
   }
  },
  {
   "type": "Feature",
   "properties": {
    "ll": {
     "value": 0,
     "unit": 1,
     "referenceDatum": 0
    },
    "ul": {
     "value": 170,
     "unit": 6,
     "referenceDatum": 2
    },
    "_id": "62614fe5cb27f4250946062f",
    "name": "PROENCA-A-NOVA PJE LPPN",
    "type": 2,
    "icao": 7,
    "bnd": [
     [
      39.6478389,
      -7.9829673
     ],
     [
      39.8143882,
      -7.7665258
     ]
    ]
   },
   "geometry": {
    "type": "Polygon",
    "coordinates": [
     [
      [
       -7.8747222,
       39.8143882
      ],
      [
       -7.8650373,
       39.8140548
      ],
      [
       -7.8554302,
       39.8130575
      ],
      [
       -7.8459778,
       39.8114041
      ],
      [
       -7.8367561,
       39.809108
      ],
      [
       -7.827839,
       39.8061876
      ],
      [
       -7.819298,
       39.8026663
      ],
      [
       -7.8112015,
       39.7985723
      ],
      [
       -7.8036145,
       39.7939385
      ],
      [
       -7.7965976,
       39.7888021
      ],
      [
       -7.7902069,
       39.7832042
      ],
      [
       -7.7844936,
       39.7771897
      ],
      [
       -7.7795031,
       39.7708068
      ],
      [
       -7.7752754,
       39.7641066
      ],
      [
       -7.7718439,
       39.7571428
      ],
      [
       -7.769236,
       39.7499711
      ],
      [
       -7.7674723,
       39.742649
      ],
      [
       -7.7665665,
       39.735235
      ],
      [
       -7.7665258,
       39.7277884
      ],
      [
       -7.76735,
       39.7203687
      ],
      [
       -7.7690324,
       39.7130354
      ],
      [
       -7.7715592,
       39.7058469
      ],
      [
       -7.77491,
       39.6988607
      ],
      [
       -7.7790578,
       39.6921327
      ],
      [
       -7.7839692,
       39.6857164
      ],
      [
       -7.7896048,
       39.6796631
      ],
      [
       -7.7959195,
       39.6740212
      ],
      [
       -7.8028628,
       39.6688356
      ],
      [
       -7.8103791,
       39.6641476
      ],
      [
       -7.8184084,
       39.6599948
      ],
      [
       -7.8268866,
       39.6564101
      ],
      [
       -7.8357461,
       39.6534221
      ],
      [
       -7.8449162,
       39.6510547
      ],
      [
       -7.8543237,
       39.6493267
      ],
      [
       -7.8638938,
       39.648252
      ],
      [
       -7.8735502,
       39.6478389
      ],
      [
       -7.8832159,
       39.6480909
      ],
      [
       -7.892814,
       39.649006
      ],
      [
       -7.9022679,
       39.6505767
      ],
      [
       -7.9115023,
       39.6527908
      ],
      [
       -7.9204436,
       39.6556304
      ],
      [
       -7.9290205,
       39.6590729
      ],
      [
       -7.9371646,
       39.663091
      ],
      [
       -7.9448109,
       39.6676526
      ],
      [
       -7.9518983,
       39.6727212
      ],
      [
       -7.9583701,
       39.6782566
      ],
      [
       -7.9641747,
       39.6842145
      ],
      [
       -7.9692654,
       39.6905474
      ],
      [
       -7.9736015,
       39.6972048
      ],
      [
       -7.9771481,
       39.7041335
      ],
      [
       -7.9798767,
       39.7112782
      ],
      [
       -7.9817652,
       39.7185818
      ],
      [
       -7.9827982,
       39.7259859
      ],
      [
       -7.9829673,
       39.7334314
      ],
      [
       -7.9822707,
       39.7408588
      ],
      [
       -7.9807139,
       39.7482086
      ],
      [
       -7.9783089,
       39.7554221
      ],
      [
       -7.9750747,
       39.7624415
      ],
      [
       -7.9710371,
       39.7692105
      ],
      [
       -7.966228,
       39.7756751
      ],
      [
       -7.9606858,
       39.7817834
      ],
      [
       -7.9544548,
       39.7874865
      ],
      [
       -7.9475846,
       39.7927387
      ],
      [
       -7.9401303,
       39.7974978
      ],
      [
       -7.9321515,
       39.8017257
      ],
      [
       -7.923712,
       39.8053886
      ],
      [
       -7.9148796,
       39.8084569
      ],
      [
       -7.905725,
       39.8109062
      ],
      [
       -7.8963216,
       39.8127167
      ],
      [
       -7.8867449,
       39.8138739
      ],
      [
       -7.8770718,
       39.8143686
      ],
      [
       -7.8747222,
       39.8143882
      ]
     ]
    ]
   }
  },
  {
   "type": "Feature",
   "properties": {
    "ll": {
     "value": 0,
     "unit": 1,
     "referenceDatum": 0
    },
    "ul": {
     "value": 3000,
     "unit": 1,
     "referenceDatum": 1
    },
    "_id": "62614fe5cb27f4250946063a",
    "name": "SANTA CRUZ LPSC",
    "type": 21,
    "icao": 7,
    "bnd": [
     [
      39.0403389,
      -9.4873054
     ],
     [
      39.2068882,
      -9.2727426
     ]
    ]
   },
   "geometry": {
    "type": "Polygon",
    "coordinates": [
     [
      [
       -9.38,
       39.2068882
      ],
      [
       -9.3703994,
       39.2065549
      ],
      [
       -9.3608759,
       39.2055575
      ],
      [
       -9.3515058,
       39.2039042
      ],
      [
       -9.3423643,
       39.2016081
      ],
      [
       -9.3335248,
       39.1986878
      ],
      [
       -9.3250581,
       39.1951666
      ],
      [
       -9.317032,
       39.1910727
      ],
      [
       -9.3095109,
       39.186439
      ],
      [
       -9.3025549,
       39.1813027
      ],
      [
       -9.2962196,
       39.1757049
      ],
      [
       -9.2905558,
       39.1696905
      ],
      [
       -9.2856086,
       39.1633076
      ],
      [
       -9.2814174,
       39.1566075
      ],
      [
       -9.2780155,
       39.1496438
      ],
      [
       -9.27543,
       39.1424722
      ],
      [
       -9.2736814,
       39.1351501
      ],
      [
       -9.2727833,
       39.127736
      ],
      [
       -9.2727426,
       39.1202895
      ],
      [
       -9.2735594,
       39.1128698
      ],
      [
       -9.275227,
       39.1055364
      ],
      [
       -9.2777316,
       39.0983479
      ],
      [
       -9.2810531,
       39.0913617
      ],
      [
       -9.2851648,
       39.0846335
      ],
      [
       -9.2900334,
       39.0782171
      ],
      [
       -9.2956201,
       39.0721638
      ],
      [
       -9.3018799,
       39.0665218
      ],
      [
       -9.308763,
       39.0613361
      ],
      [
       -9.3162141,
       39.056648
      ],
      [
       -9.3241738,
       39.0524951
      ],
      [
       -9.3325785,
       39.0489103
      ],
      [
       -9.3413613,
       39.0459223
      ],
      [
       -9.3504519,
       39.0435548
      ],
      [
       -9.3597781,
       39.0418268
      ],
      [
       -9.3692653,
       39.040752
      ],
      [
       -9.3788381,
       39.0403389
      ],
      [
       -9.3884202,
       39.0405909
      ],
      [
       -9.3979352,
       39.041506
      ],
      [
       -9.4073072,
       39.0430768
      ],
      [
       -9.4164617,
       39.0452909
      ],
      [
       -9.4253256,
       39.0481306
      ],
      [
       -9.4338282,
       39.0515732
      ],
      [
       -9.4419017,
       39.0555913
      ],
      [
       -9.4494816,
       39.060153
      ],
      [
       -9.4565075,
       39.0652218
      ],
      [
       -9.4629232,
       39.0707572
      ],
      [
       -9.4686773,
       39.0767152
      ],
      [
       -9.4737237,
       39.0830483
      ],
      [
       -9.478022,
       39.0897057
      ],
      [
       -9.4815377,
       39.0966345
      ],
      [
       -9.4842424,
       39.1037792
      ],
      [
       -9.4861142,
       39.1110828
      ],
      [
       -9.4871381,
       39.118487
      ],
      [
       -9.4873054,
       39.1259325
      ],
      [
       -9.4866147,
       39.1333599
      ],
      [
       -9.4850711,
       39.1407097
      ],
      [
       -9.4826867,
       39.1479231
      ],
      [
       -9.4794805,
       39.1549424
      ],
      [
       -9.4754777,
       39.1617114
      ],
      [
       -9.4707102,
       39.1681759
      ],
      [
       -9.4652161,
       39.1742841
      ],
      [
       -9.4590391,
       39.1799871
      ],
      [
       -9.4522286,
       39.1852392
      ],
      [
       -9.444839,
       39.1899982
      ],
      [
       -9.4369295,
       39.194226
      ],
      [
       -9.4285635,
       39.1978888
      ],
      [
       -9.4198079,
       39.2009571
      ],
      [
       -9.4107329,
       39.2034063
      ],
      [
       -9.4014114,
       39.2052167
      ],
      [
       -9.391918,
       39.2063739
      ],
      [
       -9.3823291,
       39.2068686
      ],
      [
       -9.38,
       39.2068882
      ]
     ]
    ]
   }
  },
  {
   "type": "Feature",
   "properties": {
    "ll": {
     "value": 55,
     "unit": 6,
     "referenceDatum": 2
    },
    "ul": {
     "value": 999,
     "unit": 6,
     "referenceDatum": 2
    },
    "_id": "62614fe5cb27f42509460648",
    "name": "SANTA MARIA OCEANIC 132.150",
    "type": 0,
    "icao": 0,
    "bnd": [
     [
      17,
      -40
     ],
     [
      45,
      -13
     ]
    ]
   },
   "geometry": {
    "type": "Polygon",
    "coordinates": [
     [
      [
       -40,
       45
      ],
      [
       -13,
       45
      ],
      [
       -13,
       43
      ],
      [
       -15,
       42
      ],
      [
       -15,
       36.5
      ],
      [
       -17.7666667,
       34.25
      ],
      [
       -17.7947676,
       34.2261525
      ],
      [
       -17.8222702,
       34.2018389
      ],
      [
       -17.8491635,
       34.1770694
      ],
      [
       -17.8754368,
       34.1518544
      ],
      [
       -17.9010798,
       34.1262042
      ],
      [
       -17.9260825,
       34.1001296
      ],
      [
       -17.9504351,
       34.0736414
      ],
      [
       -17.9741281,
       34.0467505
      ],
      [
       -17.9971524,
       34.0194681
      ],
      [
       -18.0194991,
       33.9918055
      ],
      [
       -18.0411596,
       33.9637741
      ],
      [
       -18.0621257,
       33.9353854
      ],
      [
       -18.0823895,
       33.9066513
      ],
      [
       -18.1019433,
       33.8775835
      ],
      [
       -18.1207799,
       33.848194
      ],
      [
       -18.1388922,
       33.8184948
      ],
      [
       -18.1562736,
       33.7884983
      ],
      [
       -18.1729177,
       33.7582166
      ],
      [
       -18.1888185,
       33.7276622
      ],
      [
       -18.2039703,
       33.6968475
      ],
      [
       -18.2183678,
       33.6657853
      ],
      [
       -18.2320058,
       33.6344882
      ],
      [
       -18.2448797,
       33.6029689
      ],
      [
       -18.256985,
       33.5712403
      ],
      [
       -18.2683177,
       33.5393153
      ],
      [
       -18.2788741,
       33.5072069
      ],
      [
       -18.2886507,
       33.4749282
      ],
      [
       -18.2976444,
       33.4424921
      ],
      [
       -18.3058525,
       33.409912
      ],
      [
       -18.3132726,
       33.3772008
      ],
      [
       -18.3199025,
       33.344372
      ],
      [
       -18.3257405,
       33.3114387
      ],
      [
       -18.3307851,
       33.2784142
      ],
      [
       -18.3350352,
       33.2453118
      ],
      [
       -18.33849,
       33.2121449
      ],
      [
       -18.341149,
       33.1789268
      ],
      [
       -18.3430121,
       33.1456707
      ],
      [
       -18.3440793,
       33.1123901
      ],
      [
       -18.3443513,
       33.0790983
      ],
      [
       -18.3438287,
       33.0458086
      ],
      [
       -18.3425127,
       33.0125343
      ],
      [
       -18.3404048,
       32.9792887
      ],
      [
       -18.3375065,
       32.946085
      ],
      [
       -18.3338201,
       32.9129365
      ],
      [
       -18.3293478,
       32.8798564
      ],
      [
       -18.3240923,
       32.8468578
      ],
      [
       -18.3180565,
       32.8139538
      ],
      [
       -18.3112437,
       32.7811574
      ],
      [
       -18.3036575,
       32.7484817
      ],
      [
       -18.2953017,
       32.7159396
      ],
      [
       -18.2861804,
       32.6835439
      ],
      [
       -18.2762981,
       32.6513075
      ],
      [
       -18.2656594,
       32.619243
      ],
      [
       -18.2542694,
       32.587363
      ],
      [
       -18.2421334,
       32.5556802
      ],
      [
       -18.2292569,
       32.524207
      ],
      [
       -18.2156456,
       32.4929558
      ],
      [
       -18.2013058,
       32.4619388
      ],
      [
       -18.1862438,
       32.4311681
      ],
      [
       -18.1704662,
       32.4006558
      ],
      [
       -18.1539798,
       32.370414
      ],
      [
       -18.1367919,
       32.3404543
      ],
      [
       -18.1189098,
       32.3107884
      ],
      [
       -18.1003412,
       32.2814281
      ],
      [
       -18.0810939,
       32.2523846
      ],
      [
       -18.0611761,
       32.2236693
      ],
      [
       -18.0405962,
       32.1952934
      ],
      [
       -18.0193627,
       32.1672679
      ],
      [
       -17.9974845,
       32.1396037
      ],
      [
       -17.9749707,
       32.1123116
      ],
      [
       -17.9518305,
       32.085402
      ],
      [
       -17.9280734,
       32.0588854
      ],
      [
       -17.9037091,
       32.0327722
      ],
      [
       -17.8787476,
       32.0070723
      ],
      [
       -17.853199,
       31.9817957
      ],
      [
       -17.8270736,
       31.9569523
      ],
      [
       -17.8003819,
       31.9325514
      ],
      [
       -17.7731348,
       31.9086027
      ],
      [
       -17.745343,
       31.8851152
      ],
      [
       -17.7170176,
       31.8620981
      ],
      [
       -17.6881701,
       31.8395602
      ],
      [
       -17.6588117,
       31.8175101
      ],
      [
       -17.6289542,
       31.7959564
      ],
      [
       -17.5986092,
       31.7749072
      ],
      [
       -17.5677889,
       31.7543708
      ],
      [
       -17.5365052,
       31.7343549
      ],
      [
       -17.5047705,
       31.7148672
      ],
      [
       -17.4725972,
       31.6959152
      ],
      [
       -17.4399978,
       31.6775061
      ],
      [
       -17.4166667,
       31.6666667
      ],
      [
       -20,
       30
      ],
      [
       -25,
       30
      ],
      [
       -25,
       24
      ],
      [
       -37.5,
       17
      ],
      [
       -40,
       22.3
      ],
      [
       -40,
       45
      ]
     ]
    ]
   }
  },
  {
   "type": "Feature",
   "properties": {
    "ll": {
     "value": 1000,
     "unit": 1,
     "referenceDatum": 0
    },
    "ul": {
     "value": 195,
     "unit": 6,
     "referenceDatum": 2
    },
    "_id": "62614fe5cb27f42509460657",
    "name": "SANTA MARIA TMA 132.150",
    "type": 0,
    "icao": 2,
    "bnd": [
     [
      35.8446434,
      -33.8026908
     ],
     [
      41.4548482,
      -23.2232073
     ]
    ]
   },
   "geometry": {
    "type": "Polygon",
    "coordinates": [
     [
      [
       -24.7752778,
       39.6941667
      ],
      [
       -24.7312725,
       39.6805178
      ],
      [
       -24.6880903,
       39.6654142
      ],
      [
       -24.6452924,
       39.6496913
      ],
      [
       -24.6028938,
       39.6333548
      ],
      [
       -24.5609095,
       39.6164105
      ],
      [
       -24.5193543,
       39.5988646
      ],
      [
       -24.4782426,
       39.5807233
      ],
      [
       -24.4375888,
       39.5619932
      ],
      [
       -24.397407,
       39.5426809
      ],
      [
       -24.3577113,
       39.5227933
      ],
      [
       -24.3185153,
       39.5023375
      ],
      [
       -24.2798325,
       39.481321
      ],
      [
       -24.2416763,
       39.4597511
      ],
      [
       -24.2040598,
       39.4376355
      ],
      [
       -24.1669957,
       39.4149821
      ],
      [
       -24.1304968,
       39.3917991
      ],
      [
       -24.0945753,
       39.3680945
      ],
      [
       -24.0592434,
       39.3438769
      ],
      [
       -24.0245129,
       39.3191547
      ],
      [
       -23.9903956,
       39.2939369
      ],
      [
       -23.9569028,
       39.2682322
      ],
      [
       -23.9240455,
       39.2420498
      ],
      [
       -23.8918347,
       39.2153989
      ],
      [
       -23.8602809,
       39.1882889
      ],
      [
       -23.8293945,
       39.1607293
      ],
      [
       -23.7991855,
       39.1327299
      ],
      [
       -23.7696636,
       39.1043005
      ],
      [
       -23.7408384,
       39.0754509
      ],
      [
       -23.712719,
       39.0461915
      ],
      [
       -23.6853145,
       39.0165323
      ],
      [
       -23.6586334,
       38.9864837
      ],
      [
       -23.6326842,
       38.9560563
      ],
      [
       -23.6074748,
       38.9252605
      ],
      [
       -23.5830131,
       38.8941072
      ],
      [
       -23.5593065,
       38.8626072
      ],
      [
       -23.5363624,
       38.8307714
      ],
      [
       -23.5141874,
       38.7986108
      ],
      [
       -23.4927884,
       38.7661365
      ],
      [
       -23.4721715,
       38.7333598
      ],
      [
       -23.4523428,
       38.7002919
      ],
      [
       -23.433308,
       38.6669444
      ],
      [
       -23.4150726,
       38.6333285
      ],
      [
       -23.3976416,
       38.599456
      ],
      [
       -23.3810199,
       38.5653383
      ],
      [
       -23.365212,
       38.5309873
      ],
      [
       -23.3502221,
       38.4964145
      ],
      [
       -23.3360542,
       38.461632
      ],
      [
       -23.3227119,
       38.4266514
      ],
      [
       -23.3101984,
       38.3914847
      ],
      [
       -23.2985169,
       38.3561439
      ],
      [
       -23.2876701,
       38.320641
      ],
      [
       -23.2776604,
       38.2849879
      ],
      [
       -23.2684899,
       38.2491968
      ],
      [
       -23.2601606,
       38.2132798
      ],
      [
       -23.2526739,
       38.177249
      ],
      [
       -23.2460311,
       38.1411164
      ],
      [
       -23.2402333,
       38.1048944
      ],
      [
       -23.235281,
       38.0685949
      ],
      [
       -23.2311747,
       38.0322303
      ],
      [
       -23.2279145,
       37.9958127
      ],
      [
       -23.2255002,
       37.9593542
      ],
      [
       -23.2239314,
       37.9228671
      ],
      [
       -23.2232073,
       37.8863634
      ],
      [
       -23.2233269,
       37.8498554
      ],
      [
       -23.224289,
       37.8133553
      ],
      [
       -23.2260919,
       37.776875
      ],
      [
       -23.2287338,
       37.7404266
      ],
      [
       -23.2322126,
       37.7040224
      ],
      [
       -23.236526,
       37.6676742
      ],
      [
       -23.2416712,
       37.6313941
      ],
      [
       -23.2476454,
       37.595194
      ],
      [
       -23.2544454,
       37.5590859
      ],
      [
       -23.2620677,
       37.5230815
      ],
      [
       -23.2705088,
       37.4871928
      ],
      [
       -23.2797646,
       37.4514314
      ],
      [
       -23.289831,
       37.4158091
      ],
      [
       -23.3007035,
       37.3803375
      ],
      [
       -23.3123774,
       37.3450281
      ],
      [
       -23.3248479,
       37.3098926
      ],
      [
       -23.3381098,
       37.2749422
      ],
      [
       -23.3521577,
       37.2401884
      ],
      [
       -23.3669859,
       37.2056424
      ],
      [
       -23.3825886,
       37.1713155
      ],
      [
       -23.3989597,
       37.1372187
      ],
      [
       -23.4160928,
       37.103363
      ],
      [
       -23.4339815,
       37.0697594
      ],
      [
       -23.4526191,
       37.0364187
      ],
      [
       -23.4719984,
       37.0033517
      ],
      [
       -23.4921124,
       36.970569
      ],
      [
       -23.5129537,
       36.938081
      ],
      [
       -23.5345146,
       36.9058983
      ],
      [
       -23.5567874,
       36.8740311
      ],
      [
       -23.5797641,
       36.8424896
      ],
      [
       -23.6034365,
       36.8112839
      ],
      [
       -23.6277962,
       36.780424
      ],
      [
       -23.6528346,
       36.7499197
      ],
      [
       -23.6785429,
       36.7197807
      ],
      [
       -23.7049123,
       36.6900166
      ],
      [
       -23.7319337,
       36.6606369
      ],
      [
       -23.7595976,
       36.6316509
      ],
      [
       -23.7878946,
       36.6030678
      ],
      [
       -23.8168152,
       36.5748966
      ],
      [
       -23.8463494,
       36.5471462
      ],
      [
       -23.8764873,
       36.5198255
      ],
      [
       -23.9072189,
       36.4929431
      ],
      [
       -23.9385337,
       36.4665073
      ],
      [
       -23.9704214,
       36.4405266
      ],
      [
       -24.0028714,
       36.4150092
      ],
      [
       -24.0358729,
       36.3899631
      ],
      [
       -24.069415,
       36.3653961
      ],
      [
       -24.1034868,
       36.3413159
      ],
      [
       -24.1380771,
       36.3177302
      ],
      [
       -24.1731746,
       36.2946463
      ],
      [
       -24.2087679,
       36.2720714
      ],
      [
       -24.2448455,
       36.2500126
      ],
      [
       -24.2813956,
       36.2284769
      ],
      [
       -24.3184065,
       36.2074709
      ],
      [
       -24.3558663,
       36.1870011
      ],
      [
       -24.393763,
       36.1670741
      ],
      [
       -24.4320845,
       36.147696
      ],
      [
       -24.4708186,
       36.1288728
      ],
      [
       -24.5099528,
       36.1106104
      ],
      [
       -24.5494749,
       36.0929145
      ],
      [
       -24.5893722,
       36.0757906
      ],
      [
       -24.6296321,
       36.0592439
      ],
      [
       -24.670242,
       36.0432798
      ],
      [
       -24.711189,
       36.027903
      ],
      [
       -24.7524603,
       36.0131184
      ],
      [
       -24.794043,
       35.9989306
      ],
      [
       -24.8359239,
       35.985344
      ],
      [
       -24.87809,
       35.9723627
      ],
      [
       -24.9205282,
       35.9599908
      ],
      [
       -24.9632251,
       35.9482322
      ],
      [
       -25.0061675,
       35.9370904
      ],
      [
       -25.0493421,
       35.9265689
      ],
      [
       -25.0927354,
       35.916671
      ],
      [
       -25.1363339,
       35.9073997
      ],
      [
       -25.1801242,
       35.8987579
      ],
      [
       -25.2240926,
       35.8907482
      ],
      [
       -25.2682257,
       35.8833732
      ],
      [
       -25.3125096,
       35.8766351
      ],
      [
       -25.3569308,
       35.870536
      ],
      [
       -25.4014756,
       35.8650777
      ],
      [
       -25.4461301,
       35.860262
      ],
      [
       -25.4908807,
       35.8560904
      ],
      [
       -25.5357136,
       35.852564
      ],
      [
       -25.5806148,
       35.8496841
      ],
      [
       -25.6255707,
       35.8474515
      ],
      [
       -25.6705673,
       35.8458669
      ],
      [
       -25.7155909,
       35.8449307
      ],
      [
       -25.7606275,
       35.8446434
      ],
      [
       -25.8056634,
       35.8450048
      ],
      [
       -25.8506846,
       35.8460151
      ],
      [
       -25.8956772,
       35.8476737
      ],
      [
       -25.9406276,
       35.8499803
      ],
      [
       -25.9855217,
       35.8529341
      ],
      [
       -26.0303459,
       35.8565342
      ],
      [
       -26.0750862,
       35.8607795
      ],
      [
       -26.1197289,
       35.8656686
      ],
      [
       -26.1642602,
       35.8712002
      ],
      [
       -26.2086664,
       35.8773724
      ],
      [
       -26.2529339,
       35.8841834
      ],
      [
       -26.2970488,
       35.891631
      ],
      [
       -26.3409976,
       35.899713
      ],
      [
       -26.3847666,
       35.9084268
      ],
      [
       -26.4283424,
       35.9177698
      ],
      [
       -26.4717114,
       35.9277391
      ],
      [
       -26.5148601,
       35.9383316
      ],
      [
       -26.5577752,
       35.949544
      ],
      [
       -26.6004432,
       35.9613729
      ],
      [
       -26.642851,
       35.9738146
      ],
      [
       -26.6849852,
       35.9868652
      ],
      [
       -26.6930556,
       35.9894444
      ],
      [
       -32.0244444,
       37.5563889
      ],
      [
       -32.0680372,
       37.568162
      ],
      [
       -32.1113661,
       37.5805474
      ],
      [
       -32.1544178,
       37.5935412
      ],
      [
       -32.1971789,
       37.6071394
      ],
      [
       -32.2396359,
       37.6213378
      ],
      [
       -32.2817757,
       37.6361321
      ],
      [
       -32.3235851,
       37.6515176
      ],
      [
       -32.365051,
       37.6674896
      ],
      [
       -32.4061603,
       37.6840431
      ],
      [
       -32.4469002,
       37.7011731
      ],
      [
       -32.4872577,
       37.7188743
      ],
      [
       -32.5272201,
       37.7371411
      ],
      [
       -32.5667748,
       37.7559679
      ],
      [
       -32.6059093,
       37.7753488
      ],
      [
       -32.6446109,
       37.7952779
      ],
      [
       -32.6828675,
       37.8157489
      ],
      [
       -32.7206667,
       37.8367555
      ],
      [
       -32.7579965,
       37.8582911
      ],
      [
       -32.7948448,
       37.8803491
      ],
      [
       -32.8311997,
       37.9029226
      ],
      [
       -32.8670494,
       37.9260044
      ],
      [
       -32.9023824,
       37.9495875
      ],
      [
       -32.937187,
       37.9736645
      ],
      [
       -32.971452,
       37.9982278
      ],
      [
       -33.005166,
       38.0232697
      ],
      [
       -33.0383179,
       38.0487824
      ],
      [
       -33.0708969,
       38.0747579
      ],
      [
       -33.102892,
       38.101188
      ],
      [
       -33.1342926,
       38.1280645
      ],
      [
       -33.1650882,
       38.1553788
      ],
      [
       -33.1952684,
       38.1831224
      ],
      [
       -33.2248231,
       38.2112866
      ],
      [
       -33.2537421,
       38.2398624
      ],
      [
       -33.2820157,
       38.2688409
      ],
      [
       -33.3096341,
       38.2982128
      ],
      [
       -33.3365878,
       38.3279688
      ],
      [
       -33.3628675,
       38.3580996
      ],
      [
       -33.3884639,
       38.3885956
      ],
      [
       -33.4133682,
       38.419447
      ],
      [
       -33.4375715,
       38.4506442
      ],
      [
       -33.4610653,
       38.482177
      ],
      [
       -33.483841,
       38.5140356
      ],
      [
       -33.5058905,
       38.5462096
      ],
      [
       -33.5272059,
       38.5786889
      ],
      [
       -33.5477792,
       38.6114631
      ],
      [
       -33.5676029,
       38.6445215
      ],
      [
       -33.5866695,
       38.6778537
      ],
      [
       -33.6049721,
       38.7114489
      ],
      [
       -33.6225034,
       38.7452963
      ],
      [
       -33.639257,
       38.779385
      ],
      [
       -33.6552261,
       38.813704
      ],
      [
       -33.6704046,
       38.8482422
      ],
      [
       -33.6847863,
       38.8829885
      ],
      [
       -33.6983656,
       38.9179315
      ],
      [
       -33.7111367,
       38.95306
      ],
      [
       -33.7230943,
       38.9883625
      ],
      [
       -33.7342334,
       39.0238276
      ],
      [
       -33.744549,
       39.0594436
      ],
      [
       -33.7540367,
       39.095199
      ],
      [
       -33.7626919,
       39.1310821
      ],
      [
       -33.7705107,
       39.1670811
      ],
      [
       -33.7774891,
       39.2031843
      ],
      [
       -33.7836237,
       39.2393797
      ],
      [
       -33.788911,
       39.2756555
      ],
      [
       -33.793348,
       39.3119998
      ],
      [
       -33.7969319,
       39.3484005
      ],
      [
       -33.7996603,
       39.3848456
      ],
      [
       -33.8015308,
       39.4213231
      ],
      [
       -33.8025416,
       39.4578209
      ],
      [
       -33.8026908,
       39.4943268
      ],
      [
       -33.8019772,
       39.5308287
      ],
      [
       -33.8003996,
       39.5673146
      ],
      [
       -33.7979571,
       39.6037721
      ],
      [
       -33.7946492,
       39.6401892
      ],
      [
       -33.7904757,
       39.6765536
      ],
      [
       -33.7854365,
       39.7128532
      ],
      [
       -33.779532,
       39.7490758
      ],
      [
       -33.7727628,
       39.7852092
      ],
      [
       -33.7651299,
       39.8212413
      ],
      [
       -33.7566343,
       39.8571598
      ],
      [
       -33.7472777,
       39.8929528
      ],
      [
       -33.7370619,
       39.928608
      ],
      [
       -33.7259889,
       39.9641133
      ],
      [
       -33.7140612,
       39.9994569
      ],
      [
       -33.7012815,
       40.0346265
      ],
      [
       -33.6876528,
       40.0696103
      ],
      [
       -33.6731785,
       40.1043963
      ],
      [
       -33.6578622,
       40.1389726
      ],
      [
       -33.6417078,
       40.1733275
      ],
      [
       -33.6247196,
       40.2074491
      ],
      [
       -33.6069021,
       40.2413257
      ],
      [
       -33.5882603,
       40.2749458
      ],
      [
       -33.5687992,
       40.3082976
      ],
      [
       -33.5485245,
       40.3413698
      ],
      [
       -33.5274418,
       40.3741509
      ],
      [
       -33.5055573,
       40.4066296
      ],
      [
       -33.4828773,
       40.4387946
      ],
      [
       -33.4594087,
       40.4706348
      ],
      [
       -33.4351584,
       40.5021391
      ],
      [
       -33.4101337,
       40.5332965
      ],
      [
       -33.3843422,
       40.5640963
      ],
      [
       -33.3577919,
       40.5945276
      ],
      [
       -33.3304911,
       40.6245798
      ],
      [
       -33.3024481,
       40.6542425
      ],
      [
       -33.2736719,
       40.6835051
      ],
      [
       -33.2441716,
       40.7123575
      ],
      [
       -33.2139565,
       40.7407895
      ],
      [
       -33.1830364,
       40.7687912
      ],
      [
       -33.1514212,
       40.7963526
      ],
      [
       -33.1191213,
       40.823464
      ],
      [
       -33.0861471,
       40.8501158
      ],
      [
       -33.0525095,
       40.8762987
      ],
      [
       -33.0182197,
       40.9020033
      ],
      [
       -32.9832889,
       40.9272205
      ],
      [
       -32.9477289,
       40.9519415
      ],
      [
       -32.9115515,
       40.9761573
      ],
      [
       -32.874769,
       40.9998594
      ],
      [
       -32.8373937,
       41.0230393
      ],
      [
       -32.7994383,
       41.0456888
      ],
      [
       -32.7609158,
       41.0677998
      ],
      [
       -32.7218394,
       41.0893644
      ],
      [
       -32.6822224,
       41.1103748
      ],
      [
       -32.6420785,
       41.1308235
      ],
      [
       -32.6014217,
       41.1507032
      ],
      [
       -32.5602659,
       41.1700068
      ],
      [
       -32.5186256,
       41.1887273
      ],
      [
       -32.4765152,
       41.206858
      ],
      [
       -32.4339495,
       41.2243923
      ],
      [
       -32.3909435,
       41.241324
      ],
      [
       -32.3475122,
       41.257647
      ],
      [
       -32.3036711,
       41.2733552
      ],
      [
       -32.2594356,
       41.2884432
      ],
      [
       -32.2148214,
       41.3029054
      ],
      [
       -32.1698444,
       41.3167366
      ],
      [
       -32.1245206,
       41.3299317
      ],
      [
       -32.0788661,
       41.3424861
      ],
      [
       -32.0328974,
       41.3543951
      ],
      [
       -31.9866308,
       41.3656545
      ],
      [
       -31.940083,
       41.3762601
      ],
      [
       -31.8932708,
       41.3862081
      ],
      [
       -31.8462109,
       41.3954949
      ],
      [
       -31.7989203,
       41.4041171
      ],
      [
       -31.7514162,
       41.4120715
      ],
      [
       -31.7037156,
       41.4193554
      ],
      [
       -31.6558359,
       41.4259659
      ],
      [
       -31.6077943,
       41.4319008
      ],
      [
       -31.5596084,
       41.4371579
      ],
      [
       -31.5112955,
       41.4417352
      ],
      [
       -31.4628733,
       41.4456311
      ],
      [
       -31.4143593,
       41.4488441
      ],
      [
       -31.3657711,
       41.4513732
      ],
      [
       -31.3171265,
       41.4532173
      ],
      [
       -31.2684431,
       41.4543758
      ],
      [
       -31.2197386,
       41.4548482
      ],
      [
       -31.1710308,
       41.4546345
      ],
      [
       -31.1223373,
       41.4537346
      ],
      [
       -31.073676,
       41.452149
      ],
      [
       -31.0250645,
       41.4498781
      ],
      [
       -30.9765204,
       41.4469228
      ],
      [
       -30.9280615,
       41.4432843
      ],
      [
       -30.8797054,
       41.4389637
      ],
      [
       -30.8314695,
       41.4339627
      ],
      [
       -30.7833714,
       41.4282832
      ],
      [
       -30.7354287,
       41.4219271
      ],
      [
       -30.6876585,
       41.4148968
      ],
      [
       -30.6400783,
       41.4071949
      ],
      [
       -30.5927052,
       41.3988241
      ],
      [
       -30.5455563,
       41.3897875
      ],
      [
       -30.4986487,
       41.3800884
      ],
      [
       -30.4519992,
       41.3697303
      ],
      [
       -30.4056246,
       41.358717
      ],
      [
       -30.3595417,
       41.3470525
      ],
      [
       -30.3508333,
       41.3441667
      ],
      [
       -24.7752778,
       39.6941667
      ]
     ]
    ]
   }
  },
  {
   "type": "Feature",
   "properties": {
    "ll": {
     "value": 0,
     "unit": 1,
     "referenceDatum": 0
    },
    "ul": {
     "value": 45,
     "unit": 6,
     "referenceDatum": 2
    },
    "_id": "62614fe6cb27f4250946065f",
    "name": "SANTAREM ACRO LPSR",
    "type": 2,
    "icao": 7,
    "bnd": [
     [
      39.2008333,
      -8.6855556
     ],
     [
      39.2119444,
      -8.6711111
     ]
    ]
   },
   "geometry": {
    "type": "Polygon",
    "coordinates": [
     [
      [
       -8.6819444,
       39.2119444
      ],
      [
       -8.6711111,
       39.2097222
      ],
      [
       -8.6747222,
       39.2008333
      ],
      [
       -8.6855556,
       39.2036111
      ],
      [
       -8.6819444,
       39.2119444
      ]
     ]
    ]
   }
  },
  {
   "type": "Feature",
   "properties": {
    "ll": {
     "value": 0,
     "unit": 1,
     "referenceDatum": 0
    },
    "ul": {
     "value": 1000,
     "unit": 1,
     "referenceDatum": 0
    },
    "_id": "62614fe6cb27f4250946066b",
    "name": "SÃO JORGE LPSJ ATZ 119.800",
    "type": 6,
    "icao": 7,
    "bnd": [
     [
      38.5902778,
      -28.2797222
     ],
     [
      38.7030556,
      -28.0941667
     ]
    ]
   },
   "geometry": {
    "type": "Polygon",
    "coordinates": [
     [
      [
       -28.2455556,
       38.7030556
      ],
      [
       -28.0941667,
       38.6422222
      ],
      [
       -28.1283333,
       38.5902778
      ],
      [
       -28.2797222,
       38.6511111
      ],
      [
       -28.2455556,
       38.7030556
      ]
     ]
    ]
   }
  },
  {
   "type": "Feature",
   "properties": {
    "ll": {
     "value": 0,
     "unit": 1,
     "referenceDatum": 0
    },
    "ul": {
     "value": 130,
     "unit": 6,
     "referenceDatum": 2
    },
    "_id": "62614fe6cb27f4250946067b",
    "name": "TANCOS PJE LPTN",
    "type": 2,
    "icao": 7,
    "bnd": [
     [
      39.4303206,
      -8.4307235
     ],
     [
      39.5202474,
      -8.314246
     ]
    ]
   },
   "geometry": {
    "type": "Polygon",
    "coordinates": [
     [
      [
       -8.3725,
       39.5202474
      ],
      [
       -8.3654209,
       39.5199144
      ],
      [
       -8.3584467,
       39.5189203
      ],
      [
       -8.351681,
       39.5172798
      ],
      [
       -8.3452239,
       39.5150174
      ],
      [
       -8.3391713,
       39.5121664
      ],
      [
       -8.3336127,
       39.5087692
      ],
      [
       -8.3286306,
       39.5048762
      ],
      [
       -8.3242985,
       39.500545
      ],
      [
       -8.3206807,
       39.4958399
      ],
      [
       -8.3178306,
       39.4908305
      ],
      [
       -8.3157901,
       39.485591
      ],
      [
       -8.3145894,
       39.4801991
      ],
      [
       -8.314246,
       39.4747345
      ],
      [
       -8.3147649,
       39.4692782
      ],
      [
       -8.316138,
       39.4639109
      ],
      [
       -8.318345,
       39.458712
      ],
      [
       -8.3213529,
       39.4537584
      ],
      [
       -8.3251172,
       39.4491234
      ],
      [
       -8.329582,
       39.4448755
      ],
      [
       -8.3346812,
       39.4410775
      ],
      [
       -8.3403393,
       39.4377856
      ],
      [
       -8.3464727,
       39.4350483
      ],
      [
       -8.3529907,
       39.4329062
      ],
      [
       -8.3597969,
       39.4313909
      ],
      [
       -8.3667907,
       39.4305248
      ],
      [
       -8.3738689,
       39.4303206
      ],
      [
       -8.3809269,
       39.4307814
      ],
      [
       -8.3878604,
       39.4319004
      ],
      [
       -8.394567,
       39.433661
      ],
      [
       -8.4009475,
       39.4360373
      ],
      [
       -8.4069077,
       39.4389941
      ],
      [
       -8.4123594,
       39.4424878
      ],
      [
       -8.417222,
       39.4464666
      ],
      [
       -8.4214234,
       39.4508718
      ],
      [
       -8.4249015,
       39.4556383
      ],
      [
       -8.4276047,
       39.4606956
      ],
      [
       -8.4294927,
       39.4659688
      ],
      [
       -8.4305376,
       39.47138
      ],
      [
       -8.4307235,
       39.4768491
      ],
      [
       -8.4300476,
       39.4822952
      ],
      [
       -8.4285197,
       39.4876376
      ],
      [
       -8.4261622,
       39.4927972
      ],
      [
       -8.4230099,
       39.4976977
      ],
      [
       -8.4191092,
       39.5022663
      ],
      [
       -8.4145179,
       39.5064355
      ],
      [
       -8.4093038,
       39.5101434
      ],
      [
       -8.4035442,
       39.5133351
      ],
      [
       -8.3973243,
       39.5159632
      ],
      [
       -8.3907364,
       39.5179889
      ],
      [
       -8.383878,
       39.519382
      ],
      [
       -8.3768509,
       39.5201219
      ],
      [
       -8.3725,
       39.5202474
      ]
     ]
    ]
   }
  },
  {
   "type": "Feature",
   "properties": {
    "ll": {
     "value": 0,
     "unit": 1,
     "referenceDatum": 0
    },
    "ul": {
     "value": 1000,
     "unit": 1,
     "referenceDatum": 0
    },
    "_id": "62614fe6cb27f42509460689",
    "name": "TMZ/RMZ HORTA 120.600 / 118.000",
    "type": 5,
    "icao": 7,
    "bnd": [
     [
      38.5011111,
      -28.5416667
     ],
     [
      38.7508333,
      -28.0172222
     ]
    ]
   },
   "geometry": {
    "type": "Polygon",
    "coordinates": [
     [
      [
       -28.5416667,
       38.6427778
      ],
      [
       -28.0494444,
       38.7508333
      ],
      [
       -28.0172222,
       38.5719444
      ],
      [
       -28.3555556,
       38.5544444
      ],
      [
       -28.5183333,
       38.5011111
      ],
      [
       -28.5416667,
       38.6427778
      ]
     ]
    ]
   }
  },
  {
   "type": "Feature",
   "properties": {
    "ll": {
     "value": 0,
     "unit": 1,
     "referenceDatum": 0
    },
    "ul": {
     "value": 55,
     "unit": 6,
     "referenceDatum": 2
    },
    "_id": "62614fe6cb27f42509460696",
    "name": "TMZ/RMZ PONTE DE SOR 119.805 / 123.755",
    "type": 5,
    "icao": 7,
    "bnd": [
     [
      38.9983333,
      -8.3222222
     ],
     [
      39.7288889,
      -7.6138889
     ]
    ]
   },
   "geometry": {
    "type": "Polygon",
    "coordinates": [
     [
      [
       -7.9691667,
       39.7288889
      ],
      [
       -7.6138889,
       39.605
      ],
      [
       -7.9694444,
       38.9983333
      ],
      [
       -8.3222222,
       39.1211111
      ],
      [
       -7.9691667,
       39.7288889
      ]
     ]
    ]
   }
  },
  {
   "type": "Feature",
   "properties": {
    "ll": {
     "value": 0,
     "unit": 1,
     "referenceDatum": 0
    },
    "ul": {
     "value": 4000,
     "unit": 1,
     "referenceDatum": 1
    },
    "_id": "62614fe6cb27f425094606af",
    "name": "VILA REAL ATZ 122.905",
    "type": 6,
    "icao": 7,
    "bnd": [
     [
      41.1969444,
      -7.8102778
     ],
     [
      41.3544444,
      -7.6302778
     ]
    ]
   },
   "geometry": {
    "type": "Polygon",
    "coordinates": [
     [
      [
       -7.7569444,
       41.3544444
      ],
      [
       -7.6302778,
       41.3238889
      ],
      [
       -7.6841667,
       41.1969444
      ],
      [
       -7.8102778,
       41.2272222
      ],
      [
       -7.7569444,
       41.3544444
      ]
     ]
    ]
   }
  },
  {
   "type": "Feature",
   "properties": {
    "ll": {
     "value": 0,
     "unit": 1,
     "referenceDatum": 0
    },
    "ul": {
     "value": 11750,
     "unit": 1,
     "referenceDatum": 1
    },
    "_id": "62614fe6cb27f425094606a3",
    "name": "VILAR DE LUZ PJE LPVL",
    "type": 2,
    "icao": 7,
    "bnd": [
     [
      41.2458705,
      -8.5615029
     ],
     [
      41.3124775,
      -8.4729012
     ]
    ]
   },
   "geometry": {
    "type": "Polygon",
    "coordinates": [
     [
      [
       -8.5172222,
       41.3124775
      ],
      [
       -8.5109701,
       41.3121446
      ],
      [
       -8.504843,
       41.3111527
      ],
      [
       -8.4989635,
       41.3095216
      ],
      [
       -8.4934493,
       41.3072838
      ],
      [
       -8.4884106,
       41.3044843
      ],
      [
       -8.483948,
       41.3011789
      ],
      [
       -8.4801507,
       41.2974337
      ],
      [
       -8.4770946,
       41.2933237
      ],
      [
       -8.4748406,
       41.2889309
      ],
      [
       -8.4734334,
       41.2843433
      ],
      [
       -8.4729012,
       41.2796524
      ],
      [
       -8.4732543,
       41.274952
      ],
      [
       -8.4744855,
       41.2703359
      ],
      [
       -8.47657,
       41.2658963
      ],
      [
       -8.4794661,
       41.2617219
      ],
      [
       -8.4831157,
       41.257896
      ],
      [
       -8.487446,
       41.254495
      ],
      [
       -8.4923703,
       41.2515866
      ],
      [
       -8.4977905,
       41.249229
      ],
      [
       -8.5035983,
       41.2474691
      ],
      [
       -8.5096778,
       41.2463421
      ],
      [
       -8.5159078,
       41.2458705
      ],
      [
       -8.522164,
       41.2460636
      ],
      [
       -8.5283216,
       41.2469176
      ],
      [
       -8.5342579,
       41.2484155
      ],
      [
       -8.5398543,
       41.2505274
      ],
      [
       -8.5449993,
       41.2532111
      ],
      [
       -8.5495901,
       41.2564132
      ],
      [
       -8.553535,
       41.2600697
      ],
      [
       -8.5567551,
       41.2641076
      ],
      [
       -8.5591862,
       41.2684465
      ],
      [
       -8.5607794,
       41.2729995
      ],
      [
       -8.5615029,
       41.277676
      ],
      [
       -8.5613418,
       41.2823823
      ],
      [
       -8.5602994,
       41.2870246
      ],
      [
       -8.5583962,
       41.2915101
      ],
      [
       -8.5556701,
       41.2957491
      ],
      [
       -8.5521754,
       41.2996569
      ],
      [
       -8.5479818,
       41.3031554
      ],
      [
       -8.5431732,
       41.3061746
      ],
      [
       -8.5378455,
       41.3086542
      ],
      [
       -8.5321054,
       41.3105446
      ],
      [
       -8.5260675,
       41.3118079
      ],
      [
       -8.5198527,
       41.3124188
      ],
      [
       -8.5172222,
       41.3124775
      ]
     ]
    ]
   }
  },
  {
   "type": "Feature",
   "properties": {
    "ll": {
     "value": 0,
     "unit": 1,
     "referenceDatum": 0
    },
    "ul": {
     "value": 4000,
     "unit": 1,
     "referenceDatum": 1
    },
    "_id": "62614fe6cb27f425094606be",
    "name": "VISEU ATZ 122.710",
    "type": 6,
    "icao": 7,
    "bnd": [
     [
      40.6555556,
      -7.9611111
     ],
     [
      40.7955556,
      -7.8172222
     ]
    ]
   },
   "geometry": {
    "type": "Polygon",
    "coordinates": [
     [
      [
       -7.9611111,
       40.7883333
      ],
      [
       -7.8297222,
       40.7955556
      ],
      [
       -7.8172222,
       40.6627778
      ],
      [
       -7.9483333,
       40.6555556
      ],
      [
       -7.9611111,
       40.7883333
      ]
     ]
    ]
   }
  }
 ]
}