{
 "type": "FeatureCollection",
 "countryCode": "si",
 "features": [
  {
   "type": "Feature",
   "properties": {
    "ll": {
     "value": 2500,
     "unit": 1,
     "referenceDatum": 0
    },
    "ul": {
     "value": 7500,
     "unit": 1,
     "referenceDatum": 1
    },
    "_id": "62615087cb27f42509462d89",
    "name": "CTA MURA 2",
    "type": 0,
    "icao": 4,
    "bnd": [
     [
      46.4677778,
      15.9944444
     ],
     [
      46.8769444,
      16.6194444
     ]
    ]
   },
   "geometry": {
    "type": "Polygon",
    "coordinates": [
     [
      [
       16.2608333,
       46.5205556
      ],
      [
       16.0422222,
       46.6625
      ],
      [
       16.0416667,
       46.6927778
      ],
      [
       15.9980556,
       46.73
      ],
      [
       15.9944444,
       46.8263889
      ],
      [
       16.0622222,
       46.835
      ],
      [
       16.1091667,
       46.8586111
      ],
      [
       16.1113889,
       46.8561111
      ],
      [
       16.1255556,
       46.8538889
      ],
      [
       16.1419444,
       46.8508333
      ],
      [
       16.1516667,
       46.8586111
      ],
      [
       16.165,
       46.8563889
      ],
      [
       16.1702778,
       46.8652778
      ],
      [
       16.1866667,
       46.8683333
      ],
      [
       16.2022222,
       46.8677778
      ],
      [
       16.2075,
       46.8713889
      ],
      [
       16.2261111,
       46.8769444
      ],
      [
       16.2558333,
       46.8722222
      ],
      [
       16.2766667,
       46.8708333
      ],
      [
       16.2886111,
       46.8577778
      ],
      [
       16.3030556,
       46.8563889
      ],
      [
       16.3094444,
       46.8494444
      ],
      [
       16.3272222,
       46.845
      ],
      [
       16.3338889,
       46.8336111
      ],
      [
       16.3305556,
       46.8313889
      ],
      [
       16.3261111,
       46.8183333
      ],
      [
       16.3263889,
       46.8038889
      ],
      [
       16.2977778,
       46.8002778
      ],
      [
       16.2966667,
       46.7902778
      ],
      [
       16.3055556,
       46.7788889
      ],
      [
       16.3166667,
       46.7788889
      ],
      [
       16.31,
       46.7561111
      ],
      [
       16.3188889,
       46.7477778
      ],
      [
       16.3322222,
       46.7377778
      ],
      [
       16.3386111,
       46.7294444
      ],
      [
       16.3430556,
       46.7158333
      ],
      [
       16.3594444,
       46.7227778
      ],
      [
       16.3694444,
       46.7127778
      ],
      [
       16.3586111,
       46.7066667
      ],
      [
       16.3630556,
       46.7013889
      ],
      [
       16.3880556,
       46.7
      ],
      [
       16.3980556,
       46.6983333
      ],
      [
       16.4122222,
       46.6991667
      ],
      [
       16.4166667,
       46.6886111
      ],
      [
       16.42,
       46.6794444
      ],
      [
       16.4169444,
       46.6702778
      ],
      [
       16.4125,
       46.6611111
      ],
      [
       16.4036111,
       46.6580556
      ],
      [
       16.3830556,
       46.6558333
      ],
      [
       16.3752778,
       46.6491667
      ],
      [
       16.3830556,
       46.6444444
      ],
      [
       16.3819444,
       46.6369444
      ],
      [
       16.4016667,
       46.6308333
      ],
      [
       16.4027778,
       46.6294444
      ],
      [
       16.4183333,
       46.6155556
      ],
      [
       16.4369444,
       46.6133333
      ],
      [
       16.4447222,
       46.6011111
      ],
      [
       16.4577778,
       46.5905556
      ],
      [
       16.4719444,
       46.5875
      ],
      [
       16.4711111,
       46.5716667
      ],
      [
       16.4808333,
       46.5663889
      ],
      [
       16.5027778,
       46.5672222
      ],
      [
       16.5061111,
       46.5616667
      ],
      [
       16.5105556,
       46.5527778
      ],
      [
       16.5094444,
       46.5419444
      ],
      [
       16.525,
       46.5344444
      ],
      [
       16.5127778,
       46.53
      ],
      [
       16.5161111,
       46.5230556
      ],
      [
       16.5261111,
       46.5161111
      ],
      [
       16.5163889,
       46.5147222
      ],
      [
       16.5197222,
       46.5072222
      ],
      [
       16.5536111,
       46.4933333
      ],
      [
       16.5733333,
       46.4844444
      ],
      [
       16.5997222,
       46.4822222
      ],
      [
       16.6194444,
       46.4677778
      ],
      [
       16.6108333,
       46.4722222
      ],
      [
       16.6063889,
       46.4730556
      ],
      [
       16.59,
       46.47
      ],
      [
       16.5811111,
       46.4775
      ],
      [
       16.5680556,
       46.4775
      ],
      [
       16.5602778,
       46.4797222
      ],
      [
       16.5438889,
       46.4827778
      ],
      [
       16.5308333,
       46.4805556
      ],
      [
       16.5219444,
       46.4705556
      ],
      [
       16.5263889,
       46.4827778
      ],
      [
       16.5175,
       46.4819444
      ],
      [
       16.5055556,
       46.4844444
      ],
      [
       16.5141667,
       46.4933333
      ],
      [
       16.5108333,
       46.4972222
      ],
      [
       16.4955556,
       46.4994444
      ],
      [
       16.4813889,
       46.5063889
      ],
      [
       16.4680556,
       46.5161111
      ],
      [
       16.4613889,
       46.5155556
      ],
      [
       16.455,
       46.5180556
      ],
      [
       16.4461111,
       46.5166667
      ],
      [
       16.4363889,
       46.5166667
      ],
      [
       16.435,
       46.5313889
      ],
      [
       16.4252778,
       46.5358333
      ],
      [
       16.4197222,
       46.5297222
      ],
      [
       16.4088889,
       46.5366667
      ],
      [
       16.4,
       46.5322222
      ],
      [
       16.4,
       46.5411111
      ],
      [
       16.3869444,
       46.5380556
      ],
      [
       16.3736111,
       46.5405556
      ],
      [
       16.3683333,
       46.5480556
      ],
      [
       16.3758333,
       46.5547222
      ],
      [
       16.3605556,
       46.5577778
      ],
      [
       16.3605556,
       46.5502778
      ],
      [
       16.3486111,
       46.5480556
      ],
      [
       16.3530556,
       46.5388889
      ],
      [
       16.3363889,
       46.5458333
      ],
      [
       16.3366667,
       46.5288889
      ],
      [
       16.3277778,
       46.5327778
      ],
      [
       16.3113889,
       46.5297222
      ],
      [
       16.3091667,
       46.5236111
      ],
      [
       16.2916667,
       46.5138889
      ],
      [
       16.2808333,
       46.5197222
      ],
      [
       16.2611111,
       46.5205556
      ],
      [
       16.2608333,
       46.5205556
      ]
     ]
    ]
   }
  },
  {
   "type": "Feature",
   "properties": {
    "ll": {
     "value": 0,
     "unit": 1,
     "referenceDatum": 0
    },
    "ul": {
     "value": 5000,
     "unit": 1,
     "referenceDatum": 0
    },
    "_id": "626150874b027aab592b17b1",
    "name": "CTR CERKLJE",
    "type": 0,
    "icao": 3,
    "bnd": [
     [
      45.8136722,
      15.4128841
     ],
     [
      45.9802215,
      15.6520598
     ]
    ]
   },
   "geometry": {
    "type": "Polygon",
    "coordinates": [
     [
      [
       15.5325,
       45.9802215
      ],
      [
       15.5432053,
       45.9798881
      ],
      [
       15.5538246,
       45.9788904
      ],
      [
       15.5642726,
       45.9772366
      ],
      [
       15.5744655,
       45.9749399
      ],
      [
       15.5843214,
       45.9720186
      ],
      [
       15.5937613,
       45.9684964
      ],
      [
       15.6027094,
       45.9644015
      ],
      [
       15.6110941,
       45.9597666
      ],
      [
       15.6188482,
       45.9546291
      ],
      [
       15.6259097,
       45.9490302
      ],
      [
       15.6322222,
       45.9430146
      ],
      [
       15.6377354,
       45.9366308
      ],
      [
       15.6424053,
       45.9299297
      ],
      [
       15.6461948,
       45.9229652
      ],
      [
       15.649074,
       45.9157929
      ],
      [
       15.6510201,
       45.9084704
      ],
      [
       15.6520179,
       45.9010562
      ],
      [
       15.6520598,
       45.8936096
      ],
      [
       15.6511459,
       45.8861901
      ],
      [
       15.6492839,
       45.8788572
      ],
      [
       15.646489,
       45.8716692
      ],
      [
       15.6427839,
       45.8646838
      ],
      [
       15.6381985,
       45.8579565
      ],
      [
       15.6327697,
       45.8515412
      ],
      [
       15.6265411,
       45.845489
      ],
      [
       15.6195626,
       45.8398481
      ],
      [
       15.6118901,
       45.8346636
      ],
      [
       15.6035849,
       45.8299767
      ],
      [
       15.5947134,
       45.8258248
      ],
      [
       15.5853463,
       45.822241
      ],
      [
       15.5755584,
       45.8192539
      ],
      [
       15.5654276,
       45.8168871
      ],
      [
       15.5550346,
       45.8151596
      ],
      [
       15.5444623,
       45.8140852
      ],
      [
       15.5337947,
       45.8136722
      ],
      [
       15.5231169,
       45.8139242
      ],
      [
       15.5125137,
       45.814839
      ],
      [
       15.5020696,
       45.8164093
      ],
      [
       15.4918678,
       45.8186227
      ],
      [
       15.4819895,
       45.8214615
      ],
      [
       15.4725135,
       45.8249032
      ],
      [
       15.4635152,
       45.8289203
      ],
      [
       15.4550666,
       45.8334808
      ],
      [
       15.4472349,
       45.8385484
      ],
      [
       15.440083,
       45.8440827
      ],
      [
       15.4336679,
       45.8500396
      ],
      [
       15.428041,
       45.8563715
      ],
      [
       15.4232476,
       45.863028
      ],
      [
       15.4193262,
       45.869956
      ],
      [
       15.4163084,
       45.8771001
      ],
      [
       15.4142186,
       45.8844032
      ],
      [
       15.413074,
       45.8918072
      ],
      [
       15.4128841,
       45.8992526
      ],
      [
       15.4136507,
       45.9066802
      ],
      [
       15.4153682,
       45.9140303
      ],
      [
       15.418023,
       45.9212443
      ],
      [
       15.4215945,
       45.9282644
      ],
      [
       15.4260542,
       45.9350343
      ],
      [
       15.4313668,
       45.9414998
      ],
      [
       15.4374901,
       45.9476091
      ],
      [
       15.4443751,
       45.9533133
      ],
      [
       15.4519668,
       45.9585665
      ],
      [
       15.4602047,
       45.9633267
      ],
      [
       15.4690227,
       45.9675556
      ],
      [
       15.4783503,
       45.9712194
      ],
      [
       15.4881125,
       45.9742886
      ],
      [
       15.4982312,
       45.9767385
      ],
      [
       15.508625,
       45.9785495
      ],
      [
       15.5192106,
       45.9797071
      ],
      [
       15.5299029,
       45.9802019
      ],
      [
       15.5325,
       45.9802215
      ]
     ]
    ]
   }
  },
  {
   "type": "Feature",
   "properties": {
    "ll": {
     "value": 0,
     "unit": 1,
     "referenceDatum": 0
    },
    "ul": {
     "value": 4000,
     "unit": 1,
     "referenceDatum": 0
    },
    "_id": "626150875e9ded571044f1b6",
    "name": "CTR LJUBLJANA",
    "type": 0,
    "icao": 3,
    "bnd": [
     [
      45.9999806,
      14.2597361
     ],
     [
      46.3202167,
      14.8052306
     ]
    ]
   },
   "geometry": {
    "type": "Polygon",
    "coordinates": [
     [
      [
       14.3699944,
       46.3202167
      ],
      [
       14.8052306,
       46.1108056
      ],
      [
       14.6946944,
       45.9999806
      ],
      [
       14.2597361,
       46.2088361
      ],
      [
       14.3699944,
       46.3202167
      ]
     ]
    ]
   }
  },
  {
   "type": "Feature",
   "properties": {
    "ll": {
     "value": 0,
     "unit": 1,
     "referenceDatum": 0
    },
    "ul": {
     "value": 3500,
     "unit": 1,
     "referenceDatum": 0
    },
    "_id": "626150875e9ded571044f1c2",
    "name": "CTR MARIBOR",
    "type": 0,
    "icao": 3,
    "bnd": [
     [
      46.3055556,
      15.5383333
     ],
     [
      46.63,
      15.9194444
     ]
    ]
   },
   "geometry": {
    "type": "Polygon",
    "coordinates": [
     [
      [
       15.5641667,
       46.5441667
      ],
      [
       15.7441667,
       46.63
      ],
      [
       15.8069444,
       46.5697222
      ],
      [
       15.9194444,
       46.4313889
      ],
      [
       15.6544444,
       46.3055556
      ],
      [
       15.5383333,
       46.4233333
      ],
      [
       15.5794444,
       46.5161111
      ],
      [
       15.5641667,
       46.5441667
      ]
     ]
    ]
   }
  },
  {
   "type": "Feature",
   "properties": {
    "ll": {
     "value": 0,
     "unit": 1,
     "referenceDatum": 0
    },
    "ul": {
     "value": 4000,
     "unit": 1,
     "referenceDatum": 0
    },
    "_id": "62615087cb27f42509462d94",
    "name": "CTR PORTOROZ",
    "type": 0,
    "icao": 3,
    "bnd": [
     [
      45.3900806,
      13.4962643
     ],
     [
      45.5566299,
      13.7336358
     ]
    ]
   },
   "geometry": {
    "type": "Polygon",
    "coordinates": [
     [
      [
       13.6149778,
       45.5566299
      ],
      [
       13.6256021,
       45.5562964
      ],
      [
       13.636141,
       45.5552988
      ],
      [
       13.64651,
       45.553645
      ],
      [
       13.6566258,
       45.5513483
      ],
      [
       13.6664072,
       45.5484272
      ],
      [
       13.6757758,
       45.544905
      ],
      [
       13.6846563,
       45.5408101
      ],
      [
       13.6929777,
       45.5361754
      ],
      [
       13.7006733,
       45.5310379
      ],
      [
       13.7076816,
       45.5254391
      ],
      [
       13.7139465,
       45.5194236
      ],
      [
       13.7194182,
       45.5130398
      ],
      [
       13.724053,
       45.5063388
      ],
      [
       13.7278142,
       45.4993743
      ],
      [
       13.7306718,
       45.4922021
      ],
      [
       13.7326034,
       45.4848796
      ],
      [
       13.7335939,
       45.4774654
      ],
      [
       13.7336358,
       45.4700188
      ],
      [
       13.732729,
       45.4625994
      ],
      [
       13.7308813,
       45.4552664
      ],
      [
       13.7281077,
       45.4480784
      ],
      [
       13.7244307,
       45.4410929
      ],
      [
       13.71988,
       45.4343656
      ],
      [
       13.7144922,
       45.4279502
      ],
      [
       13.7083107,
       45.4218979
      ],
      [
       13.7013849,
       45.4162569
      ],
      [
       13.6937703,
       45.4110723
      ],
      [
       13.6855277,
       45.4063854
      ],
      [
       13.676723,
       45.4022334
      ],
      [
       13.6674265,
       45.3986496
      ],
      [
       13.6577122,
       45.3956623
      ],
      [
       13.6476577,
       45.3932955
      ],
      [
       13.6373429,
       45.391568
      ],
      [
       13.6268501,
       45.3904935
      ],
      [
       13.6162628,
       45.3900806
      ],
      [
       13.6056652,
       45.3903325
      ],
      [
       13.5951418,
       45.3912473
      ],
      [
       13.5847763,
       45.3928177
      ],
      [
       13.5746512,
       45.3950311
      ],
      [
       13.5648473,
       45.39787
      ],
      [
       13.5554426,
       45.4013118
      ],
      [
       13.5465121,
       45.4053289
      ],
      [
       13.5381272,
       45.4098895
      ],
      [
       13.5303546,
       45.4149572
      ],
      [
       13.5232566,
       45.4204916
      ],
      [
       13.51689,
       45.4264485
      ],
      [
       13.5113057,
       45.4327805
      ],
      [
       13.5065486,
       45.4394371
      ],
      [
       13.5026569,
       45.4463651
      ],
      [
       13.499662,
       45.4535093
      ],
      [
       13.4975883,
       45.4608125
      ],
      [
       13.4964525,
       45.4682164
      ],
      [
       13.4962643,
       45.4756619
      ],
      [
       13.4970253,
       45.4830894
      ],
      [
       13.49873,
       45.4904395
      ],
      [
       13.5013651,
       45.4976535
      ],
      [
       13.5049098,
       45.5046735
      ],
      [
       13.509336,
       45.5114433
      ],
      [
       13.5146087,
       45.5179088
      ],
      [
       13.5206858,
       45.524018
      ],
      [
       13.5275189,
       45.5297221
      ],
      [
       13.5350534,
       45.5349752
      ],
      [
       13.5432291,
       45.5397354
      ],
      [
       13.5519805,
       45.5439642
      ],
      [
       13.5612376,
       45.5476279
      ],
      [
       13.570926,
       45.550697
      ],
      [
       13.5809682,
       45.5531469
      ],
      [
       13.5912834,
       45.5549579
      ],
      [
       13.6017889,
       45.5561155
      ],
      [
       13.6124003,
       45.5566103
      ],
      [
       13.6149778,
       45.5566299
      ]
     ]
    ]
   }
  },
  {
   "type": "Feature",
   "properties": {
    "ll": {
     "value": 0,
     "unit": 1,
     "referenceDatum": 0
    },
    "ul": {
     "value": 7500,
     "unit": 1,
     "referenceDatum": 1
    },
    "_id": "626150874b027aab592b17bf",
    "name": "LJ-D1 PIVKA",
    "type": 2,
    "icao": 7,
    "bnd": [
     [
      45.6083705,
      14.2579588
     ],
     [
      45.6749775,
      14.3531959
     ]
    ]
   },
   "geometry": {
    "type": "Polygon",
    "coordinates": [
     [
      [
       14.3055556,
       45.6749775
      ],
      [
       14.3122765,
       45.6746446
      ],
      [
       14.318863,
       45.6736526
      ],
      [
       14.3251832,
       45.6720213
      ],
      [
       14.3311107,
       45.6697834
      ],
      [
       14.336527,
       45.6669837
      ],
      [
       14.3413238,
       45.6636781
      ],
      [
       14.3454052,
       45.6599327
      ],
      [
       14.34869,
       45.6558225
      ],
      [
       14.3511124,
       45.6514297
      ],
      [
       14.3526244,
       45.6468419
      ],
      [
       14.3531959,
       45.642151
      ],
      [
       14.3528158,
       45.6374506
      ],
      [
       14.3514919,
       45.6328346
      ],
      [
       14.3492508,
       45.6283951
      ],
      [
       14.3461375,
       45.6242209
      ],
      [
       14.3422144,
       45.6203952
      ],
      [
       14.3375598,
       45.6169943
      ],
      [
       14.3322668,
       45.6140862
      ],
      [
       14.326441,
       45.6117287
      ],
      [
       14.3201987,
       45.609969
      ],
      [
       14.3136644,
       45.6088421
      ],
      [
       14.3069683,
       45.6083705
      ],
      [
       14.3002442,
       45.6085636
      ],
      [
       14.2936259,
       45.6094175
      ],
      [
       14.2872455,
       45.6109153
      ],
      [
       14.2812302,
       45.613027
      ],
      [
       14.2757002,
       45.6157106
      ],
      [
       14.2707656,
       45.6189124
      ],
      [
       14.2665252,
       45.6225687
      ],
      [
       14.2630635,
       45.6266065
      ],
      [
       14.26045,
       45.6309452
      ],
      [
       14.258737,
       45.6354982
      ],
      [
       14.2579588,
       45.6401746
      ],
      [
       14.2581313,
       45.6448809
      ],
      [
       14.2592513,
       45.6495233
      ],
      [
       14.2612966,
       45.6540089
      ],
      [
       14.2642265,
       45.658248
      ],
      [
       14.2679827,
       45.662156
      ],
      [
       14.2724903,
       45.6656547
      ],
      [
       14.2776592,
       45.6686742
      ],
      [
       14.2833861,
       45.6711539
      ],
      [
       14.2895565,
       45.6730444
      ],
      [
       14.2960471,
       45.6743078
      ],
      [
       14.3027279,
       45.6749188
      ],
      [
       14.3055556,
       45.6749775
      ]
     ]
    ]
   }
  },
  {
   "type": "Feature",
   "properties": {
    "ll": {
     "value": 1000,
     "unit": 1,
     "referenceDatum": 0
    },
    "ul": {
     "value": 7500,
     "unit": 1,
     "referenceDatum": 1
    },
    "_id": "62615087cb27f42509462da5",
    "name": "LJ-D2 CORRIDOR E (UPPER LIMIT BY NOTAM)",
    "type": 2,
    "icao": 7,
    "bnd": [
     [
      45.7333139,
      14.5
     ],
     [
      45.9651167,
      15.4343722
     ]
    ]
   },
   "geometry": {
    "type": "Polygon",
    "coordinates": [
     [
      [
       15.3989306,
       45.9651167
      ],
      [
       15.4343722,
       45.8682139
      ],
      [
       14.6925778,
       45.7333139
      ],
      [
       14.5,
       45.7333278
      ],
      [
       14.5,
       45.8333389
      ],
      [
       14.6740722,
       45.83335
      ],
      [
       15.3989306,
       45.9651167
      ]
     ]
    ]
   }
  },
  {
   "type": "Feature",
   "properties": {
    "ll": {
     "value": 0,
     "unit": 1,
     "referenceDatum": 0
    },
    "ul": {
     "value": 5000,
     "unit": 1,
     "referenceDatum": 1
    },
    "_id": "62615087cb27f42509462db0",
    "name": "LJ-P1 KRSKO NUCLEAR POWER PLANT",
    "type": 3,
    "icao": 7,
    "bnd": [
     [
      45.9292325,
      15.5024055
     ],
     [
      45.947205,
      15.5282161
     ]
    ]
   },
   "geometry": {
    "type": "Polygon",
    "coordinates": [
     [
      [
       15.5152889,
       45.947205
      ],
      [
       15.5178587,
       45.9470257
      ],
      [
       15.5203259,
       45.946495
      ],
      [
       15.5225923,
       45.9456339
      ],
      [
       15.5245674,
       45.9444769
      ],
      [
       15.5261724,
       45.94307
      ],
      [
       15.5273435,
       45.9414695
      ],
      [
       15.5280339,
       45.9397391
      ],
      [
       15.5282161,
       45.9379478
      ],
      [
       15.527883,
       45.936167
      ],
      [
       15.5270479,
       45.9344677
      ],
      [
       15.525744,
       45.9329177
      ],
      [
       15.5240235,
       45.9315787
      ],
      [
       15.5219549,
       45.9305041
      ],
      [
       15.5196206,
       45.9297368
      ],
      [
       15.5171137,
       45.9293072
      ],
      [
       15.5145341,
       45.9292325
      ],
      [
       15.5119845,
       45.9295158
      ],
      [
       15.5095667,
       45.9301456
      ],
      [
       15.5073769,
       45.9310969
      ],
      [
       15.5055023,
       45.9323319
      ],
      [
       15.5040178,
       45.9338012
      ],
      [
       15.5029826,
       45.9354463
      ],
      [
       15.5024379,
       45.9372017
      ],
      [
       15.5024055,
       45.9389973
      ],
      [
       15.5028867,
       45.9407617
      ],
      [
       15.5038625,
       45.9424243
      ],
      [
       15.5052938,
       45.9439191
      ],
      [
       15.5071238,
       45.9451862
      ],
      [
       15.5092794,
       45.9461752
      ],
      [
       15.5116747,
       45.9468468
      ],
      [
       15.5142141,
       45.9471739
      ],
      [
       15.5152889,
       45.947205
      ]
     ]
    ]
   }
  },
  {
   "type": "Feature",
   "properties": {
    "ll": {
     "value": 0,
     "unit": 1,
     "referenceDatum": 0
    },
    "ul": {
     "value": 280,
     "unit": 6,
     "referenceDatum": 2
    },
    "_id": "626150874b027aab592b17c9",
    "name": "LJ-R4 PIVKA (UPPER LIMIT BY NOTAM)",
    "type": 1,
    "icao": 7,
    "bnd": [
     [
      45.5934,
      14.205
     ],
     [
      45.7930556,
      14.5
     ]
    ]
   },
   "geometry": {
    "type": "Polygon",
    "coordinates": [
     [
      [
       14.5,
       45.7279
      ],
      [
       14.381,
       45.5934
      ],
      [
       14.2662139,
       45.5934
      ],
      [
       14.205,
       45.6503139
      ],
      [
       14.205,
       45.75
      ],
      [
       14.2482917,
       45.7930556
      ],
      [
       14.5,
       45.7930556
      ],
      [
       14.5,
       45.7279
      ]
     ]
    ]
   }
  },
  {
   "type": "Feature",
   "properties": {
    "ll": {
     "value": 0,
     "unit": 1,
     "referenceDatum": 0
    },
    "ul": {
     "value": 280,
     "unit": 6,
     "referenceDatum": 2
    },
    "_id": "626150875e9ded571044f1dc",
    "name": "LJ-R5 PIVKA (UPPER LIMIT BY NOTAM)",
    "type": 1,
    "icao": 7,
    "bnd": [
     [
      45.5934,
      14.0734
     ],
     [
      45.8397,
      14.5
     ]
    ]
   },
   "geometry": {
    "type": "Polygon",
    "coordinates": [
     [
      [
       14.5,
       45.7930556
      ],
      [
       14.2482917,
       45.7930556
      ],
      [
       14.205,
       45.75
      ],
      [
       14.205,
       45.6503139
      ],
      [
       14.2662139,
       45.5934
      ],
      [
       14.0734,
       45.5934
      ],
      [
       14.0734,
       45.7467
      ],
      [
       14.2594,
       45.8397
      ],
      [
       14.5,
       45.8397
      ],
      [
       14.5,
       45.7930556
      ]
     ]
    ]
   }
  },
  {
   "type": "Feature",
   "properties": {
    "ll": {
     "value": 10000,
     "unit": 1,
     "referenceDatum": 1
    },
    "ul": {
     "value": 280,
     "unit": 6,
     "referenceDatum": 2
    },
    "_id": "626150884b027aab592b17d5",
    "name": "LJ-R6A PIVKA (UPPER LIMIT BY NOTAM)",
    "type": 1,
    "icao": 7,
    "bnd": [
     [
      45.5934,
      13.9338
     ],
     [
      45.8397,
      14.0734
     ]
    ]
   },
   "geometry": {
    "type": "Polygon",
    "coordinates": [
     [
      [
       14.0734,
       45.8397
      ],
      [
       14.0734,
       45.5934
      ],
      [
       14.0255,
       45.5934
      ],
      [
       13.9338,
       45.7038
      ],
      [
       13.9338,
       45.8397
      ],
      [
       14.0734,
       45.8397
      ]
     ]
    ]
   }
  },
  {
   "type": "Feature",
   "properties": {
    "ll": {
     "value": 0,
     "unit": 1,
     "referenceDatum": 0
    },
    "ul": {
     "value": 280,
     "unit": 6,
     "referenceDatum": 2
    },
    "_id": "626150885e9ded571044f1e9",
    "name": "LJ-R6B PIVKA (UPPER LIMIT BY NOTAM)",
    "type": 1,
    "icao": 7,
    "bnd": [
     [
      45.7467,
      14.0734
     ],
     [
      45.8397,
      14.2594
     ]
    ]
   },
   "geometry": {
    "type": "Polygon",
    "coordinates": [
     [
      [
       14.2594,
       45.8397
      ],
      [
       14.0734,
       45.7467
      ],
      [
       14.0734,
       45.8397
      ],
      [
       14.2594,
       45.8397
      ]
     ]
    ]
   }
  },
  {
   "type": "Feature",
   "properties": {
    "ll": {
     "value": 0,
     "unit": 1,
     "referenceDatum": 0
    },
    "ul": {
     "value": 280,
     "unit": 6,
     "referenceDatum": 2
    },
    "_id": "626150884b027aab592b17e0",
    "name": "LJ-R6C PIVKA (UPPER LIMIT BY NOTAM)",
    "type": 1,
    "icao": 7,
    "bnd": [
     [
      45.5934,
      14.381
     ],
     [
      45.7279,
      14.5
     ]
    ]
   },
   "geometry": {
    "type": "Polygon",
    "coordinates": [
     [
      [
       14.5,
       45.5934
      ],
      [
       14.381,
       45.5934
      ],
      [
       14.5,
       45.7279
      ],
      [
       14.5,
       45.5934
      ]
     ]
    ]
   }
  },
  {
   "type": "Feature",
   "properties": {
    "ll": {
     "value": 7500,
     "unit": 1,
     "referenceDatum": 1
    },
    "ul": {
     "value": 195,
     "unit": 6,
     "referenceDatum": 2
    },
    "_id": "626150885e9ded571044f1f4",
    "name": "TA 1 D",
    "type": 2,
    "icao": 7,
    "bnd": [
     [
      45.8747735,
      15.0898066
     ],
     [
      46.1549169,
      15.3788899
     ]
    ]
   },
   "geometry": {
    "type": "Polygon",
    "coordinates": [
     [
      [
       15.0898066,
       45.9588003
      ],
      [
       15.0987324,
       45.9701104
      ],
      [
       15.1068099,
       45.9817251
      ],
      [
       15.1140171,
       45.9936136
      ],
      [
       15.1203344,
       46.0057443
      ],
      [
       15.1257443,
       46.0180851
      ],
      [
       15.130232,
       46.0306033
      ],
      [
       15.1337848,
       46.0432654
      ],
      [
       15.1363927,
       46.0560379
      ],
      [
       15.1380481,
       46.0688868
      ],
      [
       15.1387458,
       46.0817778
      ],
      [
       15.1384834,
       46.0946766
      ],
      [
       15.137261,
       46.1075489
      ],
      [
       15.1350809,
       46.1203602
      ],
      [
       15.133574,
       46.1269724
      ],
      [
       15.3705438,
       46.1549169
      ],
      [
       15.3740663,
       46.1384422
      ],
      [
       15.3766334,
       46.1218831
      ],
      [
       15.3782419,
       46.105266
      ],
      [
       15.3788899,
       46.0886176
      ],
      [
       15.3785774,
       46.0719646
      ],
      [
       15.3773058,
       46.0553336
      ],
      [
       15.3750778,
       46.0387511
      ],
      [
       15.371898,
       46.0222436
      ],
      [
       15.3677723,
       46.0058375
      ],
      [
       15.362708,
       45.9895589
      ],
      [
       15.3567141,
       45.9734337
      ],
      [
       15.3498008,
       45.9574875
      ],
      [
       15.3419801,
       45.9417458
      ],
      [
       15.333265,
       45.9262335
      ],
      [
       15.3236701,
       45.9109752
      ],
      [
       15.3132114,
       45.8959952
      ],
      [
       15.3019061,
       45.881317
      ],
      [
       15.2965111,
       45.8747735
      ],
      [
       15.0898066,
       45.9588003
      ]
     ]
    ]
   }
  },
  {
   "type": "Feature",
   "properties": {
    "ll": {
     "value": 2500,
     "unit": 1,
     "referenceDatum": 0
    },
    "ul": {
     "value": 7500,
     "unit": 1,
     "referenceDatum": 1
    },
    "_id": "626150884b027aab592b17ea",
    "name": "TA 1 E",
    "type": 2,
    "icao": 7,
    "bnd": [
     [
      45.8747735,
      15.0898066
     ],
     [
      46.1549169,
      15.3788899
     ]
    ]
   },
   "geometry": {
    "type": "Polygon",
    "coordinates": [
     [
      [
       15.0898066,
       45.9588003
      ],
      [
       15.0987324,
       45.9701104
      ],
      [
       15.1068099,
       45.9817251
      ],
      [
       15.1140171,
       45.9936136
      ],
      [
       15.1203344,
       46.0057443
      ],
      [
       15.1257443,
       46.0180851
      ],
      [
       15.130232,
       46.0306033
      ],
      [
       15.1337848,
       46.0432654
      ],
      [
       15.1363927,
       46.0560379
      ],
      [
       15.1380481,
       46.0688868
      ],
      [
       15.1387458,
       46.0817778
      ],
      [
       15.1384834,
       46.0946766
      ],
      [
       15.137261,
       46.1075489
      ],
      [
       15.1350809,
       46.1203602
      ],
      [
       15.133574,
       46.1269724
      ],
      [
       15.3705438,
       46.1549169
      ],
      [
       15.3740663,
       46.1384422
      ],
      [
       15.3766334,
       46.1218831
      ],
      [
       15.3782419,
       46.105266
      ],
      [
       15.3788899,
       46.0886176
      ],
      [
       15.3785774,
       46.0719646
      ],
      [
       15.3773058,
       46.0553336
      ],
      [
       15.3750778,
       46.0387511
      ],
      [
       15.371898,
       46.0222436
      ],
      [
       15.3677723,
       46.0058375
      ],
      [
       15.362708,
       45.9895589
      ],
      [
       15.3567141,
       45.9734337
      ],
      [
       15.3498008,
       45.9574875
      ],
      [
       15.3419801,
       45.9417458
      ],
      [
       15.333265,
       45.9262335
      ],
      [
       15.3236701,
       45.9109752
      ],
      [
       15.3132114,
       45.8959952
      ],
      [
       15.3019061,
       45.881317
      ],
      [
       15.2965111,
       45.8747735
      ],
      [
       15.0898066,
       45.9588003
      ]
     ]
    ]
   }
  },
  {
   "type": "Feature",
   "properties": {
    "ll": {
     "value": 7500,
     "unit": 1,
     "referenceDatum": 1
    },
    "ul": {
     "value": 195,
     "unit": 6,
     "referenceDatum": 2
    },
    "_id": "626150885e9ded571044f200",
    "name": "TA 2 D",
    "type": 2,
    "icao": 7,
    "bnd": [
     [
      45.6677563,
      14.7266429
     ],
     [
      45.8576144,
      15.0305619
     ]
    ]
   },
   "geometry": {
    "type": "Polygon",
    "coordinates": [
     [
      [
       14.7473228,
       45.8352541
      ],
      [
       14.7658034,
       45.8344655
      ],
      [
       14.7843176,
       45.8343395
      ],
      [
       14.8028168,
       45.8348767
      ],
      [
       14.8212521,
       45.8360754
      ],
      [
       14.8395752,
       45.8379326
      ],
      [
       14.8577378,
       45.8404433
      ],
      [
       14.8756921,
       45.8436011
      ],
      [
       14.8933908,
       45.8473974
      ],
      [
       14.9107873,
       45.8518225
      ],
      [
       14.9278357,
       45.8568645
      ],
      [
       14.9301781,
       45.8576144
      ],
      [
       15.0305619,
       45.7064874
      ],
      [
       15.0087226,
       45.6997983
      ],
      [
       14.9865226,
       45.6937201
      ],
      [
       14.9639969,
       45.6882625
      ],
      [
       14.9411809,
       45.6834339
      ],
      [
       14.9181103,
       45.679242
      ],
      [
       14.8948212,
       45.6756933
      ],
      [
       14.8713503,
       45.6727933
      ],
      [
       14.8477342,
       45.6705466
      ],
      [
       14.8240099,
       45.6689567
      ],
      [
       14.8002145,
       45.6680261
      ],
      [
       14.7763853,
       45.6677563
      ],
      [
       14.7525595,
       45.6681476
      ],
      [
       14.7287744,
       45.6691995
      ],
      [
       14.7266429,
       45.6693261
      ],
      [
       14.7473228,
       45.8352541
      ]
     ]
    ]
   }
  },
  {
   "type": "Feature",
   "properties": {
    "ll": {
     "value": 2500,
     "unit": 1,
     "referenceDatum": 0
    },
    "ul": {
     "value": 7500,
     "unit": 1,
     "referenceDatum": 1
    },
    "_id": "62615088cb27f42509462dc8",
    "name": "TA 2 E",
    "type": 2,
    "icao": 7,
    "bnd": [
     [
      45.6677563,
      14.7266429
     ],
     [
      45.8576144,
      15.0305619
     ]
    ]
   },
   "geometry": {
    "type": "Polygon",
    "coordinates": [
     [
      [
       14.7473228,
       45.8352541
      ],
      [
       14.7658034,
       45.8344655
      ],
      [
       14.7843176,
       45.8343395
      ],
      [
       14.8028168,
       45.8348767
      ],
      [
       14.8212521,
       45.8360754
      ],
      [
       14.8395752,
       45.8379326
      ],
      [
       14.8577378,
       45.8404433
      ],
      [
       14.8756921,
       45.8436011
      ],
      [
       14.8933908,
       45.8473974
      ],
      [
       14.9107873,
       45.8518225
      ],
      [
       14.9278357,
       45.8568645
      ],
      [
       14.9301781,
       45.8576144
      ],
      [
       15.0305619,
       45.7064874
      ],
      [
       15.0087226,
       45.6997983
      ],
      [
       14.9865226,
       45.6937201
      ],
      [
       14.9639969,
       45.6882625
      ],
      [
       14.9411809,
       45.6834339
      ],
      [
       14.9181103,
       45.679242
      ],
      [
       14.8948212,
       45.6756933
      ],
      [
       14.8713503,
       45.6727933
      ],
      [
       14.8477342,
       45.6705466
      ],
      [
       14.8240099,
       45.6689567
      ],
      [
       14.8002145,
       45.6680261
      ],
      [
       14.7763853,
       45.6677563
      ],
      [
       14.7525595,
       45.6681476
      ],
      [
       14.7287744,
       45.6691995
      ],
      [
       14.7266429,
       45.6693261
      ],
      [
       14.7473228,
       45.8352541
      ]
     ]
    ]
   }
  },
  {
   "type": "Feature",
   "properties": {
    "ll": {
     "value": 5500,
     "unit": 1,
     "referenceDatum": 1
    },
    "ul": {
     "value": 195,
     "unit": 6,
     "referenceDatum": 2
    },
    "_id": "626150884b027aab592b17f4",
    "name": "TA 3 D",
    "type": 2,
    "icao": 7,
    "bnd": [
     [
      46.0825676,
      14.1782625
     ],
     [
      46.2911472,
      14.4659308
     ]
    ]
   },
   "geometry": {
    "type": "Polygon",
    "coordinates": [
     [
      [
       14.4659308,
       46.208629
      ],
      [
       14.4570966,
       46.1972699
      ],
      [
       14.4491248,
       46.1856097
      ],
      [
       14.4420362,
       46.1736798
      ],
      [
       14.4358493,
       46.161512
      ],
      [
       14.43058,
       46.1491391
      ],
      [
       14.4262417,
       46.1365941
      ],
      [
       14.4228455,
       46.1239105
      ],
      [
       14.4203998,
       46.1111222
      ],
      [
       14.4189104,
       46.0982635
      ],
      [
       14.4183807,
       46.0853686
      ],
      [
       14.4183831,
       46.0835732
      ],
      [
       14.1782625,
       46.0825676
      ],
      [
       14.1785616,
       46.0992207
      ],
      [
       14.1798213,
       46.1158522
      ],
      [
       14.1820405,
       46.1324355
      ],
      [
       14.1852164,
       46.1489439
      ],
      [
       14.1893449,
       46.165351
      ],
      [
       14.1944201,
       46.1816304
      ],
      [
       14.2004347,
       46.1977559
      ],
      [
       14.20738,
       46.2137017
      ],
      [
       14.2152454,
       46.2294419
      ],
      [
       14.2240192,
       46.2449514
      ],
      [
       14.2336879,
       46.2602049
      ],
      [
       14.2442366,
       46.275178
      ],
      [
       14.2556491,
       46.2898464
      ],
      [
       14.2567151,
       46.2911472
      ],
      [
       14.4659308,
       46.208629
      ]
     ]
    ]
   }
  },
  {
   "type": "Feature",
   "properties": {
    "ll": {
     "value": 7500,
     "unit": 1,
     "referenceDatum": 1
    },
    "ul": {
     "value": 195,
     "unit": 6,
     "referenceDatum": 2
    },
    "_id": "626150885e9ded571044f20d",
    "name": "TMA DOLSKO 1",
    "type": 0,
    "icao": 3,
    "bnd": [
     [
      45.4213889,
      13.3891667
     ],
     [
      46.6538889,
      15.9025
     ]
    ]
   },
   "geometry": {
    "type": "Polygon",
    "coordinates": [
     [
      [
       13.6683333,
       46.1688889
      ],
      [
       13.745,
       45.9780556
      ],
      [
       14.1733333,
       46.0597222
      ],
      [
       14.0847222,
       46.2816667
      ],
      [
       14.3608333,
       46.3486111
      ],
      [
       14.7052778,
       46.2588889
      ],
      [
       14.8063889,
       46.2958333
      ],
      [
       14.8708333,
       46.3833333
      ],
      [
       15.0675556,
       46.6481389
      ],
      [
       15.0833333,
       46.6461111
      ],
      [
       15.1405556,
       46.6538889
      ],
      [
       15.2283333,
       46.6361111
      ],
      [
       15.4111111,
       46.65
      ],
      [
       15.45,
       46.6347222
      ],
      [
       15.4616667,
       46.6119444
      ],
      [
       15.4880556,
       46.6122222
      ],
      [
       15.5205556,
       46.5355556
      ],
      [
       15.9025,
       46.2863889
      ],
      [
       15.9008333,
       46.2855556
      ],
      [
       15.8888889,
       46.2780556
      ],
      [
       15.8736111,
       46.2780556
      ],
      [
       15.865,
       46.2636111
      ],
      [
       15.8505556,
       46.2627778
      ],
      [
       15.8277778,
       46.2588889
      ],
      [
       15.7947222,
       46.2575
      ],
      [
       15.8069444,
       46.2369444
      ],
      [
       15.8016667,
       46.2347222
      ],
      [
       15.7972222,
       46.2211111
      ],
      [
       15.7908333,
       46.2136111
      ],
      [
       15.7875,
       46.2094444
      ],
      [
       15.7744444,
       46.205
      ],
      [
       15.76,
       46.2058333
      ],
      [
       15.76,
       46.2155556
      ],
      [
       15.7502778,
       46.2186111
      ],
      [
       15.7369444,
       46.2125
      ],
      [
       15.7316667,
       46.2186111
      ],
      [
       15.7216667,
       46.2155556
      ],
      [
       15.7161111,
       46.2202778
      ],
      [
       15.6975,
       46.2194444
      ],
      [
       15.68,
       46.2230556
      ],
      [
       15.6713889,
       46.2208333
      ],
      [
       15.6483333,
       46.2094444
      ],
      [
       15.6438889,
       46.2041667
      ],
      [
       15.6483333,
       46.195
      ],
      [
       15.6497222,
       46.1866667
      ],
      [
       15.6430556,
       46.1797222
      ],
      [
       15.6344444,
       46.1761111
      ],
      [
       15.6222222,
       46.1722222
      ],
      [
       15.6058333,
       46.1608333
      ],
      [
       15.6158333,
       46.1494444
      ],
      [
       15.5994444,
       46.1425
      ],
      [
       15.6147222,
       46.1319444
      ],
      [
       15.6172222,
       46.1197222
      ],
      [
       15.6127778,
       46.1061111
      ],
      [
       15.6194444,
       46.1022222
      ],
      [
       15.6194444,
       46.0947222
      ],
      [
       15.6291667,
       46.0947222
      ],
      [
       15.6261111,
       46.0855556
      ],
      [
       15.6391667,
       46.0788889
      ],
      [
       15.6555556,
       46.0819444
      ],
      [
       15.6622222,
       46.0683333
      ],
      [
       15.6722222,
       46.0683333
      ],
      [
       15.6852778,
       46.0644444
      ],
      [
       15.7016667,
       46.0575
      ],
      [
       15.7205556,
       46.0522222
      ],
      [
       15.7313889,
       46.0438889
      ],
      [
       15.7238889,
       46.0325
      ],
      [
       15.7183333,
       46.0227778
      ],
      [
       15.7194444,
       46.0158333
      ],
      [
       15.7141667,
       46.0097222
      ],
      [
       15.7208333,
       46.0066667
      ],
      [
       15.7086111,
       45.9961111
      ],
      [
       15.7152778,
       45.9913889
      ],
      [
       15.7108333,
       45.9886111
      ],
      [
       15.7111111,
       45.9825
      ],
      [
       15.7144444,
       45.9663889
      ],
      [
       15.7144444,
       45.9405556
      ],
      [
       15.7158333,
       45.92
      ],
      [
       15.7102778,
       45.9177778
      ],
      [
       15.6883333,
       45.8997222
      ],
      [
       15.695,
       45.8822222
      ],
      [
       15.6930556,
       45.87
      ],
      [
       15.6986111,
       45.8647222
      ],
      [
       15.7083333,
       45.8586111
      ],
      [
       15.7194444,
       45.845
      ],
      [
       15.7052778,
       45.8425
      ],
      [
       15.6908333,
       45.8411111
      ],
      [
       15.6766667,
       45.8380556
      ],
      [
       15.6613889,
       45.8311111
      ],
      [
       15.6538889,
       45.8205556
      ],
      [
       15.6461111,
       45.8297222
      ],
      [
       15.6341667,
       45.8311111
      ],
      [
       15.6208333,
       45.8394444
      ],
      [
       15.6011111,
       45.8441667
      ],
      [
       15.5847222,
       45.8494444
      ],
      [
       15.5747222,
       45.8447222
      ],
      [
       15.5716667,
       45.8327778
      ],
      [
       15.5672222,
       45.8355556
      ],
      [
       15.5627778,
       45.8433333
      ],
      [
       15.5486111,
       45.8447222
      ],
      [
       15.5486111,
       45.8380556
      ],
      [
       15.5452778,
       45.8266667
      ],
      [
       15.5366667,
       45.8197222
      ],
      [
       15.5191667,
       45.8175
      ],
      [
       15.5125,
       45.8241667
      ],
      [
       15.5069444,
       45.8266667
      ],
      [
       15.4994444,
       45.825
      ],
      [
       15.4894444,
       45.8211111
      ],
      [
       15.4894444,
       45.8175
      ],
      [
       15.4763889,
       45.8127778
      ],
      [
       15.4808333,
       45.8083333
      ],
      [
       15.4841667,
       45.7947222
      ],
      [
       15.4766667,
       45.7908333
      ],
      [
       15.4677778,
       45.7930556
      ],
      [
       15.4372222,
       45.7930556
      ],
      [
       15.4283333,
       45.7944444
      ],
      [
       15.4141667,
       45.79
      ],
      [
       15.4044444,
       45.7861111
      ],
      [
       15.3891667,
       45.7769444
      ],
      [
       15.3672222,
       45.7694444
      ],
      [
       15.3419444,
       45.7594444
      ],
      [
       15.3180556,
       45.7519444
      ],
      [
       15.305,
       45.7458333
      ],
      [
       15.2905556,
       45.7397222
      ],
      [
       15.2852778,
       45.7305556
      ],
      [
       15.2677778,
       45.7161111
      ],
      [
       15.2766667,
       45.7116667
      ],
      [
       15.2777778,
       45.7025
      ],
      [
       15.2875,
       45.7016667
      ],
      [
       15.2952778,
       45.7047222
      ],
      [
       15.2963889,
       45.7002778
      ],
      [
       15.2941667,
       45.6933333
      ],
      [
       15.2986111,
       45.6866667
      ],
      [
       15.3108333,
       45.6836111
      ],
      [
       15.3116667,
       45.6911111
      ],
      [
       15.3183333,
       45.6911111
      ],
      [
       15.3216667,
       45.6827778
      ],
      [
       15.3238889,
       45.6705556
      ],
      [
       15.335,
       45.67
      ],
      [
       15.3336111,
       45.6827778
      ],
      [
       15.3336111,
       45.6927778
      ],
      [
       15.3477778,
       45.7002778
      ],
      [
       15.3477778,
       45.7086111
      ],
      [
       15.3544444,
       45.7086111
      ],
      [
       15.3697222,
       45.7080556
      ],
      [
       15.3686111,
       45.6980556
      ],
      [
       15.3708333,
       45.6897222
      ],
      [
       15.3741667,
       45.6844444
      ],
      [
       15.3644444,
       45.6822222
      ],
      [
       15.3577778,
       45.6761111
      ],
      [
       15.3611111,
       45.6661111
      ],
      [
       15.3677778,
       45.6708333
      ],
      [
       15.3733333,
       45.67
      ],
      [
       15.3775,
       45.6797222
      ],
      [
       15.3841667,
       45.6752778
      ],
      [
       15.3961111,
       45.6708333
      ],
      [
       15.4016667,
       45.66
      ],
      [
       15.4138889,
       45.6463889
      ],
      [
       15.4072222,
       45.6366667
      ],
      [
       15.3986111,
       45.6366667
      ],
      [
       15.3844444,
       45.6402778
      ],
      [
       15.3677778,
       45.6411111
      ],
      [
       15.3580556,
       45.6402778
      ],
      [
       15.3580556,
       45.6327778
      ],
      [
       15.3513889,
       45.6319444
      ],
      [
       15.335,
       45.6333333
      ],
      [
       15.3241667,
       45.6333333
      ],
      [
       15.3133333,
       45.6297222
      ],
      [
       15.3111111,
       45.6188889
      ],
      [
       15.3133333,
       45.6122222
      ],
      [
       15.2991667,
       45.6105556
      ],
      [
       15.2861111,
       45.6022222
      ],
      [
       15.2883333,
       45.5961111
      ],
      [
       15.3069444,
       45.5802778
      ],
      [
       15.3072222,
       45.5483333
      ],
      [
       15.3127778,
       45.5302778
      ],
      [
       15.3225,
       45.5255556
      ],
      [
       15.3258333,
       45.5163889
      ],
      [
       15.3358333,
       45.5141667
      ],
      [
       15.3425,
       45.5066667
      ],
      [
       15.3741667,
       45.4905556
      ],
      [
       15.3819444,
       45.49
      ],
      [
       15.3927778,
       45.4838889
      ],
      [
       15.37,
       45.4769444
      ],
      [
       15.3633333,
       45.4702778
      ],
      [
       15.3591667,
       45.4563889
      ],
      [
       15.3525,
       45.4572222
      ],
      [
       15.3427778,
       45.4533333
      ],
      [
       15.3261111,
       45.4563889
      ],
      [
       15.3063889,
       45.4611111
      ],
      [
       15.2955556,
       45.4633333
      ],
      [
       15.2833333,
       45.4641667
      ],
      [
       15.2538889,
       45.4497222
      ],
      [
       15.2452778,
       45.445
      ],
      [
       15.2419444,
       45.4411111
      ],
      [
       15.2408333,
       45.4358333
      ],
      [
       15.2377778,
       45.4291667
      ],
      [
       15.2333333,
       45.4244444
      ],
      [
       15.2169444,
       45.4266667
      ],
      [
       15.2113889,
       45.4313889
      ],
      [
       15.2036111,
       45.4336111
      ],
      [
       15.1972222,
       45.4275
      ],
      [
       15.1983333,
       45.4230556
      ],
      [
       15.1927778,
       45.4213889
      ],
      [
       15.1830556,
       45.4213889
      ],
      [
       15.1719444,
       45.4236111
      ],
      [
       15.1630556,
       45.4283333
      ],
      [
       15.1566667,
       45.4380556
      ],
      [
       15.1488889,
       45.4441667
      ],
      [
       15.1388889,
       45.4472222
      ],
      [
       15.1258333,
       45.4541667
      ],
      [
       15.1113889,
       45.4630556
      ],
      [
       15.0994444,
       45.4647222
      ],
      [
       15.0961111,
       45.4761111
      ],
      [
       15.0894444,
       45.4805556
      ],
      [
       15.0652778,
       45.4911111
      ],
      [
       15.0588889,
       45.4905556
      ],
      [
       15.0555556,
       45.4858333
      ],
      [
       15.0380556,
       45.4836111
      ],
      [
       15.0225,
       45.4963889
      ],
      [
       15.0061111,
       45.4972222
      ],
      [
       14.9875,
       45.4988889
      ],
      [
       14.9755556,
       45.5077778
      ],
      [
       14.9644444,
       45.5108333
      ],
      [
       14.9544444,
       45.52
      ],
      [
       14.9402778,
       45.5252778
      ],
      [
       14.9272222,
       45.5191667
      ],
      [
       14.9183333,
       45.5155556
      ],
      [
       14.9219444,
       45.5041667
      ],
      [
       14.9175,
       45.4972222
      ],
      [
       14.9219444,
       45.4897222
      ],
      [
       14.9186111,
       45.4797222
      ],
      [
       14.9088889,
       45.4766667
      ],
      [
       14.8955556,
       45.4752778
      ],
      [
       14.8791667,
       45.4697222
      ],
      [
       14.8638889,
       45.4675
      ],
      [
       14.8430556,
       45.4605556
      ],
      [
       14.8244444,
       45.4605556
      ],
      [
       14.8233333,
       45.4683333
      ],
      [
       14.8158333,
       45.4719444
      ],
      [
       14.8125,
       45.4797222
      ],
      [
       14.8069444,
       45.4858333
      ],
      [
       14.8102778,
       45.4925
      ],
      [
       14.8036111,
       45.4994444
      ],
      [
       14.7991667,
       45.4963889
      ],
      [
       14.7902778,
       45.5016667
      ],
      [
       14.7738889,
       45.5077778
      ],
      [
       14.7672222,
       45.5086111
      ],
      [
       14.7552778,
       45.5152778
      ],
      [
       14.7411111,
       45.5236111
      ],
      [
       14.7266667,
       45.5297222
      ],
      [
       14.7136111,
       45.5311111
      ],
      [
       14.7102778,
       45.5258333
      ],
      [
       14.7027778,
       45.5213889
      ],
      [
       14.6961111,
       45.5244444
      ],
      [
       14.6938889,
       45.5336111
      ],
      [
       14.6969444,
       45.5502778
      ],
      [
       14.7047222,
       45.5577778
      ],
      [
       14.6980556,
       45.5744444
      ],
      [
       14.6836111,
       45.5866667
      ],
      [
       14.6583333,
       45.5880556
      ],
      [
       14.6408333,
       45.5994444
      ],
      [
       14.6308333,
       45.6108333
      ],
      [
       14.62,
       45.6133333
      ],
      [
       14.6013889,
       45.6247222
      ],
      [
       14.6077778,
       45.6305556
      ],
      [
       14.6066667,
       45.6361111
      ],
      [
       14.6141667,
       45.6580556
      ],
      [
       14.6022222,
       45.6641667
      ],
      [
       14.5858333,
       45.6616667
      ],
      [
       14.5758333,
       45.6686111
      ],
      [
       14.5727778,
       45.6527778
      ],
      [
       14.5672222,
       45.6383333
      ],
      [
       14.5586111,
       45.6322222
      ],
      [
       14.5497222,
       45.62
      ],
      [
       14.5336111,
       45.6094444
      ],
      [
       14.505,
       45.6038889
      ],
      [
       14.5116667,
       45.5858333
      ],
      [
       14.5019444,
       45.5744444
      ],
      [
       14.5052778,
       45.5644444
      ],
      [
       14.4997222,
       45.5561111
      ],
      [
       14.5041667,
       45.5477778
      ],
      [
       14.4933333,
       45.5333333
      ],
      [
       14.4791667,
       45.5302778
      ],
      [
       14.4683333,
       45.5211111
      ],
      [
       14.4475,
       45.5144444
      ],
      [
       14.43,
       45.5036111
      ],
      [
       14.4244444,
       45.5088889
      ],
      [
       14.4005556,
       45.5
      ],
      [
       14.4027778,
       45.4944444
      ],
      [
       14.3961111,
       45.4908333
      ],
      [
       14.37,
       45.4825
      ],
      [
       14.3491667,
       45.4816667
      ],
      [
       14.3261111,
       45.4672222
      ],
      [
       14.3183333,
       45.4808333
      ],
      [
       14.3075,
       45.4777778
      ],
      [
       14.3008333,
       45.4808333
      ],
      [
       14.2822222,
       45.4861111
      ],
      [
       14.2658333,
       45.4791667
      ],
      [
       14.2636111,
       45.4838889
      ],
      [
       14.2547222,
       45.4936111
      ],
      [
       14.2461111,
       45.5013889
      ],
      [
       14.2316667,
       45.5036111
      ],
      [
       14.2208333,
       45.4944444
      ],
      [
       14.2177778,
       45.4852778
      ],
      [
       14.2047222,
       45.4730556
      ],
      [
       14.1761111,
       45.4777778
      ],
      [
       14.1552778,
       45.4808333
      ],
      [
       14.1422222,
       45.4783333
      ],
      [
       14.1191667,
       45.4830556
      ],
      [
       14.1080556,
       45.4813889
      ],
      [
       14.0861111,
       45.4822222
      ],
      [
       14.0697222,
       45.4836111
      ],
      [
       14.0641667,
       45.4888889
      ],
      [
       14.0577778,
       45.4913889
      ],
      [
       14.05,
       45.4966667
      ],
      [
       14.0413889,
       45.4972222
      ],
      [
       14.0302778,
       45.5055556
      ],
      [
       14.0247222,
       45.5102778
      ],
      [
       14.0083333,
       45.5194444
      ],
      [
       13.9972222,
       45.5147222
      ],
      [
       13.9986111,
       45.5080556
      ],
      [
       13.9875,
       45.5080556
      ],
      [
       13.9733333,
       45.5147222
      ],
      [
       13.9591667,
       45.5055556
      ],
      [
       13.9655556,
       45.4958333
      ],
      [
       13.9766667,
       45.4927778
      ],
      [
       13.9908333,
       45.4827778
      ],
      [
       13.9855556,
       45.4813889
      ],
      [
       13.9941667,
       45.4722222
      ],
      [
       13.9844444,
       45.4677778
      ],
      [
       13.9833333,
       45.4555556
      ],
      [
       13.9747222,
       45.4538889
      ],
      [
       13.9691667,
       45.4486111
      ],
      [
       13.9572222,
       45.4555556
      ],
      [
       13.9430556,
       45.4547222
      ],
      [
       13.9252778,
       45.4525
      ],
      [
       13.9133333,
       45.4538889
      ],
      [
       13.9077778,
       45.4508333
      ],
      [
       13.8969444,
       45.4441667
      ],
      [
       13.8936111,
       45.4394444
      ],
      [
       13.8883333,
       45.4358333
      ],
      [
       13.8805556,
       45.4280556
      ],
      [
       13.8641667,
       45.4288889
      ],
      [
       13.8511111,
       45.4297222
      ],
      [
       13.8444444,
       45.4341667
      ],
      [
       13.8258333,
       45.4355556
      ],
      [
       13.8094444,
       45.4363889
      ],
      [
       13.8083333,
       45.4438889
      ],
      [
       13.7983333,
       45.4469444
      ],
      [
       13.8027778,
       45.4530556
      ],
      [
       13.7994444,
       45.46
      ],
      [
       13.7938889,
       45.4644444
      ],
      [
       13.7819444,
       45.4666667
      ],
      [
       13.7730556,
       45.4661111
      ],
      [
       13.76,
       45.4688889
      ],
      [
       13.7522222,
       45.4630556
      ],
      [
       13.7413889,
       45.4636111
      ],
      [
       13.7194444,
       45.4591667
      ],
      [
       13.7019444,
       45.4561111
      ],
      [
       13.6866667,
       45.4530556
      ],
      [
       13.6680556,
       45.4452778
      ],
      [
       13.6483333,
       45.4575
      ],
      [
       13.6372222,
       45.4613889
      ],
      [
       13.6252778,
       45.4613889
      ],
      [
       13.6122222,
       45.4658333
      ],
      [
       13.5944444,
       45.4705556
      ],
      [
       13.5780556,
       45.4802778
      ],
      [
       13.3891667,
       45.5594444
      ],
      [
       13.5,
       45.6333333
      ],
      [
       13.7152778,
       45.5966667
      ],
      [
       13.7438889,
       45.5997222
      ],
      [
       13.7788889,
       45.5852778
      ],
      [
       13.7911111,
       45.5836111
      ],
      [
       13.8097222,
       45.5830556
      ],
      [
       13.8338889,
       45.5830556
      ],
      [
       13.8491667,
       45.5869444
      ],
      [
       13.8511111,
       45.5944444
      ],
      [
       13.8633333,
       45.5966667
      ],
      [
       13.8663889,
       45.6111111
      ],
      [
       13.8775,
       45.6111111
      ],
      [
       13.8927778,
       45.6202778
      ],
      [
       13.9188889,
       45.6322222
      ],
      [
       13.9047222,
       45.6422222
      ],
      [
       13.8969444,
       45.6430556
      ],
      [
       13.885,
       45.6491667
      ],
      [
       13.865,
       45.6605556
      ],
      [
       13.8497222,
       45.6758333
      ],
      [
       13.8319444,
       45.69
      ],
      [
       13.8352778,
       45.7052778
      ],
      [
       13.8286111,
       45.7127778
      ],
      [
       13.8077778,
       45.7233333
      ],
      [
       13.7944444,
       45.7425
      ],
      [
       13.7691667,
       45.75
      ],
      [
       13.765,
       45.7536111
      ],
      [
       13.7494444,
       45.7519444
      ],
      [
       13.7419444,
       45.755
      ],
      [
       13.7230556,
       45.7697222
      ],
      [
       13.7122222,
       45.7733333
      ],
      [
       13.6969444,
       45.7816667
      ],
      [
       13.6780556,
       45.7922222
      ],
      [
       13.6727778,
       45.7933333
      ],
      [
       13.6638889,
       45.8008333
      ],
      [
       13.6408333,
       45.7994444
      ],
      [
       13.6375,
       45.8025
      ],
      [
       13.6266667,
       45.7955556
      ],
      [
       13.6211111,
       45.8025
      ],
      [
       13.6102778,
       45.8055556
      ],
      [
       13.5969444,
       45.8083333
      ],
      [
       13.6002778,
       45.8161111
      ],
      [
       13.5947222,
       45.8258333
      ],
      [
       13.5902778,
       45.8366667
      ],
      [
       13.5813889,
       45.8419444
      ],
      [
       13.5769444,
       45.8525
      ],
      [
       13.5847222,
       45.8691667
      ],
      [
       13.5955556,
       45.8775
      ],
      [
       13.5888889,
       45.8827778
      ],
      [
       13.5975,
       45.8966667
      ],
      [
       13.6127778,
       45.905
      ],
      [
       13.6194444,
       45.9155556
      ],
      [
       13.6388889,
       45.9422222
      ],
      [
       13.6333333,
       45.9527778
      ],
      [
       13.6377778,
       45.9627778
      ],
      [
       13.6430556,
       45.9808333
      ],
      [
       13.6452778,
       45.9877778
      ],
      [
       13.6408333,
       45.9883333
      ],
      [
       13.6333333,
       45.9852778
      ],
      [
       13.6288889,
       45.9844444
      ],
      [
       13.6136111,
       45.9833333
      ],
      [
       13.5991667,
       45.99
      ],
      [
       13.5883333,
       45.99
      ],
      [
       13.5797222,
       45.9786111
      ],
      [
       13.5675,
       45.9716667
      ],
      [
       13.5544444,
       45.9716667
      ],
      [
       13.5380556,
       45.9672222
      ],
      [
       13.525,
       45.9738889
      ],
      [
       13.5127778,
       45.9830556
      ],
      [
       13.505,
       45.9838889
      ],
      [
       13.4930556,
       45.9975
      ],
      [
       13.4819444,
       46.0133333
      ],
      [
       13.4994444,
       46.0202778
      ],
      [
       13.5091667,
       46.0302778
      ],
      [
       13.5136111,
       46.0483333
      ],
      [
       13.5002778,
       46.0513889
      ],
      [
       13.5058333,
       46.0627778
      ],
      [
       13.5352778,
       46.0719444
      ],
      [
       13.5494444,
       46.0855556
      ],
      [
       13.58,
       46.0911111
      ],
      [
       13.5877778,
       46.1008333
      ],
      [
       13.6030556,
       46.1069444
      ],
      [
       13.6127778,
       46.1191667
      ],
      [
       13.6291667,
       46.1261111
      ],
      [
       13.6388889,
       46.1366667
      ],
      [
       13.6488889,
       46.1375
      ],
      [
       13.6597222,
       46.1502778
      ],
      [
       13.6597222,
       46.1616667
      ],
      [
       13.6683333,
       46.1688889
      ]
     ]
    ]
   }
  },
  {
   "type": "Feature",
   "properties": {
    "ll": {
     "value": 2500,
     "unit": 1,
     "referenceDatum": 0
    },
    "ul": {
     "value": 7500,
     "unit": 1,
     "referenceDatum": 1
    },
    "_id": "626150894b027aab592b17fe",
    "name": "TMA DOLSKO 1",
    "type": 0,
    "icao": 4,
    "bnd": [
     [
      45.4213889,
      13.3891667
     ],
     [
      46.6538889,
      15.9025
     ]
    ]
   },
   "geometry": {
    "type": "Polygon",
    "coordinates": [
     [
      [
       13.6683333,
       46.1688889
      ],
      [
       13.745,
       45.9780556
      ],
      [
       14.1733333,
       46.0597222
      ],
      [
       14.0847222,
       46.2816667
      ],
      [
       14.3608333,
       46.3486111
      ],
      [
       14.7052778,
       46.2588889
      ],
      [
       14.8063889,
       46.2958333
      ],
      [
       14.8708333,
       46.3833333
      ],
      [
       15.0675556,
       46.6481389
      ],
      [
       15.0833333,
       46.6461111
      ],
      [
       15.1405556,
       46.6538889
      ],
      [
       15.2283333,
       46.6361111
      ],
      [
       15.4111111,
       46.65
      ],
      [
       15.45,
       46.6347222
      ],
      [
       15.4616667,
       46.6119444
      ],
      [
       15.4880556,
       46.6122222
      ],
      [
       15.5205556,
       46.5355556
      ],
      [
       15.9025,
       46.2863889
      ],
      [
       15.9008333,
       46.2855556
      ],
      [
       15.8888889,
       46.2780556
      ],
      [
       15.8736111,
       46.2780556
      ],
      [
       15.865,
       46.2636111
      ],
      [
       15.8505556,
       46.2627778
      ],
      [
       15.8277778,
       46.2588889
      ],
      [
       15.7947222,
       46.2575
      ],
      [
       15.8069444,
       46.2369444
      ],
      [
       15.8016667,
       46.2347222
      ],
      [
       15.7972222,
       46.2211111
      ],
      [
       15.7908333,
       46.2136111
      ],
      [
       15.7875,
       46.2094444
      ],
      [
       15.7744444,
       46.205
      ],
      [
       15.76,
       46.2058333
      ],
      [
       15.76,
       46.2155556
      ],
      [
       15.7502778,
       46.2186111
      ],
      [
       15.7369444,
       46.2125
      ],
      [
       15.7316667,
       46.2186111
      ],
      [
       15.7216667,
       46.2155556
      ],
      [
       15.7161111,
       46.2202778
      ],
      [
       15.6975,
       46.2194444
      ],
      [
       15.68,
       46.2230556
      ],
      [
       15.6713889,
       46.2208333
      ],
      [
       15.6483333,
       46.2094444
      ],
      [
       15.6438889,
       46.2041667
      ],
      [
       15.6483333,
       46.195
      ],
      [
       15.6497222,
       46.1866667
      ],
      [
       15.6430556,
       46.1797222
      ],
      [
       15.6344444,
       46.1761111
      ],
      [
       15.6222222,
       46.1722222
      ],
      [
       15.6058333,
       46.1608333
      ],
      [
       15.6158333,
       46.1494444
      ],
      [
       15.5994444,
       46.1425
      ],
      [
       15.6147222,
       46.1319444
      ],
      [
       15.6172222,
       46.1197222
      ],
      [
       15.6127778,
       46.1061111
      ],
      [
       15.6194444,
       46.1022222
      ],
      [
       15.6194444,
       46.0947222
      ],
      [
       15.6291667,
       46.0947222
      ],
      [
       15.6261111,
       46.0855556
      ],
      [
       15.6391667,
       46.0788889
      ],
      [
       15.6555556,
       46.0819444
      ],
      [
       15.6622222,
       46.0683333
      ],
      [
       15.6722222,
       46.0683333
      ],
      [
       15.6852778,
       46.0644444
      ],
      [
       15.7016667,
       46.0575
      ],
      [
       15.7205556,
       46.0522222
      ],
      [
       15.7313889,
       46.0438889
      ],
      [
       15.7238889,
       46.0325
      ],
      [
       15.7183333,
       46.0227778
      ],
      [
       15.7194444,
       46.0158333
      ],
      [
       15.7141667,
       46.0097222
      ],
      [
       15.7208333,
       46.0066667
      ],
      [
       15.7086111,
       45.9961111
      ],
      [
       15.7152778,
       45.9913889
      ],
      [
       15.7108333,
       45.9886111
      ],
      [
       15.7111111,
       45.9825
      ],
      [
       15.7144444,
       45.9663889
      ],
      [
       15.7144444,
       45.9405556
      ],
      [
       15.7158333,
       45.92
      ],
      [
       15.7102778,
       45.9177778
      ],
      [
       15.6883333,
       45.8997222
      ],
      [
       15.695,
       45.8822222
      ],
      [
       15.6930556,
       45.87
      ],
      [
       15.6986111,
       45.8647222
      ],
      [
       15.7083333,
       45.8586111
      ],
      [
       15.7194444,
       45.845
      ],
      [
       15.7052778,
       45.8425
      ],
      [
       15.6908333,
       45.8411111
      ],
      [
       15.6766667,
       45.8380556
      ],
      [
       15.6613889,
       45.8311111
      ],
      [
       15.6538889,
       45.8205556
      ],
      [
       15.6461111,
       45.8297222
      ],
      [
       15.6341667,
       45.8311111
      ],
      [
       15.6208333,
       45.8394444
      ],
      [
       15.6011111,
       45.8441667
      ],
      [
       15.5847222,
       45.8494444
      ],
      [
       15.5747222,
       45.8447222
      ],
      [
       15.5716667,
       45.8327778
      ],
      [
       15.5672222,
       45.8355556
      ],
      [
       15.5627778,
       45.8433333
      ],
      [
       15.5486111,
       45.8447222
      ],
      [
       15.5486111,
       45.8380556
      ],
      [
       15.5452778,
       45.8266667
      ],
      [
       15.5366667,
       45.8197222
      ],
      [
       15.5191667,
       45.8175
      ],
      [
       15.5125,
       45.8241667
      ],
      [
       15.5069444,
       45.8266667
      ],
      [
       15.4994444,
       45.825
      ],
      [
       15.4894444,
       45.8211111
      ],
      [
       15.4894444,
       45.8175
      ],
      [
       15.4763889,
       45.8127778
      ],
      [
       15.4808333,
       45.8083333
      ],
      [
       15.4841667,
       45.7947222
      ],
      [
       15.4766667,
       45.7908333
      ],
      [
       15.4677778,
       45.7930556
      ],
      [
       15.4372222,
       45.7930556
      ],
      [
       15.4283333,
       45.7944444
      ],
      [
       15.4141667,
       45.79
      ],
      [
       15.4044444,
       45.7861111
      ],
      [
       15.3891667,
       45.7769444
      ],
      [
       15.3672222,
       45.7694444
      ],
      [
       15.3419444,
       45.7594444
      ],
      [
       15.3180556,
       45.7519444
      ],
      [
       15.305,
       45.7458333
      ],
      [
       15.2905556,
       45.7397222
      ],
      [
       15.2852778,
       45.7305556
      ],
      [
       15.2677778,
       45.7161111
      ],
      [
       15.2766667,
       45.7116667
      ],
      [
       15.2777778,
       45.7025
      ],
      [
       15.2875,
       45.7016667
      ],
      [
       15.2952778,
       45.7047222
      ],
      [
       15.2963889,
       45.7002778
      ],
      [
       15.2941667,
       45.6933333
      ],
      [
       15.2986111,
       45.6866667
      ],
      [
       15.3108333,
       45.6836111
      ],
      [
       15.3116667,
       45.6911111
      ],
      [
       15.3183333,
       45.6911111
      ],
      [
       15.3216667,
       45.6827778
      ],
      [
       15.3238889,
       45.6705556
      ],
      [
       15.335,
       45.67
      ],
      [
       15.3336111,
       45.6827778
      ],
      [
       15.3336111,
       45.6927778
      ],
      [
       15.3477778,
       45.7002778
      ],
      [
       15.3477778,
       45.7086111
      ],
      [
       15.3544444,
       45.7086111
      ],
      [
       15.3697222,
       45.7080556
      ],
      [
       15.3686111,
       45.6980556
      ],
      [
       15.3708333,
       45.6897222
      ],
      [
       15.3741667,
       45.6844444
      ],
      [
       15.3644444,
       45.6822222
      ],
      [
       15.3577778,
       45.6761111
      ],
      [
       15.3611111,
       45.6661111
      ],
      [
       15.3677778,
       45.6708333
      ],
      [
       15.3733333,
       45.67
      ],
      [
       15.3775,
       45.6797222
      ],
      [
       15.3841667,
       45.6752778
      ],
      [
       15.3961111,
       45.6708333
      ],
      [
       15.4016667,
       45.66
      ],
      [
       15.4138889,
       45.6463889
      ],
      [
       15.4072222,
       45.6366667
      ],
      [
       15.3986111,
       45.6366667
      ],
      [
       15.3844444,
       45.6402778
      ],
      [
       15.3677778,
       45.6411111
      ],
      [
       15.3580556,
       45.6402778
      ],
      [
       15.3580556,
       45.6327778
      ],
      [
       15.3513889,
       45.6319444
      ],
      [
       15.335,
       45.6333333
      ],
      [
       15.3241667,
       45.6333333
      ],
      [
       15.3133333,
       45.6297222
      ],
      [
       15.3111111,
       45.6188889
      ],
      [
       15.3133333,
       45.6122222
      ],
      [
       15.2991667,
       45.6105556
      ],
      [
       15.2861111,
       45.6022222
      ],
      [
       15.2883333,
       45.5961111
      ],
      [
       15.3069444,
       45.5802778
      ],
      [
       15.3072222,
       45.5483333
      ],
      [
       15.3127778,
       45.5302778
      ],
      [
       15.3225,
       45.5255556
      ],
      [
       15.3258333,
       45.5163889
      ],
      [
       15.3358333,
       45.5141667
      ],
      [
       15.3425,
       45.5066667
      ],
      [
       15.3741667,
       45.4905556
      ],
      [
       15.3819444,
       45.49
      ],
      [
       15.3927778,
       45.4838889
      ],
      [
       15.37,
       45.4769444
      ],
      [
       15.3633333,
       45.4702778
      ],
      [
       15.3591667,
       45.4563889
      ],
      [
       15.3525,
       45.4572222
      ],
      [
       15.3427778,
       45.4533333
      ],
      [
       15.3261111,
       45.4563889
      ],
      [
       15.3063889,
       45.4611111
      ],
      [
       15.2955556,
       45.4633333
      ],
      [
       15.2833333,
       45.4641667
      ],
      [
       15.2538889,
       45.4497222
      ],
      [
       15.2452778,
       45.445
      ],
      [
       15.2419444,
       45.4411111
      ],
      [
       15.2408333,
       45.4358333
      ],
      [
       15.2377778,
       45.4291667
      ],
      [
       15.2333333,
       45.4244444
      ],
      [
       15.2169444,
       45.4266667
      ],
      [
       15.2113889,
       45.4313889
      ],
      [
       15.2036111,
       45.4336111
      ],
      [
       15.1972222,
       45.4275
      ],
      [
       15.1983333,
       45.4230556
      ],
      [
       15.1927778,
       45.4213889
      ],
      [
       15.1830556,
       45.4213889
      ],
      [
       15.1719444,
       45.4236111
      ],
      [
       15.1630556,
       45.4283333
      ],
      [
       15.1566667,
       45.4380556
      ],
      [
       15.1488889,
       45.4441667
      ],
      [
       15.1388889,
       45.4472222
      ],
      [
       15.1258333,
       45.4541667
      ],
      [
       15.1113889,
       45.4630556
      ],
      [
       15.0994444,
       45.4647222
      ],
      [
       15.0961111,
       45.4761111
      ],
      [
       15.0894444,
       45.4805556
      ],
      [
       15.0652778,
       45.4911111
      ],
      [
       15.0588889,
       45.4905556
      ],
      [
       15.0555556,
       45.4858333
      ],
      [
       15.0380556,
       45.4836111
      ],
      [
       15.0225,
       45.4963889
      ],
      [
       15.0061111,
       45.4972222
      ],
      [
       14.9875,
       45.4988889
      ],
      [
       14.9755556,
       45.5077778
      ],
      [
       14.9644444,
       45.5108333
      ],
      [
       14.9544444,
       45.52
      ],
      [
       14.9402778,
       45.5252778
      ],
      [
       14.9272222,
       45.5191667
      ],
      [
       14.9183333,
       45.5155556
      ],
      [
       14.9219444,
       45.5041667
      ],
      [
       14.9175,
       45.4972222
      ],
      [
       14.9219444,
       45.4897222
      ],
      [
       14.9186111,
       45.4797222
      ],
      [
       14.9088889,
       45.4766667
      ],
      [
       14.8955556,
       45.4752778
      ],
      [
       14.8791667,
       45.4697222
      ],
      [
       14.8638889,
       45.4675
      ],
      [
       14.8430556,
       45.4605556
      ],
      [
       14.8244444,
       45.4605556
      ],
      [
       14.8233333,
       45.4683333
      ],
      [
       14.8158333,
       45.4719444
      ],
      [
       14.8125,
       45.4797222
      ],
      [
       14.8069444,
       45.4858333
      ],
      [
       14.8102778,
       45.4925
      ],
      [
       14.8036111,
       45.4994444
      ],
      [
       14.7991667,
       45.4963889
      ],
      [
       14.7902778,
       45.5016667
      ],
      [
       14.7738889,
       45.5077778
      ],
      [
       14.7672222,
       45.5086111
      ],
      [
       14.7552778,
       45.5152778
      ],
      [
       14.7411111,
       45.5236111
      ],
      [
       14.7266667,
       45.5297222
      ],
      [
       14.7136111,
       45.5311111
      ],
      [
       14.7102778,
       45.5258333
      ],
      [
       14.7027778,
       45.5213889
      ],
      [
       14.6961111,
       45.5244444
      ],
      [
       14.6938889,
       45.5336111
      ],
      [
       14.6969444,
       45.5502778
      ],
      [
       14.7047222,
       45.5577778
      ],
      [
       14.6980556,
       45.5744444
      ],
      [
       14.6836111,
       45.5866667
      ],
      [
       14.6583333,
       45.5880556
      ],
      [
       14.6408333,
       45.5994444
      ],
      [
       14.6308333,
       45.6108333
      ],
      [
       14.62,
       45.6133333
      ],
      [
       14.6013889,
       45.6247222
      ],
      [
       14.6077778,
       45.6305556
      ],
      [
       14.6066667,
       45.6361111
      ],
      [
       14.6141667,
       45.6580556
      ],
      [
       14.6022222,
       45.6641667
      ],
      [
       14.5858333,
       45.6616667
      ],
      [
       14.5758333,
       45.6686111
      ],
      [
       14.5727778,
       45.6527778
      ],
      [
       14.5672222,
       45.6383333
      ],
      [
       14.5586111,
       45.6322222
      ],
      [
       14.5497222,
       45.62
      ],
      [
       14.5336111,
       45.6094444
      ],
      [
       14.505,
       45.6038889
      ],
      [
       14.5116667,
       45.5858333
      ],
      [
       14.5019444,
       45.5744444
      ],
      [
       14.5052778,
       45.5644444
      ],
      [
       14.4997222,
       45.5561111
      ],
      [
       14.5041667,
       45.5477778
      ],
      [
       14.4933333,
       45.5333333
      ],
      [
       14.4791667,
       45.5302778
      ],
      [
       14.4683333,
       45.5211111
      ],
      [
       14.4475,
       45.5144444
      ],
      [
       14.43,
       45.5036111
      ],
      [
       14.4244444,
       45.5088889
      ],
      [
       14.4005556,
       45.5
      ],
      [
       14.4027778,
       45.4944444
      ],
      [
       14.3961111,
       45.4908333
      ],
      [
       14.37,
       45.4825
      ],
      [
       14.3491667,
       45.4816667
      ],
      [
       14.3261111,
       45.4672222
      ],
      [
       14.3183333,
       45.4808333
      ],
      [
       14.3075,
       45.4777778
      ],
      [
       14.3008333,
       45.4808333
      ],
      [
       14.2822222,
       45.4861111
      ],
      [
       14.2658333,
       45.4791667
      ],
      [
       14.2636111,
       45.4838889
      ],
      [
       14.2547222,
       45.4936111
      ],
      [
       14.2461111,
       45.5013889
      ],
      [
       14.2316667,
       45.5036111
      ],
      [
       14.2208333,
       45.4944444
      ],
      [
       14.2177778,
       45.4852778
      ],
      [
       14.2047222,
       45.4730556
      ],
      [
       14.1761111,
       45.4777778
      ],
      [
       14.1552778,
       45.4808333
      ],
      [
       14.1422222,
       45.4783333
      ],
      [
       14.1191667,
       45.4830556
      ],
      [
       14.1080556,
       45.4813889
      ],
      [
       14.0861111,
       45.4822222
      ],
      [
       14.0697222,
       45.4836111
      ],
      [
       14.0641667,
       45.4888889
      ],
      [
       14.0577778,
       45.4913889
      ],
      [
       14.05,
       45.4966667
      ],
      [
       14.0413889,
       45.4972222
      ],
      [
       14.0302778,
       45.5055556
      ],
      [
       14.0247222,
       45.5102778
      ],
      [
       14.0083333,
       45.5194444
      ],
      [
       13.9972222,
       45.5147222
      ],
      [
       13.9986111,
       45.5080556
      ],
      [
       13.9875,
       45.5080556
      ],
      [
       13.9733333,
       45.5147222
      ],
      [
       13.9591667,
       45.5055556
      ],
      [
       13.9655556,
       45.4958333
      ],
      [
       13.9766667,
       45.4927778
      ],
      [
       13.9908333,
       45.4827778
      ],
      [
       13.9855556,
       45.4813889
      ],
      [
       13.9941667,
       45.4722222
      ],
      [
       13.9844444,
       45.4677778
      ],
      [
       13.9833333,
       45.4555556
      ],
      [
       13.9747222,
       45.4538889
      ],
      [
       13.9691667,
       45.4486111
      ],
      [
       13.9572222,
       45.4555556
      ],
      [
       13.9430556,
       45.4547222
      ],
      [
       13.9252778,
       45.4525
      ],
      [
       13.9133333,
       45.4538889
      ],
      [
       13.9077778,
       45.4508333
      ],
      [
       13.8969444,
       45.4441667
      ],
      [
       13.8936111,
       45.4394444
      ],
      [
       13.8883333,
       45.4358333
      ],
      [
       13.8805556,
       45.4280556
      ],
      [
       13.8641667,
       45.4288889
      ],
      [
       13.8511111,
       45.4297222
      ],
      [
       13.8444444,
       45.4341667
      ],
      [
       13.8258333,
       45.4355556
      ],
      [
       13.8094444,
       45.4363889
      ],
      [
       13.8083333,
       45.4438889
      ],
      [
       13.7983333,
       45.4469444
      ],
      [
       13.8027778,
       45.4530556
      ],
      [
       13.7994444,
       45.46
      ],
      [
       13.7938889,
       45.4644444
      ],
      [
       13.7819444,
       45.4666667
      ],
      [
       13.7730556,
       45.4661111
      ],
      [
       13.76,
       45.4688889
      ],
      [
       13.7522222,
       45.4630556
      ],
      [
       13.7413889,
       45.4636111
      ],
      [
       13.7194444,
       45.4591667
      ],
      [
       13.7019444,
       45.4561111
      ],
      [
       13.6866667,
       45.4530556
      ],
      [
       13.6680556,
       45.4452778
      ],
      [
       13.6483333,
       45.4575
      ],
      [
       13.6372222,
       45.4613889
      ],
      [
       13.6252778,
       45.4613889
      ],
      [
       13.6122222,
       45.4658333
      ],
      [
       13.5944444,
       45.4705556
      ],
      [
       13.5780556,
       45.4802778
      ],
      [
       13.3891667,
       45.5594444
      ],
      [
       13.5,
       45.6333333
      ],
      [
       13.7152778,
       45.5966667
      ],
      [
       13.7438889,
       45.5997222
      ],
      [
       13.7788889,
       45.5852778
      ],
      [
       13.7911111,
       45.5836111
      ],
      [
       13.8097222,
       45.5830556
      ],
      [
       13.8338889,
       45.5830556
      ],
      [
       13.8491667,
       45.5869444
      ],
      [
       13.8511111,
       45.5944444
      ],
      [
       13.8633333,
       45.5966667
      ],
      [
       13.8663889,
       45.6111111
      ],
      [
       13.8775,
       45.6111111
      ],
      [
       13.8927778,
       45.6202778
      ],
      [
       13.9188889,
       45.6322222
      ],
      [
       13.9047222,
       45.6422222
      ],
      [
       13.8969444,
       45.6430556
      ],
      [
       13.885,
       45.6491667
      ],
      [
       13.865,
       45.6605556
      ],
      [
       13.8497222,
       45.6758333
      ],
      [
       13.8319444,
       45.69
      ],
      [
       13.8352778,
       45.7052778
      ],
      [
       13.8286111,
       45.7127778
      ],
      [
       13.8077778,
       45.7233333
      ],
      [
       13.7944444,
       45.7425
      ],
      [
       13.7691667,
       45.75
      ],
      [
       13.765,
       45.7536111
      ],
      [
       13.7494444,
       45.7519444
      ],
      [
       13.7419444,
       45.755
      ],
      [
       13.7230556,
       45.7697222
      ],
      [
       13.7122222,
       45.7733333
      ],
      [
       13.6969444,
       45.7816667
      ],
      [
       13.6780556,
       45.7922222
      ],
      [
       13.6727778,
       45.7933333
      ],
      [
       13.6638889,
       45.8008333
      ],
      [
       13.6408333,
       45.7994444
      ],
      [
       13.6375,
       45.8025
      ],
      [
       13.6266667,
       45.7955556
      ],
      [
       13.6211111,
       45.8025
      ],
      [
       13.6102778,
       45.8055556
      ],
      [
       13.5969444,
       45.8083333
      ],
      [
       13.6002778,
       45.8161111
      ],
      [
       13.5947222,
       45.8258333
      ],
      [
       13.5902778,
       45.8366667
      ],
      [
       13.5813889,
       45.8419444
      ],
      [
       13.5769444,
       45.8525
      ],
      [
       13.5847222,
       45.8691667
      ],
      [
       13.5955556,
       45.8775
      ],
      [
       13.5888889,
       45.8827778
      ],
      [
       13.5975,
       45.8966667
      ],
      [
       13.6127778,
       45.905
      ],
      [
       13.6194444,
       45.9155556
      ],
      [
       13.6388889,
       45.9422222
      ],
      [
       13.6333333,
       45.9527778
      ],
      [
       13.6377778,
       45.9627778
      ],
      [
       13.6430556,
       45.9808333
      ],
      [
       13.6452778,
       45.9877778
      ],
      [
       13.6408333,
       45.9883333
      ],
      [
       13.6333333,
       45.9852778
      ],
      [
       13.6288889,
       45.9844444
      ],
      [
       13.6136111,
       45.9833333
      ],
      [
       13.5991667,
       45.99
      ],
      [
       13.5883333,
       45.99
      ],
      [
       13.5797222,
       45.9786111
      ],
      [
       13.5675,
       45.9716667
      ],
      [
       13.5544444,
       45.9716667
      ],
      [
       13.5380556,
       45.9672222
      ],
      [
       13.525,
       45.9738889
      ],
      [
       13.5127778,
       45.9830556
      ],
      [
       13.505,
       45.9838889
      ],
      [
       13.4930556,
       45.9975
      ],
      [
       13.4819444,
       46.0133333
      ],
      [
       13.4994444,
       46.0202778
      ],
      [
       13.5091667,
       46.0302778
      ],
      [
       13.5136111,
       46.0483333
      ],
      [
       13.5002778,
       46.0513889
      ],
      [
       13.5058333,
       46.0627778
      ],
      [
       13.5352778,
       46.0719444
      ],
      [
       13.5494444,
       46.0855556
      ],
      [
       13.58,
       46.0911111
      ],
      [
       13.5877778,
       46.1008333
      ],
      [
       13.6030556,
       46.1069444
      ],
      [
       13.6127778,
       46.1191667
      ],
      [
       13.6291667,
       46.1261111
      ],
      [
       13.6388889,
       46.1366667
      ],
      [
       13.6488889,
       46.1375
      ],
      [
       13.6597222,
       46.1502778
      ],
      [
       13.6597222,
       46.1616667
      ],
      [
       13.6683333,
       46.1688889
      ]
     ]
    ]
   }
  },
  {
   "type": "Feature",
   "properties": {
    "ll": {
     "value": 9500,
     "unit": 1,
     "referenceDatum": 1
    },
    "ul": {
     "value": 195,
     "unit": 6,
     "referenceDatum": 2
    },
    "_id": "626150895e9ded571044f217",
    "name": "TMA DOLSKO 2",
    "type": 0,
    "icao": 3,
    "bnd": [
     [
      45.9780556,
      13.3872222
     ],
     [
      46.6511111,
      15.0688889
     ]
    ]
   },
   "geometry": {
    "type": "Polygon",
    "coordinates": [
     [
      [
       13.6661111,
       46.1747222
      ],
      [
       13.6716667,
       46.1716667
      ],
      [
       13.6758333,
       46.1730556
      ],
      [
       13.6705556,
       46.1797222
      ],
      [
       13.6572222,
       46.1833333
      ],
      [
       13.6430556,
       46.1894444
      ],
      [
       13.6375,
       46.1841667
      ],
      [
       13.6222222,
       46.1841667
      ],
      [
       13.6047222,
       46.1855556
      ],
      [
       13.5980556,
       46.1877778
      ],
      [
       13.5861111,
       46.1841667
      ],
      [
       13.5702778,
       46.1855556
      ],
      [
       13.5677778,
       46.1969444
      ],
      [
       13.5575,
       46.2075
      ],
      [
       13.5444444,
       46.2091667
      ],
      [
       13.5366667,
       46.2136111
      ],
      [
       13.5247222,
       46.2136111
      ],
      [
       13.5102778,
       46.2161111
      ],
      [
       13.5005556,
       46.2219444
      ],
      [
       13.4894444,
       46.2188889
      ],
      [
       13.46,
       46.2211111
      ],
      [
       13.4527778,
       46.2113889
      ],
      [
       13.4419444,
       46.2113889
      ],
      [
       13.4294444,
       46.2052778
      ],
      [
       13.4161111,
       46.2166667
      ],
      [
       13.4261111,
       46.2247222
      ],
      [
       13.4205556,
       46.2305556
      ],
      [
       13.4313889,
       46.2361111
      ],
      [
       13.4236111,
       46.2405556
      ],
      [
       13.4116667,
       46.2488889
      ],
      [
       13.4061111,
       46.2641667
      ],
      [
       13.4027778,
       46.2869444
      ],
      [
       13.3872222,
       46.2936111
      ],
      [
       13.3872222,
       46.3027778
      ],
      [
       13.4091667,
       46.3013889
      ],
      [
       13.4211111,
       46.3088889
      ],
      [
       13.4319444,
       46.3263889
      ],
      [
       13.4461111,
       46.3255556
      ],
      [
       13.4511111,
       46.3416667
      ],
      [
       13.4436111,
       46.3652778
      ],
      [
       13.4833333,
       46.3652778
      ],
      [
       13.4963889,
       46.3719444
      ],
      [
       13.5061111,
       46.3736111
      ],
      [
       13.5194444,
       46.3788889
      ],
      [
       13.5269444,
       46.3766667
      ],
      [
       13.5247222,
       46.385
      ],
      [
       13.5388889,
       46.3902778
      ],
      [
       13.5455556,
       46.3858333
      ],
      [
       13.5511111,
       46.3941667
      ],
      [
       13.5641667,
       46.3941667
      ],
      [
       13.5686111,
       46.4002778
      ],
      [
       13.5772222,
       46.3994444
      ],
      [
       13.5838889,
       46.4063889
      ],
      [
       13.5858333,
       46.4169444
      ],
      [
       13.5880556,
       46.4291667
      ],
      [
       13.6,
       46.4322222
      ],
      [
       13.6066667,
       46.4405556
      ],
      [
       13.6163889,
       46.4405556
      ],
      [
       13.6338889,
       46.4411111
      ],
      [
       13.6580556,
       46.4466667
      ],
      [
       13.67,
       46.4388889
      ],
      [
       13.6975,
       46.4413889
      ],
      [
       13.7038889,
       46.4502778
      ],
      [
       13.7038889,
       46.4594444
      ],
      [
       13.7005556,
       46.4672222
      ],
      [
       13.7027778,
       46.4747222
      ],
      [
       13.7102778,
       46.4808333
      ],
      [
       13.7036111,
       46.4983333
      ],
      [
       13.7091667,
       46.5080556
      ],
      [
       13.72,
       46.5163889
      ],
      [
       13.7230556,
       46.5213889
      ],
      [
       13.7747222,
       46.515
      ],
      [
       13.8005556,
       46.505
      ],
      [
       13.8316667,
       46.5186111
      ],
      [
       13.9130556,
       46.5202778
      ],
      [
       14.0166667,
       46.4805556
      ],
      [
       14.0944444,
       46.4861111
      ],
      [
       14.1527778,
       46.4388889
      ],
      [
       14.4277778,
       46.4444444
      ],
      [
       14.4888889,
       46.4138889
      ],
      [
       14.5127778,
       46.4272222
      ],
      [
       14.5722222,
       46.3694444
      ],
      [
       14.5961111,
       46.4369444
      ],
      [
       14.6777778,
       46.4527778
      ],
      [
       14.7277778,
       46.5
      ],
      [
       14.825,
       46.5055556
      ],
      [
       14.8569444,
       46.5925
      ],
      [
       14.8675,
       46.6058333
      ],
      [
       14.8852778,
       46.6113889
      ],
      [
       14.9211111,
       46.605
      ],
      [
       14.9222222,
       46.6202778
      ],
      [
       14.9347222,
       46.6147222
      ],
      [
       14.9633333,
       46.6333333
      ],
      [
       14.9844444,
       46.6030556
      ],
      [
       15,
       46.6230556
      ],
      [
       15.0444444,
       46.6511111
      ],
      [
       15.0688889,
       46.65
      ],
      [
       14.8708333,
       46.3833333
      ],
      [
       14.8063889,
       46.2958333
      ],
      [
       14.7052778,
       46.2588889
      ],
      [
       14.3608333,
       46.3486111
      ],
      [
       14.0847222,
       46.2816667
      ],
      [
       14.1736111,
       46.0597222
      ],
      [
       13.745,
       45.9780556
      ],
      [
       13.6661111,
       46.1747222
      ]
     ]
    ]
   }
  },
  {
   "type": "Feature",
   "properties": {
    "ll": {
     "value": 1000,
     "unit": 1,
     "referenceDatum": 0
    },
    "ul": {
     "value": 125,
     "unit": 6,
     "referenceDatum": 2
    },
    "_id": "626150894b027aab592b1808",
    "name": "TMA LJUBLJANA 1",
    "type": 0,
    "icao": 2,
    "bnd": [
     [
      45.9161111,
      14.0847222
     ],
     [
      46.3486111,
      15.1208333
     ]
    ]
   },
   "geometry": {
    "type": "Polygon",
    "coordinates": [
     [
      [
       15.1027778,
       46.1533333
      ],
      [
       15.1208333,
       46.0816667
      ],
      [
       15.0144444,
       45.9161111
      ],
      [
       14.2302778,
       45.9166667
      ],
      [
       14.0847222,
       46.2816667
      ],
      [
       14.3608333,
       46.3486111
      ],
      [
       14.7052778,
       46.2588889
      ],
      [
       14.75,
       46.2497222
      ],
      [
       14.8608333,
       46.2425
      ],
      [
       15.1027778,
       46.1533333
      ]
     ]
    ]
   }
  },
  {
   "type": "Feature",
   "properties": {
    "ll": {
     "value": 9500,
     "unit": 1,
     "referenceDatum": 1
    },
    "ul": {
     "value": 125,
     "unit": 6,
     "referenceDatum": 2
    },
    "_id": "626150894b027aab592b1812",
    "name": "TMA LJUBLJANA 2",
    "type": 0,
    "icao": 2,
    "bnd": [
     [
      46.2588889,
      14.0022222
     ],
     [
      46.4861111,
      14.8708333
     ]
    ]
   },
   "geometry": {
    "type": "Polygon",
    "coordinates": [
     [
      [
       14.6794444,
       46.4555556
      ],
      [
       14.8708333,
       46.3833333
      ],
      [
       14.8063889,
       46.2958333
      ],
      [
       14.7052778,
       46.2588889
      ],
      [
       14.3608333,
       46.3486111
      ],
      [
       14.0847222,
       46.2816667
      ],
      [
       14.0022222,
       46.4860278
      ],
      [
       14.0166667,
       46.4805556
      ],
      [
       14.0944444,
       46.4861111
      ],
      [
       14.1527778,
       46.4388889
      ],
      [
       14.4277778,
       46.4444444
      ],
      [
       14.4888889,
       46.4138889
      ],
      [
       14.5127778,
       46.4272222
      ],
      [
       14.5722222,
       46.3694444
      ],
      [
       14.5958333,
       46.4366667
      ],
      [
       14.6777778,
       46.4527778
      ],
      [
       14.6794444,
       46.4555556
      ]
     ]
    ]
   }
  },
  {
   "type": "Feature",
   "properties": {
    "ll": {
     "value": 5500,
     "unit": 1,
     "referenceDatum": 1
    },
    "ul": {
     "value": 125,
     "unit": 6,
     "referenceDatum": 2
    },
    "_id": "626150895e9ded571044f227",
    "name": "TMA LJUBLJANA 3",
    "type": 0,
    "icao": 2,
    "bnd": [
     [
      46.1533333,
      14.7052778
     ],
     [
      46.3833333,
      15.1027778
     ]
    ]
   },
   "geometry": {
    "type": "Polygon",
    "coordinates": [
     [
      [
       14.8708333,
       46.3833333
      ],
      [
       15.0633333,
       46.3102778
      ],
      [
       15.1027778,
       46.1533333
      ],
      [
       14.8608333,
       46.2425
      ],
      [
       14.75,
       46.2497222
      ],
      [
       14.7052778,
       46.2588889
      ],
      [
       14.8063889,
       46.2958333
      ],
      [
       14.8708333,
       46.3833333
      ]
     ]
    ]
   }
  },
  {
   "type": "Feature",
   "properties": {
    "ll": {
     "value": 2500,
     "unit": 1,
     "referenceDatum": 1
    },
    "ul": {
     "value": 125,
     "unit": 6,
     "referenceDatum": 2
    },
    "_id": "62615089cb27f42509462ddf",
    "name": "TMA MARIBOR 1",
    "type": 0,
    "icao": 2,
    "bnd": [
     [
      46.205,
      15.6544444
     ],
     [
      46.4313889,
      16.0769444
     ]
    ]
   },
   "geometry": {
    "type": "Polygon",
    "coordinates": [
     [
      [
       16.0655556,
       46.3697222
      ],
      [
       16.0691667,
       46.3669444
      ],
      [
       16.0769444,
       46.3555556
      ],
      [
       16.0725,
       46.3419444
      ],
      [
       16.0594444,
       46.335
      ],
      [
       16.0441667,
       46.3366667
      ],
      [
       16.0277778,
       46.3305556
      ],
      [
       16.0233333,
       46.3213889
      ],
      [
       16.0211111,
       46.3152778
      ],
      [
       16.0169444,
       46.31
      ],
      [
       16.005,
       46.3077778
      ],
      [
       15.9938889,
       46.3144444
      ],
      [
       15.9830556,
       46.31
      ],
      [
       15.9708333,
       46.3083333
      ],
      [
       15.9611111,
       46.2938889
      ],
      [
       15.9544444,
       46.2902778
      ],
      [
       15.9425,
       46.2894444
      ],
      [
       15.9305556,
       46.2855556
      ],
      [
       15.9183333,
       46.2841667
      ],
      [
       15.9097222,
       46.2894444
      ],
      [
       15.9008333,
       46.2855556
      ],
      [
       15.8888889,
       46.2780556
      ],
      [
       15.8736111,
       46.2780556
      ],
      [
       15.865,
       46.2636111
      ],
      [
       15.8505556,
       46.2627778
      ],
      [
       15.8277778,
       46.2588889
      ],
      [
       15.7947222,
       46.2575
      ],
      [
       15.8069444,
       46.2369444
      ],
      [
       15.8016667,
       46.2347222
      ],
      [
       15.7972222,
       46.2211111
      ],
      [
       15.7908333,
       46.2136111
      ],
      [
       15.7875,
       46.2094444
      ],
      [
       15.7744444,
       46.205
      ],
      [
       15.76,
       46.2058333
      ],
      [
       15.76,
       46.2155556
      ],
      [
       15.7502778,
       46.2186111
      ],
      [
       15.7369444,
       46.2125
      ],
      [
       15.7316667,
       46.2186111
      ],
      [
       15.7216667,
       46.2155556
      ],
      [
       15.7161111,
       46.2202778
      ],
      [
       15.7088889,
       46.22
      ],
      [
       15.6544444,
       46.3055556
      ],
      [
       15.9194444,
       46.4313889
      ],
      [
       16.0655556,
       46.3697222
      ]
     ]
    ]
   }
  },
  {
   "type": "Feature",
   "properties": {
    "ll": {
     "value": 3500,
     "unit": 1,
     "referenceDatum": 1
    },
    "ul": {
     "value": 125,
     "unit": 6,
     "referenceDatum": 2
    },
    "_id": "626150895e9ded571044f234",
    "name": "TMA MARIBOR 2",
    "type": 0,
    "icao": 3,
    "bnd": [
     [
      46.2172222,
      15.4125
     ],
     [
      46.7169444,
      16.3077778
     ]
    ]
   },
   "geometry": {
    "type": "Polygon",
    "coordinates": [
     [
      [
       15.6638889,
       46.2172222
      ],
      [
       15.4125,
       46.3613889
      ],
      [
       15.4675,
       46.6119444
      ],
      [
       15.5188889,
       46.6127778
      ],
      [
       15.5516667,
       46.6333333
      ],
      [
       15.5547222,
       46.6672222
      ],
      [
       15.5958333,
       46.6833333
      ],
      [
       15.6358333,
       46.6813889
      ],
      [
       15.6605556,
       46.7022222
      ],
      [
       15.775,
       46.6947222
      ],
      [
       15.8036111,
       46.7130556
      ],
      [
       15.8697222,
       46.7169444
      ],
      [
       16.0425,
       46.6522222
      ],
      [
       16.0422222,
       46.6625
      ],
      [
       16.2608333,
       46.5205556
      ],
      [
       16.2611111,
       46.5205556
      ],
      [
       16.2588889,
       46.5069444
      ],
      [
       16.2425,
       46.5
      ],
      [
       16.2316667,
       46.4886111
      ],
      [
       16.2536111,
       46.4736111
      ],
      [
       16.2625,
       46.4544444
      ],
      [
       16.2602778,
       46.4477778
      ],
      [
       16.2647222,
       46.4369444
      ],
      [
       16.2691667,
       46.4166667
      ],
      [
       16.2966667,
       46.4083333
      ],
      [
       16.3077778,
       46.3983333
      ],
      [
       16.2988889,
       46.3908333
      ],
      [
       16.2983333,
       46.38
      ],
      [
       16.2794444,
       46.3783333
      ],
      [
       16.2552778,
       46.3875
      ],
      [
       16.2333333,
       46.3858333
      ],
      [
       16.2158333,
       46.38
      ],
      [
       16.1905556,
       46.3833333
      ],
      [
       16.1763889,
       46.3902778
      ],
      [
       16.1641667,
       46.3977778
      ],
      [
       16.1466667,
       46.3997222
      ],
      [
       16.1280556,
       46.3975
      ],
      [
       16.1083333,
       46.3933333
      ],
      [
       16.0886111,
       46.385
      ],
      [
       16.0777778,
       46.3905556
      ],
      [
       16.0569444,
       46.395
      ],
      [
       16.0525,
       46.3897222
      ],
      [
       16.0547222,
       46.3783333
      ],
      [
       16.0655556,
       46.3697222
      ],
      [
       15.9194444,
       46.4313889
      ],
      [
       15.6544444,
       46.3055556
      ],
      [
       15.7088889,
       46.22
      ],
      [
       15.6975,
       46.2194444
      ],
      [
       15.68,
       46.2230556
      ],
      [
       15.6713889,
       46.2208333
      ],
      [
       15.6638889,
       46.2172222
      ]
     ]
    ]
   }
  },
  {
   "type": "Feature",
   "properties": {
    "ll": {
     "value": 1000,
     "unit": 1,
     "referenceDatum": 0
    },
    "ul": {
     "value": 3500,
     "unit": 1,
     "referenceDatum": 1
    },
    "_id": "62615089cb27f42509462deb",
    "name": "TMA MARIBOR 2",
    "type": 0,
    "icao": 4,
    "bnd": [
     [
      46.2172222,
      15.4125
     ],
     [
      46.7169444,
      16.3077778
     ]
    ]
   },
   "geometry": {
    "type": "Polygon",
    "coordinates": [
     [
      [
       15.6638889,
       46.2172222
      ],
      [
       15.4125,
       46.3613889
      ],
      [
       15.4675,
       46.6119444
      ],
      [
       15.5188889,
       46.6127778
      ],
      [
       15.5516667,
       46.6333333
      ],
      [
       15.5547222,
       46.6672222
      ],
      [
       15.5958333,
       46.6833333
      ],
      [
       15.6358333,
       46.6813889
      ],
      [
       15.6605556,
       46.7022222
      ],
      [
       15.775,
       46.6947222
      ],
      [
       15.8036111,
       46.7130556
      ],
      [
       15.8697222,
       46.7169444
      ],
      [
       16.0425,
       46.6522222
      ],
      [
       16.0422222,
       46.6625
      ],
      [
       16.2608333,
       46.5205556
      ],
      [
       16.2611111,
       46.5205556
      ],
      [
       16.2588889,
       46.5069444
      ],
      [
       16.2425,
       46.5
      ],
      [
       16.2316667,
       46.4886111
      ],
      [
       16.2536111,
       46.4736111
      ],
      [
       16.2625,
       46.4544444
      ],
      [
       16.2602778,
       46.4477778
      ],
      [
       16.2647222,
       46.4369444
      ],
      [
       16.2691667,
       46.4166667
      ],
      [
       16.2966667,
       46.4083333
      ],
      [
       16.3077778,
       46.3983333
      ],
      [
       16.2988889,
       46.3908333
      ],
      [
       16.2983333,
       46.38
      ],
      [
       16.2794444,
       46.3783333
      ],
      [
       16.2552778,
       46.3875
      ],
      [
       16.2333333,
       46.3858333
      ],
      [
       16.2158333,
       46.38
      ],
      [
       16.1905556,
       46.3833333
      ],
      [
       16.1763889,
       46.3902778
      ],
      [
       16.1641667,
       46.3977778
      ],
      [
       16.1466667,
       46.3997222
      ],
      [
       16.1280556,
       46.3975
      ],
      [
       16.1083333,
       46.3933333
      ],
      [
       16.0886111,
       46.385
      ],
      [
       16.0777778,
       46.3905556
      ],
      [
       16.0569444,
       46.395
      ],
      [
       16.0525,
       46.3897222
      ],
      [
       16.0547222,
       46.3783333
      ],
      [
       16.0655556,
       46.3697222
      ],
      [
       15.9194444,
       46.4313889
      ],
      [
       15.6544444,
       46.3055556
      ],
      [
       15.7088889,
       46.22
      ],
      [
       15.6975,
       46.2194444
      ],
      [
       15.68,
       46.2230556
      ],
      [
       15.6713889,
       46.2208333
      ],
      [
       15.6638889,
       46.2172222
      ]
     ]
    ]
   }
  },
  {
   "type": "Feature",
   "properties": {
    "ll": {
     "value": 7500,
     "unit": 1,
     "referenceDatum": 1
    },
    "ul": {
     "value": 125,
     "unit": 6,
     "referenceDatum": 2
    },
    "_id": "626150894b027aab592b1822",
    "name": "TMA MURA",
    "type": 0,
    "icao": 3,
    "bnd": [
     [
      46.2841667,
      15.4880556
     ],
     [
      46.8769444,
      16.6194444
     ]
    ]
   },
   "geometry": {
    "type": "Polygon",
    "coordinates": [
     [
      [
       15.4880556,
       46.6122222
      ],
      [
       15.5188889,
       46.6127778
      ],
      [
       15.5516667,
       46.6333333
      ],
      [
       15.5547222,
       46.6672222
      ],
      [
       15.5958333,
       46.6833333
      ],
      [
       15.6358333,
       46.6813889
      ],
      [
       15.6605556,
       46.7022222
      ],
      [
       15.775,
       46.6947222
      ],
      [
       15.8036111,
       46.7130556
      ],
      [
       15.8697222,
       46.7169444
      ],
      [
       16.0425,
       46.6522222
      ],
      [
       16.0416667,
       46.6927778
      ],
      [
       15.9980556,
       46.73
      ],
      [
       15.9944444,
       46.8263889
      ],
      [
       16.0622222,
       46.835
      ],
      [
       16.1091667,
       46.8586111
      ],
      [
       16.1113889,
       46.8561111
      ],
      [
       16.1255556,
       46.8538889
      ],
      [
       16.1419444,
       46.8508333
      ],
      [
       16.1516667,
       46.8586111
      ],
      [
       16.165,
       46.8563889
      ],
      [
       16.1702778,
       46.8652778
      ],
      [
       16.1866667,
       46.8683333
      ],
      [
       16.2022222,
       46.8677778
      ],
      [
       16.2075,
       46.8713889
      ],
      [
       16.2261111,
       46.8769444
      ],
      [
       16.2558333,
       46.8722222
      ],
      [
       16.2766667,
       46.8708333
      ],
      [
       16.2886111,
       46.8577778
      ],
      [
       16.3030556,
       46.8563889
      ],
      [
       16.3094444,
       46.8494444
      ],
      [
       16.3272222,
       46.845
      ],
      [
       16.3338889,
       46.8336111
      ],
      [
       16.3305556,
       46.8313889
      ],
      [
       16.3261111,
       46.8183333
      ],
      [
       16.3263889,
       46.8038889
      ],
      [
       16.2977778,
       46.8002778
      ],
      [
       16.2966667,
       46.7902778
      ],
      [
       16.3055556,
       46.7788889
      ],
      [
       16.3166667,
       46.7788889
      ],
      [
       16.31,
       46.7561111
      ],
      [
       16.3188889,
       46.7477778
      ],
      [
       16.3322222,
       46.7377778
      ],
      [
       16.3386111,
       46.7294444
      ],
      [
       16.3430556,
       46.7158333
      ],
      [
       16.3594444,
       46.7227778
      ],
      [
       16.3694444,
       46.7127778
      ],
      [
       16.3586111,
       46.7066667
      ],
      [
       16.3630556,
       46.7013889
      ],
      [
       16.3880556,
       46.7
      ],
      [
       16.3980556,
       46.6983333
      ],
      [
       16.4122222,
       46.6991667
      ],
      [
       16.4166667,
       46.6886111
      ],
      [
       16.42,
       46.6794444
      ],
      [
       16.4169444,
       46.6702778
      ],
      [
       16.4125,
       46.6611111
      ],
      [
       16.4036111,
       46.6580556
      ],
      [
       16.3830556,
       46.6558333
      ],
      [
       16.3752778,
       46.6491667
      ],
      [
       16.3830556,
       46.6444444
      ],
      [
       16.3819444,
       46.6369444
      ],
      [
       16.4016667,
       46.6308333
      ],
      [
       16.4027778,
       46.6294444
      ],
      [
       16.4183333,
       46.6155556
      ],
      [
       16.4369444,
       46.6133333
      ],
      [
       16.4447222,
       46.6011111
      ],
      [
       16.4577778,
       46.5905556
      ],
      [
       16.4719444,
       46.5875
      ],
      [
       16.4711111,
       46.5716667
      ],
      [
       16.4808333,
       46.5663889
      ],
      [
       16.5027778,
       46.5672222
      ],
      [
       16.5061111,
       46.5616667
      ],
      [
       16.5105556,
       46.5527778
      ],
      [
       16.5094444,
       46.5419444
      ],
      [
       16.525,
       46.5344444
      ],
      [
       16.5127778,
       46.53
      ],
      [
       16.5161111,
       46.5230556
      ],
      [
       16.5261111,
       46.5161111
      ],
      [
       16.5163889,
       46.5147222
      ],
      [
       16.5197222,
       46.5072222
      ],
      [
       16.5536111,
       46.4933333
      ],
      [
       16.5733333,
       46.4844444
      ],
      [
       16.5997222,
       46.4822222
      ],
      [
       16.6194444,
       46.4677778
      ],
      [
       16.6108333,
       46.4722222
      ],
      [
       16.6063889,
       46.4730556
      ],
      [
       16.59,
       46.47
      ],
      [
       16.5811111,
       46.4775
      ],
      [
       16.5680556,
       46.4775
      ],
      [
       16.5602778,
       46.4797222
      ],
      [
       16.5438889,
       46.4827778
      ],
      [
       16.5308333,
       46.4805556
      ],
      [
       16.5219444,
       46.4705556
      ],
      [
       16.5263889,
       46.4827778
      ],
      [
       16.5175,
       46.4819444
      ],
      [
       16.5055556,
       46.4844444
      ],
      [
       16.5141667,
       46.4933333
      ],
      [
       16.5108333,
       46.4972222
      ],
      [
       16.4955556,
       46.4994444
      ],
      [
       16.4813889,
       46.5063889
      ],
      [
       16.4680556,
       46.5161111
      ],
      [
       16.4613889,
       46.5155556
      ],
      [
       16.455,
       46.5180556
      ],
      [
       16.4461111,
       46.5166667
      ],
      [
       16.4363889,
       46.5166667
      ],
      [
       16.435,
       46.5313889
      ],
      [
       16.4252778,
       46.5358333
      ],
      [
       16.4197222,
       46.5297222
      ],
      [
       16.4088889,
       46.5366667
      ],
      [
       16.4,
       46.5322222
      ],
      [
       16.4,
       46.5411111
      ],
      [
       16.3869444,
       46.5380556
      ],
      [
       16.3736111,
       46.5405556
      ],
      [
       16.3683333,
       46.5480556
      ],
      [
       16.3758333,
       46.5547222
      ],
      [
       16.3605556,
       46.5577778
      ],
      [
       16.3605556,
       46.5502778
      ],
      [
       16.3486111,
       46.5480556
      ],
      [
       16.3530556,
       46.5388889
      ],
      [
       16.3363889,
       46.5458333
      ],
      [
       16.3366667,
       46.5288889
      ],
      [
       16.3277778,
       46.5327778
      ],
      [
       16.3113889,
       46.5297222
      ],
      [
       16.3091667,
       46.5236111
      ],
      [
       16.2916667,
       46.5138889
      ],
      [
       16.2808333,
       46.5197222
      ],
      [
       16.2611111,
       46.5205556
      ],
      [
       16.2588889,
       46.5069444
      ],
      [
       16.2425,
       46.5
      ],
      [
       16.2316667,
       46.4886111
      ],
      [
       16.2536111,
       46.4736111
      ],
      [
       16.2625,
       46.4544444
      ],
      [
       16.2602778,
       46.4477778
      ],
      [
       16.2647222,
       46.4369444
      ],
      [
       16.2691667,
       46.4166667
      ],
      [
       16.2966667,
       46.4083333
      ],
      [
       16.3077778,
       46.3983333
      ],
      [
       16.2988889,
       46.3908333
      ],
      [
       16.2983333,
       46.38
      ],
      [
       16.2794444,
       46.3783333
      ],
      [
       16.2552778,
       46.3875
      ],
      [
       16.2333333,
       46.3858333
      ],
      [
       16.2158333,
       46.38
      ],
      [
       16.1905556,
       46.3833333
      ],
      [
       16.1763889,
       46.3902778
      ],
      [
       16.1641667,
       46.3977778
      ],
      [
       16.1466667,
       46.3997222
      ],
      [
       16.1280556,
       46.3975
      ],
      [
       16.1083333,
       46.3933333
      ],
      [
       16.0886111,
       46.385
      ],
      [
       16.0777778,
       46.3905556
      ],
      [
       16.0569444,
       46.395
      ],
      [
       16.0525,
       46.3897222
      ],
      [
       16.0547222,
       46.3783333
      ],
      [
       16.0691667,
       46.3669444
      ],
      [
       16.0769444,
       46.3555556
      ],
      [
       16.0725,
       46.3419444
      ],
      [
       16.0594444,
       46.335
      ],
      [
       16.0441667,
       46.3366667
      ],
      [
       16.0277778,
       46.3305556
      ],
      [
       16.0233333,
       46.3213889
      ],
      [
       16.0211111,
       46.3152778
      ],
      [
       16.0169444,
       46.31
      ],
      [
       16.005,
       46.3077778
      ],
      [
       15.9938889,
       46.3144444
      ],
      [
       15.9830556,
       46.31
      ],
      [
       15.9708333,
       46.3083333
      ],
      [
       15.9611111,
       46.2938889
      ],
      [
       15.9544444,
       46.2902778
      ],
      [
       15.9425,
       46.2894444
      ],
      [
       15.9305556,
       46.2855556
      ],
      [
       15.9183333,
       46.2841667
      ],
      [
       15.9097222,
       46.2894444
      ],
      [
       15.9025,
       46.2863889
      ],
      [
       15.9019444,
       46.2866667
      ],
      [
       15.5205556,
       46.5355556
      ],
      [
       15.4880556,
       46.6122222
      ]
     ]
    ]
   }
  },
  {
   "type": "Feature",
   "properties": {
    "ll": {
     "value": 2500,
     "unit": 1,
     "referenceDatum": 0
    },
    "ul": {
     "value": 7500,
     "unit": 1,
     "referenceDatum": 1
    },
    "_id": "626150895e9ded571044f23e",
    "name": "TMA MURA",
    "type": 0,
    "icao": 4,
    "bnd": [
     [
      46.2841667,
      15.4880556
     ],
     [
      46.8769444,
      16.6194444
     ]
    ]
   },
   "geometry": {
    "type": "Polygon",
    "coordinates": [
     [
      [
       15.4880556,
       46.6122222
      ],
      [
       15.5188889,
       46.6127778
      ],
      [
       15.5516667,
       46.6333333
      ],
      [
       15.5547222,
       46.6672222
      ],
      [
       15.5958333,
       46.6833333
      ],
      [
       15.6358333,
       46.6813889
      ],
      [
       15.6605556,
       46.7022222
      ],
      [
       15.775,
       46.6947222
      ],
      [
       15.8036111,
       46.7130556
      ],
      [
       15.8697222,
       46.7169444
      ],
      [
       16.0425,
       46.6522222
      ],
      [
       16.0416667,
       46.6927778
      ],
      [
       15.9980556,
       46.73
      ],
      [
       15.9944444,
       46.8263889
      ],
      [
       16.0622222,
       46.835
      ],
      [
       16.1091667,
       46.8586111
      ],
      [
       16.1113889,
       46.8561111
      ],
      [
       16.1255556,
       46.8538889
      ],
      [
       16.1419444,
       46.8508333
      ],
      [
       16.1516667,
       46.8586111
      ],
      [
       16.165,
       46.8563889
      ],
      [
       16.1702778,
       46.8652778
      ],
      [
       16.1866667,
       46.8683333
      ],
      [
       16.2022222,
       46.8677778
      ],
      [
       16.2075,
       46.8713889
      ],
      [
       16.2261111,
       46.8769444
      ],
      [
       16.2558333,
       46.8722222
      ],
      [
       16.2766667,
       46.8708333
      ],
      [
       16.2886111,
       46.8577778
      ],
      [
       16.3030556,
       46.8563889
      ],
      [
       16.3094444,
       46.8494444
      ],
      [
       16.3272222,
       46.845
      ],
      [
       16.3338889,
       46.8336111
      ],
      [
       16.3305556,
       46.8313889
      ],
      [
       16.3261111,
       46.8183333
      ],
      [
       16.3263889,
       46.8038889
      ],
      [
       16.2977778,
       46.8002778
      ],
      [
       16.2966667,
       46.7902778
      ],
      [
       16.3055556,
       46.7788889
      ],
      [
       16.3166667,
       46.7788889
      ],
      [
       16.31,
       46.7561111
      ],
      [
       16.3188889,
       46.7477778
      ],
      [
       16.3322222,
       46.7377778
      ],
      [
       16.3386111,
       46.7294444
      ],
      [
       16.3430556,
       46.7158333
      ],
      [
       16.3594444,
       46.7227778
      ],
      [
       16.3694444,
       46.7127778
      ],
      [
       16.3586111,
       46.7066667
      ],
      [
       16.3630556,
       46.7013889
      ],
      [
       16.3880556,
       46.7
      ],
      [
       16.3980556,
       46.6983333
      ],
      [
       16.4122222,
       46.6991667
      ],
      [
       16.4166667,
       46.6886111
      ],
      [
       16.42,
       46.6794444
      ],
      [
       16.4169444,
       46.6702778
      ],
      [
       16.4125,
       46.6611111
      ],
      [
       16.4036111,
       46.6580556
      ],
      [
       16.3830556,
       46.6558333
      ],
      [
       16.3752778,
       46.6491667
      ],
      [
       16.3830556,
       46.6444444
      ],
      [
       16.3819444,
       46.6369444
      ],
      [
       16.4016667,
       46.6308333
      ],
      [
       16.4027778,
       46.6294444
      ],
      [
       16.4183333,
       46.6155556
      ],
      [
       16.4369444,
       46.6133333
      ],
      [
       16.4447222,
       46.6011111
      ],
      [
       16.4577778,
       46.5905556
      ],
      [
       16.4719444,
       46.5875
      ],
      [
       16.4711111,
       46.5716667
      ],
      [
       16.4808333,
       46.5663889
      ],
      [
       16.5027778,
       46.5672222
      ],
      [
       16.5061111,
       46.5616667
      ],
      [
       16.5105556,
       46.5527778
      ],
      [
       16.5094444,
       46.5419444
      ],
      [
       16.525,
       46.5344444
      ],
      [
       16.5127778,
       46.53
      ],
      [
       16.5161111,
       46.5230556
      ],
      [
       16.5261111,
       46.5161111
      ],
      [
       16.5163889,
       46.5147222
      ],
      [
       16.5197222,
       46.5072222
      ],
      [
       16.5536111,
       46.4933333
      ],
      [
       16.5733333,
       46.4844444
      ],
      [
       16.5997222,
       46.4822222
      ],
      [
       16.6194444,
       46.4677778
      ],
      [
       16.6108333,
       46.4722222
      ],
      [
       16.6063889,
       46.4730556
      ],
      [
       16.59,
       46.47
      ],
      [
       16.5811111,
       46.4775
      ],
      [
       16.5680556,
       46.4775
      ],
      [
       16.5602778,
       46.4797222
      ],
      [
       16.5438889,
       46.4827778
      ],
      [
       16.5308333,
       46.4805556
      ],
      [
       16.5219444,
       46.4705556
      ],
      [
       16.5263889,
       46.4827778
      ],
      [
       16.5175,
       46.4819444
      ],
      [
       16.5055556,
       46.4844444
      ],
      [
       16.5141667,
       46.4933333
      ],
      [
       16.5108333,
       46.4972222
      ],
      [
       16.4955556,
       46.4994444
      ],
      [
       16.4813889,
       46.5063889
      ],
      [
       16.4680556,
       46.5161111
      ],
      [
       16.4613889,
       46.5155556
      ],
      [
       16.455,
       46.5180556
      ],
      [
       16.4461111,
       46.5166667
      ],
      [
       16.4363889,
       46.5166667
      ],
      [
       16.435,
       46.5313889
      ],
      [
       16.4252778,
       46.5358333
      ],
      [
       16.4197222,
       46.5297222
      ],
      [
       16.4088889,
       46.5366667
      ],
      [
       16.4,
       46.5322222
      ],
      [
       16.4,
       46.5411111
      ],
      [
       16.3869444,
       46.5380556
      ],
      [
       16.3736111,
       46.5405556
      ],
      [
       16.3683333,
       46.5480556
      ],
      [
       16.3758333,
       46.5547222
      ],
      [
       16.3605556,
       46.5577778
      ],
      [
       16.3605556,
       46.5502778
      ],
      [
       16.3486111,
       46.5480556
      ],
      [
       16.3530556,
       46.5388889
      ],
      [
       16.3363889,
       46.5458333
      ],
      [
       16.3366667,
       46.5288889
      ],
      [
       16.3277778,
       46.5327778
      ],
      [
       16.3113889,
       46.5297222
      ],
      [
       16.3091667,
       46.5236111
      ],
      [
       16.2916667,
       46.5138889
      ],
      [
       16.2808333,
       46.5197222
      ],
      [
       16.2611111,
       46.5205556
      ],
      [
       16.2588889,
       46.5069444
      ],
      [
       16.2425,
       46.5
      ],
      [
       16.2316667,
       46.4886111
      ],
      [
       16.2536111,
       46.4736111
      ],
      [
       16.2625,
       46.4544444
      ],
      [
       16.2602778,
       46.4477778
      ],
      [
       16.2647222,
       46.4369444
      ],
      [
       16.2691667,
       46.4166667
      ],
      [
       16.2966667,
       46.4083333
      ],
      [
       16.3077778,
       46.3983333
      ],
      [
       16.2988889,
       46.3908333
      ],
      [
       16.2983333,
       46.38
      ],
      [
       16.2794444,
       46.3783333
      ],
      [
       16.2552778,
       46.3875
      ],
      [
       16.2333333,
       46.3858333
      ],
      [
       16.2158333,
       46.38
      ],
      [
       16.1905556,
       46.3833333
      ],
      [
       16.1763889,
       46.3902778
      ],
      [
       16.1641667,
       46.3977778
      ],
      [
       16.1466667,
       46.3997222
      ],
      [
       16.1280556,
       46.3975
      ],
      [
       16.1083333,
       46.3933333
      ],
      [
       16.0886111,
       46.385
      ],
      [
       16.0777778,
       46.3905556
      ],
      [
       16.0569444,
       46.395
      ],
      [
       16.0525,
       46.3897222
      ],
      [
       16.0547222,
       46.3783333
      ],
      [
       16.0691667,
       46.3669444
      ],
      [
       16.0769444,
       46.3555556
      ],
      [
       16.0725,
       46.3419444
      ],
      [
       16.0594444,
       46.335
      ],
      [
       16.0441667,
       46.3366667
      ],
      [
       16.0277778,
       46.3305556
      ],
      [
       16.0233333,
       46.3213889
      ],
      [
       16.0211111,
       46.3152778
      ],
      [
       16.0169444,
       46.31
      ],
      [
       16.005,
       46.3077778
      ],
      [
       15.9938889,
       46.3144444
      ],
      [
       15.9830556,
       46.31
      ],
      [
       15.9708333,
       46.3083333
      ],
      [
       15.9611111,
       46.2938889
      ],
      [
       15.9544444,
       46.2902778
      ],
      [
       15.9425,
       46.2894444
      ],
      [
       15.9305556,
       46.2855556
      ],
      [
       15.9183333,
       46.2841667
      ],
      [
       15.9097222,
       46.2894444
      ],
      [
       15.9025,
       46.2863889
      ],
      [
       15.9019444,
       46.2866667
      ],
      [
       15.5205556,
       46.5355556
      ],
      [
       15.4880556,
       46.6122222
      ]
     ]
    ]
   }
  },
  {
   "type": "Feature",
   "properties": {
    "ll": {
     "value": 1000,
     "unit": 1,
     "referenceDatum": 0
    },
    "ul": {
     "value": 135,
     "unit": 6,
     "referenceDatum": 2
    },
    "_id": "6261508acb27f42509462df8",
    "name": "TMA PORTOROZ",
    "type": 0,
    "icao": 3,
    "bnd": [
     [
      45.4280556,
      13.3891667
     ],
     [
      45.6333333,
      14.0027778
     ]
    ]
   },
   "geometry": {
    "type": "Polygon",
    "coordinates": [
     [
      [
       13.5,
       45.6333333
      ],
      [
       13.7152778,
       45.5966667
      ],
      [
       13.7438889,
       45.5997222
      ],
      [
       13.7788889,
       45.5852778
      ],
      [
       13.7911111,
       45.5836111
      ],
      [
       13.8097222,
       45.5830556
      ],
      [
       13.8338889,
       45.5830556
      ],
      [
       13.8491667,
       45.5869444
      ],
      [
       13.8511111,
       45.5944444
      ],
      [
       13.8633333,
       45.5966667
      ],
      [
       13.8663889,
       45.6111111
      ],
      [
       13.8775,
       45.6111111
      ],
      [
       13.8927778,
       45.6202778
      ],
      [
       13.9188889,
       45.6322222
      ],
      [
       14.0013889,
       45.5191667
      ],
      [
       14.0027778,
       45.5172222
      ],
      [
       13.9972222,
       45.5147222
      ],
      [
       13.9986111,
       45.5080556
      ],
      [
       13.9875,
       45.5080556
      ],
      [
       13.9733333,
       45.5147222
      ],
      [
       13.9591667,
       45.5055556
      ],
      [
       13.9655556,
       45.4958333
      ],
      [
       13.9766667,
       45.4927778
      ],
      [
       13.9908333,
       45.4827778
      ],
      [
       13.9855556,
       45.4813889
      ],
      [
       13.9941667,
       45.4722222
      ],
      [
       13.9844444,
       45.4677778
      ],
      [
       13.9833333,
       45.4555556
      ],
      [
       13.9747222,
       45.4538889
      ],
      [
       13.9691667,
       45.4486111
      ],
      [
       13.9572222,
       45.4555556
      ],
      [
       13.9430556,
       45.4547222
      ],
      [
       13.9252778,
       45.4525
      ],
      [
       13.9133333,
       45.4538889
      ],
      [
       13.9077778,
       45.4508333
      ],
      [
       13.8969444,
       45.4441667
      ],
      [
       13.8936111,
       45.4394444
      ],
      [
       13.8883333,
       45.4358333
      ],
      [
       13.8805556,
       45.4280556
      ],
      [
       13.8641667,
       45.4288889
      ],
      [
       13.8511111,
       45.4297222
      ],
      [
       13.8444444,
       45.4341667
      ],
      [
       13.8258333,
       45.4355556
      ],
      [
       13.8094444,
       45.4363889
      ],
      [
       13.8083333,
       45.4438889
      ],
      [
       13.7983333,
       45.4469444
      ],
      [
       13.8027778,
       45.4530556
      ],
      [
       13.7994444,
       45.46
      ],
      [
       13.7938889,
       45.4644444
      ],
      [
       13.7819444,
       45.4666667
      ],
      [
       13.7730556,
       45.4661111
      ],
      [
       13.76,
       45.4688889
      ],
      [
       13.7522222,
       45.4630556
      ],
      [
       13.7413889,
       45.4636111
      ],
      [
       13.7194444,
       45.4591667
      ],
      [
       13.7019444,
       45.4561111
      ],
      [
       13.6866667,
       45.4530556
      ],
      [
       13.6680556,
       45.4452778
      ],
      [
       13.6483333,
       45.4575
      ],
      [
       13.6372222,
       45.4613889
      ],
      [
       13.6252778,
       45.4613889
      ],
      [
       13.6122222,
       45.4658333
      ],
      [
       13.5944444,
       45.4705556
      ],
      [
       13.5780556,
       45.4802778
      ],
      [
       13.3891667,
       45.5594444
      ],
      [
       13.5,
       45.6333333
      ]
     ]
    ]
   }
  },
  {
   "type": "Feature",
   "properties": {
    "ll": {
     "value": 0,
     "unit": 1,
     "referenceDatum": 0
    },
    "ul": {
     "value": 1000,
     "unit": 1,
     "referenceDatum": 0
    },
    "_id": "6261508a5e9ded571044f248",
    "name": "TMZ LJLJ",
    "type": 0,
    "icao": 2,
    "bnd": [
     [
      45.9480556,
      14.3638889
     ],
     [
      46.1866667,
      14.8980556
     ]
    ]
   },
   "geometry": {
    "type": "Polygon",
    "coordinates": [
     [
      [
       14.6841667,
       46.1694444
      ],
      [
       14.7327778,
       46.1866667
      ],
      [
       14.8980556,
       46.1058333
      ],
      [
       14.8844444,
       46.0305556
      ],
      [
       14.8019444,
       45.9480556
      ],
      [
       14.6633333,
       45.9683333
      ],
      [
       14.3638889,
       46.1080556
      ],
      [
       14.3663889,
       46.1580556
      ],
      [
       14.6947222,
       46
      ],
      [
       14.8052778,
       46.1108333
      ],
      [
       14.6841667,
       46.1694444
      ]
     ]
    ]
   }
  },
  {
   "type": "Feature",
   "properties": {
    "ll": {
     "value": 5500,
     "unit": 1,
     "referenceDatum": 1
    },
    "ul": {
     "value": 7500,
     "unit": 1,
     "referenceDatum": 1
    },
    "_id": "6261508a4b027aab592b1832",
    "name": "TMZ LJPZ",
    "type": 0,
    "icao": 2,
    "bnd": [
     [
      45.4730556,
      13.8786111
     ],
     [
      45.6727778,
      14.2047222
     ]
    ]
   },
   "geometry": {
    "type": "Polygon",
    "coordinates": [
     [
      [
       13.8786111,
       45.6522222
      ],
      [
       13.9694444,
       45.6727778
      ],
      [
       14.1708333,
       45.5655556
      ],
      [
       14.2047222,
       45.4730556
      ],
      [
       14.1761111,
       45.4777778
      ],
      [
       14.1552778,
       45.4808333
      ],
      [
       14.1422222,
       45.4783333
      ],
      [
       14.1191667,
       45.4830556
      ],
      [
       14.1080556,
       45.4813889
      ],
      [
       14.0861111,
       45.4822222
      ],
      [
       14.0697222,
       45.4836111
      ],
      [
       14.0641667,
       45.4888889
      ],
      [
       14.0577778,
       45.4913889
      ],
      [
       14.05,
       45.4966667
      ],
      [
       14.0413889,
       45.4972222
      ],
      [
       14.0302778,
       45.5055556
      ],
      [
       14.0247222,
       45.5102778
      ],
      [
       14.0083333,
       45.5194444
      ],
      [
       14.0027778,
       45.5172222
      ],
      [
       13.9188889,
       45.6322222
      ],
      [
       13.9091667,
       45.6341667
      ],
      [
       13.8786111,
       45.6522222
      ]
     ]
    ]
   }
  }
 ]
}