{
 "type": "FeatureCollection",
 "countryCode": "lk",
 "features": [
  {
   "type": "Feature",
   "properties": {
    "ll": {
     "value": 25,
     "unit": 6,
     "referenceDatum": 2
    },
    "ul": {
     "value": 95,
     "unit": 6,
     "referenceDatum": 2
    },
    "_id": "626151460e8346dfd9251559",
    "name": "ANURADHAPURA CTA",
    "type": 0,
    "icao": 3,
    "bnd": [
     [
      7.9669119,
      80.0800833
     ],
     [
      8.6331083,
      80.7532973
     ]
    ]
   },
   "geometry": {
    "type": "Polygon",
    "coordinates": [
     [
      [
       80.4166667,
       8.6331083
      ],
      [
       80.4317296,
       8.632775
      ],
      [
       80.4467624,
       8.6317756
      ],
      [
       80.4617348,
       8.6301121
      ],
      [
       80.4766169,
       8.627788
      ],
      [
       80.4913788,
       8.6248079
      ],
      [
       80.5059909,
       8.6211776
      ],
      [
       80.5204239,
       8.6169046
      ],
      [
       80.5346489,
       8.6119974
      ],
      [
       80.5486374,
       8.6064658
      ],
      [
       80.5623614,
       8.6003209
      ],
      [
       80.5757933,
       8.593575
      ],
      [
       80.5889063,
       8.5862417
      ],
      [
       80.6016741,
       8.5783356
      ],
      [
       80.6140711,
       8.5698726
      ],
      [
       80.6260725,
       8.5608696
      ],
      [
       80.6376543,
       8.5513448
      ],
      [
       80.6487933,
       8.5413171
      ],
      [
       80.6594673,
       8.5308067
      ],
      [
       80.6696548,
       8.5198346
      ],
      [
       80.6793356,
       8.5084228
      ],
      [
       80.6884903,
       8.4965942
      ],
      [
       80.6971006,
       8.4843725
      ],
      [
       80.7051493,
       8.471782
      ],
      [
       80.7126203,
       8.4588482
      ],
      [
       80.7194988,
       8.4455967
      ],
      [
       80.725771,
       8.4320542
      ],
      [
       80.7314245,
       8.4182479
      ],
      [
       80.736448,
       8.4042052
      ],
      [
       80.7408315,
       8.3899543
      ],
      [
       80.7445663,
       8.3755238
      ],
      [
       80.747645,
       8.3609425
      ],
      [
       80.7500616,
       8.3462396
      ],
      [
       80.7518112,
       8.3314445
      ],
      [
       80.7528905,
       8.3165868
      ],
      [
       80.7532973,
       8.3016962
      ],
      [
       80.753031,
       8.2868025
      ],
      [
       80.7520921,
       8.2719354
      ],
      [
       80.7504826,
       8.2571248
      ],
      [
       80.7482058,
       8.2424002
      ],
      [
       80.7452663,
       8.227791
      ],
      [
       80.7416701,
       8.2133264
      ],
      [
       80.7374244,
       8.1990354
      ],
      [
       80.7325377,
       8.1849465
      ],
      [
       80.72702,
       8.1710878
      ],
      [
       80.7208822,
       8.1574871
      ],
      [
       80.7141367,
       8.1441715
      ],
      [
       80.7067971,
       8.1311676
      ],
      [
       80.6988781,
       8.1185013
      ],
      [
       80.6903954,
       8.1061981
      ],
      [
       80.6813662,
       8.0942824
      ],
      [
       80.6718085,
       8.082778
      ],
      [
       80.6617414,
       8.071708
      ],
      [
       80.6511851,
       8.0610943
      ],
      [
       80.6401606,
       8.0509582
      ],
      [
       80.62869,
       8.04132
      ],
      [
       80.6167963,
       8.0321988
      ],
      [
       80.6045031,
       8.0236129
      ],
      [
       80.5918351,
       8.0155794
      ],
      [
       80.5788175,
       8.0081143
      ],
      [
       80.5654764,
       8.0012326
      ],
      [
       80.5518384,
       7.9949479
      ],
      [
       80.5379307,
       7.9892728
      ],
      [
       80.523781,
       7.9842187
      ],
      [
       80.5094177,
       7.9797955
      ],
      [
       80.4948693,
       7.9760122
      ],
      [
       80.4801649,
       7.9728763
      ],
      [
       80.4653338,
       7.970394
      ],
      [
       80.4504056,
       7.9685703
      ],
      [
       80.4354102,
       7.9674089
      ],
      [
       80.4203773,
       7.9669119
      ],
      [
       80.4053371,
       7.9670806
      ],
      [
       80.3903194,
       7.9679144
      ],
      [
       80.3753543,
       7.9694117
      ],
      [
       80.3604716,
       7.9715696
      ],
      [
       80.3457011,
       7.9743837
      ],
      [
       80.331072,
       7.9778485
      ],
      [
       80.3166138,
       7.981957
      ],
      [
       80.3023551,
       7.986701
      ],
      [
       80.2883246,
       7.9920711
      ],
      [
       80.27455,
       7.9980565
      ],
      [
       80.2610591,
       8.0046453
      ],
      [
       80.2478786,
       8.0118244
      ],
      [
       80.2350349,
       8.0195794
      ],
      [
       80.2225537,
       8.0278948
      ],
      [
       80.2104599,
       8.0367541
      ],
      [
       80.1987776,
       8.0461396
      ],
      [
       80.1875302,
       8.0560325
      ],
      [
       80.1767402,
       8.0664131
      ],
      [
       80.1664292,
       8.0772607
      ],
      [
       80.1566177,
       8.0885537
      ],
      [
       80.1473254,
       8.1002693
      ],
      [
       80.1385709,
       8.1123844
      ],
      [
       80.1303718,
       8.1248747
      ],
      [
       80.1227443,
       8.1377152
      ],
      [
       80.115704,
       8.1508803
      ],
      [
       80.1092648,
       8.1643437
      ],
      [
       80.1034397,
       8.1780785
      ],
      [
       80.0982404,
       8.1920574
      ],
      [
       80.0936773,
       8.2062522
      ],
      [
       80.0897596,
       8.2206347
      ],
      [
       80.0864953,
       8.2351762
      ],
      [
       80.0838909,
       8.2498476
      ],
      [
       80.0819516,
       8.2646195
      ],
      [
       80.0806816,
       8.2794624
      ],
      [
       80.0800833,
       8.2943467
      ],
      [
       80.080158,
       8.3092425
      ],
      [
       80.0809057,
       8.3241202
      ],
      [
       80.082325,
       8.3389499
      ],
      [
       80.084413,
       8.353702
      ],
      [
       80.0871657,
       8.3683469
      ],
      [
       80.0905777,
       8.3828555
      ],
      [
       80.0946421,
       8.3971985
      ],
      [
       80.099351,
       8.4113475
      ],
      [
       80.104695,
       8.4252739
      ],
      [
       80.1106635,
       8.43895
      ],
      [
       80.1172445,
       8.4523484
      ],
      [
       80.1244249,
       8.4654422
      ],
      [
       80.1321906,
       8.4782053
      ],
      [
       80.1405259,
       8.490612
      ],
      [
       80.1494142,
       8.5026376
      ],
      [
       80.1588377,
       8.514258
      ],
      [
       80.1687778,
       8.5254498
      ],
      [
       80.1792144,
       8.5361907
      ],
      [
       80.1901267,
       8.5464591
      ],
      [
       80.2014929,
       8.5562344
      ],
      [
       80.2132902,
       8.5654972
      ],
      [
       80.2254951,
       8.5742288
      ],
      [
       80.2380831,
       8.5824117
      ],
      [
       80.251029,
       8.5900295
      ],
      [
       80.2643069,
       8.597067
      ],
      [
       80.2778902,
       8.60351
      ],
      [
       80.2917516,
       8.6093456
      ],
      [
       80.3058635,
       8.6145622
      ],
      [
       80.3201975,
       8.6191493
      ],
      [
       80.3347249,
       8.6230976
      ],
      [
       80.3494165,
       8.6263994
      ],
      [
       80.364243,
       8.6290478
      ],
      [
       80.3791746,
       8.6310377
      ],
      [
       80.3941814,
       8.632365
      ],
      [
       80.4092332,
       8.6330272
      ],
      [
       80.4166667,
       8.6331083
      ]
     ]
    ]
   }
  },
  {
   "type": "Feature",
   "properties": {
    "ll": {
     "value": 0,
     "unit": 1,
     "referenceDatum": 0
    },
    "ul": {
     "value": 35,
     "unit": 6,
     "referenceDatum": 2
    },
    "_id": "626151454b027aab592b3d93",
    "name": "ANURADHAPURA CTR",
    "type": 4,
    "icao": 3,
    "bnd": [
     [
      8.1334819,
      80.2484294
     ],
     [
      8.4665542,
      80.5849739
     ]
    ]
   },
   "geometry": {
    "type": "Polygon",
    "coordinates": [
     [
      [
       80.4166667,
       8.4665542
      ],
      [
       80.4273099,
       8.466221
      ],
      [
       80.4379104,
       8.4652228
      ],
      [
       80.4484259,
       8.4635637
      ],
      [
       80.4588143,
       8.4612501
      ],
      [
       80.4690339,
       8.4582915
      ],
      [
       80.4790438,
       8.4546996
      ],
      [
       80.488804,
       8.4504889
      ],
      [
       80.4982753,
       8.4456761
      ],
      [
       80.50742,
       8.4402806
      ],
      [
       80.5162013,
       8.434324
      ],
      [
       80.5245842,
       8.42783
      ],
      [
       80.5325351,
       8.4208248
      ],
      [
       80.5400222,
       8.4133363
      ],
      [
       80.5470155,
       8.4053945
      ],
      [
       80.5534872,
       8.3970313
      ],
      [
       80.5594114,
       8.38828
      ],
      [
       80.5647643,
       8.3791756
      ],
      [
       80.5695246,
       8.3697548
      ],
      [
       80.5736733,
       8.360055
      ],
      [
       80.5771939,
       8.3501151
      ],
      [
       80.5800722,
       8.339975
      ],
      [
       80.5822969,
       8.3296751
      ],
      [
       80.5838591,
       8.3192567
      ],
      [
       80.5847526,
       8.3087614
      ],
      [
       80.5849739,
       8.2982312
      ],
      [
       80.5845222,
       8.2877082
      ],
      [
       80.5833992,
       8.2772345
      ],
      [
       80.5816097,
       8.266852
      ],
      [
       80.5791606,
       8.2566021
      ],
      [
       80.576062,
       8.2465259
      ],
      [
       80.5723262,
       8.2366637
      ],
      [
       80.5679683,
       8.2270548
      ],
      [
       80.5630056,
       8.2177377
      ],
      [
       80.5574581,
       8.2087496
      ],
      [
       80.5513479,
       8.2001264
      ],
      [
       80.5446996,
       8.1919026
      ],
      [
       80.5375397,
       8.184111
      ],
      [
       80.5298968,
       8.1767828
      ],
      [
       80.5218016,
       8.1699473
      ],
      [
       80.5132863,
       8.1636317
      ],
      [
       80.5043851,
       8.1578613
      ],
      [
       80.4951334,
       8.1526592
      ],
      [
       80.4855683,
       8.1480461
      ],
      [
       80.475728,
       8.1440404
      ],
      [
       80.4656517,
       8.1406582
      ],
      [
       80.4553798,
       8.137913
      ],
      [
       80.4449533,
       8.1358156
      ],
      [
       80.4344138,
       8.1343746
      ],
      [
       80.4238035,
       8.1335957
      ],
      [
       80.4131646,
       8.1334819
      ],
      [
       80.4025397,
       8.1340338
      ],
      [
       80.3919712,
       8.135249
      ],
      [
       80.3815014,
       8.1371229
      ],
      [
       80.371172,
       8.1396478
      ],
      [
       80.3610243,
       8.1428137
      ],
      [
       80.3510989,
       8.146608
      ],
      [
       80.3414354,
       8.1510155
      ],
      [
       80.3320724,
       8.1560185
      ],
      [
       80.3230473,
       8.1615972
      ],
      [
       80.3143962,
       8.1677292
      ],
      [
       80.3061537,
       8.17439
      ],
      [
       80.2983527,
       8.181553
      ],
      [
       80.2910244,
       8.1891896
      ],
      [
       80.2841982,
       8.1972693
      ],
      [
       80.2779012,
       8.2057599
      ],
      [
       80.2721588,
       8.2146272
      ],
      [
       80.2669939,
       8.223836
      ],
      [
       80.2624272,
       8.2333495
      ],
      [
       80.258477,
       8.2431295
      ],
      [
       80.2551591,
       8.2531371
      ],
      [
       80.2524869,
       8.2633321
      ],
      [
       80.250471,
       8.273674
      ],
      [
       80.2491196,
       8.2841212
      ],
      [
       80.2484381,
       8.2946321
      ],
      [
       80.2484294,
       8.3051645
      ],
      [
       80.2490934,
       8.3156765
      ],
      [
       80.2504276,
       8.3261259
      ],
      [
       80.2524268,
       8.336471
      ],
      [
       80.255083,
       8.3466703
      ],
      [
       80.2583855,
       8.3566831
      ],
      [
       80.2623213,
       8.3664694
      ],
      [
       80.2668746,
       8.3759899
      ],
      [
       80.2720273,
       8.3852065
      ],
      [
       80.2777588,
       8.3940825
      ],
      [
       80.2840461,
       8.4025822
      ],
      [
       80.2908643,
       8.4106717
      ],
      [
       80.2981859,
       8.4183186
      ],
      [
       80.3059818,
       8.4254922
      ],
      [
       80.3142207,
       8.4321639
      ],
      [
       80.3228697,
       8.4383069
      ],
      [
       80.3318943,
       8.4438968
      ],
      [
       80.3412582,
       8.4489109
      ],
      [
       80.350924,
       8.4533294
      ],
      [
       80.360853,
       8.4571346
      ],
      [
       80.3710055,
       8.460311
      ],
      [
       80.3813408,
       8.4628462
      ],
      [
       80.3918176,
       8.4647299
      ],
      [
       80.4023939,
       8.4659545
      ],
      [
       80.4130273,
       8.4665152
      ],
      [
       80.4166667,
       8.4665542
      ]
     ]
    ]
   }
  },
  {
   "type": "Feature",
   "properties": {
    "ll": {
     "value": 0,
     "unit": 1,
     "referenceDatum": 0
    },
    "ul": {
     "value": 40,
     "unit": 6,
     "referenceDatum": 2
    },
    "_id": "626151454b027aab592b3d9c",
    "name": "BATTICALOA CTR",
    "type": 4,
    "icao": 3,
    "bnd": [
     [
      7.5384819,
      81.5092305
     ],
     [
      7.8715542,
      81.845284
     ]
    ]
   },
   "geometry": {
    "type": "Polygon",
    "coordinates": [
     [
      [
       81.6772222,
       7.8715542
      ],
      [
       81.6878496,
       7.871221
      ],
      [
       81.6984344,
       7.8702229
      ],
      [
       81.7089342,
       7.8685637
      ],
      [
       81.7193071,
       7.8662503
      ],
      [
       81.7295115,
       7.8632917
      ],
      [
       81.7395066,
       7.8597
      ],
      [
       81.7492523,
       7.8554893
      ],
      [
       81.7587096,
       7.8506767
      ],
      [
       81.7678408,
       7.8452814
      ],
      [
       81.7766092,
       7.8393249
      ],
      [
       81.7849797,
       7.8328311
      ],
      [
       81.792919,
       7.825826
      ],
      [
       81.8003952,
       7.8183377
      ],
      [
       81.8073784,
       7.8103961
      ],
      [
       81.8138407,
       7.802033
      ],
      [
       81.8197563,
       7.7932818
      ],
      [
       81.8251016,
       7.7841776
      ],
      [
       81.8298552,
       7.7747569
      ],
      [
       81.8339981,
       7.7650572
      ],
      [
       81.8375137,
       7.7551175
      ],
      [
       81.8403882,
       7.7449774
      ],
      [
       81.8426099,
       7.7346776
      ],
      [
       81.8441702,
       7.7242592
      ],
      [
       81.8450627,
       7.7137639
      ],
      [
       81.845284,
       7.7032337
      ],
      [
       81.8448332,
       7.6927107
      ],
      [
       81.8437123,
       7.682237
      ],
      [
       81.8419256,
       7.6718544
      ],
      [
       81.8394804,
       7.6616045
      ],
      [
       81.8363866,
       7.6515282
      ],
      [
       81.8326565,
       7.6416659
      ],
      [
       81.8283051,
       7.6320569
      ],
      [
       81.8233499,
       7.6227396
      ],
      [
       81.8178106,
       7.6137514
      ],
      [
       81.8117095,
       7.605128
      ],
      [
       81.8050709,
       7.5969041
      ],
      [
       81.7979215,
       7.5891123
      ],
      [
       81.7902898,
       7.581784
      ],
      [
       81.7822063,
       7.5749483
      ],
      [
       81.7737033,
       7.5686325
      ],
      [
       81.7648149,
       7.562862
      ],
      [
       81.7555766,
       7.5576597
      ],
      [
       81.7460253,
       7.5530465
      ],
      [
       81.7361991,
       7.5490407
      ],
      [
       81.7261373,
       7.5456584
      ],
      [
       81.7158801,
       7.5429131
      ],
      [
       81.7054685,
       7.5408157
      ],
      [
       81.694944,
       7.5393747
      ],
      [
       81.6843488,
       7.5385957
      ],
      [
       81.6737251,
       7.5384819
      ],
      [
       81.6631154,
       7.5390338
      ],
      [
       81.652562,
       7.5402491
      ],
      [
       81.6421072,
       7.542123
      ],
      [
       81.6317926,
       7.544648
      ],
      [
       81.6216594,
       7.547814
      ],
      [
       81.6117483,
       7.5516084
      ],
      [
       81.6020986,
       7.556016
      ],
      [
       81.5927491,
       7.5610192
      ],
      [
       81.5837371,
       7.566598
      ],
      [
       81.5750985,
       7.5727301
      ],
      [
       81.5668679,
       7.5793911
      ],
      [
       81.5590783,
       7.5865543
      ],
      [
       81.5517607,
       7.5941911
      ],
      [
       81.5449445,
       7.6022709
      ],
      [
       81.5386568,
       7.6107616
      ],
      [
       81.5329229,
       7.6196291
      ],
      [
       81.5277657,
       7.6288381
      ],
      [
       81.5232059,
       7.6383516
      ],
      [
       81.5192617,
       7.6481318
      ],
      [
       81.5159489,
       7.6581394
      ],
      [
       81.5132808,
       7.6683346
      ],
      [
       81.5112682,
       7.6786765
      ],
      [
       81.5099191,
       7.6891237
      ],
      [
       81.5092389,
       7.6996346
      ],
      [
       81.5092305,
       7.7101671
      ],
      [
       81.5098939,
       7.7206791
      ],
      [
       81.5112265,
       7.7311284
      ],
      [
       81.5132231,
       7.7414734
      ],
      [
       81.5158756,
       7.7516727
      ],
      [
       81.5191736,
       7.7616854
      ],
      [
       81.5231039,
       7.7714715
      ],
      [
       81.5276508,
       7.7809919
      ],
      [
       81.5327961,
       7.7902084
      ],
      [
       81.5385194,
       7.7990842
      ],
      [
       81.5447977,
       7.8075838
      ],
      [
       81.5516059,
       7.8156731
      ],
      [
       81.5589169,
       7.8233198
      ],
      [
       81.5667014,
       7.8304933
      ],
      [
       81.5749282,
       7.8371648
      ],
      [
       81.5835645,
       7.8433077
      ],
      [
       81.5925757,
       7.8488974
      ],
      [
       81.6019258,
       7.8539115
      ],
      [
       81.6115773,
       7.8583298
      ],
      [
       81.6214916,
       7.8621348
      ],
      [
       81.631629,
       7.8653112
      ],
      [
       81.641949,
       7.8678463
      ],
      [
       81.6524102,
       7.8697299
      ],
      [
       81.6629707,
       7.8709545
      ],
      [
       81.6735883,
       7.8715152
      ],
      [
       81.6772222,
       7.8715542
      ]
     ]
    ]
   }
  },
  {
   "type": "Feature",
   "properties": {
    "ll": {
     "value": 0,
     "unit": 1,
     "referenceDatum": 0
    },
    "ul": {
     "value": 35,
     "unit": 6,
     "referenceDatum": 2
    },
    "_id": "626151454b027aab592b3dad",
    "name": "CHINA-BAY CTR",
    "type": 4,
    "icao": 3,
    "bnd": [
     [
      8.3668152,
      81.0149945
     ],
     [
      8.6998875,
      81.351742
     ]
    ]
   },
   "geometry": {
    "type": "Polygon",
    "coordinates": [
     [
      [
       81.1833333,
       8.6998875
      ],
      [
       81.1939831,
       8.6995543
      ],
      [
       81.2045902,
       8.6985561
      ],
      [
       81.2151121,
       8.696897
      ],
      [
       81.2255069,
       8.6945834
      ],
      [
       81.2357327,
       8.6916247
      ],
      [
       81.2457488,
       8.6880328
      ],
      [
       81.2555149,
       8.683822
      ],
      [
       81.2649921,
       8.6790092
      ],
      [
       81.2741423,
       8.6736137
      ],
      [
       81.2829289,
       8.667657
      ],
      [
       81.2913169,
       8.661163
      ],
      [
       81.2992726,
       8.6541577
      ],
      [
       81.3067642,
       8.6466691
      ],
      [
       81.3137618,
       8.6387273
      ],
      [
       81.3202373,
       8.6303639
      ],
      [
       81.326165,
       8.6216126
      ],
      [
       81.3315211,
       8.6125082
      ],
      [
       81.3362842,
       8.6030873
      ],
      [
       81.3404353,
       8.5933874
      ],
      [
       81.3439579,
       8.5834476
      ],
      [
       81.3468379,
       8.5733074
      ],
      [
       81.3490638,
       8.5630075
      ],
      [
       81.3506268,
       8.552589
      ],
      [
       81.3515207,
       8.5420937
      ],
      [
       81.351742,
       8.5315635
      ],
      [
       81.3512899,
       8.5210405
      ],
      [
       81.3501661,
       8.5105668
      ],
      [
       81.3483754,
       8.5001843
      ],
      [
       81.3459247,
       8.4899345
      ],
      [
       81.3428241,
       8.4798584
      ],
      [
       81.339086,
       8.4699962
      ],
      [
       81.3347253,
       8.4603873
      ],
      [
       81.3297596,
       8.4510703
      ],
      [
       81.3242087,
       8.4420822
      ],
      [
       81.3180948,
       8.4334591
      ],
      [
       81.3114424,
       8.4252353
      ],
      [
       81.3042782,
       8.4174438
      ],
      [
       81.2966307,
       8.4101157
      ],
      [
       81.2885306,
       8.4032802
      ],
      [
       81.2800103,
       8.3969647
      ],
      [
       81.2711037,
       8.3911944
      ],
      [
       81.2618465,
       8.3859923
      ],
      [
       81.2522757,
       8.3813792
      ],
      [
       81.2424296,
       8.3773736
      ],
      [
       81.2323474,
       8.3739915
      ],
      [
       81.2220694,
       8.3712462
      ],
      [
       81.2116367,
       8.369149
      ],
      [
       81.201091,
       8.367708
      ],
      [
       81.1904743,
       8.366929
      ],
      [
       81.1798292,
       8.3668152
      ],
      [
       81.169198,
       8.3673671
      ],
      [
       81.1586233,
       8.3685823
      ],
      [
       81.1481473,
       8.3704562
      ],
      [
       81.1378118,
       8.372981
      ],
      [
       81.1276581,
       8.3761469
      ],
      [
       81.1177268,
       8.3799412
      ],
      [
       81.1080575,
       8.3843486
      ],
      [
       81.098689,
       8.3893516
      ],
      [
       81.0896585,
       8.3949302
      ],
      [
       81.0810022,
       8.4010621
      ],
      [
       81.0727548,
       8.4077229
      ],
      [
       81.0649491,
       8.4148859
      ],
      [
       81.0576164,
       8.4225224
      ],
      [
       81.050786,
       8.4306021
      ],
      [
       81.0444852,
       8.4390925
      ],
      [
       81.0387393,
       8.4479598
      ],
      [
       81.0335712,
       8.4571686
      ],
      [
       81.0290017,
       8.466682
      ],
      [
       81.025049,
       8.476462
      ],
      [
       81.021729,
       8.4864695
      ],
      [
       81.019055,
       8.4966645
      ],
      [
       81.0170378,
       8.5070063
      ],
      [
       81.0156855,
       8.5174535
      ],
      [
       81.0150034,
       8.5279644
      ],
      [
       81.0149945,
       8.5384969
      ],
      [
       81.0156589,
       8.5490088
      ],
      [
       81.0169938,
       8.5594583
      ],
      [
       81.018994,
       8.5698034
      ],
      [
       81.0216517,
       8.5800027
      ],
      [
       81.0249561,
       8.5900156
      ],
      [
       81.0288942,
       8.5998019
      ],
      [
       81.0334501,
       8.6093224
      ],
      [
       81.0386059,
       8.6185391
      ],
      [
       81.0443407,
       8.6274151
      ],
      [
       81.0506319,
       8.6359149
      ],
      [
       81.0574541,
       8.6440045
      ],
      [
       81.0647801,
       8.6516514
      ],
      [
       81.0725807,
       8.6588251
      ],
      [
       81.0808246,
       8.6654969
      ],
      [
       81.0894789,
       8.67164
      ],
      [
       81.0985089,
       8.6772298
      ],
      [
       81.1078786,
       8.6822441
      ],
      [
       81.1175503,
       8.6866626
      ],
      [
       81.1274854,
       8.6904678
      ],
      [
       81.1376441,
       8.6936443
      ],
      [
       81.1479858,
       8.6961795
      ],
      [
       81.158469,
       8.6980632
      ],
      [
       81.1690518,
       8.6992879
      ],
      [
       81.1796917,
       8.6998486
      ],
      [
       81.1833333,
       8.6998875
      ]
     ]
    ]
   }
  },
  {
   "type": "Feature",
   "properties": {
    "ll": {
     "value": 0,
     "unit": 1,
     "referenceDatum": 0
    },
    "ul": {
     "value": 40,
     "unit": 6,
     "referenceDatum": 2
    },
    "_id": "626151454b027aab592b3dbc",
    "name": "COLOMBO CTR",
    "type": 4,
    "icao": 3,
    "bnd": [
     [
      6.6575,
      79.6213889
     ],
     [
      7.6080556,
      80.2563889
     ]
    ]
   },
   "geometry": {
    "type": "Polygon",
    "coordinates": [
     [
      [
       79.7802778,
       6.6941667
      ],
      [
       79.7780556,
       6.6958333
      ],
      [
       79.7694444,
       6.7036111
      ],
      [
       79.7613889,
       6.7119444
      ],
      [
       79.7538889,
       6.7208333
      ],
      [
       79.7472222,
       6.7302778
      ],
      [
       79.7408333,
       6.74
      ],
      [
       79.7355556,
       6.7502778
      ],
      [
       79.7308333,
       6.7608333
      ],
      [
       79.7266667,
       6.7716667
      ],
      [
       79.7236111,
       6.7827778
      ],
      [
       79.7211111,
       6.7941667
      ],
      [
       79.7194444,
       6.8055556
      ],
      [
       79.7186111,
       6.8172222
      ],
      [
       79.7186111,
       6.8288889
      ],
      [
       79.7194444,
       6.8402778
      ],
      [
       79.7211111,
       6.8519444
      ],
      [
       79.7236111,
       6.8633333
      ],
      [
       79.7266667,
       6.8744444
      ],
      [
       79.7308333,
       6.8852778
      ],
      [
       79.7355556,
       6.8958333
      ],
      [
       79.7377778,
       6.9002778
      ],
      [
       79.7308333,
       6.9025
      ],
      [
       79.72,
       6.9066667
      ],
      [
       79.7097222,
       6.9116667
      ],
      [
       79.6994444,
       6.9175
      ],
      [
       79.69,
       6.9238889
      ],
      [
       79.6808333,
       6.9311111
      ],
      [
       79.6722222,
       6.9388889
      ],
      [
       79.6641667,
       6.9472222
      ],
      [
       79.6566667,
       6.9561111
      ],
      [
       79.6497222,
       6.9652778
      ],
      [
       79.6436111,
       6.9752778
      ],
      [
       79.6380556,
       6.9855556
      ],
      [
       79.6333333,
       6.9961111
      ],
      [
       79.6294444,
       7.0069444
      ],
      [
       79.6261111,
       7.0180556
      ],
      [
       79.6238889,
       7.0294444
      ],
      [
       79.6222222,
       7.0408333
      ],
      [
       79.6213889,
       7.0525
      ],
      [
       79.6213889,
       7.0638889
      ],
      [
       79.6222222,
       7.0755556
      ],
      [
       79.6238889,
       7.0869444
      ],
      [
       79.6261111,
       7.0983333
      ],
      [
       79.6294444,
       7.1094444
      ],
      [
       79.6333333,
       7.1205556
      ],
      [
       79.6380556,
       7.1311111
      ],
      [
       79.6436111,
       7.1411111
      ],
      [
       79.6497222,
       7.1511111
      ],
      [
       79.6566667,
       7.1605556
      ],
      [
       79.6586111,
       7.1627778
      ],
      [
       79.7705556,
       7.3069444
      ],
      [
       79.8733333,
       7.4391667
      ],
      [
       79.9516667,
       7.54
      ],
      [
       79.9544444,
       7.5438889
      ],
      [
       79.9619444,
       7.5527778
      ],
      [
       79.9702778,
       7.5613889
      ],
      [
       79.9791667,
       7.5691667
      ],
      [
       79.9883333,
       7.5763889
      ],
      [
       79.9980556,
       7.5827778
      ],
      [
       80.0083333,
       7.5886111
      ],
      [
       80.0188889,
       7.5938889
      ],
      [
       80.0297222,
       7.5983333
      ],
      [
       80.0411111,
       7.6016667
      ],
      [
       80.0525,
       7.6047222
      ],
      [
       80.0641667,
       7.6066667
      ],
      [
       80.0758333,
       7.6077778
      ],
      [
       80.0875,
       7.6080556
      ],
      [
       80.0991667,
       7.6077778
      ],
      [
       80.1111111,
       7.6066667
      ],
      [
       80.1225,
       7.6047222
      ],
      [
       80.1338889,
       7.6016667
      ],
      [
       80.1452778,
       7.5983333
      ],
      [
       80.1561111,
       7.5938889
      ],
      [
       80.1666667,
       7.5886111
      ],
      [
       80.1769444,
       7.5827778
      ],
      [
       80.1858333,
       7.5769444
      ],
      [
       80.1966667,
       7.5686111
      ],
      [
       80.2047222,
       7.5613889
      ],
      [
       80.2130556,
       7.5527778
      ],
      [
       80.2205556,
       7.5438889
      ],
      [
       80.2275,
       7.5344444
      ],
      [
       80.2336111,
       7.5244444
      ],
      [
       80.2391667,
       7.5138889
      ],
      [
       80.2441667,
       7.5033333
      ],
      [
       80.2455556,
       7.4988889
      ],
      [
       80.2480556,
       7.4922222
      ],
      [
       80.2513889,
       7.4808333
      ],
      [
       80.2538889,
       7.4694444
      ],
      [
       80.2555556,
       7.4577778
      ],
      [
       80.2563889,
       7.4461111
      ],
      [
       80.2563889,
       7.4341667
      ],
      [
       80.2555556,
       7.4225
      ],
      [
       80.2538889,
       7.4108333
      ],
      [
       80.2513889,
       7.3994444
      ],
      [
       80.2480556,
       7.3880556
      ],
      [
       80.2441667,
       7.3769444
      ],
      [
       80.2391667,
       7.3663889
      ],
      [
       80.2336111,
       7.3558333
      ],
      [
       80.2275,
       7.3458333
      ],
      [
       80.2205556,
       7.3363889
      ],
      [
       80.2172222,
       7.3322222
      ],
      [
       80.1483333,
       7.2455556
      ],
      [
       80.0877778,
       7.1694444
      ],
      [
       79.9911111,
       7.0475
      ],
      [
       79.9377778,
       6.9802778
      ],
      [
       79.9419444,
       6.9788889
      ],
      [
       79.9525,
       6.9744444
      ],
      [
       79.9630556,
       6.9694444
      ],
      [
       79.9730556,
       6.9636111
      ],
      [
       79.9827778,
       6.9572222
      ],
      [
       79.9919444,
       6.9502778
      ],
      [
       80.0005556,
       6.9425
      ],
      [
       80.0086111,
       6.9341667
      ],
      [
       80.0161111,
       6.9252778
      ],
      [
       80.0227778,
       6.9158333
      ],
      [
       80.0291667,
       6.9061111
      ],
      [
       80.0344444,
       6.8958333
      ],
      [
       80.0391667,
       6.8852778
      ],
      [
       80.0433333,
       6.8744444
      ],
      [
       80.0463889,
       6.8633333
      ],
      [
       80.0488889,
       6.8519444
      ],
      [
       80.0505556,
       6.8402778
      ],
      [
       80.0513889,
       6.8288889
      ],
      [
       80.0513889,
       6.8172222
      ],
      [
       80.0505556,
       6.8055556
      ],
      [
       80.0488889,
       6.7941667
      ],
      [
       80.0463889,
       6.7827778
      ],
      [
       80.0433333,
       6.7716667
      ],
      [
       80.0391667,
       6.7608333
      ],
      [
       80.0344444,
       6.7502778
      ],
      [
       80.0291667,
       6.74
      ],
      [
       80.0227778,
       6.7302778
      ],
      [
       80.0161111,
       6.7208333
      ],
      [
       80.0086111,
       6.7119444
      ],
      [
       80.0005556,
       6.7036111
      ],
      [
       79.9919444,
       6.6958333
      ],
      [
       79.9894444,
       6.6938889
      ],
      [
       79.9827778,
       6.6888889
      ],
      [
       79.9730556,
       6.6822222
      ],
      [
       79.9708333,
       6.6811111
      ],
      [
       79.9630556,
       6.6766667
      ],
      [
       79.9525,
       6.6713889
      ],
      [
       79.9419444,
       6.6672222
      ],
      [
       79.9308333,
       6.6636111
      ],
      [
       79.9194444,
       6.6608333
      ],
      [
       79.9080556,
       6.6588889
      ],
      [
       79.8966667,
       6.6577778
      ],
      [
       79.885,
       6.6575
      ],
      [
       79.8733333,
       6.6577778
      ],
      [
       79.8619444,
       6.6588889
      ],
      [
       79.8505556,
       6.6608333
      ],
      [
       79.8391667,
       6.6636111
      ],
      [
       79.8280556,
       6.6672222
      ],
      [
       79.8175,
       6.6713889
      ],
      [
       79.8069444,
       6.6766667
      ],
      [
       79.7969444,
       6.6822222
      ],
      [
       79.7872222,
       6.6888889
      ],
      [
       79.7802778,
       6.6941667
      ]
     ]
    ]
   }
  },
  {
   "type": "Feature",
   "properties": {
    "ll": {
     "value": 0,
     "unit": 1,
     "referenceDatum": 0
    },
    "ul": {
     "value": 460,
     "unit": 6,
     "referenceDatum": 2
    },
    "_id": "626151454b027aab592b3dca",
    "name": "COLOMBO FIR",
    "type": 0,
    "icao": 0,
    "bnd": [
     [
      -2,
      78
     ],
     [
      10,
      92
     ]
    ]
   },
   "geometry": {
    "type": "Polygon",
    "coordinates": [
     [
      [
       80,
       10
      ],
      [
       82,
       10
      ],
      [
       92,
       6
      ],
      [
       92,
       -2
      ],
      [
       78,
       -2
      ],
      [
       78,
       6
      ],
      [
       80,
       10
      ]
     ]
    ]
   }
  },
  {
   "type": "Feature",
   "properties": {
    "ll": {
     "value": 10,
     "unit": 6,
     "referenceDatum": 2
    },
    "ul": {
     "value": 460,
     "unit": 6,
     "referenceDatum": 2
    },
    "_id": "62615145cb27f4250946587a",
    "name": "COLOMBO TERMINAL CONTROL AREA TMA",
    "type": 0,
    "icao": 2,
    "bnd": [
     [
      3.6724983,
      77
     ],
     [
      10,
      84.1250676
     ]
    ]
   },
   "geometry": {
    "type": "Polygon",
    "coordinates": [
     [
      [
       82.7166667,
       9.7166667
      ],
      [
       82.7553552,
       9.6890874
      ],
      [
       82.7936383,
       9.6609681
      ],
      [
       82.8315082,
       9.6323143
      ],
      [
       82.8689574,
       9.6031321
      ],
      [
       82.9059784,
       9.5734274
      ],
      [
       82.9425637,
       9.5432062
      ],
      [
       82.978706,
       9.5124747
      ],
      [
       83.014398,
       9.4812392
      ],
      [
       83.0496327,
       9.4495061
      ],
      [
       83.084403,
       9.4172818
      ],
      [
       83.118702,
       9.384573
      ],
      [
       83.1525228,
       9.3513863
      ],
      [
       83.1858588,
       9.3177285
      ],
      [
       83.2187032,
       9.2836064
      ],
      [
       83.2510497,
       9.249027
      ],
      [
       83.2828917,
       9.2139974
      ],
      [
       83.3142231,
       9.1785246
      ],
      [
       83.3450375,
       9.1426159
      ],
      [
       83.3753289,
       9.1062785
      ],
      [
       83.4050914,
       9.06952
      ],
      [
       83.4343191,
       9.0323477
      ],
      [
       83.4630063,
       8.9947692
      ],
      [
       83.4911473,
       8.9567921
      ],
      [
       83.5187367,
       8.9184242
      ],
      [
       83.545769,
       8.8796732
      ],
      [
       83.5722389,
       8.840547
      ],
      [
       83.5981414,
       8.8010534
      ],
      [
       83.6234714,
       8.7612007
      ],
      [
       83.6482239,
       8.7209967
      ],
      [
       83.6723941,
       8.6804496
      ],
      [
       83.6959775,
       8.6395676
      ],
      [
       83.7189694,
       8.5983591
      ],
      [
       83.7413654,
       8.5568323
      ],
      [
       83.7631613,
       8.5149957
      ],
      [
       83.7843527,
       8.4728576
      ],
      [
       83.8049358,
       8.4304266
      ],
      [
       83.8249065,
       8.3877113
      ],
      [
       83.844261,
       8.3447202
      ],
      [
       83.8629957,
       8.3014621
      ],
      [
       83.8811071,
       8.2579457
      ],
      [
       83.8985916,
       8.2141797
      ],
      [
       83.9154461,
       8.1701729
      ],
      [
       83.9316673,
       8.1259343
      ],
      [
       83.9472522,
       8.0814727
      ],
      [
       83.962198,
       8.036797
      ],
      [
       83.9765017,
       7.9919163
      ],
      [
       83.9901609,
       7.9468396
      ],
      [
       84.003173,
       7.9015759
      ],
      [
       84.0155355,
       7.8561343
      ],
      [
       84.0272463,
       7.810524
      ],
      [
       84.0383033,
       7.764754
      ],
      [
       84.0487043,
       7.7188337
      ],
      [
       84.0584477,
       7.6727721
      ],
      [
       84.0675316,
       7.6265786
      ],
      [
       84.0759544,
       7.5802623
      ],
      [
       84.0837148,
       7.5338326
      ],
      [
       84.0908113,
       7.4872988
      ],
      [
       84.0972428,
       7.4406701
      ],
      [
       84.1030082,
       7.3939559
      ],
      [
       84.1081066,
       7.3471656
      ],
      [
       84.1125371,
       7.3003085
      ],
      [
       84.1162991,
       7.253394
      ],
      [
       84.1193921,
       7.2064314
      ],
      [
       84.1218157,
       7.1594302
      ],
      [
       84.1235695,
       7.1123997
      ],
      [
       84.1246535,
       7.0653493
      ],
      [
       84.1250676,
       7.0182883
      ],
      [
       84.124812,
       6.9712263
      ],
      [
       84.1238869,
       6.9241726
      ],
      [
       84.1222927,
       6.8771365
      ],
      [
       84.1200299,
       6.8301274
      ],
      [
       84.1170991,
       6.7831548
      ],
      [
       84.1135012,
       6.7362279
      ],
      [
       84.109237,
       6.6893561
      ],
      [
       84.1043075,
       6.6425488
      ],
      [
       84.0987141,
       6.5958152
      ],
      [
       84.0924578,
       6.5491647
      ],
      [
       84.0855402,
       6.5026065
      ],
      [
       84.0779628,
       6.45615
      ],
      [
       84.0697273,
       6.4098042
      ],
      [
       84.0608355,
       6.3635786
      ],
      [
       84.0512893,
       6.3174821
      ],
      [
       84.0410907,
       6.2715241
      ],
      [
       84.0302421,
       6.2257137
      ],
      [
       84.0187456,
       6.1800598
      ],
      [
       84.0066038,
       6.1345717
      ],
      [
       83.9938191,
       6.0892583
      ],
      [
       83.9803942,
       6.0441287
      ],
      [
       83.9663321,
       5.9991917
      ],
      [
       83.9516355,
       5.9544563
      ],
      [
       83.9363076,
       5.9099315
      ],
      [
       83.9203516,
       5.8656259
      ],
      [
       83.9037706,
       5.8215485
      ],
      [
       83.8865682,
       5.7777079
      ],
      [
       83.8687478,
       5.7341129
      ],
      [
       83.8503132,
       5.690772
      ],
      [
       83.831268,
       5.6476939
      ],
      [
       83.8116163,
       5.6048872
      ],
      [
       83.7913619,
       5.5623602
      ],
      [
       83.770509,
       5.5201215
      ],
      [
       83.7490619,
       5.4781794
      ],
      [
       83.7270248,
       5.4365421
      ],
      [
       83.7044023,
       5.3952181
      ],
      [
       83.6811989,
       5.3542153
      ],
      [
       83.6574193,
       5.313542
      ],
      [
       83.6330683,
       5.2732063
      ],
      [
       83.6081508,
       5.233216
      ],
      [
       83.5826718,
       5.1935791
      ],
      [
       83.5566365,
       5.1543036
      ],
      [
       83.53005,
       5.115397
      ],
      [
       83.5029177,
       5.0768672
      ],
      [
       83.4752451,
       5.0387218
      ],
      [
       83.4470376,
       5.0009682
      ],
      [
       83.4183009,
       4.9636141
      ],
      [
       83.3890408,
       4.9266667
      ],
      [
       83.3592632,
       4.8901335
      ],
      [
       83.3289738,
       4.8540215
      ],
      [
       83.2981789,
       4.818338
      ],
      [
       83.2668845,
       4.7830901
      ],
      [
       83.2350968,
       4.7482846
      ],
      [
       83.2028223,
       4.7139286
      ],
      [
       83.1700673,
       4.6800287
      ],
      [
       83.1368383,
       4.6465917
      ],
      [
       83.103142,
       4.6136242
      ],
      [
       83.0689851,
       4.5811327
      ],
      [
       83.0343742,
       4.5491237
      ],
      [
       82.9993164,
       4.5176035
      ],
      [
       82.9638185,
       4.4865783
      ],
      [
       82.9278876,
       4.4560543
      ],
      [
       82.8915309,
       4.4260374
      ],
      [
       82.8547555,
       4.3965337
      ],
      [
       82.8175687,
       4.3675489
      ],
      [
       82.7799779,
       4.3390889
      ],
      [
       82.7419906,
       4.3111592
      ],
      [
       82.7036142,
       4.2837653
      ],
      [
       82.6648564,
       4.2569128
      ],
      [
       82.6257249,
       4.2306068
      ],
      [
       82.5862273,
       4.2048526
      ],
      [
       82.5463715,
       4.1796553
      ],
      [
       82.5061654,
       4.1550199
      ],
      [
       82.4656169,
       4.1309512
      ],
      [
       82.4247341,
       4.107454
      ],
      [
       82.383525,
       4.084533
      ],
      [
       82.3419978,
       4.0621926
      ],
      [
       82.3001607,
       4.0404374
      ],
      [
       82.2580219,
       4.0192716
      ],
      [
       82.2155898,
       3.9986993
      ],
      [
       82.1728728,
       3.9787248
      ],
      [
       82.1298793,
       3.9593519
      ],
      [
       82.0866177,
       3.9405844
      ],
      [
       82.0430967,
       3.9224261
      ],
      [
       81.9993248,
       3.9048806
      ],
      [
       81.9553107,
       3.8879513
      ],
      [
       81.911063,
       3.8716415
      ],
      [
       81.8665906,
       3.8559546
      ],
      [
       81.8219021,
       3.8408936
      ],
      [
       81.7770064,
       3.8264615
      ],
      [
       81.7319123,
       3.8126612
      ],
      [
       81.6866289,
       3.7994953
      ],
      [
       81.6411649,
       3.7869665
      ],
      [
       81.5955293,
       3.7750773
      ],
      [
       81.5497313,
       3.76383
      ],
      [
       81.5037797,
       3.7532269
      ],
      [
       81.4576838,
       3.74327
      ],
      [
       81.4114525,
       3.7339613
      ],
      [
       81.3650949,
       3.7253026
      ],
      [
       81.3186204,
       3.7172957
      ],
      [
       81.2720379,
       3.7099422
      ],
      [
       81.2253567,
       3.7032435
      ],
      [
       81.178586,
       3.697201
      ],
      [
       81.1317351,
       3.6918157
      ],
      [
       81.0848131,
       3.6870889
      ],
      [
       81.0378293,
       3.6830214
      ],
      [
       80.9907931,
       3.679614
      ],
      [
       80.9437136,
       3.6768675
      ],
      [
       80.8966002,
       3.6747823
      ],
      [
       80.8494621,
       3.6733588
      ],
      [
       80.8023087,
       3.6725975
      ],
      [
       80.7551493,
       3.6724983
      ],
      [
       80.7079931,
       3.6730613
      ],
      [
       80.6608495,
       3.6742865
      ],
      [
       80.6137277,
       3.6761735
      ],
      [
       80.5666371,
       3.678722
      ],
      [
       80.5195869,
       3.6819316
      ],
      [
       80.4725864,
       3.6858014
      ],
      [
       80.425645,
       3.6903309
      ],
      [
       80.3787718,
       3.695519
      ],
      [
       80.3319761,
       3.7013648
      ],
      [
       80.2852671,
       3.7078671
      ],
      [
       80.2386541,
       3.7150247
      ],
      [
       80.1921463,
       3.722836
      ],
      [
       80.1457527,
       3.7312996
      ],
      [
       80.0994827,
       3.7404138
      ],
      [
       80.0533452,
       3.7501768
      ],
      [
       80.0073494,
       3.7605866
      ],
      [
       79.9615045,
       3.7716412
      ],
      [
       79.9158193,
       3.7833384
      ],
      [
       79.870303,
       3.7956758
      ],
      [
       79.8249645,
       3.8086512
      ],
      [
       79.7798128,
       3.8222618
      ],
      [
       79.7348568,
       3.8365049
      ],
      [
       79.6901053,
       3.8513779
      ],
      [
       79.6455672,
       3.8668776
      ],
      [
       79.6012513,
       3.8830011
      ],
      [
       79.5571663,
       3.8997452
      ],
      [
       79.513321,
       3.9171066
      ],
      [
       79.4697239,
       3.9350817
      ],
      [
       79.4263837,
       3.9536671
      ],
      [
       79.383309,
       3.9728591
      ],
      [
       79.3405083,
       3.9926538
      ],
      [
       79.29799,
       4.0130475
      ],
      [
       79.2557625,
       4.0340359
      ],
      [
       79.2138341,
       4.0556151
      ],
      [
       79.1722132,
       4.0777806
      ],
      [
       79.130908,
       4.1005282
      ],
      [
       79.0899266,
       4.1238533
      ],
      [
       79.0492772,
       4.1477513
      ],
      [
       79.0089677,
       4.1722175
      ],
      [
       78.9690061,
       4.197247
      ],
      [
       78.9294005,
       4.222835
      ],
      [
       78.8901585,
       4.2489762
      ],
      [
       78.8512879,
       4.2756656
      ],
      [
       78.8127965,
       4.3028979
      ],
      [
       78.7746919,
       4.3306677
      ],
      [
       78.7369815,
       4.3589695
      ],
      [
       78.699673,
       4.3877977
      ],
      [
       78.6627736,
       4.4171466
      ],
      [
       78.6262907,
       4.4470103
      ],
      [
       78.5902315,
       4.4773831
      ],
      [
       78.5546032,
       4.5082588
      ],
      [
       78.5194128,
       4.5396314
      ],
      [
       78.4846674,
       4.5714947
      ],
      [
       78.4503737,
       4.6038424
      ],
      [
       78.4165388,
       4.6366679
      ],
      [
       78.3831691,
       4.669965
      ],
      [
       78.3502715,
       4.7037269
      ],
      [
       78.3178523,
       4.7379471
      ],
      [
       78.2859182,
       4.7726187
      ],
      [
       78.2544754,
       4.8077348
      ],
      [
       78.2235302,
       4.8432886
      ],
      [
       78.1930888,
       4.8792729
      ],
      [
       78.1631573,
       4.9156808
      ],
      [
       78.1337415,
       4.9525049
      ],
      [
       78.1048475,
       4.9897379
      ],
      [
       78.0764809,
       5.0273726
      ],
      [
       78.0486475,
       5.0654015
      ],
      [
       78.0213528,
       5.103817
      ],
      [
       77.9946023,
       5.1426115
      ],
      [
       78,
       5.15
      ],
      [
       78,
       6
      ],
      [
       77,
       6
      ],
      [
       77,
       7
      ],
      [
       79.5,
       9
      ],
      [
       80,
       10
      ],
      [
       82,
       10
      ],
      [
       82.7166667,
       9.7166667
      ]
     ]
    ]
   }
  },
  {
   "type": "Feature",
   "properties": {
    "ll": {
     "value": 30,
     "unit": 6,
     "referenceDatum": 2
    },
    "ul": {
     "value": 100,
     "unit": 6,
     "referenceDatum": 2
    },
    "_id": "626151454b027aab592b3ddf",
    "name": "JAFFNA CTA",
    "type": 0,
    "icao": 3,
    "bnd": [
     [
      9.2932471,
      79.7172222
     ],
     [
      10,
      80.5763487
     ]
    ]
   },
   "geometry": {
    "type": "Polygon",
    "coordinates": [
     [
      [
       80.5275,
       10
      ],
      [
       80.5374239,
       9.9844313
      ],
      [
       80.544229,
       9.9674762
      ],
      [
       80.5504,
       9.9502874
      ],
      [
       80.5559288,
       9.932888
      ],
      [
       80.5608081,
       9.9153012
      ],
      [
       80.5650314,
       9.8975505
      ],
      [
       80.5685932,
       9.8796596
      ],
      [
       80.5714889,
       9.8616525
      ],
      [
       80.5737147,
       9.8435531
      ],
      [
       80.5752678,
       9.8253857
      ],
      [
       80.5761461,
       9.8071746
      ],
      [
       80.5763487,
       9.7889439
      ],
      [
       80.5758753,
       9.7707182
      ],
      [
       80.5747267,
       9.7525216
      ],
      [
       80.5729046,
       9.7343785
      ],
      [
       80.5704115,
       9.7163132
      ],
      [
       80.5672508,
       9.6983496
      ],
      [
       80.5634268,
       9.6805118
      ],
      [
       80.5589448,
       9.6628235
      ],
      [
       80.5538108,
       9.6453084
      ],
      [
       80.5480318,
       9.6279898
      ],
      [
       80.5416156,
       9.6108907
      ],
      [
       80.5345708,
       9.5940341
      ],
      [
       80.5269069,
       9.5774422
      ],
      [
       80.5186342,
       9.5611373
      ],
      [
       80.5097638,
       9.5451411
      ],
      [
       80.5003077,
       9.5294748
      ],
      [
       80.4902784,
       9.5141594
      ],
      [
       80.4796894,
       9.4992152
      ],
      [
       80.468555,
       9.4846622
      ],
      [
       80.4568899,
       9.4705197
      ],
      [
       80.4447097,
       9.4568065
      ],
      [
       80.4320309,
       9.4435409
      ],
      [
       80.4188701,
       9.4307406
      ],
      [
       80.4052452,
       9.4184226
      ],
      [
       80.3911741,
       9.4066032
      ],
      [
       80.3766758,
       9.3952983
      ],
      [
       80.3617694,
       9.3845228
      ],
      [
       80.3464749,
       9.3742911
      ],
      [
       80.3308127,
       9.3646168
      ],
      [
       80.3148036,
       9.3555128
      ],
      [
       80.2984689,
       9.3469911
      ],
      [
       80.2818304,
       9.3390631
      ],
      [
       80.2649102,
       9.3317394
      ],
      [
       80.2477309,
       9.3250297
      ],
      [
       80.2303153,
       9.3189429
      ],
      [
       80.2126865,
       9.3134871
      ],
      [
       80.194868,
       9.3086695
      ],
      [
       80.1768835,
       9.3044967
      ],
      [
       80.1587569,
       9.300974
      ],
      [
       80.1405124,
       9.2981062
      ],
      [
       80.1221741,
       9.2958971
      ],
      [
       80.1037664,
       9.2943497
      ],
      [
       80.0853139,
       9.2934659
      ],
      [
       80.066841,
       9.2932471
      ],
      [
       80.0483724,
       9.2936934
      ],
      [
       80.0299324,
       9.2948043
      ],
      [
       80.0115457,
       9.2965782
      ],
      [
       79.9932368,
       9.299013
      ],
      [
       79.9750298,
       9.3021052
      ],
      [
       79.9569492,
       9.3058508
      ],
      [
       79.9390188,
       9.3102448
      ],
      [
       79.9212625,
       9.3152813
      ],
      [
       79.903704,
       9.3209538
      ],
      [
       79.8863665,
       9.3272546
      ],
      [
       79.8692733,
       9.3341753
      ],
      [
       79.8524469,
       9.3417068
      ],
      [
       79.8359098,
       9.349839
      ],
      [
       79.8196841,
       9.3585611
      ],
      [
       79.8037912,
       9.3678616
      ],
      [
       79.7882524,
       9.377728
      ],
      [
       79.7730884,
       9.3881472
      ],
      [
       79.7583193,
       9.3991054
      ],
      [
       79.743965,
       9.410588
      ],
      [
       79.7300444,
       9.4225797
      ],
      [
       79.7172222,
       9.4344444
      ],
      [
       80,
       10
      ],
      [
       80.5275,
       10
      ]
     ]
    ]
   }
  },
  {
   "type": "Feature",
   "properties": {
    "ll": {
     "value": 0,
     "unit": 1,
     "referenceDatum": 0
    },
    "ul": {
     "value": 40,
     "unit": 6,
     "referenceDatum": 2
    },
    "_id": "62615146cb27f4250946588a",
    "name": "JAFFNA CTR",
    "type": 4,
    "icao": 3,
    "bnd": [
     [
      9.6258535,
      79.9011827
     ],
     [
      9.9585511,
      80.2388198
     ]
    ]
   },
   "geometry": {
    "type": "Polygon",
    "coordinates": [
     [
      [
       79.9588889,
       9.9175
      ],
      [
       79.9671533,
       9.9241736
      ],
      [
       79.9758299,
       9.9303188
      ],
      [
       79.984884,
       9.9359109
      ],
      [
       79.9942793,
       9.9409276
      ],
      [
       80.0039782,
       9.9453487
      ],
      [
       80.0139417,
       9.9491565
      ],
      [
       80.02413,
       9.9523358
      ],
      [
       80.0345022,
       9.9548737
      ],
      [
       80.0450168,
       9.9567602
      ],
      [
       80.0556315,
       9.9579876
      ],
      [
       80.0663038,
       9.9585511
      ],
      [
       80.0769909,
       9.9584483
      ],
      [
       80.08765,
       9.9576797
      ],
      [
       80.0982383,
       9.9562484
      ],
      [
       80.1087135,
       9.9541601
      ],
      [
       80.1190333,
       9.9514232
      ],
      [
       80.1291567,
       9.9480486
      ],
      [
       80.1390428,
       9.9440499
      ],
      [
       80.1486521,
       9.9394432
      ],
      [
       80.1579462,
       9.9342468
      ],
      [
       80.1668877,
       9.9284816
      ],
      [
       80.1754408,
       9.9221707
      ],
      [
       80.1835713,
       9.9153395
      ],
      [
       80.1912466,
       9.9080153
      ],
      [
       80.198436,
       9.9002274
      ],
      [
       80.2051108,
       9.8920071
      ],
      [
       80.2112441,
       9.8833872
      ],
      [
       80.2168115,
       9.8744025
      ],
      [
       80.2217907,
       9.8650887
      ],
      [
       80.2261618,
       9.8554834
      ],
      [
       80.2299073,
       9.8456248
      ],
      [
       80.2330124,
       9.8355526
      ],
      [
       80.2354646,
       9.825307
      ],
      [
       80.2372542,
       9.8149292
      ],
      [
       80.2383741,
       9.8044606
      ],
      [
       80.2388198,
       9.7939431
      ],
      [
       80.2385896,
       9.7834189
      ],
      [
       80.2376846,
       9.7729302
      ],
      [
       80.2361083,
       9.7625188
      ],
      [
       80.2338673,
       9.7522265
      ],
      [
       80.2309704,
       9.7420945
      ],
      [
       80.2274294,
       9.7321632
      ],
      [
       80.2232585,
       9.7224725
      ],
      [
       80.2184744,
       9.7130612
      ],
      [
       80.2130963,
       9.7039668
      ],
      [
       80.2071458,
       9.6952257
      ],
      [
       80.2006467,
       9.686873
      ],
      [
       80.1936251,
       9.6789419
      ],
      [
       80.186109,
       9.6714644
      ],
      [
       80.1781286,
       9.6644701
      ],
      [
       80.1697159,
       9.6579872
      ],
      [
       80.1609043,
       9.6520416
      ],
      [
       80.1517294,
       9.646657
      ],
      [
       80.1422276,
       9.6418549
      ],
      [
       80.1324371,
       9.6376545
      ],
      [
       80.1223969,
       9.6340727
      ],
      [
       80.1121473,
       9.6311238
      ],
      [
       80.1017292,
       9.6288195
      ],
      [
       80.0911842,
       9.6271691
      ],
      [
       80.0805546,
       9.6261791
      ],
      [
       80.0698827,
       9.6258535
      ],
      [
       80.0592114,
       9.6261937
      ],
      [
       80.0485831,
       9.6271982
      ],
      [
       80.0380405,
       9.6288631
      ],
      [
       80.0276257,
       9.6311817
      ],
      [
       80.0173802,
       9.6341446
      ],
      [
       80.0073451,
       9.6377402
      ],
      [
       79.9975605,
       9.6419539
      ],
      [
       79.9880655,
       9.646769
      ],
      [
       79.9788981,
       9.6521662
      ],
      [
       79.970095,
       9.6581239
      ],
      [
       79.9616914,
       9.6646183
      ],
      [
       79.9537208,
       9.6716235
      ],
      [
       79.9462153,
       9.6791113
      ],
      [
       79.9392049,
       9.687052
      ],
      [
       79.9327176,
       9.6954136
      ],
      [
       79.9267794,
       9.7041628
      ],
      [
       79.9214141,
       9.7132646
      ],
      [
       79.9166433,
       9.7226825
      ],
      [
       79.912486,
       9.7323789
      ],
      [
       79.908959,
       9.742315
      ],
      [
       79.9060764,
       9.752451
      ],
      [
       79.9038499,
       9.7627463
      ],
      [
       79.9022883,
       9.7731598
      ],
      [
       79.9013981,
       9.7836498
      ],
      [
       79.9011827,
       9.7941743
      ],
      [
       79.9016433,
       9.8046911
      ],
      [
       79.9030556,
       9.8063889
      ],
      [
       79.9588889,
       9.9175
      ]
     ]
    ]
   }
  },
  {
   "type": "Feature",
   "properties": {
    "ll": {
     "value": 65,
     "unit": 6,
     "referenceDatum": 2
    },
    "ul": {
     "value": 460,
     "unit": 6,
     "referenceDatum": 2
    },
    "_id": "62615146cb27f425094658a1",
    "name": "KAT VOR R135-170 CTA",
    "type": 0,
    "icao": 2,
    "bnd": [
     [
      5.7641667,
      80.0413889
     ],
     [
      6.6975,
      80.7916667
     ]
    ]
   },
   "geometry": {
    "type": "Polygon",
    "coordinates": [
     [
      [
       80.0413889,
       6.3505556
      ],
      [
       80.0547222,
       6.355
      ],
      [
       80.0708333,
       6.3611111
      ],
      [
       80.0788889,
       6.3644444
      ],
      [
       80.0866667,
       6.3677778
      ],
      [
       80.0947222,
       6.3713889
      ],
      [
       80.1025,
       6.375
      ],
      [
       80.1180556,
       6.3827778
      ],
      [
       80.1238889,
       6.3861111
      ],
      [
       80.1255556,
       6.3869444
      ],
      [
       80.1330556,
       6.3911111
      ],
      [
       80.1480556,
       6.4
      ],
      [
       80.1552778,
       6.4044444
      ],
      [
       80.1625,
       6.4091667
      ],
      [
       80.1697222,
       6.4141667
      ],
      [
       80.1766667,
       6.4191667
      ],
      [
       80.1838889,
       6.4241667
      ],
      [
       80.1905556,
       6.4294444
      ],
      [
       80.1975,
       6.4347222
      ],
      [
       80.2108333,
       6.4458333
      ],
      [
       80.2172222,
       6.4513889
      ],
      [
       80.2236111,
       6.4572222
      ],
      [
       80.2361111,
       6.4691667
      ],
      [
       80.2422222,
       6.4752778
      ],
      [
       80.2483333,
       6.4816667
      ],
      [
       80.26,
       6.4944444
      ],
      [
       80.2655556,
       6.5008333
      ],
      [
       80.2766667,
       6.5141667
      ],
      [
       80.2872222,
       6.5280556
      ],
      [
       80.2922222,
       6.535
      ],
      [
       80.2972222,
       6.5422222
      ],
      [
       80.3113889,
       6.5638889
      ],
      [
       80.3158333,
       6.5713889
      ],
      [
       80.3241667,
       6.5863889
      ],
      [
       80.3283333,
       6.5941667
      ],
      [
       80.3322222,
       6.6016667
      ],
      [
       80.3358333,
       6.6094444
      ],
      [
       80.3397222,
       6.6175
      ],
      [
       80.3430556,
       6.6252778
      ],
      [
       80.3497222,
       6.6413889
      ],
      [
       80.3558333,
       6.6575
      ],
      [
       80.3586111,
       6.6655556
      ],
      [
       80.3611111,
       6.6738889
      ],
      [
       80.3638889,
       6.6822222
      ],
      [
       80.3661111,
       6.6905556
      ],
      [
       80.3680556,
       6.6975
      ],
      [
       80.3977778,
       6.6697222
      ],
      [
       80.4766667,
       6.5966667
      ],
      [
       80.6302778,
       6.4538889
      ],
      [
       80.7322222,
       6.3591667
      ],
      [
       80.7305556,
       6.3472222
      ],
      [
       80.7286111,
       6.3183333
      ],
      [
       80.7286111,
       6.2894444
      ],
      [
       80.7305556,
       6.2602778
      ],
      [
       80.7347222,
       6.2316667
      ],
      [
       80.7408333,
       6.2033333
      ],
      [
       80.7488889,
       6.1755556
      ],
      [
       80.7586111,
       6.1483333
      ],
      [
       80.7705556,
       6.1216667
      ],
      [
       80.7841667,
       6.0961111
      ],
      [
       80.7916667,
       6.0841667
      ],
      [
       80.4386111,
       5.8644444
      ],
      [
       80.2777778,
       5.7641667
      ],
      [
       80.1558333,
       5.8144444
      ],
      [
       80.1111111,
       6.025
      ],
      [
       80.0594444,
       6.2661111
      ],
      [
       80.0413889,
       6.3505556
      ]
     ]
    ]
   }
  },
  {
   "type": "Feature",
   "properties": {
    "ll": {
     "value": 20,
     "unit": 6,
     "referenceDatum": 2
    },
    "ul": {
     "value": 460,
     "unit": 6,
     "referenceDatum": 2
    },
    "_id": "62615146cb27f425094658b2",
    "name": "KAT VOR R170-3 CTA",
    "type": 0,
    "icao": 2,
    "bnd": [
     [
      5.8144444,
      79.0530556
     ],
     [
      8.0075,
      80.1558333
     ]
    ]
   },
   "geometry": {
    "type": "Polygon",
    "coordinates": [
     [
      [
       80.0594444,
       6.2661111
      ],
      [
       80.1111111,
       6.025
      ],
      [
       80.1558333,
       5.8144444
      ],
      [
       79.6025,
       6.0427778
      ],
      [
       79.6022222,
       6.0430556
      ],
      [
       79.5886111,
       6.0477778
      ],
      [
       79.5752778,
       6.0530556
      ],
      [
       79.5486111,
       6.0641667
      ],
      [
       79.5355556,
       6.07
      ],
      [
       79.5225,
       6.0763889
      ],
      [
       79.5094444,
       6.0825
      ],
      [
       79.4966667,
       6.0891667
      ],
      [
       79.4841667,
       6.0961111
      ],
      [
       79.4713889,
       6.1030556
      ],
      [
       79.4588889,
       6.1102778
      ],
      [
       79.4344444,
       6.1252778
      ],
      [
       79.4105556,
       6.1413889
      ],
      [
       79.3986111,
       6.1497222
      ],
      [
       79.3869444,
       6.1580556
      ],
      [
       79.3641667,
       6.1758333
      ],
      [
       79.3419444,
       6.1941667
      ],
      [
       79.3311111,
       6.2036111
      ],
      [
       79.31,
       6.2230556
      ],
      [
       79.2997222,
       6.2333333
      ],
      [
       79.2894444,
       6.2433333
      ],
      [
       79.2794444,
       6.2538889
      ],
      [
       79.26,
       6.275
      ],
      [
       79.2505556,
       6.2861111
      ],
      [
       79.2413889,
       6.2969444
      ],
      [
       79.2322222,
       6.3083333
      ],
      [
       79.2233333,
       6.3197222
      ],
      [
       79.2147222,
       6.3311111
      ],
      [
       79.2063889,
       6.3427778
      ],
      [
       79.1980556,
       6.3547222
      ],
      [
       79.19,
       6.3666667
      ],
      [
       79.1822222,
       6.3786111
      ],
      [
       79.1744444,
       6.3908333
      ],
      [
       79.16,
       6.4158333
      ],
      [
       79.1530556,
       6.4283333
      ],
      [
       79.1461111,
       6.4411111
      ],
      [
       79.1397222,
       6.4538889
      ],
      [
       79.1333333,
       6.4669444
      ],
      [
       79.1272222,
       6.48
      ],
      [
       79.1213889,
       6.4933333
      ],
      [
       79.1158333,
       6.5063889
      ],
      [
       79.1105556,
       6.52
      ],
      [
       79.1052778,
       6.5333333
      ],
      [
       79.1002778,
       6.5469444
      ],
      [
       79.0913889,
       6.5741667
      ],
      [
       79.0869444,
       6.5880556
      ],
      [
       79.0830556,
       6.6019444
      ],
      [
       79.0758333,
       6.6297222
      ],
      [
       79.0697222,
       6.6580556
      ],
      [
       79.0669444,
       6.6722222
      ],
      [
       79.0644444,
       6.6863889
      ],
      [
       79.0622222,
       6.7005556
      ],
      [
       79.0602778,
       6.7147222
      ],
      [
       79.0583333,
       6.7291667
      ],
      [
       79.0569444,
       6.7433333
      ],
      [
       79.0547222,
       6.7722222
      ],
      [
       79.0538889,
       6.7866667
      ],
      [
       79.0533333,
       6.8011111
      ],
      [
       79.0530556,
       6.8152778
      ],
      [
       79.0530556,
       6.8297222
      ],
      [
       79.0533333,
       7.1869444
      ],
      [
       79.0536111,
       7.2013889
      ],
      [
       79.0541667,
       7.2158333
      ],
      [
       79.055,
       7.2302778
      ],
      [
       79.0561111,
       7.2444444
      ],
      [
       79.0572222,
       7.2588889
      ],
      [
       79.0586111,
       7.2733333
      ],
      [
       79.0605556,
       7.2875
      ],
      [
       79.0625,
       7.3019444
      ],
      [
       79.0647222,
       7.3161111
      ],
      [
       79.0672222,
       7.3302778
      ],
      [
       79.07,
       7.3444444
      ],
      [
       79.0730556,
       7.3586111
      ],
      [
       79.0761111,
       7.3725
      ],
      [
       79.0797222,
       7.3866667
      ],
      [
       79.0833333,
       7.4005556
      ],
      [
       79.0875,
       7.4144444
      ],
      [
       79.0916667,
       7.4280556
      ],
      [
       79.0961111,
       7.4419444
      ],
      [
       79.1005556,
       7.4555556
      ],
      [
       79.1055556,
       7.4688889
      ],
      [
       79.1108333,
       7.4825
      ],
      [
       79.1161111,
       7.4958333
      ],
      [
       79.1216667,
       7.5091667
      ],
      [
       79.1275,
       7.5222222
      ],
      [
       79.1336111,
       7.5352778
      ],
      [
       79.14,
       7.5483333
      ],
      [
       79.1533333,
       7.5738889
      ],
      [
       79.1602778,
       7.5863889
      ],
      [
       79.1747222,
       7.6113889
      ],
      [
       79.1825,
       7.6236111
      ],
      [
       79.1902778,
       7.6355556
      ],
      [
       79.1983333,
       7.6475
      ],
      [
       79.2066667,
       7.6594444
      ],
      [
       79.215,
       7.6711111
      ],
      [
       79.2236111,
       7.6827778
      ],
      [
       79.2325,
       7.6938889
      ],
      [
       79.2416667,
       7.7052778
      ],
      [
       79.2508333,
       7.7163889
      ],
      [
       79.2602778,
       7.7272222
      ],
      [
       79.2797222,
       7.7483333
      ],
      [
       79.2897222,
       7.7588889
      ],
      [
       79.3,
       7.7691667
      ],
      [
       79.3102778,
       7.7791667
      ],
      [
       79.3313889,
       7.7986111
      ],
      [
       79.3422222,
       7.8080556
      ],
      [
       79.3644444,
       7.8263889
      ],
      [
       79.3872222,
       7.8441667
      ],
      [
       79.3988889,
       7.8525
      ],
      [
       79.4108333,
       7.8608333
      ],
      [
       79.4227778,
       7.8688889
      ],
      [
       79.4347222,
       7.8766667
      ],
      [
       79.4469444,
       7.8844444
      ],
      [
       79.4594444,
       7.8919444
      ],
      [
       79.4716667,
       7.8991667
      ],
      [
       79.4844444,
       7.9061111
      ],
      [
       79.4969444,
       7.9130556
      ],
      [
       79.51,
       7.9194444
      ],
      [
       79.5227778,
       7.9258333
      ],
      [
       79.5358333,
       7.9319444
      ],
      [
       79.5488889,
       7.9377778
      ],
      [
       79.5622222,
       7.9436111
      ],
      [
       79.5755556,
       7.9488889
      ],
      [
       79.5891667,
       7.9541667
      ],
      [
       79.6025,
       7.9591667
      ],
      [
       79.6161111,
       7.9638889
      ],
      [
       79.63,
       7.9683333
      ],
      [
       79.6436111,
       7.9727778
      ],
      [
       79.6713889,
       7.9805556
      ],
      [
       79.6852778,
       7.9838889
      ],
      [
       79.6994444,
       7.9872222
      ],
      [
       79.7136111,
       7.9902778
      ],
      [
       79.7277778,
       7.9930556
      ],
      [
       79.7561111,
       7.9980556
      ],
      [
       79.7702778,
       8
      ],
      [
       79.7847222,
       8.0019444
      ],
      [
       79.7988889,
       8.0033333
      ],
      [
       79.8133333,
       8.0047222
      ],
      [
       79.8277778,
       8.0058333
      ],
      [
       79.8419444,
       8.0066667
      ],
      [
       79.8563889,
       8.0072222
      ],
      [
       79.8708333,
       8.0075
      ],
      [
       79.8833333,
       8.0075
      ],
      [
       79.8733333,
       7.4391667
      ],
      [
       79.7705556,
       7.3069444
      ],
      [
       79.6586111,
       7.1627778
      ],
      [
       79.6566667,
       7.1605556
      ],
      [
       79.6497222,
       7.1511111
      ],
      [
       79.6436111,
       7.1411111
      ],
      [
       79.6380556,
       7.1311111
      ],
      [
       79.6333333,
       7.1205556
      ],
      [
       79.6294444,
       7.1094444
      ],
      [
       79.6261111,
       7.0983333
      ],
      [
       79.6238889,
       7.0869444
      ],
      [
       79.6222222,
       7.0755556
      ],
      [
       79.6213889,
       7.0638889
      ],
      [
       79.6213889,
       7.0525
      ],
      [
       79.6222222,
       7.0408333
      ],
      [
       79.6238889,
       7.0294444
      ],
      [
       79.6261111,
       7.0180556
      ],
      [
       79.6294444,
       7.0069444
      ],
      [
       79.6333333,
       6.9961111
      ],
      [
       79.6380556,
       6.9855556
      ],
      [
       79.6436111,
       6.9752778
      ],
      [
       79.6497222,
       6.9652778
      ],
      [
       79.6566667,
       6.9561111
      ],
      [
       79.6641667,
       6.9472222
      ],
      [
       79.6722222,
       6.9388889
      ],
      [
       79.6808333,
       6.9311111
      ],
      [
       79.69,
       6.9238889
      ],
      [
       79.6994444,
       6.9175
      ],
      [
       79.7097222,
       6.9116667
      ],
      [
       79.72,
       6.9066667
      ],
      [
       79.7308333,
       6.9025
      ],
      [
       79.7377778,
       6.9002778
      ],
      [
       79.7355556,
       6.8958333
      ],
      [
       79.7308333,
       6.8852778
      ],
      [
       79.7266667,
       6.8744444
      ],
      [
       79.7236111,
       6.8633333
      ],
      [
       79.7211111,
       6.8519444
      ],
      [
       79.7194444,
       6.8402778
      ],
      [
       79.7186111,
       6.8288889
      ],
      [
       79.7186111,
       6.8172222
      ],
      [
       79.7194444,
       6.8055556
      ],
      [
       79.7211111,
       6.7941667
      ],
      [
       79.7236111,
       6.7827778
      ],
      [
       79.7266667,
       6.7716667
      ],
      [
       79.7308333,
       6.7608333
      ],
      [
       79.7355556,
       6.7502778
      ],
      [
       79.7408333,
       6.74
      ],
      [
       79.7472222,
       6.7302778
      ],
      [
       79.7538889,
       6.7208333
      ],
      [
       79.7613889,
       6.7119444
      ],
      [
       79.7694444,
       6.7036111
      ],
      [
       79.7780556,
       6.6958333
      ],
      [
       79.7802778,
       6.6941667
      ],
      [
       79.7872222,
       6.6888889
      ],
      [
       79.7969444,
       6.6822222
      ],
      [
       79.8069444,
       6.6766667
      ],
      [
       79.8175,
       6.6713889
      ],
      [
       79.8280556,
       6.6672222
      ],
      [
       79.8391667,
       6.6636111
      ],
      [
       79.8505556,
       6.6608333
      ],
      [
       79.8619444,
       6.6588889
      ],
      [
       79.8733333,
       6.6577778
      ],
      [
       79.885,
       6.6575
      ],
      [
       79.8966667,
       6.6577778
      ],
      [
       79.9080556,
       6.6588889
      ],
      [
       79.9194444,
       6.6608333
      ],
      [
       79.9308333,
       6.6636111
      ],
      [
       79.9419444,
       6.6672222
      ],
      [
       79.9525,
       6.6713889
      ],
      [
       79.9630556,
       6.6766667
      ],
      [
       79.9708333,
       6.6811111
      ],
      [
       80.0413889,
       6.3505556
      ],
      [
       80.0594444,
       6.2661111
      ]
     ]
    ]
   }
  },
  {
   "type": "Feature",
   "properties": {
    "ll": {
     "value": 25,
     "unit": 6,
     "referenceDatum": 2
    },
    "ul": {
     "value": 460,
     "unit": 6,
     "referenceDatum": 2
    },
    "_id": "62615146cb27f425094658ba",
    "name": "KAT VOR R3-50 CTA",
    "type": 0,
    "icao": 2,
    "bnd": [
     [
      7.4391667,
      79.8733333
     ],
     [
      8.0075,
      80.5058333
     ]
    ]
   },
   "geometry": {
    "type": "Polygon",
    "coordinates": [
     [
      [
       80.1966667,
       7.5686111
      ],
      [
       80.1858333,
       7.5769444
      ],
      [
       80.1769444,
       7.5827778
      ],
      [
       80.1666667,
       7.5886111
      ],
      [
       80.1561111,
       7.5938889
      ],
      [
       80.1452778,
       7.5983333
      ],
      [
       80.1338889,
       7.6016667
      ],
      [
       80.1225,
       7.6047222
      ],
      [
       80.1111111,
       7.6066667
      ],
      [
       80.0991667,
       7.6077778
      ],
      [
       80.0875,
       7.6080556
      ],
      [
       80.0758333,
       7.6077778
      ],
      [
       80.0641667,
       7.6066667
      ],
      [
       80.0525,
       7.6047222
      ],
      [
       80.0411111,
       7.6016667
      ],
      [
       80.0297222,
       7.5983333
      ],
      [
       80.0188889,
       7.5938889
      ],
      [
       80.0083333,
       7.5886111
      ],
      [
       79.9980556,
       7.5827778
      ],
      [
       79.9883333,
       7.5763889
      ],
      [
       79.9791667,
       7.5691667
      ],
      [
       79.9702778,
       7.5613889
      ],
      [
       79.9619444,
       7.5527778
      ],
      [
       79.9544444,
       7.5438889
      ],
      [
       79.9516667,
       7.54
      ],
      [
       79.8733333,
       7.4391667
      ],
      [
       79.8833333,
       8.0075
      ],
      [
       79.8997222,
       8.0075
      ],
      [
       79.9141667,
       8.0072222
      ],
      [
       79.9286111,
       8.0066667
      ],
      [
       79.9427778,
       8.0058333
      ],
      [
       79.9572222,
       8.0047222
      ],
      [
       79.9716667,
       8.0033333
      ],
      [
       79.9858333,
       8.0019444
      ],
      [
       80.0002778,
       8
      ],
      [
       80.0144444,
       7.9980556
      ],
      [
       80.0427778,
       7.9930556
      ],
      [
       80.0569444,
       7.9902778
      ],
      [
       80.0711111,
       7.9872222
      ],
      [
       80.0852778,
       7.9838889
      ],
      [
       80.0991667,
       7.9805556
      ],
      [
       80.1269444,
       7.9727778
      ],
      [
       80.1405556,
       7.9683333
      ],
      [
       80.1544444,
       7.9638889
      ],
      [
       80.1680556,
       7.9591667
      ],
      [
       80.1813889,
       7.9541667
      ],
      [
       80.195,
       7.9488889
      ],
      [
       80.2083333,
       7.9436111
      ],
      [
       80.2216667,
       7.9377778
      ],
      [
       80.2347222,
       7.9319444
      ],
      [
       80.2477778,
       7.9258333
      ],
      [
       80.2605556,
       7.9194444
      ],
      [
       80.2736111,
       7.9130556
      ],
      [
       80.2861111,
       7.9061111
      ],
      [
       80.2988889,
       7.8991667
      ],
      [
       80.3111111,
       7.8919444
      ],
      [
       80.3236111,
       7.8844444
      ],
      [
       80.3358333,
       7.8766667
      ],
      [
       80.3477778,
       7.8688889
      ],
      [
       80.3597222,
       7.8608333
      ],
      [
       80.3716667,
       7.8525
      ],
      [
       80.3833333,
       7.8441667
      ],
      [
       80.4061111,
       7.8263889
      ],
      [
       80.4283333,
       7.8080556
      ],
      [
       80.4391667,
       7.7986111
      ],
      [
       80.4602778,
       7.7791667
      ],
      [
       80.4705556,
       7.7691667
      ],
      [
       80.4808333,
       7.7588889
      ],
      [
       80.4908333,
       7.7483333
      ],
      [
       80.5005556,
       7.7377778
      ],
      [
       80.5058333,
       7.7319444
      ],
      [
       80.2583333,
       7.5102778
      ],
      [
       80.2561111,
       7.5130556
      ],
      [
       80.2319444,
       7.5380556
      ],
      [
       80.2058333,
       7.5613889
      ],
      [
       80.1966667,
       7.5686111
      ]
     ]
    ]
   }
  },
  {
   "type": "Feature",
   "properties": {
    "ll": {
     "value": 35,
     "unit": 6,
     "referenceDatum": 2
    },
    "ul": {
     "value": 460,
     "unit": 6,
     "referenceDatum": 2
    },
    "_id": "62615146cb27f425094658c7",
    "name": "KAT VOR R50-170 CTA",
    "type": 0,
    "icao": 2,
    "bnd": [
     [
      6.3505556,
      79.9377778
     ],
     [
      7.5686111,
      80.3844444
     ]
    ]
   },
   "geometry": {
    "type": "Polygon",
    "coordinates": [
     [
      [
       79.9377778,
       6.9802778
      ],
      [
       79.9911111,
       7.0475
      ],
      [
       80.0877778,
       7.1694444
      ],
      [
       80.1483333,
       7.2455556
      ],
      [
       80.2172222,
       7.3322222
      ],
      [
       80.2205556,
       7.3363889
      ],
      [
       80.2275,
       7.3458333
      ],
      [
       80.2336111,
       7.3558333
      ],
      [
       80.2391667,
       7.3663889
      ],
      [
       80.2441667,
       7.3769444
      ],
      [
       80.2480556,
       7.3880556
      ],
      [
       80.2513889,
       7.3994444
      ],
      [
       80.2538889,
       7.4108333
      ],
      [
       80.2555556,
       7.4225
      ],
      [
       80.2563889,
       7.4341667
      ],
      [
       80.2563889,
       7.4461111
      ],
      [
       80.2555556,
       7.4577778
      ],
      [
       80.2538889,
       7.4694444
      ],
      [
       80.2513889,
       7.4808333
      ],
      [
       80.2480556,
       7.4922222
      ],
      [
       80.2455556,
       7.4988889
      ],
      [
       80.2441667,
       7.5033333
      ],
      [
       80.2391667,
       7.5138889
      ],
      [
       80.2336111,
       7.5244444
      ],
      [
       80.2275,
       7.5344444
      ],
      [
       80.2205556,
       7.5438889
      ],
      [
       80.2130556,
       7.5527778
      ],
      [
       80.2047222,
       7.5613889
      ],
      [
       80.1966667,
       7.5686111
      ],
      [
       80.2058333,
       7.5613889
      ],
      [
       80.2319444,
       7.5380556
      ],
      [
       80.2561111,
       7.5130556
      ],
      [
       80.2583333,
       7.5102778
      ],
      [
       80.2786111,
       7.4866667
      ],
      [
       80.2988889,
       7.4586111
      ],
      [
       80.3175,
       7.4291667
      ],
      [
       80.3338889,
       7.3983333
      ],
      [
       80.3480556,
       7.3666667
      ],
      [
       80.36,
       7.3338889
      ],
      [
       80.3694444,
       7.3005556
      ],
      [
       80.3769444,
       7.2663889
      ],
      [
       80.3816667,
       7.2322222
      ],
      [
       80.3841667,
       7.1975
      ],
      [
       80.3841667,
       7.1805556
      ],
      [
       80.3844444,
       7.1625
      ],
      [
       80.3841667,
       6.8794444
      ],
      [
       80.3841667,
       6.8186111
      ],
      [
       80.3836111,
       6.8013889
      ],
      [
       80.3819444,
       6.7752778
      ],
      [
       80.3808333,
       6.7666667
      ],
      [
       80.38,
       6.7583333
      ],
      [
       80.3758333,
       6.7325
      ],
      [
       80.3741667,
       6.7241667
      ],
      [
       80.3725,
       6.7155556
      ],
      [
       80.3705556,
       6.7072222
      ],
      [
       80.3683333,
       6.6988889
      ],
      [
       80.3680556,
       6.6975
      ],
      [
       80.3661111,
       6.6905556
      ],
      [
       80.3638889,
       6.6822222
      ],
      [
       80.3611111,
       6.6738889
      ],
      [
       80.3586111,
       6.6655556
      ],
      [
       80.3558333,
       6.6575
      ],
      [
       80.3497222,
       6.6413889
      ],
      [
       80.3430556,
       6.6252778
      ],
      [
       80.3397222,
       6.6175
      ],
      [
       80.3358333,
       6.6094444
      ],
      [
       80.3322222,
       6.6016667
      ],
      [
       80.3283333,
       6.5941667
      ],
      [
       80.3241667,
       6.5863889
      ],
      [
       80.3158333,
       6.5713889
      ],
      [
       80.3113889,
       6.5638889
      ],
      [
       80.2972222,
       6.5422222
      ],
      [
       80.2922222,
       6.535
      ],
      [
       80.2872222,
       6.5280556
      ],
      [
       80.2766667,
       6.5141667
      ],
      [
       80.2655556,
       6.5008333
      ],
      [
       80.26,
       6.4944444
      ],
      [
       80.2483333,
       6.4816667
      ],
      [
       80.2422222,
       6.4752778
      ],
      [
       80.2361111,
       6.4691667
      ],
      [
       80.2236111,
       6.4572222
      ],
      [
       80.2172222,
       6.4513889
      ],
      [
       80.2108333,
       6.4458333
      ],
      [
       80.1975,
       6.4347222
      ],
      [
       80.1905556,
       6.4294444
      ],
      [
       80.1838889,
       6.4241667
      ],
      [
       80.1766667,
       6.4191667
      ],
      [
       80.1697222,
       6.4141667
      ],
      [
       80.1625,
       6.4091667
      ],
      [
       80.1552778,
       6.4044444
      ],
      [
       80.1480556,
       6.4
      ],
      [
       80.1330556,
       6.3911111
      ],
      [
       80.1255556,
       6.3869444
      ],
      [
       80.1238889,
       6.3861111
      ],
      [
       80.1180556,
       6.3827778
      ],
      [
       80.1025,
       6.375
      ],
      [
       80.0947222,
       6.3713889
      ],
      [
       80.0866667,
       6.3677778
      ],
      [
       80.0788889,
       6.3644444
      ],
      [
       80.0708333,
       6.3611111
      ],
      [
       80.0547222,
       6.355
      ],
      [
       80.0413889,
       6.3505556
      ],
      [
       79.9708333,
       6.6811111
      ],
      [
       79.9730556,
       6.6822222
      ],
      [
       79.9827778,
       6.6888889
      ],
      [
       79.9894444,
       6.6938889
      ],
      [
       79.9919444,
       6.6958333
      ],
      [
       80.0005556,
       6.7036111
      ],
      [
       80.0086111,
       6.7119444
      ],
      [
       80.0161111,
       6.7208333
      ],
      [
       80.0227778,
       6.7302778
      ],
      [
       80.0291667,
       6.74
      ],
      [
       80.0344444,
       6.7502778
      ],
      [
       80.0391667,
       6.7608333
      ],
      [
       80.0433333,
       6.7716667
      ],
      [
       80.0463889,
       6.7827778
      ],
      [
       80.0488889,
       6.7941667
      ],
      [
       80.0505556,
       6.8055556
      ],
      [
       80.0513889,
       6.8172222
      ],
      [
       80.0513889,
       6.8288889
      ],
      [
       80.0505556,
       6.8402778
      ],
      [
       80.0488889,
       6.8519444
      ],
      [
       80.0463889,
       6.8633333
      ],
      [
       80.0433333,
       6.8744444
      ],
      [
       80.0391667,
       6.8852778
      ],
      [
       80.0344444,
       6.8958333
      ],
      [
       80.0291667,
       6.9061111
      ],
      [
       80.0227778,
       6.9158333
      ],
      [
       80.0161111,
       6.9252778
      ],
      [
       80.0086111,
       6.9341667
      ],
      [
       80.0005556,
       6.9425
      ],
      [
       79.9919444,
       6.9502778
      ],
      [
       79.9827778,
       6.9572222
      ],
      [
       79.9730556,
       6.9636111
      ],
      [
       79.9630556,
       6.9694444
      ],
      [
       79.9525,
       6.9744444
      ],
      [
       79.9419444,
       6.9788889
      ],
      [
       79.9377778,
       6.9802778
      ]
     ]
    ]
   }
  },
  {
   "type": "Feature",
   "properties": {
    "ll": {
     "value": 75,
     "unit": 6,
     "referenceDatum": 2
    },
    "ul": {
     "value": 460,
     "unit": 6,
     "referenceDatum": 2
    },
    "_id": "62615146cb27f425094658d5",
    "name": "KAT VOR R50-90 CTA",
    "type": 0,
    "icao": 2,
    "bnd": [
     [
      7.1805556,
      80.2583333
     ],
     [
      7.7319444,
      80.7011111
     ]
    ]
   },
   "geometry": {
    "type": "Polygon",
    "coordinates": [
     [
      [
       80.2583333,
       7.5102778
      ],
      [
       80.5058333,
       7.7319444
      ],
      [
       80.7011111,
       7.1922222
      ],
      [
       80.3841667,
       7.1805556
      ],
      [
       80.3841667,
       7.1975
      ],
      [
       80.3816667,
       7.2322222
      ],
      [
       80.3769444,
       7.2663889
      ],
      [
       80.3694444,
       7.3005556
      ],
      [
       80.36,
       7.3338889
      ],
      [
       80.3480556,
       7.3666667
      ],
      [
       80.3338889,
       7.3983333
      ],
      [
       80.3175,
       7.4291667
      ],
      [
       80.2988889,
       7.4586111
      ],
      [
       80.2786111,
       7.4866667
      ],
      [
       80.2583333,
       7.5102778
      ]
     ]
    ]
   }
  },
  {
   "type": "Feature",
   "properties": {
    "ll": {
     "value": 100,
     "unit": 6,
     "referenceDatum": 2
    },
    "ul": {
     "value": 460,
     "unit": 6,
     "referenceDatum": 2
    },
    "_id": "62615146cb27f425094658e6",
    "name": "KAT VOR R90-135 CTA",
    "type": 0,
    "icao": 2,
    "bnd": [
     [
      6.3183333,
      80.3680556
     ],
     [
      7.1991667,
      81.9755556
     ]
    ]
   },
   "geometry": {
    "type": "Polygon",
    "coordinates": [
     [
      [
       80.3680556,
       6.6975
      ],
      [
       80.3683333,
       6.6988889
      ],
      [
       80.3705556,
       6.7072222
      ],
      [
       80.3725,
       6.7155556
      ],
      [
       80.3741667,
       6.7241667
      ],
      [
       80.3758333,
       6.7325
      ],
      [
       80.38,
       6.7583333
      ],
      [
       80.3808333,
       6.7666667
      ],
      [
       80.3819444,
       6.7752778
      ],
      [
       80.3836111,
       6.8013889
      ],
      [
       80.3841667,
       6.8186111
      ],
      [
       80.3841667,
       6.8794444
      ],
      [
       80.3844444,
       7.1625
      ],
      [
       80.3841667,
       7.1805556
      ],
      [
       80.7011111,
       7.1922222
      ],
      [
       80.7169444,
       7.1925
      ],
      [
       80.7827778,
       7.1930556
      ],
      [
       81.3013889,
       7.1991667
      ],
      [
       81.5952778,
       7.0002778
      ],
      [
       81.6327778,
       6.975
      ],
      [
       81.6786111,
       6.9394444
      ],
      [
       81.7219444,
       6.9005556
      ],
      [
       81.7622222,
       6.8591667
      ],
      [
       81.7994444,
       6.8147222
      ],
      [
       81.8336111,
       6.7677778
      ],
      [
       81.8644444,
       6.7186111
      ],
      [
       81.8916667,
       6.6675
      ],
      [
       81.9152778,
       6.6147222
      ],
      [
       81.9352778,
       6.56
      ],
      [
       81.9513889,
       6.5044444
      ],
      [
       81.9633333,
       6.4477778
      ],
      [
       81.9713889,
       6.3902778
      ],
      [
       81.9755556,
       6.3327778
      ],
      [
       81.56,
       6.3183333
      ],
      [
       81.5580556,
       6.3472222
      ],
      [
       81.5538889,
       6.3758333
      ],
      [
       81.5477778,
       6.4041667
      ],
      [
       81.5397222,
       6.4322222
      ],
      [
       81.53,
       6.4594444
      ],
      [
       81.5180556,
       6.4858333
      ],
      [
       81.5044444,
       6.5113889
      ],
      [
       81.4891667,
       6.5361111
      ],
      [
       81.4719444,
       6.5594444
      ],
      [
       81.4533333,
       6.5816667
      ],
      [
       81.4330556,
       6.6025
      ],
      [
       81.4116667,
       6.6216667
      ],
      [
       81.3886111,
       6.6394444
      ],
      [
       81.3644444,
       6.6558333
      ],
      [
       81.3394444,
       6.6702778
      ],
      [
       81.3133333,
       6.6827778
      ],
      [
       81.2863889,
       6.6936111
      ],
      [
       81.2588889,
       6.7025
      ],
      [
       81.2305556,
       6.7094444
      ],
      [
       81.2022222,
       6.7141667
      ],
      [
       81.1733333,
       6.7172222
      ],
      [
       81.1441667,
       6.7180556
      ],
      [
       81.1152778,
       6.7172222
      ],
      [
       81.0863889,
       6.7141667
      ],
      [
       81.0577778,
       6.7094444
      ],
      [
       81.0297222,
       6.7025
      ],
      [
       81.0022222,
       6.6936111
      ],
      [
       80.9752778,
       6.6827778
      ],
      [
       80.9491667,
       6.6702778
      ],
      [
       80.9238889,
       6.6558333
      ],
      [
       80.9,
       6.6394444
      ],
      [
       80.8769444,
       6.6216667
      ],
      [
       80.8555556,
       6.6025
      ],
      [
       80.8352778,
       6.5816667
      ],
      [
       80.8166667,
       6.5594444
      ],
      [
       80.7994444,
       6.5361111
      ],
      [
       80.7841667,
       6.5113889
      ],
      [
       80.7705556,
       6.4858333
      ],
      [
       80.7586111,
       6.4594444
      ],
      [
       80.7488889,
       6.4322222
      ],
      [
       80.7408333,
       6.4041667
      ],
      [
       80.7347222,
       6.3758333
      ],
      [
       80.7322222,
       6.3591667
      ],
      [
       80.6302778,
       6.4538889
      ],
      [
       80.4766667,
       6.5966667
      ],
      [
       80.3977778,
       6.6697222
      ],
      [
       80.3680556,
       6.6975
      ]
     ]
    ]
   }
  },
  {
   "type": "Feature",
   "properties": {
    "ll": {
     "value": 0,
     "unit": 1,
     "referenceDatum": 0
    },
    "ul": {
     "value": 20,
     "unit": 6,
     "referenceDatum": 2
    },
    "_id": "62615146cb27f42509465894",
    "name": "KATUKURUNDA CTR",
    "type": 4,
    "icao": 3,
    "bnd": [
     [
      6.4692278,
      79.8878756
     ],
     [
      6.6357771,
      80.055426
     ]
    ]
   },
   "geometry": {
    "type": "Polygon",
    "coordinates": [
     [
      [
       79.9716667,
       6.6357771
      ],
      [
       79.9791561,
       6.6354441
      ],
      [
       79.9865855,
       6.6344478
      ],
      [
       79.9938956,
       6.6327961
      ],
      [
       80.0010279,
       6.6305022
      ],
      [
       80.0079253,
       6.6275846
      ],
      [
       80.0145327,
       6.6240665
      ],
      [
       80.0207971,
       6.6199761
      ],
      [
       80.0266686,
       6.6153461
      ],
      [
       80.0321,
       6.6102136
      ],
      [
       80.0370481,
       6.6046195
      ],
      [
       80.0414733,
       6.5986087
      ],
      [
       80.0453401,
       6.5922292
      ],
      [
       80.0486176,
       6.5855321
      ],
      [
       80.0512798,
       6.5785708
      ],
      [
       80.0533052,
       6.5714012
      ],
      [
       80.0546778,
       6.5640804
      ],
      [
       80.0553867,
       6.5566671
      ],
      [
       80.055426,
       6.5492205
      ],
      [
       80.0547957,
       6.5418003
      ],
      [
       80.0535006,
       6.5344656
      ],
      [
       80.0515513,
       6.5272752
      ],
      [
       80.0489634,
       6.5202865
      ],
      [
       80.0457575,
       6.5135554
      ],
      [
       80.0419593,
       6.5071357
      ],
      [
       80.0375992,
       6.5010788
      ],
      [
       80.0327121,
       6.4954331
      ],
      [
       80.027337,
       6.4902436
      ],
      [
       80.0215169,
       6.4855519
      ],
      [
       80.0152984,
       6.4813954
      ],
      [
       80.0087312,
       6.4778074
      ],
      [
       80.0018677,
       6.4748166
      ],
      [
       79.9947629,
       6.4724469
      ],
      [
       79.9874735,
       6.4707172
      ],
      [
       79.9800577,
       6.4696413
      ],
      [
       79.9725749,
       6.4692278
      ],
      [
       79.9650848,
       6.4694801
      ],
      [
       79.9576473,
       6.4703961
      ],
      [
       79.9503219,
       6.4719684
      ],
      [
       79.943167,
       6.4741847
      ],
      [
       79.93624,
       6.477027
      ],
      [
       79.929596,
       6.4804727
      ],
      [
       79.9232884,
       6.4844943
      ],
      [
       79.9173674,
       6.4890596
      ],
      [
       79.9118804,
       6.4941322
      ],
      [
       79.9068713,
       6.4996714
      ],
      [
       79.9023801,
       6.505633
      ],
      [
       79.8984428,
       6.5119694
      ],
      [
       79.8950909,
       6.5186299
      ],
      [
       79.8923511,
       6.5255612
      ],
      [
       79.8902454,
       6.532708
      ],
      [
       79.8887907,
       6.540013
      ],
      [
       79.8879987,
       6.547418
      ],
      [
       79.8878756,
       6.5548637
      ],
      [
       79.8884225,
       6.5622905
      ],
      [
       79.8896351,
       6.5696391
      ],
      [
       79.8915037,
       6.5768506
      ],
      [
       79.8940133,
       6.5838676
      ],
      [
       79.897144,
       6.5906337
      ],
      [
       79.9008707,
       6.5970949
      ],
      [
       79.9051636,
       6.6031996
      ],
      [
       79.9099885,
       6.6088989
      ],
      [
       79.9153067,
       6.6141472
      ],
      [
       79.9210757,
       6.6189025
      ],
      [
       79.9272494,
       6.6231268
      ],
      [
       79.9337784,
       6.6267863
      ],
      [
       79.9406105,
       6.6298518
      ],
      [
       79.9476911,
       6.6322986
      ],
      [
       79.9549634,
       6.6341073
      ],
      [
       79.9623694,
       6.6352634
      ],
      [
       79.9698498,
       6.6357575
      ],
      [
       79.9716667,
       6.6357771
      ]
     ]
    ]
   }
  },
  {
   "type": "Feature",
   "properties": {
    "ll": {
     "value": 0,
     "unit": 1,
     "referenceDatum": 0
    },
    "ul": {
     "value": 40,
     "unit": 6,
     "referenceDatum": 2
    },
    "_id": "62615146cb27f425094658f4",
    "name": "KOGGALA CTR",
    "type": 4,
    "icao": 3,
    "bnd": [
     [
      5.9603149,
      80.2851505
     ],
     [
      6.0269219,
      80.3521014
     ]
    ]
   },
   "geometry": {
    "type": "Polygon",
    "coordinates": [
     [
      [
       80.3186111,
       6.0269219
      ],
      [
       80.3233334,
       6.0265892
      ],
      [
       80.3279613,
       6.0255977
      ],
      [
       80.3324024,
       6.0239673
      ],
      [
       80.3365679,
       6.0217304
      ],
      [
       80.3403748,
       6.0189319
      ],
      [
       80.3437468,
       6.0156275
      ],
      [
       80.3466167,
       6.0118834
      ],
      [
       80.3489271,
       6.0077742
      ],
      [
       80.350632,
       6.0033822
      ],
      [
       80.3516971,
       5.998795
      ],
      [
       80.3521014,
       5.9941043
      ],
      [
       80.3518367,
       5.9894038
      ],
      [
       80.3509083,
       5.9847873
      ],
      [
       80.3493348,
       5.9803471
      ],
      [
       80.3471477,
       5.9761718
      ],
      [
       80.3443906,
       5.9723449
      ],
      [
       80.3411186,
       5.9689428
      ],
      [
       80.337397,
       5.9660334
      ],
      [
       80.3333003,
       5.9636749
      ],
      [
       80.3289103,
       5.9619143
      ],
      [
       80.3243145,
       5.9607868
      ],
      [
       80.3196048,
       5.9603149
      ],
      [
       80.3148753,
       5.9605081
      ],
      [
       80.3102204,
       5.9613625
      ],
      [
       80.305733,
       5.9628611
      ],
      [
       80.3015029,
       5.9649738
      ],
      [
       80.2976145,
       5.9676585
      ],
      [
       80.2941453,
       5.9708616
      ],
      [
       80.2911649,
       5.9745191
      ],
      [
       80.2887326,
       5.978558
      ],
      [
       80.2868971,
       5.9828976
      ],
      [
       80.285695,
       5.9874512
      ],
      [
       80.2851505,
       5.9921279
      ],
      [
       80.2852742,
       5.9968342
      ],
      [
       80.2860639,
       6.0014761
      ],
      [
       80.2875038,
       6.005961
      ],
      [
       80.2895651,
       6.0101992
      ],
      [
       80.2922066,
       6.014106
      ],
      [
       80.2953756,
       6.0176035
      ],
      [
       80.2990088,
       6.0206217
      ],
      [
       80.3030336,
       6.0231003
      ],
      [
       80.3073696,
       6.0249899
      ],
      [
       80.3119303,
       6.0262526
      ],
      [
       80.3166243,
       6.0268633
      ],
      [
       80.3186111,
       6.0269219
      ]
     ]
    ]
   }
  },
  {
   "type": "Feature",
   "properties": {
    "ll": {
     "value": 0,
     "unit": 1,
     "referenceDatum": 0
    },
    "ul": {
     "value": 40,
     "unit": 6,
     "referenceDatum": 2
    },
    "_id": "62615146cb27f42509465900",
    "name": "MATTALA CTR",
    "type": 4,
    "icao": 3,
    "bnd": [
     [
      6.0888889,
      80.9577778
     ],
     [
      6.4502778,
      81.4016667
     ]
    ]
   },
   "geometry": {
    "type": "Polygon",
    "coordinates": [
     [
      [
       81.0833333,
       6.1238889
      ],
      [
       81.0783333,
       6.125
      ],
      [
       81.0672222,
       6.1286111
      ],
      [
       81.0563889,
       6.1327778
      ],
      [
       81.0461111,
       6.1377778
      ],
      [
       81.0361111,
       6.1436111
      ],
      [
       81.0263889,
       6.1502778
      ],
      [
       81.0172222,
       6.1572222
      ],
      [
       81.0086111,
       6.165
      ],
      [
       81.0005556,
       6.1733333
      ],
      [
       80.9930556,
       6.1822222
      ],
      [
       80.9861111,
       6.1916667
      ],
      [
       80.98,
       6.2013889
      ],
      [
       80.9747222,
       6.2116667
      ],
      [
       80.97,
       6.2222222
      ],
      [
       80.9658333,
       6.2330556
      ],
      [
       80.9627778,
       6.2441667
      ],
      [
       80.9602778,
       6.2555556
      ],
      [
       80.9586111,
       6.2672222
      ],
      [
       80.9577778,
       6.2786111
      ],
      [
       80.9577778,
       6.2902778
      ],
      [
       80.9583333,
       6.2975
      ],
      [
       80.9586111,
       6.3019444
      ],
      [
       80.9602778,
       6.3133333
      ],
      [
       80.9627778,
       6.3247222
      ],
      [
       80.9658333,
       6.3358333
      ],
      [
       80.97,
       6.3466667
      ],
      [
       80.9747222,
       6.3572222
      ],
      [
       80.98,
       6.3675
      ],
      [
       80.9861111,
       6.3772222
      ],
      [
       80.9930556,
       6.3866667
      ],
      [
       81.0005556,
       6.3955556
      ],
      [
       81.0086111,
       6.4038889
      ],
      [
       81.0172222,
       6.4116667
      ],
      [
       81.0188889,
       6.4130556
      ],
      [
       81.0263889,
       6.4188889
      ],
      [
       81.0361111,
       6.4252778
      ],
      [
       81.0461111,
       6.4311111
      ],
      [
       81.0563889,
       6.4361111
      ],
      [
       81.0672222,
       6.4402778
      ],
      [
       81.0783333,
       6.4438889
      ],
      [
       81.0894444,
       6.4466667
      ],
      [
       81.1011111,
       6.4486111
      ],
      [
       81.1125,
       6.4497222
      ],
      [
       81.1241667,
       6.4502778
      ],
      [
       81.1358333,
       6.4497222
      ],
      [
       81.1472222,
       6.4486111
      ],
      [
       81.1586111,
       6.4466667
      ],
      [
       81.17,
       6.4438889
      ],
      [
       81.1719444,
       6.4433333
      ],
      [
       81.2761111,
       6.4152778
      ],
      [
       81.2811111,
       6.4141667
      ],
      [
       81.2922222,
       6.4105556
      ],
      [
       81.3030556,
       6.4063889
      ],
      [
       81.3133333,
       6.4011111
      ],
      [
       81.3233333,
       6.3955556
      ],
      [
       81.3330556,
       6.3888889
      ],
      [
       81.3422222,
       6.3819444
      ],
      [
       81.3508333,
       6.3741667
      ],
      [
       81.3588889,
       6.3658333
      ],
      [
       81.3663889,
       6.3569444
      ],
      [
       81.3733333,
       6.3475
      ],
      [
       81.3794444,
       6.3377778
      ],
      [
       81.3847222,
       6.3275
      ],
      [
       81.3894444,
       6.3169444
      ],
      [
       81.3911111,
       6.3125
      ],
      [
       81.3936111,
       6.3061111
      ],
      [
       81.3966667,
       6.2947222
      ],
      [
       81.3991667,
       6.2836111
      ],
      [
       81.4008333,
       6.2719444
      ],
      [
       81.4016667,
       6.2605556
      ],
      [
       81.4016667,
       6.2488889
      ],
      [
       81.4008333,
       6.2372222
      ],
      [
       81.3991667,
       6.2258333
      ],
      [
       81.3966667,
       6.2144444
      ],
      [
       81.3936111,
       6.2033333
      ],
      [
       81.3894444,
       6.1925
      ],
      [
       81.3847222,
       6.1819444
      ],
      [
       81.3794444,
       6.1716667
      ],
      [
       81.3733333,
       6.1616667
      ],
      [
       81.3663889,
       6.1525
      ],
      [
       81.3588889,
       6.1436111
      ],
      [
       81.3508333,
       6.1352778
      ],
      [
       81.3422222,
       6.1275
      ],
      [
       81.3330556,
       6.1202778
      ],
      [
       81.3233333,
       6.1138889
      ],
      [
       81.3133333,
       6.1080556
      ],
      [
       81.3030556,
       6.1030556
      ],
      [
       81.2922222,
       6.0986111
      ],
      [
       81.2811111,
       6.0952778
      ],
      [
       81.27,
       6.0925
      ],
      [
       81.2583333,
       6.0905556
      ],
      [
       81.2469444,
       6.0891667
      ],
      [
       81.2352778,
       6.0888889
      ],
      [
       81.2236111,
       6.0891667
      ],
      [
       81.2122222,
       6.0905556
      ],
      [
       81.2008333,
       6.0925
      ],
      [
       81.1894444,
       6.0952778
      ],
      [
       81.1875,
       6.0958333
      ],
      [
       81.1511111,
       6.1055556
      ],
      [
       81.0833333,
       6.1238889
      ]
     ]
    ]
   }
  },
  {
   "type": "Feature",
   "properties": {
    "ll": {
     "value": 0,
     "unit": 1,
     "referenceDatum": 0
    },
    "ul": {
     "value": 40,
     "unit": 6,
     "referenceDatum": 2
    },
    "_id": "62615147cb27f4250946590d",
    "name": "MINNERIYA CTR",
    "type": 4,
    "icao": 3,
    "bnd": [
     [
      7.8834819,
      80.7985348
     ],
     [
      8.2165542,
      81.1348685
     ]
    ]
   },
   "geometry": {
    "type": "Polygon",
    "coordinates": [
     [
      [
       80.9666667,
       8.2165542
      ],
      [
       80.9773031,
       8.216221
      ],
      [
       80.9878969,
       8.2152228
      ],
      [
       80.9984056,
       8.2135637
      ],
      [
       81.0087874,
       8.2112502
      ],
      [
       81.0190004,
       8.2082916
      ],
      [
       81.029004,
       8.2046998
      ],
      [
       81.0387579,
       8.2004891
      ],
      [
       81.0482233,
       8.1956764
      ],
      [
       81.0573621,
       8.1902809
      ],
      [
       81.0661379,
       8.1843244
      ],
      [
       81.0745155,
       8.1778305
      ],
      [
       81.0824614,
       8.1708253
      ],
      [
       81.0899438,
       8.1633369
      ],
      [
       81.0969328,
       8.1553952
      ],
      [
       81.1034005,
       8.147032
      ],
      [
       81.1093209,
       8.1382807
      ],
      [
       81.1146706,
       8.1291765
      ],
      [
       81.119428,
       8.1197556
      ],
      [
       81.1235742,
       8.1100559
      ],
      [
       81.1270926,
       8.1001161
      ],
      [
       81.1299693,
       8.089976
      ],
      [
       81.1321928,
       8.0796761
      ],
      [
       81.1337541,
       8.0692577
      ],
      [
       81.1346472,
       8.0587624
      ],
      [
       81.1348685,
       8.0482322
      ],
      [
       81.1344172,
       8.0377092
      ],
      [
       81.1332951,
       8.0272355
      ],
      [
       81.1315067,
       8.016853
      ],
      [
       81.1290594,
       8.0066031
      ],
      [
       81.1259628,
       7.9965269
      ],
      [
       81.1222295,
       7.9866646
      ],
      [
       81.1178743,
       7.9770557
      ],
      [
       81.1129148,
       7.9677385
      ],
      [
       81.1073709,
       7.9587503
      ],
      [
       81.1012646,
       7.9501271
      ],
      [
       81.0946204,
       7.9419032
      ],
      [
       81.087465,
       7.9341116
      ],
      [
       81.079827,
       7.9267833
      ],
      [
       81.0717368,
       7.9199477
      ],
      [
       81.0632268,
       7.9136321
      ],
      [
       81.0543311,
       7.9078616
      ],
      [
       81.0450851,
       7.9026594
      ],
      [
       81.0355259,
       7.8980462
      ],
      [
       81.0256917,
       7.8940405
      ],
      [
       81.0156216,
       7.8906583
      ],
      [
       81.0053561,
       7.887913
      ],
      [
       80.994936,
       7.8858157
      ],
      [
       80.9844029,
       7.8843747
      ],
      [
       80.9737991,
       7.8835957
      ],
      [
       80.9631667,
       7.8834819
      ],
      [
       80.9525484,
       7.8840338
      ],
      [
       80.9419864,
       7.8852491
      ],
      [
       80.931523,
       7.8871229
      ],
      [
       80.9211999,
       7.8896479
      ],
      [
       80.9110585,
       7.8928138
      ],
      [
       80.9011392,
       7.8966081
      ],
      [
       80.8914817,
       7.9010157
      ],
      [
       80.8821245,
       7.9060188
      ],
      [
       80.873105,
       7.9115975
      ],
      [
       80.8644593,
       7.9177296
      ],
      [
       80.8562219,
       7.9243905
      ],
      [
       80.8484258,
       7.9315536
      ],
      [
       80.8411021,
       7.9391902
      ],
      [
       80.8342801,
       7.94727
      ],
      [
       80.8279872,
       7.9557606
      ],
      [
       80.8222484,
       7.964628
      ],
      [
       80.8170868,
       7.9738369
      ],
      [
       80.8125231,
       7.9833504
      ],
      [
       80.8085755,
       7.9931305
      ],
      [
       80.8052597,
       8.0031381
      ],
      [
       80.8025893,
       8.0133332
      ],
      [
       80.8005748,
       8.023675
      ],
      [
       80.7992244,
       8.0341223
      ],
      [
       80.7985435,
       8.0446332
      ],
      [
       80.7985348,
       8.0551656
      ],
      [
       80.7991986,
       8.0656776
      ],
      [
       80.8005322,
       8.076127
      ],
      [
       80.8025302,
       8.086472
      ],
      [
       80.8051848,
       8.0966713
      ],
      [
       80.8084854,
       8.1066841
      ],
      [
       80.8124188,
       8.1164703
      ],
      [
       80.8169693,
       8.1259907
      ],
      [
       80.8221189,
       8.1352073
      ],
      [
       80.8278468,
       8.1440832
      ],
      [
       80.8341303,
       8.1525829
      ],
      [
       80.8409442,
       8.1606723
      ],
      [
       80.8482612,
       8.1683191
      ],
      [
       80.8560522,
       8.1754927
      ],
      [
       80.864286,
       8.1821643
      ],
      [
       80.8729295,
       8.1883073
      ],
      [
       80.8819483,
       8.193897
      ],
      [
       80.8913063,
       8.1989112
      ],
      [
       80.900966,
       8.2033296
      ],
      [
       80.9108887,
       8.2071347
      ],
      [
       80.9210347,
       8.2103111
      ],
      [
       80.9313634,
       8.2128463
      ],
      [
       80.9418335,
       8.2147299
      ],
      [
       80.952403,
       8.2159545
      ],
      [
       80.9630296,
       8.2165152
      ],
      [
       80.9666667,
       8.2165542
      ]
     ]
    ]
   }
  },
  {
   "type": "Feature",
   "properties": {
    "ll": {
     "value": 50,
     "unit": 6,
     "referenceDatum": 2
    },
    "ul": {
     "value": 460,
     "unit": 6,
     "referenceDatum": 2
    },
    "_id": "62615147cb27f42509465919",
    "name": "MTL VOR R180-270 CTA",
    "type": 0,
    "icao": 2,
    "bnd": [
     [
      5.8894444,
      80.7286111
     ],
     [
      6.2980556,
      81.1588889
     ]
    ]
   },
   "geometry": {
    "type": "Polygon",
    "coordinates": [
     [
      [
       80.7286111,
       6.2894444
      ],
      [
       80.8047222,
       6.2922222
      ],
      [
       80.9780556,
       6.2980556
      ],
      [
       80.9788889,
       6.2866667
      ],
      [
       80.9805556,
       6.275
      ],
      [
       80.9827778,
       6.2636111
      ],
      [
       80.9861111,
       6.2525
      ],
      [
       80.99,
       6.2416667
      ],
      [
       80.9947222,
       6.2311111
      ],
      [
       81.0002778,
       6.2208333
      ],
      [
       81.0033333,
       6.2161111
      ],
      [
       81.0063889,
       6.2111111
      ],
      [
       81.0133333,
       6.2016667
      ],
      [
       81.0208333,
       6.1927778
      ],
      [
       81.0288889,
       6.1844444
      ],
      [
       81.0375,
       6.1766667
      ],
      [
       81.0466667,
       6.1697222
      ],
      [
       81.0561111,
       6.1630556
      ],
      [
       81.0661111,
       6.1575
      ],
      [
       81.0766667,
       6.1522222
      ],
      [
       81.0875,
       6.1480556
      ],
      [
       81.0986111,
       6.1444444
      ],
      [
       81.1097222,
       6.1416667
      ],
      [
       81.1211111,
       6.1397222
      ],
      [
       81.1327778,
       6.1386111
      ],
      [
       81.1441667,
       6.1380556
      ],
      [
       81.15,
       6.1383333
      ],
      [
       81.1588889,
       5.89
      ],
      [
       81.1441667,
       5.8894444
      ],
      [
       81.1152778,
       5.8902778
      ],
      [
       81.0863889,
       5.8933333
      ],
      [
       81.0577778,
       5.8983333
      ],
      [
       81.0297222,
       5.9052778
      ],
      [
       81.0022222,
       5.9141667
      ],
      [
       80.9752778,
       5.9247222
      ],
      [
       80.9491667,
       5.9375
      ],
      [
       80.9238889,
       5.9519444
      ],
      [
       80.9,
       5.9680556
      ],
      [
       80.8769444,
       5.9858333
      ],
      [
       80.8555556,
       6.0052778
      ],
      [
       80.8352778,
       6.0261111
      ],
      [
       80.8166667,
       6.0483333
      ],
      [
       80.7994444,
       6.0716667
      ],
      [
       80.7916667,
       6.0841667
      ],
      [
       80.7841667,
       6.0961111
      ],
      [
       80.7705556,
       6.1216667
      ],
      [
       80.7586111,
       6.1483333
      ],
      [
       80.7488889,
       6.1755556
      ],
      [
       80.7408333,
       6.2033333
      ],
      [
       80.7347222,
       6.2316667
      ],
      [
       80.7305556,
       6.2602778
      ],
      [
       80.7286111,
       6.2894444
      ]
     ]
    ]
   }
  },
  {
   "type": "Feature",
   "properties": {
    "ll": {
     "value": 89,
     "unit": 6,
     "referenceDatum": 2
    },
    "ul": {
     "value": 460,
     "unit": 6,
     "referenceDatum": 2
    },
    "_id": "62615147cb27f42509465928",
    "name": "MTL VOR R270-90 CTA",
    "type": 0,
    "icao": 2,
    "bnd": [
     [
      6.2894444,
      80.7286111
     ],
     [
      6.7180556,
      81.56
     ]
    ]
   },
   "geometry": {
    "type": "Polygon",
    "coordinates": [
     [
      [
       80.7286111,
       6.2894444
      ],
      [
       80.7286111,
       6.3183333
      ],
      [
       80.7305556,
       6.3472222
      ],
      [
       80.7322222,
       6.3591667
      ],
      [
       80.7347222,
       6.3758333
      ],
      [
       80.7408333,
       6.4041667
      ],
      [
       80.7488889,
       6.4322222
      ],
      [
       80.7586111,
       6.4594444
      ],
      [
       80.7705556,
       6.4858333
      ],
      [
       80.7841667,
       6.5113889
      ],
      [
       80.7994444,
       6.5361111
      ],
      [
       80.8166667,
       6.5594444
      ],
      [
       80.8352778,
       6.5816667
      ],
      [
       80.8555556,
       6.6025
      ],
      [
       80.8769444,
       6.6216667
      ],
      [
       80.9,
       6.6394444
      ],
      [
       80.9238889,
       6.6558333
      ],
      [
       80.9491667,
       6.6702778
      ],
      [
       80.9752778,
       6.6827778
      ],
      [
       81.0022222,
       6.6936111
      ],
      [
       81.0297222,
       6.7025
      ],
      [
       81.0577778,
       6.7094444
      ],
      [
       81.0863889,
       6.7141667
      ],
      [
       81.1152778,
       6.7172222
      ],
      [
       81.1441667,
       6.7180556
      ],
      [
       81.1733333,
       6.7172222
      ],
      [
       81.2022222,
       6.7141667
      ],
      [
       81.2305556,
       6.7094444
      ],
      [
       81.2588889,
       6.7025
      ],
      [
       81.2863889,
       6.6936111
      ],
      [
       81.3133333,
       6.6827778
      ],
      [
       81.3394444,
       6.6702778
      ],
      [
       81.3644444,
       6.6558333
      ],
      [
       81.3886111,
       6.6394444
      ],
      [
       81.4116667,
       6.6216667
      ],
      [
       81.4330556,
       6.6025
      ],
      [
       81.4533333,
       6.5816667
      ],
      [
       81.4719444,
       6.5594444
      ],
      [
       81.4891667,
       6.5361111
      ],
      [
       81.5044444,
       6.5113889
      ],
      [
       81.5180556,
       6.4858333
      ],
      [
       81.53,
       6.4594444
      ],
      [
       81.5397222,
       6.4322222
      ],
      [
       81.5477778,
       6.4041667
      ],
      [
       81.5538889,
       6.3758333
      ],
      [
       81.5580556,
       6.3472222
      ],
      [
       81.56,
       6.3183333
      ],
      [
       81.3105556,
       6.3097222
      ],
      [
       81.3097222,
       6.3213889
      ],
      [
       81.3080556,
       6.3327778
      ],
      [
       81.3058333,
       6.3441667
      ],
      [
       81.3025,
       6.3552778
      ],
      [
       81.2986111,
       6.3661111
      ],
      [
       81.2938889,
       6.3766667
      ],
      [
       81.2883333,
       6.3869444
      ],
      [
       81.2822222,
       6.3966667
      ],
      [
       81.2752778,
       6.4061111
      ],
      [
       81.2677778,
       6.415
      ],
      [
       81.2597222,
       6.4233333
      ],
      [
       81.2511111,
       6.4311111
      ],
      [
       81.2419444,
       6.4383333
      ],
      [
       81.2325,
       6.4447222
      ],
      [
       81.2222222,
       6.4505556
      ],
      [
       81.2119444,
       6.4555556
      ],
      [
       81.2011111,
       6.4597222
      ],
      [
       81.19,
       6.4633333
      ],
      [
       81.1788889,
       6.4661111
      ],
      [
       81.1675,
       6.4680556
      ],
      [
       81.1558333,
       6.4691667
      ],
      [
       81.1441667,
       6.4697222
      ],
      [
       81.1327778,
       6.4691667
      ],
      [
       81.1211111,
       6.4680556
      ],
      [
       81.1097222,
       6.4661111
      ],
      [
       81.0986111,
       6.4633333
      ],
      [
       81.0875,
       6.4597222
      ],
      [
       81.0766667,
       6.4555556
      ],
      [
       81.0661111,
       6.4505556
      ],
      [
       81.0561111,
       6.4447222
      ],
      [
       81.0466667,
       6.4383333
      ],
      [
       81.0375,
       6.4311111
      ],
      [
       81.0288889,
       6.4233333
      ],
      [
       81.0208333,
       6.415
      ],
      [
       81.0133333,
       6.4061111
      ],
      [
       81.0063889,
       6.3966667
      ],
      [
       81.0002778,
       6.3869444
      ],
      [
       80.9947222,
       6.3766667
      ],
      [
       80.99,
       6.3661111
      ],
      [
       80.9861111,
       6.3552778
      ],
      [
       80.9827778,
       6.3441667
      ],
      [
       80.9805556,
       6.3327778
      ],
      [
       80.9788889,
       6.3213889
      ],
      [
       80.9780556,
       6.3097222
      ],
      [
       80.9780556,
       6.2980556
      ],
      [
       80.8047222,
       6.2922222
      ],
      [
       80.7286111,
       6.2894444
      ]
     ]
    ]
   }
  },
  {
   "type": "Feature",
   "properties": {
    "ll": {
     "value": 30,
     "unit": 6,
     "referenceDatum": 2
    },
    "ul": {
     "value": 460,
     "unit": 6,
     "referenceDatum": 2
    },
    "_id": "62615147cb27f42509465934",
    "name": "MTL VOR R90-240 CTA",
    "type": 0,
    "icao": 2,
    "bnd": [
     [
      5.475,
      80.2777778
     ],
     [
      6.4697222,
      81.9755556
     ]
    ]
   },
   "geometry": {
    "type": "Polygon",
    "coordinates": [
     [
      [
       80.2777778,
       5.7641667
      ],
      [
       80.4386111,
       5.8644444
      ],
      [
       80.7916667,
       6.0841667
      ],
      [
       80.7994444,
       6.0716667
      ],
      [
       80.8166667,
       6.0483333
      ],
      [
       80.8352778,
       6.0261111
      ],
      [
       80.8555556,
       6.0052778
      ],
      [
       80.8769444,
       5.9858333
      ],
      [
       80.9,
       5.9680556
      ],
      [
       80.9238889,
       5.9519444
      ],
      [
       80.9491667,
       5.9375
      ],
      [
       80.9752778,
       5.9247222
      ],
      [
       81.0022222,
       5.9141667
      ],
      [
       81.0297222,
       5.9052778
      ],
      [
       81.0577778,
       5.8983333
      ],
      [
       81.0863889,
       5.8933333
      ],
      [
       81.1152778,
       5.8902778
      ],
      [
       81.1441667,
       5.8894444
      ],
      [
       81.1588889,
       5.89
      ],
      [
       81.15,
       6.1383333
      ],
      [
       81.1441667,
       6.1380556
      ],
      [
       81.1327778,
       6.1386111
      ],
      [
       81.1211111,
       6.1397222
      ],
      [
       81.1097222,
       6.1416667
      ],
      [
       81.0986111,
       6.1444444
      ],
      [
       81.0875,
       6.1480556
      ],
      [
       81.0766667,
       6.1522222
      ],
      [
       81.0661111,
       6.1575
      ],
      [
       81.0561111,
       6.1630556
      ],
      [
       81.0466667,
       6.1697222
      ],
      [
       81.0375,
       6.1766667
      ],
      [
       81.0288889,
       6.1844444
      ],
      [
       81.0208333,
       6.1927778
      ],
      [
       81.0133333,
       6.2016667
      ],
      [
       81.0063889,
       6.2111111
      ],
      [
       81.0033333,
       6.2161111
      ],
      [
       81.0002778,
       6.2208333
      ],
      [
       80.9947222,
       6.2311111
      ],
      [
       80.99,
       6.2416667
      ],
      [
       80.9861111,
       6.2525
      ],
      [
       80.9827778,
       6.2636111
      ],
      [
       80.9805556,
       6.275
      ],
      [
       80.9788889,
       6.2866667
      ],
      [
       80.9780556,
       6.2980556
      ],
      [
       80.9780556,
       6.3097222
      ],
      [
       80.9788889,
       6.3213889
      ],
      [
       80.9805556,
       6.3327778
      ],
      [
       80.9827778,
       6.3441667
      ],
      [
       80.9861111,
       6.3552778
      ],
      [
       80.99,
       6.3661111
      ],
      [
       80.9947222,
       6.3766667
      ],
      [
       81.0002778,
       6.3869444
      ],
      [
       81.0063889,
       6.3966667
      ],
      [
       81.0133333,
       6.4061111
      ],
      [
       81.0208333,
       6.415
      ],
      [
       81.0288889,
       6.4233333
      ],
      [
       81.0375,
       6.4311111
      ],
      [
       81.0466667,
       6.4383333
      ],
      [
       81.0561111,
       6.4447222
      ],
      [
       81.0661111,
       6.4505556
      ],
      [
       81.0766667,
       6.4555556
      ],
      [
       81.0875,
       6.4597222
      ],
      [
       81.0986111,
       6.4633333
      ],
      [
       81.1097222,
       6.4661111
      ],
      [
       81.1211111,
       6.4680556
      ],
      [
       81.1327778,
       6.4691667
      ],
      [
       81.1441667,
       6.4697222
      ],
      [
       81.1558333,
       6.4691667
      ],
      [
       81.1675,
       6.4680556
      ],
      [
       81.1788889,
       6.4661111
      ],
      [
       81.19,
       6.4633333
      ],
      [
       81.2011111,
       6.4597222
      ],
      [
       81.2119444,
       6.4555556
      ],
      [
       81.2222222,
       6.4505556
      ],
      [
       81.2325,
       6.4447222
      ],
      [
       81.2419444,
       6.4383333
      ],
      [
       81.2511111,
       6.4311111
      ],
      [
       81.2597222,
       6.4233333
      ],
      [
       81.2677778,
       6.415
      ],
      [
       81.2752778,
       6.4061111
      ],
      [
       81.2822222,
       6.3966667
      ],
      [
       81.2883333,
       6.3869444
      ],
      [
       81.2938889,
       6.3766667
      ],
      [
       81.2986111,
       6.3661111
      ],
      [
       81.3025,
       6.3552778
      ],
      [
       81.3058333,
       6.3441667
      ],
      [
       81.3080556,
       6.3327778
      ],
      [
       81.3097222,
       6.3213889
      ],
      [
       81.3105556,
       6.3097222
      ],
      [
       81.56,
       6.3183333
      ],
      [
       81.9755556,
       6.3327778
      ],
      [
       81.9755556,
       6.2744444
      ],
      [
       81.9713889,
       6.2166667
      ],
      [
       81.9633333,
       6.1591667
      ],
      [
       81.9513889,
       6.1025
      ],
      [
       81.9352778,
       6.0466667
      ],
      [
       81.9152778,
       5.9922222
      ],
      [
       81.8916667,
       5.9394444
      ],
      [
       81.8644444,
       5.8883333
      ],
      [
       81.8336111,
       5.8391667
      ],
      [
       81.7994444,
       5.7922222
      ],
      [
       81.7622222,
       5.7477778
      ],
      [
       81.7219444,
       5.7063889
      ],
      [
       81.6786111,
       5.6675
      ],
      [
       81.6327778,
       5.6319444
      ],
      [
       81.5847222,
       5.5997222
      ],
      [
       81.5344444,
       5.5708333
      ],
      [
       81.4822222,
       5.5455556
      ],
      [
       81.4283333,
       5.5238889
      ],
      [
       81.3733333,
       5.5061111
      ],
      [
       81.3169444,
       5.4925
      ],
      [
       81.2597222,
       5.4825
      ],
      [
       81.2022222,
       5.4766667
      ],
      [
       81.1441667,
       5.475
      ],
      [
       81.0861111,
       5.4766667
      ],
      [
       81.0286111,
       5.4825
      ],
      [
       80.9713889,
       5.4925
      ],
      [
       80.915,
       5.5061111
      ],
      [
       80.86,
       5.5238889
      ],
      [
       80.8061111,
       5.5455556
      ],
      [
       80.7961111,
       5.5502778
      ],
      [
       80.2777778,
       5.7641667
      ]
     ]
    ]
   }
  },
  {
   "type": "Feature",
   "properties": {
    "ll": {
     "value": 0,
     "unit": 1,
     "referenceDatum": 0
    },
    "ul": {
     "value": 40,
     "unit": 6,
     "referenceDatum": 2
    },
    "_id": "62615147cb27f42509465941",
    "name": "RATMALANA CTR",
    "type": 4,
    "icao": 3,
    "bnd": [
     [
      6.6565375,
      79.7173378
     ],
     [
      6.9896097,
      80.0527324
     ]
    ]
   },
   "geometry": {
    "type": "Polygon",
    "coordinates": [
     [
      [
       79.885,
       6.9896097
      ],
      [
       79.895606,
       6.9892766
      ],
      [
       79.9061696,
       6.9882785
      ],
      [
       79.9166484,
       6.9866194
      ],
      [
       79.9270005,
       6.9843061
      ],
      [
       79.9371845,
       6.9813477
      ],
      [
       79.9471596,
       6.977756
      ],
      [
       79.9568859,
       6.9735456
      ],
      [
       79.9663245,
       6.9687332
      ],
      [
       79.9754375,
       6.963338
      ],
      [
       79.9841885,
       6.9573818
      ],
      [
       79.9925425,
       6.9508882
      ],
      [
       80.0004662,
       6.9438834
      ],
      [
       80.0079277,
       6.9363953
      ],
      [
       80.0148973,
       6.9284539
      ],
      [
       80.0213471,
       6.920091
      ],
      [
       80.0272513,
       6.9113401
      ],
      [
       80.0325863,
       6.9022361
      ],
      [
       80.0373309,
       6.8928155
      ],
      [
       80.041466,
       6.8831161
      ],
      [
       80.0449751,
       6.8731765
      ],
      [
       80.0478444,
       6.8630365
      ],
      [
       80.0500622,
       6.8527368
      ],
      [
       80.0516198,
       6.8423185
      ],
      [
       80.0525111,
       6.8318233
      ],
      [
       80.0527324,
       6.8212931
      ],
      [
       80.052283,
       6.81077
      ],
      [
       80.0511647,
       6.8002963
      ],
      [
       80.049382,
       6.7899136
      ],
      [
       80.0469421,
       6.7796636
      ],
      [
       80.0438547,
       6.7695872
      ],
      [
       80.0401323,
       6.7597247
      ],
      [
       80.0357898,
       6.7501155
      ],
      [
       80.0308445,
       6.740798
      ],
      [
       80.0253163,
       6.7318096
      ],
      [
       80.0192273,
       6.723186
      ],
      [
       80.0126019,
       6.7149618
      ],
      [
       80.0054665,
       6.7071698
      ],
      [
       79.9978497,
       6.6998412
      ],
      [
       79.989782,
       6.6930053
      ],
      [
       79.9812956,
       6.6866893
      ],
      [
       79.9724244,
       6.6809186
      ],
      [
       79.9632039,
       6.6757161
      ],
      [
       79.953671,
       6.6711027
      ],
      [
       79.9438637,
       6.6670967
      ],
      [
       79.9338213,
       6.6637143
      ],
      [
       79.9235838,
       6.6609689
      ],
      [
       79.9131921,
       6.6588714
      ],
      [
       79.9026879,
       6.6574303
      ],
      [
       79.8921129,
       6.6566513
      ],
      [
       79.8815096,
       6.6565375
      ],
      [
       79.8709202,
       6.6570894
      ],
      [
       79.8603871,
       6.6583047
      ],
      [
       79.8499522,
       6.6601787
      ],
      [
       79.8396574,
       6.6627038
      ],
      [
       79.8295438,
       6.66587
      ],
      [
       79.8196516,
       6.6696645
      ],
      [
       79.8100206,
       6.6740723
      ],
      [
       79.8006892,
       6.6790757
      ],
      [
       79.7916946,
       6.6846547
      ],
      [
       79.7830728,
       6.6907871
      ],
      [
       79.7748582,
       6.6974483
      ],
      [
       79.7670838,
       6.7046117
      ],
      [
       79.7597806,
       6.7122487
      ],
      [
       79.7529778,
       6.7203288
      ],
      [
       79.7467027,
       6.7288197
      ],
      [
       79.7409802,
       6.7376875
      ],
      [
       79.7358334,
       6.7468966
      ],
      [
       79.7312828,
       6.7564104
      ],
      [
       79.7273467,
       6.7661907
      ],
      [
       79.7240408,
       6.7761985
      ],
      [
       79.7213783,
       6.7863937
      ],
      [
       79.7193701,
       6.7967357
      ],
      [
       79.7180241,
       6.8071831
      ],
      [
       79.7173457,
       6.817694
      ],
      [
       79.7173378,
       6.8282264
      ],
      [
       79.7180004,
       6.8387384
      ],
      [
       79.7193309,
       6.8491877
      ],
      [
       79.721324,
       6.8595326
      ],
      [
       79.7239717,
       6.8697317
      ],
      [
       79.7272636,
       6.8797443
      ],
      [
       79.7311866,
       6.8895303
      ],
      [
       79.7357248,
       6.8990504
      ],
      [
       79.7408604,
       6.9082668
      ],
      [
       79.7465726,
       6.9171424
      ],
      [
       79.7528387,
       6.9256417
      ],
      [
       79.7596337,
       6.9337308
      ],
      [
       79.7669304,
       6.9413773
      ],
      [
       79.7746996,
       6.9485505
      ],
      [
       79.7829102,
       6.9552218
      ],
      [
       79.7915294,
       6.9613645
      ],
      [
       79.8005228,
       6.9669539
      ],
      [
       79.8098542,
       6.9719678
      ],
      [
       79.8194865,
       6.976386
      ],
      [
       79.829381,
       6.9801908
      ],
      [
       79.8394982,
       6.9833671
      ],
      [
       79.8497975,
       6.985902
      ],
      [
       79.8602377,
       6.9877856
      ],
      [
       79.870777,
       6.9890101
      ],
      [
       79.8813733,
       6.9895708
      ],
      [
       79.885,
       6.9896097
      ]
     ]
    ]
   }
  },
  {
   "type": "Feature",
   "properties": {
    "ll": {
     "value": 95,
     "unit": 6,
     "referenceDatum": 2
    },
    "ul": {
     "value": 460,
     "unit": 6,
     "referenceDatum": 2
    },
    "_id": "62615147cb27f4250946594e",
    "name": "TRIG CTA",
    "type": 0,
    "icao": 2,
    "bnd": [
     [
      7.1922222,
      80.5058333
     ],
     [
      7.7319444,
      81.3013889
     ]
    ]
   },
   "geometry": {
    "type": "Polygon",
    "coordinates": [
     [
      [
       80.7011111,
       7.1922222
      ],
      [
       80.5058333,
       7.7319444
      ],
      [
       81.3013889,
       7.1991667
      ],
      [
       80.7827778,
       7.1930556
      ],
      [
       80.7169444,
       7.1925
      ],
      [
       80.7011111,
       7.1922222
      ]
     ]
    ]
   }
  },
  {
   "type": "Feature",
   "properties": {
    "ll": {
     "value": 0,
     "unit": 1,
     "referenceDatum": 0
    },
    "ul": {
     "value": 40,
     "unit": 6,
     "referenceDatum": 2
    },
    "_id": "62615147cb27f4250946595b",
    "name": "VAVUNIYA CTR",
    "type": 4,
    "icao": 3,
    "bnd": [
     [
      8.5668152,
      80.3149053
     ],
     [
      8.8998875,
      80.6518313
     ]
    ]
   },
   "geometry": {
    "type": "Polygon",
    "coordinates": [
     [
      [
       80.4833333,
       8.8998875
      ],
      [
       80.4939888,
       8.8995543
      ],
      [
       80.5046016,
       8.8985561
      ],
      [
       80.5151293,
       8.8968969
      ],
      [
       80.5255296,
       8.8945833
      ],
      [
       80.535761,
       8.8916246
      ],
      [
       80.5457825,
       8.8880327
      ],
      [
       80.5555539,
       8.8838219
      ],
      [
       80.5650361,
       8.879009
      ],
      [
       80.5741912,
       8.8736134
      ],
      [
       80.5829826,
       8.8676567
      ],
      [
       80.591375,
       8.8611626
      ],
      [
       80.5993349,
       8.8541573
      ],
      [
       80.6068305,
       8.8466686
      ],
      [
       80.6138318,
       8.8387268
      ],
      [
       80.6203107,
       8.8303634
      ],
      [
       80.6262415,
       8.8216119
      ],
      [
       80.6316004,
       8.8125075
      ],
      [
       80.6363659,
       8.8030865
      ],
      [
       80.6405192,
       8.7933867
      ],
      [
       80.6440435,
       8.7834468
      ],
      [
       80.6469249,
       8.7733066
      ],
      [
       80.649152,
       8.7630066
      ],
      [
       80.6507157,
       8.7525882
      ],
      [
       80.65161,
       8.7420928
      ],
      [
       80.6518313,
       8.7315626
      ],
      [
       80.6513788,
       8.7210396
      ],
      [
       80.6502543,
       8.710566
      ],
      [
       80.6484625,
       8.7001835
      ],
      [
       80.6460105,
       8.6899337
      ],
      [
       80.6429082,
       8.6798576
      ],
      [
       80.639168,
       8.6699954
      ],
      [
       80.6348049,
       8.6603866
      ],
      [
       80.6298365,
       8.6510696
      ],
      [
       80.6242826,
       8.6420816
      ],
      [
       80.6181654,
       8.6334585
      ],
      [
       80.6115095,
       8.6252348
      ],
      [
       80.6043414,
       8.6174434
      ],
      [
       80.5966899,
       8.6101153
      ],
      [
       80.5885855,
       8.6032799
      ],
      [
       80.5800607,
       8.5969644
      ],
      [
       80.5711494,
       8.5911941
      ],
      [
       80.5618874,
       8.5859921
      ],
      [
       80.5523116,
       8.5813791
      ],
      [
       80.5424603,
       8.5773735
      ],
      [
       80.5323728,
       8.5739914
      ],
      [
       80.5220895,
       8.5712462
      ],
      [
       80.5116514,
       8.5691489
      ],
      [
       80.5011002,
       8.567708
      ],
      [
       80.490478,
       8.566929
      ],
      [
       80.4798273,
       8.5668152
      ],
      [
       80.4691907,
       8.5673671
      ],
      [
       80.4586104,
       8.5685823
      ],
      [
       80.448129,
       8.5704561
      ],
      [
       80.4377881,
       8.572981
      ],
      [
       80.4276291,
       8.5761468
      ],
      [
       80.4176926,
       8.579941
      ],
      [
       80.4080183,
       8.5843484
      ],
      [
       80.3986448,
       8.5893514
      ],
      [
       80.3896096,
       8.5949299
      ],
      [
       80.3809488,
       8.6010618
      ],
      [
       80.372697,
       8.6077225
      ],
      [
       80.3648872,
       8.6148854
      ],
      [
       80.3575506,
       8.6225219
      ],
      [
       80.3507166,
       8.6306015
      ],
      [
       80.3444124,
       8.6390919
      ],
      [
       80.3386634,
       8.6479592
      ],
      [
       80.3334925,
       8.6571679
      ],
      [
       80.3289205,
       8.6666812
      ],
      [
       80.3249656,
       8.6764612
      ],
      [
       80.3216438,
       8.6864687
      ],
      [
       80.3189683,
       8.6966637
      ],
      [
       80.3169499,
       8.7070055
      ],
      [
       80.3155967,
       8.7174527
      ],
      [
       80.3149143,
       8.7279635
      ],
      [
       80.3149053,
       8.738496
      ],
      [
       80.3155698,
       8.749008
      ],
      [
       80.3169053,
       8.7594574
      ],
      [
       80.3189066,
       8.7698025
      ],
      [
       80.3215655,
       8.7800019
      ],
      [
       80.3248716,
       8.7900148
      ],
      [
       80.3288117,
       8.7998011
      ],
      [
       80.33337,
       8.8093217
      ],
      [
       80.3385284,
       8.8185385
      ],
      [
       80.3442662,
       8.8274145
      ],
      [
       80.3505607,
       8.8359144
      ],
      [
       80.3573865,
       8.844004
      ],
      [
       80.3647164,
       8.851651
      ],
      [
       80.3725211,
       8.8588247
      ],
      [
       80.3807695,
       8.8654965
      ],
      [
       80.3894284,
       8.8716397
      ],
      [
       80.3984632,
       8.8772296
      ],
      [
       80.4078379,
       8.8822439
      ],
      [
       80.4175148,
       8.8866625
      ],
      [
       80.4274552,
       8.8904677
      ],
      [
       80.4376194,
       8.8936442
      ],
      [
       80.4479667,
       8.8961795
      ],
      [
       80.4584556,
       8.8980632
      ],
      [
       80.469044,
       8.8992878
      ],
      [
       80.4796897,
       8.8998486
      ],
      [
       80.4833333,
       8.8998875
      ]
     ]
    ]
   }
  },
  {
   "type": "Feature",
   "properties": {
    "ll": {
     "value": 0,
     "unit": 1,
     "referenceDatum": 0
    },
    "ul": {
     "value": 100,
     "unit": 6,
     "referenceDatum": 2
    },
    "_id": "62615147cb27f42509465967",
    "name": "VCD2 DANGER (BY NOTAM)",
    "type": 2,
    "icao": 7,
    "bnd": [
     [
      7.0502778,
      79.1688889
     ],
     [
      7.3169444,
      79.5022222
     ]
    ]
   },
   "geometry": {
    "type": "Polygon",
    "coordinates": [
     [
      [
       79.1688889,
       7.3169444
      ],
      [
       79.5022222,
       7.2669444
      ],
      [
       79.5022222,
       7.1002778
      ],
      [
       79.1688889,
       7.0502778
      ],
      [
       79.1688889,
       7.3169444
      ]
     ]
    ]
   }
  },
  {
   "type": "Feature",
   "properties": {
    "ll": {
     "value": 0,
     "unit": 1,
     "referenceDatum": 0
    },
    "ul": {
     "value": 100,
     "unit": 6,
     "referenceDatum": 2
    },
    "_id": "62615147cb27f42509465975",
    "name": "VCD3 DANGER (BY NOTAM)",
    "type": 2,
    "icao": 7,
    "bnd": [
     [
      6.5836111,
      79.4188889
     ],
     [
      6.8336111,
      79.6522222
     ]
    ]
   },
   "geometry": {
    "type": "Polygon",
    "coordinates": [
     [
      [
       79.4188889,
       6.8336111
      ],
      [
       79.6522222,
       6.8336111
      ],
      [
       79.6522222,
       6.5836111
      ],
      [
       79.4188889,
       6.5836111
      ],
      [
       79.4188889,
       6.8336111
      ]
     ]
    ]
   }
  },
  {
   "type": "Feature",
   "properties": {
    "ll": {
     "value": 0,
     "unit": 1,
     "referenceDatum": 0
    },
    "ul": {
     "value": 100,
     "unit": 6,
     "referenceDatum": 2
    },
    "_id": "62615148cb27f42509465983",
    "name": "VCD4 DANGER (BY NOTAM)",
    "type": 2,
    "icao": 7,
    "bnd": [
     [
      8.6669444,
      81.3352778
     ],
     [
      8.8336111,
      81.5019444
     ]
    ]
   },
   "geometry": {
    "type": "Polygon",
    "coordinates": [
     [
      [
       81.3352778,
       8.6669444
      ],
      [
       81.3352778,
       8.8336111
      ],
      [
       81.5019444,
       8.8336111
      ],
      [
       81.5019444,
       8.6669444
      ],
      [
       81.3352778,
       8.6669444
      ]
     ]
    ]
   }
  },
  {
   "type": "Feature",
   "properties": {
    "ll": {
     "value": 0,
     "unit": 1,
     "referenceDatum": 0
    },
    "ul": {
     "value": 100,
     "unit": 6,
     "referenceDatum": 2
    },
    "_id": "62615148cb27f42509465990",
    "name": "VCD5 DANGER (BY NOTAM)",
    "type": 2,
    "icao": 7,
    "bnd": [
     [
      8.3336111,
      81.5019444
     ],
     [
      8.5002778,
      81.6686111
     ]
    ]
   },
   "geometry": {
    "type": "Polygon",
    "coordinates": [
     [
      [
       81.5019444,
       8.3336111
      ],
      [
       81.5019444,
       8.5002778
      ],
      [
       81.6686111,
       8.5002778
      ],
      [
       81.6686111,
       8.3336111
      ],
      [
       81.5019444,
       8.3336111
      ]
     ]
    ]
   }
  },
  {
   "type": "Feature",
   "properties": {
    "ll": {
     "value": 0,
     "unit": 1,
     "referenceDatum": 0
    },
    "ul": {
     "value": 999,
     "unit": 6,
     "referenceDatum": 2
    },
    "_id": "62615148cb27f4250946599e",
    "name": "VCD6 DANGER (BY NOTAM)",
    "type": 2,
    "icao": 7,
    "bnd": [
     [
      8.0004264,
      79.5340415
     ],
     [
      8.3334986,
      79.870473
     ]
    ]
   },
   "geometry": {
    "type": "Polygon",
    "coordinates": [
     [
      [
       79.7022222,
       8.3334986
      ],
      [
       79.7128618,
       8.3331654
      ],
      [
       79.7234587,
       8.3321673
      ],
      [
       79.7339706,
       8.3305081
      ],
      [
       79.7443554,
       8.3281946
      ],
      [
       79.7545715,
       8.325236
      ],
      [
       79.764578,
       8.3216441
      ],
      [
       79.7743348,
       8.3174334
      ],
      [
       79.783803,
       8.3126207
      ],
      [
       79.7929445,
       8.3072252
      ],
      [
       79.8017229,
       8.3012686
      ],
      [
       79.8101029,
       8.2947747
      ],
      [
       79.8180511,
       8.2877695
      ],
      [
       79.8255357,
       8.2802811
      ],
      [
       79.8325267,
       8.2723393
      ],
      [
       79.8389963,
       8.2639761
      ],
      [
       79.8449184,
       8.2552248
      ],
      [
       79.8502696,
       8.2461205
      ],
      [
       79.8550283,
       8.2366997
      ],
      [
       79.8591757,
       8.2269999
      ],
      [
       79.8626951,
       8.2170601
      ],
      [
       79.8655726,
       8.20692
      ],
      [
       79.8677966,
       8.1966201
      ],
      [
       79.8693584,
       8.1862017
      ],
      [
       79.8702517,
       8.1757064
      ],
      [
       79.870473,
       8.1651762
      ],
      [
       79.8700214,
       8.1546532
      ],
      [
       79.8688989,
       8.1441795
      ],
      [
       79.86711,
       8.133797
      ],
      [
       79.8646619,
       8.1235471
      ],
      [
       79.8615644,
       8.1134709
      ],
      [
       79.8578299,
       8.1036086
      ],
      [
       79.8534735,
       8.0939997
      ],
      [
       79.8485125,
       8.0846826
      ],
      [
       79.8429669,
       8.0756944
      ],
      [
       79.8368588,
       8.0670712
      ],
      [
       79.8302127,
       8.0588474
      ],
      [
       79.8230552,
       8.0510557
      ],
      [
       79.8154149,
       8.0437275
      ],
      [
       79.8073224,
       8.0368919
      ],
      [
       79.7988099,
       8.0305763
      ],
      [
       79.7899117,
       8.0248059
      ],
      [
       79.7806631,
       8.0196037
      ],
      [
       79.7711011,
       8.0149906
      ],
      [
       79.7612641,
       8.0109849
      ],
      [
       79.7511911,
       8.0076027
      ],
      [
       79.7409226,
       8.0048574
      ],
      [
       79.7304996,
       8.0027601
      ],
      [
       79.7199635,
       8.0013191
      ],
      [
       79.7093567,
       8.0005401
      ],
      [
       79.6987213,
       8.0004264
      ],
      [
       79.6880999,
       8.0009782
      ],
      [
       79.6775349,
       8.0021935
      ],
      [
       79.6670685,
       8.0040673
      ],
      [
       79.6567425,
       8.0065923
      ],
      [
       79.6465982,
       8.0097582
      ],
      [
       79.6366761,
       8.0135525
      ],
      [
       79.6270158,
       8.01796
      ],
      [
       79.6176559,
       8.0229631
      ],
      [
       79.6086338,
       8.0285418
      ],
      [
       79.5999856,
       8.0346738
      ],
      [
       79.5917458,
       8.0413347
      ],
      [
       79.5839474,
       8.0484977
      ],
      [
       79.5766216,
       8.0561344
      ],
      [
       79.5697977,
       8.0642141
      ],
      [
       79.5635029,
       8.0727047
      ],
      [
       79.5577624,
       8.0815721
      ],
      [
       79.5525993,
       8.0907809
      ],
      [
       79.5480342,
       8.1002944
      ],
      [
       79.5440854,
       8.1100745
      ],
      [
       79.5407686,
       8.1200821
      ],
      [
       79.5380973,
       8.1302771
      ],
      [
       79.5360822,
       8.140619
      ],
      [
       79.5347313,
       8.1510662
      ],
      [
       79.5340501,
       8.1615771
      ],
      [
       79.5340415,
       8.1721096
      ],
      [
       79.5347054,
       8.1826215
      ],
      [
       79.5360392,
       8.1930709
      ],
      [
       79.5380378,
       8.203416
      ],
      [
       79.5406931,
       8.2136153
      ],
      [
       79.5439946,
       8.2236281
      ],
      [
       79.5479291,
       8.2334143
      ],
      [
       79.5524809,
       8.2429348
      ],
      [
       79.5576319,
       8.2521514
      ],
      [
       79.5633615,
       8.2610273
      ],
      [
       79.5696468,
       8.269527
      ],
      [
       79.5764626,
       8.2776165
      ],
      [
       79.5837818,
       8.2852633
      ],
      [
       79.5915751,
       8.2924369
      ],
      [
       79.5998112,
       8.2991086
      ],
      [
       79.6084573,
       8.3052516
      ],
      [
       79.6174788,
       8.3108413
      ],
      [
       79.6268395,
       8.3158555
      ],
      [
       79.636502,
       8.320274
      ],
      [
       79.6464277,
       8.3240791
      ],
      [
       79.6565767,
       8.3272555
      ],
      [
       79.6669085,
       8.3297907
      ],
      [
       79.6773817,
       8.3316743
      ],
      [
       79.6879543,
       8.332899
      ],
      [
       79.6985841,
       8.3334597
      ],
      [
       79.7022222,
       8.3334986
      ]
     ]
    ]
   }
  },
  {
   "type": "Feature",
   "properties": {
    "ll": {
     "value": 0,
     "unit": 1,
     "referenceDatum": 0
    },
    "ul": {
     "value": 300,
     "unit": 6,
     "referenceDatum": 2
    },
    "_id": "62615148cb27f425094659aa",
    "name": "VCP22 PROHIBITED",
    "type": 3,
    "icao": 7,
    "bnd": [
     [
      6.9478174,
      79.9402295
     ],
     [
      6.9810999,
      79.9737165
     ]
    ]
   },
   "geometry": {
    "type": "Polygon",
    "coordinates": [
     [
      [
       79.9569444,
       6.9810999
      ],
      [
       79.9602781,
       6.9807678
      ],
      [
       79.9634788,
       6.9797851
      ],
      [
       79.966419,
       6.9781907
      ],
      [
       79.9689814,
       6.9760482
      ],
      [
       79.9710639,
       6.9734432
      ],
      [
       79.9725835,
       6.9704794
      ],
      [
       79.9734796,
       6.967275
      ],
      [
       79.9737165,
       6.9639578
      ],
      [
       79.9732847,
       6.96066
      ],
      [
       79.9722015,
       6.9575131
      ],
      [
       79.9705101,
       6.9546425
      ],
      [
       79.9682779,
       6.9521627
      ],
      [
       79.9655939,
       6.9501725
      ],
      [
       79.9625651,
       6.9487513
      ],
      [
       79.9593122,
       6.9479557
      ],
      [
       79.955965,
       6.9478174
      ],
      [
       79.9526568,
       6.948342
      ],
      [
       79.9495195,
       6.9495085
      ],
      [
       79.9466782,
       6.9512704
      ],
      [
       79.9442462,
       6.9535576
      ],
      [
       79.9423203,
       6.9562787
      ],
      [
       79.9409775,
       6.9593254
      ],
      [
       79.9402712,
       6.9625762
      ],
      [
       79.9402295,
       6.9659015
      ],
      [
       79.9408543,
       6.9691687
      ],
      [
       79.9421205,
       6.9722476
      ],
      [
       79.9439778,
       6.9750153
      ],
      [
       79.946352,
       6.9773617
      ],
      [
       79.9491485,
       6.9791931
      ],
      [
       79.9522559,
       6.9804365
      ],
      [
       79.9555502,
       6.9810423
      ],
      [
       79.9569444,
       6.9810999
      ]
     ]
    ]
   }
  },
  {
   "type": "Feature",
   "properties": {
    "ll": {
     "value": 0,
     "unit": 1,
     "referenceDatum": 0
    },
    "ul": {
     "value": 300,
     "unit": 6,
     "referenceDatum": 2
    },
    "_id": "62615148cb27f425094659b6",
    "name": "VCP29 PROHIBITED",
    "type": 3,
    "icao": 7,
    "bnd": [
     [
      6.895,
      79.8166667
     ],
     [
      6.9805556,
      79.8813889
     ]
    ]
   },
   "geometry": {
    "type": "Polygon",
    "coordinates": [
     [
      [
       79.8769444,
       6.9802778
      ],
      [
       79.8763889,
       6.9583333
      ],
      [
       79.8813889,
       6.9541667
      ],
      [
       79.8761111,
       6.9480556
      ],
      [
       79.8747222,
       6.895
      ],
      [
       79.8166667,
       6.8958333
      ],
      [
       79.8166667,
       6.9483333
      ],
      [
       79.8591667,
       6.9805556
      ],
      [
       79.8769444,
       6.9802778
      ]
     ]
    ]
   }
  },
  {
   "type": "Feature",
   "properties": {
    "ll": {
     "value": 0,
     "unit": 1,
     "referenceDatum": 0
    },
    "ul": {
     "value": 100,
     "unit": 6,
     "referenceDatum": 2
    },
    "_id": "62615148cb27f425094659c4",
    "name": "VCP30 PROHIBITED",
    "type": 3,
    "icao": 7,
    "bnd": [
     [
      6.943621,
      79.8844325
     ],
     [
      6.9519416,
      79.892804
     ]
    ]
   },
   "geometry": {
    "type": "Polygon",
    "coordinates": [
     [
      [
       79.8886111,
       6.9519416
      ],
      [
       79.8894445,
       6.9518586
      ],
      [
       79.8902446,
       6.9516129
      ],
      [
       79.8909796,
       6.9512143
      ],
      [
       79.8916202,
       6.9506788
      ],
      [
       79.8921408,
       6.9500275
      ],
      [
       79.8925207,
       6.9492866
      ],
      [
       79.8927447,
       6.9484855
      ],
      [
       79.892804,
       6.9476562
      ],
      [
       79.8926961,
       6.9468317
      ],
      [
       79.8924253,
       6.946045
      ],
      [
       79.8920025,
       6.9453273
      ],
      [
       79.8914444,
       6.9447074
      ],
      [
       79.8907734,
       6.9442098
      ],
      [
       79.8900163,
       6.9438545
      ],
      [
       79.8892031,
       6.9436556
      ],
      [
       79.8883663,
       6.943621
      ],
      [
       79.8875392,
       6.9437522
      ],
      [
       79.8867549,
       6.9440438
      ],
      [
       79.8860446,
       6.9444843
      ],
      [
       79.8854366,
       6.9450561
      ],
      [
       79.8849552,
       6.9457364
      ],
      [
       79.8846195,
       6.9464981
      ],
      [
       79.8844429,
       6.9473108
      ],
      [
       79.8844325,
       6.9481421
      ],
      [
       79.8845887,
       6.9489589
      ],
      [
       79.8849053,
       6.9497286
      ],
      [
       79.8853696,
       6.9504205
      ],
      [
       79.8859631,
       6.9510071
      ],
      [
       79.8866622,
       6.9514649
      ],
      [
       79.887439,
       6.9517758
      ],
      [
       79.8882626,
       6.9519272
      ],
      [
       79.8886111,
       6.9519416
      ]
     ]
    ]
   }
  },
  {
   "type": "Feature",
   "properties": {
    "ll": {
     "value": 0,
     "unit": 1,
     "referenceDatum": 0
    },
    "ul": {
     "value": 100,
     "unit": 6,
     "referenceDatum": 2
    },
    "_id": "62615148cb27f425094659d1",
    "name": "VCP31 PROHIBITED",
    "type": 3,
    "icao": 7,
    "bnd": [
     [
      6.9238988,
      79.8833216
     ],
     [
      6.9322194,
      79.8916927
     ]
    ]
   },
   "geometry": {
    "type": "Polygon",
    "coordinates": [
     [
      [
       79.8875,
       6.9322194
      ],
      [
       79.8883333,
       6.9321364
      ],
      [
       79.8891334,
       6.9318907
      ],
      [
       79.8898684,
       6.9314921
      ],
      [
       79.890509,
       6.9309565
      ],
      [
       79.8910296,
       6.9303053
      ],
      [
       79.8914094,
       6.9295643
      ],
      [
       79.8916335,
       6.9287633
      ],
      [
       79.8916927,
       6.927934
      ],
      [
       79.8915848,
       6.9271095
      ],
      [
       79.891314,
       6.9263228
      ],
      [
       79.8908912,
       6.9256051
      ],
      [
       79.8903332,
       6.9249851
      ],
      [
       79.8896622,
       6.9244876
      ],
      [
       79.8889051,
       6.9241323
      ],
      [
       79.8880919,
       6.9239334
      ],
      [
       79.8872552,
       6.9238988
      ],
      [
       79.8864281,
       6.9240299
      ],
      [
       79.8856439,
       6.9243216
      ],
      [
       79.8849336,
       6.9247621
      ],
      [
       79.8843256,
       6.9253339
      ],
      [
       79.8838442,
       6.9260142
      ],
      [
       79.8835085,
       6.9267758
      ],
      [
       79.883332,
       6.9275886
      ],
      [
       79.8833216,
       6.9284199
      ],
      [
       79.8834778,
       6.9292367
      ],
      [
       79.8837944,
       6.9300064
      ],
      [
       79.8842586,
       6.9306983
      ],
      [
       79.8848521,
       6.9312849
      ],
      [
       79.8855512,
       6.9317427
      ],
      [
       79.886328,
       6.9320536
      ],
      [
       79.8871515,
       6.932205
      ],
      [
       79.8875,
       6.9322194
      ]
     ]
    ]
   }
  },
  {
   "type": "Feature",
   "properties": {
    "ll": {
     "value": 0,
     "unit": 1,
     "referenceDatum": 0
    },
    "ul": {
     "value": 300,
     "unit": 6,
     "referenceDatum": 2
    },
    "_id": "62615148cb27f425094659de",
    "name": "VCP7 PROHIBITED",
    "type": 3,
    "icao": 7,
    "bnd": [
     [
      6.8669841,
      79.9021768
     ],
     [
      6.9002665,
      79.9356581
     ]
    ]
   },
   "geometry": {
    "type": "Polygon",
    "coordinates": [
     [
      [
       79.9188889,
       6.9002665
      ],
      [
       79.9222219,
       6.8999345
      ],
      [
       79.9254221,
       6.8989517
      ],
      [
       79.9283618,
       6.8973573
      ],
      [
       79.9309238,
       6.8952149
      ],
      [
       79.933006,
       6.8926099
      ],
      [
       79.9345253,
       6.8896461
      ],
      [
       79.9354212,
       6.8864417
      ],
      [
       79.9356581,
       6.8831245
      ],
      [
       79.9352264,
       6.8798267
      ],
      [
       79.9341434,
       6.8766798
      ],
      [
       79.9324522,
       6.8738092
      ],
      [
       79.9302204,
       6.8713294
      ],
      [
       79.9275369,
       6.8693392
      ],
      [
       79.9245086,
       6.867918
      ],
      [
       79.9212563,
       6.8671224
      ],
      [
       79.9179096,
       6.8669841
      ],
      [
       79.914602,
       6.8675087
      ],
      [
       79.9114652,
       6.8686752
      ],
      [
       79.9086244,
       6.8704371
      ],
      [
       79.9061928,
       6.8727242
      ],
      [
       79.9042673,
       6.8754454
      ],
      [
       79.9029247,
       6.8784921
      ],
      [
       79.9022185,
       6.8817429
      ],
      [
       79.9021768,
       6.8850682
      ],
      [
       79.9028015,
       6.8883354
      ],
      [
       79.9040675,
       6.8914142
      ],
      [
       79.9059244,
       6.894182
      ],
      [
       79.9082983,
       6.8965284
      ],
      [
       79.9110943,
       6.8983597
      ],
      [
       79.9142012,
       6.8996031
      ],
      [
       79.9174949,
       6.9002089
      ],
      [
       79.9188889,
       6.9002665
      ]
     ]
    ]
   }
  },
  {
   "type": "Feature",
   "properties": {
    "ll": {
     "value": 0,
     "unit": 1,
     "referenceDatum": 0
    },
    "ul": {
     "value": 150,
     "unit": 6,
     "referenceDatum": 2
    },
    "_id": "62615148cb27f425094659eb",
    "name": "VCR11 RESTRICTED",
    "type": 1,
    "icao": 7,
    "bnd": [
     [
      8.2186723,
      80.3447635
     ],
     [
      8.3852215,
      80.5129822
     ]
    ]
   },
   "geometry": {
    "type": "Polygon",
    "coordinates": [
     [
      [
       80.4288889,
       8.3852215
      ],
      [
       80.4364085,
       8.3848885
      ],
      [
       80.4438679,
       8.3838921
      ],
      [
       80.4512075,
       8.3822404
      ],
      [
       80.4583685,
       8.3799464
      ],
      [
       80.4652937,
       8.3770287
      ],
      [
       80.4719276,
       8.3735105
      ],
      [
       80.4782171,
       8.3694199
      ],
      [
       80.4841121,
       8.3647897
      ],
      [
       80.4895652,
       8.359657
      ],
      [
       80.494533,
       8.3540628
      ],
      [
       80.4989757,
       8.3480518
      ],
      [
       80.5028577,
       8.3416722
      ],
      [
       80.5061482,
       8.3349749
      ],
      [
       80.5088207,
       8.3280136
      ],
      [
       80.5108539,
       8.3208438
      ],
      [
       80.5122317,
       8.313523
      ],
      [
       80.512943,
       8.3061097
      ],
      [
       80.5129822,
       8.2986631
      ],
      [
       80.512349,
       8.2912429
      ],
      [
       80.5110485,
       8.2839082
      ],
      [
       80.5090911,
       8.2767179
      ],
      [
       80.5064926,
       8.2697293
      ],
      [
       80.5032737,
       8.2629984
      ],
      [
       80.4994602,
       8.2565789
      ],
      [
       80.4950826,
       8.2505221
      ],
      [
       80.4901759,
       8.2448765
      ],
      [
       80.4847794,
       8.2396872
      ],
      [
       80.4789362,
       8.2349956
      ],
      [
       80.472693,
       8.2308393
      ],
      [
       80.4660998,
       8.2272515
      ],
      [
       80.4592091,
       8.2242608
      ],
      [
       80.4520762,
       8.2218912
      ],
      [
       80.444758,
       8.2201616
      ],
      [
       80.437313,
       8.2190857
      ],
      [
       80.4298007,
       8.2186723
      ],
      [
       80.4222811,
       8.2189245
      ],
      [
       80.4148142,
       8.2198405
      ],
      [
       80.4074599,
       8.2214128
      ],
      [
       80.4002768,
       8.2236289
      ],
      [
       80.3933223,
       8.2264711
      ],
      [
       80.3866521,
       8.2299167
      ],
      [
       80.3803194,
       8.2339381
      ],
      [
       80.3743749,
       8.2385033
      ],
      [
       80.368866,
       8.2435756
      ],
      [
       80.3638369,
       8.2491147
      ],
      [
       80.3593278,
       8.2550762
      ],
      [
       80.3553746,
       8.2614124
      ],
      [
       80.3520091,
       8.2680727
      ],
      [
       80.3492581,
       8.2750039
      ],
      [
       80.3471438,
       8.2821506
      ],
      [
       80.345683,
       8.2894556
      ],
      [
       80.3448874,
       8.2968606
      ],
      [
       80.3447635,
       8.3043062
      ],
      [
       80.3453123,
       8.3117331
      ],
      [
       80.3465294,
       8.3190817
      ],
      [
       80.3484051,
       8.3262934
      ],
      [
       80.3509245,
       8.3333104
      ],
      [
       80.3540674,
       8.3400767
      ],
      [
       80.3578088,
       8.346538
      ],
      [
       80.3621187,
       8.3526429
      ],
      [
       80.3669628,
       8.3583423
      ],
      [
       80.3723022,
       8.3635908
      ],
      [
       80.3780943,
       8.3683462
      ],
      [
       80.3842927,
       8.3725707
      ],
      [
       80.390848,
       8.3762304
      ],
      [
       80.3977076,
       8.3792959
      ],
      [
       80.4048166,
       8.3817429
      ],
      [
       80.4121183,
       8.3835517
      ],
      [
       80.4195541,
       8.3847078
      ],
      [
       80.4270647,
       8.385202
      ],
      [
       80.4288889,
       8.3852215
      ]
     ]
    ]
   }
  },
  {
   "type": "Feature",
   "properties": {
    "ll": {
     "value": 0,
     "unit": 1,
     "referenceDatum": 0
    },
    "ul": {
     "value": 150,
     "unit": 6,
     "referenceDatum": 2
    },
    "_id": "62615148cb27f425094659f7",
    "name": "VCR12 RESTRICTED",
    "type": 1,
    "icao": 7,
    "bnd": [
     [
      8.4567278,
      81.1002673
     ],
     [
      8.6232771,
      81.2685894
     ]
    ]
   },
   "geometry": {
    "type": "Polygon",
    "coordinates": [
     [
      [
       81.1844444,
       8.6232771
      ],
      [
       81.1919687,
       8.6229441
      ],
      [
       81.1994328,
       8.6219477
      ],
      [
       81.2067769,
       8.6202959
      ],
      [
       81.2139424,
       8.618002
      ],
      [
       81.2208718,
       8.6150842
      ],
      [
       81.2275098,
       8.6115659
      ],
      [
       81.2338033,
       8.6074754
      ],
      [
       81.2397018,
       8.6028452
      ],
      [
       81.2451584,
       8.5977124
      ],
      [
       81.2501292,
       8.5921182
      ],
      [
       81.2545746,
       8.5861072
      ],
      [
       81.258459,
       8.5797276
      ],
      [
       81.2617514,
       8.5730303
      ],
      [
       81.2644256,
       8.5660689
      ],
      [
       81.26646,
       8.5588991
      ],
      [
       81.2678386,
       8.5515783
      ],
      [
       81.2685503,
       8.544165
      ],
      [
       81.2685894,
       8.5367184
      ],
      [
       81.2679558,
       8.5292982
      ],
      [
       81.2666545,
       8.5219636
      ],
      [
       81.2646959,
       8.5147732
      ],
      [
       81.2620957,
       8.5077847
      ],
      [
       81.2588748,
       8.5010537
      ],
      [
       81.2550589,
       8.4946342
      ],
      [
       81.2506786,
       8.4885775
      ],
      [
       81.2457689,
       8.4829319
      ],
      [
       81.2403691,
       8.4777426
      ],
      [
       81.2345223,
       8.4730511
      ],
      [
       81.2282753,
       8.4688948
      ],
      [
       81.221678,
       8.465307
      ],
      [
       81.2147832,
       8.4623164
      ],
      [
       81.2076459,
       8.4599467
      ],
      [
       81.2003232,
       8.4582171
      ],
      [
       81.1928737,
       8.4571413
      ],
      [
       81.1853568,
       8.4567278
      ],
      [
       81.1778326,
       8.4569801
      ],
      [
       81.1703612,
       8.457896
      ],
      [
       81.1630024,
       8.4594683
      ],
      [
       81.1558149,
       8.4616844
      ],
      [
       81.1488562,
       8.4645266
      ],
      [
       81.1421819,
       8.4679722
      ],
      [
       81.1358453,
       8.4719936
      ],
      [
       81.1298971,
       8.4765587
      ],
      [
       81.1243849,
       8.4816311
      ],
      [
       81.1193527,
       8.4871701
      ],
      [
       81.1148407,
       8.4931315
      ],
      [
       81.1108851,
       8.4994677
      ],
      [
       81.1075175,
       8.5061281
      ],
      [
       81.1047649,
       8.5130593
      ],
      [
       81.1026492,
       8.5202059
      ],
      [
       81.1011874,
       8.5275109
      ],
      [
       81.1003913,
       8.5349159
      ],
      [
       81.1002673,
       8.5423615
      ],
      [
       81.1008163,
       8.5497884
      ],
      [
       81.1020341,
       8.557137
      ],
      [
       81.103911,
       8.5643487
      ],
      [
       81.1064319,
       8.5713657
      ],
      [
       81.1095767,
       8.578132
      ],
      [
       81.1133204,
       8.5845934
      ],
      [
       81.117633,
       8.5906983
      ],
      [
       81.12248,
       8.5963977
      ],
      [
       81.1278227,
       8.6016462
      ],
      [
       81.1336183,
       8.6064017
      ],
      [
       81.1398206,
       8.6106262
      ],
      [
       81.1463799,
       8.6142859
      ],
      [
       81.1532438,
       8.6173515
      ],
      [
       81.1603572,
       8.6197984
      ],
      [
       81.1676634,
       8.6216072
      ],
      [
       81.1751039,
       8.6227633
      ],
      [
       81.1826191,
       8.6232575
      ],
      [
       81.1844444,
       8.6232771
      ]
     ]
    ]
   }
  },
  {
   "type": "Feature",
   "properties": {
    "ll": {
     "value": 0,
     "unit": 1,
     "referenceDatum": 0
    },
    "ul": {
     "value": 150,
     "unit": 6,
     "referenceDatum": 2
    },
    "_id": "62615149cb27f42509465a05",
    "name": "VCR13 RESTRICTED",
    "type": 1,
    "icao": 7,
    "bnd": [
     [
      7.96645,
      80.8973167
     ],
     [
      8.1329993,
      81.065429
     ]
    ]
   },
   "geometry": {
    "type": "Polygon",
    "coordinates": [
     [
      [
       80.9813889,
       8.1329993
      ],
      [
       80.9889037,
       8.1326663
      ],
      [
       80.9963583,
       8.1316699
      ],
      [
       81.0036932,
       8.1300182
      ],
      [
       81.0108497,
       8.1277243
      ],
      [
       81.0177704,
       8.1248065
      ],
      [
       81.0244001,
       8.1212883
      ],
      [
       81.0306857,
       8.1171978
      ],
      [
       81.0365769,
       8.1125676
      ],
      [
       81.0420266,
       8.1074349
      ],
      [
       81.0469912,
       8.1018408
      ],
      [
       81.0514311,
       8.0958298
      ],
      [
       81.0553107,
       8.0894502
      ],
      [
       81.0585991,
       8.0827529
      ],
      [
       81.06127,
       8.0757916
      ],
      [
       81.063302,
       8.0686219
      ],
      [
       81.0646789,
       8.061301
      ],
      [
       81.0653898,
       8.0538877
      ],
      [
       81.065429,
       8.0464412
      ],
      [
       81.0647963,
       8.0390209
      ],
      [
       81.0634966,
       8.0316863
      ],
      [
       81.0615405,
       8.0244959
      ],
      [
       81.0589437,
       8.0175073
      ],
      [
       81.0557269,
       8.0107764
      ],
      [
       81.0519158,
       8.0043568
      ],
      [
       81.047541,
       7.9983
      ],
      [
       81.0426374,
       7.9926544
      ],
      [
       81.0372443,
       7.9874651
      ],
      [
       81.0314048,
       7.9827735
      ],
      [
       81.0251656,
       7.9786172
      ],
      [
       81.0185764,
       7.9750293
      ],
      [
       81.0116902,
       7.9720387
      ],
      [
       81.0045617,
       7.969669
      ],
      [
       80.9972481,
       7.9679393
      ],
      [
       80.9898077,
       7.9668635
      ],
      [
       80.9823001,
       7.96645
      ],
      [
       80.9747852,
       7.9667023
      ],
      [
       80.967323,
       7.9676182
      ],
      [
       80.9599733,
       7.9691906
      ],
      [
       80.9527947,
       7.9714067
      ],
      [
       80.9458446,
       7.9742489
      ],
      [
       80.9391786,
       7.9776945
      ],
      [
       80.9328499,
       7.981716
      ],
      [
       80.9269091,
       7.9862812
      ],
      [
       80.9214037,
       7.9913536
      ],
      [
       80.9163778,
       7.9968926
      ],
      [
       80.9118715,
       8.0028541
      ],
      [
       80.9079208,
       8.0091904
      ],
      [
       80.9045575,
       8.0158507
      ],
      [
       80.9018083,
       8.022782
      ],
      [
       80.8996953,
       8.0299287
      ],
      [
       80.8982355,
       8.0372337
      ],
      [
       80.8974405,
       8.0446386
      ],
      [
       80.8973167,
       8.0520843
      ],
      [
       80.8978652,
       8.0595111
      ],
      [
       80.8990815,
       8.0668597
      ],
      [
       80.9009561,
       8.0740714
      ],
      [
       80.903474,
       8.0810884
      ],
      [
       80.9066149,
       8.0878547
      ],
      [
       80.910354,
       8.094316
      ],
      [
       80.9146612,
       8.1004208
      ],
      [
       80.9195022,
       8.1061202
      ],
      [
       80.9248382,
       8.1113687
      ],
      [
       80.9306267,
       8.1161241
      ],
      [
       80.9368212,
       8.1203486
      ],
      [
       80.9433723,
       8.1240082
      ],
      [
       80.9502275,
       8.1270738
      ],
      [
       80.957332,
       8.1295207
      ],
      [
       80.964629,
       8.1313295
      ],
      [
       80.9720601,
       8.1324856
      ],
      [
       80.9795658,
       8.1329797
      ],
      [
       80.9813889,
       8.1329993
      ]
     ]
    ]
   }
  },
  {
   "type": "Feature",
   "properties": {
    "ll": {
     "value": 0,
     "unit": 1,
     "referenceDatum": 0
    },
    "ul": {
     "value": 150,
     "unit": 6,
     "referenceDatum": 2
    },
    "_id": "62615149cb27f42509465a11",
    "name": "VCR14 RESTRICTED",
    "type": 1,
    "icao": 7,
    "bnd": [
     [
      8.6578389,
      80.4135557
     ],
     [
      8.8243882,
      80.5819677
     ]
    ]
   },
   "geometry": {
    "type": "Polygon",
    "coordinates": [
     [
      [
       80.4977778,
       8.8243882
      ],
      [
       80.5053061,
       8.8240552
      ],
      [
       80.5127742,
       8.8230588
      ],
      [
       80.5201223,
       8.821407
      ],
      [
       80.5272916,
       8.8191131
      ],
      [
       80.5342248,
       8.8161953
      ],
      [
       80.5408663,
       8.812677
      ],
      [
       80.5471632,
       8.8085864
      ],
      [
       80.5530649,
       8.8039562
      ],
      [
       80.5585243,
       8.7988234
      ],
      [
       80.5634978,
       8.7932292
      ],
      [
       80.5679455,
       8.7872182
      ],
      [
       80.571832,
       8.7808385
      ],
      [
       80.5751262,
       8.7741412
      ],
      [
       80.5778017,
       8.7671798
      ],
      [
       80.5798372,
       8.76001
      ],
      [
       80.5812165,
       8.7526892
      ],
      [
       80.5819285,
       8.7452759
      ],
      [
       80.5819677,
       8.7378293
      ],
      [
       80.5813336,
       8.7304091
      ],
      [
       80.5800316,
       8.7230745
      ],
      [
       80.5780719,
       8.7158841
      ],
      [
       80.5754703,
       8.7088956
      ],
      [
       80.5722476,
       8.7021647
      ],
      [
       80.5684297,
       8.6957452
      ],
      [
       80.5640471,
       8.6896885
      ],
      [
       80.5591347,
       8.6840429
      ],
      [
       80.553732,
       8.6788536
      ],
      [
       80.5478821,
       8.6741621
      ],
      [
       80.5416318,
       8.6700059
      ],
      [
       80.535031,
       8.6664181
      ],
      [
       80.5281326,
       8.6634274
      ],
      [
       80.5209915,
       8.6610578
      ],
      [
       80.513665,
       8.6593282
      ],
      [
       80.5062115,
       8.6582524
      ],
      [
       80.4986906,
       8.6578389
      ],
      [
       80.4911624,
       8.6580912
      ],
      [
       80.4836871,
       8.6590071
      ],
      [
       80.4763244,
       8.6605794
      ],
      [
       80.4691331,
       8.6627955
      ],
      [
       80.4621707,
       8.6656377
      ],
      [
       80.4554929,
       8.6690832
      ],
      [
       80.4491529,
       8.6731046
      ],
      [
       80.4432016,
       8.6776697
      ],
      [
       80.4376864,
       8.6827421
      ],
      [
       80.4326515,
       8.6882811
      ],
      [
       80.4281372,
       8.6942425
      ],
      [
       80.4241794,
       8.7005787
      ],
      [
       80.42081,
       8.707239
      ],
      [
       80.4180558,
       8.7141702
      ],
      [
       80.415939,
       8.7213168
      ],
      [
       80.4144764,
       8.7286218
      ],
      [
       80.4136798,
       8.7360268
      ],
      [
       80.4135557,
       8.7434724
      ],
      [
       80.414105,
       8.7508993
      ],
      [
       80.4153234,
       8.7582479
      ],
      [
       80.4172012,
       8.7654596
      ],
      [
       80.4197234,
       8.7724767
      ],
      [
       80.4228699,
       8.779243
      ],
      [
       80.4266156,
       8.7857044
      ],
      [
       80.4309304,
       8.7918092
      ],
      [
       80.43578,
       8.7975087
      ],
      [
       80.4411256,
       8.8027572
      ],
      [
       80.4469243,
       8.8075127
      ],
      [
       80.4531299,
       8.8117372
      ],
      [
       80.4596928,
       8.8153969
      ],
      [
       80.4665603,
       8.8184626
      ],
      [
       80.4736776,
       8.8209095
      ],
      [
       80.4809877,
       8.8227183
      ],
      [
       80.4884322,
       8.8238744
      ],
      [
       80.4959514,
       8.8243686
      ],
      [
       80.4977778,
       8.8243882
      ]
     ]
    ]
   }
  },
  {
   "type": "Feature",
   "properties": {
    "ll": {
     "value": 0,
     "unit": 1,
     "referenceDatum": 0
    },
    "ul": {
     "value": 150,
     "unit": 6,
     "referenceDatum": 2
    },
    "_id": "62615149cb27f42509465a1f",
    "name": "VCR15 RESTRICTED",
    "type": 1,
    "icao": 7,
    "bnd": [
     [
      9.70895,
      79.9855254
     ],
     [
      9.8754993,
      80.1544422
     ]
    ]
   },
   "geometry": {
    "type": "Polygon",
    "coordinates": [
     [
      [
       80.07,
       9.8754993
      ],
      [
       80.0775511,
       9.8751663
      ],
      [
       80.0850418,
       9.8741699
      ],
      [
       80.0924121,
       9.872518
      ],
      [
       80.099603,
       9.870224
      ],
      [
       80.1065571,
       9.8673062
      ],
      [
       80.1132187,
       9.8637878
      ],
      [
       80.1195345,
       9.8596971
      ],
      [
       80.125454,
       9.8550668
      ],
      [
       80.1309298,
       9.849934
      ],
      [
       80.1359181,
       9.8443396
      ],
      [
       80.1403792,
       9.8383285
      ],
      [
       80.1442772,
       9.8319487
      ],
      [
       80.1475811,
       9.8252513
      ],
      [
       80.1502645,
       9.8182899
      ],
      [
       80.1523059,
       9.8111201
      ],
      [
       80.1536892,
       9.8037992
      ],
      [
       80.1544031,
       9.7963858
      ],
      [
       80.1544422,
       9.7889393
      ],
      [
       80.153806,
       9.7815191
      ],
      [
       80.1524999,
       9.7741845
      ],
      [
       80.1505341,
       9.7669942
      ],
      [
       80.1479246,
       9.7600057
      ],
      [
       80.1446921,
       9.7532749
      ],
      [
       80.1408627,
       9.7468555
      ],
      [
       80.1364668,
       9.7407989
      ],
      [
       80.1315397,
       9.7351534
      ],
      [
       80.1261208,
       9.7299643
      ],
      [
       80.1202534,
       9.7252728
      ],
      [
       80.1139845,
       9.7211167
      ],
      [
       80.107364,
       9.717529
      ],
      [
       80.100445,
       9.7145384
      ],
      [
       80.0932827,
       9.7121689
      ],
      [
       80.0859344,
       9.7104393
      ],
      [
       80.0784588,
       9.7093635
      ],
      [
       80.0709155,
       9.70895
      ],
      [
       80.063365,
       9.7092023
      ],
      [
       80.0558675,
       9.7101182
      ],
      [
       80.0484829,
       9.7116904
      ],
      [
       80.0412702,
       9.7139065
      ],
      [
       80.0342871,
       9.7167486
      ],
      [
       80.0275893,
       9.7201941
      ],
      [
       80.0212305,
       9.7242154
      ],
      [
       80.0152614,
       9.7287804
      ],
      [
       80.0097297,
       9.7338526
      ],
      [
       80.0046796,
       9.7393915
      ],
      [
       80.0001517,
       9.7453528
      ],
      [
       79.996182,
       9.7516889
      ],
      [
       79.9928023,
       9.7583492
      ],
      [
       79.9900398,
       9.7652803
      ],
      [
       79.9879164,
       9.7724269
      ],
      [
       79.9864492,
       9.7797318
      ],
      [
       79.9856501,
       9.7871367
      ],
      [
       79.9855254,
       9.7945824
      ],
      [
       79.9860761,
       9.8020092
      ],
      [
       79.987298,
       9.8093579
      ],
      [
       79.9891812,
       9.8165697
      ],
      [
       79.9917109,
       9.8235868
      ],
      [
       79.9948667,
       9.8303532
      ],
      [
       79.9986234,
       9.8368147
      ],
      [
       80.0029511,
       9.8429196
      ],
      [
       80.0078152,
       9.8486192
      ],
      [
       80.0131768,
       9.8538678
      ],
      [
       80.018993,
       9.8586234
      ],
      [
       80.0252173,
       9.862848
      ],
      [
       80.0317999,
       9.8665078
      ],
      [
       80.0386881,
       9.8695735
      ],
      [
       80.0458269,
       9.8720206
      ],
      [
       80.0531592,
       9.8738294
      ],
      [
       80.0606261,
       9.8749855
      ],
      [
       80.0681681,
       9.8754797
      ],
      [
       80.07,
       9.8754993
      ]
     ]
    ]
   }
  },
  {
   "type": "Feature",
   "properties": {
    "ll": {
     "value": 0,
     "unit": 1,
     "referenceDatum": 0
    },
    "ul": {
     "value": 100,
     "unit": 6,
     "referenceDatum": 2
    },
    "_id": "62615149cb27f42509465a2b",
    "name": "VCR16 RESTRICTED",
    "type": 1,
    "icao": 7,
    "bnd": [
     [
      7.8745056,
      80.645669
     ],
     [
      8.0410549,
      80.8137434
     ]
    ]
   },
   "geometry": {
    "type": "Polygon",
    "coordinates": [
     [
      [
       80.7297222,
       8.0410549
      ],
      [
       80.7372353,
       8.0407218
      ],
      [
       80.7446883,
       8.0397255
      ],
      [
       80.7520215,
       8.0380737
      ],
      [
       80.7591763,
       8.0357798
      ],
      [
       80.7660955,
       8.0328621
      ],
      [
       80.7727236,
       8.0293439
      ],
      [
       80.7790078,
       8.0252534
      ],
      [
       80.7848977,
       8.0206232
      ],
      [
       80.7903461,
       8.0154906
      ],
      [
       80.7953097,
       8.0098964
      ],
      [
       80.7997485,
       8.0038854
      ],
      [
       80.8036273,
       7.9975058
      ],
      [
       80.806915,
       7.9908086
      ],
      [
       80.8095852,
       7.9838472
      ],
      [
       80.8116168,
       7.9766775
      ],
      [
       80.8129934,
       7.9693567
      ],
      [
       80.8137042,
       7.9619434
      ],
      [
       80.8137434,
       7.9544968
      ],
      [
       80.8131108,
       7.9470766
      ],
      [
       80.8118115,
       7.9397419
      ],
      [
       80.8098559,
       7.9325516
      ],
      [
       80.8072596,
       7.925563
      ],
      [
       80.8040435,
       7.918832
      ],
      [
       80.8002333,
       7.9124125
      ],
      [
       80.7958595,
       7.9063557
      ],
      [
       80.790957,
       7.90071
      ],
      [
       80.7855651,
       7.8955207
      ],
      [
       80.7797269,
       7.8908291
      ],
      [
       80.7734891,
       7.8866728
      ],
      [
       80.7669015,
       7.8830849
      ],
      [
       80.7600167,
       7.8800942
      ],
      [
       80.7528899,
       7.8777246
      ],
      [
       80.7455779,
       7.8759949
      ],
      [
       80.7381392,
       7.874919
      ],
      [
       80.7306332,
       7.8745056
      ],
      [
       80.72312,
       7.8747578
      ],
      [
       80.7156595,
       7.8756738
      ],
      [
       80.7083114,
       7.8772461
      ],
      [
       80.7011344,
       7.8794623
      ],
      [
       80.6941859,
       7.8823045
      ],
      [
       80.6875213,
       7.8857501
      ],
      [
       80.681194,
       7.8897716
      ],
      [
       80.6752546,
       7.8943368
      ],
      [
       80.6697505,
       7.8994092
      ],
      [
       80.6647257,
       7.9049483
      ],
      [
       80.6602204,
       7.9109098
      ],
      [
       80.6562707,
       7.917246
      ],
      [
       80.6529081,
       7.9239064
      ],
      [
       80.6501595,
       7.9308376
      ],
      [
       80.6480471,
       7.9379843
      ],
      [
       80.6465876,
       7.9452893
      ],
      [
       80.6457927,
       7.9526943
      ],
      [
       80.645669,
       7.9601399
      ],
      [
       80.6462174,
       7.9675668
      ],
      [
       80.6474335,
       7.9749154
      ],
      [
       80.6493077,
       7.982127
      ],
      [
       80.6518249,
       7.989144
      ],
      [
       80.6549652,
       7.9959103
      ],
      [
       80.6587034,
       8.0023716
      ],
      [
       80.6630097,
       8.0084764
      ],
      [
       80.6678496,
       8.0141758
      ],
      [
       80.6731844,
       8.0194243
      ],
      [
       80.6789715,
       8.0241797
      ],
      [
       80.6851647,
       8.0284042
      ],
      [
       80.6917142,
       8.0320638
      ],
      [
       80.6985679,
       8.0351293
      ],
      [
       80.7056708,
       8.0375763
      ],
      [
       80.7129661,
       8.039385
      ],
      [
       80.7203955,
       8.0405411
      ],
      [
       80.7278996,
       8.0410353
      ],
      [
       80.7297222,
       8.0410549
      ]
     ]
    ]
   }
  },
  {
   "type": "Feature",
   "properties": {
    "ll": {
     "value": 0,
     "unit": 1,
     "referenceDatum": 0
    },
    "ul": {
     "value": 150,
     "unit": 6,
     "referenceDatum": 2
    },
    "_id": "62615149cb27f42509465a37",
    "name": "VCR17 RESTRICTED",
    "type": 1,
    "icao": 7,
    "bnd": [
     [
      8.4756167,
      81.1599853
     ],
     [
      8.642166,
      81.3283158
     ]
    ]
   },
   "geometry": {
    "type": "Polygon",
    "coordinates": [
     [
      [
       81.2441667,
       8.642166
      ],
      [
       81.2516913,
       8.641833
      ],
      [
       81.2591557,
       8.6408366
      ],
      [
       81.2665003,
       8.6391848
      ],
      [
       81.2736661,
       8.6368909
      ],
      [
       81.2805959,
       8.6339731
      ],
      [
       81.2872342,
       8.6304548
      ],
      [
       81.293528,
       8.6263643
      ],
      [
       81.2994268,
       8.6217341
      ],
      [
       81.3048836,
       8.6166013
      ],
      [
       81.3098547,
       8.6110071
      ],
      [
       81.3143003,
       8.6049961
      ],
      [
       81.3181849,
       8.5986164
      ],
      [
       81.3214775,
       8.5919191
      ],
      [
       81.3241518,
       8.5849578
      ],
      [
       81.3261863,
       8.577788
      ],
      [
       81.327565,
       8.5704672
      ],
      [
       81.3282767,
       8.5630538
      ],
      [
       81.3283158,
       8.5556073
      ],
      [
       81.3276822,
       8.548187
      ],
      [
       81.3263807,
       8.5408524
      ],
      [
       81.324422,
       8.5336621
      ],
      [
       81.3218217,
       8.5266735
      ],
      [
       81.3186007,
       8.5199426
      ],
      [
       81.3147846,
       8.5135231
      ],
      [
       81.3104041,
       8.5074664
      ],
      [
       81.3054941,
       8.5018208
      ],
      [
       81.300094,
       8.4966315
      ],
      [
       81.294247,
       8.49194
      ],
      [
       81.2879997,
       8.4877837
      ],
      [
       81.2814021,
       8.4841959
      ],
      [
       81.2745069,
       8.4812052
      ],
      [
       81.2673693,
       8.4788356
      ],
      [
       81.2600462,
       8.477106
      ],
      [
       81.2525963,
       8.4760301
      ],
      [
       81.245079,
       8.4756167
      ],
      [
       81.2375545,
       8.475869
      ],
      [
       81.2300827,
       8.4767849
      ],
      [
       81.2227236,
       8.4783572
      ],
      [
       81.2155357,
       8.4805733
      ],
      [
       81.2085767,
       8.4834155
      ],
      [
       81.201902,
       8.4868611
      ],
      [
       81.1955652,
       8.4908825
      ],
      [
       81.1896167,
       8.4954476
      ],
      [
       81.1841042,
       8.5005199
      ],
      [
       81.1790717,
       8.506059
      ],
      [
       81.1745595,
       8.5120204
      ],
      [
       81.1706037,
       8.5183566
      ],
      [
       81.167236,
       8.5250169
      ],
      [
       81.1644831,
       8.5319481
      ],
      [
       81.1623673,
       8.5390948
      ],
      [
       81.1609055,
       8.5463998
      ],
      [
       81.1601094,
       8.5538047
      ],
      [
       81.1599853,
       8.5612504
      ],
      [
       81.1605344,
       8.5686772
      ],
      [
       81.1617523,
       8.5760259
      ],
      [
       81.1636292,
       8.5832376
      ],
      [
       81.1661502,
       8.5902546
      ],
      [
       81.1692952,
       8.5970209
      ],
      [
       81.1730391,
       8.6034823
      ],
      [
       81.1773518,
       8.6095871
      ],
      [
       81.1821991,
       8.6152866
      ],
      [
       81.1875421,
       8.6205351
      ],
      [
       81.193338,
       8.6252906
      ],
      [
       81.1995406,
       8.6295151
      ],
      [
       81.2061002,
       8.6331748
      ],
      [
       81.2129644,
       8.6362404
      ],
      [
       81.2200782,
       8.6386873
      ],
      [
       81.2273848,
       8.6404961
      ],
      [
       81.2348256,
       8.6416522
      ],
      [
       81.2423412,
       8.6421464
      ],
      [
       81.2441667,
       8.642166
      ]
     ]
    ]
   }
  },
  {
   "type": "Feature",
   "properties": {
    "ll": {
     "value": 0,
     "unit": 1,
     "referenceDatum": 0
    },
    "ul": {
     "value": 100,
     "unit": 6,
     "referenceDatum": 2
    },
    "_id": "62615149cb27f42509465a46",
    "name": "VCR19 RESTRICTED",
    "type": 1,
    "icao": 7,
    "bnd": [
     [
      7.2769841,
      80.624662
     ],
     [
      7.3102665,
      80.658173
     ]
    ]
   },
   "geometry": {
    "type": "Polygon",
    "coordinates": [
     [
      [
       80.6413889,
       7.3102665
      ],
      [
       80.6447249,
       7.3099345
      ],
      [
       80.6479279,
       7.3089517
      ],
      [
       80.6508703,
       7.3073573
      ],
      [
       80.6534345,
       7.3052149
      ],
      [
       80.6555185,
       7.3026099
      ],
      [
       80.6570392,
       7.2996461
      ],
      [
       80.657936,
       7.2964417
      ],
      [
       80.658173,
       7.2931245
      ],
      [
       80.6577409,
       7.2898267
      ],
      [
       80.6566569,
       7.2866798
      ],
      [
       80.6549643,
       7.2838092
      ],
      [
       80.6527305,
       7.2813294
      ],
      [
       80.6500445,
       7.2793392
      ],
      [
       80.6470136,
       7.277918
      ],
      [
       80.6437584,
       7.2771224
      ],
      [
       80.6404087,
       7.2769841
      ],
      [
       80.6370982,
       7.2775087
      ],
      [
       80.6339587,
       7.2786752
      ],
      [
       80.6311153,
       7.2804371
      ],
      [
       80.6286815,
       7.2827242
      ],
      [
       80.6267543,
       7.2854454
      ],
      [
       80.6254105,
       7.2884921
      ],
      [
       80.6247036,
       7.2917429
      ],
      [
       80.624662,
       7.2950681
      ],
      [
       80.6252872,
       7.2983353
      ],
      [
       80.6265543,
       7.3014142
      ],
      [
       80.6284129,
       7.304182
      ],
      [
       80.6307888,
       7.3065284
      ],
      [
       80.6335874,
       7.3083597
      ],
      [
       80.636697,
       7.3096031
      ],
      [
       80.6399937,
       7.3102089
      ],
      [
       80.6413889,
       7.3102665
      ]
     ]
    ]
   }
  },
  {
   "type": "Feature",
   "properties": {
    "ll": {
     "value": 0,
     "unit": 1,
     "referenceDatum": 0
    },
    "ul": {
     "value": 30,
     "unit": 6,
     "referenceDatum": 2
    },
    "_id": "62615149cb27f42509465a54",
    "name": "VCR20 RESTRICTED",
    "type": 1,
    "icao": 7,
    "bnd": [
     [
      6.7828149,
      80.9239854
     ],
     [
      6.8494219,
      80.9910443
     ]
    ]
   },
   "geometry": {
    "type": "Polygon",
    "coordinates": [
     [
      [
       80.9575,
       6.8494219
      ],
      [
       80.9622299,
       6.8490892
      ],
      [
       80.9668653,
       6.8480977
      ],
      [
       80.9713136,
       6.8464673
      ],
      [
       80.9754859,
       6.8442304
      ],
      [
       80.9792989,
       6.8414318
      ],
      [
       80.9826764,
       6.8381274
      ],
      [
       80.9855509,
       6.8343833
      ],
      [
       80.987865,
       6.8302741
      ],
      [
       80.9895726,
       6.8258821
      ],
      [
       80.9906394,
       6.8212949
      ],
      [
       80.9910443,
       6.8166042
      ],
      [
       80.9907791,
       6.8119036
      ],
      [
       80.9898492,
       6.8072871
      ],
      [
       80.9882731,
       6.8028469
      ],
      [
       80.9860824,
       6.7986717
      ],
      [
       80.9833209,
       6.7948448
      ],
      [
       80.9800436,
       6.7914427
      ],
      [
       80.9763161,
       6.7885334
      ],
      [
       80.9722128,
       6.7861748
      ],
      [
       80.9678157,
       6.7844143
      ],
      [
       80.9632125,
       6.7832868
      ],
      [
       80.9584953,
       6.7828149
      ],
      [
       80.9537582,
       6.7830081
      ],
      [
       80.9490958,
       6.7838625
      ],
      [
       80.9446013,
       6.785361
      ],
      [
       80.9403643,
       6.7874737
      ],
      [
       80.9364696,
       6.7901584
      ],
      [
       80.9329949,
       6.7933615
      ],
      [
       80.9300096,
       6.7970191
      ],
      [
       80.9275734,
       6.8010579
      ],
      [
       80.9257349,
       6.8053975
      ],
      [
       80.9245309,
       6.8099511
      ],
      [
       80.9239854,
       6.8146277
      ],
      [
       80.9241093,
       6.819334
      ],
      [
       80.9249003,
       6.823976
      ],
      [
       80.9263424,
       6.8284609
      ],
      [
       80.928407,
       6.8326991
      ],
      [
       80.9310528,
       6.8366059
      ],
      [
       80.9342269,
       6.8401034
      ],
      [
       80.937866,
       6.8431216
      ],
      [
       80.9418973,
       6.8456003
      ],
      [
       80.9462403,
       6.8474898
      ],
      [
       80.9508083,
       6.8487526
      ],
      [
       80.95551,
       6.8493633
      ],
      [
       80.9575,
       6.8494219
      ]
     ]
    ]
   }
  },
  {
   "type": "Feature",
   "properties": {
    "ll": {
     "value": 0,
     "unit": 1,
     "referenceDatum": 0
    },
    "ul": {
     "value": 245,
     "unit": 6,
     "referenceDatum": 2
    },
    "_id": "62615149cb27f42509465a64",
    "name": "VCR23 RESTRICTED",
    "type": 1,
    "icao": 7,
    "bnd": [
     [
      6.8675,
      79.8166667
     ],
     [
      6.9830556,
      79.9761111
     ]
    ]
   },
   "geometry": {
    "type": "Polygon",
    "coordinates": [
     [
      [
       79.9647222,
       6.9830556
      ],
      [
       79.9761111,
       6.9566667
      ],
      [
       79.9272222,
       6.8675
      ],
      [
       79.8166667,
       6.8675
      ],
      [
       79.8166667,
       6.9483333
      ],
      [
       79.8591667,
       6.9805556
      ],
      [
       79.9647222,
       6.9830556
      ]
     ]
    ]
   }
  },
  {
   "type": "Feature",
   "properties": {
    "ll": {
     "value": 0,
     "unit": 1,
     "referenceDatum": 0
    },
    "ul": {
     "value": 50,
     "unit": 6,
     "referenceDatum": 2
    },
    "_id": "62615149cb27f42509465a66",
    "name": "VCR32 RESTRICTED",
    "type": 1,
    "icao": 7,
    "bnd": [
     [
      9.7783333,
      80.0636111
     ],
     [
      9.7994444,
      80.085
     ]
    ]
   },
   "geometry": {
    "type": "Polygon",
    "coordinates": [
     [
      [
       80.0636111,
       9.7833333
      ],
      [
       80.08,
       9.7994444
      ],
      [
       80.085,
       9.7938889
      ],
      [
       80.0686111,
       9.7783333
      ],
      [
       80.0636111,
       9.7833333
      ]
     ]
    ]
   }
  },
  {
   "type": "Feature",
   "properties": {
    "ll": {
     "value": 0,
     "unit": 1,
     "referenceDatum": 0
    },
    "ul": {
     "value": 50,
     "unit": 6,
     "referenceDatum": 2
    },
    "_id": "62615149cb27f42509465a7a",
    "name": "VCR33 RESTRICTED",
    "type": 1,
    "icao": 7,
    "bnd": [
     [
      9.8089087,
      80.0235254
     ],
     [
      9.8255499,
      80.0403923
     ]
    ]
   },
   "geometry": {
    "type": "Polygon",
    "coordinates": [
     [
      [
       80.0319444,
       9.8255499
      ],
      [
       80.0336235,
       9.8253839
      ],
      [
       80.0352357,
       9.8248925
      ],
      [
       80.0367166,
       9.8240953
      ],
      [
       80.0380073,
       9.8230241
      ],
      [
       80.0390562,
       9.8217216
      ],
      [
       80.0398216,
       9.8202397
      ],
      [
       80.040273,
       9.8186376
      ],
      [
       80.0403923,
       9.816979
      ],
      [
       80.0401748,
       9.8153301
      ],
      [
       80.0396293,
       9.8137566
      ],
      [
       80.0387773,
       9.8123213
      ],
      [
       80.037653,
       9.8110814
      ],
      [
       80.0363011,
       9.8100863
      ],
      [
       80.0347755,
       9.8093757
      ],
      [
       80.0331371,
       9.8089779
      ],
      [
       80.0314511,
       9.8089087
      ],
      [
       80.0297848,
       9.809171
      ],
      [
       80.0282046,
       9.8097543
      ],
      [
       80.0267735,
       9.8106352
      ],
      [
       80.0255485,
       9.8117788
      ],
      [
       80.0245784,
       9.8131394
      ],
      [
       80.0239021,
       9.8146627
      ],
      [
       80.0235463,
       9.8162881
      ],
      [
       80.0235254,
       9.8179508
      ],
      [
       80.0238401,
       9.8195844
      ],
      [
       80.0244779,
       9.8211238
      ],
      [
       80.0254133,
       9.8225077
      ],
      [
       80.0266092,
       9.8236809
      ],
      [
       80.0280178,
       9.8245965
      ],
      [
       80.0295829,
       9.8252182
      ],
      [
       80.0312422,
       9.8255211
      ],
      [
       80.0319444,
       9.8255499
      ]
     ]
    ]
   }
  }
 ]
}