{
 "type": "FeatureCollection",
 "countryCode": "cz",
 "features": [
  {
   "type": "Feature",
   "properties": {
    "ll": {
     "value": 0,
     "unit": 1,
     "referenceDatum": 0
    },
    "ul": {
     "value": 3500,
     "unit": 1,
     "referenceDatum": 1
    },
    "_id": "626148801eacded7b7bb3525",
    "name": "CTR KARLOVY VARY 121.230",
    "type": 4,
    "icao": 3,
    "bnd": [
     [
      50.1032587,
      12.6622222
     ],
     [
      50.3216667,
      13.1769444
     ]
    ]
   },
   "geometry": {
    "type": "Polygon",
    "coordinates": [
     [
      [
       12.7247222,
       50.3216667
      ],
      [
       13.1769444,
       50.1977778
      ],
      [
       13.1136111,
       50.1033333
      ],
      [
       13.0197222,
       50.1291667
      ],
      [
       13.0099609,
       50.123942
      ],
      [
       12.999569,
       50.1192447
      ],
      [
       12.9886158,
       50.1151058
      ],
      [
       12.977174,
       50.1115529
      ],
      [
       12.9653198,
       50.1086095
      ],
      [
       12.9531317,
       50.1062952
      ],
      [
       12.9406907,
       50.1046253
      ],
      [
       12.9280793,
       50.1036109
      ],
      [
       12.9153812,
       50.1032587
      ],
      [
       12.9026806,
       50.1035711
      ],
      [
       12.8900617,
       50.1045459
      ],
      [
       12.8776081,
       50.1061768
      ],
      [
       12.8654026,
       50.1084528
      ],
      [
       12.853526,
       50.111359
      ],
      [
       12.8420574,
       50.114876
      ],
      [
       12.8310727,
       50.1189804
      ],
      [
       12.8206452,
       50.1236451
      ],
      [
       12.8108442,
       50.1288391
      ],
      [
       12.801735,
       50.1345278
      ],
      [
       12.7933783,
       50.1406736
      ],
      [
       12.7858301,
       50.1472355
      ],
      [
       12.7791407,
       50.1541699
      ],
      [
       12.7733552,
       50.1614307
      ],
      [
       12.7685124,
       50.1689696
      ],
      [
       12.764645,
       50.1767364
      ],
      [
       12.7617792,
       50.1846794
      ],
      [
       12.7599347,
       50.1927456
      ],
      [
       12.7594444,
       50.2002778
      ],
      [
       12.6622222,
       50.2266667
      ],
      [
       12.7247222,
       50.3216667
      ]
     ]
    ]
   }
  },
  {
   "type": "Feature",
   "properties": {
    "ll": {
     "value": 0,
     "unit": 1,
     "referenceDatum": 0
    },
    "ul": {
     "value": 5000,
     "unit": 1,
     "referenceDatum": 1
    },
    "_id": "626148805e9ded571043e25e",
    "name": "CTR KUNOVICE 120.105",
    "type": 4,
    "icao": 3,
    "bnd": [
     [
      48.9072216,
      17.2891658
     ],
     [
      49.2175006,
      17.6752787
     ]
    ]
   },
   "geometry": {
    "type": "Polygon",
    "coordinates": [
     [
      [
       17.4450006,
       48.930555
      ],
      [
       17.4283341,
       48.907222
      ],
      [
       17.4283341,
       48.9072219
      ],
      [
       17.4283339,
       48.9072218
      ],
      [
       17.4283338,
       48.9072217
      ],
      [
       17.4283336,
       48.9072217
      ],
      [
       17.4283334,
       48.9072216
      ],
      [
       17.4283332,
       48.9072216
      ],
      [
       17.4283331,
       48.9072217
      ],
      [
       17.2969442,
       48.9352772
      ],
      [
       17.296944,
       48.9352773
      ],
      [
       17.2969439,
       48.9352773
      ],
      [
       17.2969438,
       48.9352774
      ],
      [
       17.2969437,
       48.9352775
      ],
      [
       17.2969436,
       48.9352776
      ],
      [
       17.2969436,
       48.9352777
      ],
      [
       17.2969435,
       48.9352778
      ],
      [
       17.2969436,
       48.9352779
      ],
      [
       17.2969436,
       48.935278
      ],
      [
       17.3208323,
       48.9688888
      ],
      [
       17.3138882,
       48.9752774
      ],
      [
       17.3138881,
       48.9752775
      ],
      [
       17.3105548,
       48.9788886
      ],
      [
       17.3072215,
       48.9824997
      ],
      [
       17.3072214,
       48.9824997
      ],
      [
       17.3041659,
       48.9863886
      ],
      [
       17.3041658,
       48.9863887
      ],
      [
       17.3013881,
       48.9905553
      ],
      [
       17.3013881,
       48.9905553
      ],
      [
       17.2988881,
       48.9944442
      ],
      [
       17.298888,
       48.9944442
      ],
      [
       17.2966658,
       48.9986109
      ],
      [
       17.2966658,
       48.9986109
      ],
      [
       17.2947214,
       49.0027776
      ],
      [
       17.2947214,
       49.0027776
      ],
      [
       17.2930547,
       49.0069443
      ],
      [
       17.2930547,
       49.0069443
      ],
      [
       17.2916658,
       49.011111
      ],
      [
       17.2916658,
       49.011111
      ],
      [
       17.2905547,
       49.0155555
      ],
      [
       17.2905547,
       49.0155555
      ],
      [
       17.2897213,
       49.0199999
      ],
      [
       17.2897213,
       49.0199999
      ],
      [
       17.2891658,
       49.0241666
      ],
      [
       17.2891658,
       49.0241667
      ],
      [
       17.2891658,
       49.0330556
      ],
      [
       17.2891658,
       49.0330556
      ],
      [
       17.2894435,
       49.0372222
      ],
      [
       17.2894435,
       49.0372223
      ],
      [
       17.2899991,
       49.0416667
      ],
      [
       17.2899991,
       49.0416668
      ],
      [
       17.2911102,
       49.0458334
      ],
      [
       17.2922213,
       49.0502779
      ],
      [
       17.2922214,
       49.0502779
      ],
      [
       17.293888,
       49.0544446
      ],
      [
       17.2955547,
       49.0586113
      ],
      [
       17.2955547,
       49.0586113
      ],
      [
       17.2977769,
       49.062778
      ],
      [
       17.2999992,
       49.0669446
      ],
      [
       17.2999992,
       49.0669447
      ],
      [
       17.302777,
       49.0708336
      ],
      [
       17.3055547,
       49.0747225
      ],
      [
       17.3055548,
       49.0747225
      ],
      [
       17.3088881,
       49.0786114
      ],
      [
       17.3088881,
       49.0786114
      ],
      [
       17.3122215,
       49.0822225
      ],
      [
       17.3122215,
       49.0822225
      ],
      [
       17.3158326,
       49.0861114
      ],
      [
       17.3158326,
       49.0861115
      ],
      [
       17.3199993,
       49.0894448
      ],
      [
       17.3241659,
       49.0930559
      ],
      [
       17.324166,
       49.0930559
      ],
      [
       17.3283327,
       49.0961115
      ],
      [
       17.3283327,
       49.0961115
      ],
      [
       17.3330549,
       49.0994448
      ],
      [
       17.3330549,
       49.0994449
      ],
      [
       17.3377771,
       49.1025004
      ],
      [
       17.3377772,
       49.1025004
      ],
      [
       17.3427772,
       49.1052782
      ],
      [
       17.3427772,
       49.1052782
      ],
      [
       17.348055,
       49.108056
      ],
      [
       17.348055,
       49.108056
      ],
      [
       17.3533328,
       49.110556
      ],
      [
       17.3533328,
       49.110556
      ],
      [
       17.3588884,
       49.113056
      ],
      [
       17.3588884,
       49.1130561
      ],
      [
       17.3647218,
       49.1152783
      ],
      [
       17.3647218,
       49.1152783
      ],
      [
       17.3705551,
       49.1172227
      ],
      [
       17.3763885,
       49.1191672
      ],
      [
       17.3763885,
       49.1191672
      ],
      [
       17.3824996,
       49.1211116
      ],
      [
       17.3824997,
       49.1211117
      ],
      [
       17.3888886,
       49.1225006
      ],
      [
       17.3949997,
       49.1238894
      ],
      [
       17.3949997,
       49.1238894
      ],
      [
       17.4013886,
       49.1252783
      ],
      [
       17.4013887,
       49.1252784
      ],
      [
       17.4080554,
       49.1261117
      ],
      [
       17.4144443,
       49.126945
      ],
      [
       17.4144443,
       49.126945
      ],
      [
       17.421111,
       49.1275006
      ],
      [
       17.4277777,
       49.1280561
      ],
      [
       17.4277777,
       49.1280561
      ],
      [
       17.4344439,
       49.1283339
      ],
      [
       17.4533325,
       49.1547225
      ],
      [
       17.4533326,
       49.1547226
      ],
      [
       17.4533328,
       49.1547227
      ],
      [
       17.5761106,
       49.2175005
      ],
      [
       17.5761107,
       49.2175005
      ],
      [
       17.5761109,
       49.2175006
      ],
      [
       17.576111,
       49.2175006
      ],
      [
       17.5761112,
       49.2175006
      ],
      [
       17.5761113,
       49.2175006
      ],
      [
       17.5761115,
       49.2175005
      ],
      [
       17.6752782,
       49.1866672
      ],
      [
       17.6752783,
       49.1866671
      ],
      [
       17.6752784,
       49.1866671
      ],
      [
       17.6752785,
       49.186667
      ],
      [
       17.6752786,
       49.1866669
      ],
      [
       17.6752787,
       49.1866668
      ],
      [
       17.6752787,
       49.1866666
      ],
      [
       17.6752786,
       49.1866665
      ],
      [
       17.6752786,
       49.1866664
      ],
      [
       17.5830565,
       49.0599999
      ],
      [
       17.5863898,
       49.0516668
      ],
      [
       17.5863898,
       49.0516668
      ],
      [
       17.5877787,
       49.0475001
      ],
      [
       17.5877787,
       49.0475001
      ],
      [
       17.5888898,
       49.0430557
      ],
      [
       17.5888898,
       49.0430556
      ],
      [
       17.5897231,
       49.038889
      ],
      [
       17.5897231,
       49.0388889
      ],
      [
       17.5902787,
       49.0344445
      ],
      [
       17.5902787,
       49.0344444
      ],
      [
       17.5902787,
       49.0258333
      ],
      [
       17.5902787,
       49.0258333
      ],
      [
       17.5900009,
       49.0213889
      ],
      [
       17.5900009,
       49.0213888
      ],
      [
       17.5891676,
       49.0172221
      ],
      [
       17.5883342,
       49.0127777
      ],
      [
       17.5883342,
       49.0127777
      ],
      [
       17.5869453,
       49.008611
      ],
      [
       17.5869453,
       49.008611
      ],
      [
       17.5852787,
       49.0041665
      ],
      [
       17.5852786,
       49.0041665
      ],
      [
       17.583612,
       48.9999999
      ],
      [
       17.583612,
       48.9999998
      ],
      [
       17.5813897,
       48.9958331
      ],
      [
       17.5813897,
       48.9958331
      ],
      [
       17.5791675,
       48.9919442
      ],
      [
       17.5791675,
       48.9919442
      ],
      [
       17.5763897,
       48.9877775
      ],
      [
       17.5763897,
       48.9877775
      ],
      [
       17.5736119,
       48.9838886
      ],
      [
       17.5736119,
       48.9838886
      ],
      [
       17.5702786,
       48.9802775
      ],
      [
       17.5669452,
       48.9763886
      ],
      [
       17.5669452,
       48.9763886
      ],
      [
       17.5633341,
       48.9727775
      ],
      [
       17.563334,
       48.9727774
      ],
      [
       17.5591674,
       48.9691663
      ],
      [
       17.5591674,
       48.9691663
      ],
      [
       17.5550007,
       48.965833
      ],
      [
       17.550834,
       48.9624996
      ],
      [
       17.550834,
       48.9624996
      ],
      [
       17.5461117,
       48.959444
      ],
      [
       17.5413895,
       48.9563885
      ],
      [
       17.5413895,
       48.9563884
      ],
      [
       17.5363895,
       48.9536107
      ],
      [
       17.5363895,
       48.9536107
      ],
      [
       17.5311117,
       48.9508329
      ],
      [
       17.5311116,
       48.9508329
      ],
      [
       17.5258339,
       48.9483329
      ],
      [
       17.5258338,
       48.9483328
      ],
      [
       17.5202783,
       48.9458328
      ],
      [
       17.5202782,
       48.9458328
      ],
      [
       17.5144449,
       48.9436106
      ],
      [
       17.5086116,
       48.9413884
      ],
      [
       17.5086115,
       48.9413883
      ],
      [
       17.5027782,
       48.9397217
      ],
      [
       17.4966671,
       48.9377772
      ],
      [
       17.496667,
       48.9377772
      ],
      [
       17.4905558,
       48.9363883
      ],
      [
       17.4905558,
       48.9363883
      ],
      [
       17.4841669,
       48.9349994
      ],
      [
       17.4777781,
       48.9336106
      ],
      [
       17.477778,
       48.9336105
      ],
      [
       17.4713891,
       48.9327772
      ],
      [
       17.4713891,
       48.9327772
      ],
      [
       17.4647224,
       48.9319439
      ],
      [
       17.4647223,
       48.9319439
      ],
      [
       17.4583335,
       48.9313883
      ],
      [
       17.4583334,
       48.9313883
      ],
      [
       17.4516668,
       48.9308327
      ],
      [
       17.4516667,
       48.9308327
      ],
      [
       17.4450006,
       48.930555
      ]
     ]
    ]
   }
  },
  {
   "type": "Feature",
   "properties": {
    "ll": {
     "value": 0,
     "unit": 1,
     "referenceDatum": 0
    },
    "ul": {
     "value": 2500,
     "unit": 1,
     "referenceDatum": 1
    },
    "_id": "626148801eacded7b7bb3538",
    "name": "CTR MOSNOV 120.805",
    "type": 4,
    "icao": 3,
    "bnd": [
     [
      49.5513889,
      17.8822222
     ],
     [
      49.8416667,
      18.3416667
     ]
    ]
   },
   "geometry": {
    "type": "Polygon",
    "coordinates": [
     [
      [
       18.2786111,
       49.7377778
      ],
      [
       18.2832718,
       49.7295102
      ],
      [
       18.2866681,
       49.720984
      ],
      [
       18.2890568,
       49.7123161
      ],
      [
       18.2904249,
       49.7035562
      ],
      [
       18.2907649,
       49.6947546
      ],
      [
       18.2900755,
       49.6859615
      ],
      [
       18.2883611,
       49.6772272
      ],
      [
       18.2856323,
       49.6686017
      ],
      [
       18.281905,
       49.6601343
      ],
      [
       18.277201,
       49.6518733
      ],
      [
       18.2715478,
       49.6438659
      ],
      [
       18.264978,
       49.6361577
      ],
      [
       18.2575294,
       49.6287926
      ],
      [
       18.249245,
       49.6218128
      ],
      [
       18.2401723,
       49.6152579
      ],
      [
       18.2303633,
       49.6091652
      ],
      [
       18.219874,
       49.6035695
      ],
      [
       18.2087643,
       49.5985025
      ],
      [
       18.1970977,
       49.5939931
      ],
      [
       18.1849406,
       49.590067
      ],
      [
       18.1723622,
       49.5867464
      ],
      [
       18.1594342,
       49.5840503
      ],
      [
       18.1462299,
       49.5819939
      ],
      [
       18.1328246,
       49.580589
      ],
      [
       18.1192944,
       49.5798435
      ],
      [
       18.105716,
       49.5797616
      ],
      [
       18.0921668,
       49.5803439
      ],
      [
       18.0787236,
       49.581587
      ],
      [
       18.0654628,
       49.5834838
      ],
      [
       18.0524598,
       49.5860236
      ],
      [
       18.0397886,
       49.5891919
      ],
      [
       18.0388889,
       49.5894444
      ],
      [
       17.9780556,
       49.5513889
      ],
      [
       17.9705556,
       49.5566667
      ],
      [
       17.8822222,
       49.6163889
      ],
      [
       17.9433333,
       49.6544444
      ],
      [
       17.9383631,
       49.662638
      ],
      [
       17.9349332,
       49.6711624
      ],
      [
       17.9325072,
       49.6798301
      ],
      [
       17.9310995,
       49.6885916
      ],
      [
       17.9307186,
       49.6973969
      ],
      [
       17.9313674,
       49.7061957
      ],
      [
       17.9330426,
       49.7149375
      ],
      [
       17.9357353,
       49.7235725
      ],
      [
       17.9394305,
       49.7320512
      ],
      [
       17.9441076,
       49.740325
      ],
      [
       17.9497403,
       49.7483466
      ],
      [
       17.9562968,
       49.7560699
      ],
      [
       17.9637398,
       49.7634506
      ],
      [
       17.9720272,
       49.7704465
      ],
      [
       17.9811116,
       49.7770172
      ],
      [
       17.9909412,
       49.7831251
      ],
      [
       18.0014598,
       49.7887352
      ],
      [
       18.0126071,
       49.793815
      ],
      [
       18.0243193,
       49.7983355
      ],
      [
       18.0365292,
       49.8022707
      ],
      [
       18.0491666,
       49.8055978
      ],
      [
       18.0621588,
       49.8082978
      ],
      [
       18.0754312,
       49.8103552
      ],
      [
       18.0889074,
       49.8117579
      ],
      [
       18.1025098,
       49.8124981
      ],
      [
       18.1161601,
       49.8125715
      ],
      [
       18.1297798,
       49.8119775
      ],
      [
       18.1432904,
       49.8107197
      ],
      [
       18.1566141,
       49.8088052
      ],
      [
       18.1696744,
       49.8062452
      ],
      [
       18.1813889,
       49.8033333
      ],
      [
       18.2461111,
       49.8416667
      ],
      [
       18.3416667,
       49.7772222
      ],
      [
       18.2786111,
       49.7377778
      ]
     ]
    ]
   }
  },
  {
   "type": "Feature",
   "properties": {
    "ll": {
     "value": 0,
     "unit": 1,
     "referenceDatum": 0
    },
    "ul": {
     "value": 3500,
     "unit": 1,
     "referenceDatum": 1
    },
    "_id": "626148805e9ded571043e26b",
    "name": "CTR RUZYNE 134.560",
    "type": 4,
    "icao": 3,
    "bnd": [
     [
      49.9876726,
      14.0336111
     ],
     [
      50.2341667,
      14.5619444
     ]
    ]
   },
   "geometry": {
    "type": "Polygon",
    "coordinates": [
     [
      [
       14.1758333,
       50.2341667
      ],
      [
       14.5463889,
       50.1755556
      ],
      [
       14.5619444,
       50.1544444
      ],
      [
       14.4311111,
       50.1147222
      ],
      [
       14.4305556,
       50.0744444
      ],
      [
       14.475,
       50.0527778
      ],
      [
       14.4703018,
       50.043559
      ],
      [
       14.4642197,
       50.0346743
      ],
      [
       14.4572056,
       50.0260781
      ],
      [
       14.4492929,
       50.0178106
      ],
      [
       14.4405193,
       50.0099106
      ],
      [
       14.4309261,
       50.0024151
      ],
      [
       14.4205587,
       49.9953593
      ],
      [
       14.4163889,
       49.9927778
      ],
      [
       14.3486111,
       50.0016667
      ],
      [
       14.3368698,
       49.9977795
      ],
      [
       14.3246923,
       49.9944946
      ],
      [
       14.3121532,
       49.9918321
      ],
      [
       14.2993292,
       49.9898083
      ],
      [
       14.2862987,
       49.9884355
      ],
      [
       14.2731414,
       49.9877222
      ],
      [
       14.2599378,
       49.9876726
      ],
      [
       14.2467685,
       49.9882871
      ],
      [
       14.233714,
       49.989562
      ],
      [
       14.2208542,
       49.9914894
      ],
      [
       14.2082677,
       49.9940576
      ],
      [
       14.1960315,
       49.9972509
      ],
      [
       14.1842205,
       50.0010496
      ],
      [
       14.172907,
       50.0054307
      ],
      [
       14.1621605,
       50.0103673
      ],
      [
       14.1520469,
       50.0158291
      ],
      [
       14.1426282,
       50.0217828
      ],
      [
       14.1339626,
       50.0281918
      ],
      [
       14.1338889,
       50.0283333
      ],
      [
       14.0736111,
       50.0108333
      ],
      [
       14.0652023,
       50.0192307
      ],
      [
       14.0576806,
       50.0279691
      ],
      [
       14.0510798,
       50.0370098
      ],
      [
       14.0454295,
       50.0463128
      ],
      [
       14.0407556,
       50.0558368
      ],
      [
       14.0370791,
       50.0655394
      ],
      [
       14.0344172,
       50.0753778
      ],
      [
       14.0336111,
       50.0805556
      ],
      [
       14.1325,
       50.1102778
      ],
      [
       14.0486111,
       50.1508333
      ],
      [
       14.0544736,
       50.1600833
      ],
      [
       14.0616084,
       50.1689648
      ],
      [
       14.0696542,
       50.1775214
      ],
      [
       14.0785755,
       50.1857149
      ],
      [
       14.0883328,
       50.1935087
      ],
      [
       14.0988829,
       50.200868
      ],
      [
       14.1101789,
       50.2077597
      ],
      [
       14.1221707,
       50.2141531
      ],
      [
       14.1348046,
       50.2200195
      ],
      [
       14.1480245,
       50.2253327
      ],
      [
       14.1617712,
       50.2300688
      ],
      [
       14.1758333,
       50.2341667
      ]
     ]
    ]
   }
  },
  {
   "type": "Feature",
   "properties": {
    "ll": {
     "value": 0,
     "unit": 1,
     "referenceDatum": 0
    },
    "ul": {
     "value": 2500,
     "unit": 1,
     "referenceDatum": 1
    },
    "_id": "626148805e9ded571043e274",
    "name": "CTR TURANY 119.605",
    "type": 4,
    "icao": 3,
    "bnd": [
     [
      49.0342168,
      16.4447222
     ],
     [
      49.2683896,
      16.9530556
     ]
    ]
   },
   "geometry": {
    "type": "Polygon",
    "coordinates": [
     [
      [
       16.5513889,
       49.2222222
      ],
      [
       16.5599621,
       49.2290471
      ],
      [
       16.5693012,
       49.2354297
      ],
      [
       16.579353,
       49.2413336
      ],
      [
       16.5900602,
       49.2467249
      ],
      [
       16.6013618,
       49.2515728
      ],
      [
       16.6131932,
       49.2558496
      ],
      [
       16.6254868,
       49.2595308
      ],
      [
       16.6381722,
       49.2625953
      ],
      [
       16.6511769,
       49.2650254
      ],
      [
       16.6644264,
       49.2668074
      ],
      [
       16.6778448,
       49.2679309
      ],
      [
       16.6913551,
       49.2683896
      ],
      [
       16.7048799,
       49.2681808
      ],
      [
       16.7183418,
       49.2673057
      ],
      [
       16.7316635,
       49.2657693
      ],
      [
       16.7447687,
       49.2635805
      ],
      [
       16.7575823,
       49.2607517
      ],
      [
       16.770031,
       49.2572992
      ],
      [
       16.7820436,
       49.2532428
      ],
      [
       16.7935513,
       49.2486057
      ],
      [
       16.8044885,
       49.2434144
      ],
      [
       16.8147926,
       49.2376987
      ],
      [
       16.8244051,
       49.2314912
      ],
      [
       16.8332711,
       49.2248275
      ],
      [
       16.8413402,
       49.2177457
      ],
      [
       16.8485668,
       49.2102863
      ],
      [
       16.8549099,
       49.2024918
      ],
      [
       16.8603337,
       49.1944069
      ],
      [
       16.8648077,
       49.1860775
      ],
      [
       16.8663889,
       49.1822222
      ],
      [
       16.9530556,
       49.1752778
      ],
      [
       16.9355556,
       49.0861111
      ],
      [
       16.8491667,
       49.0930556
      ],
      [
       16.8420039,
       49.0855701
      ],
      [
       16.8340027,
       49.0784588
      ],
      [
       16.8252086,
       49.0717619
      ],
      [
       16.8156717,
       49.0655172
      ],
      [
       16.8054462,
       49.0597601
      ],
      [
       16.7945901,
       49.0545232
      ],
      [
       16.7831651,
       49.049836
      ],
      [
       16.7712357,
       49.045725
      ],
      [
       16.7588695,
       49.0422134
      ],
      [
       16.7461363,
       49.0393211
      ],
      [
       16.7331083,
       49.0370644
      ],
      [
       16.7198588,
       49.035456
      ],
      [
       16.7064628,
       49.034505
      ],
      [
       16.6929958,
       49.0342168
      ],
      [
       16.6795338,
       49.034593
      ],
      [
       16.6661529,
       49.0356315
      ],
      [
       16.6529285,
       49.0373264
      ],
      [
       16.6399353,
       49.0396682
      ],
      [
       16.6272468,
       49.0426436
      ],
      [
       16.6149345,
       49.0462358
      ],
      [
       16.6030681,
       49.0504246
      ],
      [
       16.5917148,
       49.0551863
      ],
      [
       16.5809388,
       49.0604939
      ],
      [
       16.5708013,
       49.0663175
      ],
      [
       16.5613599,
       49.0726242
      ],
      [
       16.5526681,
       49.0793783
      ],
      [
       16.5447754,
       49.0865416
      ],
      [
       16.537727,
       49.0940735
      ],
      [
       16.5315631,
       49.1019313
      ],
      [
       16.526319,
       49.1100707
      ],
      [
       16.5220249,
       49.1184454
      ],
      [
       16.5211111,
       49.1208333
      ],
      [
       16.4447222,
       49.1302778
      ],
      [
       16.4658333,
       49.2388889
      ],
      [
       16.5513889,
       49.2222222
      ]
     ]
    ]
   }
  },
  {
   "type": "Feature",
   "properties": {
    "ll": {
     "value": 0,
     "unit": 1,
     "referenceDatum": 0
    },
    "ul": {
     "value": 3500,
     "unit": 1,
     "referenceDatum": 1
    },
    "_id": "626148801eacded7b7bb3548",
    "name": "CTR VODOCHODY 133.080",
    "type": 4,
    "icao": 3,
    "bnd": [
     [
      50.1755556,
      14.2477778
     ],
     [
      50.3127778,
      14.5688889
     ]
    ]
   },
   "geometry": {
    "type": "Polygon",
    "coordinates": [
     [
      [
       14.3352778,
       50.3127778
      ],
      [
       14.5688889,
       50.2347222
      ],
      [
       14.5463889,
       50.1755556
      ],
      [
       14.2477778,
       50.2227778
      ],
      [
       14.2722222,
       50.2866667
      ],
      [
       14.3352778,
       50.3127778
      ]
     ]
    ]
   }
  },
  {
   "type": "Feature",
   "properties": {
    "ll": {
     "value": 0,
     "unit": 1,
     "referenceDatum": 0
    },
    "ul": {
     "value": 95,
     "unit": 6,
     "referenceDatum": 2
    },
    "_id": "626148805e9ded571043e281",
    "name": "FIR PRAHA INFORMATION CECHY EAST (G, E) 136.175",
    "type": 0,
    "icao": 4,
    "bnd": [
     [
      48.73,
      14.6244444
     ],
     [
      51.0219444,
      17.7872222
     ]
    ]
   },
   "geometry": {
    "type": "Polygon",
    "coordinates": [
     [
      [
       14.7925,
       50.8236111
      ],
      [
       14.8030556,
       50.8244444
      ],
      [
       14.8233333,
       50.8705556
      ],
      [
       14.8263889,
       50.8661111
      ],
      [
       14.8661111,
       50.8702778
      ],
      [
       14.8697222,
       50.8775
      ],
      [
       14.8830556,
       50.8772222
      ],
      [
       14.9002778,
       50.8675
      ],
      [
       14.9697222,
       50.8627778
      ],
      [
       15.0058333,
       50.8702778
      ],
      [
       14.9905556,
       50.9205556
      ],
      [
       15.0180556,
       50.9505556
      ],
      [
       15.0091667,
       50.9861111
      ],
      [
       14.9844444,
       51.0075
      ],
      [
       14.9991667,
       51.0105556
      ],
      [
       15.0352778,
       51.0219444
      ],
      [
       15.0822222,
       51.0141667
      ],
      [
       15.1013889,
       51.0055556
      ],
      [
       15.1363889,
       50.9922222
      ],
      [
       15.1755556,
       51.0213889
      ],
      [
       15.1911111,
       50.9805556
      ],
      [
       15.2069444,
       50.9933333
      ],
      [
       15.24,
       50.9991667
      ],
      [
       15.2488889,
       50.9805556
      ],
      [
       15.2780556,
       50.9616667
      ],
      [
       15.2941667,
       50.9469444
      ],
      [
       15.27,
       50.9219444
      ],
      [
       15.2908333,
       50.8822222
      ],
      [
       15.3569444,
       50.8497222
      ],
      [
       15.3691667,
       50.8027778
      ],
      [
       15.3686111,
       50.7794444
      ],
      [
       15.4147222,
       50.7894444
      ],
      [
       15.4252778,
       50.8063889
      ],
      [
       15.45,
       50.8069444
      ],
      [
       15.4544444,
       50.8022222
      ],
      [
       15.4688889,
       50.7980556
      ],
      [
       15.4802778,
       50.7908333
      ],
      [
       15.4936111,
       50.7880556
      ],
      [
       15.5241667,
       50.7769444
      ],
      [
       15.5455556,
       50.7802778
      ],
      [
       15.5583333,
       50.7766667
      ],
      [
       15.5786111,
       50.7788889
      ],
      [
       15.5911111,
       50.7766667
      ],
      [
       15.6163889,
       50.7722222
      ],
      [
       15.6261111,
       50.7647222
      ],
      [
       15.6466667,
       50.7605556
      ],
      [
       15.6591667,
       50.7597222
      ],
      [
       15.68,
       50.7547222
      ],
      [
       15.6886111,
       50.7444444
      ],
      [
       15.695,
       50.7397222
      ],
      [
       15.7144444,
       50.7372222
      ],
      [
       15.7283333,
       50.7391667
      ],
      [
       15.7397222,
       50.7358333
      ],
      [
       15.7597222,
       50.7433333
      ],
      [
       15.7716667,
       50.7422222
      ],
      [
       15.7886111,
       50.7466667
      ],
      [
       15.7988889,
       50.7522222
      ],
      [
       15.8161111,
       50.7552778
      ],
      [
       15.8294444,
       50.7430556
      ],
      [
       15.8316667,
       50.73
      ],
      [
       15.8313889,
       50.7263889
      ],
      [
       15.8316667,
       50.7233333
      ],
      [
       15.8336111,
       50.7216667
      ],
      [
       15.8391667,
       50.7175
      ],
      [
       15.8427778,
       50.7125
      ],
      [
       15.8461111,
       50.7097222
      ],
      [
       15.8530556,
       50.7005556
      ],
      [
       15.8597222,
       50.6872222
      ],
      [
       15.8608333,
       50.6744444
      ],
      [
       15.8747222,
       50.6716667
      ],
      [
       15.885,
       50.6719444
      ],
      [
       15.8911111,
       50.6761111
      ],
      [
       15.9108333,
       50.6816667
      ],
      [
       15.9194444,
       50.6844444
      ],
      [
       15.9297222,
       50.6827778
      ],
      [
       15.9344444,
       50.6869444
      ],
      [
       15.9497222,
       50.69
      ],
      [
       15.9669444,
       50.6916667
      ],
      [
       15.9908333,
       50.6833333
      ],
      [
       15.9936111,
       50.6733333
      ],
      [
       15.9977778,
       50.6683333
      ],
      [
       16.0005556,
       50.6625
      ],
      [
       16.0033333,
       50.6511111
      ],
      [
       16.0008333,
       50.6447222
      ],
      [
       16.0069444,
       50.6394444
      ],
      [
       16.0083333,
       50.6344444
      ],
      [
       16.0216667,
       50.63
      ],
      [
       16.0080556,
       50.625
      ],
      [
       15.9866667,
       50.615
      ],
      [
       15.9902778,
       50.6102778
      ],
      [
       16.0083333,
       50.6044444
      ],
      [
       16.0147222,
       50.6055556
      ],
      [
       16.0169444,
       50.6022222
      ],
      [
       16.0247222,
       50.5986111
      ],
      [
       16.0425,
       50.6141667
      ],
      [
       16.0527778,
       50.6108333
      ],
      [
       16.0583333,
       50.6130556
      ],
      [
       16.0597222,
       50.6211111
      ],
      [
       16.0616667,
       50.6280556
      ],
      [
       16.0661111,
       50.6358333
      ],
      [
       16.0747222,
       50.6416667
      ],
      [
       16.0847222,
       50.6469444
      ],
      [
       16.0891667,
       50.6527778
      ],
      [
       16.0913889,
       50.6519444
      ],
      [
       16.0997222,
       50.6586111
      ],
      [
       16.1036111,
       50.6633333
      ],
      [
       16.1111111,
       50.6608333
      ],
      [
       16.1133333,
       50.6594444
      ],
      [
       16.1258333,
       50.6605556
      ],
      [
       16.1344444,
       50.6561111
      ],
      [
       16.1394444,
       50.6505556
      ],
      [
       16.1483333,
       50.6533333
      ],
      [
       16.1702778,
       50.6452778
      ],
      [
       16.1772222,
       50.6358333
      ],
      [
       16.1791667,
       50.6286111
      ],
      [
       16.1877778,
       50.6272222
      ],
      [
       16.1986111,
       50.6305556
      ],
      [
       16.2138889,
       50.6319444
      ],
      [
       16.2202778,
       50.6363889
      ],
      [
       16.2208333,
       50.6397222
      ],
      [
       16.2211111,
       50.6436111
      ],
      [
       16.225,
       50.6552778
      ],
      [
       16.23,
       50.6675
      ],
      [
       16.2422222,
       50.6694444
      ],
      [
       16.2583333,
       50.6669444
      ],
      [
       16.2686111,
       50.6672222
      ],
      [
       16.2794444,
       50.6655556
      ],
      [
       16.2816667,
       50.6611111
      ],
      [
       16.2875,
       50.6605556
      ],
      [
       16.3,
       50.6608333
      ],
      [
       16.3125,
       50.6622222
      ],
      [
       16.3166667,
       50.6644444
      ],
      [
       16.3316667,
       50.6636111
      ],
      [
       16.3394444,
       50.6622222
      ],
      [
       16.3438889,
       50.6572222
      ],
      [
       16.3497222,
       50.6491667
      ],
      [
       16.3558333,
       50.6466667
      ],
      [
       16.365,
       50.6463889
      ],
      [
       16.3736111,
       50.6363889
      ],
      [
       16.3780556,
       50.6341667
      ],
      [
       16.3858333,
       50.6247222
      ],
      [
       16.4027778,
       50.6177778
      ],
      [
       16.4127778,
       50.61
      ],
      [
       16.4227778,
       50.6061111
      ],
      [
       16.4316667,
       50.5983333
      ],
      [
       16.4336111,
       50.595
      ],
      [
       16.4408333,
       50.5875
      ],
      [
       16.4447222,
       50.5794444
      ],
      [
       16.4316667,
       50.5730556
      ],
      [
       16.4158333,
       50.5683333
      ],
      [
       16.4038889,
       50.5644444
      ],
      [
       16.4105556,
       50.5563889
      ],
      [
       16.4019444,
       50.5463889
      ],
      [
       16.3894444,
       50.5422222
      ],
      [
       16.3872222,
       50.5419444
      ],
      [
       16.3966667,
       50.5330556
      ],
      [
       16.3994444,
       50.5272222
      ],
      [
       16.3866667,
       50.5202778
      ],
      [
       16.3658333,
       50.5058333
      ],
      [
       16.3561111,
       50.5002778
      ],
      [
       16.3491667,
       50.4983333
      ],
      [
       16.3475,
       50.4963889
      ],
      [
       16.3422222,
       50.4972222
      ],
      [
       16.3380556,
       50.4994444
      ],
      [
       16.3341667,
       50.5016667
      ],
      [
       16.3255556,
       50.5047222
      ],
      [
       16.3180556,
       50.5075
      ],
      [
       16.3102778,
       50.505
      ],
      [
       16.3094444,
       50.4991667
      ],
      [
       16.3122222,
       50.4938889
      ],
      [
       16.3066667,
       50.4919444
      ],
      [
       16.3002778,
       50.4913889
      ],
      [
       16.2997222,
       50.485
      ],
      [
       16.2883333,
       50.4808333
      ],
      [
       16.2836111,
       50.4797222
      ],
      [
       16.2733333,
       50.4825
      ],
      [
       16.2713889,
       50.4844444
      ],
      [
       16.2708333,
       50.4830556
      ],
      [
       16.2697222,
       50.4808333
      ],
      [
       16.2744444,
       50.4763889
      ],
      [
       16.2683333,
       50.4758333
      ],
      [
       16.2586111,
       50.48
      ],
      [
       16.2513889,
       50.4752778
      ],
      [
       16.2491667,
       50.4716667
      ],
      [
       16.2455556,
       50.4644444
      ],
      [
       16.2380556,
       50.4658333
      ],
      [
       16.2333333,
       50.4666667
      ],
      [
       16.2352778,
       50.4633333
      ],
      [
       16.235,
       50.4597222
      ],
      [
       16.2311111,
       50.4594444
      ],
      [
       16.2261111,
       50.4597222
      ],
      [
       16.2202778,
       50.4577778
      ],
      [
       16.2311111,
       50.4513889
      ],
      [
       16.2338889,
       50.4486111
      ],
      [
       16.2308333,
       50.4444444
      ],
      [
       16.2302778,
       50.4425
      ],
      [
       16.2233333,
       50.4436111
      ],
      [
       16.2205556,
       50.4483333
      ],
      [
       16.2213889,
       50.4508333
      ],
      [
       16.2127778,
       50.4516667
      ],
      [
       16.205,
       50.4486111
      ],
      [
       16.1986111,
       50.4416667
      ],
      [
       16.1961111,
       50.4333333
      ],
      [
       16.1980556,
       50.4286111
      ],
      [
       16.2063889,
       50.4277778
      ],
      [
       16.21,
       50.4241667
      ],
      [
       16.2119444,
       50.4183333
      ],
      [
       16.2111111,
       50.4136111
      ],
      [
       16.2144444,
       50.4088889
      ],
      [
       16.2216667,
       50.4066667
      ],
      [
       16.23,
       50.4119444
      ],
      [
       16.2397222,
       50.4133333
      ],
      [
       16.2416667,
       50.4111111
      ],
      [
       16.2527778,
       50.4055556
      ],
      [
       16.2516667,
       50.4022222
      ],
      [
       16.2497222,
       50.3994444
      ],
      [
       16.2472222,
       50.3961111
      ],
      [
       16.2627778,
       50.3933333
      ],
      [
       16.2658333,
       50.3813889
      ],
      [
       16.2766667,
       50.3761111
      ],
      [
       16.2780556,
       50.3711111
      ],
      [
       16.2816667,
       50.3669444
      ],
      [
       16.2913889,
       50.37
      ],
      [
       16.2933333,
       50.3738889
      ],
      [
       16.2991667,
       50.3805556
      ],
      [
       16.3086111,
       50.3830556
      ],
      [
       16.3197222,
       50.3802778
      ],
      [
       16.3261111,
       50.3819444
      ],
      [
       16.3336111,
       50.3797222
      ],
      [
       16.3416667,
       50.3777778
      ],
      [
       16.3525,
       50.3786111
      ],
      [
       16.3605556,
       50.3794444
      ],
      [
       16.3647222,
       50.3738889
      ],
      [
       16.3677778,
       50.3669444
      ],
      [
       16.3658333,
       50.3572222
      ],
      [
       16.3619444,
       50.3497222
      ],
      [
       16.375,
       50.3422222
      ],
      [
       16.3905556,
       50.3233333
      ],
      [
       16.3991667,
       50.3191667
      ],
      [
       16.4105556,
       50.3244444
      ],
      [
       16.4258333,
       50.3252778
      ],
      [
       16.4330556,
       50.3225
      ],
      [
       16.4377778,
       50.3163889
      ],
      [
       16.4461111,
       50.3102778
      ],
      [
       16.4544444,
       50.3022222
      ],
      [
       16.4588889,
       50.2988889
      ],
      [
       16.4644444,
       50.2955556
      ],
      [
       16.4680556,
       50.29
      ],
      [
       16.4666667,
       50.2866667
      ],
      [
       16.48,
       50.2769444
      ],
      [
       16.4825,
       50.2713889
      ],
      [
       16.4869444,
       50.2705556
      ],
      [
       16.4897222,
       50.2641667
      ],
      [
       16.4972222,
       50.2597222
      ],
      [
       16.5061111,
       50.2602778
      ],
      [
       16.5066667,
       50.2552778
      ],
      [
       16.5141667,
       50.2513889
      ],
      [
       16.5169444,
       50.2430556
      ],
      [
       16.5208333,
       50.2405556
      ],
      [
       16.5227778,
       50.2391667
      ],
      [
       16.5375,
       50.2388889
      ],
      [
       16.5386111,
       50.2366667
      ],
      [
       16.545,
       50.23
      ],
      [
       16.5494444,
       50.2275
      ],
      [
       16.5513889,
       50.2227778
      ],
      [
       16.5566667,
       50.2169444
      ],
      [
       16.5547222,
       50.2133333
      ],
      [
       16.5686111,
       50.1808333
      ],
      [
       16.5847222,
       50.1533333
      ],
      [
       16.5997222,
       50.1405556
      ],
      [
       16.6294444,
       50.1202778
      ],
      [
       16.7052778,
       50.0963889
      ],
      [
       16.7111111,
       50.0997222
      ],
      [
       16.7236111,
       50.105
      ],
      [
       16.7269444,
       50.1094444
      ],
      [
       16.7336111,
       50.12
      ],
      [
       16.7405556,
       50.1280556
      ],
      [
       16.745,
       50.1347222
      ],
      [
       16.7527778,
       50.1338889
      ],
      [
       16.7563889,
       50.1352778
      ],
      [
       16.7675,
       50.14
      ],
      [
       16.7833333,
       50.1455556
      ],
      [
       16.7813889,
       50.1511111
      ],
      [
       16.7866667,
       50.1544444
      ],
      [
       16.7944444,
       50.1611111
      ],
      [
       16.7994444,
       50.1777778
      ],
      [
       16.8052778,
       50.1825
      ],
      [
       16.8127778,
       50.1913889
      ],
      [
       16.8227778,
       50.1886111
      ],
      [
       16.8236111,
       50.1919444
      ],
      [
       16.8313889,
       50.1963889
      ],
      [
       16.8341667,
       50.1969444
      ],
      [
       16.835,
       50.2022222
      ],
      [
       16.8488889,
       50.2072222
      ],
      [
       16.8677778,
       50.1977778
      ],
      [
       16.8830556,
       50.2
      ],
      [
       16.8838889,
       50.2080556
      ],
      [
       16.8886111,
       50.2161111
      ],
      [
       16.8986111,
       50.2225
      ],
      [
       16.9111111,
       50.2241667
      ],
      [
       16.9233333,
       50.2252778
      ],
      [
       16.9286111,
       50.2227778
      ],
      [
       16.9391667,
       50.2222222
      ],
      [
       16.9497222,
       50.2211111
      ],
      [
       16.9583333,
       50.2258333
      ],
      [
       16.9652778,
       50.2311111
      ],
      [
       16.9625,
       50.2386111
      ],
      [
       16.9744444,
       50.2436111
      ],
      [
       16.9802778,
       50.2413889
      ],
      [
       16.9819444,
       50.2336111
      ],
      [
       16.9886111,
       50.2288889
      ],
      [
       16.9966667,
       50.2163889
      ],
      [
       17.0144444,
       50.2191667
      ],
      [
       17.0241667,
       50.2269444
      ],
      [
       17.0152778,
       50.2402778
      ],
      [
       17.0105556,
       50.2491667
      ],
      [
       17.0013889,
       50.2563889
      ],
      [
       17.0097222,
       50.26
      ],
      [
       17.0177778,
       50.2708333
      ],
      [
       17.0175,
       50.2805556
      ],
      [
       17.0097222,
       50.2933333
      ],
      [
       17.0036111,
       50.2961111
      ],
      [
       17.0025,
       50.3019444
      ],
      [
       16.9969444,
       50.3022222
      ],
      [
       16.9733333,
       50.3080556
      ],
      [
       16.9680556,
       50.3158333
      ],
      [
       16.9608333,
       50.3125
      ],
      [
       16.9461111,
       50.3152778
      ],
      [
       16.9405556,
       50.3197222
      ],
      [
       16.9341667,
       50.3305556
      ],
      [
       16.9363889,
       50.3377778
      ],
      [
       16.9325,
       50.345
      ],
      [
       16.9213889,
       50.355
      ],
      [
       16.9152778,
       50.3627778
      ],
      [
       16.9194444,
       50.3688889
      ],
      [
       16.9163889,
       50.3769444
      ],
      [
       16.915,
       50.3822222
      ],
      [
       16.9108333,
       50.3888889
      ],
      [
       16.8952778,
       50.3911111
      ],
      [
       16.8847222,
       50.3986111
      ],
      [
       16.8719444,
       50.4027778
      ],
      [
       16.8636111,
       50.4088889
      ],
      [
       16.8602778,
       50.4075
      ],
      [
       16.8694444,
       50.4169444
      ],
      [
       16.8691667,
       50.4225
      ],
      [
       16.8755556,
       50.4325
      ],
      [
       16.8811111,
       50.4422222
      ],
      [
       16.8933333,
       50.4433333
      ],
      [
       16.9044444,
       50.4480556
      ],
      [
       16.9175,
       50.4444444
      ],
      [
       16.9269444,
       50.4383333
      ],
      [
       16.9561111,
       50.4286111
      ],
      [
       16.9711111,
       50.4211111
      ],
      [
       16.9833333,
       50.42
      ],
      [
       17.0061111,
       50.4244444
      ],
      [
       17.0183333,
       50.4213889
      ],
      [
       17.0263889,
       50.4180556
      ],
      [
       17.0377778,
       50.4147222
      ],
      [
       17.0525,
       50.4069444
      ],
      [
       17.0822222,
       50.4019444
      ],
      [
       17.085,
       50.4055556
      ],
      [
       17.1105556,
       50.4047222
      ],
      [
       17.1233333,
       50.3938889
      ],
      [
       17.1294444,
       50.3911111
      ],
      [
       17.1433333,
       50.3802778
      ],
      [
       17.1572222,
       50.38
      ],
      [
       17.1794444,
       50.3861111
      ],
      [
       17.1838889,
       50.3897222
      ],
      [
       17.2027778,
       50.3833333
      ],
      [
       17.2025,
       50.3813889
      ],
      [
       17.2011111,
       50.3638889
      ],
      [
       17.2130556,
       50.3561111
      ],
      [
       17.2319444,
       50.3416667
      ],
      [
       17.2386111,
       50.3380556
      ],
      [
       17.2469444,
       50.3336111
      ],
      [
       17.2569444,
       50.3288889
      ],
      [
       17.2738889,
       50.3216667
      ],
      [
       17.2963889,
       50.3188889
      ],
      [
       17.3125,
       50.3202778
      ],
      [
       17.3486111,
       50.3283333
      ],
      [
       17.3480556,
       50.3227778
      ],
      [
       17.3375,
       50.3130556
      ],
      [
       17.3486111,
       50.3116667
      ],
      [
       17.3530556,
       50.3066667
      ],
      [
       17.3502778,
       50.3019444
      ],
      [
       17.3444444,
       50.2911111
      ],
      [
       17.3375,
       50.2833333
      ],
      [
       17.3436111,
       50.2791667
      ],
      [
       17.3447222,
       50.2736111
      ],
      [
       17.3480556,
       50.2647222
      ],
      [
       17.3577778,
       50.2652778
      ],
      [
       17.3622222,
       50.2763889
      ],
      [
       17.3661111,
       50.2819444
      ],
      [
       17.4005556,
       50.2794444
      ],
      [
       17.4205556,
       50.2772222
      ],
      [
       17.4280556,
       50.2680556
      ],
      [
       17.4275,
       50.2586111
      ],
      [
       17.4380556,
       50.2513889
      ],
      [
       17.4491667,
       50.255
      ],
      [
       17.4569444,
       50.2602778
      ],
      [
       17.4572222,
       50.2672222
      ],
      [
       17.4577778,
       50.27
      ],
      [
       17.4686111,
       50.2694444
      ],
      [
       17.4727778,
       50.27
      ],
      [
       17.4858333,
       50.2733333
      ],
      [
       17.4969444,
       50.2741667
      ],
      [
       17.5183333,
       50.2738889
      ],
      [
       17.5255556,
       50.2733333
      ],
      [
       17.5416667,
       50.2702778
      ],
      [
       17.5597222,
       50.2711111
      ],
      [
       17.5716667,
       50.2744444
      ],
      [
       17.5805556,
       50.2777778
      ],
      [
       17.5916667,
       50.2788889
      ],
      [
       17.5975,
       50.2747222
      ],
      [
       17.6,
       50.2697222
      ],
      [
       17.6052778,
       50.2669444
      ],
      [
       17.6258333,
       50.2697222
      ],
      [
       17.6383333,
       50.2736111
      ],
      [
       17.6505556,
       50.2766667
      ],
      [
       17.6886111,
       50.3291667
      ],
      [
       17.7325,
       50.3047222
      ],
      [
       17.7391667,
       50.2775
      ],
      [
       17.7672222,
       50.2363889
      ],
      [
       17.7336111,
       50.2033333
      ],
      [
       17.7086111,
       50.1872222
      ],
      [
       17.6083333,
       50.1705556
      ],
      [
       17.6080556,
       50.1425
      ],
      [
       17.6494444,
       50.1133333
      ],
      [
       17.6977778,
       50.1208333
      ],
      [
       17.7494444,
       50.0777778
      ],
      [
       17.7772222,
       50.0202778
      ],
      [
       17.7830556,
       50.0194444
      ],
      [
       17.7872222,
       50.0175
      ],
      [
       17.7522222,
       49.7066667
      ],
      [
       17.7386111,
       49.5833333
      ],
      [
       17.6280556,
       49.5705556
      ],
      [
       17.5444444,
       49.5563889
      ],
      [
       17.4361111,
       49.5608333
      ],
      [
       17.4327778,
       49.4869444
      ],
      [
       17.4836111,
       49.4583333
      ],
      [
       17.2594444,
       49.3116667
      ],
      [
       17.0008333,
       49.2583333
      ],
      [
       16.9408333,
       49.2586111
      ],
      [
       16.8527778,
       49.2766667
      ],
      [
       16.4569444,
       49.3566667
      ],
      [
       16.3838889,
       49.3713889
      ],
      [
       16.2472222,
       49.3986111
      ],
      [
       16.2317297,
       49.3862406
      ],
      [
       16.2170515,
       49.3734582
      ],
      [
       16.2032128,
       49.3602865
      ],
      [
       16.1902374,
       49.3467487
      ],
      [
       16.1781475,
       49.3328687
      ],
      [
       16.1669636,
       49.3186709
      ],
      [
       16.1567046,
       49.3041804
      ],
      [
       16.1473877,
       49.2894226
      ],
      [
       16.1455556,
       49.2852778
      ],
      [
       15.9816667,
       49.37
      ],
      [
       15.8772222,
       49.3855556
      ],
      [
       15.7777778,
       49.3230556
      ],
      [
       15.7069444,
       49.2730556
      ],
      [
       15.7816667,
       49.1858333
      ],
      [
       15.9202778,
       49.1186111
      ],
      [
       16.1055556,
       49.0286111
      ],
      [
       16.2366667,
       48.965
      ],
      [
       16.4,
       48.8852778
      ],
      [
       16.46,
       48.8088889
      ],
      [
       16.4486111,
       48.7980556
      ],
      [
       16.4447222,
       48.7719444
      ],
      [
       16.4105556,
       48.7433333
      ],
      [
       16.385,
       48.73
      ],
      [
       16.3591667,
       48.7386111
      ],
      [
       16.3352778,
       48.7322222
      ],
      [
       16.2994444,
       48.7383333
      ],
      [
       16.2630556,
       48.7372222
      ],
      [
       16.2491667,
       48.7397222
      ],
      [
       16.1405556,
       48.7452778
      ],
      [
       16.1147222,
       48.7455556
      ],
      [
       16.0225,
       48.7713889
      ],
      [
       15.9686111,
       48.7972222
      ],
      [
       15.965,
       48.7983333
      ],
      [
       15.95,
       48.8052778
      ],
      [
       15.9516667,
       48.8136111
      ],
      [
       15.9597222,
       48.82
      ],
      [
       15.9558333,
       48.8238889
      ],
      [
       15.9458333,
       48.8230556
      ],
      [
       15.9477778,
       48.8272222
      ],
      [
       15.9402778,
       48.8269444
      ],
      [
       15.94,
       48.8194444
      ],
      [
       15.9283333,
       48.8222222
      ],
      [
       15.9244444,
       48.8255556
      ],
      [
       15.9266667,
       48.8311111
      ],
      [
       15.93,
       48.8341667
      ],
      [
       15.9205556,
       48.8377778
      ],
      [
       15.9175,
       48.8388889
      ],
      [
       15.91,
       48.8369444
      ],
      [
       15.905,
       48.8358333
      ],
      [
       15.8958333,
       48.8347222
      ],
      [
       15.8925,
       48.835
      ],
      [
       15.8919444,
       48.8425
      ],
      [
       15.8936111,
       48.8430556
      ],
      [
       15.8969444,
       48.8383333
      ],
      [
       15.9044444,
       48.8386111
      ],
      [
       15.8977778,
       48.8475
      ],
      [
       15.8925,
       48.8480556
      ],
      [
       15.8888889,
       48.8422222
      ],
      [
       15.8811111,
       48.8447222
      ],
      [
       15.8797222,
       48.8525
      ],
      [
       15.8780556,
       48.8575
      ],
      [
       15.8725,
       48.8602778
      ],
      [
       15.8708333,
       48.8586111
      ],
      [
       15.875,
       48.8558333
      ],
      [
       15.8669444,
       48.8522222
      ],
      [
       15.8577778,
       48.8569444
      ],
      [
       15.8419444,
       48.8597222
      ],
      [
       15.8475,
       48.8636111
      ],
      [
       15.8519444,
       48.8666667
      ],
      [
       15.8497222,
       48.8694444
      ],
      [
       15.8436111,
       48.8727778
      ],
      [
       15.8447222,
       48.8755556
      ],
      [
       15.8363889,
       48.8763889
      ],
      [
       15.8286111,
       48.8708333
      ],
      [
       15.8163889,
       48.8730556
      ],
      [
       15.7838889,
       48.8747222
      ],
      [
       15.7152778,
       48.8577778
      ],
      [
       15.7036111,
       48.8591667
      ],
      [
       15.6588889,
       48.8827778
      ],
      [
       15.6202778,
       48.8961111
      ],
      [
       15.5655556,
       48.9052778
      ],
      [
       15.5097222,
       48.9227778
      ],
      [
       15.4880556,
       48.9427778
      ],
      [
       15.4594444,
       48.9452778
      ],
      [
       15.4375,
       48.95
      ],
      [
       15.3958333,
       48.9647222
      ],
      [
       15.3691667,
       48.9802778
      ],
      [
       14.8747222,
       49.5322222
      ],
      [
       14.6244444,
       49.98
      ],
      [
       14.8288889,
       50.1513889
      ],
      [
       14.795,
       50.2247222
      ],
      [
       14.7925,
       50.8236111
      ]
     ]
    ]
   }
  },
  {
   "type": "Feature",
   "properties": {
    "ll": {
     "value": 0,
     "unit": 1,
     "referenceDatum": 0
    },
    "ul": {
     "value": 95,
     "unit": 6,
     "referenceDatum": 2
    },
    "_id": "626148815e9ded571043e289",
    "name": "FIR PRAHA INFORMATION CECHY WEST (G, E) 126.100",
    "type": 0,
    "icao": 4,
    "bnd": [
     [
      48.5519444,
      12.0913889
     ],
     [
      51.0566667,
      15.3691667
     ]
    ]
   },
   "geometry": {
    "type": "Polygon",
    "coordinates": [
     [
      [
       14.795,
       50.2247222
      ],
      [
       14.8288889,
       50.1513889
      ],
      [
       14.6244444,
       49.98
      ],
      [
       14.8747222,
       49.5322222
      ],
      [
       15.3691667,
       48.9802778
      ],
      [
       15.3641667,
       48.98
      ],
      [
       15.3216667,
       48.9755556
      ],
      [
       15.2911111,
       48.985
      ],
      [
       15.2808333,
       48.9941667
      ],
      [
       15.2847222,
       48.9788889
      ],
      [
       15.2683333,
       48.9647222
      ],
      [
       15.2627778,
       48.9544444
      ],
      [
       15.2133333,
       48.9569444
      ],
      [
       15.1794444,
       48.9480556
      ],
      [
       15.1641667,
       48.9575
      ],
      [
       15.1616667,
       48.9738889
      ],
      [
       15.1530556,
       48.9855556
      ],
      [
       15.1288889,
       48.9977778
      ],
      [
       15.1141667,
       48.9988889
      ],
      [
       15.0661111,
       49.015
      ],
      [
       15.0388889,
       49.0113889
      ],
      [
       15.0077778,
       49.0133333
      ],
      [
       14.9930556,
       49.0063889
      ],
      [
       14.9983333,
       48.9938889
      ],
      [
       14.9822222,
       48.9791667
      ],
      [
       14.9897222,
       48.9338889
      ],
      [
       14.9963889,
       48.9038889
      ],
      [
       14.9930556,
       48.8922222
      ],
      [
       14.9736111,
       48.8744444
      ],
      [
       14.9875,
       48.8466667
      ],
      [
       14.9722222,
       48.8377778
      ],
      [
       14.9641667,
       48.8052778
      ],
      [
       14.9830556,
       48.7766667
      ],
      [
       14.9394444,
       48.7608333
      ],
      [
       14.9,
       48.7727778
      ],
      [
       14.8708333,
       48.7825
      ],
      [
       14.8291667,
       48.7827778
      ],
      [
       14.8094444,
       48.7727778
      ],
      [
       14.8025,
       48.7488889
      ],
      [
       14.7972222,
       48.73
      ],
      [
       14.7647222,
       48.7102778
      ],
      [
       14.7391667,
       48.6997222
      ],
      [
       14.7241667,
       48.6388889
      ],
      [
       14.7194444,
       48.5997222
      ],
      [
       14.705,
       48.5819444
      ],
      [
       14.6622222,
       48.5808333
      ],
      [
       14.6336111,
       48.6027778
      ],
      [
       14.6069444,
       48.6266667
      ],
      [
       14.5672222,
       48.6033333
      ],
      [
       14.5280556,
       48.6144444
      ],
      [
       14.495,
       48.6230556
      ],
      [
       14.4713889,
       48.6475
      ],
      [
       14.4586111,
       48.6275
      ],
      [
       14.4513889,
       48.6125
      ],
      [
       14.4327778,
       48.5883333
      ],
      [
       14.3927778,
       48.5938889
      ],
      [
       14.3905556,
       48.5711111
      ],
      [
       14.3677778,
       48.5736111
      ],
      [
       14.3541667,
       48.565
      ],
      [
       14.3291667,
       48.5519444
      ],
      [
       14.2780556,
       48.5741667
      ],
      [
       14.2397222,
       48.5777778
      ],
      [
       14.1661111,
       48.59
      ],
      [
       14.1169444,
       48.5891667
      ],
      [
       14.0763889,
       48.6
      ],
      [
       14.0713889,
       48.6069444
      ],
      [
       14.045,
       48.6127778
      ],
      [
       14.0288889,
       48.6261111
      ],
      [
       14.0261111,
       48.6519444
      ],
      [
       14.0625,
       48.6647222
      ],
      [
       14.0333333,
       48.6766667
      ],
      [
       14.0119444,
       48.7019444
      ],
      [
       13.9830556,
       48.7105556
      ],
      [
       13.9755556,
       48.7113889
      ],
      [
       13.9672222,
       48.7125
      ],
      [
       13.9555556,
       48.7172222
      ],
      [
       13.95,
       48.7208333
      ],
      [
       13.9427778,
       48.7213889
      ],
      [
       13.9375,
       48.7255556
      ],
      [
       13.9269444,
       48.7316667
      ],
      [
       13.9236111,
       48.7363889
      ],
      [
       13.9208333,
       48.7380556
      ],
      [
       13.9161111,
       48.7425
      ],
      [
       13.9044444,
       48.7497222
      ],
      [
       13.8952778,
       48.7569444
      ],
      [
       13.8827778,
       48.7616667
      ],
      [
       13.8683333,
       48.7694444
      ],
      [
       13.8572222,
       48.7711111
      ],
      [
       13.8466667,
       48.7705556
      ],
      [
       13.8394444,
       48.7713889
      ],
      [
       13.8313889,
       48.7705556
      ],
      [
       13.8208333,
       48.7722222
      ],
      [
       13.8083333,
       48.7783333
      ],
      [
       13.8080556,
       48.7833333
      ],
      [
       13.8138889,
       48.7938889
      ],
      [
       13.7955556,
       48.8147222
      ],
      [
       13.7944444,
       48.8213889
      ],
      [
       13.7880556,
       48.8247222
      ],
      [
       13.7919444,
       48.8280556
      ],
      [
       13.7872222,
       48.8311111
      ],
      [
       13.7830556,
       48.8316667
      ],
      [
       13.7783333,
       48.8322222
      ],
      [
       13.7772222,
       48.8311111
      ],
      [
       13.7736111,
       48.8302778
      ],
      [
       13.7697222,
       48.8305556
      ],
      [
       13.7641667,
       48.8344444
      ],
      [
       13.7627778,
       48.8391667
      ],
      [
       13.7580556,
       48.8469444
      ],
      [
       13.7511111,
       48.8569444
      ],
      [
       13.7488889,
       48.8616667
      ],
      [
       13.7505556,
       48.8666667
      ],
      [
       13.7469444,
       48.8713889
      ],
      [
       13.7436111,
       48.8758333
      ],
      [
       13.7372222,
       48.8791667
      ],
      [
       13.7377778,
       48.8858333
      ],
      [
       13.7347222,
       48.8863889
      ],
      [
       13.7286111,
       48.8855556
      ],
      [
       13.725,
       48.8819444
      ],
      [
       13.7225,
       48.8802778
      ],
      [
       13.7166667,
       48.8780556
      ],
      [
       13.6958333,
       48.8805556
      ],
      [
       13.6941667,
       48.8791667
      ],
      [
       13.6841667,
       48.8797222
      ],
      [
       13.6758333,
       48.8786111
      ],
      [
       13.6691667,
       48.8836111
      ],
      [
       13.6694444,
       48.8902778
      ],
      [
       13.6611111,
       48.8941667
      ],
      [
       13.6452778,
       48.9111111
      ],
      [
       13.6397222,
       48.9163889
      ],
      [
       13.6369444,
       48.925
      ],
      [
       13.6327778,
       48.9305556
      ],
      [
       13.6222222,
       48.9386111
      ],
      [
       13.6311111,
       48.9469444
      ],
      [
       13.6236111,
       48.9486111
      ],
      [
       13.6169444,
       48.9469444
      ],
      [
       13.6105556,
       48.9444444
      ],
      [
       13.6075,
       48.9413889
      ],
      [
       13.61,
       48.9383333
      ],
      [
       13.6069444,
       48.9411111
      ],
      [
       13.6047222,
       48.9419444
      ],
      [
       13.6011111,
       48.9447222
      ],
      [
       13.5902778,
       48.9527778
      ],
      [
       13.5913889,
       48.9583333
      ],
      [
       13.5838889,
       48.9691667
      ],
      [
       13.5758333,
       48.97
      ],
      [
       13.5725,
       48.9658333
      ],
      [
       13.5666667,
       48.9686111
      ],
      [
       13.5569444,
       48.9669444
      ],
      [
       13.5480556,
       48.9666667
      ],
      [
       13.5369444,
       48.9733333
      ],
      [
       13.5158333,
       48.9686111
      ],
      [
       13.5075,
       48.9655556
      ],
      [
       13.5066667,
       48.9541667
      ],
      [
       13.5080556,
       48.9419444
      ],
      [
       13.4844444,
       48.9480556
      ],
      [
       13.4794444,
       48.9516667
      ],
      [
       13.4688889,
       48.9541667
      ],
      [
       13.4591667,
       48.9625
      ],
      [
       13.4488889,
       48.965
      ],
      [
       13.4333333,
       48.9716667
      ],
      [
       13.4241667,
       48.9772222
      ],
      [
       13.4025,
       48.9869444
      ],
      [
       13.4091667,
       49.0030556
      ],
      [
       13.4027778,
       49.0105556
      ],
      [
       13.4002778,
       49.0155556
      ],
      [
       13.405,
       49.0219444
      ],
      [
       13.4016667,
       49.0288889
      ],
      [
       13.3994444,
       49.0369444
      ],
      [
       13.3941667,
       49.0397222
      ],
      [
       13.3916667,
       49.0419444
      ],
      [
       13.3972222,
       49.0505556
      ],
      [
       13.3894444,
       49.0530556
      ],
      [
       13.3833333,
       49.0572222
      ],
      [
       13.3761111,
       49.0580556
      ],
      [
       13.3738889,
       49.0630556
      ],
      [
       13.3666667,
       49.0691667
      ],
      [
       13.3619444,
       49.0713889
      ],
      [
       13.3544444,
       49.0786111
      ],
      [
       13.3463889,
       49.0852778
      ],
      [
       13.3391667,
       49.09
      ],
      [
       13.3275,
       49.0958333
      ],
      [
       13.3194444,
       49.1016667
      ],
      [
       13.3125,
       49.1044444
      ],
      [
       13.2822222,
       49.1202778
      ],
      [
       13.2702778,
       49.1208333
      ],
      [
       13.2083333,
       49.1241667
      ],
      [
       13.1633333,
       49.1797222
      ],
      [
       13.115,
       49.2175
      ],
      [
       13.0744444,
       49.2452778
      ],
      [
       13.0463889,
       49.2658333
      ],
      [
       13.0291667,
       49.3047222
      ],
      [
       12.9755556,
       49.3344444
      ],
      [
       12.9216667,
       49.3433333
      ],
      [
       12.8927778,
       49.3313889
      ],
      [
       12.8241667,
       49.3397222
      ],
      [
       12.7830556,
       49.3597222
      ],
      [
       12.7577778,
       49.3766667
      ],
      [
       12.7344444,
       49.4111111
      ],
      [
       12.7113889,
       49.4236111
      ],
      [
       12.6563889,
       49.4477778
      ],
      [
       12.6433333,
       49.4691667
      ],
      [
       12.6383333,
       49.4833333
      ],
      [
       12.6397222,
       49.5327778
      ],
      [
       12.6244444,
       49.5255556
      ],
      [
       12.5841667,
       49.555
      ],
      [
       12.5783333,
       49.5816667
      ],
      [
       12.5586111,
       49.6152778
      ],
      [
       12.5322222,
       49.6180556
      ],
      [
       12.5269444,
       49.6272222
      ],
      [
       12.5277778,
       49.6416667
      ],
      [
       12.5316667,
       49.6680556
      ],
      [
       12.5188889,
       49.6875
      ],
      [
       12.4869444,
       49.6866667
      ],
      [
       12.4438889,
       49.7022222
      ],
      [
       12.4127778,
       49.7338889
      ],
      [
       12.4663889,
       49.7855556
      ],
      [
       12.4716667,
       49.8041667
      ],
      [
       12.4736111,
       49.8330556
      ],
      [
       12.5008333,
       49.8577778
      ],
      [
       12.5383333,
       49.8908333
      ],
      [
       12.5394444,
       49.9255556
      ],
      [
       12.4944444,
       49.9372222
      ],
      [
       12.4808333,
       49.9588889
      ],
      [
       12.4977778,
       49.9741667
      ],
      [
       12.4705556,
       49.9911111
      ],
      [
       12.4344444,
       49.9838889
      ],
      [
       12.4336111,
       50.0011111
      ],
      [
       12.3975,
       50.0072222
      ],
      [
       12.3794444,
       50.0211111
      ],
      [
       12.3480556,
       50.0369444
      ],
      [
       12.3194444,
       50.0480556
      ],
      [
       12.2772222,
       50.0552778
      ],
      [
       12.2608333,
       50.0630556
      ],
      [
       12.2472222,
       50.09
      ],
      [
       12.2297222,
       50.0969444
      ],
      [
       12.2022222,
       50.1111111
      ],
      [
       12.1980556,
       50.135
      ],
      [
       12.2030556,
       50.1463889
      ],
      [
       12.2155556,
       50.1625
      ],
      [
       12.2097222,
       50.1733333
      ],
      [
       12.1863889,
       50.2013889
      ],
      [
       12.1730556,
       50.2144444
      ],
      [
       12.1633333,
       50.2180556
      ],
      [
       12.1119444,
       50.2377778
      ],
      [
       12.0930556,
       50.2488889
      ],
      [
       12.0913889,
       50.2533333
      ],
      [
       12.1008333,
       50.2638889
      ],
      [
       12.1394444,
       50.2763889
      ],
      [
       12.1238889,
       50.2911111
      ],
      [
       12.1241667,
       50.3097222
      ],
      [
       12.1011111,
       50.3169444
      ],
      [
       12.1163889,
       50.3166667
      ],
      [
       12.1497222,
       50.3222222
      ],
      [
       12.185,
       50.3172222
      ],
      [
       12.2013889,
       50.3097222
      ],
      [
       12.2058333,
       50.2763889
      ],
      [
       12.2316667,
       50.2711111
      ],
      [
       12.2541667,
       50.2708333
      ],
      [
       12.2672222,
       50.2494444
      ],
      [
       12.2525,
       50.2552778
      ],
      [
       12.2544444,
       50.2425
      ],
      [
       12.275,
       50.2327778
      ],
      [
       12.285,
       50.2138889
      ],
      [
       12.29,
       50.2088889
      ],
      [
       12.2775,
       50.1983333
      ],
      [
       12.2883333,
       50.1902778
      ],
      [
       12.3144444,
       50.1730556
      ],
      [
       12.3394444,
       50.1733333
      ],
      [
       12.3233333,
       50.1827778
      ],
      [
       12.3341667,
       50.1969444
      ],
      [
       12.3255556,
       50.2075
      ],
      [
       12.3344444,
       50.2183333
      ],
      [
       12.3327778,
       50.2327778
      ],
      [
       12.3322222,
       50.2438889
      ],
      [
       12.3597222,
       50.2430556
      ],
      [
       12.3638889,
       50.2719444
      ],
      [
       12.3825,
       50.2891667
      ],
      [
       12.4033333,
       50.3038889
      ],
      [
       12.3988889,
       50.3213889
      ],
      [
       12.4261111,
       50.3244444
      ],
      [
       12.4375,
       50.3338889
      ],
      [
       12.4591667,
       50.3486111
      ],
      [
       12.4847222,
       50.3475
      ],
      [
       12.4883333,
       50.3663889
      ],
      [
       12.5036111,
       50.3866667
      ],
      [
       12.5155556,
       50.3958333
      ],
      [
       12.5358333,
       50.3997222
      ],
      [
       12.5561111,
       50.3994444
      ],
      [
       12.5958333,
       50.4083333
      ],
      [
       12.6161111,
       50.4163889
      ],
      [
       12.6427778,
       50.4116667
      ],
      [
       12.6783333,
       50.4169444
      ],
      [
       12.7091667,
       50.3986111
      ],
      [
       12.7347222,
       50.4236111
      ],
      [
       12.8130556,
       50.4316667
      ],
      [
       12.8086111,
       50.4458333
      ],
      [
       12.8463889,
       50.4519444
      ],
      [
       12.8988889,
       50.4297222
      ],
      [
       12.9372222,
       50.4122222
      ],
      [
       12.9908333,
       50.4241667
      ],
      [
       13.0258333,
       50.4558333
      ],
      [
       13.0286111,
       50.4966667
      ],
      [
       13.0452778,
       50.5119444
      ],
      [
       13.0830556,
       50.5
      ],
      [
       13.1227778,
       50.5152778
      ],
      [
       13.1408333,
       50.5069444
      ],
      [
       13.1958333,
       50.5072222
      ],
      [
       13.2097222,
       50.5305556
      ],
      [
       13.2219444,
       50.5608333
      ],
      [
       13.2344444,
       50.5808333
      ],
      [
       13.2486111,
       50.5916667
      ],
      [
       13.2794444,
       50.5941667
      ],
      [
       13.3005556,
       50.5813889
      ],
      [
       13.3236111,
       50.5966667
      ],
      [
       13.3383333,
       50.6080556
      ],
      [
       13.3727778,
       50.6252778
      ],
      [
       13.3725,
       50.6502778
      ],
      [
       13.3936111,
       50.645
      ],
      [
       13.4177778,
       50.6163889
      ],
      [
       13.4422222,
       50.6111111
      ],
      [
       13.5227778,
       50.6388889
      ],
      [
       13.5116667,
       50.6552778
      ],
      [
       13.5405556,
       50.6741667
      ],
      [
       13.5302778,
       50.6994444
      ],
      [
       13.5475,
       50.7105556
      ],
      [
       13.5719444,
       50.7119444
      ],
      [
       13.6097222,
       50.715
      ],
      [
       13.6383333,
       50.7258333
      ],
      [
       13.6861111,
       50.7238889
      ],
      [
       13.7125,
       50.7263889
      ],
      [
       13.7497222,
       50.7286111
      ],
      [
       13.7672222,
       50.7344444
      ],
      [
       13.7722222,
       50.7316667
      ],
      [
       13.8105556,
       50.7333333
      ],
      [
       13.8444444,
       50.7252778
      ],
      [
       13.8708333,
       50.7433333
      ],
      [
       13.9025,
       50.7536111
      ],
      [
       13.9002778,
       50.7858333
      ],
      [
       13.9188889,
       50.7911111
      ],
      [
       13.9486111,
       50.7938889
      ],
      [
       13.955,
       50.8077778
      ],
      [
       13.9830556,
       50.8155556
      ],
      [
       14.0072222,
       50.8116667
      ],
      [
       14.0308333,
       50.8047222
      ],
      [
       14.0552778,
       50.8125
      ],
      [
       14.0797222,
       50.8169444
      ],
      [
       14.1066667,
       50.8294444
      ],
      [
       14.1636111,
       50.8483333
      ],
      [
       14.2330556,
       50.8638889
      ],
      [
       14.2325,
       50.8697222
      ],
      [
       14.2322222,
       50.8694444
      ],
      [
       14.2363889,
       50.8819444
      ],
      [
       14.2358333,
       50.8877778
      ],
      [
       14.2572222,
       50.8897222
      ],
      [
       14.2716667,
       50.895
      ],
      [
       14.2883333,
       50.8872222
      ],
      [
       14.3047222,
       50.8838889
      ],
      [
       14.3191667,
       50.8886111
      ],
      [
       14.3369444,
       50.89
      ],
      [
       14.3488889,
       50.8925
      ],
      [
       14.3483333,
       50.8977778
      ],
      [
       14.3488889,
       50.9005556
      ],
      [
       14.3519444,
       50.8991667
      ],
      [
       14.3544444,
       50.8986111
      ],
      [
       14.3583333,
       50.8994444
      ],
      [
       14.3736111,
       50.8961111
      ],
      [
       14.3769444,
       50.8972222
      ],
      [
       14.3805556,
       50.8975
      ],
      [
       14.3877778,
       50.8991667
      ],
      [
       14.3855556,
       50.9025
      ],
      [
       14.3886111,
       50.9083333
      ],
      [
       14.3875,
       50.9113889
      ],
      [
       14.3866667,
       50.9138889
      ],
      [
       14.3863889,
       50.9169444
      ],
      [
       14.3886111,
       50.9188889
      ],
      [
       14.3941667,
       50.9180556
      ],
      [
       14.3916667,
       50.9197222
      ],
      [
       14.3925,
       50.9208333
      ],
      [
       14.3983333,
       50.9227778
      ],
      [
       14.4002778,
       50.9266667
      ],
      [
       14.4022222,
       50.9336111
      ],
      [
       14.3719444,
       50.9427778
      ],
      [
       14.35,
       50.9488889
      ],
      [
       14.3122222,
       50.9547222
      ],
      [
       14.3141667,
       50.9725
      ],
      [
       14.3227778,
       50.9869444
      ],
      [
       14.26,
       50.9869444
      ],
      [
       14.2638889,
       51.0088889
      ],
      [
       14.2855556,
       51.0325
      ],
      [
       14.2911111,
       51.0436111
      ],
      [
       14.3177778,
       51.0566667
      ],
      [
       14.3488889,
       51.0413889
      ],
      [
       14.3844444,
       51.0388889
      ],
      [
       14.4225,
       51.0191667
      ],
      [
       14.4686111,
       51.0355556
      ],
      [
       14.5030556,
       51.0477778
      ],
      [
       14.5016667,
       51.0213889
      ],
      [
       14.5327778,
       51.0025
      ],
      [
       14.5783333,
       51.0002778
      ],
      [
       14.6011111,
       50.9802778
      ],
      [
       14.5972222,
       50.96
      ],
      [
       14.5738889,
       50.9363889
      ],
      [
       14.5852778,
       50.9138889
      ],
      [
       14.6505556,
       50.9327778
      ],
      [
       14.6388889,
       50.8980556
      ],
      [
       14.6216667,
       50.8588889
      ],
      [
       14.6861111,
       50.8408333
      ],
      [
       14.7222222,
       50.8319444
      ],
      [
       14.7377778,
       50.8263889
      ],
      [
       14.7541667,
       50.8252778
      ],
      [
       14.7830556,
       50.8219444
      ],
      [
       14.7925,
       50.8236111
      ],
      [
       14.795,
       50.2247222
      ]
     ]
    ]
   }
  },
  {
   "type": "Feature",
   "properties": {
    "ll": {
     "value": 0,
     "unit": 1,
     "referenceDatum": 0
    },
    "ul": {
     "value": 95,
     "unit": 6,
     "referenceDatum": 2
    },
    "_id": "626148815e9ded571043e293",
    "name": "FIR PRAHA INFORMATION MORAVA (G, E) 136.275",
    "type": 0,
    "icao": 4,
    "bnd": [
     [
      48.6166667,
      15.7069444
     ],
     [
      50.0658333,
      18.8622222
     ]
    ]
   },
   "geometry": {
    "type": "Polygon",
    "coordinates": [
     [
      [
       17.7872222,
       50.0175
      ],
      [
       17.7886111,
       50.0172222
      ],
      [
       17.7919444,
       50.0191667
      ],
      [
       17.7941667,
       50.0161111
      ],
      [
       17.7980556,
       50.0133333
      ],
      [
       17.8041667,
       50.0122222
      ],
      [
       17.8366667,
       50.0033333
      ],
      [
       17.8283333,
       49.9936111
      ],
      [
       17.8325,
       49.9916667
      ],
      [
       17.8352778,
       49.99
      ],
      [
       17.8388889,
       49.9911111
      ],
      [
       17.8427778,
       49.9866667
      ],
      [
       17.8519444,
       49.9838889
      ],
      [
       17.8527778,
       49.9819444
      ],
      [
       17.8563889,
       49.9813889
      ],
      [
       17.8594444,
       49.9805556
      ],
      [
       17.8683333,
       49.9722222
      ],
      [
       17.8861111,
       49.9783333
      ],
      [
       17.8927778,
       49.9797222
      ],
      [
       17.9113889,
       49.9777778
      ],
      [
       17.9227778,
       49.9786111
      ],
      [
       17.9375,
       49.9916667
      ],
      [
       17.9616667,
       50.0047222
      ],
      [
       17.9730556,
       50.0086111
      ],
      [
       17.9852778,
       50.0069444
      ],
      [
       17.9925,
       50.015
      ],
      [
       18.0044444,
       50.0183333
      ],
      [
       18.0144444,
       50.0111111
      ],
      [
       18.0352778,
       50.0108333
      ],
      [
       18.0433333,
       50.0061111
      ],
      [
       18.0452778,
       50.005
      ],
      [
       18.0444444,
       50.0102778
      ],
      [
       18.0422222,
       50.0136111
      ],
      [
       18.0461111,
       50.0158333
      ],
      [
       18.0469444,
       50.0191667
      ],
      [
       18.0427778,
       50.0219444
      ],
      [
       18.0466667,
       50.0266667
      ],
      [
       18.0441667,
       50.0363889
      ],
      [
       18.0283333,
       50.0386111
      ],
      [
       18.0244444,
       50.0363889
      ],
      [
       18.0177778,
       50.0313889
      ],
      [
       18.0086111,
       50.0311111
      ],
      [
       18.0058333,
       50.0402778
      ],
      [
       18.005,
       50.0502778
      ],
      [
       18.0119444,
       50.0544444
      ],
      [
       18.0333333,
       50.0658333
      ],
      [
       18.0458333,
       50.0625
      ],
      [
       18.0497222,
       50.0583333
      ],
      [
       18.0636111,
       50.0525
      ],
      [
       18.0658333,
       50.0480556
      ],
      [
       18.0858333,
       50.0458333
      ],
      [
       18.0872222,
       50.0358333
      ],
      [
       18.0855556,
       50.0319444
      ],
      [
       18.0963889,
       50.0258333
      ],
      [
       18.1030556,
       50.0225
      ],
      [
       18.0961111,
       50.0163889
      ],
      [
       18.0944444,
       50.0119444
      ],
      [
       18.1047222,
       50.0008333
      ],
      [
       18.1169444,
       49.9938889
      ],
      [
       18.1311111,
       49.9980556
      ],
      [
       18.1358333,
       49.9938889
      ],
      [
       18.1536111,
       49.9822222
      ],
      [
       18.1625,
       49.9847222
      ],
      [
       18.1702778,
       49.9888889
      ],
      [
       18.1680556,
       49.9936111
      ],
      [
       18.1736111,
       49.9983333
      ],
      [
       18.1827778,
       50.0002778
      ],
      [
       18.19,
       49.9986111
      ],
      [
       18.2063889,
       49.9977778
      ],
      [
       18.2113889,
       49.9922222
      ],
      [
       18.2116667,
       49.9880556
      ],
      [
       18.2152778,
       49.9755556
      ],
      [
       18.2213889,
       49.9675
      ],
      [
       18.2294444,
       49.9694444
      ],
      [
       18.2363889,
       49.9708333
      ],
      [
       18.2533333,
       49.9688889
      ],
      [
       18.2713889,
       49.9661111
      ],
      [
       18.2783333,
       49.9622222
      ],
      [
       18.2791667,
       49.94
      ],
      [
       18.2816667,
       49.9369444
      ],
      [
       18.2894444,
       49.9286111
      ],
      [
       18.3005556,
       49.925
      ],
      [
       18.3147222,
       49.9186111
      ],
      [
       18.3177778,
       49.9155556
      ],
      [
       18.3261111,
       49.9188889
      ],
      [
       18.3297222,
       49.9294444
      ],
      [
       18.3333333,
       49.93
      ],
      [
       18.3375,
       49.9266667
      ],
      [
       18.3411111,
       49.9258333
      ],
      [
       18.35,
       49.9294444
      ],
      [
       18.3408333,
       49.9319444
      ],
      [
       18.3419444,
       49.9344444
      ],
      [
       18.3497222,
       49.9336111
      ],
      [
       18.3486111,
       49.9366667
      ],
      [
       18.3438889,
       49.9402778
      ],
      [
       18.3347222,
       49.9397222
      ],
      [
       18.3372222,
       49.9458333
      ],
      [
       18.3597222,
       49.9405556
      ],
      [
       18.3666667,
       49.9369444
      ],
      [
       18.3736111,
       49.9372222
      ],
      [
       18.3863889,
       49.935
      ],
      [
       18.3975,
       49.9341667
      ],
      [
       18.4177778,
       49.9372222
      ],
      [
       18.4305556,
       49.9380556
      ],
      [
       18.4375,
       49.9280556
      ],
      [
       18.4508333,
       49.9233333
      ],
      [
       18.4611111,
       49.9225
      ],
      [
       18.4669444,
       49.9158333
      ],
      [
       18.4827778,
       49.9105556
      ],
      [
       18.4833333,
       49.9077778
      ],
      [
       18.485,
       49.9061111
      ],
      [
       18.4908333,
       49.9033333
      ],
      [
       18.495,
       49.9047222
      ],
      [
       18.4952778,
       49.9061111
      ],
      [
       18.4969444,
       49.905
      ],
      [
       18.4997222,
       49.9047222
      ],
      [
       18.5027778,
       49.9038889
      ],
      [
       18.5033333,
       49.9025
      ],
      [
       18.5055556,
       49.9030556
      ],
      [
       18.5080556,
       49.9027778
      ],
      [
       18.5125,
       49.9019444
      ],
      [
       18.5152778,
       49.9016667
      ],
      [
       18.5205556,
       49.9005556
      ],
      [
       18.5222222,
       49.9011111
      ],
      [
       18.5227778,
       49.9002778
      ],
      [
       18.5244444,
       49.8997222
      ],
      [
       18.5288889,
       49.9008333
      ],
      [
       18.5325,
       49.9
      ],
      [
       18.535,
       49.9019444
      ],
      [
       18.5394444,
       49.9044444
      ],
      [
       18.5469444,
       49.9088889
      ],
      [
       18.5411111,
       49.9183333
      ],
      [
       18.5427778,
       49.9222222
      ],
      [
       18.5419444,
       49.9261111
      ],
      [
       18.5502778,
       49.9227778
      ],
      [
       18.5594444,
       49.9177778
      ],
      [
       18.575,
       49.9186111
      ],
      [
       18.5761111,
       49.9130556
      ],
      [
       18.5736111,
       49.9077778
      ],
      [
       18.5777778,
       49.9033333
      ],
      [
       18.5730556,
       49.8952778
      ],
      [
       18.5736111,
       49.8894444
      ],
      [
       18.5694444,
       49.885
      ],
      [
       18.5683333,
       49.8844444
      ],
      [
       18.5655556,
       49.8805556
      ],
      [
       18.5697222,
       49.875
      ],
      [
       18.5702778,
       49.8738889
      ],
      [
       18.5730556,
       49.8725
      ],
      [
       18.5794444,
       49.8691667
      ],
      [
       18.5797222,
       49.8680556
      ],
      [
       18.5902778,
       49.8675
      ],
      [
       18.5988889,
       49.8661111
      ],
      [
       18.6055556,
       49.8613889
      ],
      [
       18.5916667,
       49.8558333
      ],
      [
       18.5888889,
       49.8538889
      ],
      [
       18.5852778,
       49.8527778
      ],
      [
       18.5855556,
       49.8505556
      ],
      [
       18.5858333,
       49.8486111
      ],
      [
       18.5825,
       49.8405556
      ],
      [
       18.5691667,
       49.8341667
      ],
      [
       18.5708333,
       49.8261111
      ],
      [
       18.5772222,
       49.8205556
      ],
      [
       18.5822222,
       49.8180556
      ],
      [
       18.5822222,
       49.8097222
      ],
      [
       18.5913889,
       49.8027778
      ],
      [
       18.5927778,
       49.7975
      ],
      [
       18.5972222,
       49.7861111
      ],
      [
       18.6025,
       49.7808333
      ],
      [
       18.6102778,
       49.7705556
      ],
      [
       18.6108333,
       49.7663889
      ],
      [
       18.6075,
       49.7602778
      ],
      [
       18.6336111,
       49.7161111
      ],
      [
       18.6711111,
       49.7041667
      ],
      [
       18.7130556,
       49.6969444
      ],
      [
       18.7330556,
       49.6841667
      ],
      [
       18.7641667,
       49.6844444
      ],
      [
       18.815,
       49.6713889
      ],
      [
       18.8297222,
       49.5966667
      ],
      [
       18.8291667,
       49.5833333
      ],
      [
       18.8416667,
       49.5622222
      ],
      [
       18.8622222,
       49.55
      ],
      [
       18.8452778,
       49.5330556
      ],
      [
       18.8541667,
       49.5180556
      ],
      [
       18.8508333,
       49.5188889
      ],
      [
       18.8022222,
       49.51
      ],
      [
       18.7430556,
       49.4880556
      ],
      [
       18.6863889,
       49.5011111
      ],
      [
       18.6666667,
       49.5027778
      ],
      [
       18.6361111,
       49.4986111
      ],
      [
       18.6069444,
       49.5075
      ],
      [
       18.5763889,
       49.5080556
      ],
      [
       18.5444444,
       49.4788889
      ],
      [
       18.5419444,
       49.4641667
      ],
      [
       18.5069444,
       49.4416667
      ],
      [
       18.4769444,
       49.4105556
      ],
      [
       18.4391667,
       49.3930556
      ],
      [
       18.4144444,
       49.3844444
      ],
      [
       18.4011111,
       49.3566667
      ],
      [
       18.3822222,
       49.3294444
      ],
      [
       18.3038889,
       49.31
      ],
      [
       18.2586111,
       49.2986111
      ],
      [
       18.1863889,
       49.2880556
      ],
      [
       18.1622222,
       49.2536111
      ],
      [
       18.1563889,
       49.2286111
      ],
      [
       18.1511111,
       49.205
      ],
      [
       18.1302778,
       49.1872222
      ],
      [
       18.1191667,
       49.1752778
      ],
      [
       18.1333333,
       49.1558333
      ],
      [
       18.1108333,
       49.1352778
      ],
      [
       18.1247222,
       49.1191667
      ],
      [
       18.1180556,
       49.0916667
      ],
      [
       18.0830556,
       49.0463889
      ],
      [
       18.0388889,
       49.0255556
      ],
      [
       18.0094444,
       49.0216667
      ],
      [
       17.9863889,
       49.0227778
      ],
      [
       17.9338889,
       49.0236111
      ],
      [
       17.9161111,
       48.9911111
      ],
      [
       17.9061111,
       48.9616667
      ],
      [
       17.8958333,
       48.9511111
      ],
      [
       17.8891667,
       48.9286111
      ],
      [
       17.8558333,
       48.9275
      ],
      [
       17.7858333,
       48.9255556
      ],
      [
       17.775,
       48.9125
      ],
      [
       17.7325,
       48.8783333
      ],
      [
       17.7058333,
       48.8611111
      ],
      [
       17.6952778,
       48.8627778
      ],
      [
       17.6761111,
       48.8577778
      ],
      [
       17.6744444,
       48.8569444
      ],
      [
       17.6666667,
       48.8541667
      ],
      [
       17.6544444,
       48.8555556
      ],
      [
       17.6444444,
       48.8544444
      ],
      [
       17.6266667,
       48.8513889
      ],
      [
       17.6208333,
       48.8419444
      ],
      [
       17.6002778,
       48.8394444
      ],
      [
       17.5963889,
       48.8308333
      ],
      [
       17.5911111,
       48.8266667
      ],
      [
       17.5861111,
       48.8255556
      ],
      [
       17.5686111,
       48.8244444
      ],
      [
       17.5605556,
       48.8272222
      ],
      [
       17.5566667,
       48.8294444
      ],
      [
       17.5505556,
       48.8280556
      ],
      [
       17.5552778,
       48.8225
      ],
      [
       17.5483333,
       48.8172222
      ],
      [
       17.5391667,
       48.8186111
      ],
      [
       17.5361111,
       48.8169444
      ],
      [
       17.5283333,
       48.8119444
      ],
      [
       17.5188889,
       48.815
      ],
      [
       17.5155556,
       48.8197222
      ],
      [
       17.5158333,
       48.8247222
      ],
      [
       17.5152778,
       48.825
      ],
      [
       17.5119444,
       48.8194444
      ],
      [
       17.5105556,
       48.8205556
      ],
      [
       17.5097222,
       48.8194444
      ],
      [
       17.4813889,
       48.8391667
      ],
      [
       17.4744444,
       48.8413889
      ],
      [
       17.4575,
       48.8447222
      ],
      [
       17.4538889,
       48.8461111
      ],
      [
       17.4508333,
       48.8458333
      ],
      [
       17.4477778,
       48.8425
      ],
      [
       17.4438889,
       48.8386111
      ],
      [
       17.4425,
       48.8380556
      ],
      [
       17.4347222,
       48.8391667
      ],
      [
       17.4283333,
       48.8297222
      ],
      [
       17.4244444,
       48.8269444
      ],
      [
       17.4213889,
       48.8277778
      ],
      [
       17.4163889,
       48.8272222
      ],
      [
       17.4061111,
       48.8216667
      ],
      [
       17.4022222,
       48.8186111
      ],
      [
       17.3961111,
       48.8130556
      ],
      [
       17.3869444,
       48.8155556
      ],
      [
       17.3783333,
       48.8191667
      ],
      [
       17.37,
       48.8152778
      ],
      [
       17.3619444,
       48.8136111
      ],
      [
       17.3591667,
       48.8152778
      ],
      [
       17.3561111,
       48.8191667
      ],
      [
       17.3533333,
       48.8216667
      ],
      [
       17.3480556,
       48.8244444
      ],
      [
       17.3458333,
       48.8261111
      ],
      [
       17.3375,
       48.8288889
      ],
      [
       17.3344444,
       48.8305556
      ],
      [
       17.3297222,
       48.8327778
      ],
      [
       17.3280556,
       48.8347222
      ],
      [
       17.3238889,
       48.8377778
      ],
      [
       17.3222222,
       48.8441667
      ],
      [
       17.3205556,
       48.845
      ],
      [
       17.3180556,
       48.8455556
      ],
      [
       17.3133333,
       48.8433333
      ],
      [
       17.3044444,
       48.8441667
      ],
      [
       17.3008333,
       48.8463889
      ],
      [
       17.2977778,
       48.8491667
      ],
      [
       17.2933333,
       48.85
      ],
      [
       17.2883333,
       48.8522222
      ],
      [
       17.2855556,
       48.8530556
      ],
      [
       17.2794444,
       48.8561111
      ],
      [
       17.2783333,
       48.8586111
      ],
      [
       17.2755556,
       48.8608333
      ],
      [
       17.2719444,
       48.8616667
      ],
      [
       17.2680556,
       48.8608333
      ],
      [
       17.265,
       48.8602778
      ],
      [
       17.2638889,
       48.8605556
      ],
      [
       17.2594444,
       48.8611111
      ],
      [
       17.2575,
       48.8619444
      ],
      [
       17.2522222,
       48.8627778
      ],
      [
       17.2480556,
       48.8655556
      ],
      [
       17.2438889,
       48.8675
      ],
      [
       17.2397222,
       48.8680556
      ],
      [
       17.2305556,
       48.8686111
      ],
      [
       17.225,
       48.8713889
      ],
      [
       17.2161111,
       48.8711111
      ],
      [
       17.1983333,
       48.8766667
      ],
      [
       17.1894444,
       48.8722222
      ],
      [
       17.1844444,
       48.8677778
      ],
      [
       17.1694444,
       48.8558333
      ],
      [
       17.16,
       48.8516667
      ],
      [
       17.1505556,
       48.8436111
      ],
      [
       17.1311111,
       48.8383333
      ],
      [
       17.1108333,
       48.8311111
      ],
      [
       17.1052778,
       48.8241667
      ],
      [
       17.1069444,
       48.8175
      ],
      [
       17.1044444,
       48.805
      ],
      [
       17.0938889,
       48.7988889
      ],
      [
       17.09,
       48.7944444
      ],
      [
       17.0886111,
       48.7852778
      ],
      [
       17.0794444,
       48.7816667
      ],
      [
       17.0683333,
       48.7788889
      ],
      [
       17.0625,
       48.7730556
      ],
      [
       17.0133333,
       48.7283333
      ],
      [
       16.9766667,
       48.6727778
      ],
      [
       16.9638889,
       48.6397222
      ],
      [
       16.9402778,
       48.6166667
      ],
      [
       16.9233333,
       48.6197222
      ],
      [
       16.9177778,
       48.6502778
      ],
      [
       16.9113889,
       48.6747222
      ],
      [
       16.9172222,
       48.7022222
      ],
      [
       16.8891667,
       48.7172222
      ],
      [
       16.8569444,
       48.7116667
      ],
      [
       16.8080556,
       48.7119444
      ],
      [
       16.7927778,
       48.7127778
      ],
      [
       16.7677778,
       48.7180556
      ],
      [
       16.75,
       48.7333333
      ],
      [
       16.7358333,
       48.7319444
      ],
      [
       16.7347222,
       48.7302778
      ],
      [
       16.7327778,
       48.7336111
      ],
      [
       16.7283333,
       48.7341667
      ],
      [
       16.7294444,
       48.7355556
      ],
      [
       16.7238889,
       48.7380556
      ],
      [
       16.7072222,
       48.7369444
      ],
      [
       16.7058333,
       48.7358333
      ],
      [
       16.7008333,
       48.7366667
      ],
      [
       16.6916667,
       48.7311111
      ],
      [
       16.6797222,
       48.7341667
      ],
      [
       16.6736111,
       48.7425
      ],
      [
       16.6794444,
       48.76
      ],
      [
       16.6663889,
       48.7738889
      ],
      [
       16.6655556,
       48.7780556
      ],
      [
       16.6641667,
       48.7805556
      ],
      [
       16.6558333,
       48.7825
      ],
      [
       16.6536111,
       48.7847222
      ],
      [
       16.6363889,
       48.7858333
      ],
      [
       16.6316667,
       48.7827778
      ],
      [
       16.6305556,
       48.7805556
      ],
      [
       16.6272222,
       48.7808333
      ],
      [
       16.6147222,
       48.7811111
      ],
      [
       16.5930556,
       48.7827778
      ],
      [
       16.5916667,
       48.7877778
      ],
      [
       16.5794444,
       48.7922222
      ],
      [
       16.5697222,
       48.7933333
      ],
      [
       16.5608333,
       48.7975
      ],
      [
       16.5572222,
       48.8011111
      ],
      [
       16.5494444,
       48.8066667
      ],
      [
       16.5336111,
       48.8108333
      ],
      [
       16.5305556,
       48.8061111
      ],
      [
       16.5286111,
       48.8036111
      ],
      [
       16.5186111,
       48.7980556
      ],
      [
       16.5002778,
       48.8008333
      ],
      [
       16.4738889,
       48.8047222
      ],
      [
       16.4644444,
       48.8097222
      ],
      [
       16.4625,
       48.8061111
      ],
      [
       16.46,
       48.8088889
      ],
      [
       16.4,
       48.8852778
      ],
      [
       16.2366667,
       48.965
      ],
      [
       16.1055556,
       49.0286111
      ],
      [
       15.9202778,
       49.1186111
      ],
      [
       15.7816667,
       49.1858333
      ],
      [
       15.7069444,
       49.2730556
      ],
      [
       15.7775,
       49.3230556
      ],
      [
       15.8772222,
       49.3855556
      ],
      [
       15.9816667,
       49.37
      ],
      [
       16.1455556,
       49.2852778
      ],
      [
       16.1541007,
       49.300229
      ],
      [
       16.1641074,
       49.3147941
      ],
      [
       16.1750439,
       49.3290732
      ],
      [
       16.1868917,
       49.3430413
      ],
      [
       16.1996306,
       49.3566737
      ],
      [
       16.2132389,
       49.3699464
      ],
      [
       16.2276933,
       49.382836
      ],
      [
       16.242969,
       49.3953196
      ],
      [
       16.2472222,
       49.3986111
      ],
      [
       16.3838889,
       49.3713889
      ],
      [
       16.4569444,
       49.3566667
      ],
      [
       16.8527778,
       49.2766667
      ],
      [
       16.9408333,
       49.2586111
      ],
      [
       17.0008333,
       49.2583333
      ],
      [
       17.2594444,
       49.3116667
      ],
      [
       17.4836111,
       49.4583333
      ],
      [
       17.4327778,
       49.4869444
      ],
      [
       17.4361111,
       49.5608333
      ],
      [
       17.5444444,
       49.5563889
      ],
      [
       17.6280556,
       49.5705556
      ],
      [
       17.7386111,
       49.5833333
      ],
      [
       17.7522222,
       49.7066667
      ],
      [
       17.7872222,
       50.0175
      ]
     ]
    ]
   }
  },
  {
   "type": "Feature",
   "properties": {
    "ll": {
     "value": 2000,
     "unit": 1,
     "referenceDatum": 1
    },
    "ul": {
     "value": 95,
     "unit": 6,
     "referenceDatum": 2
    },
    "_id": "6294c5b9c0dcb4fbc83ae62c",
    "name": "KOLÍN 1A",
    "type": 8,
    "icao": 6,
    "bnd": [
     [
      49.9845556,
      15.0955556
     ],
     [
      50.0505139,
      15.1949083
     ]
    ],
    "freq": [
     {
      "name": "Kolín RADIO",
      "val": "129.155"
     },
     {
      "name": "Čáslav RADAR",
      "val": "130.280"
     }
    ]
   },
   "geometry": {
    "type": "Polygon",
    "coordinates": [
     [
      [
       15.1546556,
       50.049925
      ],
      [
       15.1407528,
       50.0416056
      ],
      [
       15.1949083,
       50.0046556
      ],
      [
       15.1014111,
       49.984725
      ],
      [
       15.1005417,
       49.9845556
      ],
      [
       15.0997222,
       49.9861111
      ],
      [
       15.0972222,
       49.9916667
      ],
      [
       15.0958333,
       49.9972222
      ],
      [
       15.0955556,
       50.0030556
      ],
      [
       15.0963889,
       50.0088889
      ],
      [
       15.0980556,
       50.0144444
      ],
      [
       15.1008333,
       50.02
      ],
      [
       15.1044444,
       50.0252778
      ],
      [
       15.1091667,
       50.03
      ],
      [
       15.1147222,
       50.0347222
      ],
      [
       15.1208333,
       50.0388889
      ],
      [
       15.1277778,
       50.0425
      ],
      [
       15.1355556,
       50.0455556
      ],
      [
       15.1436111,
       50.0480556
      ],
      [
       15.1519444,
       50.05
      ],
      [
       15.1556083,
       50.0505139
      ],
      [
       15.1546556,
       50.049925
      ]
     ]
    ]
   }
  },
  {
   "type": "Feature",
   "properties": {
    "ll": {
     "value": 2500,
     "unit": 1,
     "referenceDatum": 1
    },
    "ul": {
     "value": 95,
     "unit": 6,
     "referenceDatum": 2
    },
    "_id": "6294c8afc0dcb4fbc83ae781",
    "name": "KOLÍN 1B",
    "type": 8,
    "icao": 6,
    "bnd": [
     [
      49.9519444,
      15.1005056
     ],
     [
      50.0046556,
      15.1995389
     ]
    ],
    "freq": [
     {
      "name": "Kolín RADIO",
      "val": "129.155"
     },
     {
      "name": "Čáslav RADAR",
      "val": "130.280"
     }
    ]
   },
   "geometry": {
    "type": "Polygon",
    "coordinates": [
     [
      [
       15.1014111,
       49.984725
      ],
      [
       15.1949083,
       50.0046556
      ],
      [
       15.199425,
       49.955425
      ],
      [
       15.1995389,
       49.954975
      ],
      [
       15.1927778,
       49.9536111
      ],
      [
       15.1841667,
       49.9525
      ],
      [
       15.1752778,
       49.9519444
      ],
      [
       15.1661111,
       49.9522222
      ],
      [
       15.1572222,
       49.9530556
      ],
      [
       15.1486111,
       49.9544444
      ],
      [
       15.1402778,
       49.9566667
      ],
      [
       15.1325,
       49.9594444
      ],
      [
       15.125,
       49.9627778
      ],
      [
       15.1183333,
       49.9666667
      ],
      [
       15.1125,
       49.9708333
      ],
      [
       15.1072222,
       49.9755556
      ],
      [
       15.1030556,
       49.9805556
      ],
      [
       15.1005056,
       49.9845917
      ],
      [
       15.1014111,
       49.984725
      ]
     ]
    ]
   }
  },
  {
   "type": "Feature",
   "properties": {
    "ll": {
     "value": 0,
     "unit": 1,
     "referenceDatum": 0
    },
    "ul": {
     "value": 5000,
     "unit": 1,
     "referenceDatum": 1
    },
    "_id": "6294cc99c0dcb4fbc83b0afb",
    "name": "KOLÍN 1C",
    "type": 8,
    "icao": 6,
    "bnd": [
     [
      49.9549778,
      15.1407528
     ],
     [
      50.0519444,
      15.2511111
     ]
    ],
    "freq": [
     {
      "name": "Kolín RADIO",
      "val": "129.155"
     },
     {
      "name": "Čáslav RADAR",
      "val": "130.280"
     }
    ]
   },
   "geometry": {
    "type": "Polygon",
    "coordinates": [
     [
      [
       15.1546556,
       50.049925
      ],
      [
       15.1407528,
       50.0416056
      ],
      [
       15.1949083,
       50.0046556
      ],
      [
       15.199425,
       49.955425
      ],
      [
       15.1995528,
       49.9549778
      ],
      [
       15.2013889,
       49.9552778
      ],
      [
       15.2094444,
       49.9577778
      ],
      [
       15.2172222,
       49.9608333
      ],
      [
       15.2244444,
       49.9641667
      ],
      [
       15.2308333,
       49.9683333
      ],
      [
       15.2363889,
       49.9727778
      ],
      [
       15.2411111,
       49.9775
      ],
      [
       15.245,
       49.9827778
      ],
      [
       15.2480556,
       49.9883333
      ],
      [
       15.25,
       49.9938889
      ],
      [
       15.2511111,
       49.9997222
      ],
      [
       15.2508333,
       50.0052778
      ],
      [
       15.2497222,
       50.0111111
      ],
      [
       15.2475,
       50.0166667
      ],
      [
       15.2444444,
       50.0222222
      ],
      [
       15.2402778,
       50.0272222
      ],
      [
       15.2352778,
       50.0319444
      ],
      [
       15.2297222,
       50.0363889
      ],
      [
       15.2230556,
       50.0402778
      ],
      [
       15.2158333,
       50.0438889
      ],
      [
       15.2080556,
       50.0466667
      ],
      [
       15.1997222,
       50.0488889
      ],
      [
       15.1911111,
       50.0505556
      ],
      [
       15.1822222,
       50.0516667
      ],
      [
       15.1733333,
       50.0519444
      ],
      [
       15.1697222,
       50.0519444
      ],
      [
       15.1608333,
       50.0513889
      ],
      [
       15.1556056,
       50.0505944
      ],
      [
       15.1546556,
       50.049925
      ]
     ]
    ]
   }
  },
  {
   "type": "Feature",
   "properties": {
    "ll": {
     "value": 5000,
     "unit": 1,
     "referenceDatum": 1
    },
    "ul": {
     "value": 95,
     "unit": 6,
     "referenceDatum": 2
    },
    "_id": "6294cd4ac0dcb4fbc83b0c03",
    "name": "KOLÍN 1D",
    "type": 8,
    "icao": 6,
    "bnd": [
     [
      49.955,
      15.1408333
     ],
     [
      50.0519444,
      15.2511111
     ]
    ],
    "freq": [
     {
      "name": "Kolín RADIO",
      "val": "129.155"
     },
     {
      "name": "Čáslav RADAR",
      "val": "130.280"
     }
    ]
   },
   "geometry": {
    "type": "Polygon",
    "coordinates": [
     [
      [
       15.1547222,
       50.05
      ],
      [
       15.1408333,
       50.0416667
      ],
      [
       15.195,
       50.0047222
      ],
      [
       15.1994444,
       49.9555556
      ],
      [
       15.1994444,
       49.955
      ],
      [
       15.2013889,
       49.9552778
      ],
      [
       15.2094444,
       49.9577778
      ],
      [
       15.2172222,
       49.9608333
      ],
      [
       15.2244444,
       49.9641667
      ],
      [
       15.2308333,
       49.9683333
      ],
      [
       15.2363889,
       49.9727778
      ],
      [
       15.2411111,
       49.9775
      ],
      [
       15.245,
       49.9827778
      ],
      [
       15.2480556,
       49.9883333
      ],
      [
       15.25,
       49.9938889
      ],
      [
       15.2511111,
       49.9997222
      ],
      [
       15.2508333,
       50.0052778
      ],
      [
       15.2497222,
       50.0111111
      ],
      [
       15.2475,
       50.0166667
      ],
      [
       15.2444444,
       50.0222222
      ],
      [
       15.2402778,
       50.0272222
      ],
      [
       15.2352778,
       50.0319444
      ],
      [
       15.2297222,
       50.0363889
      ],
      [
       15.2230556,
       50.0402778
      ],
      [
       15.2158333,
       50.0438889
      ],
      [
       15.2080556,
       50.0466667
      ],
      [
       15.1997222,
       50.0488889
      ],
      [
       15.1911111,
       50.0505556
      ],
      [
       15.1822222,
       50.0516667
      ],
      [
       15.1733333,
       50.0519444
      ],
      [
       15.1697222,
       50.0519444
      ],
      [
       15.1608333,
       50.0513889
      ],
      [
       15.1555556,
       50.0505556
      ],
      [
       15.1547222,
       50.05
      ]
     ]
    ]
   }
  },
  {
   "type": "Feature",
   "properties": {
    "ll": {
     "value": 2000,
     "unit": 1,
     "referenceDatum": 1
    },
    "ul": {
     "value": 5000,
     "unit": 1,
     "referenceDatum": 1
    },
    "_id": "6294d3fec0dcb4fbc83b1e20",
    "name": "KOLÍN 2A",
    "type": 8,
    "icao": 6,
    "bnd": [
     [
      50.049925,
      14.9775
     ],
     [
      50.1858222,
      15.1550917
     ]
    ],
    "freq": [
     {
      "name": "Kolín RADIO",
      "val": "129.155"
     },
     {
      "name": "Čáslav RADAR",
      "val": "130.280"
     }
    ]
   },
   "geometry": {
    "type": "Polygon",
    "coordinates": [
     [
      [
       14.9776139,
       50.1855528
      ],
      [
       15.1550917,
       50.1858222
      ],
      [
       15.1546556,
       50.049925
      ],
      [
       14.9866667,
       50.0500278
      ],
      [
       14.9886111,
       50.0638889
      ],
      [
       14.9894444,
       50.0719444
      ],
      [
       14.99,
       50.0802778
      ],
      [
       14.9905556,
       50.0963889
      ],
      [
       14.9905556,
       50.1047222
      ],
      [
       14.9902778,
       50.1127778
      ],
      [
       14.9897222,
       50.1208333
      ],
      [
       14.9888889,
       50.1288889
      ],
      [
       14.9880556,
       50.1372222
      ],
      [
       14.9869444,
       50.1452778
      ],
      [
       14.9852778,
       50.1533333
      ],
      [
       14.9838889,
       50.1613889
      ],
      [
       14.98,
       50.1775
      ],
      [
       14.9775,
       50.1855556
      ],
      [
       14.9776139,
       50.1855528
      ]
     ]
    ]
   }
  },
  {
   "type": "Feature",
   "properties": {
    "ll": {
     "value": 2000,
     "unit": 1,
     "referenceDatum": 1
    },
    "ul": {
     "value": 85,
     "unit": 6,
     "referenceDatum": 2
    },
    "_id": "6294d5acc0dcb4fbc83b3147",
    "name": "KOLÍN 2B",
    "type": 8,
    "icao": 6,
    "bnd": [
     [
      49.9532222,
      14.9544972
     ],
     [
      50.0634444,
      15.1949083
     ]
    ],
    "freq": [
     {
      "name": "Kolín RADIO",
      "val": "129.155"
     },
     {
      "name": "Čáslav RADAR",
      "val": "130.280"
     }
    ]
   },
   "geometry": {
    "type": "Polygon",
    "coordinates": [
     [
      [
       14.9866667,
       50.0500278
      ],
      [
       15.1546556,
       50.0634444
      ],
      [
       15.1407528,
       50.0416056
      ],
      [
       15.1949083,
       50.0046556
      ],
      [
       14.9544972,
       49.9532222
      ],
      [
       14.9580556,
       49.96
      ],
      [
       14.9652778,
       49.9755556
      ],
      [
       14.9683333,
       49.9836111
      ],
      [
       14.9713889,
       49.9913889
      ],
      [
       14.9741667,
       49.9994444
      ],
      [
       14.9766667,
       50.0075
      ],
      [
       14.9791667,
       50.0152778
      ],
      [
       14.9830556,
       50.0313889
      ],
      [
       14.9847222,
       50.0394444
      ],
      [
       14.9863889,
       50.0477778
      ],
      [
       14.9866667,
       50.0500278
      ]
     ]
    ]
   }
  },
  {
   "type": "Feature",
   "properties": {
    "ll": {
     "value": 2500,
     "unit": 1,
     "referenceDatum": 1
    },
    "ul": {
     "value": 95,
     "unit": 6,
     "referenceDatum": 2
    },
    "_id": "6294d6c9c0dcb4fbc83b4054",
    "name": "KOLÍN 2C",
    "type": 8,
    "icao": 6,
    "bnd": [
     [
      49.8964722,
      14.9544972
     ],
     [
      50.0046556,
      15.1991611
     ]
    ],
    "freq": [
     {
      "name": "Kolín RADIO",
      "val": "129.155"
     },
     {
      "name": "Čáslav RADAR",
      "val": "130.280"
     }
    ]
   },
   "geometry": {
    "type": "Polygon",
    "coordinates": [
     [
      [
       14.9544972,
       49.9532222
      ],
      [
       15.1949083,
       50.0046556
      ],
      [
       15.1991611,
       49.9591667
      ],
      [
       15.0885056,
       49.8964722
      ],
      [
       14.9544972,
       49.9532222
      ]
     ]
    ]
   }
  },
  {
   "type": "Feature",
   "properties": {
    "ll": {
     "value": 3000,
     "unit": 1,
     "referenceDatum": 1
    },
    "ul": {
     "value": 95,
     "unit": 6,
     "referenceDatum": 2
    },
    "_id": "6294d96e95da961a2bdabd64",
    "name": "KOLÍN 2D",
    "type": 8,
    "icao": 6,
    "bnd": [
     [
      49.8684306,
      14.9343167
     ],
     [
      49.9532222,
      15.0885056
     ]
    ],
    "freq": [
     {
      "name": "Kolín RADIO",
      "val": "129.155"
     },
     {
      "name": "Čáslav RADAR",
      "val": "130.280"
     }
    ]
   },
   "geometry": {
    "type": "Polygon",
    "coordinates": [
     [
      [
       14.9544972,
       49.9532222
      ],
      [
       15.0885056,
       49.8964722
      ],
      [
       15.0555278,
       49.8777333
      ],
      [
       15.0520556,
       49.8684306
      ],
      [
       14.9343167,
       49.9176639
      ],
      [
       14.9344444,
       49.9177778
      ],
      [
       14.9413889,
       49.9291667
      ],
      [
       14.9461111,
       49.9369444
      ],
      [
       14.9502778,
       49.9444444
      ],
      [
       14.9544972,
       49.9532222
      ]
     ]
    ]
   }
  },
  {
   "type": "Feature",
   "properties": {
    "ll": {
     "value": 0,
     "unit": 1,
     "referenceDatum": 0
    },
    "ul": {
     "value": 1000,
     "unit": 1,
     "referenceDatum": 0
    },
    "_id": "626148835e9ded571043e309",
    "name": "LK-D1 KRALICE NAD OSLAVOU",
    "type": 2,
    "icao": 7,
    "bnd": [
     [
      49.2055873,
      16.193845
     ],
     [
      49.2322132,
      16.2345573
     ]
    ]
   },
   "geometry": {
    "type": "Polygon",
    "coordinates": [
     [
      [
       16.2141667,
       49.2322132
      ],
      [
       16.2182205,
       49.2319476
      ],
      [
       16.2221126,
       49.2311611
      ],
      [
       16.2256876,
       49.2298854
      ],
      [
       16.2288031,
       49.2281711
      ],
      [
       16.2313347,
       49.2260868
      ],
      [
       16.2331816,
       49.2237155
      ],
      [
       16.2342702,
       49.2211518
      ],
      [
       16.2345573,
       49.218498
      ],
      [
       16.2340314,
       49.2158599
      ],
      [
       16.2327138,
       49.2133425
      ],
      [
       16.2306569,
       49.2110463
      ],
      [
       16.227943,
       49.2090628
      ],
      [
       16.2246802,
       49.2074709
      ],
      [
       16.2209985,
       49.2063342
      ],
      [
       16.2170447,
       49.2056979
      ],
      [
       16.2129762,
       49.2055873
      ],
      [
       16.2089551,
       49.2060068
      ],
      [
       16.2051417,
       49.2069398
      ],
      [
       16.2016878,
       49.2083491
      ],
      [
       16.198731,
       49.2101785
      ],
      [
       16.1963893,
       49.2123551
      ],
      [
       16.1947561,
       49.2147923
      ],
      [
       16.1938965,
       49.2173928
      ],
      [
       16.193845,
       49.220053
      ],
      [
       16.1946036,
       49.2226668
      ],
      [
       16.1961424,
       49.2251302
      ],
      [
       16.1984,
       49.2273447
      ],
      [
       16.2012865,
       49.2292221
      ],
      [
       16.2046868,
       49.2306875
      ],
      [
       16.2084653,
       49.2316824
      ],
      [
       16.2124712,
       49.2321671
      ],
      [
       16.2141667,
       49.2322132
      ]
     ]
    ]
   }
  },
  {
   "type": "Feature",
   "properties": {
    "ll": {
     "value": 0,
     "unit": 1,
     "referenceDatum": 0
    },
    "ul": {
     "value": 1000,
     "unit": 1,
     "referenceDatum": 0
    },
    "_id": "626148821eacded7b7bb35cb",
    "name": "LK-D10 DOLNI DUNAJOVICE",
    "type": 2,
    "icao": 7,
    "bnd": [
     [
      48.8233333,
      16.555
     ],
     [
      48.9019444,
      16.6513889
     ]
    ]
   },
   "geometry": {
    "type": "Polygon",
    "coordinates": [
     [
      [
       16.6122222,
       48.9019444
      ],
      [
       16.6513889,
       48.8863889
      ],
      [
       16.5941667,
       48.8233333
      ],
      [
       16.555,
       48.8388889
      ],
      [
       16.6122222,
       48.9019444
      ]
     ]
    ]
   }
  },
  {
   "type": "Feature",
   "properties": {
    "ll": {
     "value": 0,
     "unit": 1,
     "referenceDatum": 0
    },
    "ul": {
     "value": 95,
     "unit": 6,
     "referenceDatum": 2
    },
    "_id": "626148825e9ded571043e2e9",
    "name": "LK-D11 CHLUM 126.10 118.65",
    "type": 2,
    "icao": 7,
    "bnd": [
     [
      48.7606996,
      13.8944615
     ],
     [
      48.9938101,
      14.2489075
     ]
    ]
   },
   "geometry": {
    "type": "Polygon",
    "coordinates": [
     [
      [
       14.0716667,
       48.9938101
      ],
      [
       14.0850865,
       48.9934764
      ],
      [
       14.0984291,
       48.992477
      ],
      [
       14.1116178,
       48.9908177
      ],
      [
       14.1245767,
       48.9885082
      ],
      [
       14.1372314,
       48.9855616
      ],
      [
       14.1495091,
       48.9819949
      ],
      [
       14.1613393,
       48.9778286
      ],
      [
       14.1726542,
       48.9730866
      ],
      [
       14.1833889,
       48.9677963
      ],
      [
       14.193482,
       48.961988
      ],
      [
       14.2028757,
       48.9556949
      ],
      [
       14.2115164,
       48.9489534
      ],
      [
       14.2193547,
       48.941802
      ],
      [
       14.2263462,
       48.9342818
      ],
      [
       14.2324511,
       48.9264359
      ],
      [
       14.2376348,
       48.9183092
      ],
      [
       14.2418682,
       48.9099483
      ],
      [
       14.2451274,
       48.901401
      ],
      [
       14.2473944,
       48.8927163
      ],
      [
       14.2486566,
       48.8839439
      ],
      [
       14.2489075,
       48.8751338
      ],
      [
       14.248146,
       48.8663364
      ],
      [
       14.2463771,
       48.8576019
      ],
      [
       14.2436113,
       48.8489802
      ],
      [
       14.2398651,
       48.8405205
      ],
      [
       14.2351602,
       48.832271
      ],
      [
       14.2295239,
       48.8242787
      ],
      [
       14.2229887,
       48.8165891
      ],
      [
       14.2155923,
       48.809246
      ],
      [
       14.207377,
       48.8022911
      ],
      [
       14.1983901,
       48.7957642
      ],
      [
       14.1886827,
       48.7897021
      ],
      [
       14.1783105,
       48.7841395
      ],
      [
       14.1673324,
       48.7791078
      ],
      [
       14.1558111,
       48.7746357
      ],
      [
       14.1438121,
       48.7707487
      ],
      [
       14.1314035,
       48.7674686
      ],
      [
       14.118656,
       48.7648142
      ],
      [
       14.1056419,
       48.7628006
      ],
      [
       14.0924349,
       48.761439
      ],
      [
       14.0791102,
       48.7607374
      ],
      [
       14.0657433,
       48.7606996
      ],
      [
       14.05241,
       48.7613258
      ],
      [
       14.0391859,
       48.7626126
      ],
      [
       14.026146,
       48.7645526
      ],
      [
       14.0133645,
       48.7671347
      ],
      [
       14.0009138,
       48.7703445
      ],
      [
       13.9888647,
       48.7741635
      ],
      [
       13.9772856,
       48.7785703
      ],
      [
       13.9662426,
       48.7835396
      ],
      [
       13.9557983,
       48.7890434
      ],
      [
       13.9460125,
       48.7950503
      ],
      [
       13.9369409,
       48.8015262
      ],
      [
       13.9286354,
       48.8084343
      ],
      [
       13.9211435,
       48.8157353
      ],
      [
       13.9145084,
       48.8233877
      ],
      [
       13.9087681,
       48.8313478
      ],
      [
       13.9039557,
       48.8395704
      ],
      [
       13.9000992,
       48.8480086
      ],
      [
       13.897221,
       48.8566143
      ],
      [
       13.895338,
       48.8653385
      ],
      [
       13.8944615,
       48.8741312
      ],
      [
       13.8945971,
       48.8829424
      ],
      [
       13.8957445,
       48.8917217
      ],
      [
       13.8978976,
       48.9004189
      ],
      [
       13.9010448,
       48.9089842
      ],
      [
       13.9051684,
       48.9173688
      ],
      [
       13.9102454,
       48.9255245
      ],
      [
       13.9162471,
       48.9334047
      ],
      [
       13.9231396,
       48.9409642
      ],
      [
       13.9308838,
       48.9481596
      ],
      [
       13.9394356,
       48.9549498
      ],
      [
       13.9487462,
       48.9612957
      ],
      [
       13.9587625,
       48.9671609
      ],
      [
       13.9694273,
       48.9725118
      ],
      [
       13.9806794,
       48.9773176
      ],
      [
       13.9924544,
       48.9815506
      ],
      [
       14.0046847,
       48.9851867
      ],
      [
       14.0173001,
       48.9882047
      ],
      [
       14.0302281,
       48.9905875
      ],
      [
       14.0433944,
       48.9923213
      ],
      [
       14.0567234,
       48.9933961
      ],
      [
       14.0701383,
       48.9938058
      ],
      [
       14.0716667,
       48.9938101
      ]
     ]
    ]
   }
  },
  {
   "type": "Feature",
   "properties": {
    "ll": {
     "value": 0,
     "unit": 1,
     "referenceDatum": 0
    },
    "ul": {
     "value": 95,
     "unit": 6,
     "referenceDatum": 2
    },
    "_id": "626148825e9ded571043e2f3",
    "name": "LK-D13 MILOVANY 136.175 119.375",
    "type": 2,
    "icao": 7,
    "bnd": [
     [
      49.5565329,
      17.4213017
     ],
     [
      49.7896435,
      17.7815124
     ]
    ]
   },
   "geometry": {
    "type": "Polygon",
    "coordinates": [
     [
      [
       17.6013889,
       49.7896435
      ],
      [
       17.6150279,
       49.7893097
      ],
      [
       17.6285884,
       49.7883102
      ],
      [
       17.6419925,
       49.7866509
      ],
      [
       17.655163,
       49.7843412
      ],
      [
       17.6680242,
       49.7813944
      ],
      [
       17.6805022,
       49.7778275
      ],
      [
       17.6925254,
       49.7736609
      ],
      [
       17.7040247,
       49.7689187
      ],
      [
       17.7149343,
       49.7636281
      ],
      [
       17.7251917,
       49.7578195
      ],
      [
       17.7347381,
       49.7515262
      ],
      [
       17.7435192,
       49.7447843
      ],
      [
       17.7514848,
       49.7376327
      ],
      [
       17.7585895,
       49.7301122
      ],
      [
       17.7647932,
       49.722266
      ],
      [
       17.7700606,
       49.7141391
      ],
      [
       17.7743621,
       49.705778
      ],
      [
       17.7776736,
       49.6972306
      ],
      [
       17.7799766,
       49.6885459
      ],
      [
       17.7812584,
       49.6797733
      ],
      [
       17.7815124,
       49.6709632
      ],
      [
       17.7807377,
       49.6621659
      ],
      [
       17.7789391,
       49.6534315
      ],
      [
       17.7761276,
       49.6448099
      ],
      [
       17.7723196,
       49.6363504
      ],
      [
       17.7675375,
       49.6281011
      ],
      [
       17.7618089,
       49.620109
      ],
      [
       17.755167,
       49.6124196
      ],
      [
       17.7476499,
       49.6050768
      ],
      [
       17.7393008,
       49.5981222
      ],
      [
       17.7301676,
       49.5915955
      ],
      [
       17.7203024,
       49.5855337
      ],
      [
       17.7097616,
       49.5799714
      ],
      [
       17.6986053,
       49.57494
      ],
      [
       17.686897,
       49.5704682
      ],
      [
       17.6747034,
       49.5665814
      ],
      [
       17.6620936,
       49.5633015
      ],
      [
       17.6491395,
       49.5606473
      ],
      [
       17.6359145,
       49.5586337
      ],
      [
       17.6224936,
       49.5572723
      ],
      [
       17.608953,
       49.5565707
      ],
      [
       17.5953696,
       49.5565329
      ],
      [
       17.5818202,
       49.5571591
      ],
      [
       17.5683819,
       49.5584458
      ],
      [
       17.5551308,
       49.5603856
      ],
      [
       17.5421421,
       49.5629677
      ],
      [
       17.5294895,
       49.5661772
      ],
      [
       17.517245,
       49.569996
      ],
      [
       17.505478,
       49.5744025
      ],
      [
       17.4942557,
       49.5793716
      ],
      [
       17.4836417,
       49.5848751
      ],
      [
       17.4736968,
       49.5908817
      ],
      [
       17.4644776,
       49.5973573
      ],
      [
       17.4560368,
       49.6042651
      ],
      [
       17.4484227,
       49.6115659
      ],
      [
       17.4416792,
       49.619218
      ],
      [
       17.4358449,
       49.6271779
      ],
      [
       17.4309536,
       49.6354003
      ],
      [
       17.4270336,
       49.6438383
      ],
      [
       17.4241078,
       49.6524439
      ],
      [
       17.4221933,
       49.661168
      ],
      [
       17.4213017,
       49.6699607
      ],
      [
       17.4214386,
       49.6787719
      ],
      [
       17.4226037,
       49.6875512
      ],
      [
       17.424791,
       49.6962485
      ],
      [
       17.4279886,
       49.704814
      ],
      [
       17.4321785,
       49.7131987
      ],
      [
       17.4373374,
       49.7213546
      ],
      [
       17.4434362,
       49.729235
      ],
      [
       17.4504404,
       49.7367948
      ],
      [
       17.4583103,
       49.7439905
      ],
      [
       17.467001,
       49.750781
      ],
      [
       17.476463,
       49.7571272
      ],
      [
       17.4866424,
       49.7629927
      ],
      [
       17.4974808,
       49.7683438
      ],
      [
       17.5089163,
       49.7731499
      ],
      [
       17.5208833,
       49.7773832
      ],
      [
       17.5333132,
       49.7810194
      ],
      [
       17.5461345,
       49.7840377
      ],
      [
       17.5592735,
       49.7864207
      ],
      [
       17.5726549,
       49.7881546
      ],
      [
       17.5862015,
       49.7892294
      ],
      [
       17.5998356,
       49.7896391
      ],
      [
       17.6013889,
       49.7896435
      ]
     ]
    ]
   }
  },
  {
   "type": "Feature",
   "properties": {
    "ll": {
     "value": 0,
     "unit": 1,
     "referenceDatum": 0
    },
    "ul": {
     "value": 95,
     "unit": 6,
     "referenceDatum": 2
    },
    "_id": "626148835e9ded571043e2fe",
    "name": "LK-D14 LESNA 126.10 118.65",
    "type": 2,
    "icao": 7,
    "bnd": [
     [
      50.1884773,
      12.9578089
     ],
     [
      50.4215879,
      13.3227835
     ]
    ]
   },
   "geometry": {
    "type": "Polygon",
    "coordinates": [
     [
      [
       13.1402778,
       50.4215879
      ],
      [
       13.1540979,
       50.4212541
      ],
      [
       13.1678386,
       50.4202546
      ],
      [
       13.1814206,
       50.4185952
      ],
      [
       13.1947659,
       50.4162853
      ],
      [
       13.2077978,
       50.4133384
      ],
      [
       13.2204414,
       50.4097713
      ],
      [
       13.232624,
       50.4056046
      ],
      [
       13.2442757,
       50.4008621
      ],
      [
       13.2553298,
       50.3955713
      ],
      [
       13.265723,
       50.3897624
      ],
      [
       13.2753957,
       50.3834689
      ],
      [
       13.2842928,
       50.3767268
      ],
      [
       13.2923634,
       50.3695749
      ],
      [
       13.2995619,
       50.3620542
      ],
      [
       13.3058471,
       50.3542079
      ],
      [
       13.3111837,
       50.3460808
      ],
      [
       13.3155415,
       50.3377196
      ],
      [
       13.3188961,
       50.3291721
      ],
      [
       13.3212288,
       50.3204872
      ],
      [
       13.3225269,
       50.3117146
      ],
      [
       13.3227835,
       50.3029045
      ],
      [
       13.3219978,
       50.2941072
      ],
      [
       13.3201747,
       50.2853729
      ],
      [
       13.3173253,
       50.2767514
      ],
      [
       13.3134664,
       50.268292
      ],
      [
       13.3086204,
       50.2600428
      ],
      [
       13.3028156,
       50.2520509
      ],
      [
       13.2960854,
       50.2443617
      ],
      [
       13.2884686,
       50.2370191
      ],
      [
       13.2800089,
       50.2300648
      ],
      [
       13.2707548,
       50.2235383
      ],
      [
       13.2607592,
       50.2174768
      ],
      [
       13.2500791,
       50.2119147
      ],
      [
       13.2387755,
       50.2068835
      ],
      [
       13.2269127,
       50.2024119
      ],
      [
       13.2145583,
       50.1985253
      ],
      [
       13.2017823,
       50.1952456
      ],
      [
       13.1886574,
       50.1925915
      ],
      [
       13.1752581,
       50.1905781
      ],
      [
       13.1616605,
       50.1892167
      ],
      [
       13.1479416,
       50.1885151
      ],
      [
       13.1341792,
       50.1884773
      ],
      [
       13.1204514,
       50.1891035
      ],
      [
       13.106836,
       50.1903901
      ],
      [
       13.0934103,
       50.1923299
      ],
      [
       13.0802504,
       50.1949118
      ],
      [
       13.0674311,
       50.1981211
      ],
      [
       13.055025,
       50.2019398
      ],
      [
       13.0431028,
       50.206346
      ],
      [
       13.0317323,
       50.2113149
      ],
      [
       13.0209782,
       50.2168182
      ],
      [
       13.0109017,
       50.2228245
      ],
      [
       13.0015605,
       50.2292999
      ],
      [
       12.9930079,
       50.2362075
      ],
      [
       12.9852929,
       50.243508
      ],
      [
       12.9784598,
       50.2511599
      ],
      [
       12.9725478,
       50.2591196
      ],
      [
       12.9675913,
       50.2673419
      ],
      [
       12.9636188,
       50.2757798
      ],
      [
       12.9606536,
       50.2843853
      ],
      [
       12.9587131,
       50.2931093
      ],
      [
       12.9578089,
       50.301902
      ],
      [
       12.9579469,
       50.3107132
      ],
      [
       12.9591267,
       50.3194925
      ],
      [
       12.9613422,
       50.3281899
      ],
      [
       12.9645814,
       50.3367555
      ],
      [
       12.9688262,
       50.3451404
      ],
      [
       12.9740528,
       50.3532964
      ],
      [
       12.9802318,
       50.3611771
      ],
      [
       12.9873283,
       50.368737
      ],
      [
       12.9953019,
       50.375933
      ],
      [
       13.0041075,
       50.3827237
      ],
      [
       13.0136946,
       50.3890701
      ],
      [
       13.0240087,
       50.3949359
      ],
      [
       13.0349907,
       50.4002872
      ],
      [
       13.0465778,
       50.4050935
      ],
      [
       13.0587035,
       50.409327
      ],
      [
       13.0712982,
       50.4129634
      ],
      [
       13.0842896,
       50.4159819
      ],
      [
       13.0976031,
       50.4183649
      ],
      [
       13.1111622,
       50.4200989
      ],
      [
       13.1248887,
       50.4211739
      ],
      [
       13.1387038,
       50.4215836
      ],
      [
       13.1402778,
       50.4215879
      ]
     ]
    ]
   }
  },
  {
   "type": "Feature",
   "properties": {
    "ll": {
     "value": 0,
     "unit": 1,
     "referenceDatum": 0
    },
    "ul": {
     "value": 1000,
     "unit": 1,
     "referenceDatum": 0
    },
    "_id": "626148831eacded7b7bb35db",
    "name": "LK-D2 KOURIM",
    "type": 2,
    "icao": 7,
    "bnd": [
     [
      50.0036428,
      14.9112872
     ],
     [
      50.0302688,
      14.9526717
     ]
    ]
   },
   "geometry": {
    "type": "Polygon",
    "coordinates": [
     [
      [
       14.9319444,
       50.0302688
      ],
      [
       14.9360652,
       50.0300031
      ],
      [
       14.9400216,
       50.0292167
      ],
      [
       14.9436557,
       50.0279409
      ],
      [
       14.9468226,
       50.0262266
      ],
      [
       14.949396,
       50.0241423
      ],
      [
       14.9512734,
       50.021771
      ],
      [
       14.95238,
       50.0192073
      ],
      [
       14.9526717,
       50.0165535
      ],
      [
       14.9521372,
       50.0139154
      ],
      [
       14.9507977,
       50.011398
      ],
      [
       14.9487069,
       50.0091019
      ],
      [
       14.9459482,
       50.0071183
      ],
      [
       14.9426315,
       50.0055265
      ],
      [
       14.938889,
       50.0043898
      ],
      [
       14.9348699,
       50.0037534
      ],
      [
       14.9307343,
       50.0036428
      ],
      [
       14.9266469,
       50.0040624
      ],
      [
       14.9227705,
       50.0049954
      ],
      [
       14.9192596,
       50.0064046
      ],
      [
       14.916254,
       50.008234
      ],
      [
       14.9138737,
       50.0104106
      ],
      [
       14.9122134,
       50.0128478
      ],
      [
       14.9113396,
       50.0154483
      ],
      [
       14.9112872,
       50.0181085
      ],
      [
       14.9120583,
       50.0207224
      ],
      [
       14.9136225,
       50.0231857
      ],
      [
       14.9159174,
       50.0254002
      ],
      [
       14.9188515,
       50.0272776
      ],
      [
       14.922308,
       50.028743
      ],
      [
       14.9261489,
       50.0297379
      ],
      [
       14.930221,
       50.0302227
      ],
      [
       14.9319444,
       50.0302688
      ]
     ]
    ]
   }
  },
  {
   "type": "Feature",
   "properties": {
    "ll": {
     "value": 0,
     "unit": 1,
     "referenceDatum": 0
    },
    "ul": {
     "value": 1000,
     "unit": 1,
     "referenceDatum": 0
    },
    "_id": "626148831eacded7b7bb35e5",
    "name": "LK-D3 BRECLAV",
    "type": 2,
    "icao": 7,
    "bnd": [
     [
      48.7675317,
      16.9168007
     ],
     [
      48.7941577,
      16.9571565
     ]
    ]
   },
   "geometry": {
    "type": "Polygon",
    "coordinates": [
     [
      [
       16.9369444,
       48.7941577
      ],
      [
       16.9409627,
       48.793892
      ],
      [
       16.9448207,
       48.7931056
      ],
      [
       16.9483645,
       48.7918298
      ],
      [
       16.9514527,
       48.7901156
      ],
      [
       16.9539621,
       48.7880312
      ],
      [
       16.9557929,
       48.78566
      ],
      [
       16.9568719,
       48.7830963
      ],
      [
       16.9571565,
       48.7804425
      ],
      [
       16.9566353,
       48.7778043
      ],
      [
       16.9553292,
       48.775287
      ],
      [
       16.9532904,
       48.7729908
      ],
      [
       16.9506002,
       48.7710072
      ],
      [
       16.9473659,
       48.7694154
      ],
      [
       16.9437165,
       48.7682787
      ],
      [
       16.9397973,
       48.7676423
      ],
      [
       16.9357644,
       48.7675317
      ],
      [
       16.9317785,
       48.7679513
      ],
      [
       16.9279984,
       48.7688843
      ],
      [
       16.9245748,
       48.7702936
      ],
      [
       16.9216439,
       48.772123
      ],
      [
       16.9193228,
       48.7742996
      ],
      [
       16.9177038,
       48.7767367
      ],
      [
       16.9168518,
       48.7793372
      ],
      [
       16.9168007,
       48.7819974
      ],
      [
       16.9175527,
       48.7846113
      ],
      [
       16.919078,
       48.7870746
      ],
      [
       16.9213159,
       48.7892891
      ],
      [
       16.9241771,
       48.7911665
      ],
      [
       16.9275476,
       48.7926319
      ],
      [
       16.931293,
       48.7936268
      ],
      [
       16.9352639,
       48.7941116
      ],
      [
       16.9369444,
       48.7941577
      ]
     ]
    ]
   }
  },
  {
   "type": "Feature",
   "properties": {
    "ll": {
     "value": 0,
     "unit": 1,
     "referenceDatum": 0
    },
    "ul": {
     "value": 1000,
     "unit": 1,
     "referenceDatum": 0
    },
    "_id": "626148831eacded7b7bb35ef",
    "name": "LK-D4 SATALICE",
    "type": 2,
    "icao": 7,
    "bnd": [
     [
      50.1152897,
      14.5602925
     ],
     [
      50.1252744,
      14.5758451
     ]
    ]
   },
   "geometry": {
    "type": "Polygon",
    "coordinates": [
     [
      [
       14.5680556,
       50.1252744
      ],
      [
       14.5696039,
       50.1251748
      ],
      [
       14.5710905,
       50.1248799
      ],
      [
       14.5724561,
       50.1244016
      ],
      [
       14.5736462,
       50.1237588
      ],
      [
       14.5746134,
       50.1229773
      ],
      [
       14.5753191,
       50.1220881
      ],
      [
       14.5757352,
       50.1211268
      ],
      [
       14.5758451,
       50.1201316
      ],
      [
       14.5756445,
       50.1191423
      ],
      [
       14.5751413,
       50.1181982
      ],
      [
       14.5743557,
       50.1173371
      ],
      [
       14.573319,
       50.1165932
      ],
      [
       14.5720724,
       50.1159962
      ],
      [
       14.5706658,
       50.1155698
      ],
      [
       14.5691552,
       50.1153312
      ],
      [
       14.5676007,
       50.1152897
      ],
      [
       14.5660644,
       50.115447
      ],
      [
       14.5646074,
       50.115797
      ],
      [
       14.5632878,
       50.1163255
      ],
      [
       14.5621583,
       50.1170116
      ],
      [
       14.5612638,
       50.1178279
      ],
      [
       14.5606401,
       50.1187419
      ],
      [
       14.5603119,
       50.1197171
      ],
      [
       14.5602925,
       50.1207147
      ],
      [
       14.5605826,
       50.1216949
      ],
      [
       14.5611706,
       50.1226186
      ],
      [
       14.5620331,
       50.1234489
      ],
      [
       14.5631358,
       50.1241529
      ],
      [
       14.5644346,
       50.1247023
      ],
      [
       14.5658779,
       50.1250754
      ],
      [
       14.567408,
       50.1252571
      ],
      [
       14.5680556,
       50.1252744
      ]
     ]
    ]
   }
  },
  {
   "type": "Feature",
   "properties": {
    "ll": {
     "value": 0,
     "unit": 1,
     "referenceDatum": 0
    },
    "ul": {
     "value": 1000,
     "unit": 1,
     "referenceDatum": 0
    },
    "_id": "626148835e9ded571043e320",
    "name": "LK-D5 VESELI NAD LUZNICI",
    "type": 2,
    "icao": 7,
    "bnd": [
     [
      49.1964206,
      14.6621821
     ],
     [
      49.2230466,
      14.7028868
     ]
    ]
   },
   "geometry": {
    "type": "Polygon",
    "coordinates": [
     [
      [
       14.6825,
       49.2230466
      ],
      [
       14.6865531,
       49.2227809
      ],
      [
       14.6904444,
       49.2219945
      ],
      [
       14.6940188,
       49.2207187
      ],
      [
       14.6971337,
       49.2190044
      ],
      [
       14.6996649,
       49.2169201
      ],
      [
       14.7015114,
       49.2145488
      ],
      [
       14.7025998,
       49.2119852
      ],
      [
       14.7028868,
       49.2093314
      ],
      [
       14.7023611,
       49.2066932
      ],
      [
       14.7010437,
       49.2041759
      ],
      [
       14.6989872,
       49.2018797
      ],
      [
       14.6962738,
       49.1998961
      ],
      [
       14.6930116,
       49.1983043
      ],
      [
       14.6893306,
       49.1971675
      ],
      [
       14.6853775,
       49.1965312
      ],
      [
       14.6813097,
       49.1964206
      ],
      [
       14.6772894,
       49.1968402
      ],
      [
       14.6734767,
       49.1977732
      ],
      [
       14.6700234,
       49.1991824
      ],
      [
       14.6670672,
       49.2010118
      ],
      [
       14.664726,
       49.2031885
      ],
      [
       14.663093,
       49.2056256
      ],
      [
       14.6622336,
       49.2082261
      ],
      [
       14.6621821,
       49.2108863
      ],
      [
       14.6629406,
       49.2135002
      ],
      [
       14.6644791,
       49.2159635
      ],
      [
       14.6667363,
       49.218178
      ],
      [
       14.6696222,
       49.2200554
      ],
      [
       14.6730219,
       49.2215208
      ],
      [
       14.6767997,
       49.2225157
      ],
      [
       14.6808049,
       49.2230005
      ],
      [
       14.6825,
       49.2230466
      ]
     ]
    ]
   }
  },
  {
   "type": "Feature",
   "properties": {
    "ll": {
     "value": 0,
     "unit": 1,
     "referenceDatum": 0
    },
    "ul": {
     "value": 1000,
     "unit": 1,
     "referenceDatum": 0
    },
    "_id": "626148835e9ded571043e329",
    "name": "LK-D6 DOLNI BOJANOVICE",
    "type": 2,
    "icao": 7,
    "bnd": [
     [
      48.8578095,
      17.0092644
     ],
     [
      48.8844354,
      17.0496929
     ]
    ]
   },
   "geometry": {
    "type": "Polygon",
    "coordinates": [
     [
      [
       17.0294444,
       48.8844354
      ],
      [
       17.03347,
       48.8841698
      ],
      [
       17.0373349,
       48.8833834
      ],
      [
       17.0408851,
       48.8821076
      ],
      [
       17.0439788,
       48.8803933
      ],
      [
       17.0464928,
       48.878309
      ],
      [
       17.0483268,
       48.8759377
      ],
      [
       17.0494079,
       48.8733741
      ],
      [
       17.0496929,
       48.8707203
      ],
      [
       17.0491708,
       48.8680821
      ],
      [
       17.0478623,
       48.8655648
      ],
      [
       17.0458198,
       48.8632686
      ],
      [
       17.0431248,
       48.861285
      ],
      [
       17.0398847,
       48.8596932
      ],
      [
       17.0362287,
       48.8585564
      ],
      [
       17.0323024,
       48.8579201
      ],
      [
       17.0282623,
       48.8578095
      ],
      [
       17.0242692,
       48.8582291
      ],
      [
       17.0204823,
       48.8591621
      ],
      [
       17.0170525,
       48.8605713
      ],
      [
       17.0141163,
       48.8624007
      ],
      [
       17.011791,
       48.8645774
      ],
      [
       17.0101691,
       48.8670145
      ],
      [
       17.0093156,
       48.869615
      ],
      [
       17.0092644,
       48.8722752
      ],
      [
       17.0100178,
       48.8748891
      ],
      [
       17.0115458,
       48.8773524
      ],
      [
       17.0137877,
       48.8795669
      ],
      [
       17.0166541,
       48.8814443
      ],
      [
       17.0200306,
       48.8829097
      ],
      [
       17.0237828,
       48.8839046
      ],
      [
       17.0277608,
       48.8843894
      ],
      [
       17.0294444,
       48.8844354
      ]
     ]
    ]
   }
  },
  {
   "type": "Feature",
   "properties": {
    "ll": {
     "value": 0,
     "unit": 1,
     "referenceDatum": 0
    },
    "ul": {
     "value": 95,
     "unit": 6,
     "referenceDatum": 2
    },
    "_id": "626148835e9ded571043e334",
    "name": "LK-D7 STRAZISTE",
    "type": 2,
    "icao": 7,
    "bnd": [
     [
      50.5867019,
      14.8074189
     ],
     [
      50.6316515,
      14.8782013
     ]
    ]
   },
   "geometry": {
    "type": "Polygon",
    "coordinates": [
     [
      [
       14.8427778,
       50.6316515
      ],
      [
       14.8488513,
       50.6313188
      ],
      [
       14.8547449,
       50.6303307
      ],
      [
       14.8602841,
       50.6287165
      ],
      [
       14.8653049,
       50.6265238
      ],
      [
       14.8696588,
       50.6238177
      ],
      [
       14.8732169,
       50.6206782
      ],
      [
       14.8758742,
       50.6171983
      ],
      [
       14.8775521,
       50.613481
      ],
      [
       14.8782013,
       50.6096362
      ],
      [
       14.8778029,
       50.6057777
      ],
      [
       14.8763688,
       50.6020196
      ],
      [
       14.8739417,
       50.5984729
      ],
      [
       14.8705935,
       50.5952426
      ],
      [
       14.8664235,
       50.592424
      ],
      [
       14.8615548,
       50.5901005
      ],
      [
       14.8561315,
       50.5883407
      ],
      [
       14.8503138,
       50.5871966
      ],
      [
       14.8442735,
       50.5867019
      ],
      [
       14.8381891,
       50.5868713
      ],
      [
       14.8322402,
       50.5876998
      ],
      [
       14.8266025,
       50.5891629
      ],
      [
       14.8214425,
       50.5912173
      ],
      [
       14.8169129,
       50.5938025
      ],
      [
       14.8131474,
       50.596842
      ],
      [
       14.8102576,
       50.600246
      ],
      [
       14.808329,
       50.6039139
      ],
      [
       14.8074189,
       50.6077373
      ],
      [
       14.8075544,
       50.6116032
      ],
      [
       14.8087318,
       50.6153971
      ],
      [
       14.8109165,
       50.6190069
      ],
      [
       14.8140441,
       50.6223257
      ],
      [
       14.8180222,
       50.6252553
      ],
      [
       14.8227331,
       50.6277091
      ],
      [
       14.8280376,
       50.6296142
      ],
      [
       14.8337786,
       50.6309145
      ],
      [
       14.8397861,
       50.6315712
      ],
      [
       14.8427778,
       50.6316515
      ]
     ]
    ]
   }
  },
  {
   "type": "Feature",
   "properties": {
    "ll": {
     "value": 0,
     "unit": 1,
     "referenceDatum": 0
    },
    "ul": {
     "value": 95,
     "unit": 6,
     "referenceDatum": 2
    },
    "_id": "626148835e9ded571043e341",
    "name": "LK-D9 BRDA",
    "type": 2,
    "icao": 7,
    "bnd": [
     [
      49.7244794,
      13.87329
     ],
     [
      49.7744276,
      13.950533
     ]
    ]
   },
   "geometry": {
    "type": "Polygon",
    "coordinates": [
     [
      [
       13.9119444,
       49.7744276
      ],
      [
       13.9182354,
       49.7740948
      ],
      [
       13.9243587,
       49.7731055
      ],
      [
       13.930151,
       49.771486
      ],
      [
       13.9354579,
       49.7692795
      ],
      [
       13.9401381,
       49.7665448
      ],
      [
       13.9440669,
       49.7633548
      ],
      [
       13.9471398,
       49.7597944
      ],
      [
       13.9492752,
       49.7559586
      ],
      [
       13.9504163,
       49.7519495
      ],
      [
       13.950533,
       49.7478738
      ],
      [
       13.9496226,
       49.7438402
      ],
      [
       13.9477094,
       49.7399559
      ],
      [
       13.9448446,
       49.7363243
      ],
      [
       13.9411047,
       49.733042
      ],
      [
       13.9365892,
       49.7301963
      ],
      [
       13.9314184,
       49.727863
      ],
      [
       13.9257298,
       49.7261039
      ],
      [
       13.9196748,
       49.724966
      ],
      [
       13.9134143,
       49.7244794
      ],
      [
       13.9071147,
       49.7246571
      ],
      [
       13.9009435,
       49.7254943
      ],
      [
       13.8950647,
       49.7269689
      ],
      [
       13.8896347,
       49.7290416
      ],
      [
       13.8847979,
       49.7316573
      ],
      [
       13.880683,
       49.7347464
      ],
      [
       13.8773996,
       49.7382268
      ],
      [
       13.8750352,
       49.7420059
      ],
      [
       13.873653,
       49.7459832
      ],
      [
       13.87329,
       49.7500527
      ],
      [
       13.873956,
       49.7541063
      ],
      [
       13.8756337,
       49.7580359
      ],
      [
       13.8782786,
       49.7617368
      ],
      [
       13.8818204,
       49.7651106
      ],
      [
       13.886165,
       49.7680673
      ],
      [
       13.8911966,
       49.7705281
      ],
      [
       13.8967813,
       49.7724273
      ],
      [
       13.9027703,
       49.7737145
      ],
      [
       13.9090038,
       49.7743553
      ],
      [
       13.9119444,
       49.7744276
      ]
     ]
    ]
   }
  },
  {
   "type": "Feature",
   "properties": {
    "ll": {
     "value": 0,
     "unit": 1,
     "referenceDatum": 0
    },
    "ul": {
     "value": 5000,
     "unit": 1,
     "referenceDatum": 1
    },
    "_id": "626148891eacded7b7bb3797",
    "name": "LK-P1 PRAZSKY HRAD",
    "type": 3,
    "icao": 7,
    "bnd": [
     [
      50.0808571,
      14.3850388
     ],
     [
      50.1008266,
      14.416125
     ]
    ]
   },
   "geometry": {
    "type": "Polygon",
    "coordinates": [
     [
      [
       14.4005556,
       50.1008266
      ],
      [
       14.4036507,
       50.1006273
      ],
      [
       14.4066224,
       50.1000376
      ],
      [
       14.409352,
       50.0990808
      ],
      [
       14.4117308,
       50.0977952
      ],
      [
       14.4136639,
       50.096232
      ],
      [
       14.4150743,
       50.0944536
      ],
      [
       14.4159056,
       50.0925308
      ],
      [
       14.416125,
       50.0905405
      ],
      [
       14.4157237,
       50.0885619
      ],
      [
       14.4147177,
       50.0866738
      ],
      [
       14.4131473,
       50.0849516
      ],
      [
       14.4110751,
       50.0834639
      ],
      [
       14.4085837,
       50.08227
      ],
      [
       14.4057724,
       50.0814174
      ],
      [
       14.4027532,
       50.0809401
      ],
      [
       14.3996465,
       50.0808571
      ],
      [
       14.396576,
       50.0811718
      ],
      [
       14.3936641,
       50.0818716
      ],
      [
       14.3910267,
       50.0829286
      ],
      [
       14.3887691,
       50.0843007
      ],
      [
       14.3869811,
       50.0859332
      ],
      [
       14.3857342,
       50.0877611
      ],
      [
       14.385078,
       50.0897115
      ],
      [
       14.3850388,
       50.0917067
      ],
      [
       14.3856183,
       50.0936671
      ],
      [
       14.3867934,
       50.0955145
      ],
      [
       14.3885172,
       50.0971754
      ],
      [
       14.3907212,
       50.0985833
      ],
      [
       14.3933175,
       50.0996823
      ],
      [
       14.3962025,
       50.1004285
      ],
      [
       14.3992611,
       50.100792
      ],
      [
       14.4005556,
       50.1008266
      ]
     ]
    ]
   }
  },
  {
   "type": "Feature",
   "properties": {
    "ll": {
     "value": 0,
     "unit": 1,
     "referenceDatum": 0
    },
    "ul": {
     "value": 4000,
     "unit": 1,
     "referenceDatum": 1
    },
    "_id": "626148895e9ded571043e477",
    "name": "LK-P10 USTI NAD LABEM",
    "type": 3,
    "icao": 7,
    "bnd": [
     [
      50.6480754,
      14.0071921
     ],
     [
      50.6647166,
      14.0334079
     ]
    ]
   },
   "geometry": {
    "type": "Polygon",
    "coordinates": [
     [
      [
       14.0202778,
       50.6647166
      ],
      [
       14.0228879,
       50.6645506
      ],
      [
       14.0253939,
       50.6640591
      ],
      [
       14.0276959,
       50.6632618
      ],
      [
       14.029702,
       50.6621905
      ],
      [
       14.0313322,
       50.6608878
      ],
      [
       14.0325217,
       50.6594059
      ],
      [
       14.0332229,
       50.6578036
      ],
      [
       14.0334079,
       50.656145
      ],
      [
       14.0330695,
       50.6544961
      ],
      [
       14.0322213,
       50.6529227
      ],
      [
       14.0308969,
       50.6514875
      ],
      [
       14.0291494,
       50.6502478
      ],
      [
       14.0270483,
       50.6492528
      ],
      [
       14.0246774,
       50.6485423
      ],
      [
       14.0221312,
       50.6481445
      ],
      [
       14.0195111,
       50.6480754
      ],
      [
       14.0169216,
       50.6483376
      ],
      [
       14.0144658,
       50.6489208
      ],
      [
       14.0122417,
       50.6498017
      ],
      [
       14.0103377,
       50.6509451
      ],
      [
       14.0088299,
       50.6523056
      ],
      [
       14.0077784,
       50.6538288
      ],
      [
       14.0072251,
       50.6554542
      ],
      [
       14.0071921,
       50.6571168
      ],
      [
       14.0076809,
       50.6587505
      ],
      [
       14.0086719,
       50.66029
      ],
      [
       14.0101257,
       50.661674
      ],
      [
       14.0119844,
       50.6628473
      ],
      [
       14.0141739,
       50.6637631
      ],
      [
       14.0166068,
       50.6643848
      ],
      [
       14.0191861,
       50.6646878
      ],
      [
       14.0202778,
       50.6647166
      ]
     ]
    ]
   }
  },
  {
   "type": "Feature",
   "properties": {
    "ll": {
     "value": 0,
     "unit": 1,
     "referenceDatum": 0
    },
    "ul": {
     "value": 2000,
     "unit": 1,
     "referenceDatum": 1
    },
    "_id": "626148895e9ded571043e485",
    "name": "LK-P11 NERATOVICE",
    "type": 3,
    "icao": 7,
    "bnd": [
     [
      50.2616984,
      14.4986754
     ],
     [
      50.2883243,
      14.5402839
     ]
    ]
   },
   "geometry": {
    "type": "Polygon",
    "coordinates": [
     [
      [
       14.5194444,
       50.2883243
      ],
      [
       14.5235875,
       50.2880587
      ],
      [
       14.5275653,
       50.2872722
      ],
      [
       14.5312191,
       50.2859965
      ],
      [
       14.5344031,
       50.2842822
      ],
      [
       14.5369905,
       50.2821978
      ],
      [
       14.538878,
       50.2798266
      ],
      [
       14.5399905,
       50.2772629
      ],
      [
       14.5402839,
       50.2746091
      ],
      [
       14.5397464,
       50.2719709
      ],
      [
       14.5383997,
       50.2694536
      ],
      [
       14.5362976,
       50.2671574
      ],
      [
       14.5335239,
       50.2651739
      ],
      [
       14.5301893,
       50.263582
      ],
      [
       14.5264266,
       50.2624453
      ],
      [
       14.5223858,
       50.261809
      ],
      [
       14.5182278,
       50.2616984
      ],
      [
       14.5141182,
       50.2621179
      ],
      [
       14.5102209,
       50.2630509
      ],
      [
       14.506691,
       50.2644602
      ],
      [
       14.5036692,
       50.2662896
      ],
      [
       14.5012759,
       50.2684662
      ],
      [
       14.4996067,
       50.2709033
      ],
      [
       14.4987282,
       50.2735038
      ],
      [
       14.4986754,
       50.276164
      ],
      [
       14.4994507,
       50.2787779
      ],
      [
       14.5010233,
       50.2812412
      ],
      [
       14.5033306,
       50.2834557
      ],
      [
       14.5062806,
       50.2853332
      ],
      [
       14.5097558,
       50.2867986
      ],
      [
       14.5136175,
       50.2877935
      ],
      [
       14.5177117,
       50.2882782
      ],
      [
       14.5194444,
       50.2883243
      ]
     ]
    ]
   }
  },
  {
   "type": "Feature",
   "properties": {
    "ll": {
     "value": 0,
     "unit": 1,
     "referenceDatum": 0
    },
    "ul": {
     "value": 2000,
     "unit": 1,
     "referenceDatum": 1
    },
    "_id": "626148895e9ded571043e491",
    "name": "LK-P12 REZ",
    "type": 3,
    "icao": 7,
    "bnd": [
     [
      50.165865,
      14.3428838
     ],
     [
      50.192491,
      14.3844087
     ]
    ]
   },
   "geometry": {
    "type": "Polygon",
    "coordinates": [
     [
      [
       14.3636111,
       50.192491
      ],
      [
       14.3677459,
       50.1922253
      ],
      [
       14.3717157,
       50.1914389
      ],
      [
       14.3753621,
       50.1901631
      ],
      [
       14.3785398,
       50.1884489
      ],
      [
       14.3811219,
       50.1863645
      ],
      [
       14.3830057,
       50.1839932
      ],
      [
       14.384116,
       50.1814296
      ],
      [
       14.3844087,
       50.1787757
      ],
      [
       14.3838723,
       50.1761376
      ],
      [
       14.3825283,
       50.1736203
      ],
      [
       14.3804304,
       50.1713241
      ],
      [
       14.3776623,
       50.1693405
      ],
      [
       14.3743344,
       50.1677487
      ],
      [
       14.3705793,
       50.166612
      ],
      [
       14.3665465,
       50.1659756
      ],
      [
       14.3623969,
       50.165865
      ],
      [
       14.3582956,
       50.1662846
      ],
      [
       14.3544061,
       50.1672176
      ],
      [
       14.3508832,
       50.1686269
      ],
      [
       14.3478675,
       50.1704562
      ],
      [
       14.345479,
       50.1726329
      ],
      [
       14.3438132,
       50.17507
      ],
      [
       14.3429364,
       50.1776705
      ],
      [
       14.3428838,
       50.1803307
      ],
      [
       14.3436576,
       50.1829446
      ],
      [
       14.345227,
       50.1854079
      ],
      [
       14.3475296,
       50.1876224
      ],
      [
       14.3504737,
       50.1894998
      ],
      [
       14.3539419,
       50.1909652
      ],
      [
       14.3577959,
       50.1919601
      ],
      [
       14.3618818,
       50.1924449
      ],
      [
       14.3636111,
       50.192491
      ]
     ]
    ]
   }
  },
  {
   "type": "Feature",
   "properties": {
    "ll": {
     "value": 0,
     "unit": 1,
     "referenceDatum": 0
    },
    "ul": {
     "value": 5000,
     "unit": 1,
     "referenceDatum": 1
    },
    "_id": "626148895e9ded571043e49e",
    "name": "LK-P2 TEMELIN",
    "type": 3,
    "icao": 7,
    "bnd": [
     [
      49.1620299,
      14.3475727
     ],
     [
      49.1985987,
      14.4035554
     ]
    ]
   },
   "geometry": {
    "type": "Polygon",
    "coordinates": [
     [
      [
       14.3755556,
       49.1985987
      ],
      [
       14.3808718,
       49.1982663
      ],
      [
       14.3859949,
       49.1972809
      ],
      [
       14.3907388,
       49.1956785
      ],
      [
       14.3949314,
       49.1935172
      ],
      [
       14.3984205,
       49.1908754
      ],
      [
       14.4010795,
       49.1878492
      ],
      [
       14.402812,
       49.1845484
      ],
      [
       14.4035554,
       49.1810927
      ],
      [
       14.4032829,
       49.1776075
      ],
      [
       14.4020045,
       49.1742194
      ],
      [
       14.3997669,
       49.1710511
      ],
      [
       14.3966514,
       49.1682176
      ],
      [
       14.3927711,
       49.1658216
      ],
      [
       14.3882667,
       49.16395
      ],
      [
       14.3833016,
       49.1626707
      ],
      [
       14.3780557,
       49.1620299
      ],
      [
       14.3727192,
       49.1620509
      ],
      [
       14.3674856,
       49.162733
      ],
      [
       14.3625444,
       49.1640514
      ],
      [
       14.3580748,
       49.1659583
      ],
      [
       14.3542388,
       49.1683847
      ],
      [
       14.3511758,
       49.1712425
      ],
      [
       14.3489967,
       49.1744282
      ],
      [
       14.3477809,
       49.1778262
      ],
      [
       14.3475727,
       49.1813132
      ],
      [
       14.3483798,
       49.1847628
      ],
      [
       14.350173,
       49.1880498
      ],
      [
       14.3528877,
       49.1910548
      ],
      [
       14.3564252,
       49.1936689
      ],
      [
       14.3606574,
       49.195797
      ],
      [
       14.3654306,
       49.1973619
      ],
      [
       14.3705716,
       49.1983068
      ],
      [
       14.3755556,
       49.1985987
      ]
     ]
    ]
   }
  },
  {
   "type": "Feature",
   "properties": {
    "ll": {
     "value": 0,
     "unit": 1,
     "referenceDatum": 0
    },
    "ul": {
     "value": 5000,
     "unit": 1,
     "referenceDatum": 1
    },
    "_id": "6261488a5e9ded571043e4a8",
    "name": "LK-P4 VLASIM",
    "type": 3,
    "icao": 7,
    "bnd": [
     [
      49.6613889,
      14.8991667
     ],
     [
      49.7066667,
      14.9661111
     ]
    ]
   },
   "geometry": {
    "type": "Polygon",
    "coordinates": [
     [
      [
       14.8991667,
       49.7066667
      ],
      [
       14.9661111,
       49.6813889
      ],
      [
       14.9319444,
       49.6613889
      ],
      [
       14.8991667,
       49.7066667
      ]
     ]
    ]
   }
  },
  {
   "type": "Feature",
   "properties": {
    "ll": {
     "value": 0,
     "unit": 1,
     "referenceDatum": 0
    },
    "ul": {
     "value": 5000,
     "unit": 1,
     "referenceDatum": 1
    },
    "_id": "6261488a5e9ded571043e4b1",
    "name": "LK-P5 PRCICE",
    "type": 3,
    "icao": 7,
    "bnd": [
     [
      49.5678127,
      14.4848032
     ],
     [
      49.6177609,
      14.5617978
     ]
    ]
   },
   "geometry": {
    "type": "Polygon",
    "coordinates": [
     [
      [
       14.5233333,
       49.6177609
      ],
      [
       14.5296041,
       49.6174282
      ],
      [
       14.5357076,
       49.6164389
      ],
      [
       14.5414813,
       49.6148194
      ],
      [
       14.5467711,
       49.6126129
      ],
      [
       14.5514362,
       49.6098782
      ],
      [
       14.5553524,
       49.6066881
      ],
      [
       14.5584155,
       49.6031278
      ],
      [
       14.560544,
       49.5992919
      ],
      [
       14.5616814,
       49.5952828
      ],
      [
       14.5617978,
       49.5912072
      ],
      [
       14.5608903,
       49.5871736
      ],
      [
       14.5589833,
       49.5832893
      ],
      [
       14.5561278,
       49.5796576
      ],
      [
       14.5523999,
       49.5763754
      ],
      [
       14.5478989,
       49.5735297
      ],
      [
       14.5427447,
       49.5711963
      ],
      [
       14.5370744,
       49.5694373
      ],
      [
       14.5310389,
       49.5682993
      ],
      [
       14.5247985,
       49.5678127
      ],
      [
       14.5185191,
       49.5679904
      ],
      [
       14.5123677,
       49.5688277
      ],
      [
       14.5065079,
       49.5703023
      ],
      [
       14.5010953,
       49.5723749
      ],
      [
       14.496274,
       49.5749906
      ],
      [
       14.4921724,
       49.5780797
      ],
      [
       14.4888995,
       49.5815601
      ],
      [
       14.4865428,
       49.5853393
      ],
      [
       14.485165,
       49.5893165
      ],
      [
       14.4848032,
       49.5933861
      ],
      [
       14.4854671,
       49.5974396
      ],
      [
       14.4871394,
       49.6013692
      ],
      [
       14.4897758,
       49.6050702
      ],
      [
       14.4933062,
       49.608444
      ],
      [
       14.4976368,
       49.6114006
      ],
      [
       14.5026523,
       49.6138614
      ],
      [
       14.508219,
       49.6157607
      ],
      [
       14.5141887,
       49.6170478
      ],
      [
       14.5204022,
       49.6176886
      ],
      [
       14.5233333,
       49.6177609
      ]
     ]
    ]
   }
  },
  {
   "type": "Feature",
   "properties": {
    "ll": {
     "value": 0,
     "unit": 1,
     "referenceDatum": 0
    },
    "ul": {
     "value": 3000,
     "unit": 1,
     "referenceDatum": 1
    },
    "_id": "6261488a1eacded7b7bb37ab",
    "name": "LK-P6 SEMTIN",
    "type": 3,
    "icao": 7,
    "bnd": [
     [
      50.0489105,
      15.6818617
     ],
     [
      50.0872093,
      15.7414165
     ]
    ]
   },
   "geometry": {
    "type": "Polygon",
    "coordinates": [
     [
      [
       15.7116667,
       50.0872093
      ],
      [
       15.7172038,
       50.0868768
      ],
      [
       15.7225486,
       50.0858908
      ],
      [
       15.7275153,
       50.0842856
      ],
      [
       15.7319313,
       50.0821169
      ],
      [
       15.7356435,
       50.0794601
      ],
      [
       15.7385228,
       50.0764075
      ],
      [
       15.7404696,
       50.0730651
      ],
      [
       15.7414165,
       50.069549
      ],
      [
       15.7413307,
       50.0659811
      ],
      [
       15.7402154,
       50.0624853
      ],
      [
       15.7381097,
       50.059183
      ],
      [
       15.7350868,
       50.0561886
      ],
      [
       15.7312515,
       50.0536061
      ],
      [
       15.7267372,
       50.051525
      ],
      [
       15.7217003,
       50.0500175
      ],
      [
       15.7163156,
       50.0491358
      ],
      [
       15.7107698,
       50.0489105
      ],
      [
       15.705255,
       50.0493494
      ],
      [
       15.6999625,
       50.0504373
      ],
      [
       15.6950757,
       50.0521364
      ],
      [
       15.6907643,
       50.0543879
      ],
      [
       15.6871776,
       50.0571137
      ],
      [
       15.6844404,
       50.0602193
      ],
      [
       15.6826476,
       50.0635969
      ],
      [
       15.6818617,
       50.0671294
      ],
      [
       15.6821102,
       50.0706941
      ],
      [
       15.6833847,
       50.0741674
      ],
      [
       15.6856411,
       50.0774287
      ],
      [
       15.6888013,
       50.0803646
      ],
      [
       15.6927557,
       50.0828734
      ],
      [
       15.6973671,
       50.0848677
      ],
      [
       15.7024752,
       50.0862784
      ],
      [
       15.7079028,
       50.0870564
      ],
      [
       15.7116667,
       50.0872093
      ]
     ]
    ]
   }
  },
  {
   "type": "Feature",
   "properties": {
    "ll": {
     "value": 0,
     "unit": 1,
     "referenceDatum": 0
    },
    "ul": {
     "value": 5000,
     "unit": 1,
     "referenceDatum": 1
    },
    "_id": "6261488a5e9ded571043e4bc",
    "name": "LK-P7 POLICKA",
    "type": 3,
    "icao": 7,
    "bnd": [
     [
      49.6661428,
      16.2572643
     ],
     [
      49.6927688,
      16.2983608
     ]
    ]
   },
   "geometry": {
    "type": "Polygon",
    "coordinates": [
     [
      [
       16.2777778,
       49.6927688
      ],
      [
       16.2818699,
       49.6925031
      ],
      [
       16.2857987,
       49.6917167
      ],
      [
       16.2894075,
       49.6904409
      ],
      [
       16.2925524,
       49.6887267
      ],
      [
       16.2951079,
       49.6866423
      ],
      [
       16.2969722,
       49.684271
      ],
      [
       16.2980711,
       49.6817074
      ],
      [
       16.2983608,
       49.6790536
      ],
      [
       16.29783,
       49.6764154
      ],
      [
       16.2964999,
       49.6738981
      ],
      [
       16.2944237,
       49.6716019
      ],
      [
       16.2916841,
       49.6696183
      ],
      [
       16.2883905,
       49.6680265
      ],
      [
       16.2846741,
       49.6668898
      ],
      [
       16.2806829,
       49.6662534
      ],
      [
       16.2765761,
       49.6661428
      ],
      [
       16.2725171,
       49.6665624
      ],
      [
       16.2686676,
       49.6674954
      ],
      [
       16.2651811,
       49.6689046
      ],
      [
       16.2621965,
       49.670734
      ],
      [
       16.2598327,
       49.6729107
      ],
      [
       16.258184,
       49.6753478
      ],
      [
       16.2573163,
       49.6779483
      ],
      [
       16.2572643,
       49.6806085
      ],
      [
       16.2580301,
       49.6832224
      ],
      [
       16.2595833,
       49.6856857
      ],
      [
       16.2618622,
       49.6879002
      ],
      [
       16.264776,
       49.6897776
      ],
      [
       16.2682084,
       49.691243
      ],
      [
       16.2720225,
       49.6922379
      ],
      [
       16.2760663,
       49.6927227
      ],
      [
       16.2777778,
       49.6927688
      ]
     ]
    ]
   }
  },
  {
   "type": "Feature",
   "properties": {
    "ll": {
     "value": 0,
     "unit": 1,
     "referenceDatum": 0
    },
    "ul": {
     "value": 4000,
     "unit": 1,
     "referenceDatum": 1
    },
    "_id": "6261488a1eacded7b7bb37ba",
    "name": "LK-P8 MOST",
    "type": 3,
    "icao": 7,
    "bnd": [
     [
      50.5408686,
      13.5680088
     ],
     [
      50.5858181,
      13.6387224
     ]
    ]
   },
   "geometry": {
    "type": "Polygon",
    "coordinates": [
     [
      [
       13.6033333,
       50.5858181
      ],
      [
       13.6094009,
       50.5854855
      ],
      [
       13.6152888,
       50.5844974
      ],
      [
       13.6208226,
       50.5828831
      ],
      [
       13.6258386,
       50.5806905
      ],
      [
       13.6301882,
       50.5779843
      ],
      [
       13.6337429,
       50.5748449
      ],
      [
       13.6363975,
       50.571365
      ],
      [
       13.6380738,
       50.5676477
      ],
      [
       13.6387224,
       50.5638029
      ],
      [
       13.6383243,
       50.5599444
      ],
      [
       13.6368916,
       50.5561863
      ],
      [
       13.6344669,
       50.5526396
      ],
      [
       13.631122,
       50.5494093
      ],
      [
       13.626956,
       50.5465907
      ],
      [
       13.6220921,
       50.5442672
      ],
      [
       13.6166741,
       50.5425074
      ],
      [
       13.610862,
       50.5413633
      ],
      [
       13.6048276,
       50.5408686
      ],
      [
       13.5987491,
       50.541038
      ],
      [
       13.592806,
       50.5418665
      ],
      [
       13.5871737,
       50.5433295
      ],
      [
       13.5820188,
       50.545384
      ],
      [
       13.5774936,
       50.5479692
      ],
      [
       13.5737318,
       50.5510087
      ],
      [
       13.5708448,
       50.5544127
      ],
      [
       13.5689181,
       50.5580806
      ],
      [
       13.5680088,
       50.561904
      ],
      [
       13.5681442,
       50.5657698
      ],
      [
       13.5693205,
       50.5695638
      ],
      [
       13.5715031,
       50.5731735
      ],
      [
       13.5746276,
       50.5764923
      ],
      [
       13.5786018,
       50.579422
      ],
      [
       13.5833082,
       50.5818757
      ],
      [
       13.5886075,
       50.5837809
      ],
      [
       13.5943429,
       50.5850811
      ],
      [
       13.6003445,
       50.5857379
      ],
      [
       13.6033333,
       50.5858181
      ]
     ]
    ]
   }
  },
  {
   "type": "Feature",
   "properties": {
    "ll": {
     "value": 0,
     "unit": 1,
     "referenceDatum": 0
    },
    "ul": {
     "value": 5000,
     "unit": 1,
     "referenceDatum": 1
    },
    "_id": "6261488a1eacded7b7bb37c4",
    "name": "LK-P9 DUKOVANY",
    "type": 3,
    "icao": 7,
    "bnd": [
     [
      49.0675854,
      16.1179037
     ],
     [
      49.1041543,
      16.1737799
     ]
    ]
   },
   "geometry": {
    "type": "Polygon",
    "coordinates": [
     [
      [
       16.1458333,
       49.1041543
      ],
      [
       16.1511394,
       49.1038218
      ],
      [
       16.1562528,
       49.1028365
      ],
      [
       16.1609877,
       49.101234
      ],
      [
       16.1651723,
       49.0990727
      ],
      [
       16.1686548,
       49.096431
      ],
      [
       16.1713087,
       49.0934048
      ],
      [
       16.1730379,
       49.0901039
      ],
      [
       16.1737799,
       49.0866482
      ],
      [
       16.1735079,
       49.0831631
      ],
      [
       16.172232,
       49.0797749
      ],
      [
       16.1699987,
       49.0766067
      ],
      [
       16.1668891,
       49.0737732
      ],
      [
       16.1630161,
       49.0713772
      ],
      [
       16.1585203,
       49.0695056
      ],
      [
       16.1535646,
       49.0682262
      ],
      [
       16.1483287,
       49.0675854
      ],
      [
       16.1430024,
       49.0676065
      ],
      [
       16.1377787,
       49.0682885
      ],
      [
       16.1328469,
       49.0696069
      ],
      [
       16.1283858,
       49.0715139
      ],
      [
       16.1245572,
       49.0739403
      ],
      [
       16.1214999,
       49.0767981
      ],
      [
       16.1193251,
       49.0799838
      ],
      [
       16.1181116,
       49.0833817
      ],
      [
       16.1179037,
       49.0868688
      ],
      [
       16.1187093,
       49.0903184
      ],
      [
       16.1204992,
       49.0936053
      ],
      [
       16.1232086,
       49.0966104
      ],
      [
       16.1267394,
       49.0992244
      ],
      [
       16.1309636,
       49.1013526
      ],
      [
       16.1357277,
       49.1029175
      ],
      [
       16.1408588,
       49.1038624
      ],
      [
       16.1458333,
       49.1041543
      ]
     ]
    ]
   }
  },
  {
   "type": "Feature",
   "properties": {
    "ll": {
     "value": 0,
     "unit": 1,
     "referenceDatum": 0
    },
    "ul": {
     "value": 1000,
     "unit": 1,
     "referenceDatum": 0
    },
    "_id": "6261488b1eacded7b7bb3808",
    "name": "LK-R1 SUMAVA",
    "type": 1,
    "icao": 7,
    "bnd": [
     [
      48.7105556,
      13.2822222
     ],
     [
      49.1905556,
      13.9830556
     ]
    ]
   },
   "geometry": {
    "type": "Polygon",
    "coordinates": [
     [
      [
       13.4494444,
       49.1366667
      ],
      [
       13.515,
       49.1405556
      ],
      [
       13.5911111,
       49.0983333
      ],
      [
       13.6666667,
       49.0255556
      ],
      [
       13.6647222,
       48.9902778
      ],
      [
       13.7133333,
       48.9475
      ],
      [
       13.7208333,
       48.9061111
      ],
      [
       13.8030556,
       48.9186111
      ],
      [
       13.8833333,
       48.9072222
      ],
      [
       13.9630556,
       48.8125
      ],
      [
       13.9277778,
       48.7741667
      ],
      [
       13.9677778,
       48.7430556
      ],
      [
       13.9830556,
       48.7108333
      ],
      [
       13.9830556,
       48.7105556
      ],
      [
       13.9755556,
       48.7113889
      ],
      [
       13.9672222,
       48.7125
      ],
      [
       13.9555556,
       48.7172222
      ],
      [
       13.95,
       48.7208333
      ],
      [
       13.9427778,
       48.7213889
      ],
      [
       13.9375,
       48.7255556
      ],
      [
       13.9269444,
       48.7316667
      ],
      [
       13.9236111,
       48.7363889
      ],
      [
       13.9208333,
       48.7380556
      ],
      [
       13.9161111,
       48.7425
      ],
      [
       13.9044444,
       48.7497222
      ],
      [
       13.8952778,
       48.7569444
      ],
      [
       13.8827778,
       48.7616667
      ],
      [
       13.8683333,
       48.7694444
      ],
      [
       13.8572222,
       48.7711111
      ],
      [
       13.8466667,
       48.7705556
      ],
      [
       13.8394444,
       48.7713889
      ],
      [
       13.8313889,
       48.7705556
      ],
      [
       13.8208333,
       48.7722222
      ],
      [
       13.8083333,
       48.7783333
      ],
      [
       13.8080556,
       48.7833333
      ],
      [
       13.8138889,
       48.7938889
      ],
      [
       13.7955556,
       48.8147222
      ],
      [
       13.7944444,
       48.8213889
      ],
      [
       13.7880556,
       48.8247222
      ],
      [
       13.7919444,
       48.8280556
      ],
      [
       13.7872222,
       48.8311111
      ],
      [
       13.7830556,
       48.8316667
      ],
      [
       13.7783333,
       48.8322222
      ],
      [
       13.7772222,
       48.8311111
      ],
      [
       13.7736111,
       48.8302778
      ],
      [
       13.7697222,
       48.8305556
      ],
      [
       13.7641667,
       48.8344444
      ],
      [
       13.7627778,
       48.8391667
      ],
      [
       13.7580556,
       48.8469444
      ],
      [
       13.7511111,
       48.8569444
      ],
      [
       13.7488889,
       48.8616667
      ],
      [
       13.7505556,
       48.8666667
      ],
      [
       13.7469444,
       48.8713889
      ],
      [
       13.7436111,
       48.8758333
      ],
      [
       13.7372222,
       48.8791667
      ],
      [
       13.7377778,
       48.8858333
      ],
      [
       13.7347222,
       48.8863889
      ],
      [
       13.7286111,
       48.8855556
      ],
      [
       13.725,
       48.8819444
      ],
      [
       13.7225,
       48.8802778
      ],
      [
       13.7166667,
       48.8780556
      ],
      [
       13.6958333,
       48.8805556
      ],
      [
       13.6941667,
       48.8791667
      ],
      [
       13.6841667,
       48.8797222
      ],
      [
       13.6758333,
       48.8786111
      ],
      [
       13.6691667,
       48.8836111
      ],
      [
       13.6694444,
       48.8902778
      ],
      [
       13.6611111,
       48.8941667
      ],
      [
       13.6452778,
       48.9111111
      ],
      [
       13.6397222,
       48.9163889
      ],
      [
       13.6369444,
       48.925
      ],
      [
       13.6327778,
       48.9305556
      ],
      [
       13.6222222,
       48.9386111
      ],
      [
       13.6311111,
       48.9469444
      ],
      [
       13.6236111,
       48.9486111
      ],
      [
       13.6169444,
       48.9469444
      ],
      [
       13.6105556,
       48.9444444
      ],
      [
       13.6075,
       48.9413889
      ],
      [
       13.61,
       48.9383333
      ],
      [
       13.6069444,
       48.9411111
      ],
      [
       13.6047222,
       48.9419444
      ],
      [
       13.6011111,
       48.9447222
      ],
      [
       13.5902778,
       48.9527778
      ],
      [
       13.5913889,
       48.9583333
      ],
      [
       13.5838889,
       48.9691667
      ],
      [
       13.5758333,
       48.97
      ],
      [
       13.5725,
       48.9658333
      ],
      [
       13.5666667,
       48.9686111
      ],
      [
       13.5569444,
       48.9669444
      ],
      [
       13.5480556,
       48.9666667
      ],
      [
       13.5369444,
       48.9733333
      ],
      [
       13.5158333,
       48.9686111
      ],
      [
       13.5075,
       48.9655556
      ],
      [
       13.5066667,
       48.9541667
      ],
      [
       13.5080556,
       48.9419444
      ],
      [
       13.4844444,
       48.9480556
      ],
      [
       13.4794444,
       48.9516667
      ],
      [
       13.4688889,
       48.9541667
      ],
      [
       13.4591667,
       48.9625
      ],
      [
       13.4488889,
       48.965
      ],
      [
       13.4333333,
       48.9716667
      ],
      [
       13.4241667,
       48.9772222
      ],
      [
       13.4025,
       48.9869444
      ],
      [
       13.4091667,
       49.0030556
      ],
      [
       13.4027778,
       49.0105556
      ],
      [
       13.4002778,
       49.0155556
      ],
      [
       13.405,
       49.0219444
      ],
      [
       13.4016667,
       49.0288889
      ],
      [
       13.3994444,
       49.0369444
      ],
      [
       13.3941667,
       49.0397222
      ],
      [
       13.3916667,
       49.0419444
      ],
      [
       13.3972222,
       49.0505556
      ],
      [
       13.3894444,
       49.0530556
      ],
      [
       13.3833333,
       49.0572222
      ],
      [
       13.3761111,
       49.0580556
      ],
      [
       13.3738889,
       49.0630556
      ],
      [
       13.3666667,
       49.0691667
      ],
      [
       13.3619444,
       49.0713889
      ],
      [
       13.3544444,
       49.0786111
      ],
      [
       13.3463889,
       49.0852778
      ],
      [
       13.3391667,
       49.09
      ],
      [
       13.3275,
       49.0958333
      ],
      [
       13.3194444,
       49.1016667
      ],
      [
       13.3125,
       49.1044444
      ],
      [
       13.2822222,
       49.1202778
      ],
      [
       13.2822222,
       49.1205556
      ],
      [
       13.3105556,
       49.1905556
      ],
      [
       13.4494444,
       49.1366667
      ]
     ]
    ]
   }
  },
  {
   "type": "Feature",
   "properties": {
    "ll": {
     "value": 0,
     "unit": 1,
     "referenceDatum": 0
    },
    "ul": {
     "value": 1000,
     "unit": 1,
     "referenceDatum": 0
    },
    "_id": "6261488b1eacded7b7bb3814",
    "name": "LK-R2 CESKE SVYCARSKO",
    "type": 1,
    "icao": 7,
    "bnd": [
     [
      50.8355556,
      14.2322222
     ],
     [
      50.9316667,
      14.4561111
     ]
    ]
   },
   "geometry": {
    "type": "Polygon",
    "coordinates": [
     [
      [
       14.4561111,
       50.9316667
      ],
      [
       14.4533333,
       50.8638889
      ],
      [
       14.3958333,
       50.8527778
      ],
      [
       14.3280556,
       50.8355556
      ],
      [
       14.3327778,
       50.8525
      ],
      [
       14.2325,
       50.8697222
      ],
      [
       14.2322222,
       50.8694444
      ],
      [
       14.2363889,
       50.8819444
      ],
      [
       14.2358333,
       50.8877778
      ],
      [
       14.2572222,
       50.8897222
      ],
      [
       14.2716667,
       50.895
      ],
      [
       14.2883333,
       50.8872222
      ],
      [
       14.3047222,
       50.8838889
      ],
      [
       14.3191667,
       50.8886111
      ],
      [
       14.3369444,
       50.89
      ],
      [
       14.3488889,
       50.8925
      ],
      [
       14.3483333,
       50.8977778
      ],
      [
       14.3488889,
       50.9005556
      ],
      [
       14.3519444,
       50.8991667
      ],
      [
       14.3544444,
       50.8986111
      ],
      [
       14.3583333,
       50.8994444
      ],
      [
       14.3736111,
       50.8961111
      ],
      [
       14.3769444,
       50.8972222
      ],
      [
       14.3805556,
       50.8975
      ],
      [
       14.3877778,
       50.8991667
      ],
      [
       14.3855556,
       50.9025
      ],
      [
       14.3886111,
       50.9083333
      ],
      [
       14.3875,
       50.9113889
      ],
      [
       14.3866667,
       50.9138889
      ],
      [
       14.3863889,
       50.9169444
      ],
      [
       14.3886111,
       50.9188889
      ],
      [
       14.3941667,
       50.9180556
      ],
      [
       14.3916667,
       50.9197222
      ],
      [
       14.3925,
       50.9208333
      ],
      [
       14.3983333,
       50.9227778
      ],
      [
       14.4002778,
       50.9266667
      ],
      [
       14.4022222,
       50.9238889
      ],
      [
       14.4561111,
       50.9316667
      ]
     ]
    ]
   }
  },
  {
   "type": "Feature",
   "properties": {
    "ll": {
     "value": 0,
     "unit": 1,
     "referenceDatum": 0
    },
    "ul": {
     "value": 1000,
     "unit": 1,
     "referenceDatum": 0
    },
    "_id": "6261488c5e9ded571043e524",
    "name": "LK-R3 KRNAP",
    "type": 1,
    "icao": 7,
    "bnd": [
     [
      50.6275,
      15.4252778
     ],
     [
      50.8069444,
      15.9116667
     ]
    ]
   },
   "geometry": {
    "type": "Polygon",
    "coordinates": [
     [
      [
       15.4252778,
       50.8063889
      ],
      [
       15.45,
       50.8069444
      ],
      [
       15.4544444,
       50.8022222
      ],
      [
       15.4688889,
       50.7980556
      ],
      [
       15.4802778,
       50.7908333
      ],
      [
       15.4936111,
       50.7880556
      ],
      [
       15.5241667,
       50.7769444
      ],
      [
       15.5455556,
       50.7802778
      ],
      [
       15.5583333,
       50.7766667
      ],
      [
       15.5786111,
       50.7788889
      ],
      [
       15.5911111,
       50.7766667
      ],
      [
       15.6163889,
       50.7722222
      ],
      [
       15.6261111,
       50.7647222
      ],
      [
       15.6466667,
       50.7605556
      ],
      [
       15.6591667,
       50.7597222
      ],
      [
       15.68,
       50.7547222
      ],
      [
       15.6886111,
       50.7444444
      ],
      [
       15.695,
       50.7397222
      ],
      [
       15.7144444,
       50.7372222
      ],
      [
       15.7283333,
       50.7391667
      ],
      [
       15.7397222,
       50.7358333
      ],
      [
       15.7597222,
       50.7433333
      ],
      [
       15.7716667,
       50.7422222
      ],
      [
       15.7886111,
       50.7466667
      ],
      [
       15.7988889,
       50.7522222
      ],
      [
       15.8161111,
       50.7552778
      ],
      [
       15.8294444,
       50.7430556
      ],
      [
       15.8316667,
       50.73
      ],
      [
       15.8313889,
       50.7263889
      ],
      [
       15.8316667,
       50.7233333
      ],
      [
       15.8336111,
       50.7216667
      ],
      [
       15.8391667,
       50.7175
      ],
      [
       15.8427778,
       50.7125
      ],
      [
       15.8461111,
       50.7097222
      ],
      [
       15.8530556,
       50.7005556
      ],
      [
       15.8597222,
       50.6872222
      ],
      [
       15.8608333,
       50.6744444
      ],
      [
       15.8747222,
       50.6716667
      ],
      [
       15.885,
       50.6719444
      ],
      [
       15.8911111,
       50.6761111
      ],
      [
       15.9116667,
       50.6275
      ],
      [
       15.7575,
       50.6311111
      ],
      [
       15.5725,
       50.6583333
      ],
      [
       15.4252778,
       50.8063889
      ]
     ]
    ]
   }
  },
  {
   "type": "Feature",
   "properties": {
    "ll": {
     "value": 0,
     "unit": 1,
     "referenceDatum": 0
    },
    "ul": {
     "value": 1000,
     "unit": 1,
     "referenceDatum": 0
    },
    "_id": "6261488c1eacded7b7bb3822",
    "name": "LK-R4 PODYJI",
    "type": 1,
    "icao": 7,
    "bnd": [
     [
      48.7972222,
      15.7838889
     ],
     [
      48.9052778,
      16.0402778
     ]
    ]
   },
   "geometry": {
    "type": "Polygon",
    "coordinates": [
     [
      [
       15.8422222,
       48.9052778
      ],
      [
       15.8788889,
       48.8972222
      ],
      [
       15.8977778,
       48.8783333
      ],
      [
       15.895,
       48.8708333
      ],
      [
       15.9069444,
       48.865
      ],
      [
       15.9052778,
       48.8572222
      ],
      [
       15.9227778,
       48.8475
      ],
      [
       15.9372222,
       48.8491667
      ],
      [
       15.9375,
       48.8430556
      ],
      [
       15.9794444,
       48.8413889
      ],
      [
       15.9852778,
       48.8555556
      ],
      [
       16.0383333,
       48.8547222
      ],
      [
       16.0402778,
       48.8430556
      ],
      [
       16.0063889,
       48.8272222
      ],
      [
       16.0125,
       48.8208333
      ],
      [
       15.9925,
       48.8013889
      ],
      [
       15.9841667,
       48.8125
      ],
      [
       15.9683333,
       48.8122222
      ],
      [
       15.9686111,
       48.7972222
      ],
      [
       15.965,
       48.7983333
      ],
      [
       15.95,
       48.8052778
      ],
      [
       15.9516667,
       48.8136111
      ],
      [
       15.9597222,
       48.82
      ],
      [
       15.9558333,
       48.8238889
      ],
      [
       15.9458333,
       48.8230556
      ],
      [
       15.9477778,
       48.8272222
      ],
      [
       15.9402778,
       48.8269444
      ],
      [
       15.94,
       48.8194444
      ],
      [
       15.9283333,
       48.8222222
      ],
      [
       15.9244444,
       48.8255556
      ],
      [
       15.9266667,
       48.8311111
      ],
      [
       15.93,
       48.8341667
      ],
      [
       15.9205556,
       48.8377778
      ],
      [
       15.9175,
       48.8388889
      ],
      [
       15.91,
       48.8369444
      ],
      [
       15.905,
       48.8358333
      ],
      [
       15.8958333,
       48.8347222
      ],
      [
       15.8925,
       48.835
      ],
      [
       15.8919444,
       48.8425
      ],
      [
       15.8936111,
       48.8430556
      ],
      [
       15.8969444,
       48.8383333
      ],
      [
       15.9044444,
       48.8386111
      ],
      [
       15.8977778,
       48.8475
      ],
      [
       15.8925,
       48.8480556
      ],
      [
       15.8888889,
       48.8422222
      ],
      [
       15.8811111,
       48.8447222
      ],
      [
       15.8797222,
       48.8525
      ],
      [
       15.8780556,
       48.8575
      ],
      [
       15.8725,
       48.8602778
      ],
      [
       15.8708333,
       48.8586111
      ],
      [
       15.875,
       48.8558333
      ],
      [
       15.8669444,
       48.8522222
      ],
      [
       15.8577778,
       48.8569444
      ],
      [
       15.8419444,
       48.8597222
      ],
      [
       15.8475,
       48.8636111
      ],
      [
       15.8519444,
       48.8666667
      ],
      [
       15.8497222,
       48.8694444
      ],
      [
       15.8436111,
       48.8727778
      ],
      [
       15.8447222,
       48.8755556
      ],
      [
       15.8363889,
       48.8763889
      ],
      [
       15.8286111,
       48.8708333
      ],
      [
       15.8163889,
       48.8730556
      ],
      [
       15.7838889,
       48.8747222
      ],
      [
       15.8016667,
       48.8786111
      ],
      [
       15.7986111,
       48.8891667
      ],
      [
       15.8422222,
       48.9052778
      ]
     ]
    ]
   }
  },
  {
   "type": "Feature",
   "properties": {
    "ll": {
     "value": 0,
     "unit": 1,
     "referenceDatum": 0
    },
    "ul": {
     "value": 5000,
     "unit": 1,
     "referenceDatum": 1
    },
    "_id": "6261488c5e9ded571043e531",
    "name": "LK-R9 PRAHA 127.58 120.53 124.68",
    "type": 1,
    "icao": 7,
    "bnd": [
     [
      50.0331031,
      14.3574275
     ],
     [
      50.1330218,
      14.5130599
     ]
    ]
   },
   "geometry": {
    "type": "Polygon",
    "coordinates": [
     [
      [
       14.4352778,
       50.1330218
      ],
      [
       14.4442598,
       50.1326886
      ],
      [
       14.4531218,
       50.1316935
      ],
      [
       14.4617454,
       50.1300499
      ],
      [
       14.4700153,
       50.1277795
      ],
      [
       14.4778211,
       50.1249129
      ],
      [
       14.4850587,
       50.1214883
      ],
      [
       14.4916315,
       50.1175513
      ],
      [
       14.4974519,
       50.1131547
      ],
      [
       14.5024425,
       50.108357
      ],
      [
       14.5065369,
       50.1032224
      ],
      [
       14.5096808,
       50.0978193
      ],
      [
       14.5118325,
       50.0922197
      ],
      [
       14.5129638,
       50.0864984
      ],
      [
       14.5130599,
       50.0807315
      ],
      [
       14.5121199,
       50.0749959
      ],
      [
       14.5101568,
       50.069368
      ],
      [
       14.5071969,
       50.0639228
      ],
      [
       14.5032801,
       50.0587326
      ],
      [
       14.4984586,
       50.0538666
      ],
      [
       14.4927971,
       50.0493894
      ],
      [
       14.4863708,
       50.0453606
      ],
      [
       14.4792654,
       50.0418337
      ],
      [
       14.4715756,
       50.0388556
      ],
      [
       14.4634035,
       50.0364659
      ],
      [
       14.4548578,
       50.0346964
      ],
      [
       14.446052,
       50.0335704
      ],
      [
       14.4371031,
       50.0331031
      ],
      [
       14.42813,
       50.0333005
      ],
      [
       14.4192518,
       50.0341601
      ],
      [
       14.4105865,
       50.0356704
      ],
      [
       14.4022491,
       50.0378114
      ],
      [
       14.3943506,
       50.0405547
      ],
      [
       14.3869958,
       50.0438638
      ],
      [
       14.3802827,
       50.0476947
      ],
      [
       14.3743006,
       50.0519965
      ],
      [
       14.3691293,
       50.0567121
      ],
      [
       14.3648378,
       50.0617786
      ],
      [
       14.3614835,
       50.0671288
      ],
      [
       14.3591113,
       50.0726914
      ],
      [
       14.3577531,
       50.0783923
      ],
      [
       14.3574275,
       50.0841557
      ],
      [
       14.358139,
       50.0899048
      ],
      [
       14.3598787,
       50.095563
      ],
      [
       14.3626236,
       50.1010548
      ],
      [
       14.3663375,
       50.1063071
      ],
      [
       14.3709712,
       50.1112497
      ],
      [
       14.3764631,
       50.1158167
      ],
      [
       14.3827402,
       50.1199472
      ],
      [
       14.3897187,
       50.1235859
      ],
      [
       14.3973058,
       50.1266844
      ],
      [
       14.4054001,
       50.1292012
      ],
      [
       14.4138936,
       50.1311027
      ],
      [
       14.4226728,
       50.1323635
      ],
      [
       14.4316205,
       50.1329667
      ],
      [
       14.4352778,
       50.1330218
      ]
     ]
    ]
   }
  },
  {
   "type": "Feature",
   "properties": {
    "ll": {
     "value": 0,
     "unit": 1,
     "referenceDatum": 0
    },
    "ul": {
     "value": 4000,
     "unit": 1,
     "referenceDatum": 1
    },
    "_id": "626148811eacded7b7bb3555",
    "name": "LKBA ATZ 119.655",
    "type": 0,
    "icao": 6,
    "bnd": [
     [
      48.7408808,
      16.8166744
     ],
     [
      48.8407996,
      16.9682594
     ]
    ]
   },
   "geometry": {
    "type": "Polygon",
    "coordinates": [
     [
      [
       16.8925,
       48.8407996
      ],
      [
       16.901248,
       48.8404664
      ],
      [
       16.9098792,
       48.8394714
      ],
      [
       16.9182781,
       48.8378278
      ],
      [
       16.9263327,
       48.8355576
      ],
      [
       16.9339353,
       48.832691
      ],
      [
       16.9409846,
       48.8292665
      ],
      [
       16.9473864,
       48.8253297
      ],
      [
       16.9530555,
       48.8209332
      ],
      [
       16.9579165,
       48.8161357
      ],
      [
       16.9619046,
       48.8110012
      ],
      [
       16.964967,
       48.8055981
      ],
      [
       16.9670632,
       48.7999986
      ],
      [
       16.9681654,
       48.7942773
      ],
      [
       16.9682594,
       48.7885104
      ],
      [
       16.9673443,
       48.7827748
      ],
      [
       16.9654326,
       48.7771469
      ],
      [
       16.96255,
       48.7717015
      ],
      [
       16.9587353,
       48.7665113
      ],
      [
       16.9540394,
       48.7616451
      ],
      [
       16.9485252,
       48.7571678
      ],
      [
       16.942266,
       48.7531388
      ],
      [
       16.9353453,
       48.7496118
      ],
      [
       16.9278553,
       48.7466336
      ],
      [
       16.9198954,
       48.7442439
      ],
      [
       16.9115716,
       48.7424742
      ],
      [
       16.9029945,
       48.7413482
      ],
      [
       16.894278,
       48.7408808
      ],
      [
       16.8855378,
       48.7410783
      ],
      [
       16.8768901,
       48.7419379
      ],
      [
       16.8684498,
       48.7434483
      ],
      [
       16.860329,
       48.7455894
      ],
      [
       16.8526356,
       48.7483328
      ],
      [
       16.8454719,
       48.751642
      ],
      [
       16.8389334,
       48.7554731
      ],
      [
       16.8331069,
       48.759775
      ],
      [
       16.8280702,
       48.7644907
      ],
      [
       16.8238906,
       48.7695573
      ],
      [
       16.8206238,
       48.7749076
      ],
      [
       16.8183136,
       48.7804702
      ],
      [
       16.8169912,
       48.7861712
      ],
      [
       16.8166744,
       48.7919347
      ],
      [
       16.8173678,
       48.7976837
      ],
      [
       16.8190626,
       48.8033419
      ],
      [
       16.8217365,
       48.8088336
      ],
      [
       16.8253541,
       48.8140858
      ],
      [
       16.8298675,
       48.8190283
      ],
      [
       16.8352167,
       48.8235952
      ],
      [
       16.8413305,
       48.8277255
      ],
      [
       16.8481275,
       48.8313641
      ],
      [
       16.855517,
       48.8344625
      ],
      [
       16.8634006,
       48.8369792
      ],
      [
       16.8716729,
       48.8388806
      ],
      [
       16.8802234,
       48.8401413
      ],
      [
       16.888938,
       48.8407445
      ],
      [
       16.8925,
       48.8407996
      ]
     ]
    ]
   }
  },
  {
   "type": "Feature",
   "properties": {
    "ll": {
     "value": 0,
     "unit": 1,
     "referenceDatum": 0
    },
    "ul": {
     "value": 13500,
     "unit": 1,
     "referenceDatum": 1
    },
    "_id": "626148811eacded7b7bb3563",
    "name": "LKBA PARA ZONE",
    "type": 2,
    "icao": 7,
    "bnd": [
     [
      48.7408808,
      16.8166744
     ],
     [
      48.8407996,
      16.9682594
     ]
    ]
   },
   "geometry": {
    "type": "Polygon",
    "coordinates": [
     [
      [
       16.8925,
       48.8407996
      ],
      [
       16.901248,
       48.8404664
      ],
      [
       16.9098792,
       48.8394714
      ],
      [
       16.9182781,
       48.8378278
      ],
      [
       16.9263327,
       48.8355576
      ],
      [
       16.9339353,
       48.832691
      ],
      [
       16.9409846,
       48.8292665
      ],
      [
       16.9473864,
       48.8253297
      ],
      [
       16.9530555,
       48.8209332
      ],
      [
       16.9579165,
       48.8161357
      ],
      [
       16.9619046,
       48.8110012
      ],
      [
       16.964967,
       48.8055981
      ],
      [
       16.9670632,
       48.7999986
      ],
      [
       16.9681654,
       48.7942773
      ],
      [
       16.9682594,
       48.7885104
      ],
      [
       16.9673443,
       48.7827748
      ],
      [
       16.9654326,
       48.7771469
      ],
      [
       16.96255,
       48.7717015
      ],
      [
       16.9587353,
       48.7665113
      ],
      [
       16.9540394,
       48.7616451
      ],
      [
       16.9485252,
       48.7571678
      ],
      [
       16.942266,
       48.7531388
      ],
      [
       16.9353453,
       48.7496118
      ],
      [
       16.9278553,
       48.7466336
      ],
      [
       16.9198954,
       48.7442439
      ],
      [
       16.9115716,
       48.7424742
      ],
      [
       16.9029945,
       48.7413482
      ],
      [
       16.894278,
       48.7408808
      ],
      [
       16.8855378,
       48.7410783
      ],
      [
       16.8768901,
       48.7419379
      ],
      [
       16.8684498,
       48.7434483
      ],
      [
       16.860329,
       48.7455894
      ],
      [
       16.8526356,
       48.7483328
      ],
      [
       16.8454719,
       48.751642
      ],
      [
       16.8389334,
       48.7554731
      ],
      [
       16.8331069,
       48.759775
      ],
      [
       16.8280702,
       48.7644907
      ],
      [
       16.8238906,
       48.7695573
      ],
      [
       16.8206238,
       48.7749076
      ],
      [
       16.8183136,
       48.7804702
      ],
      [
       16.8169912,
       48.7861712
      ],
      [
       16.8166744,
       48.7919347
      ],
      [
       16.8173678,
       48.7976837
      ],
      [
       16.8190626,
       48.8033419
      ],
      [
       16.8217365,
       48.8088336
      ],
      [
       16.8253541,
       48.8140858
      ],
      [
       16.8298675,
       48.8190283
      ],
      [
       16.8352167,
       48.8235952
      ],
      [
       16.8413305,
       48.8277255
      ],
      [
       16.8481275,
       48.8313641
      ],
      [
       16.855517,
       48.8344625
      ],
      [
       16.8634006,
       48.8369792
      ],
      [
       16.8716729,
       48.8388806
      ],
      [
       16.8802234,
       48.8401413
      ],
      [
       16.888938,
       48.8407445
      ],
      [
       16.8925,
       48.8407996
      ]
     ]
    ]
   }
  },
  {
   "type": "Feature",
   "properties": {
    "ll": {
     "value": 0,
     "unit": 1,
     "referenceDatum": 0
    },
    "ul": {
     "value": 4000,
     "unit": 1,
     "referenceDatum": 1
    },
    "_id": "626148815e9ded571043e2a4",
    "name": "LKBE ATZ 118.005",
    "type": 0,
    "icao": 6,
    "bnd": [
     [
      49.6908808,
      14.5674224
     ],
     [
      49.7907996,
      14.7219544
     ]
    ]
   },
   "geometry": {
    "type": "Polygon",
    "coordinates": [
     [
      [
       14.6447222,
       49.7907996
      ],
      [
       14.6536406,
       49.7904664
      ],
      [
       14.6624399,
       49.7894713
      ],
      [
       14.6710023,
       49.7878277
      ],
      [
       14.6792137,
       49.7855574
      ],
      [
       14.6869643,
       49.7826908
      ],
      [
       14.6941507,
       49.7792662
      ],
      [
       14.700677,
       49.7753293
      ],
      [
       14.7064563,
       49.7709327
      ],
      [
       14.7114116,
       49.7661351
      ],
      [
       14.7154771,
       49.7610004
      ],
      [
       14.7185988,
       49.7555973
      ],
      [
       14.7207355,
       49.7499978
      ],
      [
       14.7218589,
       49.7442764
      ],
      [
       14.7219544,
       49.7385096
      ],
      [
       14.7210212,
       49.732774
      ],
      [
       14.719072,
       49.7271461
      ],
      [
       14.7161332,
       49.7217008
      ],
      [
       14.7122441,
       49.7165106
      ],
      [
       14.7074568,
       49.7116445
      ],
      [
       14.7018353,
       49.7071673
      ],
      [
       14.6954544,
       49.7031385
      ],
      [
       14.6883993,
       49.6996116
      ],
      [
       14.6807638,
       49.6966335
      ],
      [
       14.6726494,
       49.6942437
      ],
      [
       14.664164,
       49.6924742
      ],
      [
       14.6554204,
       49.6913482
      ],
      [
       14.6465347,
       49.6908808
      ],
      [
       14.6376249,
       49.6910783
      ],
      [
       14.6288094,
       49.6919379
      ],
      [
       14.6202052,
       49.6934482
      ],
      [
       14.6119268,
       49.6955893
      ],
      [
       14.604084,
       49.6983326
      ],
      [
       14.5967812,
       49.7016417
      ],
      [
       14.5901155,
       49.7054726
      ],
      [
       14.5841757,
       49.7097745
      ],
      [
       14.579041,
       49.7144901
      ],
      [
       14.5747799,
       49.7195567
      ],
      [
       14.5714494,
       49.7249068
      ],
      [
       14.5690941,
       49.7304694
      ],
      [
       14.5677457,
       49.7361704
      ],
      [
       14.5674224,
       49.7419338
      ],
      [
       14.5681291,
       49.7476829
      ],
      [
       14.5698565,
       49.7533411
      ],
      [
       14.5725821,
       49.7588329
      ],
      [
       14.5762699,
       49.7640851
      ],
      [
       14.5808708,
       49.7690277
      ],
      [
       14.5863239,
       49.7735947
      ],
      [
       14.5925566,
       49.7777251
      ],
      [
       14.5994858,
       49.7813638
      ],
      [
       14.6070191,
       49.7844623
      ],
      [
       14.6150561,
       49.786979
      ],
      [
       14.6234895,
       49.7888805
      ],
      [
       14.6322065,
       49.7901413
      ],
      [
       14.6410908,
       49.7907445
      ],
      [
       14.6447222,
       49.7907996
      ]
     ]
    ]
   }
  },
  {
   "type": "Feature",
   "properties": {
    "ll": {
     "value": 0,
     "unit": 1,
     "referenceDatum": 0
    },
    "ul": {
     "value": 4000,
     "unit": 1,
     "referenceDatum": 1
    },
    "_id": "626148811eacded7b7bb3572",
    "name": "LKBO ATZ 118.280",
    "type": 0,
    "icao": 6,
    "bnd": [
     [
      49.6206031,
      17.2178119
     ],
     [
      49.7205218,
      17.3721205
     ]
    ]
   },
   "geometry": {
    "type": "Polygon",
    "coordinates": [
     [
      [
       17.295,
       49.7205218
      ],
      [
       17.3039055,
       49.7201886
      ],
      [
       17.312692,
       49.7191936
      ],
      [
       17.3212421,
       49.7175499
      ],
      [
       17.3294415,
       49.7152796
      ],
      [
       17.3371809,
       49.712413
      ],
      [
       17.3443569,
       49.7089884
      ],
      [
       17.3508738,
       49.7050515
      ],
      [
       17.3566447,
       49.7006549
      ],
      [
       17.3615929,
       49.6958573
      ],
      [
       17.3656525,
       49.6907227
      ],
      [
       17.3687698,
       49.6853196
      ],
      [
       17.3709033,
       49.6797201
      ],
      [
       17.3720251,
       49.6739987
      ],
      [
       17.3721205,
       49.6682319
      ],
      [
       17.3711887,
       49.6624963
      ],
      [
       17.3692424,
       49.6568684
      ],
      [
       17.3663078,
       49.6514231
      ],
      [
       17.3624243,
       49.6462329
      ],
      [
       17.357644,
       49.6413668
      ],
      [
       17.3520306,
       49.6368896
      ],
      [
       17.345659,
       49.6328607
      ],
      [
       17.338614,
       49.6293338
      ],
      [
       17.3309895,
       49.6263557
      ],
      [
       17.3228868,
       49.623966
      ],
      [
       17.3144137,
       49.6221964
      ],
      [
       17.3056827,
       49.6210704
      ],
      [
       17.2968098,
       49.6206031
      ],
      [
       17.2879129,
       49.6208005
      ],
      [
       17.2791101,
       49.6216601
      ],
      [
       17.2705184,
       49.6231705
      ],
      [
       17.2622519,
       49.6253115
      ],
      [
       17.2544204,
       49.6280548
      ],
      [
       17.2471282,
       49.631364
      ],
      [
       17.2404721,
       49.6351949
      ],
      [
       17.2345409,
       49.6394968
      ],
      [
       17.2294137,
       49.6442123
      ],
      [
       17.2251588,
       49.6492789
      ],
      [
       17.2218331,
       49.6546291
      ],
      [
       17.2194812,
       49.6601917
      ],
      [
       17.2181347,
       49.6658927
      ],
      [
       17.2178119,
       49.6716561
      ],
      [
       17.2185176,
       49.6774052
      ],
      [
       17.2202426,
       49.6830634
      ],
      [
       17.2229642,
       49.6885552
      ],
      [
       17.2266467,
       49.6938074
      ],
      [
       17.231241,
       49.69875
      ],
      [
       17.2366862,
       49.7033169
      ],
      [
       17.2429099,
       49.7074473
      ],
      [
       17.2498291,
       49.7110861
      ],
      [
       17.2573515,
       49.7141845
      ],
      [
       17.2653769,
       49.7167013
      ],
      [
       17.273798,
       49.7186027
      ],
      [
       17.2825024,
       49.7198635
      ],
      [
       17.2913739,
       49.7204667
      ],
      [
       17.295,
       49.7205218
      ]
     ]
    ]
   }
  },
  {
   "type": "Feature",
   "properties": {
    "ll": {
     "value": 0,
     "unit": 1,
     "referenceDatum": 0
    },
    "ul": {
     "value": 4000,
     "unit": 1,
     "referenceDatum": 1
    },
    "_id": "626148815e9ded571043e2b3",
    "name": "LKBR ATZ 123.490",
    "type": 0,
    "icao": 6,
    "bnd": [
     [
      50.5119919,
      16.2641391
     ],
     [
      50.6119107,
      16.4213475
     ]
    ]
   },
   "geometry": {
    "type": "Polygon",
    "coordinates": [
     [
      [
       16.3427778,
       50.6119107
      ],
      [
       16.3518509,
       50.6115775
      ],
      [
       16.3608028,
       50.6105824
      ],
      [
       16.3695138,
       50.6089387
      ],
      [
       16.3778676,
       50.6066683
      ],
      [
       16.3857526,
       50.6038017
      ],
      [
       16.3930635,
       50.600377
      ],
      [
       16.3997029,
       50.59644
      ],
      [
       16.4055822,
       50.5920433
      ],
      [
       16.4106233,
       50.5872456
      ],
      [
       16.414759,
       50.5821109
      ],
      [
       16.4179346,
       50.5767077
      ],
      [
       16.420108,
       50.5711082
      ],
      [
       16.4212506,
       50.5653868
      ],
      [
       16.4213475,
       50.5596199
      ],
      [
       16.4203979,
       50.5538844
      ],
      [
       16.4184147,
       50.5482565
      ],
      [
       16.4154247,
       50.5428113
      ],
      [
       16.4114681,
       50.5376211
      ],
      [
       16.4065978,
       50.5327552
      ],
      [
       16.4008788,
       50.528278
      ],
      [
       16.3943875,
       50.5242493
      ],
      [
       16.3872102,
       50.5207224
      ],
      [
       16.3794426,
       50.5177444
      ],
      [
       16.3711878,
       50.5153548
      ],
      [
       16.3625557,
       50.5135852
      ],
      [
       16.3536609,
       50.5124593
      ],
      [
       16.3446216,
       50.5119919
      ],
      [
       16.3355578,
       50.5121894
      ],
      [
       16.3265898,
       50.5130489
      ],
      [
       16.3178369,
       50.5145593
      ],
      [
       16.3094152,
       50.5167003
      ],
      [
       16.3014367,
       50.5194435
      ],
      [
       16.2940075,
       50.5227525
      ],
      [
       16.2872265,
       50.5265834
      ],
      [
       16.2811838,
       50.5308851
      ],
      [
       16.2759601,
       50.5356006
      ],
      [
       16.271625,
       50.5406671
      ],
      [
       16.2682366,
       50.5460173
      ],
      [
       16.2658402,
       50.5515798
      ],
      [
       16.2644682,
       50.5572808
      ],
      [
       16.2641391,
       50.5630442
      ],
      [
       16.2648577,
       50.5687933
      ],
      [
       16.2666148,
       50.5744515
      ],
      [
       16.2693874,
       50.5799433
      ],
      [
       16.2731388,
       50.5851956
      ],
      [
       16.2778194,
       50.5901383
      ],
      [
       16.2833668,
       50.5947053
      ],
      [
       16.2897074,
       50.5988359
      ],
      [
       16.2967567,
       50.6024747
      ],
      [
       16.3044207,
       50.6055732
      ],
      [
       16.312597,
       50.60809
      ],
      [
       16.3211767,
       50.6099916
      ],
      [
       16.3300449,
       50.6112524
      ],
      [
       16.3390834,
       50.6118556
      ],
      [
       16.3427778,
       50.6119107
      ]
     ]
    ]
   }
  },
  {
   "type": "Feature",
   "properties": {
    "ll": {
     "value": 0,
     "unit": 1,
     "referenceDatum": 0
    },
    "ul": {
     "value": 4000,
     "unit": 1,
     "referenceDatum": 1
    },
    "_id": "626148815e9ded571043e2c0",
    "name": "LKBU ATZ 134.305",
    "type": 0,
    "icao": 6,
    "bnd": [
     [
      49.9244919,
      14.1003811
     ],
     [
      50.0244107,
      14.255662
     ]
    ]
   },
   "geometry": {
    "type": "Polygon",
    "coordinates": [
     [
      [
       14.1780556,
       50.0244107
      ],
      [
       14.1870173,
       50.0240775
      ],
      [
       14.1958592,
       50.0230824
      ],
      [
       14.2044633,
       50.0214388
      ],
      [
       14.2127145,
       50.0191685
      ],
      [
       14.2205027,
       50.0163018
      ],
      [
       14.2277239,
       50.0128772
      ],
      [
       14.2342818,
       50.0089403
      ],
      [
       14.2400891,
       50.0045437
      ],
      [
       14.2450685,
       49.999746
      ],
      [
       14.2491536,
       49.9946114
      ],
      [
       14.2522904,
       49.9892082
      ],
      [
       14.2544373,
       49.9836087
      ],
      [
       14.2555661,
       49.9778873
      ],
      [
       14.255662,
       49.9721205
      ],
      [
       14.2547242,
       49.9663849
      ],
      [
       14.2527655,
       49.960757
      ],
      [
       14.2498123,
       49.9553118
      ],
      [
       14.2459044,
       49.9501216
      ],
      [
       14.2410939,
       49.9452555
      ],
      [
       14.2354451,
       49.9407783
      ],
      [
       14.2290333,
       49.9367495
      ],
      [
       14.221944,
       49.9332226
      ],
      [
       14.2142715,
       49.9302445
      ],
      [
       14.2061178,
       49.9278548
      ],
      [
       14.1975914,
       49.9260853
      ],
      [
       14.1888055,
       49.9249593
      ],
      [
       14.1798768,
       49.9244919
      ],
      [
       14.1709239,
       49.9246894
      ],
      [
       14.1620657,
       49.925549
      ],
      [
       14.15342,
       49.9270593
      ],
      [
       14.1451014,
       49.9292004
      ],
      [
       14.1372207,
       49.9319436
      ],
      [
       14.1298825,
       49.9352527
      ],
      [
       14.1231845,
       49.9390837
      ],
      [
       14.117216,
       49.9433855
      ],
      [
       14.1120564,
       49.948101
      ],
      [
       14.1077746,
       49.9531676
      ],
      [
       14.1044278,
       49.9585178
      ],
      [
       14.102061,
       49.9640803
      ],
      [
       14.100706,
       49.9697813
      ],
      [
       14.1003811,
       49.9755447
      ],
      [
       14.1010911,
       49.9812938
      ],
      [
       14.1028269,
       49.986952
      ],
      [
       14.1055656,
       49.9924438
      ],
      [
       14.1092712,
       49.9976961
      ],
      [
       14.1138944,
       50.0026387
      ],
      [
       14.1193739,
       50.0072057
      ],
      [
       14.1256368,
       50.0113361
      ],
      [
       14.1325996,
       50.0149749
      ],
      [
       14.1401695,
       50.0180733
      ],
      [
       14.1482455,
       50.0205901
      ],
      [
       14.1567197,
       50.0224916
      ],
      [
       14.1654791,
       50.0237524
      ],
      [
       14.1744065,
       50.0243556
      ],
      [
       14.1780556,
       50.0244107
      ]
     ]
    ]
   }
  },
  {
   "type": "Feature",
   "properties": {
    "ll": {
     "value": 0,
     "unit": 1,
     "referenceDatum": 0
    },
    "ul": {
     "value": 4000,
     "unit": 1,
     "referenceDatum": 1
    },
    "_id": "626148811eacded7b7bb357c",
    "name": "LKCB ATZ 122.205",
    "type": 0,
    "icao": 6,
    "bnd": [
     [
      50.0164364,
      12.3349545
     ],
     [
      50.1163551,
      12.4905329
     ]
    ]
   },
   "geometry": {
    "type": "Polygon",
    "coordinates": [
     [
      [
       12.4127778,
       50.1163551
      ],
      [
       12.4217567,
       50.116022
      ],
      [
       12.4306156,
       50.1150269
      ],
      [
       12.4392361,
       50.1133832
      ],
      [
       12.4475032,
       50.1111129
      ],
      [
       12.4553063,
       50.1082462
      ],
      [
       12.4625414,
       50.1048216
      ],
      [
       12.4691119,
       50.1008847
      ],
      [
       12.4749303,
       50.096488
      ],
      [
       12.4799192,
       50.0916904
      ],
      [
       12.4840121,
       50.0865557
      ],
      [
       12.4871549,
       50.0811526
      ],
      [
       12.4893059,
       50.075553
      ],
      [
       12.4904368,
       50.0698317
      ],
      [
       12.4905329,
       50.0640648
      ],
      [
       12.4895932,
       50.0583293
      ],
      [
       12.4876308,
       50.0527014
      ],
      [
       12.4846719,
       50.0472561
      ],
      [
       12.4807564,
       50.0420659
      ],
      [
       12.4759367,
       50.0371999
      ],
      [
       12.4702771,
       50.0327227
      ],
      [
       12.463853,
       50.0286939
      ],
      [
       12.4567502,
       50.025167
      ],
      [
       12.449063,
       50.022189
      ],
      [
       12.4408937,
       50.0197993
      ],
      [
       12.432351,
       50.0180297
      ],
      [
       12.4235483,
       50.0169037
      ],
      [
       12.4146025,
       50.0164364
      ],
      [
       12.4056325,
       50.0166338
      ],
      [
       12.3967574,
       50.0174934
      ],
      [
       12.3880951,
       50.0190038
      ],
      [
       12.3797606,
       50.0211448
      ],
      [
       12.3718648,
       50.0238881
      ],
      [
       12.3645125,
       50.0271971
      ],
      [
       12.3578018,
       50.0310281
      ],
      [
       12.3518218,
       50.0353299
      ],
      [
       12.3466523,
       50.0400454
      ],
      [
       12.3423623,
       50.045112
      ],
      [
       12.3390091,
       50.0504621
      ],
      [
       12.3366377,
       50.0560247
      ],
      [
       12.3352801,
       50.0617257
      ],
      [
       12.3349545,
       50.0674891
      ],
      [
       12.3356658,
       50.0732382
      ],
      [
       12.3374049,
       50.0788963
      ],
      [
       12.3401489,
       50.0843882
      ],
      [
       12.3438615,
       50.0896404
      ],
      [
       12.3484936,
       50.094583
      ],
      [
       12.3539836,
       50.0991501
      ],
      [
       12.3602584,
       50.1032805
      ],
      [
       12.3672346,
       50.1069193
      ],
      [
       12.374819,
       50.1100178
      ],
      [
       12.3829105,
       50.1125345
      ],
      [
       12.391401,
       50.114436
      ],
      [
       12.4001772,
       50.1156968
      ],
      [
       12.4091218,
       50.1163001
      ],
      [
       12.4127778,
       50.1163551
      ]
     ]
    ]
   }
  },
  {
   "type": "Feature",
   "properties": {
    "ll": {
     "value": 0,
     "unit": 1,
     "referenceDatum": 0
    },
    "ul": {
     "value": 4000,
     "unit": 1,
     "referenceDatum": 1
    },
    "_id": "626148811eacded7b7bb3586",
    "name": "LKCE ATZ 123.590",
    "type": 0,
    "icao": 6,
    "bnd": [
     [
      50.6594919,
      14.4877808
     ],
     [
      50.7594107,
      14.6454833
     ]
    ]
   },
   "geometry": {
    "type": "Polygon",
    "coordinates": [
     [
      [
       14.5666667,
       50.7594107
      ],
      [
       14.5757684,
       50.7590775
      ],
      [
       14.5847485,
       50.7580824
      ],
      [
       14.5934869,
       50.7564387
      ],
      [
       14.601867,
       50.7541683
      ],
      [
       14.6097767,
       50.7513016
      ],
      [
       14.6171107,
       50.7478769
      ],
      [
       14.6237709,
       50.7439399
      ],
      [
       14.6296687,
       50.7395432
      ],
      [
       14.6347256,
       50.7347455
      ],
      [
       14.6388743,
       50.7296108
      ],
      [
       14.6420599,
       50.7242076
      ],
      [
       14.64424,
       50.718608
      ],
      [
       14.6453861,
       50.7128867
      ],
      [
       14.6454833,
       50.7071198
      ],
      [
       14.6445306,
       50.7013842
      ],
      [
       14.6425412,
       50.6957564
      ],
      [
       14.6395418,
       50.6903112
      ],
      [
       14.6355727,
       50.685121
      ],
      [
       14.6306871,
       50.6802551
      ],
      [
       14.6249501,
       50.6757779
      ],
      [
       14.6184384,
       50.6717492
      ],
      [
       14.6112386,
       50.6682224
      ],
      [
       14.6034465,
       50.6652444
      ],
      [
       14.5951659,
       50.6628547
      ],
      [
       14.5865066,
       50.6610852
      ],
      [
       14.5775839,
       50.6599593
      ],
      [
       14.5685162,
       50.6594919
      ],
      [
       14.559424,
       50.6596894
      ],
      [
       14.5504279,
       50.6605489
      ],
      [
       14.5416475,
       50.6620592
      ],
      [
       14.5331994,
       50.6642002
      ],
      [
       14.5251959,
       50.6669435
      ],
      [
       14.5177434,
       50.6702525
      ],
      [
       14.510941,
       50.6740833
      ],
      [
       14.5048793,
       50.6783851
      ],
      [
       14.4996391,
       50.6831005
      ],
      [
       14.4952904,
       50.688167
      ],
      [
       14.4918913,
       50.6935171
      ],
      [
       14.4894874,
       50.6990797
      ],
      [
       14.488111,
       50.7047806
      ],
      [
       14.4877808,
       50.710544
      ],
      [
       14.4885016,
       50.7162931
      ],
      [
       14.4902642,
       50.7219513
      ],
      [
       14.4930455,
       50.7274432
      ],
      [
       14.4968087,
       50.7326955
      ],
      [
       14.5015039,
       50.7376382
      ],
      [
       14.5070688,
       50.7422053
      ],
      [
       14.5134293,
       50.7463358
      ],
      [
       14.5205007,
       50.7499746
      ],
      [
       14.5281888,
       50.7530732
      ],
      [
       14.5363909,
       50.75559
      ],
      [
       14.5449975,
       50.7574916
      ],
      [
       14.5538937,
       50.7587524
      ],
      [
       14.5629606,
       50.7593556
      ],
      [
       14.5666667,
       50.7594107
      ]
     ]
    ]
   }
  },
  {
   "type": "Feature",
   "properties": {
    "ll": {
     "value": 0,
     "unit": 1,
     "referenceDatum": 0
    },
    "ul": {
     "value": 13500,
     "unit": 1,
     "referenceDatum": 1
    },
    "_id": "626148821eacded7b7bb3590",
    "name": "LKCE PARA ZONE",
    "type": 2,
    "icao": 7,
    "bnd": [
     [
      50.6594919,
      14.4877808
     ],
     [
      50.7594107,
      14.6454833
     ]
    ]
   },
   "geometry": {
    "type": "Polygon",
    "coordinates": [
     [
      [
       14.5666667,
       50.7594107
      ],
      [
       14.5757684,
       50.7590775
      ],
      [
       14.5847485,
       50.7580824
      ],
      [
       14.5934869,
       50.7564387
      ],
      [
       14.601867,
       50.7541683
      ],
      [
       14.6097767,
       50.7513016
      ],
      [
       14.6171107,
       50.7478769
      ],
      [
       14.6237709,
       50.7439399
      ],
      [
       14.6296687,
       50.7395432
      ],
      [
       14.6347256,
       50.7347455
      ],
      [
       14.6388743,
       50.7296108
      ],
      [
       14.6420599,
       50.7242076
      ],
      [
       14.64424,
       50.718608
      ],
      [
       14.6453861,
       50.7128867
      ],
      [
       14.6454833,
       50.7071198
      ],
      [
       14.6445306,
       50.7013842
      ],
      [
       14.6425412,
       50.6957564
      ],
      [
       14.6395418,
       50.6903112
      ],
      [
       14.6355727,
       50.685121
      ],
      [
       14.6306871,
       50.6802551
      ],
      [
       14.6249501,
       50.6757779
      ],
      [
       14.6184384,
       50.6717492
      ],
      [
       14.6112386,
       50.6682224
      ],
      [
       14.6034465,
       50.6652444
      ],
      [
       14.5951659,
       50.6628547
      ],
      [
       14.5865066,
       50.6610852
      ],
      [
       14.5775839,
       50.6599593
      ],
      [
       14.5685162,
       50.6594919
      ],
      [
       14.559424,
       50.6596894
      ],
      [
       14.5504279,
       50.6605489
      ],
      [
       14.5416475,
       50.6620592
      ],
      [
       14.5331994,
       50.6642002
      ],
      [
       14.5251959,
       50.6669435
      ],
      [
       14.5177434,
       50.6702525
      ],
      [
       14.510941,
       50.6740833
      ],
      [
       14.5048793,
       50.6783851
      ],
      [
       14.4996391,
       50.6831005
      ],
      [
       14.4952904,
       50.688167
      ],
      [
       14.4918913,
       50.6935171
      ],
      [
       14.4894874,
       50.6990797
      ],
      [
       14.488111,
       50.7047806
      ],
      [
       14.4877808,
       50.710544
      ],
      [
       14.4885016,
       50.7162931
      ],
      [
       14.4902642,
       50.7219513
      ],
      [
       14.4930455,
       50.7274432
      ],
      [
       14.4968087,
       50.7326955
      ],
      [
       14.5015039,
       50.7376382
      ],
      [
       14.5070688,
       50.7422053
      ],
      [
       14.5134293,
       50.7463358
      ],
      [
       14.5205007,
       50.7499746
      ],
      [
       14.5281888,
       50.7530732
      ],
      [
       14.5363909,
       50.75559
      ],
      [
       14.5449975,
       50.7574916
      ],
      [
       14.5538937,
       50.7587524
      ],
      [
       14.5629606,
       50.7593556
      ],
      [
       14.5666667,
       50.7594107
      ]
     ]
    ]
   }
  },
  {
   "type": "Feature",
   "properties": {
    "ll": {
     "value": 0,
     "unit": 1,
     "referenceDatum": 0
    },
    "ul": {
     "value": 4000,
     "unit": 1,
     "referenceDatum": 1
    },
    "_id": "626148821eacded7b7bb359a",
    "name": "LKCH ATZ 123.605",
    "type": 0,
    "icao": 6,
    "bnd": [
     [
      50.4189364,
      13.3895717
     ],
     [
      50.5188551,
      13.5464706
     ]
    ]
   },
   "geometry": {
    "type": "Polygon",
    "coordinates": [
     [
      [
       13.4680556,
       50.5188551
      ],
      [
       13.4771108,
       50.518522
      ],
      [
       13.486045,
       50.5175269
      ],
      [
       13.4947389,
       50.5158832
      ],
      [
       13.5030762,
       50.5136128
      ],
      [
       13.5109456,
       50.5107461
      ],
      [
       13.5182421,
       50.5073214
      ],
      [
       13.5248684,
       50.5033845
      ],
      [
       13.5307362,
       50.4989878
      ],
      [
       13.5357673,
       50.4941901
      ],
      [
       13.539895,
       50.4890554
      ],
      [
       13.5430643,
       50.4836523
      ],
      [
       13.5452334,
       50.4780527
      ],
      [
       13.5463738,
       50.4723313
      ],
      [
       13.5464706,
       50.4665645
      ],
      [
       13.5455228,
       50.4608289
      ],
      [
       13.5435436,
       50.455201
      ],
      [
       13.5405595,
       50.4497558
      ],
      [
       13.5366107,
       50.4445657
      ],
      [
       13.53175,
       50.4396997
      ],
      [
       13.5260423,
       50.4352225
      ],
      [
       13.5195638,
       50.4311937
      ],
      [
       13.5124006,
       50.4276669
      ],
      [
       13.5046482,
       50.4246889
      ],
      [
       13.4964097,
       50.4222992
      ],
      [
       13.4877946,
       50.4205297
      ],
      [
       13.4789173,
       50.4194037
      ],
      [
       13.4698957,
       50.4189364
      ],
      [
       13.4608497,
       50.4191338
      ],
      [
       13.4518994,
       50.4199934
      ],
      [
       13.4431637,
       50.4215037
      ],
      [
       13.4347586,
       50.4236447
      ],
      [
       13.4267958,
       50.426388
      ],
      [
       13.4193812,
       50.429697
      ],
      [
       13.4126135,
       50.4335279
      ],
      [
       13.4065827,
       50.4378296
      ],
      [
       13.4013693,
       50.4425451
      ],
      [
       13.3970428,
       50.4476117
      ],
      [
       13.3936611,
       50.4529618
      ],
      [
       13.3912695,
       50.4585243
      ],
      [
       13.3899002,
       50.4642253
      ],
      [
       13.3895717,
       50.4699887
      ],
      [
       13.390289,
       50.4757378
      ],
      [
       13.3920426,
       50.481396
      ],
      [
       13.3948098,
       50.4868879
      ],
      [
       13.3985539,
       50.4921401
      ],
      [
       13.4032252,
       50.4970828
      ],
      [
       13.4087617,
       50.5016498
      ],
      [
       13.4150899,
       50.5057803
      ],
      [
       13.4221253,
       50.5094192
      ],
      [
       13.4297741,
       50.5125177
      ],
      [
       13.4379343,
       50.5150345
      ],
      [
       13.4464971,
       50.516936
      ],
      [
       13.4553478,
       50.5181968
      ],
      [
       13.4643684,
       50.5188001
      ],
      [
       13.4680556,
       50.5188551
      ]
     ]
    ]
   }
  },
  {
   "type": "Feature",
   "properties": {
    "ll": {
     "value": 0,
     "unit": 1,
     "referenceDatum": 0
    },
    "ul": {
     "value": 4000,
     "unit": 1,
     "referenceDatum": 1
    },
    "_id": "626148821eacded7b7bb35a7",
    "name": "LKCM ATZ 122.405",
    "type": 0,
    "icao": 6,
    "bnd": [
     [
      49.1869919,
      16.4787696
     ],
     [
      49.2869107,
      16.6317191
     ]
    ]
   },
   "geometry": {
    "type": "Polygon",
    "coordinates": [
     [
      [
       16.5552778,
       49.2869107
      ],
      [
       16.5641047,
       49.2865775
      ],
      [
       16.5728137,
       49.2855825
      ],
      [
       16.5812883,
       49.2839388
      ],
      [
       16.5894155,
       49.2816686
      ],
      [
       16.5970866,
       49.278802
      ],
      [
       16.6041994,
       49.2753775
      ],
      [
       16.6106589,
       49.2714406
      ],
      [
       16.616379,
       49.2670441
      ],
      [
       16.6212836,
       49.2622465
      ],
      [
       16.6253076,
       49.2571119
      ],
      [
       16.6283975,
       49.2517089
      ],
      [
       16.6305124,
       49.2461093
      ],
      [
       16.6316244,
       49.240388
      ],
      [
       16.6317191,
       49.2346211
      ],
      [
       16.6307956,
       49.2288856
      ],
      [
       16.6288666,
       49.2232576
      ],
      [
       16.6259579,
       49.2178123
      ],
      [
       16.6221088,
       49.2126221
      ],
      [
       16.6173706,
       49.207756
      ],
      [
       16.6118066,
       49.2032787
      ],
      [
       16.6054912,
       49.1992498
      ],
      [
       16.5985082,
       49.1957228
      ],
      [
       16.5909508,
       49.1927447
      ],
      [
       16.5829194,
       49.1903549
      ],
      [
       16.5745208,
       49.1885853
      ],
      [
       16.5658666,
       49.1874593
      ],
      [
       16.5570717,
       49.1869919
      ],
      [
       16.548253,
       49.1871894
      ],
      [
       16.5395276,
       49.188049
      ],
      [
       16.5310114,
       49.1895594
      ],
      [
       16.5228176,
       49.1917005
      ],
      [
       16.5150551,
       49.1944438
      ],
      [
       16.507827,
       49.197753
      ],
      [
       16.5012296,
       49.201584
      ],
      [
       16.4953506,
       49.2058859
      ],
      [
       16.4902686,
       49.2106015
      ],
      [
       16.4860512,
       49.2156681
      ],
      [
       16.4827549,
       49.2210184
      ],
      [
       16.4804238,
       49.226581
      ],
      [
       16.4790893,
       49.232282
      ],
      [
       16.4787696,
       49.2380454
      ],
      [
       16.4794691,
       49.2437945
      ],
      [
       16.4811791,
       49.2494526
      ],
      [
       16.4838769,
       49.2549444
      ],
      [
       16.487527,
       49.2601966
      ],
      [
       16.4920809,
       49.2651391
      ],
      [
       16.4974782,
       49.269706
      ],
      [
       16.503647,
       49.2738364
      ],
      [
       16.5105052,
       49.2774751
      ],
      [
       16.5179614,
       49.2805735
      ],
      [
       16.525916,
       49.2830902
      ],
      [
       16.5342628,
       49.2849917
      ],
      [
       16.5428905,
       49.2862524
      ],
      [
       16.5516836,
       49.2868556
      ],
      [
       16.5552778,
       49.2869107
      ]
     ]
    ]
   }
  },
  {
   "type": "Feature",
   "properties": {
    "ll": {
     "value": 0,
     "unit": 1,
     "referenceDatum": 0
    },
    "ul": {
     "value": 4000,
     "unit": 1,
     "referenceDatum": 1
    },
    "_id": "626148825e9ded571043e2d9",
    "name": "LKCR ATZ 122.805",
    "type": 0,
    "icao": 6,
    "bnd": [
     [
      49.8864364,
      15.7029425
     ],
     [
      49.9863551,
      15.8581007
     ]
    ]
   },
   "geometry": {
    "type": "Polygon",
    "coordinates": [
     [
      [
       15.7805556,
       49.9863551
      ],
      [
       15.7895102,
       49.986022
      ],
      [
       15.7983451,
       49.9850269
      ],
      [
       15.8069424,
       49.9833832
      ],
      [
       15.815187,
       49.9811129
      ],
      [
       15.8229691,
       49.9782463
      ],
      [
       15.8301846,
       49.9748216
      ],
      [
       15.8367374,
       49.9708847
      ],
      [
       15.8425401,
       49.9664881
      ],
      [
       15.8475155,
       49.9616905
      ],
      [
       15.8515974,
       49.9565558
      ],
      [
       15.8547317,
       49.9511527
      ],
      [
       15.8568769,
       49.9455532
      ],
      [
       15.8580048,
       49.9398318
      ],
      [
       15.8581007,
       49.934065
      ],
      [
       15.8571636,
       49.9283294
      ],
      [
       15.8552065,
       49.9227015
      ],
      [
       15.8522557,
       49.9172562
      ],
      [
       15.8483508,
       49.912066
      ],
      [
       15.8435441,
       49.9072
      ],
      [
       15.8378998,
       49.9027228
      ],
      [
       15.8314931,
       49.8986939
      ],
      [
       15.8244094,
       49.8951671
      ],
      [
       15.8167429,
       49.892189
      ],
      [
       15.8085957,
       49.8897993
      ],
      [
       15.800076,
       49.8880297
      ],
      [
       15.791297,
       49.8869037
      ],
      [
       15.7823753,
       49.8864364
      ],
      [
       15.7734295,
       49.8866338
      ],
      [
       15.7645784,
       49.8874934
      ],
      [
       15.7559394,
       49.8890038
      ],
      [
       15.7476274,
       49.8911448
      ],
      [
       15.7397529,
       49.8938881
      ],
      [
       15.7324205,
       49.8971972
      ],
      [
       15.7257278,
       49.9010281
      ],
      [
       15.719764,
       49.9053299
      ],
      [
       15.7146084,
       49.9100455
      ],
      [
       15.71033,
       49.9151121
      ],
      [
       15.706986,
       49.9204622
      ],
      [
       15.704621,
       49.9260248
      ],
      [
       15.7032671,
       49.9317258
      ],
      [
       15.7029425,
       49.9374892
      ],
      [
       15.7036519,
       49.9432383
      ],
      [
       15.7053863,
       49.9488965
      ],
      [
       15.7081229,
       49.9543883
      ],
      [
       15.7118255,
       49.9596405
      ],
      [
       15.7164451,
       49.9645831
      ],
      [
       15.7219203,
       49.9691501
      ],
      [
       15.7281782,
       49.9732806
      ],
      [
       15.7351355,
       49.9769193
      ],
      [
       15.7426995,
       49.9800178
      ],
      [
       15.7507691,
       49.9825346
      ],
      [
       15.7592366,
       49.984436
      ],
      [
       15.7679891,
       49.9856968
      ],
      [
       15.7769094,
       49.9863001
      ],
      [
       15.7805556,
       49.9863551
      ]
     ]
    ]
   }
  },
  {
   "type": "Feature",
   "properties": {
    "ll": {
     "value": 0,
     "unit": 1,
     "referenceDatum": 0
    },
    "ul": {
     "value": 4000,
     "unit": 1,
     "referenceDatum": 1
    },
    "_id": "626148821eacded7b7bb35b4",
    "name": "LKCS ATZ 135.930",
    "type": 0,
    "icao": 6,
    "bnd": [
     [
      48.8964364,
      14.3514383
     ],
     [
      48.9963551,
      14.5034953
     ]
    ]
   },
   "geometry": {
    "type": "Polygon",
    "coordinates": [
     [
      [
       14.4275,
       48.9963551
      ],
      [
       14.4362753,
       48.996022
      ],
      [
       14.4449334,
       48.9950269
      ],
      [
       14.4533585,
       48.9933833
      ],
      [
       14.4614382,
       48.9911131
      ],
      [
       14.4690645,
       48.9882465
      ],
      [
       14.4761357,
       48.984822
      ],
      [
       14.4825575,
       48.9808852
      ],
      [
       14.4882443,
       48.9764887
      ],
      [
       14.4931203,
       48.9716911
      ],
      [
       14.4971209,
       48.9665566
      ],
      [
       14.5001928,
       48.9611535
      ],
      [
       14.5022954,
       48.955554
      ],
      [
       14.5034011,
       48.9498327
      ],
      [
       14.5034953,
       48.9440658
      ],
      [
       14.5025773,
       48.9383302
      ],
      [
       14.5006596,
       48.9327023
      ],
      [
       14.497768,
       48.927257
      ],
      [
       14.4939413,
       48.9220667
      ],
      [
       14.4892308,
       48.9172006
      ],
      [
       14.4836994,
       48.9127233
      ],
      [
       14.4774207,
       48.9086943
      ],
      [
       14.4704785,
       48.9051673
      ],
      [
       14.4629652,
       48.9021892
      ],
      [
       14.4549806,
       48.8997994
      ],
      [
       14.4466309,
       48.8980298
      ],
      [
       14.4380271,
       48.8969038
      ],
      [
       14.4292835,
       48.8964364
      ],
      [
       14.4205162,
       48.8966338
      ],
      [
       14.4118416,
       48.8974934
      ],
      [
       14.403375,
       48.8990039
      ],
      [
       14.395229,
       48.901145
      ],
      [
       14.3875117,
       48.9038883
      ],
      [
       14.3803257,
       48.9071975
      ],
      [
       14.3737668,
       48.9110286
      ],
      [
       14.3679222,
       48.9153305
      ],
      [
       14.3628698,
       48.9200461
      ],
      [
       14.3586771,
       48.9251128
      ],
      [
       14.3554001,
       48.930463
      ],
      [
       14.3530827,
       48.9360257
      ],
      [
       14.3517561,
       48.9417267
      ],
      [
       14.3514383,
       48.9474901
      ],
      [
       14.3521339,
       48.9532392
      ],
      [
       14.3538339,
       48.9588973
      ],
      [
       14.356516,
       48.9643891
      ],
      [
       14.3601449,
       48.9696412
      ],
      [
       14.3646723,
       48.9745837
      ],
      [
       14.3700381,
       48.9791506
      ],
      [
       14.3761709,
       48.983281
      ],
      [
       14.3829891,
       48.9869196
      ],
      [
       14.3904017,
       48.990018
      ],
      [
       14.3983098,
       48.9925347
      ],
      [
       14.4066079,
       48.9944361
      ],
      [
       14.4151851,
       48.9956969
      ],
      [
       14.4239269,
       48.9963001
      ],
      [
       14.4275,
       48.9963551
      ]
     ]
    ]
   }
  },
  {
   "type": "Feature",
   "properties": {
    "ll": {
     "value": 0,
     "unit": 1,
     "referenceDatum": 0
    },
    "ul": {
     "value": 4000,
     "unit": 1,
     "referenceDatum": 1
    },
    "_id": "626148821eacded7b7bb35bf",
    "name": "LKCT ATZ 122.205",
    "type": 0,
    "icao": 6,
    "bnd": [
     [
      49.6358808,
      15.5988988
     ],
     [
      49.7357996,
      15.7532559
     ]
    ]
   },
   "geometry": {
    "type": "Polygon",
    "coordinates": [
     [
      [
       15.6761111,
       49.7357996
      ],
      [
       15.6850194,
       49.7354664
      ],
      [
       15.6938087,
       49.7344713
      ],
      [
       15.7023614,
       49.7328277
      ],
      [
       15.7105635,
       49.7305574
      ],
      [
       15.7183053,
       49.7276908
      ],
      [
       15.7254835,
       49.7242662
      ],
      [
       15.7320025,
       49.7203293
      ],
      [
       15.7377752,
       49.7159327
      ],
      [
       15.742725,
       49.7111351
      ],
      [
       15.7467859,
       49.7060005
      ],
      [
       15.7499041,
       49.7005974
      ],
      [
       15.7520383,
       49.6949978
      ],
      [
       15.7531604,
       49.6892765
      ],
      [
       15.7532559,
       49.6835096
      ],
      [
       15.7523237,
       49.677774
      ],
      [
       15.7503768,
       49.6721462
      ],
      [
       15.7474413,
       49.6667009
      ],
      [
       15.7435566,
       49.6615107
      ],
      [
       15.7387748,
       49.6566446
      ],
      [
       15.7331596,
       49.6521673
      ],
      [
       15.726786,
       49.6481385
      ],
      [
       15.7197388,
       49.6446116
      ],
      [
       15.7121119,
       49.6416335
      ],
      [
       15.7040067,
       49.6392438
      ],
      [
       15.6955309,
       49.6374742
      ],
      [
       15.6867972,
       49.6363482
      ],
      [
       15.6779215,
       49.6358808
      ],
      [
       15.6690218,
       49.6360783
      ],
      [
       15.6602163,
       49.6369379
      ],
      [
       15.6516218,
       49.6384482
      ],
      [
       15.6433527,
       49.6405893
      ],
      [
       15.6355188,
       49.6433326
      ],
      [
       15.6282242,
       49.6466417
      ],
      [
       15.6215661,
       49.6504727
      ],
      [
       15.6156331,
       49.6547745
      ],
      [
       15.6105042,
       49.6594901
      ],
      [
       15.6062479,
       49.6645567
      ],
      [
       15.6029212,
       49.6699069
      ],
      [
       15.6005685,
       49.6754695
      ],
      [
       15.5992216,
       49.6811704
      ],
      [
       15.5988988,
       49.6869339
      ],
      [
       15.5996047,
       49.692683
      ],
      [
       15.6013302,
       49.6983411
      ],
      [
       15.6040527,
       49.7038329
      ],
      [
       15.6077363,
       49.7090851
      ],
      [
       15.6123321,
       49.7140277
      ],
      [
       15.617779,
       49.7185947
      ],
      [
       15.6240046,
       49.7227251
      ],
      [
       15.630926,
       49.7263638
      ],
      [
       15.6384508,
       49.7294623
      ],
      [
       15.6464787,
       49.731979
      ],
      [
       15.6549025,
       49.7338805
      ],
      [
       15.6636096,
       49.7351413
      ],
      [
       15.6724838,
       49.7357445
      ],
      [
       15.6761111,
       49.7357996
      ]
     ]
    ]
   }
  },
  {
   "type": "Feature",
   "properties": {
    "ll": {
     "value": 0,
     "unit": 1,
     "referenceDatum": 0
    },
    "ul": {
     "value": 4000,
     "unit": 1,
     "referenceDatum": 1
    },
    "_id": "626148831eacded7b7bb35ff",
    "name": "LKDK ATZ 119.655",
    "type": 0,
    "icao": 6,
    "bnd": [
     [
      50.3642142,
      15.7585513
     ],
     [
      50.4641329,
      15.9152689
     ]
    ]
   },
   "geometry": {
    "type": "Polygon",
    "coordinates": [
     [
      [
       15.8369444,
       50.4641329
      ],
      [
       15.8459892,
       50.4637997
      ],
      [
       15.8549131,
       50.4628046
      ],
      [
       15.8635969,
       50.4611609
      ],
      [
       15.8719245,
       50.4588906
      ],
      [
       15.8797849,
       50.4560239
      ],
      [
       15.8870729,
       50.4525992
      ],
      [
       15.8936916,
       50.4486623
      ],
      [
       15.8995526,
       50.4442656
      ],
      [
       15.9045779,
       50.4394679
      ],
      [
       15.9087008,
       50.4343333
      ],
      [
       15.9118665,
       50.4289301
      ],
      [
       15.9140331,
       50.4233305
      ],
      [
       15.9151722,
       50.4176092
      ],
      [
       15.9152689,
       50.4118423
      ],
      [
       15.9143222,
       50.4061067
      ],
      [
       15.9123453,
       50.4004789
      ],
      [
       15.9093647,
       50.3950336
      ],
      [
       15.9054205,
       50.3898435
      ],
      [
       15.9005654,
       50.3849775
      ],
      [
       15.8948643,
       50.3805003
      ],
      [
       15.8883932,
       50.3764715
      ],
      [
       15.8812383,
       50.3729447
      ],
      [
       15.8734949,
       50.3699667
      ],
      [
       15.8652659,
       50.367577
      ],
      [
       15.8566607,
       50.3658074
      ],
      [
       15.8477936,
       50.3646815
      ],
      [
       15.8387825,
       50.3642142
      ],
      [
       15.8297469,
       50.3644116
      ],
      [
       15.820807,
       50.3652712
      ],
      [
       15.8120813,
       50.3667815
      ],
      [
       15.8036859,
       50.3689225
      ],
      [
       15.7957323,
       50.3716658
      ],
      [
       15.7883263,
       50.3749748
      ],
      [
       15.7815664,
       50.3788057
      ],
      [
       15.7755426,
       50.3831075
      ],
      [
       15.7703352,
       50.387823
      ],
      [
       15.7660137,
       50.3928895
      ],
      [
       15.7626359,
       50.3982396
      ],
      [
       15.7602471,
       50.4038022
      ],
      [
       15.7588793,
       50.4095031
      ],
      [
       15.7585513,
       50.4152665
      ],
      [
       15.7592677,
       50.4210156
      ],
      [
       15.7610194,
       50.4266738
      ],
      [
       15.7637834,
       50.4321657
      ],
      [
       15.7675231,
       50.437418
      ],
      [
       15.7721891,
       50.4423606
      ],
      [
       15.7777192,
       50.4469276
      ],
      [
       15.78404,
       50.4510581
      ],
      [
       15.7910673,
       50.4546969
      ],
      [
       15.7987073,
       50.4577955
      ],
      [
       15.8068581,
       50.4603123
      ],
      [
       15.8154109,
       50.4622138
      ],
      [
       15.8242514,
       50.4634746
      ],
      [
       15.8332616,
       50.4640778
      ],
      [
       15.8369444,
       50.4641329
      ]
     ]
    ]
   }
  },
  {
   "type": "Feature",
   "properties": {
    "ll": {
     "value": 0,
     "unit": 1,
     "referenceDatum": 0
    },
    "ul": {
     "value": 4000,
     "unit": 1,
     "referenceDatum": 1
    },
    "_id": "626148845e9ded571043e351",
    "name": "LKER ATZ 123.490",
    "type": 0,
    "icao": 6,
    "bnd": [
     [
      49.7528253,
      12.9606569
     ],
     [
      49.852744,
      13.1153865
     ]
    ]
   },
   "geometry": {
    "type": "Polygon",
    "coordinates": [
     [
      [
       13.0380556,
       49.852744
      ],
      [
       13.0469854,
       49.8524109
      ],
      [
       13.0557959,
       49.8514158
      ],
      [
       13.0643693,
       49.8497721
      ],
      [
       13.0725912,
       49.8475018
      ],
      [
       13.0803517,
       49.8446352
      ],
      [
       13.0875473,
       49.8412106
      ],
      [
       13.094082,
       49.8372737
      ],
      [
       13.0998687,
       49.8328771
      ],
      [
       13.1048303,
       49.8280795
      ],
      [
       13.108901,
       49.8229448
      ],
      [
       13.1120267,
       49.8175417
      ],
      [
       13.114166,
       49.8119422
      ],
      [
       13.1152909,
       49.8062208
      ],
      [
       13.1153865,
       49.800454
      ],
      [
       13.1144521,
       49.7947184
      ],
      [
       13.1125004,
       49.7890905
      ],
      [
       13.1095578,
       49.7836452
      ],
      [
       13.1056637,
       49.778455
      ],
      [
       13.1008703,
       49.7735889
      ],
      [
       13.0952415,
       49.7691117
      ],
      [
       13.0888526,
       49.7650829
      ],
      [
       13.0817884,
       49.761556
      ],
      [
       13.0741431,
       49.7585779
      ],
      [
       13.0660184,
       49.7561882
      ],
      [
       13.0575221,
       49.7544186
      ],
      [
       13.0487674,
       49.7532926
      ],
      [
       13.0398703,
       49.7528253
      ],
      [
       13.0309492,
       49.7530227
      ],
      [
       13.0221224,
       49.7538823
      ],
      [
       13.0135073,
       49.7553927
      ],
      [
       13.0052182,
       49.7575337
      ],
      [
       12.9973654,
       49.760277
      ],
      [
       12.9900533,
       49.7635861
      ],
      [
       12.9833791,
       49.7674171
      ],
      [
       12.9774317,
       49.7717189
      ],
      [
       12.9722904,
       49.7764345
      ],
      [
       12.9680239,
       49.781501
      ],
      [
       12.9646891,
       49.7868512
      ],
      [
       12.9623307,
       49.7924138
      ],
      [
       12.9609806,
       49.7981148
      ],
      [
       12.9606569,
       49.8038782
      ],
      [
       12.9613644,
       49.8096273
      ],
      [
       12.9630941,
       49.8152855
      ],
      [
       12.9658231,
       49.8207773
      ],
      [
       12.9695156,
       49.8260295
      ],
      [
       12.9741224,
       49.8309721
      ],
      [
       12.9795825,
       49.8355391
      ],
      [
       12.9858231,
       49.8396695
      ],
      [
       12.9927612,
       49.8433083
      ],
      [
       13.0003042,
       49.8464067
      ],
      [
       13.0083515,
       49.8489235
      ],
      [
       13.0167956,
       49.8508249
      ],
      [
       13.0255238,
       49.8520857
      ],
      [
       13.0344195,
       49.8526889
      ],
      [
       13.0380556,
       49.852744
      ]
     ]
    ]
   }
  },
  {
   "type": "Feature",
   "properties": {
    "ll": {
     "value": 0,
     "unit": 1,
     "referenceDatum": 0
    },
    "ul": {
     "value": 4000,
     "unit": 1,
     "referenceDatum": 1
    },
    "_id": "626148845e9ded571043e35a",
    "name": "LKFR ATZ 123.490",
    "type": 0,
    "icao": 6,
    "bnd": [
     [
      49.5394919,
      18.302107
     ],
     [
      49.6394107,
      18.4561589
     ]
    ]
   },
   "geometry": {
    "type": "Polygon",
    "coordinates": [
     [
      [
       18.3791667,
       49.6394107
      ],
      [
       18.3880573,
       49.6390775
      ],
      [
       18.3968292,
       49.6380825
      ],
      [
       18.405365,
       49.6364388
      ],
      [
       18.4135508,
       49.6341685
      ],
      [
       18.4212773,
       49.6313019
      ],
      [
       18.4284413,
       49.6278773
      ],
      [
       18.4349474,
       49.6239405
      ],
      [
       18.4407087,
       49.6195439
      ],
      [
       18.4456487,
       49.6147463
      ],
      [
       18.4497016,
       49.6096117
      ],
      [
       18.4528136,
       49.6042086
      ],
      [
       18.4549437,
       49.598609
      ],
      [
       18.4560636,
       49.5928877
      ],
      [
       18.4561589,
       49.5871208
      ],
      [
       18.4552286,
       49.5813852
      ],
      [
       18.4532856,
       49.5757573
      ],
      [
       18.4503559,
       49.5703121
      ],
      [
       18.4464789,
       49.5651218
      ],
      [
       18.4417065,
       49.5602557
      ],
      [
       18.4361025,
       49.5557785
      ],
      [
       18.4297415,
       49.5517496
      ],
      [
       18.4227082,
       49.5482227
      ],
      [
       18.4150964,
       49.5452446
      ],
      [
       18.4070072,
       49.5428549
      ],
      [
       18.3985481,
       49.5410853
      ],
      [
       18.3898316,
       49.5399593
      ],
      [
       18.3809735,
       49.5394919
      ],
      [
       18.3720914,
       49.5396894
      ],
      [
       18.3633032,
       49.540549
      ],
      [
       18.3547257,
       49.5420593
      ],
      [
       18.3464729,
       49.5442004
      ],
      [
       18.3386545,
       49.5469437
      ],
      [
       18.3313744,
       49.5502529
      ],
      [
       18.3247294,
       49.5540838
      ],
      [
       18.3188081,
       49.5583857
      ],
      [
       18.3136894,
       49.5631013
      ],
      [
       18.3094415,
       49.5681679
      ],
      [
       18.3061214,
       49.5735181
      ],
      [
       18.3037734,
       49.5790807
      ],
      [
       18.3024292,
       49.5847816
      ],
      [
       18.302107,
       49.5905451
      ],
      [
       18.3028115,
       49.5962942
      ],
      [
       18.3045337,
       49.6019523
      ],
      [
       18.3072508,
       49.6074441
      ],
      [
       18.3109271,
       49.6126963
      ],
      [
       18.3155139,
       49.6176389
      ],
      [
       18.32095,
       49.6222059
      ],
      [
       18.3271633,
       49.6263363
      ],
      [
       18.334071,
       49.629975
      ],
      [
       18.3415809,
       49.6330734
      ],
      [
       18.3495929,
       49.6355902
      ],
      [
       18.358,
       49.6374916
      ],
      [
       18.3666899,
       49.6387524
      ],
      [
       18.3755466,
       49.6393556
      ],
      [
       18.3791667,
       49.6394107
      ]
     ]
    ]
   }
  },
  {
   "type": "Feature",
   "properties": {
    "ll": {
     "value": 0,
     "unit": 1,
     "referenceDatum": 0
    },
    "ul": {
     "value": 13500,
     "unit": 1,
     "referenceDatum": 1
    },
    "_id": "626148845e9ded571043e365",
    "name": "LKFR PARA ZONE",
    "type": 2,
    "icao": 7,
    "bnd": [
     [
      49.5394919,
      18.302107
     ],
     [
      49.6394107,
      18.4561589
     ]
    ]
   },
   "geometry": {
    "type": "Polygon",
    "coordinates": [
     [
      [
       18.3791667,
       49.6394107
      ],
      [
       18.3880573,
       49.6390775
      ],
      [
       18.3968292,
       49.6380825
      ],
      [
       18.405365,
       49.6364388
      ],
      [
       18.4135508,
       49.6341685
      ],
      [
       18.4212773,
       49.6313019
      ],
      [
       18.4284413,
       49.6278773
      ],
      [
       18.4349474,
       49.6239405
      ],
      [
       18.4407087,
       49.6195439
      ],
      [
       18.4456487,
       49.6147463
      ],
      [
       18.4497016,
       49.6096117
      ],
      [
       18.4528136,
       49.6042086
      ],
      [
       18.4549437,
       49.598609
      ],
      [
       18.4560636,
       49.5928877
      ],
      [
       18.4561589,
       49.5871208
      ],
      [
       18.4552286,
       49.5813852
      ],
      [
       18.4532856,
       49.5757573
      ],
      [
       18.4503559,
       49.5703121
      ],
      [
       18.4464789,
       49.5651218
      ],
      [
       18.4417065,
       49.5602557
      ],
      [
       18.4361025,
       49.5557785
      ],
      [
       18.4297415,
       49.5517496
      ],
      [
       18.4227082,
       49.5482227
      ],
      [
       18.4150964,
       49.5452446
      ],
      [
       18.4070072,
       49.5428549
      ],
      [
       18.3985481,
       49.5410853
      ],
      [
       18.3898316,
       49.5399593
      ],
      [
       18.3809735,
       49.5394919
      ],
      [
       18.3720914,
       49.5396894
      ],
      [
       18.3633032,
       49.540549
      ],
      [
       18.3547257,
       49.5420593
      ],
      [
       18.3464729,
       49.5442004
      ],
      [
       18.3386545,
       49.5469437
      ],
      [
       18.3313744,
       49.5502529
      ],
      [
       18.3247294,
       49.5540838
      ],
      [
       18.3188081,
       49.5583857
      ],
      [
       18.3136894,
       49.5631013
      ],
      [
       18.3094415,
       49.5681679
      ],
      [
       18.3061214,
       49.5735181
      ],
      [
       18.3037734,
       49.5790807
      ],
      [
       18.3024292,
       49.5847816
      ],
      [
       18.302107,
       49.5905451
      ],
      [
       18.3028115,
       49.5962942
      ],
      [
       18.3045337,
       49.6019523
      ],
      [
       18.3072508,
       49.6074441
      ],
      [
       18.3109271,
       49.6126963
      ],
      [
       18.3155139,
       49.6176389
      ],
      [
       18.32095,
       49.6222059
      ],
      [
       18.3271633,
       49.6263363
      ],
      [
       18.334071,
       49.629975
      ],
      [
       18.3415809,
       49.6330734
      ],
      [
       18.3495929,
       49.6355902
      ],
      [
       18.358,
       49.6374916
      ],
      [
       18.3666899,
       49.6387524
      ],
      [
       18.3755466,
       49.6393556
      ],
      [
       18.3791667,
       49.6394107
      ]
     ]
    ]
   }
  },
  {
   "type": "Feature",
   "properties": {
    "ll": {
     "value": 0,
     "unit": 1,
     "referenceDatum": 0
    },
    "ul": {
     "value": 4000,
     "unit": 1,
     "referenceDatum": 1
    },
    "_id": "626148845e9ded571043e36e",
    "name": "LKHB ATZ 128.905",
    "type": 0,
    "icao": 6,
    "bnd": [
     [
      49.5472697,
      15.4720947
     ],
     [
      49.6471885,
      15.6261712
     ]
    ]
   },
   "geometry": {
    "type": "Polygon",
    "coordinates": [
     [
      [
       15.5491667,
       49.6471885
      ],
      [
       15.5580587,
       49.6468553
      ],
      [
       15.566832,
       49.6458602
      ],
      [
       15.5753692,
       49.6442166
      ],
      [
       15.5835563,
       49.6419463
      ],
      [
       15.591284,
       49.6390797
      ],
      [
       15.5984492,
       49.6356551
      ],
      [
       15.6049563,
       49.6317182
      ],
      [
       15.6107186,
       49.6273217
      ],
      [
       15.6156593,
       49.622524
      ],
      [
       15.6197128,
       49.6173894
      ],
      [
       15.6228254,
       49.6119863
      ],
      [
       15.6249558,
       49.6063868
      ],
      [
       15.6260759,
       49.6006655
      ],
      [
       15.6261712,
       49.5948986
      ],
      [
       15.6252408,
       49.589163
      ],
      [
       15.6232974,
       49.5835351
      ],
      [
       15.6203672,
       49.5780898
      ],
      [
       15.6164896,
       49.5728996
      ],
      [
       15.6117165,
       49.5680335
      ],
      [
       15.6061115,
       49.5635563
      ],
      [
       15.5997495,
       49.5595274
      ],
      [
       15.5927152,
       49.5560005
      ],
      [
       15.5851021,
       49.5530224
      ],
      [
       15.5770116,
       49.5506327
      ],
      [
       15.5685512,
       49.5488631
      ],
      [
       15.5598333,
       49.5477371
      ],
      [
       15.5509738,
       49.5472697
      ],
      [
       15.5420902,
       49.5474672
      ],
      [
       15.5333007,
       49.5483268
      ],
      [
       15.5247218,
       49.5498371
      ],
      [
       15.5164677,
       49.5519782
      ],
      [
       15.508648,
       49.5547215
      ],
      [
       15.5013667,
       49.5580306
      ],
      [
       15.4947207,
       49.5618616
      ],
      [
       15.4887985,
       49.5661635
      ],
      [
       15.4836789,
       49.5708791
      ],
      [
       15.4794304,
       49.5759456
      ],
      [
       15.4761097,
       49.5812958
      ],
      [
       15.4737614,
       49.5868584
      ],
      [
       15.472417,
       49.5925594
      ],
      [
       15.4720947,
       49.5983228
      ],
      [
       15.4727993,
       49.6040719
      ],
      [
       15.4745218,
       49.6097301
      ],
      [
       15.4772394,
       49.6152219
      ],
      [
       15.4809163,
       49.6204741
      ],
      [
       15.4855037,
       49.6254167
      ],
      [
       15.4909407,
       49.6299836
      ],
      [
       15.497155,
       49.634114
      ],
      [
       15.5040638,
       49.6377528
      ],
      [
       15.5115749,
       49.6408512
      ],
      [
       15.5195882,
       49.6433679
      ],
      [
       15.5279966,
       49.6452694
      ],
      [
       15.5366879,
       49.6465302
      ],
      [
       15.545546,
       49.6471334
      ],
      [
       15.5491667,
       49.6471885
      ]
     ]
    ]
   }
  },
  {
   "type": "Feature",
   "properties": {
    "ll": {
     "value": 0,
     "unit": 1,
     "referenceDatum": 0
    },
    "ul": {
     "value": 4000,
     "unit": 1,
     "referenceDatum": 1
    },
    "_id": "626148841eacded7b7bb3612",
    "name": "LKHC ATZ 120.315",
    "type": 0,
    "icao": 6,
    "bnd": [
     [
      50.3067142,
      15.4989241
     ],
     [
      50.4066329,
      15.6554517
     ]
    ]
   },
   "geometry": {
    "type": "Polygon",
    "coordinates": [
     [
      [
       15.5772222,
       50.4066329
      ],
      [
       15.586256,
       50.4062997
      ],
      [
       15.5951691,
       50.4053046
      ],
      [
       15.6038423,
       50.4036609
      ],
      [
       15.6121599,
       50.4013906
      ],
      [
       15.6200106,
       50.3985239
      ],
      [
       15.6272899,
       50.3950993
      ],
      [
       15.6339005,
       50.3911623
      ],
      [
       15.6397544,
       50.3867657
      ],
      [
       15.6447737,
       50.381968
      ],
      [
       15.6488915,
       50.3768333
      ],
      [
       15.6520534,
       50.3714301
      ],
      [
       15.6542175,
       50.3658306
      ],
      [
       15.6553552,
       50.3601092
      ],
      [
       15.6554517,
       50.3543423
      ],
      [
       15.6545063,
       50.3486068
      ],
      [
       15.6525317,
       50.3429789
      ],
      [
       15.6495548,
       50.3375337
      ],
      [
       15.6456153,
       50.3323435
      ],
      [
       15.6407661,
       50.3274775
      ],
      [
       15.635072,
       50.3230003
      ],
      [
       15.6286087,
       50.3189716
      ],
      [
       15.6214625,
       50.3154447
      ],
      [
       15.6137285,
       50.3124667
      ],
      [
       15.6055094,
       50.310077
      ],
      [
       15.5969146,
       50.3083075
      ],
      [
       15.5880583,
       50.3071815
      ],
      [
       15.579058,
       50.3067142
      ],
      [
       15.5700334,
       50.3069116
      ],
      [
       15.5611043,
       50.3077712
      ],
      [
       15.5523892,
       50.3092815
      ],
      [
       15.5440039,
       50.3114225
      ],
      [
       15.53606,
       50.3141658
      ],
      [
       15.5286629,
       50.3174748
      ],
      [
       15.5219112,
       50.3213057
      ],
      [
       15.5158947,
       50.3256075
      ],
      [
       15.5106936,
       50.330323
      ],
      [
       15.5063774,
       50.3353895
      ],
      [
       15.5030037,
       50.3407397
      ],
      [
       15.5006178,
       50.3463022
      ],
      [
       15.4992517,
       50.3520032
      ],
      [
       15.4989241,
       50.3577666
      ],
      [
       15.4996397,
       50.3635157
      ],
      [
       15.5013892,
       50.3691739
      ],
      [
       15.5041499,
       50.3746657
      ],
      [
       15.5078851,
       50.379918
      ],
      [
       15.5125454,
       50.3848606
      ],
      [
       15.5180689,
       50.3894277
      ],
      [
       15.524382,
       50.3935582
      ],
      [
       15.5314007,
       50.397197
      ],
      [
       15.5390315,
       50.4002955
      ],
      [
       15.5471724,
       50.4028123
      ],
      [
       15.5557148,
       50.4047138
      ],
      [
       15.5645446,
       50.4059746
      ],
      [
       15.5735439,
       50.4065778
      ],
      [
       15.5772222,
       50.4066329
      ]
     ]
    ]
   }
  },
  {
   "type": "Feature",
   "properties": {
    "ll": {
     "value": 0,
     "unit": 1,
     "referenceDatum": 0
    },
    "ul": {
     "value": 4000,
     "unit": 1,
     "referenceDatum": 1
    },
    "_id": "626148845e9ded571043e37f",
    "name": "LKHD ATZ 120.905",
    "type": 0,
    "icao": 6,
    "bnd": [
     [
      50.6072697,
      14.9989797
     ],
     [
      50.7071885,
      15.1565068
     ]
    ]
   },
   "geometry": {
    "type": "Polygon",
    "coordinates": [
     [
      [
       15.0777778,
       50.7071885
      ],
      [
       15.0868694,
       50.7068553
      ],
      [
       15.0958394,
       50.7058602
      ],
      [
       15.1045681,
       50.7042165
      ],
      [
       15.1129389,
       50.7019461
      ],
      [
       15.1208398,
       50.6990794
      ],
      [
       15.1281656,
       50.6956547
      ],
      [
       15.1348184,
       50.6917177
      ],
      [
       15.1407097,
       50.687321
      ],
      [
       15.145761,
       50.6825233
      ],
      [
       15.1499051,
       50.6773886
      ],
      [
       15.1530871,
       50.6719854
      ],
      [
       15.1552648,
       50.6663858
      ],
      [
       15.1564097,
       50.6606645
      ],
      [
       15.1565068,
       50.6548976
      ],
      [
       15.1555552,
       50.6491621
      ],
      [
       15.1535679,
       50.6435342
      ],
      [
       15.1505719,
       50.638089
      ],
      [
       15.1466072,
       50.6328989
      ],
      [
       15.141727,
       50.6280329
      ],
      [
       15.1359965,
       50.6235557
      ],
      [
       15.129492,
       50.619527
      ],
      [
       15.1223002,
       50.6160002
      ],
      [
       15.1145168,
       50.6130222
      ],
      [
       15.1062453,
       50.6106325
      ],
      [
       15.0975957,
       50.608863
      ],
      [
       15.0886829,
       50.6077371
      ],
      [
       15.0796253,
       50.6072697
      ],
      [
       15.0705431,
       50.6074671
      ],
      [
       15.0615571,
       50.6083267
      ],
      [
       15.0527864,
       50.609837
      ],
      [
       15.0443477,
       50.611978
      ],
      [
       15.0363531,
       50.6147212
      ],
      [
       15.0289088,
       50.6180303
      ],
      [
       15.022114,
       50.6218611
      ],
      [
       15.0160591,
       50.6261629
      ],
      [
       15.0108247,
       50.6308783
      ],
      [
       15.0064809,
       50.6359448
      ],
      [
       15.0030856,
       50.641295
      ],
      [
       15.0006843,
       50.6468575
      ],
      [
       14.9993095,
       50.6525584
      ],
      [
       14.9989797,
       50.6583219
      ],
      [
       14.9996997,
       50.664071
      ],
      [
       15.0014603,
       50.6697292
      ],
      [
       15.0042385,
       50.675221
      ],
      [
       15.0079975,
       50.6804733
      ],
      [
       15.0126875,
       50.685416
      ],
      [
       15.0182463,
       50.6899831
      ],
      [
       15.0245997,
       50.6941136
      ],
      [
       15.0316633,
       50.6977524
      ],
      [
       15.0393428,
       50.700851
      ],
      [
       15.0475358,
       50.7033678
      ],
      [
       15.0561328,
       50.7052693
      ],
      [
       15.0650191,
       50.7065301
      ],
      [
       15.0740759,
       50.7071334
      ],
      [
       15.0777778,
       50.7071885
      ]
     ]
    ]
   }
  },
  {
   "type": "Feature",
   "properties": {
    "ll": {
     "value": 0,
     "unit": 1,
     "referenceDatum": 0
    },
    "ul": {
     "value": 4000,
     "unit": 1,
     "referenceDatum": 1
    },
    "_id": "626148845e9ded571043e388",
    "name": "LKHK ATZ 122.005",
    "type": 0,
    "icao": 6,
    "bnd": [
     [
      50.2033808,
      15.7671496
     ],
     [
      50.3032996,
      15.9233375
     ]
    ]
   },
   "geometry": {
    "type": "Polygon",
    "coordinates": [
     [
      [
       15.8452778,
       50.3032996
      ],
      [
       15.8542919,
       50.3029664
      ],
      [
       15.8631856,
       50.3019713
      ],
      [
       15.87184,
       50.3003276
      ],
      [
       15.8801395,
       50.2980573
      ],
      [
       15.8879732,
       50.2951906
      ],
      [
       15.8952366,
       50.291766
      ],
      [
       15.9018329,
       50.287829
      ],
      [
       15.9076741,
       50.2834324
      ],
      [
       15.9126825,
       50.2786347
      ],
      [
       15.9167914,
       50.2735
      ],
      [
       15.9199465,
       50.2680969
      ],
      [
       15.9221059,
       50.2624973
      ],
      [
       15.9232411,
       50.256776
      ],
      [
       15.9233375,
       50.2510091
      ],
      [
       15.9223941,
       50.2452735
      ],
      [
       15.9204239,
       50.2396457
      ],
      [
       15.9174534,
       50.2342004
      ],
      [
       15.9135226,
       50.2290103
      ],
      [
       15.9086839,
       50.2241442
      ],
      [
       15.9030021,
       50.2196671
      ],
      [
       15.8965529,
       50.2156383
      ],
      [
       15.8894222,
       50.2121114
      ],
      [
       15.8817049,
       50.2091334
      ],
      [
       15.8735037,
       50.2067437
      ],
      [
       15.8649275,
       50.2049741
      ],
      [
       15.8560904,
       50.2038482
      ],
      [
       15.8471096,
       50.2033808
      ],
      [
       15.8381045,
       50.2035783
      ],
      [
       15.8291947,
       50.2044378
      ],
      [
       15.8204985,
       50.2059482
      ],
      [
       15.8121314,
       50.2080892
      ],
      [
       15.8042047,
       50.2108325
      ],
      [
       15.7968237,
       50.2141415
      ],
      [
       15.7900866,
       50.2179724
      ],
      [
       15.7840832,
       50.2222742
      ],
      [
       15.7788934,
       50.2269897
      ],
      [
       15.7745866,
       50.2320563
      ],
      [
       15.7712202,
       50.2374064
      ],
      [
       15.7688395,
       50.242969
      ],
      [
       15.7674765,
       50.2486699
      ],
      [
       15.7671496,
       50.2544333
      ],
      [
       15.7678636,
       50.2601824
      ],
      [
       15.7696094,
       50.2658406
      ],
      [
       15.7723641,
       50.2713325
      ],
      [
       15.7760913,
       50.2765847
      ],
      [
       15.7807415,
       50.2815274
      ],
      [
       15.7862529,
       50.2860944
      ],
      [
       15.7925524,
       50.2902249
      ],
      [
       15.7995559,
       50.2938637
      ],
      [
       15.80717,
       50.2969622
      ],
      [
       15.8152933,
       50.299479
      ],
      [
       15.8238171,
       50.3013805
      ],
      [
       15.8326277,
       50.3026413
      ],
      [
       15.8416074,
       50.3032445
      ],
      [
       15.8452778,
       50.3032996
      ]
     ]
    ]
   }
  },
  {
   "type": "Feature",
   "properties": {
    "ll": {
     "value": 0,
     "unit": 1,
     "referenceDatum": 0
    },
    "ul": {
     "value": 13500,
     "unit": 1,
     "referenceDatum": 1
    },
    "_id": "626148841eacded7b7bb3622",
    "name": "LKHK PARA ZONE",
    "type": 2,
    "icao": 7,
    "bnd": [
     [
      50.2033808,
      15.7671496
     ],
     [
      50.3032996,
      15.9233375
     ]
    ]
   },
   "geometry": {
    "type": "Polygon",
    "coordinates": [
     [
      [
       15.8452778,
       50.3032996
      ],
      [
       15.8542919,
       50.3029664
      ],
      [
       15.8631856,
       50.3019713
      ],
      [
       15.87184,
       50.3003276
      ],
      [
       15.8801395,
       50.2980573
      ],
      [
       15.8879732,
       50.2951906
      ],
      [
       15.8952366,
       50.291766
      ],
      [
       15.9018329,
       50.287829
      ],
      [
       15.9076741,
       50.2834324
      ],
      [
       15.9126825,
       50.2786347
      ],
      [
       15.9167914,
       50.2735
      ],
      [
       15.9199465,
       50.2680969
      ],
      [
       15.9221059,
       50.2624973
      ],
      [
       15.9232411,
       50.256776
      ],
      [
       15.9233375,
       50.2510091
      ],
      [
       15.9223941,
       50.2452735
      ],
      [
       15.9204239,
       50.2396457
      ],
      [
       15.9174534,
       50.2342004
      ],
      [
       15.9135226,
       50.2290103
      ],
      [
       15.9086839,
       50.2241442
      ],
      [
       15.9030021,
       50.2196671
      ],
      [
       15.8965529,
       50.2156383
      ],
      [
       15.8894222,
       50.2121114
      ],
      [
       15.8817049,
       50.2091334
      ],
      [
       15.8735037,
       50.2067437
      ],
      [
       15.8649275,
       50.2049741
      ],
      [
       15.8560904,
       50.2038482
      ],
      [
       15.8471096,
       50.2033808
      ],
      [
       15.8381045,
       50.2035783
      ],
      [
       15.8291947,
       50.2044378
      ],
      [
       15.8204985,
       50.2059482
      ],
      [
       15.8121314,
       50.2080892
      ],
      [
       15.8042047,
       50.2108325
      ],
      [
       15.7968237,
       50.2141415
      ],
      [
       15.7900866,
       50.2179724
      ],
      [
       15.7840832,
       50.2222742
      ],
      [
       15.7788934,
       50.2269897
      ],
      [
       15.7745866,
       50.2320563
      ],
      [
       15.7712202,
       50.2374064
      ],
      [
       15.7688395,
       50.242969
      ],
      [
       15.7674765,
       50.2486699
      ],
      [
       15.7671496,
       50.2544333
      ],
      [
       15.7678636,
       50.2601824
      ],
      [
       15.7696094,
       50.2658406
      ],
      [
       15.7723641,
       50.2713325
      ],
      [
       15.7760913,
       50.2765847
      ],
      [
       15.7807415,
       50.2815274
      ],
      [
       15.7862529,
       50.2860944
      ],
      [
       15.7925524,
       50.2902249
      ],
      [
       15.7995559,
       50.2938637
      ],
      [
       15.80717,
       50.2969622
      ],
      [
       15.8152933,
       50.299479
      ],
      [
       15.8238171,
       50.3013805
      ],
      [
       15.8326277,
       50.3026413
      ],
      [
       15.8416074,
       50.3032445
      ],
      [
       15.8452778,
       50.3032996
      ]
     ]
    ]
   }
  },
  {
   "type": "Feature",
   "properties": {
    "ll": {
     "value": 0,
     "unit": 1,
     "referenceDatum": 0
    },
    "ul": {
     "value": 4000,
     "unit": 1,
     "referenceDatum": 1
    },
    "_id": "626148845e9ded571043e396",
    "name": "LKHN ATZ 123.510",
    "type": 0,
    "icao": 6,
    "bnd": [
     [
      49.4961586,
      17.6274532
     ],
     [
      49.5960774,
      17.7813684
     ]
    ]
   },
   "geometry": {
    "type": "Polygon",
    "coordinates": [
     [
      [
       17.7044444,
       49.5960774
      ],
      [
       17.7133272,
       49.5957442
      ],
      [
       17.7220912,
       49.5947491
      ],
      [
       17.7306195,
       49.5931055
      ],
      [
       17.738798,
       49.5908352
      ],
      [
       17.7465177,
       49.5879686
      ],
      [
       17.7536753,
       49.584544
      ],
      [
       17.7601756,
       49.5806071
      ],
      [
       17.7659318,
       49.5762106
      ],
      [
       17.7708674,
       49.571413
      ],
      [
       17.7749167,
       49.5662784
      ],
      [
       17.778026,
       49.5608753
      ],
      [
       17.7801542,
       49.5552757
      ],
      [
       17.7812732,
       49.5495544
      ],
      [
       17.7813684,
       49.5437875
      ],
      [
       17.7804389,
       49.5380519
      ],
      [
       17.7784976,
       49.532424
      ],
      [
       17.7755705,
       49.5269788
      ],
      [
       17.771697,
       49.5217885
      ],
      [
       17.7669289,
       49.5169224
      ],
      [
       17.7613298,
       49.5124452
      ],
      [
       17.7549744,
       49.5084163
      ],
      [
       17.7479474,
       49.5048894
      ],
      [
       17.7403423,
       49.5019113
      ],
      [
       17.7322603,
       49.4995215
      ],
      [
       17.7238087,
       49.4977519
      ],
      [
       17.7151,
       49.496626
      ],
      [
       17.7062497,
       49.4961586
      ],
      [
       17.6973754,
       49.496356
      ],
      [
       17.688595,
       49.4972156
      ],
      [
       17.6800252,
       49.498726
      ],
      [
       17.6717797,
       49.5008671
      ],
      [
       17.6639682,
       49.5036104
      ],
      [
       17.6566945,
       49.5069195
      ],
      [
       17.6500554,
       49.5107505
      ],
      [
       17.6441394,
       49.5150524
      ],
      [
       17.6390252,
       49.519768
      ],
      [
       17.6347811,
       49.5248346
      ],
      [
       17.6314639,
       49.5301848
      ],
      [
       17.6291181,
       49.5357474
      ],
      [
       17.6277751,
       49.5414483
      ],
      [
       17.6274532,
       49.5472118
      ],
      [
       17.6281571,
       49.5529609
      ],
      [
       17.6298777,
       49.558619
      ],
      [
       17.6325925,
       49.5641108
      ],
      [
       17.6362655,
       49.569363
      ],
      [
       17.6408482,
       49.5743056
      ],
      [
       17.6462795,
       49.5788725
      ],
      [
       17.6524873,
       49.583003
      ],
      [
       17.6593888,
       49.5866417
      ],
      [
       17.6668921,
       49.5897401
      ],
      [
       17.674897,
       49.5922568
      ],
      [
       17.6832966,
       49.5941583
      ],
      [
       17.6919788,
       49.5954191
      ],
      [
       17.7008276,
       49.5960223
      ],
      [
       17.7044444,
       49.5960774
      ]
     ]
    ]
   }
  },
  {
   "type": "Feature",
   "properties": {
    "ll": {
     "value": 0,
     "unit": 1,
     "referenceDatum": 0
    },
    "ul": {
     "value": 13500,
     "unit": 1,
     "referenceDatum": 1
    },
    "_id": "626148841eacded7b7bb362f",
    "name": "LKHN PARA ZONE",
    "type": 2,
    "icao": 7,
    "bnd": [
     [
      49.4961586,
      17.6274532
     ],
     [
      49.5960774,
      17.7813684
     ]
    ]
   },
   "geometry": {
    "type": "Polygon",
    "coordinates": [
     [
      [
       17.7044444,
       49.5960774
      ],
      [
       17.7133272,
       49.5957442
      ],
      [
       17.7220912,
       49.5947491
      ],
      [
       17.7306195,
       49.5931055
      ],
      [
       17.738798,
       49.5908352
      ],
      [
       17.7465177,
       49.5879686
      ],
      [
       17.7536753,
       49.584544
      ],
      [
       17.7601756,
       49.5806071
      ],
      [
       17.7659318,
       49.5762106
      ],
      [
       17.7708674,
       49.571413
      ],
      [
       17.7749167,
       49.5662784
      ],
      [
       17.778026,
       49.5608753
      ],
      [
       17.7801542,
       49.5552757
      ],
      [
       17.7812732,
       49.5495544
      ],
      [
       17.7813684,
       49.5437875
      ],
      [
       17.7804389,
       49.5380519
      ],
      [
       17.7784976,
       49.532424
      ],
      [
       17.7755705,
       49.5269788
      ],
      [
       17.771697,
       49.5217885
      ],
      [
       17.7669289,
       49.5169224
      ],
      [
       17.7613298,
       49.5124452
      ],
      [
       17.7549744,
       49.5084163
      ],
      [
       17.7479474,
       49.5048894
      ],
      [
       17.7403423,
       49.5019113
      ],
      [
       17.7322603,
       49.4995215
      ],
      [
       17.7238087,
       49.4977519
      ],
      [
       17.7151,
       49.496626
      ],
      [
       17.7062497,
       49.4961586
      ],
      [
       17.6973754,
       49.496356
      ],
      [
       17.688595,
       49.4972156
      ],
      [
       17.6800252,
       49.498726
      ],
      [
       17.6717797,
       49.5008671
      ],
      [
       17.6639682,
       49.5036104
      ],
      [
       17.6566945,
       49.5069195
      ],
      [
       17.6500554,
       49.5107505
      ],
      [
       17.6441394,
       49.5150524
      ],
      [
       17.6390252,
       49.519768
      ],
      [
       17.6347811,
       49.5248346
      ],
      [
       17.6314639,
       49.5301848
      ],
      [
       17.6291181,
       49.5357474
      ],
      [
       17.6277751,
       49.5414483
      ],
      [
       17.6274532,
       49.5472118
      ],
      [
       17.6281571,
       49.5529609
      ],
      [
       17.6298777,
       49.558619
      ],
      [
       17.6325925,
       49.5641108
      ],
      [
       17.6362655,
       49.569363
      ],
      [
       17.6408482,
       49.5743056
      ],
      [
       17.6462795,
       49.5788725
      ],
      [
       17.6524873,
       49.583003
      ],
      [
       17.6593888,
       49.5866417
      ],
      [
       17.6668921,
       49.5897401
      ],
      [
       17.674897,
       49.5922568
      ],
      [
       17.6832966,
       49.5941583
      ],
      [
       17.6919788,
       49.5954191
      ],
      [
       17.7008276,
       49.5960223
      ],
      [
       17.7044444,
       49.5960774
      ]
     ]
    ]
   }
  },
  {
   "type": "Feature",
   "properties": {
    "ll": {
     "value": 0,
     "unit": 1,
     "referenceDatum": 0
    },
    "ul": {
     "value": 4000,
     "unit": 1,
     "referenceDatum": 1
    },
    "_id": "626148851eacded7b7bb3639",
    "name": "LKHS ATZ 130.205",
    "type": 0,
    "icao": 6,
    "bnd": [
     [
      48.9900475,
      14.4187952
     ],
     [
      49.0899662,
      14.5711382
     ]
    ]
   },
   "geometry": {
    "type": "Polygon",
    "coordinates": [
     [
      [
       14.495,
       49.0899662
      ],
      [
       14.5037919,
       49.0896331
      ],
      [
       14.5124662,
       49.088638
      ],
      [
       14.5209072,
       49.0869944
      ],
      [
       14.5290021,
       49.0847242
      ],
      [
       14.5366428,
       49.0818576
      ],
      [
       14.5437273,
       49.0784331
      ],
      [
       14.5501612,
       49.0744963
      ],
      [
       14.5558587,
       49.0700997
      ],
      [
       14.5607439,
       49.0653022
      ],
      [
       14.5647519,
       49.0601676
      ],
      [
       14.5678296,
       49.0547646
      ],
      [
       14.5699361,
       49.0491651
      ],
      [
       14.5710438,
       49.0434437
      ],
      [
       14.5711382,
       49.0376769
      ],
      [
       14.5702185,
       49.0319413
      ],
      [
       14.5682971,
       49.0263134
      ],
      [
       14.5654,
       49.020868
      ],
      [
       14.5615662,
       49.0156778
      ],
      [
       14.5568468,
       49.0108116
      ],
      [
       14.551305,
       49.0063343
      ],
      [
       14.5450145,
       49.0023054
      ],
      [
       14.5380593,
       48.9987784
      ],
      [
       14.5305318,
       48.9958003
      ],
      [
       14.5225322,
       48.9934105
      ],
      [
       14.5141668,
       48.9916409
      ],
      [
       14.5055469,
       48.9905149
      ],
      [
       14.4967868,
       48.9900475
      ],
      [
       14.488003,
       48.9902449
      ],
      [
       14.4793122,
       48.9911046
      ],
      [
       14.4708297,
       48.992615
      ],
      [
       14.4626684,
       48.9947561
      ],
      [
       14.4549366,
       48.9974994
      ],
      [
       14.4477371,
       49.0008086
      ],
      [
       14.4411658,
       49.0046396
      ],
      [
       14.4353102,
       49.0089416
      ],
      [
       14.4302484,
       49.0136572
      ],
      [
       14.4260477,
       49.0187238
      ],
      [
       14.4227646,
       49.0240741
      ],
      [
       14.4204428,
       49.0296367
      ],
      [
       14.4191137,
       49.0353377
      ],
      [
       14.4187952,
       49.0411011
      ],
      [
       14.4194921,
       49.0468502
      ],
      [
       14.4211953,
       49.0525083
      ],
      [
       14.4238824,
       49.0580001
      ],
      [
       14.4275181,
       49.0632523
      ],
      [
       14.432054,
       49.0681948
      ],
      [
       14.4374299,
       49.0727617
      ],
      [
       14.4435743,
       49.076892
      ],
      [
       14.4504053,
       49.0805307
      ],
      [
       14.4578318,
       49.0836291
      ],
      [
       14.4657548,
       49.0861458
      ],
      [
       14.4740685,
       49.0880472
      ],
      [
       14.4826619,
       49.089308
      ],
      [
       14.4914201,
       49.0899112
      ],
      [
       14.495,
       49.0899662
      ]
     ]
    ]
   }
  },
  {
   "type": "Feature",
   "properties": {
    "ll": {
     "value": 0,
     "unit": 1,
     "referenceDatum": 0
    },
    "ul": {
     "value": 13500,
     "unit": 1,
     "referenceDatum": 1
    },
    "_id": "626148851eacded7b7bb3647",
    "name": "LKHS PARA ZONE",
    "type": 2,
    "icao": 7,
    "bnd": [
     [
      48.9900475,
      14.4187952
     ],
     [
      49.0899662,
      14.5711382
     ]
    ]
   },
   "geometry": {
    "type": "Polygon",
    "coordinates": [
     [
      [
       14.495,
       49.0899662
      ],
      [
       14.5037919,
       49.0896331
      ],
      [
       14.5124662,
       49.088638
      ],
      [
       14.5209072,
       49.0869944
      ],
      [
       14.5290021,
       49.0847242
      ],
      [
       14.5366428,
       49.0818576
      ],
      [
       14.5437273,
       49.0784331
      ],
      [
       14.5501612,
       49.0744963
      ],
      [
       14.5558587,
       49.0700997
      ],
      [
       14.5607439,
       49.0653022
      ],
      [
       14.5647519,
       49.0601676
      ],
      [
       14.5678296,
       49.0547646
      ],
      [
       14.5699361,
       49.0491651
      ],
      [
       14.5710438,
       49.0434437
      ],
      [
       14.5711382,
       49.0376769
      ],
      [
       14.5702185,
       49.0319413
      ],
      [
       14.5682971,
       49.0263134
      ],
      [
       14.5654,
       49.020868
      ],
      [
       14.5615662,
       49.0156778
      ],
      [
       14.5568468,
       49.0108116
      ],
      [
       14.551305,
       49.0063343
      ],
      [
       14.5450145,
       49.0023054
      ],
      [
       14.5380593,
       48.9987784
      ],
      [
       14.5305318,
       48.9958003
      ],
      [
       14.5225322,
       48.9934105
      ],
      [
       14.5141668,
       48.9916409
      ],
      [
       14.5055469,
       48.9905149
      ],
      [
       14.4967868,
       48.9900475
      ],
      [
       14.488003,
       48.9902449
      ],
      [
       14.4793122,
       48.9911046
      ],
      [
       14.4708297,
       48.992615
      ],
      [
       14.4626684,
       48.9947561
      ],
      [
       14.4549366,
       48.9974994
      ],
      [
       14.4477371,
       49.0008086
      ],
      [
       14.4411658,
       49.0046396
      ],
      [
       14.4353102,
       49.0089416
      ],
      [
       14.4302484,
       49.0136572
      ],
      [
       14.4260477,
       49.0187238
      ],
      [
       14.4227646,
       49.0240741
      ],
      [
       14.4204428,
       49.0296367
      ],
      [
       14.4191137,
       49.0353377
      ],
      [
       14.4187952,
       49.0411011
      ],
      [
       14.4194921,
       49.0468502
      ],
      [
       14.4211953,
       49.0525083
      ],
      [
       14.4238824,
       49.0580001
      ],
      [
       14.4275181,
       49.0632523
      ],
      [
       14.432054,
       49.0681948
      ],
      [
       14.4374299,
       49.0727617
      ],
      [
       14.4435743,
       49.076892
      ],
      [
       14.4504053,
       49.0805307
      ],
      [
       14.4578318,
       49.0836291
      ],
      [
       14.4657548,
       49.0861458
      ],
      [
       14.4740685,
       49.0880472
      ],
      [
       14.4826619,
       49.089308
      ],
      [
       14.4914201,
       49.0899112
      ],
      [
       14.495,
       49.0899662
      ]
     ]
    ]
   }
  },
  {
   "type": "Feature",
   "properties": {
    "ll": {
     "value": 0,
     "unit": 1,
     "referenceDatum": 0
    },
    "ul": {
     "value": 4000,
     "unit": 1,
     "referenceDatum": 1
    },
    "_id": "626148851eacded7b7bb3653",
    "name": "LKHV ATZ 135.580",
    "type": 0,
    "icao": 6,
    "bnd": [
     [
      49.7947697,
      13.8083675
     ],
     [
      49.8946885,
      13.9632313
     ]
    ]
   },
   "geometry": {
    "type": "Polygon",
    "coordinates": [
     [
      [
       13.8858333,
       49.8946885
      ],
      [
       13.8947709,
       49.8943553
      ],
      [
       13.9035891,
       49.8933602
      ],
      [
       13.91217,
       49.8917166
      ],
      [
       13.920399,
       49.8894463
      ],
      [
       13.9281662,
       49.8865796
      ],
      [
       13.9353681,
       49.883155
      ],
      [
       13.9419084,
       49.8792181
      ],
      [
       13.9477001,
       49.8748215
      ],
      [
       13.9526661,
       49.8700239
      ],
      [
       13.9567403,
       49.8648893
      ],
      [
       13.9598687,
       49.8594861
      ],
      [
       13.9620099,
       49.8538866
      ],
      [
       13.9631356,
       49.8481652
      ],
      [
       13.9632313,
       49.8423984
      ],
      [
       13.9622961,
       49.8366628
      ],
      [
       13.9603427,
       49.8310349
      ],
      [
       13.9573975,
       49.8255896
      ],
      [
       13.9535001,
       49.8203994
      ],
      [
       13.9487025,
       49.8155334
      ],
      [
       13.9430689,
       49.8110562
      ],
      [
       13.9366743,
       49.8070273
      ],
      [
       13.9296041,
       49.8035004
      ],
      [
       13.9219521,
       49.8005223
      ],
      [
       13.9138204,
       49.7981326
      ],
      [
       13.9053168,
       49.796363
      ],
      [
       13.8965544,
       49.7952371
      ],
      [
       13.8876497,
       49.7947697
      ],
      [
       13.8787208,
       49.7949671
      ],
      [
       13.8698864,
       49.7958267
      ],
      [
       13.8612638,
       49.7973371
      ],
      [
       13.8529676,
       49.7994782
      ],
      [
       13.845108,
       49.8022215
      ],
      [
       13.8377895,
       49.8055306
      ],
      [
       13.8311095,
       49.8093615
      ],
      [
       13.825157,
       49.8136633
      ],
      [
       13.8200112,
       49.8183789
      ],
      [
       13.815741,
       49.8234455
      ],
      [
       13.8124033,
       49.8287956
      ],
      [
       13.8100429,
       49.8343582
      ],
      [
       13.8086915,
       49.8400592
      ],
      [
       13.8083675,
       49.8458226
      ],
      [
       13.8090757,
       49.8515717
      ],
      [
       13.8108068,
       49.8572299
      ],
      [
       13.8135382,
       49.8627217
      ],
      [
       13.8172338,
       49.8679739
      ],
      [
       13.8218447,
       49.8729165
      ],
      [
       13.8273095,
       49.8774835
      ],
      [
       13.8335555,
       49.8816139
      ],
      [
       13.8404996,
       49.8852527
      ],
      [
       13.8480492,
       49.8883511
      ],
      [
       13.8561035,
       49.8908679
      ],
      [
       13.8645549,
       49.8927694
      ],
      [
       13.8732907,
       49.8940302
      ],
      [
       13.8821941,
       49.8946334
      ],
      [
       13.8858333,
       49.8946885
      ]
     ]
    ]
   }
  },
  {
   "type": "Feature",
   "properties": {
    "ll": {
     "value": 0,
     "unit": 1,
     "referenceDatum": 0
    },
    "ul": {
     "value": 13500,
     "unit": 1,
     "referenceDatum": 1
    },
    "_id": "626148851eacded7b7bb365d",
    "name": "LKHV PARA ZONE",
    "type": 2,
    "icao": 7,
    "bnd": [
     [
      49.7947697,
      13.8083675
     ],
     [
      49.8946885,
      13.9632313
     ]
    ]
   },
   "geometry": {
    "type": "Polygon",
    "coordinates": [
     [
      [
       13.8858333,
       49.8946885
      ],
      [
       13.8947709,
       49.8943553
      ],
      [
       13.9035891,
       49.8933602
      ],
      [
       13.91217,
       49.8917166
      ],
      [
       13.920399,
       49.8894463
      ],
      [
       13.9281662,
       49.8865796
      ],
      [
       13.9353681,
       49.883155
      ],
      [
       13.9419084,
       49.8792181
      ],
      [
       13.9477001,
       49.8748215
      ],
      [
       13.9526661,
       49.8700239
      ],
      [
       13.9567403,
       49.8648893
      ],
      [
       13.9598687,
       49.8594861
      ],
      [
       13.9620099,
       49.8538866
      ],
      [
       13.9631356,
       49.8481652
      ],
      [
       13.9632313,
       49.8423984
      ],
      [
       13.9622961,
       49.8366628
      ],
      [
       13.9603427,
       49.8310349
      ],
      [
       13.9573975,
       49.8255896
      ],
      [
       13.9535001,
       49.8203994
      ],
      [
       13.9487025,
       49.8155334
      ],
      [
       13.9430689,
       49.8110562
      ],
      [
       13.9366743,
       49.8070273
      ],
      [
       13.9296041,
       49.8035004
      ],
      [
       13.9219521,
       49.8005223
      ],
      [
       13.9138204,
       49.7981326
      ],
      [
       13.9053168,
       49.796363
      ],
      [
       13.8965544,
       49.7952371
      ],
      [
       13.8876497,
       49.7947697
      ],
      [
       13.8787208,
       49.7949671
      ],
      [
       13.8698864,
       49.7958267
      ],
      [
       13.8612638,
       49.7973371
      ],
      [
       13.8529676,
       49.7994782
      ],
      [
       13.845108,
       49.8022215
      ],
      [
       13.8377895,
       49.8055306
      ],
      [
       13.8311095,
       49.8093615
      ],
      [
       13.825157,
       49.8136633
      ],
      [
       13.8200112,
       49.8183789
      ],
      [
       13.815741,
       49.8234455
      ],
      [
       13.8124033,
       49.8287956
      ],
      [
       13.8100429,
       49.8343582
      ],
      [
       13.8086915,
       49.8400592
      ],
      [
       13.8083675,
       49.8458226
      ],
      [
       13.8090757,
       49.8515717
      ],
      [
       13.8108068,
       49.8572299
      ],
      [
       13.8135382,
       49.8627217
      ],
      [
       13.8172338,
       49.8679739
      ],
      [
       13.8218447,
       49.8729165
      ],
      [
       13.8273095,
       49.8774835
      ],
      [
       13.8335555,
       49.8816139
      ],
      [
       13.8404996,
       49.8852527
      ],
      [
       13.8480492,
       49.8883511
      ],
      [
       13.8561035,
       49.8908679
      ],
      [
       13.8645549,
       49.8927694
      ],
      [
       13.8732907,
       49.8940302
      ],
      [
       13.8821941,
       49.8946334
      ],
      [
       13.8858333,
       49.8946885
      ]
     ]
    ]
   }
  },
  {
   "type": "Feature",
   "properties": {
    "ll": {
     "value": 0,
     "unit": 1,
     "referenceDatum": 0
    },
    "ul": {
     "value": 4000,
     "unit": 1,
     "referenceDatum": 1
    },
    "_id": "626148851eacded7b7bb3668",
    "name": "LKJA ATZ 119.105",
    "type": 0,
    "icao": 6,
    "bnd": [
     [
      50.2814364,
      15.8756324
     ],
     [
      50.3813551,
      16.0320768
     ]
    ]
   },
   "geometry": {
    "type": "Polygon",
    "coordinates": [
     [
      [
       15.9538889,
       50.3813551
      ],
      [
       15.9629179,
       50.381022
      ],
      [
       15.9718262,
       50.3800269
      ],
      [
       15.9804948,
       50.3783832
      ],
      [
       15.9888079,
       50.3761128
      ],
      [
       15.9966545,
       50.3732462
      ],
      [
       16.0039299,
       50.3698215
      ],
      [
       16.010537,
       50.3658845
      ],
      [
       16.0163878,
       50.3614879
      ],
      [
       16.0214044,
       50.3566902
      ],
      [
       16.0255201,
       50.3515555
      ],
      [
       16.0286803,
       50.3461524
      ],
      [
       16.0308431,
       50.3405528
      ],
      [
       16.0319802,
       50.3348315
      ],
      [
       16.0320768,
       50.3290646
      ],
      [
       16.0311318,
       50.323329
      ],
      [
       16.0291583,
       50.3177012
      ],
      [
       16.026183,
       50.3122559
      ],
      [
       16.0222456,
       50.3070658
      ],
      [
       16.017399,
       50.3021997
      ],
      [
       16.0117079,
       50.2977226
      ],
      [
       16.0052481,
       50.2936938
      ],
      [
       15.9981057,
       50.2901669
      ],
      [
       15.9903758,
       50.2871889
      ],
      [
       15.9821611,
       50.2847992
      ],
      [
       15.9735708,
       50.2830297
      ],
      [
       15.9647192,
       50.2819037
      ],
      [
       15.9557237,
       50.2814364
      ],
      [
       15.9467039,
       50.2816338
      ],
      [
       15.9377795,
       50.2824934
      ],
      [
       15.929069,
       50.2840037
      ],
      [
       15.9206882,
       50.2861447
      ],
      [
       15.9127485,
       50.288888
      ],
      [
       15.9053554,
       50.2921971
      ],
      [
       15.8986072,
       50.2960279
      ],
      [
       15.8925939,
       50.3003297
      ],
      [
       15.8873956,
       50.3050452
      ],
      [
       15.8830817,
       50.3101118
      ],
      [
       15.8797098,
       50.3154619
      ],
      [
       15.8773252,
       50.3210245
      ],
      [
       15.8759599,
       50.3267254
      ],
      [
       15.8756324,
       50.3324888
      ],
      [
       15.8763476,
       50.3382379
      ],
      [
       15.8780963,
       50.3438961
      ],
      [
       15.8808554,
       50.349388
      ],
      [
       15.8845887,
       50.3546402
      ],
      [
       15.8892465,
       50.3595829
      ],
      [
       15.894767,
       50.3641499
      ],
      [
       15.9010768,
       50.3682804
      ],
      [
       15.9080918,
       50.3719192
      ],
      [
       15.9157185,
       50.3750177
      ],
      [
       15.9238551,
       50.3775345
      ],
      [
       15.9323929,
       50.379436
      ],
      [
       15.941218,
       50.3806968
      ],
      [
       15.9502125,
       50.3813001
      ],
      [
       15.9538889,
       50.3813551
      ]
     ]
    ]
   }
  },
  {
   "type": "Feature",
   "properties": {
    "ll": {
     "value": 0,
     "unit": 1,
     "referenceDatum": 0
    },
    "ul": {
     "value": 13500,
     "unit": 1,
     "referenceDatum": 1
    },
    "_id": "626148851eacded7b7bb3674",
    "name": "LKJA PARA ZONE",
    "type": 2,
    "icao": 7,
    "bnd": [
     [
      50.2814364,
      15.8756324
     ],
     [
      50.3813551,
      16.0320768
     ]
    ]
   },
   "geometry": {
    "type": "Polygon",
    "coordinates": [
     [
      [
       15.9538889,
       50.3813551
      ],
      [
       15.9629179,
       50.381022
      ],
      [
       15.9718262,
       50.3800269
      ],
      [
       15.9804948,
       50.3783832
      ],
      [
       15.9888079,
       50.3761128
      ],
      [
       15.9966545,
       50.3732462
      ],
      [
       16.0039299,
       50.3698215
      ],
      [
       16.010537,
       50.3658845
      ],
      [
       16.0163878,
       50.3614879
      ],
      [
       16.0214044,
       50.3566902
      ],
      [
       16.0255201,
       50.3515555
      ],
      [
       16.0286803,
       50.3461524
      ],
      [
       16.0308431,
       50.3405528
      ],
      [
       16.0319802,
       50.3348315
      ],
      [
       16.0320768,
       50.3290646
      ],
      [
       16.0311318,
       50.323329
      ],
      [
       16.0291583,
       50.3177012
      ],
      [
       16.026183,
       50.3122559
      ],
      [
       16.0222456,
       50.3070658
      ],
      [
       16.017399,
       50.3021997
      ],
      [
       16.0117079,
       50.2977226
      ],
      [
       16.0052481,
       50.2936938
      ],
      [
       15.9981057,
       50.2901669
      ],
      [
       15.9903758,
       50.2871889
      ],
      [
       15.9821611,
       50.2847992
      ],
      [
       15.9735708,
       50.2830297
      ],
      [
       15.9647192,
       50.2819037
      ],
      [
       15.9557237,
       50.2814364
      ],
      [
       15.9467039,
       50.2816338
      ],
      [
       15.9377795,
       50.2824934
      ],
      [
       15.929069,
       50.2840037
      ],
      [
       15.9206882,
       50.2861447
      ],
      [
       15.9127485,
       50.288888
      ],
      [
       15.9053554,
       50.2921971
      ],
      [
       15.8986072,
       50.2960279
      ],
      [
       15.8925939,
       50.3003297
      ],
      [
       15.8873956,
       50.3050452
      ],
      [
       15.8830817,
       50.3101118
      ],
      [
       15.8797098,
       50.3154619
      ],
      [
       15.8773252,
       50.3210245
      ],
      [
       15.8759599,
       50.3267254
      ],
      [
       15.8756324,
       50.3324888
      ],
      [
       15.8763476,
       50.3382379
      ],
      [
       15.8780963,
       50.3438961
      ],
      [
       15.8808554,
       50.349388
      ],
      [
       15.8845887,
       50.3546402
      ],
      [
       15.8892465,
       50.3595829
      ],
      [
       15.894767,
       50.3641499
      ],
      [
       15.9010768,
       50.3682804
      ],
      [
       15.9080918,
       50.3719192
      ],
      [
       15.9157185,
       50.3750177
      ],
      [
       15.9238551,
       50.3775345
      ],
      [
       15.9323929,
       50.379436
      ],
      [
       15.941218,
       50.3806968
      ],
      [
       15.9502125,
       50.3813001
      ],
      [
       15.9538889,
       50.3813551
      ]
     ]
    ]
   }
  },
  {
   "type": "Feature",
   "properties": {
    "ll": {
     "value": 0,
     "unit": 1,
     "referenceDatum": 0
    },
    "ul": {
     "value": 4000,
     "unit": 1,
     "referenceDatum": 1
    },
    "_id": "626148851eacded7b7bb3682",
    "name": "LKJC ATZ 118.080",
    "type": 0,
    "icao": 6,
    "bnd": [
     [
      50.3800475,
      15.2546362
     ],
     [
      50.4799662,
      15.4114061
     ]
    ]
   },
   "geometry": {
    "type": "Polygon",
    "coordinates": [
     [
      [
       15.3330556,
       50.4799662
      ],
      [
       15.3421034,
       50.4796331
      ],
      [
       15.3510302,
       50.478638
      ],
      [
       15.3597169,
       50.4769943
      ],
      [
       15.3680474,
       50.4747239
      ],
      [
       15.3759103,
       50.4718573
      ],
      [
       15.3832008,
       50.4684326
      ],
      [
       15.3898217,
       50.4644956
      ],
      [
       15.3956846,
       50.4600989
      ],
      [
       15.4007117,
       50.4553013
      ],
      [
       15.4048359,
       50.4501666
      ],
      [
       15.4080027,
       50.4447634
      ],
      [
       15.41017,
       50.4391638
      ],
      [
       15.4113095,
       50.4334425
      ],
      [
       15.4114061,
       50.4276756
      ],
      [
       15.4104592,
       50.42194
      ],
      [
       15.4084816,
       50.4163122
      ],
      [
       15.4055,
       50.4108669
      ],
      [
       15.4015544,
       50.4056768
      ],
      [
       15.3966977,
       50.4008108
      ],
      [
       15.3909947,
       50.3963336
      ],
      [
       15.3845215,
       50.3923049
      ],
      [
       15.3773642,
       50.388778
      ],
      [
       15.3696182,
       50.3858
      ],
      [
       15.3613865,
       50.3834103
      ],
      [
       15.3527784,
       50.3816408
      ],
      [
       15.3439084,
       50.3805149
      ],
      [
       15.3348942,
       50.3800475
      ],
      [
       15.3258556,
       50.3802449
      ],
      [
       15.3169127,
       50.3811045
      ],
      [
       15.3081841,
       50.3826148
      ],
      [
       15.2997859,
       50.3847558
      ],
      [
       15.2918297,
       50.3874991
      ],
      [
       15.2844212,
       50.3908081
      ],
      [
       15.277659,
       50.394639
      ],
      [
       15.2716332,
       50.3989408
      ],
      [
       15.266424,
       50.4036563
      ],
      [
       15.2621011,
       50.4087228
      ],
      [
       15.2587222,
       50.4140729
      ],
      [
       15.2563325,
       50.4196355
      ],
      [
       15.2549644,
       50.4253364
      ],
      [
       15.2546362,
       50.4310998
      ],
      [
       15.2553529,
       50.4368489
      ],
      [
       15.2571051,
       50.4425071
      ],
      [
       15.25987,
       50.447999
      ],
      [
       15.263611,
       50.4532513
      ],
      [
       15.2682785,
       50.4581939
      ],
      [
       15.2738105,
       50.462761
      ],
      [
       15.2801334,
       50.4668915
      ],
      [
       15.287163,
       50.4705303
      ],
      [
       15.2948056,
       50.4736288
      ],
      [
       15.3029591,
       50.4761456
      ],
      [
       15.3115148,
       50.4780471
      ],
      [
       15.3203583,
       50.4793079
      ],
      [
       15.3293715,
       50.4799112
      ],
      [
       15.3330556,
       50.4799662
      ]
     ]
    ]
   }
  },
  {
   "type": "Feature",
   "properties": {
    "ll": {
     "value": 0,
     "unit": 1,
     "referenceDatum": 0
    },
    "ul": {
     "value": 13500,
     "unit": 1,
     "referenceDatum": 1
    },
    "_id": "626148855e9ded571043e3a9",
    "name": "LKJC PARA ZONE",
    "type": 2,
    "icao": 7,
    "bnd": [
     [
      50.3800475,
      15.2546362
     ],
     [
      50.4799662,
      15.4114061
     ]
    ]
   },
   "geometry": {
    "type": "Polygon",
    "coordinates": [
     [
      [
       15.3330556,
       50.4799662
      ],
      [
       15.3421034,
       50.4796331
      ],
      [
       15.3510302,
       50.478638
      ],
      [
       15.3597169,
       50.4769943
      ],
      [
       15.3680474,
       50.4747239
      ],
      [
       15.3759103,
       50.4718573
      ],
      [
       15.3832008,
       50.4684326
      ],
      [
       15.3898217,
       50.4644956
      ],
      [
       15.3956846,
       50.4600989
      ],
      [
       15.4007117,
       50.4553013
      ],
      [
       15.4048359,
       50.4501666
      ],
      [
       15.4080027,
       50.4447634
      ],
      [
       15.41017,
       50.4391638
      ],
      [
       15.4113095,
       50.4334425
      ],
      [
       15.4114061,
       50.4276756
      ],
      [
       15.4104592,
       50.42194
      ],
      [
       15.4084816,
       50.4163122
      ],
      [
       15.4055,
       50.4108669
      ],
      [
       15.4015544,
       50.4056768
      ],
      [
       15.3966977,
       50.4008108
      ],
      [
       15.3909947,
       50.3963336
      ],
      [
       15.3845215,
       50.3923049
      ],
      [
       15.3773642,
       50.388778
      ],
      [
       15.3696182,
       50.3858
      ],
      [
       15.3613865,
       50.3834103
      ],
      [
       15.3527784,
       50.3816408
      ],
      [
       15.3439084,
       50.3805149
      ],
      [
       15.3348942,
       50.3800475
      ],
      [
       15.3258556,
       50.3802449
      ],
      [
       15.3169127,
       50.3811045
      ],
      [
       15.3081841,
       50.3826148
      ],
      [
       15.2997859,
       50.3847558
      ],
      [
       15.2918297,
       50.3874991
      ],
      [
       15.2844212,
       50.3908081
      ],
      [
       15.277659,
       50.394639
      ],
      [
       15.2716332,
       50.3989408
      ],
      [
       15.266424,
       50.4036563
      ],
      [
       15.2621011,
       50.4087228
      ],
      [
       15.2587222,
       50.4140729
      ],
      [
       15.2563325,
       50.4196355
      ],
      [
       15.2549644,
       50.4253364
      ],
      [
       15.2546362,
       50.4310998
      ],
      [
       15.2553529,
       50.4368489
      ],
      [
       15.2571051,
       50.4425071
      ],
      [
       15.25987,
       50.447999
      ],
      [
       15.263611,
       50.4532513
      ],
      [
       15.2682785,
       50.4581939
      ],
      [
       15.2738105,
       50.462761
      ],
      [
       15.2801334,
       50.4668915
      ],
      [
       15.287163,
       50.4705303
      ],
      [
       15.2948056,
       50.4736288
      ],
      [
       15.3029591,
       50.4761456
      ],
      [
       15.3115148,
       50.4780471
      ],
      [
       15.3203583,
       50.4793079
      ],
      [
       15.3293715,
       50.4799112
      ],
      [
       15.3330556,
       50.4799662
      ]
     ]
    ]
   }
  },
  {
   "type": "Feature",
   "properties": {
    "ll": {
     "value": 0,
     "unit": 1,
     "referenceDatum": 0
    },
    "ul": {
     "value": 4000,
     "unit": 1,
     "referenceDatum": 1
    },
    "_id": "626148851eacded7b7bb3691",
    "name": "LKJH ATZ 123.605",
    "type": 0,
    "icao": 6,
    "bnd": [
     [
      49.1008808,
      14.8952915
     ],
     [
      49.2007996,
      15.0479751
     ]
    ]
   },
   "geometry": {
    "type": "Polygon",
    "coordinates": [
     [
      [
       14.9716667,
       49.2007996
      ],
      [
       14.9804782,
       49.2004664
      ],
      [
       14.989172,
       49.1994714
      ],
      [
       14.9976319,
       49.1978277
      ],
      [
       15.0057449,
       49.1955575
      ],
      [
       15.0134027,
       49.1926909
      ],
      [
       15.0205031,
       49.1892664
      ],
      [
       15.0269513,
       49.1853296
      ],
      [
       15.0326615,
       49.180933
      ],
      [
       15.0375576,
       49.1761355
      ],
      [
       15.0415746,
       49.1710009
      ],
      [
       15.0446591,
       49.1655978
      ],
      [
       15.0467704,
       49.1599983
      ],
      [
       15.0478805,
       49.154277
      ],
      [
       15.0479751,
       49.1485101
      ],
      [
       15.0470532,
       49.1427745
      ],
      [
       15.0451275,
       49.1371466
      ],
      [
       15.042224,
       49.1317013
      ],
      [
       15.0383815,
       49.126511
      ],
      [
       15.0336516,
       49.1216449
      ],
      [
       15.0280973,
       49.1171676
      ],
      [
       15.0217928,
       49.1131387
      ],
      [
       15.014822,
       49.1096117
      ],
      [
       15.0072777,
       49.1066336
      ],
      [
       14.9992603,
       49.1042438
      ],
      [
       14.9908763,
       49.1024742
      ],
      [
       14.9822371,
       49.1013482
      ],
      [
       14.9734575,
       49.1008808
      ],
      [
       14.9646541,
       49.1010783
      ],
      [
       14.9559439,
       49.1019379
      ],
      [
       14.9474425,
       49.1034483
      ],
      [
       14.9392629,
       49.1055894
      ],
      [
       14.9315138,
       49.1083327
      ],
      [
       14.9242983,
       49.1116419
      ],
      [
       14.9177123,
       49.1154729
      ],
      [
       14.9118436,
       49.1197748
      ],
      [
       14.9067704,
       49.1244905
      ],
      [
       14.9025604,
       49.1295571
      ],
      [
       14.8992698,
       49.1349073
      ],
      [
       14.8969429,
       49.1404699
      ],
      [
       14.8956107,
       49.1461709
      ],
      [
       14.8952915,
       49.1519343
      ],
      [
       14.8959899,
       49.1576834
      ],
      [
       14.8976969,
       49.1633416
      ],
      [
       14.90039,
       49.1688333
      ],
      [
       14.9040338,
       49.1740855
      ],
      [
       14.9085798,
       49.179028
      ],
      [
       14.9139677,
       49.183595
      ],
      [
       14.9201258,
       49.1877253
      ],
      [
       14.9269721,
       49.191364
      ],
      [
       14.9344153,
       49.1944624
      ],
      [
       14.942356,
       49.1969791
      ],
      [
       14.9506883,
       49.1988805
      ],
      [
       14.959301,
       49.2001413
      ],
      [
       14.9680788,
       49.2007445
      ],
      [
       14.9716667,
       49.2007996
      ]
     ]
    ]
   }
  },
  {
   "type": "Feature",
   "properties": {
    "ll": {
     "value": 0,
     "unit": 1,
     "referenceDatum": 0
    },
    "ul": {
     "value": 13500,
     "unit": 1,
     "referenceDatum": 1
    },
    "_id": "626148861eacded7b7bb369c",
    "name": "LKJH PARA ZONE",
    "type": 2,
    "icao": 7,
    "bnd": [
     [
      49.1008808,
      14.8952915
     ],
     [
      49.2007996,
      15.0479751
     ]
    ]
   },
   "geometry": {
    "type": "Polygon",
    "coordinates": [
     [
      [
       14.9716667,
       49.2007996
      ],
      [
       14.9804782,
       49.2004664
      ],
      [
       14.989172,
       49.1994714
      ],
      [
       14.9976319,
       49.1978277
      ],
      [
       15.0057449,
       49.1955575
      ],
      [
       15.0134027,
       49.1926909
      ],
      [
       15.0205031,
       49.1892664
      ],
      [
       15.0269513,
       49.1853296
      ],
      [
       15.0326615,
       49.180933
      ],
      [
       15.0375576,
       49.1761355
      ],
      [
       15.0415746,
       49.1710009
      ],
      [
       15.0446591,
       49.1655978
      ],
      [
       15.0467704,
       49.1599983
      ],
      [
       15.0478805,
       49.154277
      ],
      [
       15.0479751,
       49.1485101
      ],
      [
       15.0470532,
       49.1427745
      ],
      [
       15.0451275,
       49.1371466
      ],
      [
       15.042224,
       49.1317013
      ],
      [
       15.0383815,
       49.126511
      ],
      [
       15.0336516,
       49.1216449
      ],
      [
       15.0280973,
       49.1171676
      ],
      [
       15.0217928,
       49.1131387
      ],
      [
       15.014822,
       49.1096117
      ],
      [
       15.0072777,
       49.1066336
      ],
      [
       14.9992603,
       49.1042438
      ],
      [
       14.9908763,
       49.1024742
      ],
      [
       14.9822371,
       49.1013482
      ],
      [
       14.9734575,
       49.1008808
      ],
      [
       14.9646541,
       49.1010783
      ],
      [
       14.9559439,
       49.1019379
      ],
      [
       14.9474425,
       49.1034483
      ],
      [
       14.9392629,
       49.1055894
      ],
      [
       14.9315138,
       49.1083327
      ],
      [
       14.9242983,
       49.1116419
      ],
      [
       14.9177123,
       49.1154729
      ],
      [
       14.9118436,
       49.1197748
      ],
      [
       14.9067704,
       49.1244905
      ],
      [
       14.9025604,
       49.1295571
      ],
      [
       14.8992698,
       49.1349073
      ],
      [
       14.8969429,
       49.1404699
      ],
      [
       14.8956107,
       49.1461709
      ],
      [
       14.8952915,
       49.1519343
      ],
      [
       14.8959899,
       49.1576834
      ],
      [
       14.8976969,
       49.1633416
      ],
      [
       14.90039,
       49.1688333
      ],
      [
       14.9040338,
       49.1740855
      ],
      [
       14.9085798,
       49.179028
      ],
      [
       14.9139677,
       49.183595
      ],
      [
       14.9201258,
       49.1877253
      ],
      [
       14.9269721,
       49.191364
      ],
      [
       14.9344153,
       49.1944624
      ],
      [
       14.942356,
       49.1969791
      ],
      [
       14.9506883,
       49.1988805
      ],
      [
       14.959301,
       49.2001413
      ],
      [
       14.9680788,
       49.2007445
      ],
      [
       14.9716667,
       49.2007996
      ]
     ]
    ]
   }
  },
  {
   "type": "Feature",
   "properties": {
    "ll": {
     "value": 0,
     "unit": 1,
     "referenceDatum": 0
    },
    "ul": {
     "value": 4000,
     "unit": 1,
     "referenceDatum": 1
    },
    "_id": "626148865e9ded571043e3b6",
    "name": "LKJI ATZ 123.490",
    "type": 0,
    "icao": 6,
    "bnd": [
     [
      49.3697697,
      15.5587628
     ],
     [
      49.4696885,
      15.7122812
     ]
    ]
   },
   "geometry": {
    "type": "Polygon",
    "coordinates": [
     [
      [
       15.6355556,
       49.4696885
      ],
      [
       15.6444154,
       49.4693553
      ],
      [
       15.6531568,
       49.4683602
      ],
      [
       15.661663,
       49.4667166
      ],
      [
       15.6698204,
       49.4644463
      ],
      [
       15.6775202,
       49.4615798
      ],
      [
       15.6846594,
       49.4581552
      ],
      [
       15.6911429,
       49.4542183
      ],
      [
       15.6968843,
       49.4498218
      ],
      [
       15.7018071,
       49.4450242
      ],
      [
       15.705846,
       49.4398896
      ],
      [
       15.7089474,
       49.4344865
      ],
      [
       15.7110701,
       49.4288869
      ],
      [
       15.7121862,
       49.4231656
      ],
      [
       15.7122812,
       49.4173988
      ],
      [
       15.7113542,
       49.4116632
      ],
      [
       15.7094179,
       49.4060353
      ],
      [
       15.7064984,
       49.40059
      ],
      [
       15.7026349,
       49.3953997
      ],
      [
       15.6978791,
       49.3905336
      ],
      [
       15.6922944,
       49.3860564
      ],
      [
       15.6859554,
       49.3820275
      ],
      [
       15.6789466,
       49.3785005
      ],
      [
       15.6713611,
       49.3755224
      ],
      [
       15.6632998,
       49.3731327
      ],
      [
       15.65487,
       49.3713631
      ],
      [
       15.6461837,
       49.3702371
      ],
      [
       15.6373561,
       49.3697697
      ],
      [
       15.6285047,
       49.3699672
      ],
      [
       15.6197469,
       49.3708268
      ],
      [
       15.6111991,
       49.3723371
      ],
      [
       15.6029749,
       49.3744782
      ],
      [
       15.5951835,
       49.3772216
      ],
      [
       15.5879285,
       49.3805307
      ],
      [
       15.5813066,
       49.3843617
      ],
      [
       15.5754058,
       49.3886636
      ],
      [
       15.5703048,
       49.3933792
      ],
      [
       15.5660717,
       49.3984458
      ],
      [
       15.5627631,
       49.403796
      ],
      [
       15.5604233,
       49.4093586
      ],
      [
       15.5590838,
       49.4150596
      ],
      [
       15.5587628,
       49.420823
      ],
      [
       15.5594649,
       49.4265721
      ],
      [
       15.5611811,
       49.4322302
      ],
      [
       15.5638889,
       49.437722
      ],
      [
       15.5675525,
       49.4429742
      ],
      [
       15.5721234,
       49.4479168
      ],
      [
       15.5775407,
       49.4524837
      ],
      [
       15.5837325,
       49.4566141
      ],
      [
       15.5906163,
       49.4602528
      ],
      [
       15.5981002,
       49.4633512
      ],
      [
       15.6060844,
       49.465868
      ],
      [
       15.6144623,
       49.4677694
      ],
      [
       15.6231221,
       49.4690302
      ],
      [
       15.631948,
       49.4696334
      ],
      [
       15.6355556,
       49.4696885
      ]
     ]
    ]
   }
  },
  {
   "type": "Feature",
   "properties": {
    "ll": {
     "value": 0,
     "unit": 1,
     "referenceDatum": 0
    },
    "ul": {
     "value": 13500,
     "unit": 1,
     "referenceDatum": 1
    },
    "_id": "626148861eacded7b7bb36ab",
    "name": "LKJI PARA ZONE",
    "type": 2,
    "icao": 7,
    "bnd": [
     [
      49.3697697,
      15.5587628
     ],
     [
      49.4696885,
      15.7122812
     ]
    ]
   },
   "geometry": {
    "type": "Polygon",
    "coordinates": [
     [
      [
       15.6355556,
       49.4696885
      ],
      [
       15.6444154,
       49.4693553
      ],
      [
       15.6531568,
       49.4683602
      ],
      [
       15.661663,
       49.4667166
      ],
      [
       15.6698204,
       49.4644463
      ],
      [
       15.6775202,
       49.4615798
      ],
      [
       15.6846594,
       49.4581552
      ],
      [
       15.6911429,
       49.4542183
      ],
      [
       15.6968843,
       49.4498218
      ],
      [
       15.7018071,
       49.4450242
      ],
      [
       15.705846,
       49.4398896
      ],
      [
       15.7089474,
       49.4344865
      ],
      [
       15.7110701,
       49.4288869
      ],
      [
       15.7121862,
       49.4231656
      ],
      [
       15.7122812,
       49.4173988
      ],
      [
       15.7113542,
       49.4116632
      ],
      [
       15.7094179,
       49.4060353
      ],
      [
       15.7064984,
       49.40059
      ],
      [
       15.7026349,
       49.3953997
      ],
      [
       15.6978791,
       49.3905336
      ],
      [
       15.6922944,
       49.3860564
      ],
      [
       15.6859554,
       49.3820275
      ],
      [
       15.6789466,
       49.3785005
      ],
      [
       15.6713611,
       49.3755224
      ],
      [
       15.6632998,
       49.3731327
      ],
      [
       15.65487,
       49.3713631
      ],
      [
       15.6461837,
       49.3702371
      ],
      [
       15.6373561,
       49.3697697
      ],
      [
       15.6285047,
       49.3699672
      ],
      [
       15.6197469,
       49.3708268
      ],
      [
       15.6111991,
       49.3723371
      ],
      [
       15.6029749,
       49.3744782
      ],
      [
       15.5951835,
       49.3772216
      ],
      [
       15.5879285,
       49.3805307
      ],
      [
       15.5813066,
       49.3843617
      ],
      [
       15.5754058,
       49.3886636
      ],
      [
       15.5703048,
       49.3933792
      ],
      [
       15.5660717,
       49.3984458
      ],
      [
       15.5627631,
       49.403796
      ],
      [
       15.5604233,
       49.4093586
      ],
      [
       15.5590838,
       49.4150596
      ],
      [
       15.5587628,
       49.420823
      ],
      [
       15.5594649,
       49.4265721
      ],
      [
       15.5611811,
       49.4322302
      ],
      [
       15.5638889,
       49.437722
      ],
      [
       15.5675525,
       49.4429742
      ],
      [
       15.5721234,
       49.4479168
      ],
      [
       15.5775407,
       49.4524837
      ],
      [
       15.5837325,
       49.4566141
      ],
      [
       15.5906163,
       49.4602528
      ],
      [
       15.5981002,
       49.4633512
      ],
      [
       15.6060844,
       49.465868
      ],
      [
       15.6144623,
       49.4677694
      ],
      [
       15.6231221,
       49.4690302
      ],
      [
       15.631948,
       49.4696334
      ],
      [
       15.6355556,
       49.4696885
      ]
     ]
    ]
   }
  },
  {
   "type": "Feature",
   "properties": {
    "ll": {
     "value": 0,
     "unit": 1,
     "referenceDatum": 0
    },
    "ul": {
     "value": 4000,
     "unit": 1,
     "referenceDatum": 1
    },
    "_id": "626148865e9ded571043e3c0",
    "name": "LKKA ATZ 133.155",
    "type": 0,
    "icao": 6,
    "bnd": [
     [
      49.3183808,
      16.0393986
     ],
     [
      49.4182996,
      16.1927565
     ]
    ]
   },
   "geometry": {
    "type": "Polygon",
    "coordinates": [
     [
      [
       16.1161111,
       49.4182996
      ],
      [
       16.1249616,
       49.4179664
      ],
      [
       16.1336939,
       49.4169714
      ],
      [
       16.1421912,
       49.4153277
      ],
      [
       16.1503401,
       49.4130574
      ],
      [
       16.1580318,
       49.4101909
      ],
      [
       16.1651635,
       49.4067663
      ],
      [
       16.1716402,
       49.4028295
      ],
      [
       16.1773756,
       49.3984329
      ],
      [
       16.1822934,
       49.3936353
      ],
      [
       16.186328,
       49.3885007
      ],
      [
       16.1894261,
       49.3830976
      ],
      [
       16.1915466,
       49.3774981
      ],
      [
       16.1926616,
       49.3717768
      ],
      [
       16.1927565,
       49.3660099
      ],
      [
       16.1918305,
       49.3602743
      ],
      [
       16.1898963,
       49.3546464
      ],
      [
       16.1869798,
       49.3492011
      ],
      [
       16.1831204,
       49.3440109
      ],
      [
       16.1783695,
       49.3391448
      ],
      [
       16.1727907,
       49.3346675
      ],
      [
       16.1664584,
       49.3306386
      ],
      [
       16.1594568,
       49.3271117
      ],
      [
       16.1518792,
       49.3241335
      ],
      [
       16.1438264,
       49.3217438
      ],
      [
       16.1354054,
       49.3199742
      ],
      [
       16.1267281,
       49.3188482
      ],
      [
       16.1179098,
       49.3183808
      ],
      [
       16.1090676,
       49.3185783
      ],
      [
       16.100319,
       49.3194379
      ],
      [
       16.0917801,
       49.3209483
      ],
      [
       16.0835644,
       49.3230893
      ],
      [
       16.0757812,
       49.3258327
      ],
      [
       16.0685338,
       49.3291418
      ],
      [
       16.0619188,
       49.3329728
      ],
      [
       16.0560241,
       49.3372747
      ],
      [
       16.0509285,
       49.3419903
      ],
      [
       16.0466998,
       49.3470569
      ],
      [
       16.0433947,
       49.3524071
      ],
      [
       16.0410574,
       49.3579698
      ],
      [
       16.0397193,
       49.3636707
      ],
      [
       16.0393986,
       49.3694341
      ],
      [
       16.0401,
       49.3751832
      ],
      [
       16.0418145,
       49.3808414
      ],
      [
       16.0445195,
       49.3863332
      ],
      [
       16.0481793,
       49.3915854
      ],
      [
       16.0527453,
       49.3965279
      ],
      [
       16.058157,
       49.4010949
      ],
      [
       16.0643423,
       49.4052252
      ],
      [
       16.0712189,
       49.4088639
      ],
      [
       16.0786949,
       49.4119623
      ],
      [
       16.0866708,
       49.4144791
      ],
      [
       16.09504,
       49.4163805
      ],
      [
       16.1036907,
       49.4176413
      ],
      [
       16.1125074,
       49.4182445
      ],
      [
       16.1161111,
       49.4182996
      ]
     ]
    ]
   }
  },
  {
   "type": "Feature",
   "properties": {
    "ll": {
     "value": 0,
     "unit": 1,
     "referenceDatum": 0
    },
    "ul": {
     "value": 2500,
     "unit": 1,
     "referenceDatum": 1
    },
    "_id": "626148865e9ded571043e3ca",
    "name": "LKKL ATZ 123.480",
    "type": 0,
    "icao": 6,
    "bnd": [
     [
      50.0628253,
      14.0118236
     ],
     [
      50.162744,
      14.1675526
     ]
    ]
   },
   "geometry": {
    "type": "Polygon",
    "coordinates": [
     [
      [
       14.0897222,
       50.162744
      ],
      [
       14.0987098,
       50.1624108
      ],
      [
       14.1075773,
       50.1614158
      ],
      [
       14.1162063,
       50.1597721
      ],
      [
       14.1244813,
       50.1575018
      ],
      [
       14.132292,
       50.1546351
      ],
      [
       14.1395341,
       50.1512105
      ],
      [
       14.146111,
       50.1472735
      ],
      [
       14.151935,
       50.1428769
      ],
      [
       14.1569287,
       50.1380792
      ],
      [
       14.1610256,
       50.1329446
      ],
      [
       14.1641714,
       50.1275415
      ],
      [
       14.1663245,
       50.1219419
      ],
      [
       14.1674565,
       50.1162205
      ],
      [
       14.1675526,
       50.1104537
      ],
      [
       14.166612,
       50.1047181
      ],
      [
       14.1646477,
       50.0990902
      ],
      [
       14.1616859,
       50.093645
      ],
      [
       14.1577667,
       50.0884548
      ],
      [
       14.1529423,
       50.0835888
      ],
      [
       14.1472771,
       50.0791116
      ],
      [
       14.1408469,
       50.0750828
      ],
      [
       14.1337371,
       50.0715559
      ],
      [
       14.1260425,
       50.0685778
      ],
      [
       14.1178653,
       50.0661881
      ],
      [
       14.1093143,
       50.0644186
      ],
      [
       14.1005031,
       50.0632926
      ],
      [
       14.0915487,
       50.0628253
      ],
      [
       14.08257,
       50.0630227
      ],
      [
       14.0736863,
       50.0638823
      ],
      [
       14.0650157,
       50.0653926
      ],
      [
       14.0566731,
       50.0675337
      ],
      [
       14.0487697,
       50.0702769
      ],
      [
       14.0414103,
       50.073586
      ],
      [
       14.034693,
       50.0774169
      ],
      [
       14.0287072,
       50.0817187
      ],
      [
       14.0235327,
       50.0864343
      ],
      [
       14.0192386,
       50.0915008
      ],
      [
       14.0158821,
       50.096851
      ],
      [
       14.0135085,
       50.1024136
      ],
      [
       14.0121495,
       50.1081145
      ],
      [
       14.0118236,
       50.1138779
      ],
      [
       14.0125356,
       50.119627
      ],
      [
       14.0142763,
       50.1252852
      ],
      [
       14.0170229,
       50.130777
      ],
      [
       14.0207392,
       50.1360293
      ],
      [
       14.0253757,
       50.1409719
      ],
      [
       14.030871,
       50.1455389
      ],
      [
       14.037152,
       50.1496694
      ],
      [
       14.0441349,
       50.1533082
      ],
      [
       14.0517266,
       50.1564066
      ],
      [
       14.059826,
       50.1589234
      ],
      [
       14.0683247,
       50.1608249
      ],
      [
       14.0771094,
       50.1620857
      ],
      [
       14.0860627,
       50.1626889
      ],
      [
       14.0897222,
       50.162744
      ]
     ]
    ]
   }
  },
  {
   "type": "Feature",
   "properties": {
    "ll": {
     "value": 0,
     "unit": 1,
     "referenceDatum": 0
    },
    "ul": {
     "value": 4000,
     "unit": 1,
     "referenceDatum": 1
    },
    "_id": "626148861eacded7b7bb36bf",
    "name": "LKKM ATZ 122.205",
    "type": 0,
    "icao": 6,
    "bnd": [
     [
      49.2356031,
      17.3392497
     ],
     [
      49.3355218,
      17.49235
     ]
    ]
   },
   "geometry": {
    "type": "Polygon",
    "coordinates": [
     [
      [
       17.4158333,
       49.3355218
      ],
      [
       17.424669,
       49.3351886
      ],
      [
       17.4333865,
       49.3341936
      ],
      [
       17.4418696,
       49.3325499
      ],
      [
       17.4500048,
       49.3302797
      ],
      [
       17.4576835,
       49.3274131
      ],
      [
       17.4648032,
       49.3239886
      ],
      [
       17.4712691,
       49.3200517
      ],
      [
       17.4769948,
       49.3156552
      ],
      [
       17.4819043,
       49.3108576
      ],
      [
       17.4859322,
       49.305723
      ],
      [
       17.4890251,
       49.3003199
      ],
      [
       17.4911421,
       49.2947204
      ],
      [
       17.4922552,
       49.2889991
      ],
      [
       17.49235,
       49.2832322
      ],
      [
       17.4914256,
       49.2774966
      ],
      [
       17.4894946,
       49.2718687
      ],
      [
       17.4865831,
       49.2664234
      ],
      [
       17.4827301,
       49.2612332
      ],
      [
       17.4779873,
       49.256367
      ],
      [
       17.4724178,
       49.2518898
      ],
      [
       17.4660961,
       49.2478609
      ],
      [
       17.4591063,
       49.2443339
      ],
      [
       17.4515415,
       49.2413558
      ],
      [
       17.4435022,
       49.238966
      ],
      [
       17.4350953,
       49.2371964
      ],
      [
       17.4264325,
       49.2360704
      ],
      [
       17.417629,
       49.2356031
      ],
      [
       17.4088017,
       49.2358005
      ],
      [
       17.4000677,
       49.2366601
      ],
      [
       17.3915431,
       49.2381705
      ],
      [
       17.3833412,
       49.2403116
      ],
      [
       17.375571,
       49.2430549
      ],
      [
       17.3683358,
       49.2463641
      ],
      [
       17.3617319,
       49.2501951
      ],
      [
       17.3558472,
       49.254497
      ],
      [
       17.3507601,
       49.2592126
      ],
      [
       17.3465386,
       49.2642792
      ],
      [
       17.343239,
       49.2696294
      ],
      [
       17.3409056,
       49.275192
      ],
      [
       17.3395698,
       49.280893
      ],
      [
       17.3392497,
       49.2866564
      ],
      [
       17.33995,
       49.2924055
      ],
      [
       17.3416616,
       49.2980637
      ],
      [
       17.344362,
       49.3035555
      ],
      [
       17.3480157,
       49.3088077
      ],
      [
       17.3525741,
       49.3137502
      ],
      [
       17.3579767,
       49.3183171
      ],
      [
       17.3641516,
       49.3224475
      ],
      [
       17.3710166,
       49.3260862
      ],
      [
       17.3784801,
       49.3291846
      ],
      [
       17.3864426,
       49.3317013
      ],
      [
       17.3947977,
       49.3336028
      ],
      [
       17.4034338,
       49.3348635
      ],
      [
       17.4122356,
       49.3354667
      ],
      [
       17.4158333,
       49.3355218
      ]
     ]
    ]
   }
  },
  {
   "type": "Feature",
   "properties": {
    "ll": {
     "value": 0,
     "unit": 1,
     "referenceDatum": 0
    },
    "ul": {
     "value": 13500,
     "unit": 1,
     "referenceDatum": 1
    },
    "_id": "626148865e9ded571043e3d5",
    "name": "LKKM PARA ZONE",
    "type": 2,
    "icao": 7,
    "bnd": [
     [
      49.2356031,
      17.3392497
     ],
     [
      49.3355218,
      17.49235
     ]
    ]
   },
   "geometry": {
    "type": "Polygon",
    "coordinates": [
     [
      [
       17.4158333,
       49.3355218
      ],
      [
       17.424669,
       49.3351886
      ],
      [
       17.4333865,
       49.3341936
      ],
      [
       17.4418696,
       49.3325499
      ],
      [
       17.4500048,
       49.3302797
      ],
      [
       17.4576835,
       49.3274131
      ],
      [
       17.4648032,
       49.3239886
      ],
      [
       17.4712691,
       49.3200517
      ],
      [
       17.4769948,
       49.3156552
      ],
      [
       17.4819043,
       49.3108576
      ],
      [
       17.4859322,
       49.305723
      ],
      [
       17.4890251,
       49.3003199
      ],
      [
       17.4911421,
       49.2947204
      ],
      [
       17.4922552,
       49.2889991
      ],
      [
       17.49235,
       49.2832322
      ],
      [
       17.4914256,
       49.2774966
      ],
      [
       17.4894946,
       49.2718687
      ],
      [
       17.4865831,
       49.2664234
      ],
      [
       17.4827301,
       49.2612332
      ],
      [
       17.4779873,
       49.256367
      ],
      [
       17.4724178,
       49.2518898
      ],
      [
       17.4660961,
       49.2478609
      ],
      [
       17.4591063,
       49.2443339
      ],
      [
       17.4515415,
       49.2413558
      ],
      [
       17.4435022,
       49.238966
      ],
      [
       17.4350953,
       49.2371964
      ],
      [
       17.4264325,
       49.2360704
      ],
      [
       17.417629,
       49.2356031
      ],
      [
       17.4088017,
       49.2358005
      ],
      [
       17.4000677,
       49.2366601
      ],
      [
       17.3915431,
       49.2381705
      ],
      [
       17.3833412,
       49.2403116
      ],
      [
       17.375571,
       49.2430549
      ],
      [
       17.3683358,
       49.2463641
      ],
      [
       17.3617319,
       49.2501951
      ],
      [
       17.3558472,
       49.254497
      ],
      [
       17.3507601,
       49.2592126
      ],
      [
       17.3465386,
       49.2642792
      ],
      [
       17.343239,
       49.2696294
      ],
      [
       17.3409056,
       49.275192
      ],
      [
       17.3395698,
       49.280893
      ],
      [
       17.3392497,
       49.2866564
      ],
      [
       17.33995,
       49.2924055
      ],
      [
       17.3416616,
       49.2980637
      ],
      [
       17.344362,
       49.3035555
      ],
      [
       17.3480157,
       49.3088077
      ],
      [
       17.3525741,
       49.3137502
      ],
      [
       17.3579767,
       49.3183171
      ],
      [
       17.3641516,
       49.3224475
      ],
      [
       17.3710166,
       49.3260862
      ],
      [
       17.3784801,
       49.3291846
      ],
      [
       17.3864426,
       49.3317013
      ],
      [
       17.3947977,
       49.3336028
      ],
      [
       17.4034338,
       49.3348635
      ],
      [
       17.4122356,
       49.3354667
      ],
      [
       17.4158333,
       49.3355218
      ]
     ]
    ]
   }
  },
  {
   "type": "Feature",
   "properties": {
    "ll": {
     "value": 0,
     "unit": 1,
     "referenceDatum": 0
    },
    "ul": {
     "value": 4000,
     "unit": 1,
     "referenceDatum": 1
    },
    "_id": "626148861eacded7b7bb36cb",
    "name": "LKKO ATZ 129.155",
    "type": 0,
    "icao": 6,
    "bnd": [
     [
      49.9519919,
      15.0956145
     ],
     [
      50.0519107,
      15.2509842
     ]
    ]
   },
   "geometry": {
    "type": "Polygon",
    "coordinates": [
     [
      [
       15.1733333,
       50.0519107
      ],
      [
       15.1823002,
       50.0515775
      ],
      [
       15.1911472,
       50.0505824
      ],
      [
       15.1997562,
       50.0489388
      ],
      [
       15.2080121,
       50.0466684
      ],
      [
       15.2158047,
       50.0438018
      ],
      [
       15.2230301,
       50.0403772
      ],
      [
       15.2295918,
       50.0364403
      ],
      [
       15.2354024,
       50.0320436
      ],
      [
       15.2403846,
       50.027246
      ],
      [
       15.2444721,
       50.0221114
      ],
      [
       15.2476107,
       50.0167082
      ],
      [
       15.2497588,
       50.0111087
      ],
      [
       15.2508882,
       50.0053873
      ],
      [
       15.2509842,
       49.9996204
      ],
      [
       15.2500458,
       49.9938849
      ],
      [
       15.248086,
       49.988257
      ],
      [
       15.2451311,
       49.9828117
      ],
      [
       15.2412209,
       49.9776215
      ],
      [
       15.2364076,
       49.9727555
      ],
      [
       15.2307556,
       49.9682783
      ],
      [
       15.2243402,
       49.9642495
      ],
      [
       15.2172468,
       49.9607226
      ],
      [
       15.2095699,
       49.9577445
      ],
      [
       15.2014116,
       49.9553548
      ],
      [
       15.1928803,
       49.9535853
      ],
      [
       15.1840894,
       49.9524593
      ],
      [
       15.1751556,
       49.9519919
      ],
      [
       15.1661976,
       49.9521894
      ],
      [
       15.1573344,
       49.953049
      ],
      [
       15.1486837,
       49.9545593
      ],
      [
       15.1403604,
       49.9567003
      ],
      [
       15.1324751,
       49.9594436
      ],
      [
       15.1251327,
       49.9627527
      ],
      [
       15.118431,
       49.9665836
      ],
      [
       15.112459,
       49.9708855
      ],
      [
       15.1072964,
       49.975601
      ],
      [
       15.1030122,
       49.9806676
      ],
      [
       15.0996635,
       49.9860177
      ],
      [
       15.0972954,
       49.9915803
      ],
      [
       15.0959395,
       49.9972813
      ],
      [
       15.0956145,
       50.0030447
      ],
      [
       15.0963248,
       50.0087938
      ],
      [
       15.0980616,
       50.014452
      ],
      [
       15.1008019,
       50.0199438
      ],
      [
       15.1045096,
       50.025196
      ],
      [
       15.1091354,
       50.0301386
      ],
      [
       15.1146181,
       50.0347056
      ],
      [
       15.1208845,
       50.0388361
      ],
      [
       15.1278513,
       50.0424749
      ],
      [
       15.1354256,
       50.0455733
      ],
      [
       15.1435062,
       50.0480901
      ],
      [
       15.1519853,
       50.0499916
      ],
      [
       15.1607497,
       50.0512524
      ],
      [
       15.1696822,
       50.0518556
      ],
      [
       15.1733333,
       50.0519107
      ]
     ]
    ]
   }
  },
  {
   "type": "Feature",
   "properties": {
    "ll": {
     "value": 0,
     "unit": 1,
     "referenceDatum": 0
    },
    "ul": {
     "value": 13500,
     "unit": 1,
     "referenceDatum": 1
    },
    "_id": "626148861eacded7b7bb36d8",
    "name": "LKKO PARA ZONE",
    "type": 2,
    "icao": 7,
    "bnd": [
     [
      49.9519919,
      15.0956145
     ],
     [
      50.0519107,
      15.2509842
     ]
    ]
   },
   "geometry": {
    "type": "Polygon",
    "coordinates": [
     [
      [
       15.1733333,
       50.0519107
      ],
      [
       15.1823002,
       50.0515775
      ],
      [
       15.1911472,
       50.0505824
      ],
      [
       15.1997562,
       50.0489388
      ],
      [
       15.2080121,
       50.0466684
      ],
      [
       15.2158047,
       50.0438018
      ],
      [
       15.2230301,
       50.0403772
      ],
      [
       15.2295918,
       50.0364403
      ],
      [
       15.2354024,
       50.0320436
      ],
      [
       15.2403846,
       50.027246
      ],
      [
       15.2444721,
       50.0221114
      ],
      [
       15.2476107,
       50.0167082
      ],
      [
       15.2497588,
       50.0111087
      ],
      [
       15.2508882,
       50.0053873
      ],
      [
       15.2509842,
       49.9996204
      ],
      [
       15.2500458,
       49.9938849
      ],
      [
       15.248086,
       49.988257
      ],
      [
       15.2451311,
       49.9828117
      ],
      [
       15.2412209,
       49.9776215
      ],
      [
       15.2364076,
       49.9727555
      ],
      [
       15.2307556,
       49.9682783
      ],
      [
       15.2243402,
       49.9642495
      ],
      [
       15.2172468,
       49.9607226
      ],
      [
       15.2095699,
       49.9577445
      ],
      [
       15.2014116,
       49.9553548
      ],
      [
       15.1928803,
       49.9535853
      ],
      [
       15.1840894,
       49.9524593
      ],
      [
       15.1751556,
       49.9519919
      ],
      [
       15.1661976,
       49.9521894
      ],
      [
       15.1573344,
       49.953049
      ],
      [
       15.1486837,
       49.9545593
      ],
      [
       15.1403604,
       49.9567003
      ],
      [
       15.1324751,
       49.9594436
      ],
      [
       15.1251327,
       49.9627527
      ],
      [
       15.118431,
       49.9665836
      ],
      [
       15.112459,
       49.9708855
      ],
      [
       15.1072964,
       49.975601
      ],
      [
       15.1030122,
       49.9806676
      ],
      [
       15.0996635,
       49.9860177
      ],
      [
       15.0972954,
       49.9915803
      ],
      [
       15.0959395,
       49.9972813
      ],
      [
       15.0956145,
       50.0030447
      ],
      [
       15.0963248,
       50.0087938
      ],
      [
       15.0980616,
       50.014452
      ],
      [
       15.1008019,
       50.0199438
      ],
      [
       15.1045096,
       50.025196
      ],
      [
       15.1091354,
       50.0301386
      ],
      [
       15.1146181,
       50.0347056
      ],
      [
       15.1208845,
       50.0388361
      ],
      [
       15.1278513,
       50.0424749
      ],
      [
       15.1354256,
       50.0455733
      ],
      [
       15.1435062,
       50.0480901
      ],
      [
       15.1519853,
       50.0499916
      ],
      [
       15.1607497,
       50.0512524
      ],
      [
       15.1696822,
       50.0518556
      ],
      [
       15.1733333,
       50.0519107
      ]
     ]
    ]
   }
  },
  {
   "type": "Feature",
   "properties": {
    "ll": {
     "value": 0,
     "unit": 1,
     "referenceDatum": 0
    },
    "ul": {
     "value": 4000,
     "unit": 1,
     "referenceDatum": 1
    },
    "_id": "626148861eacded7b7bb36e2",
    "name": "LKKR ATZ 122.610",
    "type": 0,
    "icao": 6,
    "bnd": [
     [
      50.0250475,
      17.6110517
     ],
     [
      50.1249662,
      17.7666579
     ]
    ]
   },
   "geometry": {
    "type": "Polygon",
    "coordinates": [
     [
      [
       17.6888889,
       50.1249662
      ],
      [
       17.6978694,
       50.1246331
      ],
      [
       17.7067299,
       50.123638
      ],
      [
       17.715352,
       50.1219943
      ],
      [
       17.7236205,
       50.119724
      ],
      [
       17.7314251,
       50.1168574
      ],
      [
       17.7386614,
       50.1134327
      ],
      [
       17.7452331,
       50.1094958
      ],
      [
       17.7510526,
       50.1050992
      ],
      [
       17.7560423,
       50.1003015
      ],
      [
       17.760136,
       50.0951669
      ],
      [
       17.7632794,
       50.0897637
      ],
      [
       17.7654308,
       50.0841641
      ],
      [
       17.7665619,
       50.0784428
      ],
      [
       17.7666579,
       50.0726759
      ],
      [
       17.7657181,
       50.0669404
      ],
      [
       17.7637553,
       50.0613125
      ],
      [
       17.7607959,
       50.0558672
      ],
      [
       17.7568798,
       50.050677
      ],
      [
       17.7520592,
       50.045811
      ],
      [
       17.7463985,
       50.0413338
      ],
      [
       17.7399733,
       50.037305
      ],
      [
       17.7328692,
       50.0337781
      ],
      [
       17.7251806,
       50.0308001
      ],
      [
       17.7170099,
       50.0284104
      ],
      [
       17.7084656,
       50.0266408
      ],
      [
       17.6996613,
       50.0255149
      ],
      [
       17.6907139,
       50.0250475
      ],
      [
       17.6817423,
       50.0252449
      ],
      [
       17.6728656,
       50.0261045
      ],
      [
       17.6642018,
       50.0276149
      ],
      [
       17.6558658,
       50.0297559
      ],
      [
       17.6479685,
       50.0324992
      ],
      [
       17.640615,
       50.0358083
      ],
      [
       17.633903,
       50.0396392
      ],
      [
       17.6279219,
       50.043941
      ],
      [
       17.6227515,
       50.0486565
      ],
      [
       17.6184607,
       50.0537231
      ],
      [
       17.615107,
       50.0590732
      ],
      [
       17.6127352,
       50.0646358
      ],
      [
       17.6113773,
       50.0703368
      ],
      [
       17.6110517,
       50.0761002
      ],
      [
       17.6117631,
       50.0818493
      ],
      [
       17.6135025,
       50.0875075
      ],
      [
       17.6162469,
       50.0929993
      ],
      [
       17.6199602,
       50.0982515
      ],
      [
       17.6245931,
       50.1031941
      ],
      [
       17.6300841,
       50.1077612
      ],
      [
       17.6363601,
       50.1118916
      ],
      [
       17.6433375,
       50.1155304
      ],
      [
       17.6509233,
       50.1186289
      ],
      [
       17.6590162,
       50.1211457
      ],
      [
       17.6675083,
       50.1230472
      ],
      [
       17.676286,
       50.1243079
      ],
      [
       17.6852322,
       50.1249112
      ],
      [
       17.6888889,
       50.1249662
      ]
     ]
    ]
   }
  },
  {
   "type": "Feature",
   "properties": {
    "ll": {
     "value": 0,
     "unit": 1,
     "referenceDatum": 0
    },
    "ul": {
     "value": 13500,
     "unit": 1,
     "referenceDatum": 1
    },
    "_id": "626148871eacded7b7bb36ec",
    "name": "LKKR PARA ZONE",
    "type": 2,
    "icao": 7,
    "bnd": [
     [
      50.0250475,
      17.6110517
     ],
     [
      50.1249662,
      17.7666579
     ]
    ]
   },
   "geometry": {
    "type": "Polygon",
    "coordinates": [
     [
      [
       17.6888889,
       50.1249662
      ],
      [
       17.6978694,
       50.1246331
      ],
      [
       17.7067299,
       50.123638
      ],
      [
       17.715352,
       50.1219943
      ],
      [
       17.7236205,
       50.119724
      ],
      [
       17.7314251,
       50.1168574
      ],
      [
       17.7386614,
       50.1134327
      ],
      [
       17.7452331,
       50.1094958
      ],
      [
       17.7510526,
       50.1050992
      ],
      [
       17.7560423,
       50.1003015
      ],
      [
       17.760136,
       50.0951669
      ],
      [
       17.7632794,
       50.0897637
      ],
      [
       17.7654308,
       50.0841641
      ],
      [
       17.7665619,
       50.0784428
      ],
      [
       17.7666579,
       50.0726759
      ],
      [
       17.7657181,
       50.0669404
      ],
      [
       17.7637553,
       50.0613125
      ],
      [
       17.7607959,
       50.0558672
      ],
      [
       17.7568798,
       50.050677
      ],
      [
       17.7520592,
       50.045811
      ],
      [
       17.7463985,
       50.0413338
      ],
      [
       17.7399733,
       50.037305
      ],
      [
       17.7328692,
       50.0337781
      ],
      [
       17.7251806,
       50.0308001
      ],
      [
       17.7170099,
       50.0284104
      ],
      [
       17.7084656,
       50.0266408
      ],
      [
       17.6996613,
       50.0255149
      ],
      [
       17.6907139,
       50.0250475
      ],
      [
       17.6817423,
       50.0252449
      ],
      [
       17.6728656,
       50.0261045
      ],
      [
       17.6642018,
       50.0276149
      ],
      [
       17.6558658,
       50.0297559
      ],
      [
       17.6479685,
       50.0324992
      ],
      [
       17.640615,
       50.0358083
      ],
      [
       17.633903,
       50.0396392
      ],
      [
       17.6279219,
       50.043941
      ],
      [
       17.6227515,
       50.0486565
      ],
      [
       17.6184607,
       50.0537231
      ],
      [
       17.615107,
       50.0590732
      ],
      [
       17.6127352,
       50.0646358
      ],
      [
       17.6113773,
       50.0703368
      ],
      [
       17.6110517,
       50.0761002
      ],
      [
       17.6117631,
       50.0818493
      ],
      [
       17.6135025,
       50.0875075
      ],
      [
       17.6162469,
       50.0929993
      ],
      [
       17.6199602,
       50.0982515
      ],
      [
       17.6245931,
       50.1031941
      ],
      [
       17.6300841,
       50.1077612
      ],
      [
       17.6363601,
       50.1118916
      ],
      [
       17.6433375,
       50.1155304
      ],
      [
       17.6509233,
       50.1186289
      ],
      [
       17.6590162,
       50.1211457
      ],
      [
       17.6675083,
       50.1230472
      ],
      [
       17.676286,
       50.1243079
      ],
      [
       17.6852322,
       50.1249112
      ],
      [
       17.6888889,
       50.1249662
      ]
     ]
    ]
   }
  },
  {
   "type": "Feature",
   "properties": {
    "ll": {
     "value": 0,
     "unit": 1,
     "referenceDatum": 0
    },
    "ul": {
     "value": 4000,
     "unit": 1,
     "referenceDatum": 1
    },
    "_id": "626148875e9ded571043e3e8",
    "name": "LKKT ATZ 122.210",
    "type": 0,
    "icao": 6,
    "bnd": [
     [
      49.3683808,
      13.2451538
     ],
     [
      49.4682996,
      13.3986679
     ]
    ]
   },
   "geometry": {
    "type": "Polygon",
    "coordinates": [
     [
      [
       13.3219444,
       49.4682996
      ],
      [
       13.330804,
       49.4679664
      ],
      [
       13.3395452,
       49.4669714
      ],
      [
       13.3480512,
       49.4653277
      ],
      [
       13.3562084,
       49.4630574
      ],
      [
       13.3639078,
       49.4601909
      ],
      [
       13.3710469,
       49.4567663
      ],
      [
       13.3775302,
       49.4528294
      ],
      [
       13.3832714,
       49.4484329
      ],
      [
       13.3881942,
       49.4436353
      ],
      [
       13.3922329,
       49.4385007
      ],
      [
       13.3953342,
       49.4330976
      ],
      [
       13.3974568,
       49.4274981
      ],
      [
       13.3985729,
       49.4217767
      ],
      [
       13.3986679,
       49.4160099
      ],
      [
       13.397741,
       49.4102743
      ],
      [
       13.3958047,
       49.4046464
      ],
      [
       13.3928853,
       49.3992011
      ],
      [
       13.3890219,
       49.3940108
      ],
      [
       13.3842662,
       49.3891447
      ],
      [
       13.3786817,
       49.3846675
      ],
      [
       13.3723429,
       49.3806386
      ],
      [
       13.3653342,
       49.3771117
      ],
      [
       13.3577489,
       49.3741335
      ],
      [
       13.3496879,
       49.3717438
      ],
      [
       13.3412584,
       49.3699742
      ],
      [
       13.3325723,
       49.3688482
      ],
      [
       13.323745,
       49.3683808
      ],
      [
       13.3148938,
       49.3685783
      ],
      [
       13.3061363,
       49.3694379
      ],
      [
       13.2975887,
       49.3709483
      ],
      [
       13.2893647,
       49.3730893
      ],
      [
       13.2815735,
       49.3758327
      ],
      [
       13.2743187,
       49.3791418
      ],
      [
       13.267697,
       49.3829728
      ],
      [
       13.2617963,
       49.3872747
      ],
      [
       13.2566955,
       49.3919903
      ],
      [
       13.2524625,
       49.3970569
      ],
      [
       13.249154,
       49.4024071
      ],
      [
       13.2468143,
       49.4079697
      ],
      [
       13.2454748,
       49.4136707
      ],
      [
       13.2451538,
       49.4194341
      ],
      [
       13.2458559,
       49.4251832
      ],
      [
       13.2475721,
       49.4308413
      ],
      [
       13.2502798,
       49.4363331
      ],
      [
       13.2539433,
       49.4415853
      ],
      [
       13.2585141,
       49.4465279
      ],
      [
       13.2639313,
       49.4510948
      ],
      [
       13.2701229,
       49.4552252
      ],
      [
       13.2770064,
       49.4588639
      ],
      [
       13.2844901,
       49.4619623
      ],
      [
       13.2924741,
       49.4644791
      ],
      [
       13.3008518,
       49.4663805
      ],
      [
       13.3095113,
       49.4676413
      ],
      [
       13.318337,
       49.4682445
      ],
      [
       13.3219444,
       49.4682996
      ]
     ]
    ]
   }
  },
  {
   "type": "Feature",
   "properties": {
    "ll": {
     "value": 0,
     "unit": 1,
     "referenceDatum": 0
    },
    "ul": {
     "value": 13500,
     "unit": 1,
     "referenceDatum": 1
    },
    "_id": "626148875e9ded571043e3f4",
    "name": "LKKT PARA ZONE",
    "type": 2,
    "icao": 7,
    "bnd": [
     [
      49.3683808,
      13.2451538
     ],
     [
      49.4682996,
      13.3986679
     ]
    ]
   },
   "geometry": {
    "type": "Polygon",
    "coordinates": [
     [
      [
       13.3219444,
       49.4682996
      ],
      [
       13.330804,
       49.4679664
      ],
      [
       13.3395452,
       49.4669714
      ],
      [
       13.3480512,
       49.4653277
      ],
      [
       13.3562084,
       49.4630574
      ],
      [
       13.3639078,
       49.4601909
      ],
      [
       13.3710469,
       49.4567663
      ],
      [
       13.3775302,
       49.4528294
      ],
      [
       13.3832714,
       49.4484329
      ],
      [
       13.3881942,
       49.4436353
      ],
      [
       13.3922329,
       49.4385007
      ],
      [
       13.3953342,
       49.4330976
      ],
      [
       13.3974568,
       49.4274981
      ],
      [
       13.3985729,
       49.4217767
      ],
      [
       13.3986679,
       49.4160099
      ],
      [
       13.397741,
       49.4102743
      ],
      [
       13.3958047,
       49.4046464
      ],
      [
       13.3928853,
       49.3992011
      ],
      [
       13.3890219,
       49.3940108
      ],
      [
       13.3842662,
       49.3891447
      ],
      [
       13.3786817,
       49.3846675
      ],
      [
       13.3723429,
       49.3806386
      ],
      [
       13.3653342,
       49.3771117
      ],
      [
       13.3577489,
       49.3741335
      ],
      [
       13.3496879,
       49.3717438
      ],
      [
       13.3412584,
       49.3699742
      ],
      [
       13.3325723,
       49.3688482
      ],
      [
       13.323745,
       49.3683808
      ],
      [
       13.3148938,
       49.3685783
      ],
      [
       13.3061363,
       49.3694379
      ],
      [
       13.2975887,
       49.3709483
      ],
      [
       13.2893647,
       49.3730893
      ],
      [
       13.2815735,
       49.3758327
      ],
      [
       13.2743187,
       49.3791418
      ],
      [
       13.267697,
       49.3829728
      ],
      [
       13.2617963,
       49.3872747
      ],
      [
       13.2566955,
       49.3919903
      ],
      [
       13.2524625,
       49.3970569
      ],
      [
       13.249154,
       49.4024071
      ],
      [
       13.2468143,
       49.4079697
      ],
      [
       13.2454748,
       49.4136707
      ],
      [
       13.2451538,
       49.4194341
      ],
      [
       13.2458559,
       49.4251832
      ],
      [
       13.2475721,
       49.4308413
      ],
      [
       13.2502798,
       49.4363331
      ],
      [
       13.2539433,
       49.4415853
      ],
      [
       13.2585141,
       49.4465279
      ],
      [
       13.2639313,
       49.4510948
      ],
      [
       13.2701229,
       49.4552252
      ],
      [
       13.2770064,
       49.4588639
      ],
      [
       13.2844901,
       49.4619623
      ],
      [
       13.2924741,
       49.4644791
      ],
      [
       13.3008518,
       49.4663805
      ],
      [
       13.3095113,
       49.4676413
      ],
      [
       13.318337,
       49.4682445
      ],
      [
       13.3219444,
       49.4682996
      ]
     ]
    ]
   }
  },
  {
   "type": "Feature",
   "properties": {
    "ll": {
     "value": 0,
     "unit": 1,
     "referenceDatum": 0
    },
    "ul": {
     "value": 4000,
     "unit": 1,
     "referenceDatum": 1
    },
    "_id": "626148875e9ded571043e3fd",
    "name": "LKKU ATZ 120.105",
    "type": 0,
    "icao": 6,
    "bnd": [
     [
      48.9794919,
      17.3635336
     ],
     [
      49.0794107,
      17.5158443
     ]
    ]
   },
   "geometry": {
    "type": "Polygon",
    "coordinates": [
     [
      [
       17.4397222,
       49.0794107
      ],
      [
       17.4485122,
       49.0790775
      ],
      [
       17.4571847,
       49.0780825
      ],
      [
       17.465624,
       49.0764389
      ],
      [
       17.4737171,
       49.0741686
      ],
      [
       17.4813562,
       49.0713021
      ],
      [
       17.4884392,
       49.0678775
      ],
      [
       17.4948717,
       49.0639407
      ],
      [
       17.5005679,
       49.0595442
      ],
      [
       17.5054521,
       49.0547466
      ],
      [
       17.5094593,
       49.0496121
      ],
      [
       17.5125363,
       49.044209
      ],
      [
       17.5146425,
       49.0386095
      ],
      [
       17.5157499,
       49.0328882
      ],
      [
       17.5158443,
       49.0271213
      ],
      [
       17.5149247,
       49.0213857
      ],
      [
       17.5130038,
       49.0157578
      ],
      [
       17.5101073,
       49.0103125
      ],
      [
       17.5062743,
       49.0051222
      ],
      [
       17.5015559,
       49.0002561
      ],
      [
       17.4960153,
       48.9957788
      ],
      [
       17.4897261,
       48.9917499
      ],
      [
       17.4827724,
       48.9882229
      ],
      [
       17.4752465,
       48.9852447
      ],
      [
       17.4672486,
       48.9828549
      ],
      [
       17.458885,
       48.9810853
      ],
      [
       17.4502669,
       48.9799593
      ],
      [
       17.4415087,
       48.9794919
      ],
      [
       17.4327268,
       48.9796894
      ],
      [
       17.4240377,
       48.980549
      ],
      [
       17.4155571,
       48.9820594
      ],
      [
       17.4073974,
       48.9842005
      ],
      [
       17.3996673,
       48.9869439
      ],
      [
       17.3924694,
       48.9902531
      ],
      [
       17.3858995,
       48.9940841
      ],
      [
       17.3800451,
       48.998386
      ],
      [
       17.3749843,
       49.0031016
      ],
      [
       17.3707846,
       49.0081683
      ],
      [
       17.3675021,
       49.0135185
      ],
      [
       17.3651808,
       49.0190812
      ],
      [
       17.363852,
       49.0247821
      ],
      [
       17.3635336,
       49.0305456
      ],
      [
       17.3642303,
       49.0362946
      ],
      [
       17.3659332,
       49.0419528
      ],
      [
       17.3686198,
       49.0474445
      ],
      [
       17.3722546,
       49.0526967
      ],
      [
       17.3767896,
       49.0576392
      ],
      [
       17.3821643,
       49.0622061
      ],
      [
       17.3883074,
       49.0663365
      ],
      [
       17.395137,
       49.0699752
      ],
      [
       17.4025619,
       49.0730735
      ],
      [
       17.4104833,
       49.0755902
      ],
      [
       17.4187952,
       49.0774917
      ],
      [
       17.4273868,
       49.0787524
      ],
      [
       17.4361431,
       49.0793556
      ],
      [
       17.4397222,
       49.0794107
      ]
     ]
    ]
   }
  },
  {
   "type": "Feature",
   "properties": {
    "ll": {
     "value": 0,
     "unit": 1,
     "referenceDatum": 0
    },
    "ul": {
     "value": 4000,
     "unit": 1,
     "referenceDatum": 1
    },
    "_id": "626148871eacded7b7bb36ff",
    "name": "LKKY ATZ 130.610",
    "type": 0,
    "icao": 6,
    "bnd": [
     [
      48.9300475,
      17.0486092
     ],
     [
      49.0299662,
      17.2007688
     ]
    ]
   },
   "geometry": {
    "type": "Polygon",
    "coordinates": [
     [
      [
       17.1247222,
       49.0299662
      ],
      [
       17.1335035,
       49.0296331
      ],
      [
       17.1421674,
       49.028638
      ],
      [
       17.1505982,
       49.0269944
      ],
      [
       17.1586833,
       49.0247242
      ],
      [
       17.1663148,
       49.0218577
      ],
      [
       17.1733908,
       49.0184331
      ],
      [
       17.1798169,
       49.0144963
      ],
      [
       17.1855075,
       49.0100998
      ],
      [
       17.1903869,
       49.0053022
      ],
      [
       17.1943901,
       49.0001677
      ],
      [
       17.197464,
       48.9947646
      ],
      [
       17.1995681,
       48.9891651
      ],
      [
       17.2006745,
       48.9834438
      ],
      [
       17.2007688,
       48.9776769
      ],
      [
       17.1998501,
       48.9719413
      ],
      [
       17.1979311,
       48.9663134
      ],
      [
       17.1950375,
       48.9608681
      ],
      [
       17.1912083,
       48.9556778
      ],
      [
       17.1864946,
       48.9508117
      ],
      [
       17.1809595,
       48.9463344
      ],
      [
       17.1746766,
       48.9423054
      ],
      [
       17.1677297,
       48.9387784
      ],
      [
       17.1602113,
       48.9358003
      ],
      [
       17.1522213,
       48.9334105
      ],
      [
       17.143866,
       48.9316409
      ],
      [
       17.1352564,
       48.9305149
      ],
      [
       17.1265069,
       48.9300475
      ],
      [
       17.1177337,
       48.9302449
      ],
      [
       17.1090533,
       48.9311046
      ],
      [
       17.100581,
       48.932615
      ],
      [
       17.0924295,
       48.9347561
      ],
      [
       17.084707,
       48.9374994
      ],
      [
       17.0775162,
       48.9408086
      ],
      [
       17.0709528,
       48.9446397
      ],
      [
       17.0651043,
       48.9489416
      ],
      [
       17.0600485,
       48.9536572
      ],
      [
       17.0558529,
       48.9587239
      ],
      [
       17.0525737,
       48.9640741
      ],
      [
       17.0502548,
       48.9696368
      ],
      [
       17.0489273,
       48.9753377
      ],
      [
       17.0486092,
       48.9811012
      ],
      [
       17.0493053,
       48.9868502
      ],
      [
       17.0510064,
       48.9925084
      ],
      [
       17.0536904,
       48.9980001
      ],
      [
       17.0573216,
       49.0032523
      ],
      [
       17.0618521,
       49.0081948
      ],
      [
       17.0672215,
       49.0127617
      ],
      [
       17.0733585,
       49.0168921
      ],
      [
       17.0801813,
       49.0205307
      ],
      [
       17.0875989,
       49.0236291
      ],
      [
       17.0955123,
       49.0261458
      ],
      [
       17.103816,
       49.0280472
      ],
      [
       17.112399,
       49.029308
      ],
      [
       17.1211467,
       49.0299112
      ],
      [
       17.1247222,
       49.0299662
      ]
     ]
    ]
   }
  },
  {
   "type": "Feature",
   "properties": {
    "ll": {
     "value": 0,
     "unit": 1,
     "referenceDatum": 0
    },
    "ul": {
     "value": 4000,
     "unit": 1,
     "referenceDatum": 1
    },
    "_id": "626148871eacded7b7bb370d",
    "name": "LKLB ATZ 122.605",
    "type": 0,
    "icao": 6,
    "bnd": [
     [
      50.7183808,
      14.9460149
     ],
     [
      50.8182996,
      15.1039158
     ]
    ]
   },
   "geometry": {
    "type": "Polygon",
    "coordinates": [
     [
      [
       15.025,
       50.8182996
      ],
      [
       15.0341132,
       50.8179664
      ],
      [
       15.0431046,
       50.8169713
      ],
      [
       15.051854,
       50.8153276
      ],
      [
       15.0602447,
       50.8130572
      ],
      [
       15.0681644,
       50.8101905
      ],
      [
       15.0755076,
       50.8067658
      ],
      [
       15.0821762,
       50.8028288
      ],
      [
       15.0880814,
       50.7984321
      ],
      [
       15.0931447,
       50.7936343
      ],
      [
       15.0972986,
       50.7884996
      ],
      [
       15.1004881,
       50.7830965
      ],
      [
       15.102671,
       50.7774969
      ],
      [
       15.1038185,
       50.7717755
      ],
      [
       15.1039158,
       50.7660086
      ],
      [
       15.1029619,
       50.7602731
      ],
      [
       15.1009699,
       50.7546452
      ],
      [
       15.0979667,
       50.7492
      ],
      [
       15.0939926,
       50.7440099
      ],
      [
       15.0891009,
       50.7391439
      ],
      [
       15.0833567,
       50.7346668
      ],
      [
       15.0768367,
       50.7306381
      ],
      [
       15.0696279,
       50.7271113
      ],
      [
       15.061826,
       50.7241333
      ],
      [
       15.053535,
       50.7217436
      ],
      [
       15.0448649,
       50.7199741
      ],
      [
       15.035931,
       50.7188482
      ],
      [
       15.0268519,
       50.7183808
      ],
      [
       15.0177482,
       50.7185783
      ],
      [
       15.0087409,
       50.7194378
      ],
      [
       14.9999494,
       50.7209481
      ],
      [
       14.9914907,
       50.7230891
      ],
      [
       14.9834771,
       50.7258323
      ],
      [
       14.9760152,
       50.7291413
      ],
      [
       14.9692043,
       50.7329722
      ],
      [
       14.963135,
       50.7372739
      ],
      [
       14.9578882,
       50.7419894
      ],
      [
       14.953534,
       50.7470559
      ],
      [
       14.9501306,
       50.752406
      ],
      [
       14.9477237,
       50.7579685
      ],
      [
       14.9463455,
       50.7636694
      ],
      [
       14.9460149,
       50.7694329
      ],
      [
       14.9467366,
       50.775182
      ],
      [
       14.9485014,
       50.7808402
      ],
      [
       14.9512861,
       50.786332
      ],
      [
       14.955054,
       50.7915844
      ],
      [
       14.9597551,
       50.796527
      ],
      [
       14.965327,
       50.8010941
      ],
      [
       14.9716956,
       50.8052247
      ],
      [
       14.9787759,
       50.8088635
      ],
      [
       14.9864737,
       50.811962
      ],
      [
       14.9946861,
       50.8144789
      ],
      [
       15.0033036,
       50.8163804
      ],
      [
       15.012211,
       50.8176413
      ],
      [
       15.0212893,
       50.8182445
      ],
      [
       15.025,
       50.8182996
      ]
     ]
    ]
   }
  },
  {
   "type": "Feature",
   "properties": {
    "ll": {
     "value": 0,
     "unit": 1,
     "referenceDatum": 0
    },
    "ul": {
     "value": 13500,
     "unit": 1,
     "referenceDatum": 1
    },
    "_id": "626148875e9ded571043e409",
    "name": "LKLB PARA ZONE",
    "type": 2,
    "icao": 7,
    "bnd": [
     [
      50.7183808,
      14.9460149
     ],
     [
      50.8182996,
      15.1039158
     ]
    ]
   },
   "geometry": {
    "type": "Polygon",
    "coordinates": [
     [
      [
       15.025,
       50.8182996
      ],
      [
       15.0341132,
       50.8179664
      ],
      [
       15.0431046,
       50.8169713
      ],
      [
       15.051854,
       50.8153276
      ],
      [
       15.0602447,
       50.8130572
      ],
      [
       15.0681644,
       50.8101905
      ],
      [
       15.0755076,
       50.8067658
      ],
      [
       15.0821762,
       50.8028288
      ],
      [
       15.0880814,
       50.7984321
      ],
      [
       15.0931447,
       50.7936343
      ],
      [
       15.0972986,
       50.7884996
      ],
      [
       15.1004881,
       50.7830965
      ],
      [
       15.102671,
       50.7774969
      ],
      [
       15.1038185,
       50.7717755
      ],
      [
       15.1039158,
       50.7660086
      ],
      [
       15.1029619,
       50.7602731
      ],
      [
       15.1009699,
       50.7546452
      ],
      [
       15.0979667,
       50.7492
      ],
      [
       15.0939926,
       50.7440099
      ],
      [
       15.0891009,
       50.7391439
      ],
      [
       15.0833567,
       50.7346668
      ],
      [
       15.0768367,
       50.7306381
      ],
      [
       15.0696279,
       50.7271113
      ],
      [
       15.061826,
       50.7241333
      ],
      [
       15.053535,
       50.7217436
      ],
      [
       15.0448649,
       50.7199741
      ],
      [
       15.035931,
       50.7188482
      ],
      [
       15.0268519,
       50.7183808
      ],
      [
       15.0177482,
       50.7185783
      ],
      [
       15.0087409,
       50.7194378
      ],
      [
       14.9999494,
       50.7209481
      ],
      [
       14.9914907,
       50.7230891
      ],
      [
       14.9834771,
       50.7258323
      ],
      [
       14.9760152,
       50.7291413
      ],
      [
       14.9692043,
       50.7329722
      ],
      [
       14.963135,
       50.7372739
      ],
      [
       14.9578882,
       50.7419894
      ],
      [
       14.953534,
       50.7470559
      ],
      [
       14.9501306,
       50.752406
      ],
      [
       14.9477237,
       50.7579685
      ],
      [
       14.9463455,
       50.7636694
      ],
      [
       14.9460149,
       50.7694329
      ],
      [
       14.9467366,
       50.775182
      ],
      [
       14.9485014,
       50.7808402
      ],
      [
       14.9512861,
       50.786332
      ],
      [
       14.955054,
       50.7915844
      ],
      [
       14.9597551,
       50.796527
      ],
      [
       14.965327,
       50.8010941
      ],
      [
       14.9716956,
       50.8052247
      ],
      [
       14.9787759,
       50.8088635
      ],
      [
       14.9864737,
       50.811962
      ],
      [
       14.9946861,
       50.8144789
      ],
      [
       15.0033036,
       50.8163804
      ],
      [
       15.012211,
       50.8176413
      ],
      [
       15.0212893,
       50.8182445
      ],
      [
       15.025,
       50.8182996
      ]
     ]
    ]
   }
  },
  {
   "type": "Feature",
   "properties": {
    "ll": {
     "value": 0,
     "unit": 1,
     "referenceDatum": 0
    },
    "ul": {
     "value": 4000,
     "unit": 1,
     "referenceDatum": 1
    },
    "_id": "626148875e9ded571043e415",
    "name": "LKLN ATZ 129.005",
    "type": 0,
    "icao": 6,
    "bnd": [
     [
      49.6253253,
      13.1972489
     ],
     [
      49.725244,
      13.3515725
     ]
    ]
   },
   "geometry": {
    "type": "Polygon",
    "coordinates": [
     [
      [
       13.2744444,
       49.725244
      ],
      [
       13.2833508,
       49.7249109
      ],
      [
       13.2921381,
       49.7239158
      ],
      [
       13.3006891,
       49.7222721
      ],
      [
       13.3088893,
       49.7200018
      ],
      [
       13.3166295,
       49.7171352
      ],
      [
       13.3238061,
       49.7137106
      ],
      [
       13.3303237,
       49.7097738
      ],
      [
       13.3360952,
       49.7053772
      ],
      [
       13.3410438,
       49.7005795
      ],
      [
       13.3451039,
       49.6954449
      ],
      [
       13.3482214,
       49.6900418
      ],
      [
       13.3503551,
       49.6844423
      ],
      [
       13.351477,
       49.6787209
      ],
      [
       13.3515725,
       49.6729541
      ],
      [
       13.3506405,
       49.6672185
      ],
      [
       13.348694,
       49.6615906
      ],
      [
       13.3457591,
       49.6561453
      ],
      [
       13.3418753,
       49.6509551
      ],
      [
       13.3370945,
       49.646089
      ],
      [
       13.3314806,
       49.6416118
      ],
      [
       13.3251083,
       49.6375829
      ],
      [
       13.3180627,
       49.634056
      ],
      [
       13.3104374,
       49.6310779
      ],
      [
       13.302334,
       49.6286882
      ],
      [
       13.29386,
       49.6269186
      ],
      [
       13.2851282,
       49.6257926
      ],
      [
       13.2762545,
       49.6253253
      ],
      [
       13.2673567,
       49.6255227
      ],
      [
       13.258553,
       49.6263823
      ],
      [
       13.2499605,
       49.6278927
      ],
      [
       13.2416931,
       49.6300337
      ],
      [
       13.2338609,
       49.6327771
      ],
      [
       13.226568,
       49.6360862
      ],
      [
       13.2199113,
       49.6399171
      ],
      [
       13.2139795,
       49.644219
      ],
      [
       13.2088518,
       49.6489346
      ],
      [
       13.2045964,
       49.6540011
      ],
      [
       13.2012704,
       49.6593513
      ],
      [
       13.1989183,
       49.6649139
      ],
      [
       13.1975717,
       49.6706149
      ],
      [
       13.1972489,
       49.6763783
      ],
      [
       13.1979546,
       49.6821274
      ],
      [
       13.1996797,
       49.6877856
      ],
      [
       13.2024017,
       49.6932774
      ],
      [
       13.2060845,
       49.6985296
      ],
      [
       13.2106792,
       49.7034722
      ],
      [
       13.216125,
       49.7080391
      ],
      [
       13.2223493,
       49.7121696
      ],
      [
       13.2292691,
       49.7158083
      ],
      [
       13.2367923,
       49.7189067
      ],
      [
       13.2448184,
       49.7214235
      ],
      [
       13.2532404,
       49.723325
      ],
      [
       13.2619457,
       49.7245857
      ],
      [
       13.270818,
       49.7251889
      ],
      [
       13.2744444,
       49.725244
      ]
     ]
    ]
   }
  },
  {
   "type": "Feature",
   "properties": {
    "ll": {
     "value": 0,
     "unit": 1,
     "referenceDatum": 0
    },
    "ul": {
     "value": 13500,
     "unit": 1,
     "referenceDatum": 1
    },
    "_id": "626148871eacded7b7bb3719",
    "name": "LKLN PARA ZONE",
    "type": 2,
    "icao": 7,
    "bnd": [
     [
      49.6253253,
      13.1972489
     ],
     [
      49.725244,
      13.3515725
     ]
    ]
   },
   "geometry": {
    "type": "Polygon",
    "coordinates": [
     [
      [
       13.2744444,
       49.725244
      ],
      [
       13.2833508,
       49.7249109
      ],
      [
       13.2921381,
       49.7239158
      ],
      [
       13.3006891,
       49.7222721
      ],
      [
       13.3088893,
       49.7200018
      ],
      [
       13.3166295,
       49.7171352
      ],
      [
       13.3238061,
       49.7137106
      ],
      [
       13.3303237,
       49.7097738
      ],
      [
       13.3360952,
       49.7053772
      ],
      [
       13.3410438,
       49.7005795
      ],
      [
       13.3451039,
       49.6954449
      ],
      [
       13.3482214,
       49.6900418
      ],
      [
       13.3503551,
       49.6844423
      ],
      [
       13.351477,
       49.6787209
      ],
      [
       13.3515725,
       49.6729541
      ],
      [
       13.3506405,
       49.6672185
      ],
      [
       13.348694,
       49.6615906
      ],
      [
       13.3457591,
       49.6561453
      ],
      [
       13.3418753,
       49.6509551
      ],
      [
       13.3370945,
       49.646089
      ],
      [
       13.3314806,
       49.6416118
      ],
      [
       13.3251083,
       49.6375829
      ],
      [
       13.3180627,
       49.634056
      ],
      [
       13.3104374,
       49.6310779
      ],
      [
       13.302334,
       49.6286882
      ],
      [
       13.29386,
       49.6269186
      ],
      [
       13.2851282,
       49.6257926
      ],
      [
       13.2762545,
       49.6253253
      ],
      [
       13.2673567,
       49.6255227
      ],
      [
       13.258553,
       49.6263823
      ],
      [
       13.2499605,
       49.6278927
      ],
      [
       13.2416931,
       49.6300337
      ],
      [
       13.2338609,
       49.6327771
      ],
      [
       13.226568,
       49.6360862
      ],
      [
       13.2199113,
       49.6399171
      ],
      [
       13.2139795,
       49.644219
      ],
      [
       13.2088518,
       49.6489346
      ],
      [
       13.2045964,
       49.6540011
      ],
      [
       13.2012704,
       49.6593513
      ],
      [
       13.1989183,
       49.6649139
      ],
      [
       13.1975717,
       49.6706149
      ],
      [
       13.1972489,
       49.6763783
      ],
      [
       13.1979546,
       49.6821274
      ],
      [
       13.1996797,
       49.6877856
      ],
      [
       13.2024017,
       49.6932774
      ],
      [
       13.2060845,
       49.6985296
      ],
      [
       13.2106792,
       49.7034722
      ],
      [
       13.216125,
       49.7080391
      ],
      [
       13.2223493,
       49.7121696
      ],
      [
       13.2292691,
       49.7158083
      ],
      [
       13.2367923,
       49.7189067
      ],
      [
       13.2448184,
       49.7214235
      ],
      [
       13.2532404,
       49.723325
      ],
      [
       13.2619457,
       49.7245857
      ],
      [
       13.270818,
       49.7251889
      ],
      [
       13.2744444,
       49.725244
      ]
     ]
    ]
   }
  },
  {
   "type": "Feature",
   "properties": {
    "ll": {
     "value": 0,
     "unit": 1,
     "referenceDatum": 0
    },
    "ul": {
     "value": 4000,
     "unit": 1,
     "referenceDatum": 1
    },
    "_id": "626148871eacded7b7bb3726",
    "name": "LKLU ATZ 125.285",
    "type": 0,
    "icao": 6,
    "bnd": [
     [
      49.0422697,
      17.6487151
     ],
     [
      49.1421885,
      17.8012183
     ]
    ]
   },
   "geometry": {
    "type": "Polygon",
    "coordinates": [
     [
      [
       17.725,
       49.1421885
      ],
      [
       17.7338011,
       49.1418553
      ],
      [
       17.7424846,
       49.1408603
      ],
      [
       17.7509345,
       49.1392166
      ],
      [
       17.7590379,
       49.1369464
      ],
      [
       17.7666867,
       49.1340798
      ],
      [
       17.7737786,
       49.1306553
      ],
      [
       17.7802193,
       49.1267185
      ],
      [
       17.7859227,
       49.1223219
      ],
      [
       17.7908131,
       49.1175244
      ],
      [
       17.7948253,
       49.1123898
      ],
      [
       17.7979062,
       49.1069868
      ],
      [
       17.800015,
       49.1013872
      ],
      [
       17.8011238,
       49.0956659
      ],
      [
       17.8012183,
       49.089899
      ],
      [
       17.8002975,
       49.0841635
      ],
      [
       17.7983741,
       49.0785355
      ],
      [
       17.795474,
       49.0730902
      ],
      [
       17.7916361,
       49.0679
      ],
      [
       17.7869118,
       49.0630338
      ],
      [
       17.7813641,
       49.0585565
      ],
      [
       17.775067,
       49.0545276
      ],
      [
       17.7681045,
       49.0510006
      ],
      [
       17.7605691,
       49.0480225
      ],
      [
       17.7525611,
       49.0456327
      ],
      [
       17.744187,
       49.0438631
      ],
      [
       17.735558,
       49.0427371
      ],
      [
       17.7267887,
       49.0422697
      ],
      [
       17.7179957,
       49.0424672
      ],
      [
       17.7092957,
       49.0433268
      ],
      [
       17.7008044,
       49.0448372
      ],
      [
       17.6926344,
       49.0469783
      ],
      [
       17.6848945,
       49.0497216
      ],
      [
       17.6776875,
       49.0530308
      ],
      [
       17.6711093,
       49.0568618
      ],
      [
       17.6652475,
       49.0611637
      ],
      [
       17.6601803,
       49.0658794
      ],
      [
       17.6559753,
       49.070946
      ],
      [
       17.6526886,
       49.0762962
      ],
      [
       17.6503644,
       49.0818589
      ],
      [
       17.6490339,
       49.0875599
      ],
      [
       17.6487151,
       49.0933233
      ],
      [
       17.6494127,
       49.0990724
      ],
      [
       17.6511176,
       49.1047305
      ],
      [
       17.6538076,
       49.1102223
      ],
      [
       17.6574471,
       49.1154745
      ],
      [
       17.6619877,
       49.120417
      ],
      [
       17.6673693,
       49.1249839
      ],
      [
       17.6735201,
       49.1291143
      ],
      [
       17.6803583,
       49.1327529
      ],
      [
       17.6877927,
       49.1358513
      ],
      [
       17.695724,
       49.138368
      ],
      [
       17.7040465,
       49.1402694
      ],
      [
       17.7126489,
       49.1415302
      ],
      [
       17.7214164,
       49.1421334
      ],
      [
       17.725,
       49.1421885
      ]
     ]
    ]
   }
  },
  {
   "type": "Feature",
   "properties": {
    "ll": {
     "value": 0,
     "unit": 1,
     "referenceDatum": 0
    },
    "ul": {
     "value": 4000,
     "unit": 1,
     "referenceDatum": 1
    },
    "_id": "626148885e9ded571043e425",
    "name": "LKMB ATZ 123.610",
    "type": 0,
    "icao": 6,
    "bnd": [
     [
      50.3483808,
      14.8199664
     ],
     [
      50.4482996,
      14.9766316
     ]
    ]
   },
   "geometry": {
    "type": "Polygon",
    "coordinates": [
     [
      [
       14.8983333,
       50.4482996
      ],
      [
       14.9073751,
       50.4479664
      ],
      [
       14.916296,
       50.4469713
      ],
      [
       14.9249769,
       50.4453276
      ],
      [
       14.9333017,
       50.4430573
      ],
      [
       14.9411594,
       50.4401906
      ],
      [
       14.9484451,
       50.4367659
      ],
      [
       14.9550615,
       50.432829
      ],
      [
       14.9609205,
       50.4284323
      ],
      [
       14.9659442,
       50.4236346
      ],
      [
       14.9700657,
       50.4184999
      ],
      [
       14.9732303,
       50.4130968
      ],
      [
       14.9753963,
       50.4074972
      ],
      [
       14.9765349,
       50.4017758
      ],
      [
       14.9766316,
       50.396009
      ],
      [
       14.9756853,
       50.3902734
      ],
      [
       14.973709,
       50.3846455
      ],
      [
       14.9707294,
       50.3792003
      ],
      [
       14.9667865,
       50.3740102
      ],
      [
       14.961933,
       50.3691441
      ],
      [
       14.9562338,
       50.364667
      ],
      [
       14.9497649,
       50.3606382
      ],
      [
       14.9426125,
       50.3571114
      ],
      [
       14.9348716,
       50.3541333
      ],
      [
       14.9266454,
       50.3517437
      ],
      [
       14.918043,
       50.3499741
      ],
      [
       14.9091789,
       50.3488482
      ],
      [
       14.9001708,
       50.3483808
      ],
      [
       14.8911382,
       50.3485783
      ],
      [
       14.8822012,
       50.3494378
      ],
      [
       14.8734785,
       50.3509482
      ],
      [
       14.8650859,
       50.3530892
      ],
      [
       14.8571349,
       50.3558324
      ],
      [
       14.8497314,
       50.3591415
      ],
      [
       14.8429737,
       50.3629723
      ],
      [
       14.836952,
       50.3672741
      ],
      [
       14.8317463,
       50.3719896
      ],
      [
       14.8274263,
       50.3770562
      ],
      [
       14.8240496,
       50.3824063
      ],
      [
       14.8216616,
       50.3879689
      ],
      [
       14.8202943,
       50.3936698
      ],
      [
       14.8199664,
       50.3994332
      ],
      [
       14.8206826,
       50.4051823
      ],
      [
       14.8224337,
       50.4108405
      ],
      [
       14.8251967,
       50.4163324
      ],
      [
       14.8289352,
       50.4215846
      ],
      [
       14.8335996,
       50.4265273
      ],
      [
       14.8391279,
       50.4310943
      ],
      [
       14.8454466,
       50.4352248
      ],
      [
       14.8524715,
       50.4388636
      ],
      [
       14.860109,
       50.4419621
      ],
      [
       14.8682571,
       50.4444789
      ],
      [
       14.876807,
       50.4463805
      ],
      [
       14.8856446,
       50.4476413
      ],
      [
       14.8946517,
       50.4482445
      ],
      [
       14.8983333,
       50.4482996
      ]
     ]
    ]
   }
  },
  {
   "type": "Feature",
   "properties": {
    "ll": {
     "value": 0,
     "unit": 1,
     "referenceDatum": 0
    },
    "ul": {
     "value": 13500,
     "unit": 1,
     "referenceDatum": 1
    },
    "_id": "626148885e9ded571043e42f",
    "name": "LKMB PARA ZONE",
    "type": 2,
    "icao": 7,
    "bnd": [
     [
      50.3483808,
      14.8199664
     ],
     [
      50.4482996,
      14.9766316
     ]
    ]
   },
   "geometry": {
    "type": "Polygon",
    "coordinates": [
     [
      [
       14.8983333,
       50.4482996
      ],
      [
       14.9073751,
       50.4479664
      ],
      [
       14.916296,
       50.4469713
      ],
      [
       14.9249769,
       50.4453276
      ],
      [
       14.9333017,
       50.4430573
      ],
      [
       14.9411594,
       50.4401906
      ],
      [
       14.9484451,
       50.4367659
      ],
      [
       14.9550615,
       50.432829
      ],
      [
       14.9609205,
       50.4284323
      ],
      [
       14.9659442,
       50.4236346
      ],
      [
       14.9700657,
       50.4184999
      ],
      [
       14.9732303,
       50.4130968
      ],
      [
       14.9753963,
       50.4074972
      ],
      [
       14.9765349,
       50.4017758
      ],
      [
       14.9766316,
       50.396009
      ],
      [
       14.9756853,
       50.3902734
      ],
      [
       14.973709,
       50.3846455
      ],
      [
       14.9707294,
       50.3792003
      ],
      [
       14.9667865,
       50.3740102
      ],
      [
       14.961933,
       50.3691441
      ],
      [
       14.9562338,
       50.364667
      ],
      [
       14.9497649,
       50.3606382
      ],
      [
       14.9426125,
       50.3571114
      ],
      [
       14.9348716,
       50.3541333
      ],
      [
       14.9266454,
       50.3517437
      ],
      [
       14.918043,
       50.3499741
      ],
      [
       14.9091789,
       50.3488482
      ],
      [
       14.9001708,
       50.3483808
      ],
      [
       14.8911382,
       50.3485783
      ],
      [
       14.8822012,
       50.3494378
      ],
      [
       14.8734785,
       50.3509482
      ],
      [
       14.8650859,
       50.3530892
      ],
      [
       14.8571349,
       50.3558324
      ],
      [
       14.8497314,
       50.3591415
      ],
      [
       14.8429737,
       50.3629723
      ],
      [
       14.836952,
       50.3672741
      ],
      [
       14.8317463,
       50.3719896
      ],
      [
       14.8274263,
       50.3770562
      ],
      [
       14.8240496,
       50.3824063
      ],
      [
       14.8216616,
       50.3879689
      ],
      [
       14.8202943,
       50.3936698
      ],
      [
       14.8199664,
       50.3994332
      ],
      [
       14.8206826,
       50.4051823
      ],
      [
       14.8224337,
       50.4108405
      ],
      [
       14.8251967,
       50.4163324
      ],
      [
       14.8289352,
       50.4215846
      ],
      [
       14.8335996,
       50.4265273
      ],
      [
       14.8391279,
       50.4310943
      ],
      [
       14.8454466,
       50.4352248
      ],
      [
       14.8524715,
       50.4388636
      ],
      [
       14.860109,
       50.4419621
      ],
      [
       14.8682571,
       50.4444789
      ],
      [
       14.876807,
       50.4463805
      ],
      [
       14.8856446,
       50.4476413
      ],
      [
       14.8946517,
       50.4482445
      ],
      [
       14.8983333,
       50.4482996
      ]
     ]
    ]
   }
  },
  {
   "type": "Feature",
   "properties": {
    "ll": {
     "value": 0,
     "unit": 1,
     "referenceDatum": 0
    },
    "ul": {
     "value": 4000,
     "unit": 1,
     "referenceDatum": 1
    },
    "_id": "626148881eacded7b7bb3736",
    "name": "LKMH ATZ 120.405",
    "type": 0,
    "icao": 6,
    "bnd": [
     [
      50.4900475,
      14.9280646
     ],
     [
      50.5899662,
      15.0851998
     ]
    ]
   },
   "geometry": {
    "type": "Polygon",
    "coordinates": [
     [
      [
       15.0066667,
       50.5899662
      ],
      [
       15.0157356,
       50.5896331
      ],
      [
       15.0246833,
       50.588638
      ],
      [
       15.0333903,
       50.5869943
      ],
      [
       15.0417401,
       50.5847239
      ],
      [
       15.0496214,
       50.5818572
      ],
      [
       15.056929,
       50.5784325
      ],
      [
       15.0635653,
       50.5744956
      ],
      [
       15.0694419,
       50.5700989
      ],
      [
       15.0744806,
       50.5653012
      ],
      [
       15.0786144,
       50.5601665
      ],
      [
       15.0817885,
       50.5547633
      ],
      [
       15.0839609,
       50.5491637
      ],
      [
       15.085103,
       50.5434424
      ],
      [
       15.0851998,
       50.5376755
      ],
      [
       15.0842506,
       50.5319399
      ],
      [
       15.0822684,
       50.5263121
      ],
      [
       15.0792798,
       50.5208669
      ],
      [
       15.075325,
       50.5156767
      ],
      [
       15.070457,
       50.5108107
      ],
      [
       15.0647407,
       50.5063336
      ],
      [
       15.0582524,
       50.5023048
      ],
      [
       15.0510785,
       50.498778
      ],
      [
       15.0433144,
       50.4958
      ],
      [
       15.0350635,
       50.4934103
      ],
      [
       15.0264354,
       50.4916408
      ],
      [
       15.0175447,
       50.4905149
      ],
      [
       15.0085096,
       50.4900475
      ],
      [
       14.99945,
       50.4902449
      ],
      [
       14.9904862,
       50.4911045
      ],
      [
       14.9817374,
       50.4926148
      ],
      [
       14.9733196,
       50.4947558
      ],
      [
       14.9653448,
       50.4974991
      ],
      [
       14.9579191,
       50.5008081
      ],
      [
       14.9511412,
       50.5046389
      ],
      [
       14.9451013,
       50.5089407
      ],
      [
       14.93988,
       50.5136562
      ],
      [
       14.935547,
       50.5187227
      ],
      [
       14.9321602,
       50.5240728
      ],
      [
       14.9297649,
       50.5296354
      ],
      [
       14.9283935,
       50.5353363
      ],
      [
       14.9280646,
       50.5410997
      ],
      [
       14.9287828,
       50.5468488
      ],
      [
       14.9305392,
       50.552507
      ],
      [
       14.9333105,
       50.5579989
      ],
      [
       14.9370601,
       50.5632512
      ],
      [
       14.9417385,
       50.5681938
      ],
      [
       14.9472834,
       50.5727609
      ],
      [
       14.9536211,
       50.5768914
      ],
      [
       14.960667,
       50.5805302
      ],
      [
       14.9683274,
       50.5836288
      ],
      [
       14.9765,
       50.5861456
      ],
      [
       14.9850756,
       50.5880471
      ],
      [
       14.9939398,
       50.5893079
      ],
      [
       15.002974,
       50.5899112
      ],
      [
       15.0066667,
       50.5899662
      ]
     ]
    ]
   }
  },
  {
   "type": "Feature",
   "properties": {
    "ll": {
     "value": 0,
     "unit": 1,
     "referenceDatum": 0
    },
    "ul": {
     "value": 4000,
     "unit": 1,
     "referenceDatum": 1
    },
    "_id": "626148885e9ded571043e439",
    "name": "LKMI ATZ 123.510",
    "type": 0,
    "icao": 6,
    "bnd": [
     [
      50.2517142,
      17.2192924
     ],
     [
      50.3516329,
      17.375639
     ]
    ]
   },
   "geometry": {
    "type": "Polygon",
    "coordinates": [
     [
      [
       17.2975,
       50.3516329
      ],
      [
       17.3065233,
       50.3512997
      ],
      [
       17.3154261,
       50.3503046
      ],
      [
       17.3240892,
       50.348661
      ],
      [
       17.3323972,
       50.3463906
      ],
      [
       17.3402389,
       50.343524
      ],
      [
       17.3475097,
       50.3400993
      ],
      [
       17.3541126,
       50.3361623
      ],
      [
       17.3599598,
       50.3317657
      ],
      [
       17.3649732,
       50.326968
      ],
      [
       17.3690864,
       50.3218333
      ],
      [
       17.3722446,
       50.3164302
      ],
      [
       17.3744061,
       50.3108306
      ],
      [
       17.3755425,
       50.3051093
      ],
      [
       17.375639,
       50.2993424
      ],
      [
       17.3746947,
       50.2936068
      ],
      [
       17.3727224,
       50.287979
      ],
      [
       17.3697489,
       50.2825337
      ],
      [
       17.3658141,
       50.2773436
      ],
      [
       17.3609705,
       50.2724775
      ],
      [
       17.3552829,
       50.2680004
      ],
      [
       17.3488271,
       50.2639716
      ],
      [
       17.3416892,
       50.2604447
      ],
      [
       17.3339641,
       50.2574667
      ],
      [
       17.3257545,
       50.255077
      ],
      [
       17.3171697,
       50.2533075
      ],
      [
       17.3083236,
       50.2521815
      ],
      [
       17.2993337,
       50.2517142
      ],
      [
       17.2903195,
       50.2519116
      ],
      [
       17.2814006,
       50.2527712
      ],
      [
       17.2726956,
       50.2542815
      ],
      [
       17.2643201,
       50.2564225
      ],
      [
       17.2563853,
       50.2591658
      ],
      [
       17.2489968,
       50.2624748
      ],
      [
       17.2422528,
       50.2663057
      ],
      [
       17.2362433,
       50.2706075
      ],
      [
       17.2310483,
       50.275323
      ],
      [
       17.226737,
       50.2803896
      ],
      [
       17.2233673,
       50.2857397
      ],
      [
       17.2209841,
       50.2913023
      ],
      [
       17.2196197,
       50.2970032
      ],
      [
       17.2192924,
       50.3027666
      ],
      [
       17.2200072,
       50.3085157
      ],
      [
       17.2217548,
       50.3141739
      ],
      [
       17.2245122,
       50.3196658
      ],
      [
       17.2282431,
       50.324918
      ],
      [
       17.2328981,
       50.3298607
      ],
      [
       17.2384151,
       50.3344277
      ],
      [
       17.244721,
       50.3385582
      ],
      [
       17.2517316,
       50.342197
      ],
      [
       17.2593535,
       50.3452955
      ],
      [
       17.267485,
       50.3478123
      ],
      [
       17.2760175,
       50.3497138
      ],
      [
       17.2848371,
       50.3509746
      ],
      [
       17.2938259,
       50.3515778
      ],
      [
       17.2975,
       50.3516329
      ]
     ]
    ]
   }
  },
  {
   "type": "Feature",
   "properties": {
    "ll": {
     "value": 0,
     "unit": 1,
     "referenceDatum": 0
    },
    "ul": {
     "value": 13500,
     "unit": 1,
     "referenceDatum": 1
    },
    "_id": "626148881eacded7b7bb3743",
    "name": "LKMI PARA ZONE",
    "type": 2,
    "icao": 7,
    "bnd": [
     [
      50.2517142,
      17.2192924
     ],
     [
      50.3516329,
      17.375639
     ]
    ]
   },
   "geometry": {
    "type": "Polygon",
    "coordinates": [
     [
      [
       17.2975,
       50.3516329
      ],
      [
       17.3065233,
       50.3512997
      ],
      [
       17.3154261,
       50.3503046
      ],
      [
       17.3240892,
       50.348661
      ],
      [
       17.3323972,
       50.3463906
      ],
      [
       17.3402389,
       50.343524
      ],
      [
       17.3475097,
       50.3400993
      ],
      [
       17.3541126,
       50.3361623
      ],
      [
       17.3599598,
       50.3317657
      ],
      [
       17.3649732,
       50.326968
      ],
      [
       17.3690864,
       50.3218333
      ],
      [
       17.3722446,
       50.3164302
      ],
      [
       17.3744061,
       50.3108306
      ],
      [
       17.3755425,
       50.3051093
      ],
      [
       17.375639,
       50.2993424
      ],
      [
       17.3746947,
       50.2936068
      ],
      [
       17.3727224,
       50.287979
      ],
      [
       17.3697489,
       50.2825337
      ],
      [
       17.3658141,
       50.2773436
      ],
      [
       17.3609705,
       50.2724775
      ],
      [
       17.3552829,
       50.2680004
      ],
      [
       17.3488271,
       50.2639716
      ],
      [
       17.3416892,
       50.2604447
      ],
      [
       17.3339641,
       50.2574667
      ],
      [
       17.3257545,
       50.255077
      ],
      [
       17.3171697,
       50.2533075
      ],
      [
       17.3083236,
       50.2521815
      ],
      [
       17.2993337,
       50.2517142
      ],
      [
       17.2903195,
       50.2519116
      ],
      [
       17.2814006,
       50.2527712
      ],
      [
       17.2726956,
       50.2542815
      ],
      [
       17.2643201,
       50.2564225
      ],
      [
       17.2563853,
       50.2591658
      ],
      [
       17.2489968,
       50.2624748
      ],
      [
       17.2422528,
       50.2663057
      ],
      [
       17.2362433,
       50.2706075
      ],
      [
       17.2310483,
       50.275323
      ],
      [
       17.226737,
       50.2803896
      ],
      [
       17.2233673,
       50.2857397
      ],
      [
       17.2209841,
       50.2913023
      ],
      [
       17.2196197,
       50.2970032
      ],
      [
       17.2192924,
       50.3027666
      ],
      [
       17.2200072,
       50.3085157
      ],
      [
       17.2217548,
       50.3141739
      ],
      [
       17.2245122,
       50.3196658
      ],
      [
       17.2282431,
       50.324918
      ],
      [
       17.2328981,
       50.3298607
      ],
      [
       17.2384151,
       50.3344277
      ],
      [
       17.244721,
       50.3385582
      ],
      [
       17.2517316,
       50.342197
      ],
      [
       17.2593535,
       50.3452955
      ],
      [
       17.267485,
       50.3478123
      ],
      [
       17.2760175,
       50.3497138
      ],
      [
       17.2848371,
       50.3509746
      ],
      [
       17.2938259,
       50.3515778
      ],
      [
       17.2975,
       50.3516329
      ]
     ]
    ]
   }
  },
  {
   "type": "Feature",
   "properties": {
    "ll": {
     "value": 0,
     "unit": 1,
     "referenceDatum": 0
    },
    "ul": {
     "value": 4000,
     "unit": 1,
     "referenceDatum": 1
    },
    "_id": "626148881eacded7b7bb3751",
    "name": "LKMK ATZ 130.540",
    "type": 0,
    "icao": 6,
    "bnd": [
     [
      49.7483808,
      16.6103862
     ],
     [
      49.8482996,
      16.7651016
     ]
    ]
   },
   "geometry": {
    "type": "Polygon",
    "coordinates": [
     [
      [
       16.6877778,
       49.8482996
      ],
      [
       16.6967068,
       49.8479664
      ],
      [
       16.7055165,
       49.8469713
      ],
      [
       16.7140891,
       49.8453277
      ],
      [
       16.7223103,
       49.8430574
      ],
      [
       16.7300701,
       49.8401908
      ],
      [
       16.737265,
       49.8367661
      ],
      [
       16.743799,
       49.8328293
      ],
      [
       16.7495852,
       49.8284326
      ],
      [
       16.7545464,
       49.823635
      ],
      [
       16.7586167,
       49.8185004
      ],
      [
       16.7617421,
       49.8130973
      ],
      [
       16.7638813,
       49.8074977
      ],
      [
       16.765006,
       49.8017764
      ],
      [
       16.7651016,
       49.7960095
      ],
      [
       16.7641673,
       49.7902739
      ],
      [
       16.7622158,
       49.7846461
      ],
      [
       16.7592734,
       49.7792008
      ],
      [
       16.7553797,
       49.7740106
      ],
      [
       16.7505867,
       49.7691445
      ],
      [
       16.7449585,
       49.7646673
      ],
      [
       16.7385701,
       49.7606384
      ],
      [
       16.7315066,
       49.7571115
      ],
      [
       16.723862,
       49.7541335
      ],
      [
       16.715738,
       49.7517437
      ],
      [
       16.7072426,
       49.7499742
      ],
      [
       16.6984886,
       49.7488482
      ],
      [
       16.6895924,
       49.7483808
      ],
      [
       16.6806721,
       49.7485783
      ],
      [
       16.6718461,
       49.7494379
      ],
      [
       16.6632318,
       49.7509482
      ],
      [
       16.6549435,
       49.7530893
      ],
      [
       16.6470914,
       49.7558326
      ],
      [
       16.6397799,
       49.7591417
      ],
      [
       16.6331063,
       49.7629726
      ],
      [
       16.6271595,
       49.7672745
      ],
      [
       16.6220187,
       49.77199
      ],
      [
       16.6177525,
       49.7770566
      ],
      [
       16.614418,
       49.7824068
      ],
      [
       16.6120599,
       49.7879694
      ],
      [
       16.6107099,
       49.7936703
      ],
      [
       16.6103862,
       49.7994338
      ],
      [
       16.6110937,
       49.8051829
      ],
      [
       16.6128232,
       49.810841
      ],
      [
       16.615552,
       49.8163328
      ],
      [
       16.6192441,
       49.8215851
      ],
      [
       16.6238505,
       49.8265276
      ],
      [
       16.6293101,
       49.8310946
      ],
      [
       16.6355501,
       49.8352251
      ],
      [
       16.6424876,
       49.8388638
      ],
      [
       16.6500299,
       49.8419623
      ],
      [
       16.6580764,
       49.844479
      ],
      [
       16.6665198,
       49.8463805
      ],
      [
       16.6752472,
       49.8476413
      ],
      [
       16.6841421,
       49.8482445
      ],
      [
       16.6877778,
       49.8482996
      ]
     ]
    ]
   }
  },
  {
   "type": "Feature",
   "properties": {
    "ll": {
     "value": 0,
     "unit": 1,
     "referenceDatum": 0
    },
    "ul": {
     "value": 13500,
     "unit": 1,
     "referenceDatum": 1
    },
    "_id": "626148885e9ded571043e447",
    "name": "LKMK PARA ZONE",
    "type": 2,
    "icao": 7,
    "bnd": [
     [
      49.7483808,
      16.6103862
     ],
     [
      49.8482996,
      16.7651016
     ]
    ]
   },
   "geometry": {
    "type": "Polygon",
    "coordinates": [
     [
      [
       16.6877778,
       49.8482996
      ],
      [
       16.6967068,
       49.8479664
      ],
      [
       16.7055165,
       49.8469713
      ],
      [
       16.7140891,
       49.8453277
      ],
      [
       16.7223103,
       49.8430574
      ],
      [
       16.7300701,
       49.8401908
      ],
      [
       16.737265,
       49.8367661
      ],
      [
       16.743799,
       49.8328293
      ],
      [
       16.7495852,
       49.8284326
      ],
      [
       16.7545464,
       49.823635
      ],
      [
       16.7586167,
       49.8185004
      ],
      [
       16.7617421,
       49.8130973
      ],
      [
       16.7638813,
       49.8074977
      ],
      [
       16.765006,
       49.8017764
      ],
      [
       16.7651016,
       49.7960095
      ],
      [
       16.7641673,
       49.7902739
      ],
      [
       16.7622158,
       49.7846461
      ],
      [
       16.7592734,
       49.7792008
      ],
      [
       16.7553797,
       49.7740106
      ],
      [
       16.7505867,
       49.7691445
      ],
      [
       16.7449585,
       49.7646673
      ],
      [
       16.7385701,
       49.7606384
      ],
      [
       16.7315066,
       49.7571115
      ],
      [
       16.723862,
       49.7541335
      ],
      [
       16.715738,
       49.7517437
      ],
      [
       16.7072426,
       49.7499742
      ],
      [
       16.6984886,
       49.7488482
      ],
      [
       16.6895924,
       49.7483808
      ],
      [
       16.6806721,
       49.7485783
      ],
      [
       16.6718461,
       49.7494379
      ],
      [
       16.6632318,
       49.7509482
      ],
      [
       16.6549435,
       49.7530893
      ],
      [
       16.6470914,
       49.7558326
      ],
      [
       16.6397799,
       49.7591417
      ],
      [
       16.6331063,
       49.7629726
      ],
      [
       16.6271595,
       49.7672745
      ],
      [
       16.6220187,
       49.77199
      ],
      [
       16.6177525,
       49.7770566
      ],
      [
       16.614418,
       49.7824068
      ],
      [
       16.6120599,
       49.7879694
      ],
      [
       16.6107099,
       49.7936703
      ],
      [
       16.6103862,
       49.7994338
      ],
      [
       16.6110937,
       49.8051829
      ],
      [
       16.6128232,
       49.810841
      ],
      [
       16.615552,
       49.8163328
      ],
      [
       16.6192441,
       49.8215851
      ],
      [
       16.6238505,
       49.8265276
      ],
      [
       16.6293101,
       49.8310946
      ],
      [
       16.6355501,
       49.8352251
      ],
      [
       16.6424876,
       49.8388638
      ],
      [
       16.6500299,
       49.8419623
      ],
      [
       16.6580764,
       49.844479
      ],
      [
       16.6665198,
       49.8463805
      ],
      [
       16.6752472,
       49.8476413
      ],
      [
       16.6841421,
       49.8482445
      ],
      [
       16.6877778,
       49.8482996
      ]
     ]
    ]
   }
  },
  {
   "type": "Feature",
   "properties": {
    "ll": {
     "value": 0,
     "unit": 1,
     "referenceDatum": 0
    },
    "ul": {
     "value": 4000,
     "unit": 1,
     "referenceDatum": 1
    },
    "_id": "626148885e9ded571043e452",
    "name": "LKMO ATZ 118.760",
    "type": 0,
    "icao": 6,
    "bnd": [
     [
      50.4750475,
      13.6044784
     ],
     [
      50.5749662,
      13.7615638
     ]
    ]
   },
   "geometry": {
    "type": "Polygon",
    "coordinates": [
     [
      [
       13.6830556,
       50.5749662
      ],
      [
       13.6921216,
       50.5746331
      ],
      [
       13.7010665,
       50.573638
      ],
      [
       13.7097706,
       50.5719943
      ],
      [
       13.7181179,
       50.5697239
      ],
      [
       13.7259967,
       50.5668572
      ],
      [
       13.7333019,
       50.5634325
      ],
      [
       13.739936,
       50.5594956
      ],
      [
       13.7458108,
       50.5550989
      ],
      [
       13.7508479,
       50.5503012
      ],
      [
       13.7549804,
       50.5451665
      ],
      [
       13.7581535,
       50.5397633
      ],
      [
       13.7603252,
       50.5341637
      ],
      [
       13.7614669,
       50.5284424
      ],
      [
       13.7615638,
       50.5226755
      ],
      [
       13.7606149,
       50.51694
      ],
      [
       13.7586332,
       50.5113121
      ],
      [
       13.7556456,
       50.5058669
      ],
      [
       13.7516921,
       50.5006767
      ],
      [
       13.7468256,
       50.4958107
      ],
      [
       13.7411112,
       50.4913336
      ],
      [
       13.7346249,
       50.4873048
      ],
      [
       13.7274533,
       50.483778
      ],
      [
       13.7196917,
       50.4808
      ],
      [
       13.7114434,
       50.4784103
      ],
      [
       13.702818,
       50.4766408
      ],
      [
       13.6939302,
       50.4755149
      ],
      [
       13.6848979,
       50.4750475
      ],
      [
       13.6758412,
       50.4752449
      ],
      [
       13.6668803,
       50.4761045
      ],
      [
       13.6581342,
       50.4776148
      ],
      [
       13.6497191,
       50.4797558
      ],
      [
       13.6417468,
       50.4824991
      ],
      [
       13.6343235,
       50.4858081
      ],
      [
       13.6275477,
       50.489639
      ],
      [
       13.6215097,
       50.4939407
      ],
      [
       13.6162901,
       50.4986562
      ],
      [
       13.6119585,
       50.5037227
      ],
      [
       13.6085727,
       50.5090729
      ],
      [
       13.6061783,
       50.5146354
      ],
      [
       13.6048073,
       50.5203363
      ],
      [
       13.6044784,
       50.5260998
      ],
      [
       13.6051965,
       50.5318489
      ],
      [
       13.6069523,
       50.5375071
      ],
      [
       13.6097227,
       50.5429989
      ],
      [
       13.6134712,
       50.5482512
      ],
      [
       13.6181481,
       50.5531939
      ],
      [
       13.6236912,
       50.5577609
      ],
      [
       13.6300268,
       50.5618914
      ],
      [
       13.6370706,
       50.5655302
      ],
      [
       13.6447285,
       50.5686288
      ],
      [
       13.6528985,
       50.5711456
      ],
      [
       13.6614714,
       50.5730471
      ],
      [
       13.6703327,
       50.5743079
      ],
      [
       13.6793641,
       50.5749112
      ],
      [
       13.6830556,
       50.5749662
      ]
     ]
    ]
   }
  },
  {
   "type": "Feature",
   "properties": {
    "ll": {
     "value": 0,
     "unit": 1,
     "referenceDatum": 0
    },
    "ul": {
     "value": 13500,
     "unit": 1,
     "referenceDatum": 1
    },
    "_id": "626148885e9ded571043e45c",
    "name": "LKMO PARA ZONE",
    "type": 2,
    "icao": 7,
    "bnd": [
     [
      50.4750475,
      13.6044784
     ],
     [
      50.5749662,
      13.7615638
     ]
    ]
   },
   "geometry": {
    "type": "Polygon",
    "coordinates": [
     [
      [
       13.6830556,
       50.5749662
      ],
      [
       13.6921216,
       50.5746331
      ],
      [
       13.7010665,
       50.573638
      ],
      [
       13.7097706,
       50.5719943
      ],
      [
       13.7181179,
       50.5697239
      ],
      [
       13.7259967,
       50.5668572
      ],
      [
       13.7333019,
       50.5634325
      ],
      [
       13.739936,
       50.5594956
      ],
      [
       13.7458108,
       50.5550989
      ],
      [
       13.7508479,
       50.5503012
      ],
      [
       13.7549804,
       50.5451665
      ],
      [
       13.7581535,
       50.5397633
      ],
      [
       13.7603252,
       50.5341637
      ],
      [
       13.7614669,
       50.5284424
      ],
      [
       13.7615638,
       50.5226755
      ],
      [
       13.7606149,
       50.51694
      ],
      [
       13.7586332,
       50.5113121
      ],
      [
       13.7556456,
       50.5058669
      ],
      [
       13.7516921,
       50.5006767
      ],
      [
       13.7468256,
       50.4958107
      ],
      [
       13.7411112,
       50.4913336
      ],
      [
       13.7346249,
       50.4873048
      ],
      [
       13.7274533,
       50.483778
      ],
      [
       13.7196917,
       50.4808
      ],
      [
       13.7114434,
       50.4784103
      ],
      [
       13.702818,
       50.4766408
      ],
      [
       13.6939302,
       50.4755149
      ],
      [
       13.6848979,
       50.4750475
      ],
      [
       13.6758412,
       50.4752449
      ],
      [
       13.6668803,
       50.4761045
      ],
      [
       13.6581342,
       50.4776148
      ],
      [
       13.6497191,
       50.4797558
      ],
      [
       13.6417468,
       50.4824991
      ],
      [
       13.6343235,
       50.4858081
      ],
      [
       13.6275477,
       50.489639
      ],
      [
       13.6215097,
       50.4939407
      ],
      [
       13.6162901,
       50.4986562
      ],
      [
       13.6119585,
       50.5037227
      ],
      [
       13.6085727,
       50.5090729
      ],
      [
       13.6061783,
       50.5146354
      ],
      [
       13.6048073,
       50.5203363
      ],
      [
       13.6044784,
       50.5260998
      ],
      [
       13.6051965,
       50.5318489
      ],
      [
       13.6069523,
       50.5375071
      ],
      [
       13.6097227,
       50.5429989
      ],
      [
       13.6134712,
       50.5482512
      ],
      [
       13.6181481,
       50.5531939
      ],
      [
       13.6236912,
       50.5577609
      ],
      [
       13.6300268,
       50.5618914
      ],
      [
       13.6370706,
       50.5655302
      ],
      [
       13.6447285,
       50.5686288
      ],
      [
       13.6528985,
       50.5711456
      ],
      [
       13.6614714,
       50.5730471
      ],
      [
       13.6703327,
       50.5743079
      ],
      [
       13.6793641,
       50.5749112
      ],
      [
       13.6830556,
       50.5749662
      ]
     ]
    ]
   }
  },
  {
   "type": "Feature",
   "properties": {
    "ll": {
     "value": 0,
     "unit": 1,
     "referenceDatum": 0
    },
    "ul": {
     "value": 4000,
     "unit": 1,
     "referenceDatum": 1
    },
    "_id": "626148881eacded7b7bb3764",
    "name": "LKMR ATZ 120.900",
    "type": 0,
    "icao": 6,
    "bnd": [
     [
      49.8728253,
      12.6471311
     ],
     [
      49.972744,
      12.8022455
     ]
    ]
   },
   "geometry": {
    "type": "Polygon",
    "coordinates": [
     [
      [
       12.7247222,
       49.972744
      ],
      [
       12.7336743,
       49.9724109
      ],
      [
       12.7425068,
       49.9714158
      ],
      [
       12.7511016,
       49.9697721
      ],
      [
       12.7593439,
       49.9675018
      ],
      [
       12.7671237,
       49.9646352
      ],
      [
       12.7743372,
       49.9612105
      ],
      [
       12.7808881,
       49.9572736
      ],
      [
       12.7866892,
       49.952877
      ],
      [
       12.7916632,
       49.9480794
      ],
      [
       12.795744,
       49.9429447
      ],
      [
       12.7988774,
       49.9375416
      ],
      [
       12.8010221,
       49.9319421
      ],
      [
       12.8021496,
       49.9262207
      ],
      [
       12.8022455,
       49.9204539
      ],
      [
       12.8013087,
       49.9147183
      ],
      [
       12.7993521,
       49.9090904
      ],
      [
       12.7964021,
       49.9036451
      ],
      [
       12.7924983,
       49.8984549
      ],
      [
       12.787693,
       49.8935889
      ],
      [
       12.7820503,
       49.8891117
      ],
      [
       12.7756454,
       49.8850828
      ],
      [
       12.7685637,
       49.881556
      ],
      [
       12.7608994,
       49.8785779
      ],
      [
       12.7527545,
       49.8761882
      ],
      [
       12.7442371,
       49.8744186
      ],
      [
       12.7354606,
       49.8732926
      ],
      [
       12.7265415,
       49.8728253
      ],
      [
       12.7175982,
       49.8730227
      ],
      [
       12.7087495,
       49.8738823
      ],
      [
       12.700113,
       49.8753927
      ],
      [
       12.6918034,
       49.8775337
      ],
      [
       12.683931,
       49.880277
      ],
      [
       12.6766007,
       49.8835861
      ],
      [
       12.6699099,
       49.887417
      ],
      [
       12.6639478,
       49.8917188
      ],
      [
       12.6587937,
       49.8964344
      ],
      [
       12.6545165,
       49.901501
      ],
      [
       12.6511734,
       49.9068511
      ],
      [
       12.6488091,
       49.9124137
      ],
      [
       12.6474556,
       49.9181147
      ],
      [
       12.6471311,
       49.9238781
      ],
      [
       12.6478403,
       49.9296272
      ],
      [
       12.6495742,
       49.9352854
      ],
      [
       12.65231,
       49.9407772
      ],
      [
       12.6560116,
       49.9460294
      ],
      [
       12.6606299,
       49.950972
      ],
      [
       12.6661036,
       49.955539
      ],
      [
       12.6723597,
       49.9596695
      ],
      [
       12.679315,
       49.9633082
      ],
      [
       12.6868768,
       49.9664067
      ],
      [
       12.6949442,
       49.9689235
      ],
      [
       12.7034093,
       49.9708249
      ],
      [
       12.7121593,
       49.9720857
      ],
      [
       12.7210771,
       49.9726889
      ],
      [
       12.7247222,
       49.972744
      ]
     ]
    ]
   }
  },
  {
   "type": "Feature",
   "properties": {
    "ll": {
     "value": 0,
     "unit": 1,
     "referenceDatum": 0
    },
    "ul": {
     "value": 4000,
     "unit": 1,
     "referenceDatum": 1
    },
    "_id": "626148891eacded7b7bb3770",
    "name": "LKNM ATZ 123.405",
    "type": 0,
    "icao": 6,
    "bnd": [
     [
      50.3142142,
      16.0353006
     ],
     [
      50.4141329,
      16.191853
     ]
    ]
   },
   "geometry": {
    "type": "Polygon",
    "coordinates": [
     [
      [
       16.1136111,
       50.4141329
      ],
      [
       16.1226463,
       50.4137997
      ],
      [
       16.1315608,
       50.4128046
      ],
      [
       16.1402354,
       50.4111609
      ],
      [
       16.1485543,
       50.4088906
      ],
      [
       16.1564063,
       50.4060239
      ],
      [
       16.1636867,
       50.4025993
      ],
      [
       16.1702984,
       50.3986623
      ],
      [
       16.1761532,
       50.3942656
      ],
      [
       16.1811732,
       50.389468
      ],
      [
       16.1852918,
       50.3843333
      ],
      [
       16.1884541,
       50.3789301
      ],
      [
       16.1906185,
       50.3733306
      ],
      [
       16.1917564,
       50.3676092
      ],
      [
       16.191853,
       50.3618423
      ],
      [
       16.1909074,
       50.3561068
      ],
      [
       16.1889325,
       50.3504789
      ],
      [
       16.1859551,
       50.3450337
      ],
      [
       16.182015,
       50.3398435
      ],
      [
       16.1771651,
       50.3349775
      ],
      [
       16.17147,
       50.3305003
      ],
      [
       16.1650057,
       50.3264716
      ],
      [
       16.1578584,
       50.3229447
      ],
      [
       16.1501231,
       50.3199667
      ],
      [
       16.1419028,
       50.317577
      ],
      [
       16.1333066,
       50.3158075
      ],
      [
       16.1244489,
       50.3146815
      ],
      [
       16.1154472,
       50.3142142
      ],
      [
       16.1064212,
       50.3144116
      ],
      [
       16.0974906,
       50.3152712
      ],
      [
       16.0887741,
       50.3167815
      ],
      [
       16.0803876,
       50.3189225
      ],
      [
       16.0724423,
       50.3216658
      ],
      [
       16.0650441,
       50.3249748
      ],
      [
       16.0582913,
       50.3288057
      ],
      [
       16.0522739,
       50.3331075
      ],
      [
       16.047072,
       50.337823
      ],
      [
       16.0427551,
       50.3428895
      ],
      [
       16.0393808,
       50.3482397
      ],
      [
       16.0369945,
       50.3538022
      ],
      [
       16.0356283,
       50.3595032
      ],
      [
       16.0353006,
       50.3652666
      ],
      [
       16.0360163,
       50.3710157
      ],
      [
       16.0377661,
       50.3766739
      ],
      [
       16.0405272,
       50.3821657
      ],
      [
       16.044263,
       50.387418
      ],
      [
       16.048924,
       50.3923606
      ],
      [
       16.0544484,
       50.3969277
      ],
      [
       16.0607625,
       50.4010582
      ],
      [
       16.0677824,
       50.404697
      ],
      [
       16.0754143,
       50.4077955
      ],
      [
       16.0835565,
       50.4103123
      ],
      [
       16.0921003,
       50.4122138
      ],
      [
       16.1009315,
       50.4134746
      ],
      [
       16.1099322,
       50.4140778
      ],
      [
       16.1136111,
       50.4141329
      ]
     ]
    ]
   }
  },
  {
   "type": "Feature",
   "properties": {
    "ll": {
     "value": 0,
     "unit": 1,
     "referenceDatum": 0
    },
    "ul": {
     "value": 13500,
     "unit": 1,
     "referenceDatum": 1
    },
    "_id": "626148891eacded7b7bb377b",
    "name": "LKNM PARA ZONE",
    "type": 2,
    "icao": 7,
    "bnd": [
     [
      50.3142142,
      16.0353006
     ],
     [
      50.4141329,
      16.191853
     ]
    ]
   },
   "geometry": {
    "type": "Polygon",
    "coordinates": [
     [
      [
       16.1136111,
       50.4141329
      ],
      [
       16.1226463,
       50.4137997
      ],
      [
       16.1315608,
       50.4128046
      ],
      [
       16.1402354,
       50.4111609
      ],
      [
       16.1485543,
       50.4088906
      ],
      [
       16.1564063,
       50.4060239
      ],
      [
       16.1636867,
       50.4025993
      ],
      [
       16.1702984,
       50.3986623
      ],
      [
       16.1761532,
       50.3942656
      ],
      [
       16.1811732,
       50.389468
      ],
      [
       16.1852918,
       50.3843333
      ],
      [
       16.1884541,
       50.3789301
      ],
      [
       16.1906185,
       50.3733306
      ],
      [
       16.1917564,
       50.3676092
      ],
      [
       16.191853,
       50.3618423
      ],
      [
       16.1909074,
       50.3561068
      ],
      [
       16.1889325,
       50.3504789
      ],
      [
       16.1859551,
       50.3450337
      ],
      [
       16.182015,
       50.3398435
      ],
      [
       16.1771651,
       50.3349775
      ],
      [
       16.17147,
       50.3305003
      ],
      [
       16.1650057,
       50.3264716
      ],
      [
       16.1578584,
       50.3229447
      ],
      [
       16.1501231,
       50.3199667
      ],
      [
       16.1419028,
       50.317577
      ],
      [
       16.1333066,
       50.3158075
      ],
      [
       16.1244489,
       50.3146815
      ],
      [
       16.1154472,
       50.3142142
      ],
      [
       16.1064212,
       50.3144116
      ],
      [
       16.0974906,
       50.3152712
      ],
      [
       16.0887741,
       50.3167815
      ],
      [
       16.0803876,
       50.3189225
      ],
      [
       16.0724423,
       50.3216658
      ],
      [
       16.0650441,
       50.3249748
      ],
      [
       16.0582913,
       50.3288057
      ],
      [
       16.0522739,
       50.3331075
      ],
      [
       16.047072,
       50.337823
      ],
      [
       16.0427551,
       50.3428895
      ],
      [
       16.0393808,
       50.3482397
      ],
      [
       16.0369945,
       50.3538022
      ],
      [
       16.0356283,
       50.3595032
      ],
      [
       16.0353006,
       50.3652666
      ],
      [
       16.0360163,
       50.3710157
      ],
      [
       16.0377661,
       50.3766739
      ],
      [
       16.0405272,
       50.3821657
      ],
      [
       16.044263,
       50.387418
      ],
      [
       16.048924,
       50.3923606
      ],
      [
       16.0544484,
       50.3969277
      ],
      [
       16.0607625,
       50.4010582
      ],
      [
       16.0677824,
       50.404697
      ],
      [
       16.0754143,
       50.4077955
      ],
      [
       16.0835565,
       50.4103123
      ],
      [
       16.0921003,
       50.4122138
      ],
      [
       16.1009315,
       50.4134746
      ],
      [
       16.1099322,
       50.4140778
      ],
      [
       16.1136111,
       50.4141329
      ]
     ]
    ]
   }
  },
  {
   "type": "Feature",
   "properties": {
    "ll": {
     "value": 0,
     "unit": 1,
     "referenceDatum": 0
    },
    "ul": {
     "value": 4000,
     "unit": 1,
     "referenceDatum": 1
    },
    "_id": "626148895e9ded571043e46a",
    "name": "LKOL ATZ 118.005",
    "type": 0,
    "icao": 6,
    "bnd": [
     [
      49.5372697,
      17.1329439
     ],
     [
      49.6371885,
      17.2869887
     ]
    ]
   },
   "geometry": {
    "type": "Polygon",
    "coordinates": [
     [
      [
       17.21,
       49.6371885
      ],
      [
       17.2188902,
       49.6368553
      ],
      [
       17.2276617,
       49.6358602
      ],
      [
       17.2361971,
       49.6342166
      ],
      [
       17.2443826,
       49.6319463
      ],
      [
       17.2521087,
       49.6290797
      ],
      [
       17.2592724,
       49.6256551
      ],
      [
       17.2657782,
       49.6217182
      ],
      [
       17.2715393,
       49.6173217
      ],
      [
       17.276479,
       49.6125241
      ],
      [
       17.2805317,
       49.6073894
      ],
      [
       17.2836436,
       49.6019863
      ],
      [
       17.2857735,
       49.5963868
      ],
      [
       17.2868934,
       49.5906655
      ],
      [
       17.2869887,
       49.5848986
      ],
      [
       17.2860585,
       49.579163
      ],
      [
       17.2841155,
       49.5735351
      ],
      [
       17.281186,
       49.5680898
      ],
      [
       17.2773092,
       49.5628996
      ],
      [
       17.272537,
       49.5580335
      ],
      [
       17.2669332,
       49.5535563
      ],
      [
       17.2605725,
       49.5495274
      ],
      [
       17.2535396,
       49.5460005
      ],
      [
       17.2459281,
       49.5430224
      ],
      [
       17.2378393,
       49.5406327
      ],
      [
       17.2293806,
       49.5388631
      ],
      [
       17.2206645,
       49.5377371
      ],
      [
       17.2118068,
       49.5372697
      ],
      [
       17.202925,
       49.5374672
      ],
      [
       17.1941373,
       49.5383268
      ],
      [
       17.1855602,
       49.5398371
      ],
      [
       17.1773078,
       49.5419782
      ],
      [
       17.1694897,
       49.5447215
      ],
      [
       17.1622099,
       49.5480306
      ],
      [
       17.1555652,
       49.5518616
      ],
      [
       17.1496442,
       49.5561635
      ],
      [
       17.1445257,
       49.5608791
      ],
      [
       17.140278,
       49.5659457
      ],
      [
       17.136958,
       49.5712959
      ],
      [
       17.1346102,
       49.5768585
      ],
      [
       17.133266,
       49.5825594
      ],
      [
       17.1329439,
       49.5883228
      ],
      [
       17.1336483,
       49.5940719
      ],
      [
       17.1353704,
       49.5997301
      ],
      [
       17.1380875,
       49.6052219
      ],
      [
       17.1417636,
       49.6104741
      ],
      [
       17.1463501,
       49.6154167
      ],
      [
       17.151786,
       49.6199836
      ],
      [
       17.157999,
       49.624114
      ],
      [
       17.1649064,
       49.6277528
      ],
      [
       17.172416,
       49.6308512
      ],
      [
       17.1804276,
       49.6333679
      ],
      [
       17.1888343,
       49.6352694
      ],
      [
       17.1975238,
       49.6365302
      ],
      [
       17.2063801,
       49.6371334
      ],
      [
       17.21,
       49.6371885
      ]
     ]
    ]
   }
  },
  {
   "type": "Feature",
   "properties": {
    "ll": {
     "value": 0,
     "unit": 1,
     "referenceDatum": 0
    },
    "ul": {
     "value": 13500,
     "unit": 1,
     "referenceDatum": 1
    },
    "_id": "626148891eacded7b7bb378a",
    "name": "LKOL PARA ZONE",
    "type": 2,
    "icao": 7,
    "bnd": [
     [
      49.5372697,
      17.1329439
     ],
     [
      49.6371885,
      17.2869887
     ]
    ]
   },
   "geometry": {
    "type": "Polygon",
    "coordinates": [
     [
      [
       17.21,
       49.6371885
      ],
      [
       17.2188902,
       49.6368553
      ],
      [
       17.2276617,
       49.6358602
      ],
      [
       17.2361971,
       49.6342166
      ],
      [
       17.2443826,
       49.6319463
      ],
      [
       17.2521087,
       49.6290797
      ],
      [
       17.2592724,
       49.6256551
      ],
      [
       17.2657782,
       49.6217182
      ],
      [
       17.2715393,
       49.6173217
      ],
      [
       17.276479,
       49.6125241
      ],
      [
       17.2805317,
       49.6073894
      ],
      [
       17.2836436,
       49.6019863
      ],
      [
       17.2857735,
       49.5963868
      ],
      [
       17.2868934,
       49.5906655
      ],
      [
       17.2869887,
       49.5848986
      ],
      [
       17.2860585,
       49.579163
      ],
      [
       17.2841155,
       49.5735351
      ],
      [
       17.281186,
       49.5680898
      ],
      [
       17.2773092,
       49.5628996
      ],
      [
       17.272537,
       49.5580335
      ],
      [
       17.2669332,
       49.5535563
      ],
      [
       17.2605725,
       49.5495274
      ],
      [
       17.2535396,
       49.5460005
      ],
      [
       17.2459281,
       49.5430224
      ],
      [
       17.2378393,
       49.5406327
      ],
      [
       17.2293806,
       49.5388631
      ],
      [
       17.2206645,
       49.5377371
      ],
      [
       17.2118068,
       49.5372697
      ],
      [
       17.202925,
       49.5374672
      ],
      [
       17.1941373,
       49.5383268
      ],
      [
       17.1855602,
       49.5398371
      ],
      [
       17.1773078,
       49.5419782
      ],
      [
       17.1694897,
       49.5447215
      ],
      [
       17.1622099,
       49.5480306
      ],
      [
       17.1555652,
       49.5518616
      ],
      [
       17.1496442,
       49.5561635
      ],
      [
       17.1445257,
       49.5608791
      ],
      [
       17.140278,
       49.5659457
      ],
      [
       17.136958,
       49.5712959
      ],
      [
       17.1346102,
       49.5768585
      ],
      [
       17.133266,
       49.5825594
      ],
      [
       17.1329439,
       49.5883228
      ],
      [
       17.1336483,
       49.5940719
      ],
      [
       17.1353704,
       49.5997301
      ],
      [
       17.1380875,
       49.6052219
      ],
      [
       17.1417636,
       49.6104741
      ],
      [
       17.1463501,
       49.6154167
      ],
      [
       17.151786,
       49.6199836
      ],
      [
       17.157999,
       49.624114
      ],
      [
       17.1649064,
       49.6277528
      ],
      [
       17.172416,
       49.6308512
      ],
      [
       17.1804276,
       49.6333679
      ],
      [
       17.1888343,
       49.6352694
      ],
      [
       17.1975238,
       49.6365302
      ],
      [
       17.2063801,
       49.6371334
      ],
      [
       17.21,
       49.6371885
      ]
     ]
    ]
   }
  },
  {
   "type": "Feature",
   "properties": {
    "ll": {
     "value": 0,
     "unit": 1,
     "referenceDatum": 0
    },
    "ul": {
     "value": 4000,
     "unit": 1,
     "referenceDatum": 1
    },
    "_id": "6261488a1eacded7b7bb37ce",
    "name": "LKPA ATZ 122.590",
    "type": 0,
    "icao": 6,
    "bnd": [
     [
      49.6894919,
      16.1815913
     ],
     [
      49.7894107,
      16.3361189
     ]
    ]
   },
   "geometry": {
    "type": "Polygon",
    "coordinates": [
     [
      [
       16.2588889,
       49.7894107
      ],
      [
       16.267807,
       49.7890775
      ],
      [
       16.276606,
       49.7880825
      ],
      [
       16.2851683,
       49.7864388
      ],
      [
       16.2933794,
       49.7841685
      ],
      [
       16.3011297,
       49.7813019
      ],
      [
       16.3083159,
       49.7778773
      ],
      [
       16.3148421,
       49.7739404
      ],
      [
       16.3206212,
       49.7695438
      ],
      [
       16.3255764,
       49.7647462
      ],
      [
       16.3296418,
       49.7596116
      ],
      [
       16.3327634,
       49.7542084
      ],
      [
       16.3349,
       49.7486089
      ],
      [
       16.3360233,
       49.7428876
      ],
      [
       16.3361189,
       49.7371207
      ],
      [
       16.3351857,
       49.7313851
      ],
      [
       16.3332365,
       49.7257572
      ],
      [
       16.3302978,
       49.7203119
      ],
      [
       16.3264088,
       49.7151217
      ],
      [
       16.3216217,
       49.7102557
      ],
      [
       16.3160003,
       49.7057784
      ],
      [
       16.3096196,
       49.7017496
      ],
      [
       16.3025647,
       49.6982227
      ],
      [
       16.2949294,
       49.6952446
      ],
      [
       16.2868152,
       49.6928549
      ],
      [
       16.2783301,
       49.6910853
      ],
      [
       16.2695867,
       49.6899593
      ],
      [
       16.2607013,
       49.6894919
      ],
      [
       16.2517918,
       49.6896894
      ],
      [
       16.2429765,
       49.690549
      ],
      [
       16.2343726,
       49.6920593
      ],
      [
       16.2260944,
       49.6942004
      ],
      [
       16.2182518,
       49.6969437
      ],
      [
       16.2109492,
       49.7002528
      ],
      [
       16.2042837,
       49.7040838
      ],
      [
       16.1983441,
       49.7083856
      ],
      [
       16.1932096,
       49.7131012
      ],
      [
       16.1889486,
       49.7181678
      ],
      [
       16.1856182,
       49.7235179
      ],
      [
       16.1832629,
       49.7290805
      ],
      [
       16.1819145,
       49.7347815
      ],
      [
       16.1815913,
       49.7405449
      ],
      [
       16.1822979,
       49.746294
      ],
      [
       16.1840253,
       49.7519522
      ],
      [
       16.1867509,
       49.757444
      ],
      [
       16.1904385,
       49.7626962
      ],
      [
       16.1950393,
       49.7676388
      ],
      [
       16.2004923,
       49.7722058
      ],
      [
       16.2067247,
       49.7763362
      ],
      [
       16.2136538,
       49.7799749
      ],
      [
       16.2211869,
       49.7830734
      ],
      [
       16.2292237,
       49.7855901
      ],
      [
       16.2376568,
       49.7874916
      ],
      [
       16.2463736,
       49.7887524
      ],
      [
       16.2552576,
       49.7893556
      ],
      [
       16.2588889,
       49.7894107
      ]
     ]
    ]
   }
  },
  {
   "type": "Feature",
   "properties": {
    "ll": {
     "value": 0,
     "unit": 1,
     "referenceDatum": 0
    },
    "ul": {
     "value": 4000,
     "unit": 1,
     "referenceDatum": 1
    },
    "_id": "6261488a5e9ded571043e4cf",
    "name": "LKPC ATZ 118.580",
    "type": 0,
    "icao": 6,
    "bnd": [
     [
      50.2564364,
      13.8567847
     ],
     [
      50.3563551,
      14.0131468
     ]
    ]
   },
   "geometry": {
    "type": "Polygon",
    "coordinates": [
     [
      [
       13.935,
       50.3563551
      ],
      [
       13.9440242,
       50.356022
      ],
      [
       13.9529278,
       50.3550269
      ],
      [
       13.9615919,
       50.3533832
      ],
      [
       13.9699006,
       50.3511128
      ],
      [
       13.9777431,
       50.3482462
      ],
      [
       13.9850146,
       50.3448215
      ],
      [
       13.9916183,
       50.3408846
      ],
      [
       13.997466,
       50.3364879
      ],
      [
       14.0024799,
       50.3316902
      ],
      [
       14.0065935,
       50.3265556
      ],
      [
       14.009752,
       50.3211524
      ],
      [
       14.0119138,
       50.3155528
      ],
      [
       14.0130503,
       50.3098315
      ],
      [
       14.0131468,
       50.3040646
      ],
      [
       14.0122023,
       50.298329
      ],
      [
       14.0102299,
       50.2927012
      ],
      [
       14.0072561,
       50.2872559
      ],
      [
       14.0033208,
       50.2820658
      ],
      [
       13.9984768,
       50.2771998
      ],
      [
       13.9927886,
       50.2727226
      ],
      [
       13.9863322,
       50.2686938
      ],
      [
       13.9791936,
       50.265167
      ],
      [
       13.9714677,
       50.2621889
      ],
      [
       13.9632573,
       50.2597992
      ],
      [
       13.9546716,
       50.2580297
      ],
      [
       13.9458246,
       50.2569037
      ],
      [
       13.9368339,
       50.2564364
      ],
      [
       13.9278188,
       50.2566338
      ],
      [
       13.918899,
       50.2574934
      ],
      [
       13.9101932,
       50.2590037
      ],
      [
       13.9018168,
       50.2611447
      ],
      [
       13.8938812,
       50.263888
      ],
      [
       13.886492,
       50.2671971
      ],
      [
       13.8797474,
       50.2710279
      ],
      [
       13.8737372,
       50.2753297
      ],
      [
       13.8685417,
       50.2800453
      ],
      [
       13.86423,
       50.2851118
      ],
      [
       13.8608599,
       50.2904619
      ],
      [
       13.8584765,
       50.2960245
      ],
      [
       13.8571119,
       50.3017254
      ],
      [
       13.8567847,
       50.3074888
      ],
      [
       13.8574995,
       50.313238
      ],
      [
       13.8592472,
       50.3188961
      ],
      [
       13.862005,
       50.324388
      ],
      [
       13.8657363,
       50.3296403
      ],
      [
       13.8703916,
       50.3345829
      ],
      [
       13.8759093,
       50.3391499
      ],
      [
       13.8822157,
       50.3432804
      ],
      [
       13.889227,
       50.3469192
      ],
      [
       13.8968497,
       50.3500177
      ],
      [
       13.904982,
       50.3525345
      ],
      [
       13.9135154,
       50.354436
      ],
      [
       13.9223358,
       50.3556968
      ],
      [
       13.9313255,
       50.3563001
      ],
      [
       13.935,
       50.3563551
      ]
     ]
    ]
   }
  },
  {
   "type": "Feature",
   "properties": {
    "ll": {
     "value": 0,
     "unit": 1,
     "referenceDatum": 0
    },
    "ul": {
     "value": 4000,
     "unit": 1,
     "referenceDatum": 1
    },
    "_id": "6261488a1eacded7b7bb37db",
    "name": "LKPI ATZ 123.610",
    "type": 0,
    "icao": 6,
    "bnd": [
     [
      49.5308808,
      15.6857317
     ],
     [
      49.6307996,
      15.8397564
     ]
    ]
   },
   "geometry": {
    "type": "Polygon",
    "coordinates": [
     [
      [
       15.7627778,
       49.6307996
      ],
      [
       15.7716669,
       49.6304664
      ],
      [
       15.7804372,
       49.6294713
      ],
      [
       15.7889715,
       49.6278277
      ],
      [
       15.7971558,
       49.6255574
      ],
      [
       15.804881,
       49.6226908
      ],
      [
       15.8120437,
       49.6192662
      ],
      [
       15.8185486,
       49.6153294
      ],
      [
       15.824309,
       49.6109328
      ],
      [
       15.8292481,
       49.6061352
      ],
      [
       15.8333002,
       49.6010006
      ],
      [
       15.8364117,
       49.5955975
      ],
      [
       15.8385414,
       49.5899979
      ],
      [
       15.8396612,
       49.5842766
      ],
      [
       15.8397564,
       49.5785097
      ],
      [
       15.8388263,
       49.5727741
      ],
      [
       15.8368836,
       49.5671462
      ],
      [
       15.8339544,
       49.5617009
      ],
      [
       15.8300782,
       49.5565107
      ],
      [
       15.8253066,
       49.5516446
      ],
      [
       15.8197035,
       49.5471674
      ],
      [
       15.8133437,
       49.5431385
      ],
      [
       15.8063117,
       49.5396116
      ],
      [
       15.7987012,
       49.5366335
      ],
      [
       15.7906134,
       49.5342438
      ],
      [
       15.7821558,
       49.5324742
      ],
      [
       15.7734409,
       49.5313482
      ],
      [
       15.7645843,
       49.5308808
      ],
      [
       15.7557037,
       49.5310783
      ],
      [
       15.7469171,
       49.5319379
      ],
      [
       15.7383412,
       49.5334482
      ],
      [
       15.7300898,
       49.5355893
      ],
      [
       15.7222727,
       49.5383326
      ],
      [
       15.7149939,
       49.5416418
      ],
      [
       15.7083501,
       49.5454727
      ],
      [
       15.7024298,
       49.5497746
      ],
      [
       15.697312,
       49.5544902
      ],
      [
       15.6930649,
       49.5595568
      ],
      [
       15.6897454,
       49.564907
      ],
      [
       15.6873978,
       49.5704696
      ],
      [
       15.6860539,
       49.5761705
      ],
      [
       15.6857317,
       49.581934
      ],
      [
       15.6864361,
       49.587683
      ],
      [
       15.688158,
       49.5933412
      ],
      [
       15.6908747,
       49.598833
      ],
      [
       15.6945503,
       49.6040852
      ],
      [
       15.6991362,
       49.6090278
      ],
      [
       15.7045714,
       49.6135947
      ],
      [
       15.7107836,
       49.6177252
      ],
      [
       15.7176901,
       49.6213639
      ],
      [
       15.7251987,
       49.6244623
      ],
      [
       15.7332093,
       49.6269791
      ],
      [
       15.7416149,
       49.6288805
      ],
      [
       15.7503033,
       49.6301413
      ],
      [
       15.7591583,
       49.6307445
      ],
      [
       15.7627778,
       49.6307996
      ]
     ]
    ]
   }
  },
  {
   "type": "Feature",
   "properties": {
    "ll": {
     "value": 0,
     "unit": 1,
     "referenceDatum": 0
    },
    "ul": {
     "value": 4000,
     "unit": 1,
     "referenceDatum": 1
    },
    "_id": "6261488a5e9ded571043e4d8",
    "name": "LKPJ ATZ 126.905",
    "type": 0,
    "icao": 6,
    "bnd": [
     [
      49.3978253,
      17.0570522
     ],
     [
      49.497744,
      17.2106584
     ]
    ]
   },
   "geometry": {
    "type": "Polygon",
    "coordinates": [
     [
      [
       17.1338889,
       49.497744
      ],
      [
       17.1427538,
       49.4974109
      ],
      [
       17.1515002,
       49.4964158
      ],
      [
       17.1600113,
       49.4947722
      ],
      [
       17.1681734,
       49.4925019
      ],
      [
       17.1758775,
       49.4896353
      ],
      [
       17.1830208,
       49.4862107
      ],
      [
       17.189508,
       49.4822739
      ],
      [
       17.1952527,
       49.4778773
      ],
      [
       17.2001784,
       49.4730797
      ],
      [
       17.2042196,
       49.4679451
      ],
      [
       17.2073227,
       49.462542
      ],
      [
       17.2094466,
       49.4569425
      ],
      [
       17.2105634,
       49.4512212
      ],
      [
       17.2106584,
       49.4454543
      ],
      [
       17.2097309,
       49.4397187
      ],
      [
       17.2077935,
       49.4340908
      ],
      [
       17.2048723,
       49.4286455
      ],
      [
       17.2010066,
       49.4234553
      ],
      [
       17.196248,
       49.4185892
      ],
      [
       17.1906602,
       49.4141119
      ],
      [
       17.1843176,
       49.410083
      ],
      [
       17.1773047,
       49.4065561
      ],
      [
       17.1697148,
       49.403578
      ],
      [
       17.161649,
       49.4011882
      ],
      [
       17.1532144,
       49.3994186
      ],
      [
       17.1445231,
       49.3982926
      ],
      [
       17.1356905,
       49.3978253
      ],
      [
       17.126834,
       49.3980227
      ],
      [
       17.1180712,
       49.3988823
      ],
      [
       17.1095185,
       49.4003927
      ],
      [
       17.1012896,
       49.4025338
      ],
      [
       17.0934937,
       49.4052771
      ],
      [
       17.0862346,
       49.4085863
      ],
      [
       17.0796089,
       49.4124172
      ],
      [
       17.0737047,
       49.4167191
      ],
      [
       17.0686008,
       49.4214347
      ],
      [
       17.0643653,
       49.4265013
      ],
      [
       17.0610548,
       49.4318515
      ],
      [
       17.0587137,
       49.4374141
      ],
      [
       17.0573734,
       49.4431151
      ],
      [
       17.0570522,
       49.4488785
      ],
      [
       17.0577547,
       49.4546276
      ],
      [
       17.0594719,
       49.4602858
      ],
      [
       17.0621812,
       49.4657776
      ],
      [
       17.0658469,
       49.4710298
      ],
      [
       17.0704204,
       49.4759723
      ],
      [
       17.0758408,
       49.4805393
      ],
      [
       17.0820362,
       49.4846697
      ],
      [
       17.0889238,
       49.4883084
      ],
      [
       17.096412,
       49.4914068
      ],
      [
       17.1044008,
       49.4939235
      ],
      [
       17.1127836,
       49.495825
      ],
      [
       17.1214483,
       49.4970857
      ],
      [
       17.1302793,
       49.4976889
      ],
      [
       17.1338889,
       49.497744
      ]
     ]
    ]
   }
  },
  {
   "type": "Feature",
   "properties": {
    "ll": {
     "value": 0,
     "unit": 1,
     "referenceDatum": 0
    },
    "ul": {
     "value": 13500,
     "unit": 1,
     "referenceDatum": 1
    },
    "_id": "6261488b1eacded7b7bb37eb",
    "name": "LKPJ PARA ZONE",
    "type": 2,
    "icao": 7,
    "bnd": [
     [
      49.3978253,
      17.0570522
     ],
     [
      49.497744,
      17.2106584
     ]
    ]
   },
   "geometry": {
    "type": "Polygon",
    "coordinates": [
     [
      [
       17.1338889,
       49.497744
      ],
      [
       17.1427538,
       49.4974109
      ],
      [
       17.1515002,
       49.4964158
      ],
      [
       17.1600113,
       49.4947722
      ],
      [
       17.1681734,
       49.4925019
      ],
      [
       17.1758775,
       49.4896353
      ],
      [
       17.1830208,
       49.4862107
      ],
      [
       17.189508,
       49.4822739
      ],
      [
       17.1952527,
       49.4778773
      ],
      [
       17.2001784,
       49.4730797
      ],
      [
       17.2042196,
       49.4679451
      ],
      [
       17.2073227,
       49.462542
      ],
      [
       17.2094466,
       49.4569425
      ],
      [
       17.2105634,
       49.4512212
      ],
      [
       17.2106584,
       49.4454543
      ],
      [
       17.2097309,
       49.4397187
      ],
      [
       17.2077935,
       49.4340908
      ],
      [
       17.2048723,
       49.4286455
      ],
      [
       17.2010066,
       49.4234553
      ],
      [
       17.196248,
       49.4185892
      ],
      [
       17.1906602,
       49.4141119
      ],
      [
       17.1843176,
       49.410083
      ],
      [
       17.1773047,
       49.4065561
      ],
      [
       17.1697148,
       49.403578
      ],
      [
       17.161649,
       49.4011882
      ],
      [
       17.1532144,
       49.3994186
      ],
      [
       17.1445231,
       49.3982926
      ],
      [
       17.1356905,
       49.3978253
      ],
      [
       17.126834,
       49.3980227
      ],
      [
       17.1180712,
       49.3988823
      ],
      [
       17.1095185,
       49.4003927
      ],
      [
       17.1012896,
       49.4025338
      ],
      [
       17.0934937,
       49.4052771
      ],
      [
       17.0862346,
       49.4085863
      ],
      [
       17.0796089,
       49.4124172
      ],
      [
       17.0737047,
       49.4167191
      ],
      [
       17.0686008,
       49.4214347
      ],
      [
       17.0643653,
       49.4265013
      ],
      [
       17.0610548,
       49.4318515
      ],
      [
       17.0587137,
       49.4374141
      ],
      [
       17.0573734,
       49.4431151
      ],
      [
       17.0570522,
       49.4488785
      ],
      [
       17.0577547,
       49.4546276
      ],
      [
       17.0594719,
       49.4602858
      ],
      [
       17.0621812,
       49.4657776
      ],
      [
       17.0658469,
       49.4710298
      ],
      [
       17.0704204,
       49.4759723
      ],
      [
       17.0758408,
       49.4805393
      ],
      [
       17.0820362,
       49.4846697
      ],
      [
       17.0889238,
       49.4883084
      ],
      [
       17.096412,
       49.4914068
      ],
      [
       17.1044008,
       49.4939235
      ],
      [
       17.1127836,
       49.495825
      ],
      [
       17.1214483,
       49.4970857
      ],
      [
       17.1302793,
       49.4976889
      ],
      [
       17.1338889,
       49.497744
      ]
     ]
    ]
   }
  },
  {
   "type": "Feature",
   "properties": {
    "ll": {
     "value": 0,
     "unit": 1,
     "referenceDatum": 0
    },
    "ul": {
     "value": 4000,
     "unit": 1,
     "referenceDatum": 1
    },
    "_id": "6261488b5e9ded571043e4e6",
    "name": "LKPL ATZ 130.610",
    "type": 0,
    "icao": 6,
    "bnd": [
     [
      49.6731031,
      13.3749507
     ],
     [
      49.7730218,
      13.5294261
     ]
    ]
   },
   "geometry": {
    "type": "Polygon",
    "coordinates": [
     [
      [
       13.4522222,
       49.7730218
      ],
      [
       13.4611374,
       49.7726886
      ],
      [
       13.4699334,
       49.7716936
      ],
      [
       13.4784927,
       49.7700499
      ],
      [
       13.4867011,
       49.7677796
      ],
      [
       13.4944488,
       49.764913
      ],
      [
       13.5016325,
       49.7614884
      ],
      [
       13.5081565,
       49.7575515
      ],
      [
       13.5139337,
       49.7531549
      ],
      [
       13.5188872,
       49.7483573
      ],
      [
       13.5229512,
       49.7432227
      ],
      [
       13.5260718,
       49.7378196
      ],
      [
       13.5282076,
       49.73222
      ],
      [
       13.5293306,
       49.7264987
      ],
      [
       13.5294261,
       49.7207318
      ],
      [
       13.5284932,
       49.7149962
      ],
      [
       13.5265448,
       49.7093683
      ],
      [
       13.523607,
       49.7039231
      ],
      [
       13.5197194,
       49.6987329
      ],
      [
       13.5149338,
       49.6938668
      ],
      [
       13.5093144,
       49.6893895
      ],
      [
       13.5029359,
       49.6853607
      ],
      [
       13.4958833,
       49.6818338
      ],
      [
       13.4882506,
       49.6788557
      ],
      [
       13.4801392,
       49.676466
      ],
      [
       13.4716569,
       49.6746964
      ],
      [
       13.4629165,
       49.6735704
      ],
      [
       13.454034,
       49.6731031
      ],
      [
       13.4451275,
       49.6733005
      ],
      [
       13.4363152,
       49.6741601
      ],
      [
       13.4277142,
       49.6756704
      ],
      [
       13.4194388,
       49.6778115
      ],
      [
       13.4115988,
       49.6805548
      ],
      [
       13.4042987,
       49.6838639
      ],
      [
       13.3976355,
       49.6876949
      ],
      [
       13.3916979,
       49.6919967
      ],
      [
       13.3865651,
       49.6967123
      ],
      [
       13.3823055,
       49.7017789
      ],
      [
       13.3789762,
       49.7071291
      ],
      [
       13.3766218,
       49.7126917
      ],
      [
       13.3752738,
       49.7183926
      ],
      [
       13.3749507,
       49.7241561
      ],
      [
       13.3756571,
       49.7299051
      ],
      [
       13.3773839,
       49.7355633
      ],
      [
       13.3801086,
       49.7410551
      ],
      [
       13.3837949,
       49.7463073
      ],
      [
       13.3883942,
       49.7512499
      ],
      [
       13.3938453,
       49.7558169
      ],
      [
       13.4000757,
       49.7599473
      ],
      [
       13.4070024,
       49.7635861
      ],
      [
       13.414533,
       49.7666845
      ],
      [
       13.422567,
       49.7692013
      ],
      [
       13.4309973,
       49.7711027
      ],
      [
       13.4397111,
       49.7723635
      ],
      [
       13.4485922,
       49.7729667
      ],
      [
       13.4522222,
       49.7730218
      ]
     ]
    ]
   }
  },
  {
   "type": "Feature",
   "properties": {
    "ll": {
     "value": 0,
     "unit": 1,
     "referenceDatum": 0
    },
    "ul": {
     "value": 4000,
     "unit": 1,
     "referenceDatum": 1
    },
    "_id": "6261488b5e9ded571043e4f3",
    "name": "LKPM ATZ 118.755",
    "type": 0,
    "icao": 6,
    "bnd": [
     [
      49.6700475,
      14.0230111
     ],
     [
      49.7699662,
      14.1774768
     ]
    ]
   },
   "geometry": {
    "type": "Polygon",
    "coordinates": [
     [
      [
       14.1002778,
       49.7699662
      ],
      [
       14.1091924,
       49.7696331
      ],
      [
       14.1179878,
       49.768638
      ],
      [
       14.1265466,
       49.7669943
      ],
      [
       14.1347544,
       49.7647241
      ],
      [
       14.1425017,
       49.7618575
      ],
      [
       14.149685,
       49.7584328
      ],
      [
       14.1562085,
       49.754496
      ],
      [
       14.1619853,
       49.7500994
      ],
      [
       14.1669385,
       49.7453017
      ],
      [
       14.1710023,
       49.7401671
      ],
      [
       14.1741227,
       49.734764
      ],
      [
       14.1762584,
       49.7291645
      ],
      [
       14.1773813,
       49.7234431
      ],
      [
       14.1774768,
       49.7176763
      ],
      [
       14.176544,
       49.7119407
      ],
      [
       14.1745957,
       49.7063128
      ],
      [
       14.1716581,
       49.7008675
      ],
      [
       14.1677707,
       49.6956773
      ],
      [
       14.1629855,
       49.6908112
      ],
      [
       14.1573663,
       49.686334
      ],
      [
       14.1509882,
       49.6823051
      ],
      [
       14.1439361,
       49.6787782
      ],
      [
       14.1363039,
       49.6758001
      ],
      [
       14.128193,
       49.6734104
      ],
      [
       14.1197112,
       49.6716408
      ],
      [
       14.1109714,
       49.6705149
      ],
      [
       14.1020895,
       49.6700475
      ],
      [
       14.0931835,
       49.6702449
      ],
      [
       14.0843718,
       49.6711045
      ],
      [
       14.0757713,
       49.6726149
      ],
      [
       14.0674964,
       49.674756
      ],
      [
       14.0596569,
       49.6774993
      ],
      [
       14.0523573,
       49.6808084
      ],
      [
       14.0456945,
       49.6846393
      ],
      [
       14.0397572,
       49.6889412
      ],
      [
       14.0346248,
       49.6936568
      ],
      [
       14.0303655,
       49.6987233
      ],
      [
       14.0270364,
       49.7040735
      ],
      [
       14.0246821,
       49.7096361
      ],
      [
       14.0233342,
       49.7153371
      ],
      [
       14.0230111,
       49.7211005
      ],
      [
       14.0237175,
       49.7268496
      ],
      [
       14.0254442,
       49.7325078
      ],
      [
       14.0281686,
       49.7379996
      ],
      [
       14.0318548,
       49.7432518
      ],
      [
       14.0364538,
       49.7481944
      ],
      [
       14.0419046,
       49.7527613
      ],
      [
       14.0481346,
       49.7568918
      ],
      [
       14.0550608,
       49.7605305
      ],
      [
       14.0625909,
       49.7636289
      ],
      [
       14.0706245,
       49.7661457
      ],
      [
       14.0790542,
       49.7680472
      ],
      [
       14.0877675,
       49.7693079
      ],
      [
       14.0966479,
       49.7699112
      ],
      [
       14.1002778,
       49.7699662
      ]
     ]
    ]
   }
  },
  {
   "type": "Feature",
   "properties": {
    "ll": {
     "value": 0,
     "unit": 1,
     "referenceDatum": 0
    },
    "ul": {
     "value": 13500,
     "unit": 1,
     "referenceDatum": 1
    },
    "_id": "6261488b5e9ded571043e4fe",
    "name": "LKPM PARA ZONE",
    "type": 2,
    "icao": 7,
    "bnd": [
     [
      49.6700475,
      14.0230111
     ],
     [
      49.7699662,
      14.1774768
     ]
    ]
   },
   "geometry": {
    "type": "Polygon",
    "coordinates": [
     [
      [
       14.1002778,
       49.7699662
      ],
      [
       14.1091924,
       49.7696331
      ],
      [
       14.1179878,
       49.768638
      ],
      [
       14.1265466,
       49.7669943
      ],
      [
       14.1347544,
       49.7647241
      ],
      [
       14.1425017,
       49.7618575
      ],
      [
       14.149685,
       49.7584328
      ],
      [
       14.1562085,
       49.754496
      ],
      [
       14.1619853,
       49.7500994
      ],
      [
       14.1669385,
       49.7453017
      ],
      [
       14.1710023,
       49.7401671
      ],
      [
       14.1741227,
       49.734764
      ],
      [
       14.1762584,
       49.7291645
      ],
      [
       14.1773813,
       49.7234431
      ],
      [
       14.1774768,
       49.7176763
      ],
      [
       14.176544,
       49.7119407
      ],
      [
       14.1745957,
       49.7063128
      ],
      [
       14.1716581,
       49.7008675
      ],
      [
       14.1677707,
       49.6956773
      ],
      [
       14.1629855,
       49.6908112
      ],
      [
       14.1573663,
       49.686334
      ],
      [
       14.1509882,
       49.6823051
      ],
      [
       14.1439361,
       49.6787782
      ],
      [
       14.1363039,
       49.6758001
      ],
      [
       14.128193,
       49.6734104
      ],
      [
       14.1197112,
       49.6716408
      ],
      [
       14.1109714,
       49.6705149
      ],
      [
       14.1020895,
       49.6700475
      ],
      [
       14.0931835,
       49.6702449
      ],
      [
       14.0843718,
       49.6711045
      ],
      [
       14.0757713,
       49.6726149
      ],
      [
       14.0674964,
       49.674756
      ],
      [
       14.0596569,
       49.6774993
      ],
      [
       14.0523573,
       49.6808084
      ],
      [
       14.0456945,
       49.6846393
      ],
      [
       14.0397572,
       49.6889412
      ],
      [
       14.0346248,
       49.6936568
      ],
      [
       14.0303655,
       49.6987233
      ],
      [
       14.0270364,
       49.7040735
      ],
      [
       14.0246821,
       49.7096361
      ],
      [
       14.0233342,
       49.7153371
      ],
      [
       14.0230111,
       49.7211005
      ],
      [
       14.0237175,
       49.7268496
      ],
      [
       14.0254442,
       49.7325078
      ],
      [
       14.0281686,
       49.7379996
      ],
      [
       14.0318548,
       49.7432518
      ],
      [
       14.0364538,
       49.7481944
      ],
      [
       14.0419046,
       49.7527613
      ],
      [
       14.0481346,
       49.7568918
      ],
      [
       14.0550608,
       49.7605305
      ],
      [
       14.0625909,
       49.7636289
      ],
      [
       14.0706245,
       49.7661457
      ],
      [
       14.0790542,
       49.7680472
      ],
      [
       14.0877675,
       49.7693079
      ],
      [
       14.0966479,
       49.7699112
      ],
      [
       14.1002778,
       49.7699662
      ]
     ]
    ]
   }
  },
  {
   "type": "Feature",
   "properties": {
    "ll": {
     "value": 0,
     "unit": 1,
     "referenceDatum": 0
    },
    "ul": {
     "value": 4000,
     "unit": 1,
     "referenceDatum": 1
    },
    "_id": "6261488b1eacded7b7bb37f8",
    "name": "LKPN ATZ 123.590",
    "type": 0,
    "icao": 6,
    "bnd": [
     [
      49.8889364,
      15.4690496
     ],
     [
      49.9888551,
      15.6242158
     ]
    ]
   },
   "geometry": {
    "type": "Polygon",
    "coordinates": [
     [
      [
       15.5466667,
       49.9888551
      ],
      [
       15.5556217,
       49.988522
      ],
      [
       15.5644572,
       49.9875269
      ],
      [
       15.5730548,
       49.9858832
      ],
      [
       15.5812999,
       49.9836129
      ],
      [
       15.5890824,
       49.9807463
      ],
      [
       15.5962983,
       49.9773216
      ],
      [
       15.6028514,
       49.9733847
      ],
      [
       15.6086544,
       49.9689881
      ],
      [
       15.6136301,
       49.9641905
      ],
      [
       15.6177122,
       49.9590558
      ],
      [
       15.6208467,
       49.9536527
      ],
      [
       15.622992,
       49.9480532
      ],
      [
       15.62412,
       49.9423318
      ],
      [
       15.6242158,
       49.9365649
      ],
      [
       15.6232787,
       49.9308294
      ],
      [
       15.6213215,
       49.9252015
      ],
      [
       15.6183705,
       49.9197562
      ],
      [
       15.6144654,
       49.914566
      ],
      [
       15.6096585,
       49.9097
      ],
      [
       15.6040139,
       49.9052228
      ],
      [
       15.5976068,
       49.9011939
      ],
      [
       15.5905228,
       49.8976671
      ],
      [
       15.5828559,
       49.894689
      ],
      [
       15.5747083,
       49.8922993
      ],
      [
       15.5661881,
       49.8905297
      ],
      [
       15.5574087,
       49.8894037
      ],
      [
       15.5484866,
       49.8889364
      ],
      [
       15.5395403,
       49.8891338
      ],
      [
       15.5306886,
       49.8899934
      ],
      [
       15.5220492,
       49.8915038
      ],
      [
       15.5137368,
       49.8936448
      ],
      [
       15.5058619,
       49.8963881
      ],
      [
       15.4985291,
       49.8996972
      ],
      [
       15.4918361,
       49.9035281
      ],
      [
       15.4858719,
       49.9078299
      ],
      [
       15.4807161,
       49.9125455
      ],
      [
       15.4764375,
       49.9176121
      ],
      [
       15.4730933,
       49.9229622
      ],
      [
       15.4707282,
       49.9285248
      ],
      [
       15.4693742,
       49.9342258
      ],
      [
       15.4690496,
       49.9399892
      ],
      [
       15.469759,
       49.9457383
      ],
      [
       15.4714935,
       49.9513965
      ],
      [
       15.4742303,
       49.9568883
      ],
      [
       15.4779331,
       49.9621405
      ],
      [
       15.4825529,
       49.9670831
      ],
      [
       15.4880284,
       49.9716501
      ],
      [
       15.4942866,
       49.9757806
      ],
      [
       15.5012443,
       49.9794193
      ],
      [
       15.5088086,
       49.9825178
      ],
      [
       15.5168786,
       49.9850346
      ],
      [
       15.5253466,
       49.986936
      ],
      [
       15.5340995,
       49.9881968
      ],
      [
       15.5430203,
       49.9888001
      ],
      [
       15.5466667,
       49.9888551
      ]
     ]
    ]
   }
  },
  {
   "type": "Feature",
   "properties": {
    "ll": {
     "value": 0,
     "unit": 1,
     "referenceDatum": 0
    },
    "ul": {
     "value": 4000,
     "unit": 1,
     "referenceDatum": 1
    },
    "_id": "6261488b5e9ded571043e50a",
    "name": "LKPO ATZ 127.780",
    "type": 0,
    "icao": 6,
    "bnd": [
     [
      49.3758808,
      17.3279199
     ],
     [
      49.4757996,
      17.4814574
     ]
    ]
   },
   "geometry": {
    "type": "Polygon",
    "coordinates": [
     [
      [
       17.4047222,
       49.4757996
      ],
      [
       17.4135831,
       49.4754664
      ],
      [
       17.4223256,
       49.4744714
      ],
      [
       17.4308329,
       49.4728277
      ],
      [
       17.4389914,
       49.4705574
      ],
      [
       17.4466921,
       49.4676909
      ],
      [
       17.4538322,
       49.4642663
      ],
      [
       17.4603165,
       49.4603294
      ],
      [
       17.4660586,
       49.4559329
      ],
      [
       17.4709821,
       49.4511353
      ],
      [
       17.4750215,
       49.4460007
      ],
      [
       17.4781232,
       49.4405976
      ],
      [
       17.4802461,
       49.4349981
      ],
      [
       17.4813624,
       49.4292767
      ],
      [
       17.4814574,
       49.4235099
      ],
      [
       17.4805303,
       49.4177743
      ],
      [
       17.4785938,
       49.4121464
      ],
      [
       17.4756739,
       49.4067011
      ],
      [
       17.4718099,
       49.4015108
      ],
      [
       17.4670535,
       49.3966447
      ],
      [
       17.4614682,
       49.3921675
      ],
      [
       17.4551284,
       49.3881386
      ],
      [
       17.4481186,
       49.3846117
      ],
      [
       17.4405322,
       49.3816335
      ],
      [
       17.4324699,
       49.3792438
      ],
      [
       17.4240391,
       49.3774742
      ],
      [
       17.4153517,
       49.3763482
      ],
      [
       17.406523,
       49.3758808
      ],
      [
       17.3976705,
       49.3760783
      ],
      [
       17.3889116,
       49.3769379
      ],
      [
       17.3803628,
       49.3784483
      ],
      [
       17.3721375,
       49.3805893
      ],
      [
       17.3643451,
       49.3833327
      ],
      [
       17.3570893,
       49.3866418
      ],
      [
       17.3504665,
       49.3904728
      ],
      [
       17.3445649,
       49.3947747
      ],
      [
       17.3394633,
       49.3994903
      ],
      [
       17.3352297,
       49.4045569
      ],
      [
       17.3319207,
       49.4099071
      ],
      [
       17.3295806,
       49.4154697
      ],
      [
       17.3282409,
       49.4211707
      ],
      [
       17.3279199,
       49.4269341
      ],
      [
       17.3286221,
       49.4326832
      ],
      [
       17.3303385,
       49.4383413
      ],
      [
       17.3330467,
       49.4438331
      ],
      [
       17.3367107,
       49.4490853
      ],
      [
       17.3412821,
       49.4540279
      ],
      [
       17.3467002,
       49.4585948
      ],
      [
       17.3528927,
       49.4627252
      ],
      [
       17.3597773,
       49.4663639
      ],
      [
       17.3672622,
       49.4694623
      ],
      [
       17.3752474,
       49.4719791
      ],
      [
       17.3836264,
       49.4738805
      ],
      [
       17.3922872,
       49.4751413
      ],
      [
       17.4011142,
       49.4757445
      ],
      [
       17.4047222,
       49.4757996
      ]
     ]
    ]
   }
  },
  {
   "type": "Feature",
   "properties": {
    "ll": {
     "value": 0,
     "unit": 1,
     "referenceDatum": 0
    },
    "ul": {
     "value": 4000,
     "unit": 1,
     "referenceDatum": 1
    },
    "_id": "6261488b5e9ded571043e517",
    "name": "LKPS ATZ 123.590",
    "type": 0,
    "icao": 6,
    "bnd": [
     [
      49.8703253,
      13.2993573
     ],
     [
      49.970244,
      13.4544637
     ]
    ]
   },
   "geometry": {
    "type": "Polygon",
    "coordinates": [
     [
      [
       13.3769444,
       49.970244
      ],
      [
       13.3858961,
       49.9699109
      ],
      [
       13.3947281,
       49.9689158
      ],
      [
       13.4033224,
       49.9672721
      ],
      [
       13.4115643,
       49.9650018
      ],
      [
       13.4193438,
       49.9621352
      ],
      [
       13.4265569,
       49.9587105
      ],
      [
       13.4331075,
       49.9547736
      ],
      [
       13.4389082,
       49.950377
      ],
      [
       13.443882,
       49.9455794
      ],
      [
       13.4479625,
       49.9404447
      ],
      [
       13.4510958,
       49.9350416
      ],
      [
       13.4532403,
       49.9294421
      ],
      [
       13.4543678,
       49.9237207
      ],
      [
       13.4544637,
       49.9179539
      ],
      [
       13.4535269,
       49.9122183
      ],
      [
       13.4515704,
       49.9065904
      ],
      [
       13.4486206,
       49.9011451
      ],
      [
       13.4447171,
       49.8959549
      ],
      [
       13.439912,
       49.8910889
      ],
      [
       13.4342695,
       49.8866117
      ],
      [
       13.427865,
       49.8825828
      ],
      [
       13.4207836,
       49.879056
      ],
      [
       13.4131197,
       49.8760779
      ],
      [
       13.4049752,
       49.8736882
      ],
      [
       13.3964584,
       49.8719186
      ],
      [
       13.3876823,
       49.8707926
      ],
      [
       13.3787636,
       49.8703253
      ],
      [
       13.3698208,
       49.8705227
      ],
      [
       13.3609726,
       49.8713823
      ],
      [
       13.3523365,
       49.8728927
      ],
      [
       13.3440273,
       49.8750337
      ],
      [
       13.3361554,
       49.877777
      ],
      [
       13.3288254,
       49.8810861
      ],
      [
       13.322135,
       49.884917
      ],
      [
       13.3161731,
       49.8892188
      ],
      [
       13.3110193,
       49.8939344
      ],
      [
       13.3067424,
       49.899001
      ],
      [
       13.3033994,
       49.9043511
      ],
      [
       13.3010353,
       49.9099137
      ],
      [
       13.2996818,
       49.9156147
      ],
      [
       13.2993573,
       49.9213781
      ],
      [
       13.3000665,
       49.9271272
      ],
      [
       13.3018003,
       49.9327854
      ],
      [
       13.304536,
       49.9382772
      ],
      [
       13.3082374,
       49.9435294
      ],
      [
       13.3128555,
       49.948472
      ],
      [
       13.3183288,
       49.953039
      ],
      [
       13.3245847,
       49.9571695
      ],
      [
       13.3315396,
       49.9608082
      ],
      [
       13.339101,
       49.9639067
      ],
      [
       13.3471679,
       49.9664235
      ],
      [
       13.3556327,
       49.9683249
      ],
      [
       13.3643822,
       49.9695857
      ],
      [
       13.3732995,
       49.9701889
      ],
      [
       13.3769444,
       49.970244
      ]
     ]
    ]
   }
  },
  {
   "type": "Feature",
   "properties": {
    "ll": {
     "value": 0,
     "unit": 1,
     "referenceDatum": 0
    },
    "ul": {
     "value": 4000,
     "unit": 1,
     "referenceDatum": 1
    },
    "_id": "6261488c1eacded7b7bb382f",
    "name": "LKRA ATZ 126.855",
    "type": 0,
    "icao": 6,
    "bnd": [
     [
      50.3539364,
      13.6735683
     ],
     [
      50.4538551,
      13.8302519
     ]
    ]
   },
   "geometry": {
    "type": "Polygon",
    "coordinates": [
     [
      [
       13.7519444,
       50.4538551
      ],
      [
       13.7609872,
       50.453522
      ],
      [
       13.7699092,
       50.4525269
      ],
      [
       13.7785911,
       50.4508832
      ],
      [
       13.7869169,
       50.4486128
      ],
      [
       13.7947755,
       50.4457462
      ],
      [
       13.8020621,
       50.4423215
      ],
      [
       13.8086793,
       50.4383845
      ],
      [
       13.814539,
       50.4339878
      ],
      [
       13.8195632,
       50.4291902
      ],
      [
       13.8236852,
       50.4240555
      ],
      [
       13.8268502,
       50.4186523
      ],
      [
       13.8290164,
       50.4130527
      ],
      [
       13.8301552,
       50.4073314
      ],
      [
       13.8302519,
       50.4015645
      ],
      [
       13.8293054,
       50.395829
      ],
      [
       13.8273289,
       50.3902011
      ],
      [
       13.824349,
       50.3847559
      ],
      [
       13.8204056,
       50.3795657
      ],
      [
       13.8155516,
       50.3746997
      ],
      [
       13.8098517,
       50.3702225
      ],
      [
       13.8033821,
       50.3661938
      ],
      [
       13.7962288,
       50.3626669
      ],
      [
       13.788487,
       50.3596889
      ],
      [
       13.7802598,
       50.3572992
      ],
      [
       13.7716564,
       50.3555297
      ],
      [
       13.7627913,
       50.3544037
      ],
      [
       13.7537821,
       50.3539364
      ],
      [
       13.7447485,
       50.3541338
      ],
      [
       13.7358104,
       50.3549934
      ],
      [
       13.7270867,
       50.3565037
      ],
      [
       13.7186931,
       50.3586447
      ],
      [
       13.7107412,
       50.361388
      ],
      [
       13.7033368,
       50.364697
      ],
      [
       13.6965784,
       50.3685279
      ],
      [
       13.6905559,
       50.3728297
      ],
      [
       13.6853496,
       50.3775452
      ],
      [
       13.6810291,
       50.3826117
      ],
      [
       13.677652,
       50.3879618
      ],
      [
       13.6752637,
       50.3935244
      ],
      [
       13.6738963,
       50.3992253
      ],
      [
       13.6735683,
       50.4049888
      ],
      [
       13.6742846,
       50.4107379
      ],
      [
       13.6760359,
       50.4163961
      ],
      [
       13.6787993,
       50.4218879
      ],
      [
       13.6825382,
       50.4271402
      ],
      [
       13.6872031,
       50.4320828
      ],
      [
       13.6927321,
       50.4366499
      ],
      [
       13.6990515,
       50.4407804
      ],
      [
       13.7060773,
       50.4444192
      ],
      [
       13.7137156,
       50.4475177
      ],
      [
       13.7218646,
       50.4500345
      ],
      [
       13.7304156,
       50.451936
      ],
      [
       13.7392542,
       50.4531968
      ],
      [
       13.7482624,
       50.4538001
      ],
      [
       13.7519444,
       50.4538551
      ]
     ]
    ]
   }
  },
  {
   "type": "Feature",
   "properties": {
    "ll": {
     "value": 0,
     "unit": 1,
     "referenceDatum": 0
    },
    "ul": {
     "value": 4000,
     "unit": 1,
     "referenceDatum": 1
    },
    "_id": "6261488c5e9ded571043e53c",
    "name": "LKRK ATZ 123.510",
    "type": 0,
    "icao": 6,
    "bnd": [
     [
      50.0442142,
      13.6110205
     ],
     [
      50.1441329,
      13.766689
     ]
    ]
   },
   "geometry": {
    "type": "Polygon",
    "coordinates": [
     [
      [
       13.6888889,
       50.1441329
      ],
      [
       13.697873,
       50.1437997
      ],
      [
       13.7067371,
       50.1428047
      ],
      [
       13.7153626,
       50.141161
      ],
      [
       13.7236345,
       50.1388907
      ],
      [
       13.7314421,
       50.136024
      ],
      [
       13.7386814,
       50.1325994
      ],
      [
       13.7452557,
       50.1286624
      ],
      [
       13.7510775,
       50.1242658
      ],
      [
       13.7560692,
       50.1194682
      ],
      [
       13.7601646,
       50.1143335
      ],
      [
       13.7633091,
       50.1089304
      ],
      [
       13.7654614,
       50.1033308
      ],
      [
       13.7665929,
       50.0976095
      ],
      [
       13.766689,
       50.0918426
      ],
      [
       13.7657489,
       50.086107
      ],
      [
       13.7637852,
       50.0804791
      ],
      [
       13.7608247,
       50.0750339
      ],
      [
       13.7569069,
       50.0698437
      ],
      [
       13.7520844,
       50.0649777
      ],
      [
       13.7464215,
       50.0605005
      ],
      [
       13.7399937,
       50.0564717
      ],
      [
       13.7328867,
       50.0529448
      ],
      [
       13.7251951,
       50.0499667
      ],
      [
       13.7170211,
       50.047577
      ],
      [
       13.7084734,
       50.0458075
      ],
      [
       13.6996656,
       50.0446815
      ],
      [
       13.6907147,
       50.0442142
      ],
      [
       13.6817395,
       50.0444116
      ],
      [
       13.6728592,
       50.0452712
      ],
      [
       13.6641919,
       50.0467815
      ],
      [
       13.6558526,
       50.0489226
      ],
      [
       13.6479522,
       50.0516658
      ],
      [
       13.6405957,
       50.0549749
      ],
      [
       13.633881,
       50.0588058
      ],
      [
       13.6278976,
       50.0631076
      ],
      [
       13.6227251,
       50.0678232
      ],
      [
       13.6184326,
       50.0728897
      ],
      [
       13.6150775,
       50.0782399
      ],
      [
       13.6127047,
       50.0838025
      ],
      [
       13.6113463,
       50.0895034
      ],
      [
       13.6110205,
       50.0952668
      ],
      [
       13.6117323,
       50.1010159
      ],
      [
       13.6134723,
       50.1066741
      ],
      [
       13.6162179,
       50.1121659
      ],
      [
       13.6199326,
       50.1174182
      ],
      [
       13.6245674,
       50.1223608
      ],
      [
       13.6300606,
       50.1269278
      ],
      [
       13.6363391,
       50.1310583
      ],
      [
       13.6433193,
       50.134697
      ],
      [
       13.6509081,
       50.1377955
      ],
      [
       13.6590043,
       50.1403123
      ],
      [
       13.6674997,
       50.1422138
      ],
      [
       13.676281,
       50.1434746
      ],
      [
       13.6852307,
       50.1440778
      ],
      [
       13.6888889,
       50.1441329
      ]
     ]
    ]
   }
  },
  {
   "type": "Feature",
   "properties": {
    "ll": {
     "value": 0,
     "unit": 1,
     "referenceDatum": 0
    },
    "ul": {
     "value": 4000,
     "unit": 1,
     "referenceDatum": 1
    },
    "_id": "6261488c1eacded7b7bb383c",
    "name": "LKRO ATZ 122.205",
    "type": 0,
    "icao": 6,
    "bnd": [
     [
      50.3606031,
      14.147724
     ],
     [
      50.4605218,
      14.3044295
     ]
    ]
   },
   "geometry": {
    "type": "Polygon",
    "coordinates": [
     [
      [
       14.2261111,
       50.4605218
      ],
      [
       14.2351552,
       50.4601886
      ],
      [
       14.2440784,
       50.4591935
      ],
      [
       14.2527615,
       50.4575498
      ],
      [
       14.2610885,
       50.4552795
      ],
      [
       14.2689483,
       50.4524128
      ],
      [
       14.2762358,
       50.4489881
      ],
      [
       14.2828539,
       50.4450512
      ],
      [
       14.2887145,
       50.4406545
      ],
      [
       14.2937394,
       50.4358568
      ],
      [
       14.297862,
       50.4307221
      ],
      [
       14.3010274,
       50.425319
      ],
      [
       14.3031939,
       50.4197194
      ],
      [
       14.3043329,
       50.413998
      ],
      [
       14.3044295,
       50.4082312
      ],
      [
       14.303483,
       50.4024956
      ],
      [
       14.3015062,
       50.3968678
      ],
      [
       14.2985258,
       50.3914225
      ],
      [
       14.2945819,
       50.3862324
      ],
      [
       14.2897272,
       50.3813664
      ],
      [
       14.2840265,
       50.3768892
      ],
      [
       14.277556,
       50.3728604
      ],
      [
       14.2704016,
       50.3693336
      ],
      [
       14.2626588,
       50.3663556
      ],
      [
       14.2544304,
       50.3639659
      ],
      [
       14.2458259,
       50.3621963
      ],
      [
       14.2369595,
       50.3610704
      ],
      [
       14.227949,
       50.3606031
      ],
      [
       14.2189141,
       50.3608005
      ],
      [
       14.2099748,
       50.3616601
      ],
      [
       14.2012499,
       50.3631704
      ],
      [
       14.1928551,
       50.3653114
      ],
      [
       14.1849021,
       50.3680546
      ],
      [
       14.1774967,
       50.3713637
      ],
      [
       14.1707373,
       50.3751946
      ],
      [
       14.1647139,
       50.3794963
      ],
      [
       14.1595069,
       50.3842118
      ],
      [
       14.1551858,
       50.3892784
      ],
      [
       14.1518082,
       50.3946285
      ],
      [
       14.1494196,
       50.4001911
      ],
      [
       14.148052,
       50.405892
      ],
      [
       14.147724,
       50.4116554
      ],
      [
       14.1484403,
       50.4174045
      ],
      [
       14.1501919,
       50.4230627
      ],
      [
       14.1529556,
       50.4285546
      ],
      [
       14.1566951,
       50.4338068
      ],
      [
       14.1613607,
       50.4387495
      ],
      [
       14.1668904,
       50.4433165
      ],
      [
       14.1732107,
       50.447447
      ],
      [
       14.1802375,
       50.4510858
      ],
      [
       14.1878769,
       50.4541843
      ],
      [
       14.1960271,
       50.4567012
      ],
      [
       14.2045792,
       50.4586027
      ],
      [
       14.2134191,
       50.4598635
      ],
      [
       14.2224286,
       50.4604667
      ],
      [
       14.2261111,
       50.4605218
      ]
     ]
    ]
   }
  },
  {
   "type": "Feature",
   "properties": {
    "ll": {
     "value": 0,
     "unit": 1,
     "referenceDatum": 0
    },
    "ul": {
     "value": 13500,
     "unit": 1,
     "referenceDatum": 1
    },
    "_id": "6261488c5e9ded571043e54b",
    "name": "LKRO PARA ZONE",
    "type": 2,
    "icao": 7,
    "bnd": [
     [
      50.3606031,
      14.147724
     ],
     [
      50.4605218,
      14.3044295
     ]
    ]
   },
   "geometry": {
    "type": "Polygon",
    "coordinates": [
     [
      [
       14.2261111,
       50.4605218
      ],
      [
       14.2351552,
       50.4601886
      ],
      [
       14.2440784,
       50.4591935
      ],
      [
       14.2527615,
       50.4575498
      ],
      [
       14.2610885,
       50.4552795
      ],
      [
       14.2689483,
       50.4524128
      ],
      [
       14.2762358,
       50.4489881
      ],
      [
       14.2828539,
       50.4450512
      ],
      [
       14.2887145,
       50.4406545
      ],
      [
       14.2937394,
       50.4358568
      ],
      [
       14.297862,
       50.4307221
      ],
      [
       14.3010274,
       50.425319
      ],
      [
       14.3031939,
       50.4197194
      ],
      [
       14.3043329,
       50.413998
      ],
      [
       14.3044295,
       50.4082312
      ],
      [
       14.303483,
       50.4024956
      ],
      [
       14.3015062,
       50.3968678
      ],
      [
       14.2985258,
       50.3914225
      ],
      [
       14.2945819,
       50.3862324
      ],
      [
       14.2897272,
       50.3813664
      ],
      [
       14.2840265,
       50.3768892
      ],
      [
       14.277556,
       50.3728604
      ],
      [
       14.2704016,
       50.3693336
      ],
      [
       14.2626588,
       50.3663556
      ],
      [
       14.2544304,
       50.3639659
      ],
      [
       14.2458259,
       50.3621963
      ],
      [
       14.2369595,
       50.3610704
      ],
      [
       14.227949,
       50.3606031
      ],
      [
       14.2189141,
       50.3608005
      ],
      [
       14.2099748,
       50.3616601
      ],
      [
       14.2012499,
       50.3631704
      ],
      [
       14.1928551,
       50.3653114
      ],
      [
       14.1849021,
       50.3680546
      ],
      [
       14.1774967,
       50.3713637
      ],
      [
       14.1707373,
       50.3751946
      ],
      [
       14.1647139,
       50.3794963
      ],
      [
       14.1595069,
       50.3842118
      ],
      [
       14.1551858,
       50.3892784
      ],
      [
       14.1518082,
       50.3946285
      ],
      [
       14.1494196,
       50.4001911
      ],
      [
       14.148052,
       50.405892
      ],
      [
       14.147724,
       50.4116554
      ],
      [
       14.1484403,
       50.4174045
      ],
      [
       14.1501919,
       50.4230627
      ],
      [
       14.1529556,
       50.4285546
      ],
      [
       14.1566951,
       50.4338068
      ],
      [
       14.1613607,
       50.4387495
      ],
      [
       14.1668904,
       50.4433165
      ],
      [
       14.1732107,
       50.447447
      ],
      [
       14.1802375,
       50.4510858
      ],
      [
       14.1878769,
       50.4541843
      ],
      [
       14.1960271,
       50.4567012
      ],
      [
       14.2045792,
       50.4586027
      ],
      [
       14.2134191,
       50.4598635
      ],
      [
       14.2224286,
       50.4604667
      ],
      [
       14.2261111,
       50.4605218
      ]
     ]
    ]
   }
  },
  {
   "type": "Feature",
   "properties": {
    "ll": {
     "value": 0,
     "unit": 1,
     "referenceDatum": 0
    },
    "ul": {
     "value": 4000,
     "unit": 1,
     "referenceDatum": 1
    },
    "_id": "6261488c5e9ded571043e555",
    "name": "LKRY ATZ 119.660",
    "type": 0,
    "icao": 6,
    "bnd": [
     [
      49.7019919,
      13.5124047
     ],
     [
      49.8019107,
      13.6669721
     ]
    ]
   },
   "geometry": {
    "type": "Polygon",
    "coordinates": [
     [
      [
       13.5897222,
       49.8019107
      ],
      [
       13.5986427,
       49.8015775
      ],
      [
       13.6074439,
       49.8005825
      ],
      [
       13.6160084,
       49.7989388
      ],
      [
       13.6242216,
       49.7966685
      ],
      [
       13.631974,
       49.7938019
      ],
      [
       13.639162,
       49.7903773
      ],
      [
       13.6456898,
       49.7864404
      ],
      [
       13.6514704,
       49.7820438
      ],
      [
       13.6564269,
       49.7772462
      ],
      [
       13.6604933,
       49.7721115
      ],
      [
       13.6636158,
       49.7667084
      ],
      [
       13.6657529,
       49.7611089
      ],
      [
       13.6668765,
       49.7553875
      ],
      [
       13.6669721,
       49.7496207
      ],
      [
       13.6660387,
       49.7438851
      ],
      [
       13.664089,
       49.7382572
      ],
      [
       13.6611495,
       49.7328119
      ],
      [
       13.6572595,
       49.7276217
      ],
      [
       13.6524712,
       49.7227556
      ],
      [
       13.6468483,
       49.7182784
      ],
      [
       13.640466,
       49.7142496
      ],
      [
       13.6334093,
       49.7107227
      ],
      [
       13.625772,
       49.7077446
      ],
      [
       13.6176558,
       49.7053549
      ],
      [
       13.6091684,
       49.7035853
      ],
      [
       13.6004228,
       49.7024593
      ],
      [
       13.5915351,
       49.7019919
      ],
      [
       13.5826233,
       49.7021894
      ],
      [
       13.5738058,
       49.703049
      ],
      [
       13.5651996,
       49.7045593
      ],
      [
       13.5569193,
       49.7067004
      ],
      [
       13.5490747,
       49.7094437
      ],
      [
       13.5417702,
       49.7127528
      ],
      [
       13.535103,
       49.7165838
      ],
      [
       13.5291619,
       49.7208856
      ],
      [
       13.524026,
       49.7256012
      ],
      [
       13.5197639,
       49.7306678
      ],
      [
       13.5164326,
       49.7360179
      ],
      [
       13.5140768,
       49.7415805
      ],
      [
       13.512728,
       49.7472815
      ],
      [
       13.5124047,
       49.7530449
      ],
      [
       13.5131115,
       49.758794
      ],
      [
       13.5148394,
       49.7644522
      ],
      [
       13.5175656,
       49.769944
      ],
      [
       13.5212542,
       49.7751962
      ],
      [
       13.5258562,
       49.7801388
      ],
      [
       13.5313105,
       49.7847058
      ],
      [
       13.5375446,
       49.7888362
      ],
      [
       13.5444754,
       49.7924749
      ],
      [
       13.5520105,
       49.7955734
      ],
      [
       13.5600493,
       49.7980901
      ],
      [
       13.5684846,
       49.7999916
      ],
      [
       13.5772037,
       49.8012524
      ],
      [
       13.58609,
       49.8018556
      ],
      [
       13.5897222,
       49.8019107
      ]
     ]
    ]
   }
  },
  {
   "type": "Feature",
   "properties": {
    "ll": {
     "value": 0,
     "unit": 1,
     "referenceDatum": 0
    },
    "ul": {
     "value": 13500,
     "unit": 1,
     "referenceDatum": 1
    },
    "_id": "6261488c1eacded7b7bb3849",
    "name": "LKRY PARA ZONE",
    "type": 2,
    "icao": 7,
    "bnd": [
     [
      49.7019919,
      13.5124047
     ],
     [
      49.8019107,
      13.6669721
     ]
    ]
   },
   "geometry": {
    "type": "Polygon",
    "coordinates": [
     [
      [
       13.5897222,
       49.8019107
      ],
      [
       13.5986427,
       49.8015775
      ],
      [
       13.6074439,
       49.8005825
      ],
      [
       13.6160084,
       49.7989388
      ],
      [
       13.6242216,
       49.7966685
      ],
      [
       13.631974,
       49.7938019
      ],
      [
       13.639162,
       49.7903773
      ],
      [
       13.6456898,
       49.7864404
      ],
      [
       13.6514704,
       49.7820438
      ],
      [
       13.6564269,
       49.7772462
      ],
      [
       13.6604933,
       49.7721115
      ],
      [
       13.6636158,
       49.7667084
      ],
      [
       13.6657529,
       49.7611089
      ],
      [
       13.6668765,
       49.7553875
      ],
      [
       13.6669721,
       49.7496207
      ],
      [
       13.6660387,
       49.7438851
      ],
      [
       13.664089,
       49.7382572
      ],
      [
       13.6611495,
       49.7328119
      ],
      [
       13.6572595,
       49.7276217
      ],
      [
       13.6524712,
       49.7227556
      ],
      [
       13.6468483,
       49.7182784
      ],
      [
       13.640466,
       49.7142496
      ],
      [
       13.6334093,
       49.7107227
      ],
      [
       13.625772,
       49.7077446
      ],
      [
       13.6176558,
       49.7053549
      ],
      [
       13.6091684,
       49.7035853
      ],
      [
       13.6004228,
       49.7024593
      ],
      [
       13.5915351,
       49.7019919
      ],
      [
       13.5826233,
       49.7021894
      ],
      [
       13.5738058,
       49.703049
      ],
      [
       13.5651996,
       49.7045593
      ],
      [
       13.5569193,
       49.7067004
      ],
      [
       13.5490747,
       49.7094437
      ],
      [
       13.5417702,
       49.7127528
      ],
      [
       13.535103,
       49.7165838
      ],
      [
       13.5291619,
       49.7208856
      ],
      [
       13.524026,
       49.7256012
      ],
      [
       13.5197639,
       49.7306678
      ],
      [
       13.5164326,
       49.7360179
      ],
      [
       13.5140768,
       49.7415805
      ],
      [
       13.512728,
       49.7472815
      ],
      [
       13.5124047,
       49.7530449
      ],
      [
       13.5131115,
       49.758794
      ],
      [
       13.5148394,
       49.7644522
      ],
      [
       13.5175656,
       49.769944
      ],
      [
       13.5212542,
       49.7751962
      ],
      [
       13.5258562,
       49.7801388
      ],
      [
       13.5313105,
       49.7847058
      ],
      [
       13.5375446,
       49.7888362
      ],
      [
       13.5444754,
       49.7924749
      ],
      [
       13.5520105,
       49.7955734
      ],
      [
       13.5600493,
       49.7980901
      ],
      [
       13.5684846,
       49.7999916
      ],
      [
       13.5772037,
       49.8012524
      ],
      [
       13.58609,
       49.8018556
      ],
      [
       13.5897222,
       49.8019107
      ]
     ]
    ]
   }
  },
  {
   "type": "Feature",
   "properties": {
    "ll": {
     "value": 0,
     "unit": 1,
     "referenceDatum": 0
    },
    "ul": {
     "value": 4000,
     "unit": 1,
     "referenceDatum": 1
    },
    "_id": "6261488d5e9ded571043e562",
    "name": "LKSA ATZ 123.610",
    "type": 0,
    "icao": 6,
    "bnd": [
     [
      49.5167142,
      12.9715874
     ],
     [
      49.6166329,
      13.1255674
     ]
    ]
   },
   "geometry": {
    "type": "Polygon",
    "coordinates": [
     [
      [
       13.0486111,
       49.6166329
      ],
      [
       13.0574976,
       49.6162997
      ],
      [
       13.0662654,
       49.6153047
      ],
      [
       13.0747972,
       49.613661
      ],
      [
       13.0829792,
       49.6113907
      ],
      [
       13.0907021,
       49.6085242
      ],
      [
       13.0978628,
       49.6050996
      ],
      [
       13.1043658,
       49.6011627
      ],
      [
       13.1101244,
       49.5967661
      ],
      [
       13.1150621,
       49.5919685
      ],
      [
       13.1191131,
       49.5868339
      ],
      [
       13.1222237,
       49.5814308
      ],
      [
       13.1243527,
       49.5758313
      ],
      [
       13.1254722,
       49.5701099
      ],
      [
       13.1255674,
       49.5643431
      ],
      [
       13.1246376,
       49.5586075
      ],
      [
       13.1226954,
       49.5529796
      ],
      [
       13.1197671,
       49.5475343
      ],
      [
       13.115892,
       49.5423441
      ],
      [
       13.1111218,
       49.537478
      ],
      [
       13.1055204,
       49.5330007
      ],
      [
       13.0991623,
       49.5289719
      ],
      [
       13.0921324,
       49.5254449
      ],
      [
       13.0845241,
       49.5224668
      ],
      [
       13.0764387,
       49.5200771
      ],
      [
       13.0679836,
       49.5183075
      ],
      [
       13.0592711,
       49.5171815
      ],
      [
       13.0504171,
       49.5167142
      ],
      [
       13.0415391,
       49.5169116
      ],
      [
       13.032755,
       49.5177712
      ],
      [
       13.0241816,
       49.5192816
      ],
      [
       13.0159326,
       49.5214226
      ],
      [
       13.0081178,
       49.524166
      ],
      [
       13.0008411,
       49.5274751
      ],
      [
       12.9941992,
       49.5313061
      ],
      [
       12.9882807,
       49.5356079
      ],
      [
       12.9831643,
       49.5403235
      ],
      [
       12.9789185,
       49.5453901
      ],
      [
       12.9755999,
       49.5507403
      ],
      [
       12.973253,
       49.5563029
      ],
      [
       12.9719095,
       49.5620039
      ],
      [
       12.9715874,
       49.5677673
      ],
      [
       12.9722916,
       49.5735164
      ],
      [
       12.974013,
       49.5791746
      ],
      [
       12.9767289,
       49.5846664
      ],
      [
       12.9804035,
       49.5899186
      ],
      [
       12.984988,
       49.5948611
      ],
      [
       12.9904217,
       49.5994281
      ],
      [
       12.9966321,
       49.6035585
      ],
      [
       13.0035365,
       49.6071972
      ],
      [
       13.0110429,
       49.6102956
      ],
      [
       13.0190512,
       49.6128124
      ],
      [
       13.0274544,
       49.6147139
      ],
      [
       13.0361402,
       49.6159746
      ],
      [
       13.0449927,
       49.6165778
      ],
      [
       13.0486111,
       49.6166329
      ]
     ]
    ]
   }
  },
  {
   "type": "Feature",
   "properties": {
    "ll": {
     "value": 0,
     "unit": 1,
     "referenceDatum": 0
    },
    "ul": {
     "value": 4000,
     "unit": 1,
     "referenceDatum": 1
    },
    "_id": "6261488d1eacded7b7bb3856",
    "name": "LKSB ATZ 120.680",
    "type": 0,
    "icao": 6,
    "bnd": [
     [
      49.4361586,
      16.9786587
     ],
     [
      49.5360774,
      17.1323852
     ]
    ]
   },
   "geometry": {
    "type": "Polygon",
    "coordinates": [
     [
      [
       17.0555556,
       49.5360774
      ],
      [
       17.0644274,
       49.5357442
      ],
      [
       17.0731807,
       49.5347491
      ],
      [
       17.0816985,
       49.5331055
      ],
      [
       17.089867,
       49.5308352
      ],
      [
       17.0975771,
       49.5279686
      ],
      [
       17.104726,
       49.524544
      ],
      [
       17.1112183,
       49.5206072
      ],
      [
       17.1169675,
       49.5162106
      ],
      [
       17.121897,
       49.511413
      ],
      [
       17.1259414,
       49.5062784
      ],
      [
       17.1290469,
       49.5008753
      ],
      [
       17.1311724,
       49.4952758
      ],
      [
       17.1322901,
       49.4895545
      ],
      [
       17.1323852,
       49.4837876
      ],
      [
       17.1314569,
       49.478052
      ],
      [
       17.129518,
       49.4724241
      ],
      [
       17.1265945,
       49.4669788
      ],
      [
       17.1227257,
       49.4617886
      ],
      [
       17.1179635,
       49.4569225
      ],
      [
       17.1123712,
       49.4524452
      ],
      [
       17.1060237,
       49.4484163
      ],
      [
       17.0990053,
       49.4448894
      ],
      [
       17.0914095,
       49.4419113
      ],
      [
       17.0833374,
       49.4395216
      ],
      [
       17.0748962,
       49.4377519
      ],
      [
       17.066198,
       49.436626
      ],
      [
       17.0573586,
       49.4361586
      ],
      [
       17.0484952,
       49.436356
      ],
      [
       17.0397255,
       49.4372157
      ],
      [
       17.0311662,
       49.438726
      ],
      [
       17.0229308,
       49.4408671
      ],
      [
       17.0151288,
       49.4436104
      ],
      [
       17.0078641,
       49.4469196
      ],
      [
       17.0012331,
       49.4507505
      ],
      [
       16.9953243,
       49.4550524
      ],
      [
       16.9902164,
       49.459768
      ],
      [
       16.9859776,
       49.4648346
      ],
      [
       16.9826645,
       49.4701848
      ],
      [
       16.9803215,
       49.4757474
      ],
      [
       16.9789802,
       49.4814484
      ],
      [
       16.9786587,
       49.4872118
      ],
      [
       16.9793617,
       49.4929609
      ],
      [
       16.9810803,
       49.4986191
      ],
      [
       16.9837917,
       49.5041109
      ],
      [
       16.9874603,
       49.5093631
      ],
      [
       16.9920373,
       49.5143056
      ],
      [
       16.997462,
       49.5188726
      ],
      [
       17.0036622,
       49.523003
      ],
      [
       17.0105553,
       49.5266417
      ],
      [
       17.0180493,
       49.5297401
      ],
      [
       17.0260444,
       49.5322568
      ],
      [
       17.0344337,
       49.5341583
      ],
      [
       17.0431052,
       49.5354191
      ],
      [
       17.0519431,
       49.5360223
      ],
      [
       17.0555556,
       49.5360774
      ]
     ]
    ]
   }
  },
  {
   "type": "Feature",
   "properties": {
    "ll": {
     "value": 0,
     "unit": 1,
     "referenceDatum": 0
    },
    "ul": {
     "value": 4000,
     "unit": 1,
     "referenceDatum": 1
    },
    "_id": "6261488d5e9ded571043e56f",
    "name": "LKSK ATZ 123.510",
    "type": 0,
    "icao": 6,
    "bnd": [
     [
      49.7778253,
      15.9283947
     ],
     [
      49.877744,
      16.0832042
     ]
    ]
   },
   "geometry": {
    "type": "Polygon",
    "coordinates": [
     [
      [
       16.0058333,
       49.877744
      ],
      [
       16.0147678,
       49.8774109
      ],
      [
       16.0235829,
       49.8764158
      ],
      [
       16.0321607,
       49.8747721
      ],
      [
       16.0403869,
       49.8725018
      ],
      [
       16.0481514,
       49.8696352
      ],
      [
       16.0553507,
       49.8662106
      ],
      [
       16.0618887,
       49.8622737
      ],
      [
       16.0676784,
       49.8578771
      ],
      [
       16.0726426,
       49.8530794
      ],
      [
       16.0767154,
       49.8479448
      ],
      [
       16.0798427,
       49.8425417
      ],
      [
       16.0819832,
       49.8369421
      ],
      [
       16.0831085,
       49.8312208
      ],
      [
       16.0832042,
       49.8254539
      ],
      [
       16.0822693,
       49.8197184
      ],
      [
       16.0803166,
       49.8140905
      ],
      [
       16.0773725,
       49.8086452
      ],
      [
       16.0734764,
       49.803455
      ],
      [
       16.0686805,
       49.7985889
      ],
      [
       16.0630488,
       49.7941117
      ],
      [
       16.0566565,
       49.7900829
      ],
      [
       16.0495887,
       49.786556
      ],
      [
       16.0419395,
       49.7835779
      ],
      [
       16.0338106,
       49.7811882
      ],
      [
       16.02531,
       49.7794186
      ],
      [
       16.0165507,
       49.7782926
      ],
      [
       16.007649,
       49.7778253
      ],
      [
       15.9987233,
       49.7780227
      ],
      [
       15.989892,
       49.7788823
      ],
      [
       15.9812724,
       49.7803927
      ],
      [
       15.9729791,
       49.7825337
      ],
      [
       15.9651222,
       49.785277
      ],
      [
       15.9578063,
       49.7885861
      ],
      [
       15.9511286,
       49.7924171
      ],
      [
       15.9451782,
       49.7967189
      ],
      [
       15.9400343,
       49.8014345
      ],
      [
       15.9357655,
       49.806501
      ],
      [
       15.932429,
       49.8118512
      ],
      [
       15.9300694,
       49.8174138
      ],
      [
       15.9287185,
       49.8231148
      ],
      [
       15.9283947,
       49.8288782
      ],
      [
       15.9291025,
       49.8346273
      ],
      [
       15.9308331,
       49.8402854
      ],
      [
       15.9335636,
       49.8457773
      ],
      [
       15.9372579,
       49.8510295
      ],
      [
       15.9418671,
       49.8559721
      ],
      [
       15.94733,
       49.8605391
      ],
      [
       15.9535739,
       49.8646695
      ],
      [
       15.9605155,
       49.8683082
      ],
      [
       15.9680624,
       49.8714067
      ],
      [
       15.9761139,
       49.8739235
      ],
      [
       15.9845624,
       49.8758249
      ],
      [
       15.9932951,
       49.8770857
      ],
      [
       16.0021954,
       49.8776889
      ],
      [
       16.0058333,
       49.877744
      ]
     ]
    ]
   }
  },
  {
   "type": "Feature",
   "properties": {
    "ll": {
     "value": 0,
     "unit": 1,
     "referenceDatum": 0
    },
    "ul": {
     "value": 13500,
     "unit": 1,
     "referenceDatum": 1
    },
    "_id": "6261488d5e9ded571043e579",
    "name": "LKSK PARA ZONE",
    "type": 2,
    "icao": 7,
    "bnd": [
     [
      49.7778253,
      15.9283947
     ],
     [
      49.877744,
      16.0832042
     ]
    ]
   },
   "geometry": {
    "type": "Polygon",
    "coordinates": [
     [
      [
       16.0058333,
       49.877744
      ],
      [
       16.0147678,
       49.8774109
      ],
      [
       16.0235829,
       49.8764158
      ],
      [
       16.0321607,
       49.8747721
      ],
      [
       16.0403869,
       49.8725018
      ],
      [
       16.0481514,
       49.8696352
      ],
      [
       16.0553507,
       49.8662106
      ],
      [
       16.0618887,
       49.8622737
      ],
      [
       16.0676784,
       49.8578771
      ],
      [
       16.0726426,
       49.8530794
      ],
      [
       16.0767154,
       49.8479448
      ],
      [
       16.0798427,
       49.8425417
      ],
      [
       16.0819832,
       49.8369421
      ],
      [
       16.0831085,
       49.8312208
      ],
      [
       16.0832042,
       49.8254539
      ],
      [
       16.0822693,
       49.8197184
      ],
      [
       16.0803166,
       49.8140905
      ],
      [
       16.0773725,
       49.8086452
      ],
      [
       16.0734764,
       49.803455
      ],
      [
       16.0686805,
       49.7985889
      ],
      [
       16.0630488,
       49.7941117
      ],
      [
       16.0566565,
       49.7900829
      ],
      [
       16.0495887,
       49.786556
      ],
      [
       16.0419395,
       49.7835779
      ],
      [
       16.0338106,
       49.7811882
      ],
      [
       16.02531,
       49.7794186
      ],
      [
       16.0165507,
       49.7782926
      ],
      [
       16.007649,
       49.7778253
      ],
      [
       15.9987233,
       49.7780227
      ],
      [
       15.989892,
       49.7788823
      ],
      [
       15.9812724,
       49.7803927
      ],
      [
       15.9729791,
       49.7825337
      ],
      [
       15.9651222,
       49.785277
      ],
      [
       15.9578063,
       49.7885861
      ],
      [
       15.9511286,
       49.7924171
      ],
      [
       15.9451782,
       49.7967189
      ],
      [
       15.9400343,
       49.8014345
      ],
      [
       15.9357655,
       49.806501
      ],
      [
       15.932429,
       49.8118512
      ],
      [
       15.9300694,
       49.8174138
      ],
      [
       15.9287185,
       49.8231148
      ],
      [
       15.9283947,
       49.8288782
      ],
      [
       15.9291025,
       49.8346273
      ],
      [
       15.9308331,
       49.8402854
      ],
      [
       15.9335636,
       49.8457773
      ],
      [
       15.9372579,
       49.8510295
      ],
      [
       15.9418671,
       49.8559721
      ],
      [
       15.94733,
       49.8605391
      ],
      [
       15.9535739,
       49.8646695
      ],
      [
       15.9605155,
       49.8683082
      ],
      [
       15.9680624,
       49.8714067
      ],
      [
       15.9761139,
       49.8739235
      ],
      [
       15.9845624,
       49.8758249
      ],
      [
       15.9932951,
       49.8770857
      ],
      [
       16.0021954,
       49.8776889
      ],
      [
       16.0058333,
       49.877744
      ]
     ]
    ]
   }
  },
  {
   "type": "Feature",
   "properties": {
    "ll": {
     "value": 0,
     "unit": 1,
     "referenceDatum": 0
    },
    "ul": {
     "value": 4000,
     "unit": 1,
     "referenceDatum": 1
    },
    "_id": "6261488d5e9ded571043e587",
    "name": "LKSN ATZ 122.405",
    "type": 0,
    "icao": 6,
    "bnd": [
     [
      50.1667142,
      14.010543
     ],
     [
      50.2666329,
      14.1666108
     ]
    ]
   },
   "geometry": {
    "type": "Polygon",
    "coordinates": [
     [
      [
       14.0886111,
       50.2666329
      ],
      [
       14.0976183,
       50.2662997
      ],
      [
       14.1065052,
       50.2653047
      ],
      [
       14.1151529,
       50.263661
      ],
      [
       14.123446,
       50.2613906
      ],
      [
       14.1312737,
       50.258524
      ],
      [
       14.1385315,
       50.2550993
      ],
      [
       14.1451227,
       50.2511624
      ],
      [
       14.1509594,
       50.2467657
      ],
      [
       14.1559639,
       50.2419681
      ],
      [
       14.1600698,
       50.2368334
      ],
      [
       14.1632224,
       50.2314303
      ],
      [
       14.1653801,
       50.2258307
      ],
      [
       14.1665145,
       50.2201093
      ],
      [
       14.1666108,
       50.2143425
      ],
      [
       14.1656682,
       50.2086069
      ],
      [
       14.1636995,
       50.202979
      ],
      [
       14.1607313,
       50.1975338
      ],
      [
       14.1568035,
       50.1923436
      ],
      [
       14.1519686,
       50.1874776
      ],
      [
       14.1462911,
       50.1830004
      ],
      [
       14.1398469,
       50.1789716
      ],
      [
       14.1327217,
       50.1754448
      ],
      [
       14.1250103,
       50.1724667
      ],
      [
       14.1168154,
       50.170077
      ],
      [
       14.1082458,
       50.1683075
      ],
      [
       14.0994154,
       50.1671815
      ],
      [
       14.0904416,
       50.1667142
      ],
      [
       14.0814434,
       50.1669116
      ],
      [
       14.0725404,
       50.1677712
      ],
      [
       14.0638509,
       50.1692815
      ],
      [
       14.0554902,
       50.1714225
      ],
      [
       14.0475696,
       50.1741658
      ],
      [
       14.0401942,
       50.1774749
      ],
      [
       14.0334623,
       50.1813058
      ],
      [
       14.0274635,
       50.1856076
      ],
      [
       14.0222777,
       50.1903231
      ],
      [
       14.0179742,
       50.1953896
      ],
      [
       14.0146105,
       50.2007398
      ],
      [
       14.0122316,
       50.2063023
      ],
      [
       14.0108696,
       50.2120033
      ],
      [
       14.010543,
       50.2177667
      ],
      [
       14.0112565,
       50.2235158
      ],
      [
       14.013001,
       50.229174
      ],
      [
       14.0157535,
       50.2346658
      ],
      [
       14.0194778,
       50.2399181
      ],
      [
       14.0241245,
       50.2448607
      ],
      [
       14.0296317,
       50.2494278
      ],
      [
       14.0359263,
       50.2535582
      ],
      [
       14.0429244,
       50.257197
      ],
      [
       14.0505327,
       50.2602955
      ],
      [
       14.0586497,
       50.2628123
      ],
      [
       14.067167,
       50.2647138
      ],
      [
       14.0759708,
       50.2659746
      ],
      [
       14.0849436,
       50.2665778
      ],
      [
       14.0886111,
       50.2666329
      ]
     ]
    ]
   }
  },
  {
   "type": "Feature",
   "properties": {
    "ll": {
     "value": 0,
     "unit": 1,
     "referenceDatum": 0
    },
    "ul": {
     "value": 4000,
     "unit": 1,
     "referenceDatum": 1
    },
    "_id": "6261488d5e9ded571043e594",
    "name": "LKSO ATZ 122.190",
    "type": 0,
    "icao": 6,
    "bnd": [
     [
      49.1967142,
      14.6370879
     ],
     [
      49.2966329,
      14.7900675
     ]
    ]
   },
   "geometry": {
    "type": "Polygon",
    "coordinates": [
     [
      [
       14.7136111,
       49.2966329
      ],
      [
       14.7224398,
       49.2962997
      ],
      [
       14.7311505,
       49.2953047
      ],
      [
       14.7396268,
       49.2936611
      ],
      [
       14.7477556,
       49.2913908
      ],
      [
       14.7554282,
       49.2885242
      ],
      [
       14.7625424,
       49.2850997
      ],
      [
       14.7690031,
       49.2811628
      ],
      [
       14.7747244,
       49.2767663
      ],
      [
       14.77963,
       49.2719687
      ],
      [
       14.7836547,
       49.2668341
      ],
      [
       14.7867452,
       49.2614311
      ],
      [
       14.7888605,
       49.2558315
      ],
      [
       14.7899728,
       49.2501102
      ],
      [
       14.7900675,
       49.2443434
      ],
      [
       14.7891438,
       49.2386078
      ],
      [
       14.7872144,
       49.2329799
      ],
      [
       14.7843052,
       49.2275345
      ],
      [
       14.7804553,
       49.2223443
      ],
      [
       14.7757161,
       49.2174782
      ],
      [
       14.7701511,
       49.2130009
      ],
      [
       14.7638344,
       49.208972
      ],
      [
       14.7568501,
       49.205445
      ],
      [
       14.7492911,
       49.2024669
      ],
      [
       14.7412582,
       49.2000771
      ],
      [
       14.7328579,
       49.1983075
      ],
      [
       14.724202,
       49.1971815
      ],
      [
       14.7154054,
       49.1967142
      ],
      [
       14.706585,
       49.1969116
      ],
      [
       14.6978579,
       49.1977712
      ],
      [
       14.68934,
       49.1992816
      ],
      [
       14.6811446,
       49.2014227
      ],
      [
       14.6733805,
       49.204166
      ],
      [
       14.666151,
       49.2074752
      ],
      [
       14.6595523,
       49.2113062
      ],
      [
       14.6536722,
       49.2156081
      ],
      [
       14.6485891,
       49.2203237
      ],
      [
       14.6443709,
       49.2253903
      ],
      [
       14.641074,
       49.2307406
      ],
      [
       14.6387424,
       49.2363032
      ],
      [
       14.6374077,
       49.2420042
      ],
      [
       14.6370879,
       49.2477676
      ],
      [
       14.6377875,
       49.2535167
      ],
      [
       14.6394978,
       49.2591748
      ],
      [
       14.6421961,
       49.2646666
      ],
      [
       14.6458469,
       49.2699188
      ],
      [
       14.6504018,
       49.2748613
      ],
      [
       14.6558001,
       49.2794283
      ],
      [
       14.6619702,
       49.2835586
      ],
      [
       14.6688297,
       49.2871973
      ],
      [
       14.6762874,
       49.2902957
      ],
      [
       14.6842435,
       49.2928124
      ],
      [
       14.692592,
       49.2947139
      ],
      [
       14.7012214,
       49.2959746
      ],
      [
       14.7100163,
       49.2965778
      ],
      [
       14.7136111,
       49.2966329
      ]
     ]
    ]
   }
  },
  {
   "type": "Feature",
   "properties": {
    "ll": {
     "value": 0,
     "unit": 1,
     "referenceDatum": 0
    },
    "ul": {
     "value": 4000,
     "unit": 1,
     "referenceDatum": 1
    },
    "_id": "6261488d5e9ded571043e59f",
    "name": "LKSR ATZ 123.505",
    "type": 0,
    "icao": 6,
    "bnd": [
     [
      49.0325475,
      13.9995634
     ],
     [
      49.1324662,
      14.1520367
     ]
    ]
   },
   "geometry": {
    "type": "Polygon",
    "coordinates": [
     [
      [
       14.0758333,
       49.1324662
      ],
      [
       14.0846327,
       49.1321331
      ],
      [
       14.0933145,
       49.131138
      ],
      [
       14.1017628,
       49.1294944
      ],
      [
       14.1098646,
       49.1272242
      ],
      [
       14.1175118,
       49.1243576
      ],
      [
       14.1246024,
       49.1209331
      ],
      [
       14.1310418,
       49.1169963
      ],
      [
       14.1367441,
       49.1125997
      ],
      [
       14.1416335,
       49.1078022
      ],
      [
       14.145645,
       49.1026676
      ],
      [
       14.1487253,
       49.0972645
      ],
      [
       14.1508336,
       49.091665
      ],
      [
       14.1519422,
       49.0859437
      ],
      [
       14.1520367,
       49.0801768
      ],
      [
       14.1511161,
       49.0744412
      ],
      [
       14.1491931,
       49.0688133
      ],
      [
       14.1462936,
       49.063368
      ],
      [
       14.1424564,
       49.0581777
      ],
      [
       14.137733,
       49.0533116
      ],
      [
       14.1321864,
       49.0488343
      ],
      [
       14.1258906,
       49.0448054
      ],
      [
       14.1189294,
       49.0412784
      ],
      [
       14.1113955,
       49.0383003
      ],
      [
       14.103389,
       49.0359105
      ],
      [
       14.0950165,
       49.0341409
      ],
      [
       14.0863892,
       49.0330149
      ],
      [
       14.0776217,
       49.0325475
      ],
      [
       14.0688304,
       49.0327449
      ],
      [
       14.0601321,
       49.0336046
      ],
      [
       14.0516424,
       49.035115
      ],
      [
       14.0434741,
       49.0372561
      ],
      [
       14.0357357,
       49.0399994
      ],
      [
       14.0285301,
       49.0433086
      ],
      [
       14.0219532,
       49.0471396
      ],
      [
       14.0160926,
       49.0514415
      ],
      [
       14.0110263,
       49.0561572
      ],
      [
       14.0068221,
       49.0612238
      ],
      [
       14.0035361,
       49.066574
      ],
      [
       14.0012124,
       49.0721367
      ],
      [
       13.9998821,
       49.0778376
      ],
      [
       13.9995634,
       49.0836011
      ],
      [
       14.0002608,
       49.0893502
      ],
      [
       14.0019654,
       49.0950083
      ],
      [
       14.0046549,
       49.1005001
      ],
      [
       14.0082936,
       49.1057522
      ],
      [
       14.0128334,
       49.1106948
      ],
      [
       14.0182139,
       49.1152617
      ],
      [
       14.0243635,
       49.119392
      ],
      [
       14.0312004,
       49.1230307
      ],
      [
       14.0386333,
       49.1261291
      ],
      [
       14.0465631,
       49.1286458
      ],
      [
       14.0548839,
       49.1305472
      ],
      [
       14.0634847,
       49.131808
      ],
      [
       14.0722504,
       49.1324112
      ],
      [
       14.0758333,
       49.1324662
      ]
     ]
    ]
   }
  },
  {
   "type": "Feature",
   "properties": {
    "ll": {
     "value": 0,
     "unit": 1,
     "referenceDatum": 0
    },
    "ul": {
     "value": 13500,
     "unit": 1,
     "referenceDatum": 1
    },
    "_id": "6261488d1eacded7b7bb3869",
    "name": "LKSR PARA ZONE",
    "type": 2,
    "icao": 7,
    "bnd": [
     [
      49.0325475,
      13.9995634
     ],
     [
      49.1324662,
      14.1520367
     ]
    ]
   },
   "geometry": {
    "type": "Polygon",
    "coordinates": [
     [
      [
       14.0758333,
       49.1324662
      ],
      [
       14.0846327,
       49.1321331
      ],
      [
       14.0933145,
       49.131138
      ],
      [
       14.1017628,
       49.1294944
      ],
      [
       14.1098646,
       49.1272242
      ],
      [
       14.1175118,
       49.1243576
      ],
      [
       14.1246024,
       49.1209331
      ],
      [
       14.1310418,
       49.1169963
      ],
      [
       14.1367441,
       49.1125997
      ],
      [
       14.1416335,
       49.1078022
      ],
      [
       14.145645,
       49.1026676
      ],
      [
       14.1487253,
       49.0972645
      ],
      [
       14.1508336,
       49.091665
      ],
      [
       14.1519422,
       49.0859437
      ],
      [
       14.1520367,
       49.0801768
      ],
      [
       14.1511161,
       49.0744412
      ],
      [
       14.1491931,
       49.0688133
      ],
      [
       14.1462936,
       49.063368
      ],
      [
       14.1424564,
       49.0581777
      ],
      [
       14.137733,
       49.0533116
      ],
      [
       14.1321864,
       49.0488343
      ],
      [
       14.1258906,
       49.0448054
      ],
      [
       14.1189294,
       49.0412784
      ],
      [
       14.1113955,
       49.0383003
      ],
      [
       14.103389,
       49.0359105
      ],
      [
       14.0950165,
       49.0341409
      ],
      [
       14.0863892,
       49.0330149
      ],
      [
       14.0776217,
       49.0325475
      ],
      [
       14.0688304,
       49.0327449
      ],
      [
       14.0601321,
       49.0336046
      ],
      [
       14.0516424,
       49.035115
      ],
      [
       14.0434741,
       49.0372561
      ],
      [
       14.0357357,
       49.0399994
      ],
      [
       14.0285301,
       49.0433086
      ],
      [
       14.0219532,
       49.0471396
      ],
      [
       14.0160926,
       49.0514415
      ],
      [
       14.0110263,
       49.0561572
      ],
      [
       14.0068221,
       49.0612238
      ],
      [
       14.0035361,
       49.066574
      ],
      [
       14.0012124,
       49.0721367
      ],
      [
       13.9998821,
       49.0778376
      ],
      [
       13.9995634,
       49.0836011
      ],
      [
       14.0002608,
       49.0893502
      ],
      [
       14.0019654,
       49.0950083
      ],
      [
       14.0046549,
       49.1005001
      ],
      [
       14.0082936,
       49.1057522
      ],
      [
       14.0128334,
       49.1106948
      ],
      [
       14.0182139,
       49.1152617
      ],
      [
       14.0243635,
       49.119392
      ],
      [
       14.0312004,
       49.1230307
      ],
      [
       14.0386333,
       49.1261291
      ],
      [
       14.0465631,
       49.1286458
      ],
      [
       14.0548839,
       49.1305472
      ],
      [
       14.0634847,
       49.131808
      ],
      [
       14.0722504,
       49.1324112
      ],
      [
       14.0758333,
       49.1324662
      ]
     ]
    ]
   }
  },
  {
   "type": "Feature",
   "properties": {
    "ll": {
     "value": 0,
     "unit": 1,
     "referenceDatum": 0
    },
    "ul": {
     "value": 4000,
     "unit": 1,
     "referenceDatum": 1
    },
    "_id": "6261488d1eacded7b7bb3875",
    "name": "LKST ATZ 118.760",
    "type": 0,
    "icao": 6,
    "bnd": [
     [
      49.2017142,
      13.8162468
     ],
     [
      49.3016329,
      13.9692419
     ]
    ]
   },
   "geometry": {
    "type": "Polygon",
    "coordinates": [
     [
      [
       13.8927778,
       49.3016329
      ],
      [
       13.9016073,
       49.3012997
      ],
      [
       13.9103189,
       49.3003047
      ],
      [
       13.9187961,
       49.2986611
      ],
      [
       13.9269257,
       49.2963908
      ],
      [
       13.9345991,
       49.2935242
      ],
      [
       13.941714,
       49.2900997
      ],
      [
       13.9481754,
       49.2861628
      ],
      [
       13.9538972,
       49.2817663
      ],
      [
       13.9588033,
       49.2769687
      ],
      [
       13.9628285,
       49.2718341
      ],
      [
       13.9659193,
       49.2664311
      ],
      [
       13.9680348,
       49.2608315
      ],
      [
       13.9691472,
       49.2551102
      ],
      [
       13.9692419,
       49.2493433
      ],
      [
       13.9683181,
       49.2436078
      ],
      [
       13.9663885,
       49.2379798
      ],
      [
       13.963479,
       49.2325345
      ],
      [
       13.9596287,
       49.2273443
      ],
      [
       13.9548891,
       49.2224782
      ],
      [
       13.9493235,
       49.2180009
      ],
      [
       13.9430061,
       49.213972
      ],
      [
       13.9360211,
       49.210445
      ],
      [
       13.9284614,
       49.2074669
      ],
      [
       13.9204276,
       49.2050771
      ],
      [
       13.9120265,
       49.2033075
      ],
      [
       13.9033697,
       49.2021815
      ],
      [
       13.8945722,
       49.2017142
      ],
      [
       13.8857509,
       49.2019116
      ],
      [
       13.8770229,
       49.2027712
      ],
      [
       13.8685042,
       49.2042816
      ],
      [
       13.860308,
       49.2064227
      ],
      [
       13.8525431,
       49.209166
      ],
      [
       13.8453129,
       49.2124752
      ],
      [
       13.8387135,
       49.2163062
      ],
      [
       13.8328328,
       49.2206081
      ],
      [
       13.8277492,
       49.2253237
      ],
      [
       13.8235306,
       49.2303903
      ],
      [
       13.8202333,
       49.2357406
      ],
      [
       13.8179015,
       49.2413032
      ],
      [
       13.8165666,
       49.2470042
      ],
      [
       13.8162468,
       49.2527676
      ],
      [
       13.8169465,
       49.2585167
      ],
      [
       13.818657,
       49.2641748
      ],
      [
       13.8213556,
       49.2696666
      ],
      [
       13.8250067,
       49.2749188
      ],
      [
       13.829562,
       49.2798613
      ],
      [
       13.8349609,
       49.2844283
      ],
      [
       13.8411316,
       49.2885586
      ],
      [
       13.8479919,
       49.2921973
      ],
      [
       13.8554502,
       49.2952957
      ],
      [
       13.8634072,
       49.2978124
      ],
      [
       13.8717566,
       49.2997139
      ],
      [
       13.8803868,
       49.3009746
      ],
      [
       13.8891826,
       49.3015778
      ],
      [
       13.8927778,
       49.3016329
      ]
     ]
    ]
   }
  },
  {
   "type": "Feature",
   "properties": {
    "ll": {
     "value": 0,
     "unit": 1,
     "referenceDatum": 0
    },
    "ul": {
     "value": 13500,
     "unit": 1,
     "referenceDatum": 1
    },
    "_id": "6261488e5e9ded571043e5ad",
    "name": "LKST PARA ZONE",
    "type": 2,
    "icao": 7,
    "bnd": [
     [
      49.2017142,
      13.8162468
     ],
     [
      49.3016329,
      13.9692419
     ]
    ]
   },
   "geometry": {
    "type": "Polygon",
    "coordinates": [
     [
      [
       13.8927778,
       49.3016329
      ],
      [
       13.9016073,
       49.3012997
      ],
      [
       13.9103189,
       49.3003047
      ],
      [
       13.9187961,
       49.2986611
      ],
      [
       13.9269257,
       49.2963908
      ],
      [
       13.9345991,
       49.2935242
      ],
      [
       13.941714,
       49.2900997
      ],
      [
       13.9481754,
       49.2861628
      ],
      [
       13.9538972,
       49.2817663
      ],
      [
       13.9588033,
       49.2769687
      ],
      [
       13.9628285,
       49.2718341
      ],
      [
       13.9659193,
       49.2664311
      ],
      [
       13.9680348,
       49.2608315
      ],
      [
       13.9691472,
       49.2551102
      ],
      [
       13.9692419,
       49.2493433
      ],
      [
       13.9683181,
       49.2436078
      ],
      [
       13.9663885,
       49.2379798
      ],
      [
       13.963479,
       49.2325345
      ],
      [
       13.9596287,
       49.2273443
      ],
      [
       13.9548891,
       49.2224782
      ],
      [
       13.9493235,
       49.2180009
      ],
      [
       13.9430061,
       49.213972
      ],
      [
       13.9360211,
       49.210445
      ],
      [
       13.9284614,
       49.2074669
      ],
      [
       13.9204276,
       49.2050771
      ],
      [
       13.9120265,
       49.2033075
      ],
      [
       13.9033697,
       49.2021815
      ],
      [
       13.8945722,
       49.2017142
      ],
      [
       13.8857509,
       49.2019116
      ],
      [
       13.8770229,
       49.2027712
      ],
      [
       13.8685042,
       49.2042816
      ],
      [
       13.860308,
       49.2064227
      ],
      [
       13.8525431,
       49.209166
      ],
      [
       13.8453129,
       49.2124752
      ],
      [
       13.8387135,
       49.2163062
      ],
      [
       13.8328328,
       49.2206081
      ],
      [
       13.8277492,
       49.2253237
      ],
      [
       13.8235306,
       49.2303903
      ],
      [
       13.8202333,
       49.2357406
      ],
      [
       13.8179015,
       49.2413032
      ],
      [
       13.8165666,
       49.2470042
      ],
      [
       13.8162468,
       49.2527676
      ],
      [
       13.8169465,
       49.2585167
      ],
      [
       13.818657,
       49.2641748
      ],
      [
       13.8213556,
       49.2696666
      ],
      [
       13.8250067,
       49.2749188
      ],
      [
       13.829562,
       49.2798613
      ],
      [
       13.8349609,
       49.2844283
      ],
      [
       13.8411316,
       49.2885586
      ],
      [
       13.8479919,
       49.2921973
      ],
      [
       13.8554502,
       49.2952957
      ],
      [
       13.8634072,
       49.2978124
      ],
      [
       13.8717566,
       49.2997139
      ],
      [
       13.8803868,
       49.3009746
      ],
      [
       13.8891826,
       49.3015778
      ],
      [
       13.8927778,
       49.3016329
      ]
     ]
    ]
   }
  },
  {
   "type": "Feature",
   "properties": {
    "ll": {
     "value": 0,
     "unit": 1,
     "referenceDatum": 0
    },
    "ul": {
     "value": 4000,
     "unit": 1,
     "referenceDatum": 1
    },
    "_id": "6261488e1eacded7b7bb3883",
    "name": "LKSU ATZ 122.605",
    "type": 0,
    "icao": 6,
    "bnd": [
     [
      49.9106031,
      16.9401257
     ],
     [
      50.0105218,
      17.0953618
     ]
    ]
   },
   "geometry": {
    "type": "Polygon",
    "coordinates": [
     [
      [
       17.0177778,
       50.0105218
      ],
      [
       17.0267369,
       50.0101886
      ],
      [
       17.0355763,
       50.0091936
      ],
      [
       17.0441778,
       50.0075499
      ],
      [
       17.0524267,
       50.0052796
      ],
      [
       17.0602126,
       50.0024129
      ],
      [
       17.0674318,
       49.9989883
      ],
      [
       17.0739878,
       49.9950514
      ],
      [
       17.0797934,
       49.9906548
      ],
      [
       17.0847713,
       49.9858571
      ],
      [
       17.0888553,
       49.9807225
      ],
      [
       17.0919912,
       49.9753194
      ],
      [
       17.0941375,
       49.9697198
      ],
      [
       17.0952659,
       49.9639985
      ],
      [
       17.0953618,
       49.9582316
      ],
      [
       17.0944243,
       49.952496
      ],
      [
       17.0924662,
       49.9468681
      ],
      [
       17.0895139,
       49.9414229
      ],
      [
       17.085607,
       49.9362327
      ],
      [
       17.0807979,
       49.9313666
      ],
      [
       17.0751507,
       49.9268894
      ],
      [
       17.0687408,
       49.9228606
      ],
      [
       17.0616536,
       49.9193337
      ],
      [
       17.0539833,
       49.9163556
      ],
      [
       17.045832,
       49.9139659
      ],
      [
       17.037308,
       49.9121964
      ],
      [
       17.0285246,
       49.9110704
      ],
      [
       17.0195985,
       49.9106031
      ],
      [
       17.0106482,
       49.9108005
      ],
      [
       17.0017926,
       49.9116601
      ],
      [
       16.9931493,
       49.9131704
      ],
      [
       16.9848331,
       49.9153115
      ],
      [
       16.9769546,
       49.9180548
      ],
      [
       16.9696186,
       49.9213638
      ],
      [
       16.9629226,
       49.9251948
      ],
      [
       16.9569557,
       49.9294966
      ],
      [
       16.9517976,
       49.9342122
      ],
      [
       16.947517,
       49.9392787
      ],
      [
       16.9441713,
       49.9446289
      ],
      [
       16.9418052,
       49.9501915
      ],
      [
       16.9404505,
       49.9558924
      ],
      [
       16.9401257,
       49.9616558
      ],
      [
       16.9408355,
       49.9674049
      ],
      [
       16.9425708,
       49.9730631
      ],
      [
       16.9453088,
       49.9785549
      ],
      [
       16.9490132,
       49.9838072
      ],
      [
       16.9536352,
       49.9887498
      ],
      [
       16.9591131,
       49.9933168
      ],
      [
       16.9653741,
       49.9974472
      ],
      [
       16.9723349,
       50.001086
      ],
      [
       16.9799026,
       50.0041844
      ],
      [
       16.9879763,
       50.0067012
      ],
      [
       16.9964481,
       50.0086027
      ],
      [
       17.005205,
       50.0098635
      ],
      [
       17.0141298,
       50.0104667
      ],
      [
       17.0177778,
       50.0105218
      ]
     ]
    ]
   }
  },
  {
   "type": "Feature",
   "properties": {
    "ll": {
     "value": 0,
     "unit": 1,
     "referenceDatum": 0
    },
    "ul": {
     "value": 13500,
     "unit": 1,
     "referenceDatum": 1
    },
    "_id": "6261488e1eacded7b7bb388e",
    "name": "LKSU PARA ZONE",
    "type": 2,
    "icao": 7,
    "bnd": [
     [
      49.9106031,
      16.9401257
     ],
     [
      50.0105218,
      17.0953618
     ]
    ]
   },
   "geometry": {
    "type": "Polygon",
    "coordinates": [
     [
      [
       17.0177778,
       50.0105218
      ],
      [
       17.0267369,
       50.0101886
      ],
      [
       17.0355763,
       50.0091936
      ],
      [
       17.0441778,
       50.0075499
      ],
      [
       17.0524267,
       50.0052796
      ],
      [
       17.0602126,
       50.0024129
      ],
      [
       17.0674318,
       49.9989883
      ],
      [
       17.0739878,
       49.9950514
      ],
      [
       17.0797934,
       49.9906548
      ],
      [
       17.0847713,
       49.9858571
      ],
      [
       17.0888553,
       49.9807225
      ],
      [
       17.0919912,
       49.9753194
      ],
      [
       17.0941375,
       49.9697198
      ],
      [
       17.0952659,
       49.9639985
      ],
      [
       17.0953618,
       49.9582316
      ],
      [
       17.0944243,
       49.952496
      ],
      [
       17.0924662,
       49.9468681
      ],
      [
       17.0895139,
       49.9414229
      ],
      [
       17.085607,
       49.9362327
      ],
      [
       17.0807979,
       49.9313666
      ],
      [
       17.0751507,
       49.9268894
      ],
      [
       17.0687408,
       49.9228606
      ],
      [
       17.0616536,
       49.9193337
      ],
      [
       17.0539833,
       49.9163556
      ],
      [
       17.045832,
       49.9139659
      ],
      [
       17.037308,
       49.9121964
      ],
      [
       17.0285246,
       49.9110704
      ],
      [
       17.0195985,
       49.9106031
      ],
      [
       17.0106482,
       49.9108005
      ],
      [
       17.0017926,
       49.9116601
      ],
      [
       16.9931493,
       49.9131704
      ],
      [
       16.9848331,
       49.9153115
      ],
      [
       16.9769546,
       49.9180548
      ],
      [
       16.9696186,
       49.9213638
      ],
      [
       16.9629226,
       49.9251948
      ],
      [
       16.9569557,
       49.9294966
      ],
      [
       16.9517976,
       49.9342122
      ],
      [
       16.947517,
       49.9392787
      ],
      [
       16.9441713,
       49.9446289
      ],
      [
       16.9418052,
       49.9501915
      ],
      [
       16.9404505,
       49.9558924
      ],
      [
       16.9401257,
       49.9616558
      ],
      [
       16.9408355,
       49.9674049
      ],
      [
       16.9425708,
       49.9730631
      ],
      [
       16.9453088,
       49.9785549
      ],
      [
       16.9490132,
       49.9838072
      ],
      [
       16.9536352,
       49.9887498
      ],
      [
       16.9591131,
       49.9933168
      ],
      [
       16.9653741,
       49.9974472
      ],
      [
       16.9723349,
       50.001086
      ],
      [
       16.9799026,
       50.0041844
      ],
      [
       16.9879763,
       50.0067012
      ],
      [
       16.9964481,
       50.0086027
      ],
      [
       17.005205,
       50.0098635
      ],
      [
       17.0141298,
       50.0104667
      ],
      [
       17.0177778,
       50.0105218
      ]
     ]
    ]
   }
  },
  {
   "type": "Feature",
   "properties": {
    "ll": {
     "value": 0,
     "unit": 1,
     "referenceDatum": 0
    },
    "ul": {
     "value": 4000,
     "unit": 1,
     "referenceDatum": 1
    },
    "_id": "6261488e1eacded7b7bb389b",
    "name": "LKSZ ATZ 119.640",
    "type": 0,
    "icao": 6,
    "bnd": [
     [
      50.2747697,
      14.1806434
     ],
     [
      50.3746885,
      14.3370658
     ]
    ]
   },
   "geometry": {
    "type": "Polygon",
    "coordinates": [
     [
      [
       14.2588889,
       50.3746885
      ],
      [
       14.2679166,
       50.3743553
      ],
      [
       14.2768237,
       50.3733602
      ],
      [
       14.285491,
       50.3717165
      ],
      [
       14.293803,
       50.3694462
      ],
      [
       14.3016485,
       50.3665795
      ],
      [
       14.3089229,
       50.3631548
      ],
      [
       14.315529,
       50.3592179
      ],
      [
       14.321379,
       50.3548212
      ],
      [
       14.3263949,
       50.3500235
      ],
      [
       14.33051,
       50.3448889
      ],
      [
       14.3336698,
       50.3394857
      ],
      [
       14.3358323,
       50.3338861
      ],
      [
       14.3369693,
       50.3281648
      ],
      [
       14.3370658,
       50.3223979
      ],
      [
       14.336121,
       50.3166624
      ],
      [
       14.3341478,
       50.3110345
      ],
      [
       14.3311728,
       50.3055893
      ],
      [
       14.3272361,
       50.3003991
      ],
      [
       14.3223901,
       50.2955331
      ],
      [
       14.3166998,
       50.2910559
      ],
      [
       14.3102409,
       50.2870271
      ],
      [
       14.3030995,
       50.2835003
      ],
      [
       14.2953706,
       50.2805222
      ],
      [
       14.2871571,
       50.2781326
      ],
      [
       14.2785681,
       50.276363
      ],
      [
       14.2697177,
       50.2752371
      ],
      [
       14.2607235,
       50.2747697
      ],
      [
       14.2517049,
       50.2749671
      ],
      [
       14.2427817,
       50.2758267
      ],
      [
       14.2340725,
       50.2773371
      ],
      [
       14.2256929,
       50.2794781
      ],
      [
       14.2177542,
       50.2822213
      ],
      [
       14.2103622,
       50.2855304
      ],
      [
       14.203615,
       50.2893613
      ],
      [
       14.1976025,
       50.2936631
      ],
      [
       14.1924049,
       50.2983786
      ],
      [
       14.1880916,
       50.3034451
      ],
      [
       14.1847202,
       50.3087952
      ],
      [
       14.1823359,
       50.3143578
      ],
      [
       14.1809708,
       50.3200588
      ],
      [
       14.1806434,
       50.3258222
      ],
      [
       14.1813585,
       50.3315713
      ],
      [
       14.1831069,
       50.3372295
      ],
      [
       14.1858657,
       50.3427213
      ],
      [
       14.1895984,
       50.3479736
      ],
      [
       14.1942556,
       50.3529162
      ],
      [
       14.1997753,
       50.3574832
      ],
      [
       14.2060842,
       50.3616137
      ],
      [
       14.2130983,
       50.3652525
      ],
      [
       14.2207239,
       50.368351
      ],
      [
       14.2288593,
       50.3708678
      ],
      [
       14.237396,
       50.3727694
      ],
      [
       14.2462198,
       50.3740302
      ],
      [
       14.255213,
       50.3746334
      ],
      [
       14.2588889,
       50.3746885
      ]
     ]
    ]
   }
  },
  {
   "type": "Feature",
   "properties": {
    "ll": {
     "value": 0,
     "unit": 1,
     "referenceDatum": 0
    },
    "ul": {
     "value": 4000,
     "unit": 1,
     "referenceDatum": 1
    },
    "_id": "6261488e5e9ded571043e5ba",
    "name": "LKTA ATZ 122.610",
    "type": 0,
    "icao": 6,
    "bnd": [
     [
      49.3411586,
      14.6315853
     ],
     [
      49.4410774,
      14.7850143
     ]
    ]
   },
   "geometry": {
    "type": "Polygon",
    "coordinates": [
     [
      [
       14.7083333,
       49.4410774
      ],
      [
       14.717188,
       49.4407442
      ],
      [
       14.7259243,
       49.4397491
      ],
      [
       14.7344256,
       49.4381055
      ],
      [
       14.7425782,
       49.4358352
      ],
      [
       14.7502734,
       49.4329687
      ],
      [
       14.7574085,
       49.4295441
      ],
      [
       14.7638882,
       49.4256072
      ],
      [
       14.7696263,
       49.4212107
      ],
      [
       14.7745463,
       49.4164131
      ],
      [
       14.7785828,
       49.4112785
      ],
      [
       14.7816824,
       49.4058754
      ],
      [
       14.7838038,
       49.4002759
      ],
      [
       14.7849193,
       49.3945545
      ],
      [
       14.7850143,
       49.3887877
      ],
      [
       14.7840878,
       49.3830521
      ],
      [
       14.7821527,
       49.3774242
      ],
      [
       14.7792349,
       49.3719789
      ],
      [
       14.7753736,
       49.3667886
      ],
      [
       14.7706206,
       49.3619225
      ],
      [
       14.7650392,
       49.3574453
      ],
      [
       14.7587039,
       49.3534164
      ],
      [
       14.7516991,
       49.3498894
      ],
      [
       14.744118,
       49.3469113
      ],
      [
       14.7360615,
       49.3445216
      ],
      [
       14.7276366,
       49.342752
      ],
      [
       14.7189553,
       49.341626
      ],
      [
       14.7101329,
       49.3411586
      ],
      [
       14.7012866,
       49.341356
      ],
      [
       14.6925339,
       49.3422157
      ],
      [
       14.6839911,
       49.343726
      ],
      [
       14.6757716,
       49.3458671
      ],
      [
       14.6679847,
       49.3486105
      ],
      [
       14.660734,
       49.3519196
      ],
      [
       14.6541159,
       49.3557506
      ],
      [
       14.6482185,
       49.3600525
      ],
      [
       14.6431205,
       49.3647681
      ],
      [
       14.6388899,
       49.3698347
      ],
      [
       14.6355832,
       49.3751849
      ],
      [
       14.6332448,
       49.3807475
      ],
      [
       14.6319061,
       49.3864485
      ],
      [
       14.6315853,
       49.3922119
      ],
      [
       14.632287,
       49.397961
      ],
      [
       14.6340022,
       49.4036191
      ],
      [
       14.6367085,
       49.4091109
      ],
      [
       14.64037,
       49.4143631
      ],
      [
       14.6449381,
       49.4193057
      ],
      [
       14.6503524,
       49.4238726
      ],
      [
       14.6565405,
       49.428003
      ],
      [
       14.6634202,
       49.4316417
      ],
      [
       14.6708998,
       49.4347401
      ],
      [
       14.6788794,
       49.4372569
      ],
      [
       14.6872524,
       49.4391583
      ],
      [
       14.6959071,
       49.4404191
      ],
      [
       14.7047279,
       49.4410223
      ],
      [
       14.7083333,
       49.4410774
      ]
     ]
    ]
   }
  },
  {
   "type": "Feature",
   "properties": {
    "ll": {
     "value": 0,
     "unit": 1,
     "referenceDatum": 0
    },
    "ul": {
     "value": 13500,
     "unit": 1,
     "referenceDatum": 1
    },
    "_id": "6261488e5e9ded571043e5c4",
    "name": "LKTA PARA ZONE",
    "type": 2,
    "icao": 7,
    "bnd": [
     [
      49.3411586,
      14.6315853
     ],
     [
      49.4410774,
      14.7850143
     ]
    ]
   },
   "geometry": {
    "type": "Polygon",
    "coordinates": [
     [
      [
       14.7083333,
       49.4410774
      ],
      [
       14.717188,
       49.4407442
      ],
      [
       14.7259243,
       49.4397491
      ],
      [
       14.7344256,
       49.4381055
      ],
      [
       14.7425782,
       49.4358352
      ],
      [
       14.7502734,
       49.4329687
      ],
      [
       14.7574085,
       49.4295441
      ],
      [
       14.7638882,
       49.4256072
      ],
      [
       14.7696263,
       49.4212107
      ],
      [
       14.7745463,
       49.4164131
      ],
      [
       14.7785828,
       49.4112785
      ],
      [
       14.7816824,
       49.4058754
      ],
      [
       14.7838038,
       49.4002759
      ],
      [
       14.7849193,
       49.3945545
      ],
      [
       14.7850143,
       49.3887877
      ],
      [
       14.7840878,
       49.3830521
      ],
      [
       14.7821527,
       49.3774242
      ],
      [
       14.7792349,
       49.3719789
      ],
      [
       14.7753736,
       49.3667886
      ],
      [
       14.7706206,
       49.3619225
      ],
      [
       14.7650392,
       49.3574453
      ],
      [
       14.7587039,
       49.3534164
      ],
      [
       14.7516991,
       49.3498894
      ],
      [
       14.744118,
       49.3469113
      ],
      [
       14.7360615,
       49.3445216
      ],
      [
       14.7276366,
       49.342752
      ],
      [
       14.7189553,
       49.341626
      ],
      [
       14.7101329,
       49.3411586
      ],
      [
       14.7012866,
       49.341356
      ],
      [
       14.6925339,
       49.3422157
      ],
      [
       14.6839911,
       49.343726
      ],
      [
       14.6757716,
       49.3458671
      ],
      [
       14.6679847,
       49.3486105
      ],
      [
       14.660734,
       49.3519196
      ],
      [
       14.6541159,
       49.3557506
      ],
      [
       14.6482185,
       49.3600525
      ],
      [
       14.6431205,
       49.3647681
      ],
      [
       14.6388899,
       49.3698347
      ],
      [
       14.6355832,
       49.3751849
      ],
      [
       14.6332448,
       49.3807475
      ],
      [
       14.6319061,
       49.3864485
      ],
      [
       14.6315853,
       49.3922119
      ],
      [
       14.632287,
       49.397961
      ],
      [
       14.6340022,
       49.4036191
      ],
      [
       14.6367085,
       49.4091109
      ],
      [
       14.64037,
       49.4143631
      ],
      [
       14.6449381,
       49.4193057
      ],
      [
       14.6503524,
       49.4238726
      ],
      [
       14.6565405,
       49.428003
      ],
      [
       14.6634202,
       49.4316417
      ],
      [
       14.6708998,
       49.4347401
      ],
      [
       14.6788794,
       49.4372569
      ],
      [
       14.6872524,
       49.4391583
      ],
      [
       14.6959071,
       49.4404191
      ],
      [
       14.7047279,
       49.4410223
      ],
      [
       14.7083333,
       49.4410774
      ]
     ]
    ]
   }
  },
  {
   "type": "Feature",
   "properties": {
    "ll": {
     "value": 0,
     "unit": 1,
     "referenceDatum": 0
    },
    "ul": {
     "value": 4000,
     "unit": 1,
     "referenceDatum": 1
    },
    "_id": "6261488e5e9ded571043e5d0",
    "name": "LKTC ATZ 123.410",
    "type": 0,
    "icao": 6,
    "bnd": [
     [
      49.9353253,
      14.3478636
     ],
     [
      50.035244,
      14.5031795
     ]
    ]
   },
   "geometry": {
    "type": "Polygon",
    "coordinates": [
     [
      [
       14.4255556,
       50.035244
      ],
      [
       14.4345193,
       50.0349108
      ],
      [
       14.4433632,
       50.0339158
      ],
      [
       14.4519692,
       50.0322721
      ],
      [
       14.4602223,
       50.0300018
      ],
      [
       14.4680122,
       50.0271352
      ],
      [
       14.4752351,
       50.0237105
      ],
      [
       14.4817945,
       50.0197736
      ],
      [
       14.4876031,
       50.015377
      ],
      [
       14.4925836,
       50.0105793
      ],
      [
       14.4966696,
       50.0054447
      ],
      [
       14.4998071,
       50.0000416
      ],
      [
       14.5019545,
       49.994442
      ],
      [
       14.5030835,
       49.9887207
      ],
      [
       14.5031795,
       49.9829538
      ],
      [
       14.5022414,
       49.9772182
      ],
      [
       14.5002823,
       49.9715903
      ],
      [
       14.4973285,
       49.9661451
      ],
      [
       14.4934196,
       49.9609549
      ],
      [
       14.488608,
       49.9560888
      ],
      [
       14.482958,
       49.9516116
      ],
      [
       14.4765448,
       49.9475828
      ],
      [
       14.4694539,
       49.9440559
      ],
      [
       14.4617796,
       49.9410779
      ],
      [
       14.4536241,
       49.9386882
      ],
      [
       14.4450958,
       49.9369186
      ],
      [
       14.4363079,
       49.9357926
      ],
      [
       14.4273772,
       49.9353253
      ],
      [
       14.4184223,
       49.9355227
      ],
      [
       14.4095622,
       49.9363823
      ],
      [
       14.4009144,
       49.9378926
      ],
      [
       14.392594,
       49.9400337
      ],
      [
       14.3847115,
       49.942777
      ],
      [
       14.3773716,
       49.9460861
      ],
      [
       14.3706722,
       49.949917
      ],
      [
       14.3647023,
       49.9542188
      ],
      [
       14.3595415,
       49.9589344
      ],
      [
       14.3552588,
       49.9640009
      ],
      [
       14.3519113,
       49.9693511
      ],
      [
       14.3495439,
       49.9749137
      ],
      [
       14.3481886,
       49.9806146
      ],
      [
       14.3478636,
       49.986378
      ],
      [
       14.3485738,
       49.9921271
      ],
      [
       14.3503099,
       49.9977853
      ],
      [
       14.3530493,
       50.0032771
      ],
      [
       14.3567557,
       50.0085294
      ],
      [
       14.3613799,
       50.013472
      ],
      [
       14.3668607,
       50.018039
      ],
      [
       14.373125,
       50.0221694
      ],
      [
       14.3800893,
       50.0258082
      ],
      [
       14.3876609,
       50.0289067
      ],
      [
       14.3957387,
       50.0314234
      ],
      [
       14.4042149,
       50.0333249
      ],
      [
       14.4129763,
       50.0345857
      ],
      [
       14.4219057,
       50.0351889
      ],
      [
       14.4255556,
       50.035244
      ]
     ]
    ]
   }
  },
  {
   "type": "Feature",
   "properties": {
    "ll": {
     "value": 0,
     "unit": 1,
     "referenceDatum": 0
    },
    "ul": {
     "value": 4000,
     "unit": 1,
     "referenceDatum": 1
    },
    "_id": "6261488e1eacded7b7bb38ad",
    "name": "LKTD ATZ 123.405",
    "type": 0,
    "icao": 6,
    "bnd": [
     [
      49.7478253,
      12.6295538
     ],
     [
      49.847744,
      12.7842674
     ]
    ]
   },
   "geometry": {
    "type": "Polygon",
    "coordinates": [
     [
      [
       12.7069444,
       49.847744
      ],
      [
       12.7158734,
       49.8474109
      ],
      [
       12.7246829,
       49.8464158
      ],
      [
       12.7332555,
       49.8447721
      ],
      [
       12.7414765,
       49.8425018
      ],
      [
       12.7492362,
       49.8396352
      ],
      [
       12.7564311,
       49.8362106
      ],
      [
       12.7629651,
       49.8322737
      ],
      [
       12.7687512,
       49.8278771
      ],
      [
       12.7737123,
       49.8230795
      ],
      [
       12.7777826,
       49.8179448
      ],
      [
       12.780908,
       49.8125417
      ],
      [
       12.7830471,
       49.8069422
      ],
      [
       12.7841718,
       49.8012208
      ],
      [
       12.7842674,
       49.795454
      ],
      [
       12.7833331,
       49.7897184
      ],
      [
       12.7813816,
       49.7840905
      ],
      [
       12.7784393,
       49.7786452
      ],
      [
       12.7745456,
       49.773455
      ],
      [
       12.7697527,
       49.768589
      ],
      [
       12.7641245,
       49.7641117
      ],
      [
       12.7577362,
       49.7600829
      ],
      [
       12.7506728,
       49.756556
      ],
      [
       12.7430283,
       49.7535779
      ],
      [
       12.7349044,
       49.7511882
      ],
      [
       12.726409,
       49.7494186
      ],
      [
       12.7176552,
       49.7482926
      ],
      [
       12.708759,
       49.7478253
      ],
      [
       12.6998388,
       49.7480227
      ],
      [
       12.6910129,
       49.7488823
      ],
      [
       12.6823987,
       49.7503927
      ],
      [
       12.6741105,
       49.7525337
      ],
      [
       12.6662585,
       49.755277
      ],
      [
       12.6589471,
       49.7585861
      ],
      [
       12.6522736,
       49.7624171
      ],
      [
       12.6463269,
       49.7667189
      ],
      [
       12.6411861,
       49.7714345
      ],
      [
       12.63692,
       49.7765011
      ],
      [
       12.6335856,
       49.7818512
      ],
      [
       12.6312274,
       49.7874138
      ],
      [
       12.6298774,
       49.7931148
      ],
      [
       12.6295538,
       49.7988782
      ],
      [
       12.6302612,
       49.8046273
      ],
      [
       12.6319907,
       49.8102855
      ],
      [
       12.6347195,
       49.8157773
      ],
      [
       12.6384115,
       49.8210295
      ],
      [
       12.6430179,
       49.8259721
      ],
      [
       12.6484774,
       49.8305391
      ],
      [
       12.6547174,
       49.8346695
      ],
      [
       12.6616548,
       49.8383083
      ],
      [
       12.669197,
       49.8414067
      ],
      [
       12.6772434,
       49.8439235
      ],
      [
       12.6856867,
       49.8458249
      ],
      [
       12.694414,
       49.8470857
      ],
      [
       12.7033088,
       49.8476889
      ],
      [
       12.7069444,
       49.847744
      ]
     ]
    ]
   }
  },
  {
   "type": "Feature",
   "properties": {
    "ll": {
     "value": 0,
     "unit": 1,
     "referenceDatum": 0
    },
    "ul": {
     "value": 4000,
     "unit": 1,
     "referenceDatum": 1
    },
    "_id": "6261488e1eacded7b7bb38bb",
    "name": "LKTO ATZ 122.605",
    "type": 0,
    "icao": 6,
    "bnd": [
     [
      50.0364364,
      12.8749221
     ],
     [
      50.1363551,
      13.0305653
     ]
    ]
   },
   "geometry": {
    "type": "Polygon",
    "coordinates": [
     [
      [
       12.9527778,
       50.1363551
      ],
      [
       12.9617604,
       50.136022
      ],
      [
       12.9706231,
       50.1350269
      ],
      [
       12.9792472,
       50.1333832
      ],
      [
       12.9875177,
       50.1311129
      ],
      [
       12.9953241,
       50.1282462
      ],
      [
       13.0025622,
       50.1248216
      ],
      [
       13.0091354,
       50.1208847
      ],
      [
       13.0149563,
       50.116488
      ],
      [
       13.0199472,
       50.1116904
      ],
      [
       13.0240419,
       50.1065557
      ],
      [
       13.027186,
       50.1011526
      ],
      [
       13.0293378,
       50.095553
      ],
      [
       13.0304692,
       50.0898317
      ],
      [
       13.0305653,
       50.0840648
      ],
      [
       13.0296253,
       50.0783292
      ],
      [
       13.027662,
       50.0727014
      ],
      [
       13.0247019,
       50.0672561
      ],
      [
       13.0207848,
       50.0620659
      ],
      [
       13.015963,
       50.0571999
      ],
      [
       13.010301,
       50.0527227
      ],
      [
       13.0038743,
       50.0486939
      ],
      [
       12.9967685,
       50.045167
      ],
      [
       12.9890781,
       50.0421889
      ],
      [
       12.9809054,
       50.0397993
      ],
      [
       12.9723591,
       50.0380297
      ],
      [
       12.9635527,
       50.0369037
      ],
      [
       12.9546032,
       50.0364364
      ],
      [
       12.9456295,
       50.0366338
      ],
      [
       12.9367507,
       50.0374934
      ],
      [
       12.9280848,
       50.0390037
      ],
      [
       12.9197469,
       50.0411448
      ],
      [
       12.9118477,
       50.0438881
      ],
      [
       12.9044924,
       50.0471971
      ],
      [
       12.8977788,
       50.051028
      ],
      [
       12.8917964,
       50.0553299
      ],
      [
       12.8866247,
       50.0600454
      ],
      [
       12.8823329,
       50.0651119
      ],
      [
       12.8789783,
       50.0704621
      ],
      [
       12.876606,
       50.0760247
      ],
      [
       12.8752477,
       50.0817256
      ],
      [
       12.8749221,
       50.0874891
      ],
      [
       12.8756337,
       50.0932382
      ],
      [
       12.8773734,
       50.0988963
      ],
      [
       12.8801186,
       50.1043882
      ],
      [
       12.8838327,
       50.1096404
      ],
      [
       12.8884667,
       50.114583
      ],
      [
       12.893959,
       50.11915
      ],
      [
       12.9002365,
       50.1232805
      ],
      [
       12.9072156,
       50.1269193
      ],
      [
       12.9148031,
       50.1300177
      ],
      [
       12.922898,
       50.1325345
      ],
      [
       12.9313921,
       50.134436
      ],
      [
       12.9401719,
       50.1356968
      ],
      [
       12.9491202,
       50.1363001
      ],
      [
       12.9527778,
       50.1363551
      ]
     ]
    ]
   }
  },
  {
   "type": "Feature",
   "properties": {
    "ll": {
     "value": 0,
     "unit": 1,
     "referenceDatum": 0
    },
    "ul": {
     "value": 3000,
     "unit": 1,
     "referenceDatum": 1
    },
    "_id": "6261488e5e9ded571043e5dc",
    "name": "LKTRA10 POHORELICE 118.155 127.35",
    "type": 1,
    "icao": 7,
    "bnd": [
     [
      48.8852778,
      16.2936111
     ],
     [
      49.0972222,
      16.5752778
     ]
    ]
   },
   "geometry": {
    "type": "Polygon",
    "coordinates": [
     [
      [
       16.3797222,
       49.0972222
      ],
      [
       16.5752778,
       49.0044444
      ],
      [
       16.4,
       48.8852778
      ],
      [
       16.2936111,
       49.0177778
      ],
      [
       16.3797222,
       49.0972222
      ]
     ]
    ]
   }
  },
  {
   "type": "Feature",
   "properties": {
    "ll": {
     "value": 3000,
     "unit": 1,
     "referenceDatum": 1
    },
    "ul": {
     "value": 125,
     "unit": 6,
     "referenceDatum": 2
    },
    "_id": "6261488f1eacded7b7bb38c8",
    "name": "LKTRA11 MIROSLAV 118.155 127.35 136.175",
    "type": 1,
    "icao": 7,
    "bnd": [
     [
      48.8630556,
      16.2366667
     ],
     [
      48.965,
      16.4
     ]
    ]
   },
   "geometry": {
    "type": "Polygon",
    "coordinates": [
     [
      [
       16.2366667,
       48.965
      ],
      [
       16.4,
       48.8852778
      ],
      [
       16.3638889,
       48.8630556
      ],
      [
       16.2563889,
       48.9119444
      ],
      [
       16.2366667,
       48.965
      ]
     ]
    ]
   }
  },
  {
   "type": "Feature",
   "properties": {
    "ll": {
     "value": 0,
     "unit": 1,
     "referenceDatum": 0
    },
    "ul": {
     "value": 125,
     "unit": 6,
     "referenceDatum": 2
    },
    "_id": "6261488f1eacded7b7bb38d4",
    "name": "LKTRA12 UNANOV 118.155 127.35 136.175",
    "type": 1,
    "icao": 7,
    "bnd": [
     [
      48.7933333,
      15.9744444
     ],
     [
      49.0286111,
      16.3638889
     ]
    ]
   },
   "geometry": {
    "type": "Polygon",
    "coordinates": [
     [
      [
       16.1055556,
       49.0286111
      ],
      [
       16.2366667,
       48.965
      ],
      [
       16.2563889,
       48.9119444
      ],
      [
       16.3638889,
       48.8630556
      ],
      [
       16.2575,
       48.7933333
      ],
      [
       16.1811111,
       48.8158333
      ],
      [
       15.9744444,
       48.9113889
      ],
      [
       16.1055556,
       49.0286111
      ]
     ]
    ]
   }
  },
  {
   "type": "Feature",
   "properties": {
    "ll": {
     "value": 0,
     "unit": 1,
     "referenceDatum": 0
    },
    "ul": {
     "value": 125,
     "unit": 6,
     "referenceDatum": 2
    },
    "_id": "6261488f5e9ded571043e5eb",
    "name": "LKTRA13 JEVISOVICE 118.155 127.35 136.175",
    "type": 1,
    "icao": 7,
    "bnd": [
     [
      48.9113889,
      15.7563889
     ],
     [
      49.1186111,
      16.1055556
     ]
    ]
   },
   "geometry": {
    "type": "Polygon",
    "coordinates": [
     [
      [
       15.9202778,
       49.1186111
      ],
      [
       16.1055556,
       49.0286111
      ],
      [
       15.9744444,
       48.9113889
      ],
      [
       15.7563889,
       49.0125
      ],
      [
       15.9202778,
       49.1186111
      ]
     ]
    ]
   }
  },
  {
   "type": "Feature",
   "properties": {
    "ll": {
     "value": 0,
     "unit": 1,
     "referenceDatum": 0
    },
    "ul": {
     "value": 125,
     "unit": 6,
     "referenceDatum": 2
    },
    "_id": "6261488f1eacded7b7bb38e1",
    "name": "LKTRA14 CASLAVICE 118.155 127.35 136.175",
    "type": 1,
    "icao": 7,
    "bnd": [
     [
      49.0125,
      15.5344444
     ],
     [
      49.1858333,
      15.9202778
     ]
    ]
   },
   "geometry": {
    "type": "Polygon",
    "coordinates": [
     [
      [
       15.7816667,
       49.1858333
      ],
      [
       15.9202778,
       49.1186111
      ],
      [
       15.7563889,
       49.0125
      ],
      [
       15.5344444,
       49.1147222
      ],
      [
       15.6958333,
       49.14
      ],
      [
       15.7816667,
       49.1858333
      ]
     ]
    ]
   }
  },
  {
   "type": "Feature",
   "properties": {
    "ll": {
     "value": 300,
     "unit": 1,
     "referenceDatum": 0
    },
    "ul": {
     "value": 125,
     "unit": 6,
     "referenceDatum": 2
    },
    "_id": "6261488f1eacded7b7bb38eb",
    "name": "LKTRA15 BRTNICE 118.155 127.35 136.175",
    "type": 1,
    "icao": 7,
    "bnd": [
     [
      49.1147222,
      15.4455556
     ],
     [
      49.345,
      15.7816667
     ]
    ]
   },
   "geometry": {
    "type": "Polygon",
    "coordinates": [
     [
      [
       15.6975,
       49.345
      ],
      [
       15.7775,
       49.3230556
      ],
      [
       15.7069444,
       49.2730556
      ],
      [
       15.7816667,
       49.1858333
      ],
      [
       15.6958333,
       49.14
      ],
      [
       15.5344444,
       49.1147222
      ],
      [
       15.4513889,
       49.185
      ],
      [
       15.4455556,
       49.2741667
      ],
      [
       15.6975,
       49.345
      ]
     ]
    ]
   }
  },
  {
   "type": "Feature",
   "properties": {
    "ll": {
     "value": 5000,
     "unit": 1,
     "referenceDatum": 1
    },
    "ul": {
     "value": 125,
     "unit": 6,
     "referenceDatum": 2
    },
    "_id": "6261488f1eacded7b7bb38f5",
    "name": "LKTRA16 TREST 118.155 127.35 136.175",
    "type": 1,
    "icao": 7,
    "bnd": [
     [
      49.2741667,
      15.4436111
     ],
     [
      49.3888889,
      15.6975
     ]
    ]
   },
   "geometry": {
    "type": "Polygon",
    "coordinates": [
     [
      [
       15.5405556,
       49.3888889
      ],
      [
       15.6975,
       49.345
      ],
      [
       15.4455556,
       49.2741667
      ],
      [
       15.4436111,
       49.3036111
      ],
      [
       15.5405556,
       49.3888889
      ]
     ]
    ]
   }
  },
  {
   "type": "Feature",
   "properties": {
    "ll": {
     "value": 0,
     "unit": 1,
     "referenceDatum": 0
    },
    "ul": {
     "value": 3500,
     "unit": 1,
     "referenceDatum": 1
    },
    "_id": "6261488f5e9ded571043e5fe",
    "name": "LKTRA17 OKRISKY 118.155 127.35",
    "type": 1,
    "icao": 7,
    "bnd": [
     [
      49.1858333,
      15.7069444
     ],
     [
      49.3230556,
      15.9163889
     ]
    ]
   },
   "geometry": {
    "type": "Polygon",
    "coordinates": [
     [
      [
       15.7775,
       49.3230556
      ],
      [
       15.9163889,
       49.2841667
      ],
      [
       15.8683333,
       49.2469444
      ],
      [
       15.7816667,
       49.1858333
      ],
      [
       15.7069444,
       49.2730556
      ],
      [
       15.7775,
       49.3230556
      ]
     ]
    ]
   }
  },
  {
   "type": "Feature",
   "properties": {
    "ll": {
     "value": 1000,
     "unit": 1,
     "referenceDatum": 0
    },
    "ul": {
     "value": 245,
     "unit": 6,
     "referenceDatum": 2
    },
    "_id": "6261488f1eacded7b7bb3902",
    "name": "LKTRA31 ZDAR NAD SAZAVOU 127.58 120.53 136.175",
    "type": 1,
    "icao": 7,
    "bnd": [
     [
      49.5125,
      15.6572222
     ],
     [
      49.7691667,
      16.3788889
     ]
    ]
   },
   "geometry": {
    "type": "Polygon",
    "coordinates": [
     [
      [
       15.8497222,
       49.7691667
      ],
      [
       16.3788889,
       49.6269444
      ],
      [
       16.2219444,
       49.56
      ],
      [
       16.1111111,
       49.5125
      ],
      [
       15.6572222,
       49.6091667
      ],
      [
       15.7430556,
       49.6808333
      ],
      [
       15.8497222,
       49.7691667
      ]
     ]
    ]
   }
  },
  {
   "type": "Feature",
   "properties": {
    "ll": {
     "value": 5000,
     "unit": 1,
     "referenceDatum": 1
    },
    "ul": {
     "value": 245,
     "unit": 6,
     "referenceDatum": 2
    },
    "_id": "6261488f5e9ded571043e60a",
    "name": "LKTRA32 PROSEC 127.35 119.375 136.175",
    "type": 1,
    "icao": 7,
    "bnd": [
     [
      49.6269444,
      15.7083333
     ],
     [
      49.8933333,
      16.5869444
     ]
    ]
   },
   "geometry": {
    "type": "Polygon",
    "coordinates": [
     [
      [
       16.3133333,
       49.8708333
      ],
      [
       16.4980556,
       49.8933333
      ],
      [
       16.5869444,
       49.7152778
      ],
      [
       16.3788889,
       49.6269444
      ],
      [
       15.8497222,
       49.7691667
      ],
      [
       15.7083333,
       49.8441667
      ],
      [
       16.3133333,
       49.8708333
      ]
     ]
    ]
   }
  },
  {
   "type": "Feature",
   "properties": {
    "ll": {
     "value": 5000,
     "unit": 1,
     "referenceDatum": 1
    },
    "ul": {
     "value": 245,
     "unit": 6,
     "referenceDatum": 2
    },
    "_id": "6261488f5e9ded571043e615",
    "name": "LKTRA33 LETOVICE 127.35 136.175",
    "type": 1,
    "icao": 7,
    "bnd": [
     [
      49.425,
      16.1111111
     ],
     [
      49.7152778,
      16.7136111
     ]
    ]
   },
   "geometry": {
    "type": "Polygon",
    "coordinates": [
     [
      [
       16.5869444,
       49.7152778
      ],
      [
       16.7136111,
       49.4591667
      ],
      [
       16.5511111,
       49.425
      ],
      [
       16.1111111,
       49.5125
      ],
      [
       16.2219444,
       49.56
      ],
      [
       16.3788889,
       49.6269444
      ],
      [
       16.5869444,
       49.7152778
      ]
     ]
    ]
   }
  },
  {
   "type": "Feature",
   "properties": {
    "ll": {
     "value": 5000,
     "unit": 1,
     "referenceDatum": 1
    },
    "ul": {
     "value": 245,
     "unit": 6,
     "referenceDatum": 2
    },
    "_id": "626148901eacded7b7bb3912",
    "name": "LKTRA34 MOHELNICE APR-SEP FL95-FL245 127.35 119.375 136.175",
    "type": 1,
    "icao": 7,
    "bnd": [
     [
      49.4591667,
      16.4980556
     ],
     [
      49.9833333,
      17.5411111
     ]
    ]
   },
   "geometry": {
    "type": "Polygon",
    "coordinates": [
     [
      [
       16.4980556,
       49.8933333
      ],
      [
       17.2666667,
       49.9833333
      ],
      [
       17.5411111,
       49.7766667
      ],
      [
       17.4433333,
       49.7422222
      ],
      [
       17.4058333,
       49.625
      ],
      [
       17.3975,
       49.5997222
      ],
      [
       16.8763889,
       49.4930556
      ],
      [
       16.7136111,
       49.4591667
      ],
      [
       16.5869444,
       49.7152778
      ],
      [
       16.4980556,
       49.8933333
      ]
     ]
    ]
   }
  },
  {
   "type": "Feature",
   "properties": {
    "ll": {
     "value": 1000,
     "unit": 1,
     "referenceDatum": 0
    },
    "ul": {
     "value": 125,
     "unit": 6,
     "referenceDatum": 2
    },
    "_id": "626148905e9ded571043e622",
    "name": "LKTRA56 NOVY BYDZOV 118.375 119.375 136.175",
    "type": 1,
    "icao": 7,
    "bnd": [
     [
      50.1466667,
      15.3811111
     ],
     [
      50.3111111,
      15.7422222
     ]
    ]
   },
   "geometry": {
    "type": "Polygon",
    "coordinates": [
     [
      [
       15.7422222,
       50.3069444
      ],
      [
       15.7402778,
       50.1466667
      ],
      [
       15.3811111,
       50.1519444
      ],
      [
       15.3822222,
       50.1858333
      ],
      [
       15.3855556,
       50.3111111
      ],
      [
       15.7422222,
       50.3069444
      ]
     ]
    ]
   }
  },
  {
   "type": "Feature",
   "properties": {
    "ll": {
     "value": 3000,
     "unit": 1,
     "referenceDatum": 1
    },
    "ul": {
     "value": 125,
     "unit": 6,
     "referenceDatum": 2
    },
    "_id": "626148901eacded7b7bb3921",
    "name": "LKTRA57 VAMBERK 118.375 136.175",
    "type": 1,
    "icao": 7,
    "bnd": [
     [
      50.1088889,
      15.9291667
     ],
     [
      50.2769444,
      16.3663889
     ]
    ]
   },
   "geometry": {
    "type": "Polygon",
    "coordinates": [
     [
      [
       15.9291667,
       50.2769444
      ],
      [
       16.2077778,
       50.2738889
      ],
      [
       16.3663889,
       50.1088889
      ],
      [
       15.9680556,
       50.1375
      ],
      [
       15.9291667,
       50.2769444
      ]
     ]
    ]
   }
  },
  {
   "type": "Feature",
   "properties": {
    "ll": {
     "value": 0,
     "unit": 1,
     "referenceDatum": 0
    },
    "ul": {
     "value": 95,
     "unit": 6,
     "referenceDatum": 2
    },
    "_id": "626148901eacded7b7bb3943",
    "name": "LKTRA6 PROSTEJOV 127.35 136.175",
    "type": 1,
    "icao": 7,
    "bnd": [
     [
      49.3978253,
      17.0570522
     ],
     [
      49.497744,
      17.2106584
     ]
    ]
   },
   "geometry": {
    "type": "Polygon",
    "coordinates": [
     [
      [
       17.1338889,
       49.497744
      ],
      [
       17.1427538,
       49.4974109
      ],
      [
       17.1515002,
       49.4964158
      ],
      [
       17.1600113,
       49.4947722
      ],
      [
       17.1681734,
       49.4925019
      ],
      [
       17.1758775,
       49.4896353
      ],
      [
       17.1830208,
       49.4862107
      ],
      [
       17.189508,
       49.4822739
      ],
      [
       17.1952527,
       49.4778773
      ],
      [
       17.2001784,
       49.4730797
      ],
      [
       17.2042196,
       49.4679451
      ],
      [
       17.2073227,
       49.462542
      ],
      [
       17.2094466,
       49.4569425
      ],
      [
       17.2105634,
       49.4512212
      ],
      [
       17.2106584,
       49.4454543
      ],
      [
       17.2097309,
       49.4397187
      ],
      [
       17.2077935,
       49.4340908
      ],
      [
       17.2048723,
       49.4286455
      ],
      [
       17.2010066,
       49.4234553
      ],
      [
       17.196248,
       49.4185892
      ],
      [
       17.1906602,
       49.4141119
      ],
      [
       17.1843176,
       49.410083
      ],
      [
       17.1773047,
       49.4065561
      ],
      [
       17.1697148,
       49.403578
      ],
      [
       17.161649,
       49.4011882
      ],
      [
       17.1532144,
       49.3994186
      ],
      [
       17.1445231,
       49.3982926
      ],
      [
       17.1356905,
       49.3978253
      ],
      [
       17.126834,
       49.3980227
      ],
      [
       17.1180712,
       49.3988823
      ],
      [
       17.1095185,
       49.4003927
      ],
      [
       17.1012896,
       49.4025338
      ],
      [
       17.0934937,
       49.4052771
      ],
      [
       17.0862346,
       49.4085863
      ],
      [
       17.0796089,
       49.4124172
      ],
      [
       17.0737047,
       49.4167191
      ],
      [
       17.0686008,
       49.4214347
      ],
      [
       17.0643653,
       49.4265013
      ],
      [
       17.0610548,
       49.4318515
      ],
      [
       17.0587137,
       49.4374141
      ],
      [
       17.0573734,
       49.4431151
      ],
      [
       17.0570522,
       49.4488785
      ],
      [
       17.0577547,
       49.4546276
      ],
      [
       17.0594719,
       49.4602858
      ],
      [
       17.0621812,
       49.4657776
      ],
      [
       17.0658469,
       49.4710298
      ],
      [
       17.0704204,
       49.4759723
      ],
      [
       17.0758408,
       49.4805393
      ],
      [
       17.0820362,
       49.4846697
      ],
      [
       17.0889238,
       49.4883084
      ],
      [
       17.096412,
       49.4914068
      ],
      [
       17.1044008,
       49.4939235
      ],
      [
       17.1127836,
       49.495825
      ],
      [
       17.1214483,
       49.4970857
      ],
      [
       17.1302793,
       49.4976889
      ],
      [
       17.1338889,
       49.497744
      ]
     ]
    ]
   }
  },
  {
   "type": "Feature",
   "properties": {
    "ll": {
     "value": 0,
     "unit": 1,
     "referenceDatum": 0
    },
    "ul": {
     "value": 3000,
     "unit": 1,
     "referenceDatum": 1
    },
    "_id": "626148901eacded7b7bb392c",
    "name": "LKTRA61 KOPIDLNO 133.08 119.375",
    "type": 1,
    "icao": 7,
    "bnd": [
     [
      50.2225709,
      15.0160328
     ],
     [
      50.4057715,
      15.3028143
     ]
    ]
   },
   "geometry": {
    "type": "Polygon",
    "coordinates": [
     [
      [
       15.1594444,
       50.4057715
      ],
      [
       15.1716876,
       50.4054379
      ],
      [
       15.1838413,
       50.4044395
      ],
      [
       15.1958166,
       50.4027837
      ],
      [
       15.207526,
       50.4004825
      ],
      [
       15.218884,
       50.3975528
      ],
      [
       15.2298076,
       50.394016
      ],
      [
       15.2402172,
       50.3898979
      ],
      [
       15.2500367,
       50.3852286
      ],
      [
       15.2591948,
       50.3800422
      ],
      [
       15.2676247,
       50.3743766
      ],
      [
       15.2752652,
       50.368273
      ],
      [
       15.2820609,
       50.3617762
      ],
      [
       15.2879626,
       50.3549334
      ],
      [
       15.2929276,
       50.3477944
      ],
      [
       15.2969203,
       50.3404115
      ],
      [
       15.2999119,
       50.3328382
      ],
      [
       15.3018812,
       50.3251297
      ],
      [
       15.3028143,
       50.3173422
      ],
      [
       15.3027051,
       50.3095322
      ],
      [
       15.3015547,
       50.3017565
      ],
      [
       15.2993721,
       50.2940716
      ],
      [
       15.2961736,
       50.2865334
      ],
      [
       15.2919828,
       50.2791965
      ],
      [
       15.2868308,
       50.2721142
      ],
      [
       15.2807551,
       50.2653378
      ],
      [
       15.2738003,
       50.2589165
      ],
      [
       15.2660171,
       50.2528967
      ],
      [
       15.2574621,
       50.2473222
      ],
      [
       15.2481976,
       50.2422331
      ],
      [
       15.2382908,
       50.2376664
      ],
      [
       15.2278136,
       50.2336552
      ],
      [
       15.216842,
       50.2302284
      ],
      [
       15.2054552,
       50.2274107
      ],
      [
       15.1937358,
       50.2252227
      ],
      [
       15.1817686,
       50.2236801
      ],
      [
       15.1696399,
       50.222794
      ],
      [
       15.1574376,
       50.2225709
      ],
      [
       15.1452498,
       50.2230123
      ],
      [
       15.1331646,
       50.2241151
      ],
      [
       15.1212693,
       50.2258714
      ],
      [
       15.10965,
       50.2282683
      ],
      [
       15.0983907,
       50.2312887
      ],
      [
       15.087573,
       50.2349106
      ],
      [
       15.0772751,
       50.2391078
      ],
      [
       15.0675718,
       50.24385
      ],
      [
       15.0585333,
       50.2491029
      ],
      [
       15.0502254,
       50.2548284
      ],
      [
       15.0427085,
       50.2609851
      ],
      [
       15.0360374,
       50.2675284
      ],
      [
       15.0302607,
       50.2744109
      ],
      [
       15.0254208,
       50.2815827
      ],
      [
       15.0215532,
       50.2889917
      ],
      [
       15.0186863,
       50.2965842
      ],
      [
       15.0168416,
       50.3043051
      ],
      [
       15.0160328,
       50.3120983
      ],
      [
       15.0162664,
       50.3199072
      ],
      [
       15.0175412,
       50.327675
      ],
      [
       15.0198485,
       50.3353452
      ],
      [
       15.0231718,
       50.3428619
      ],
      [
       15.0274876,
       50.3501705
      ],
      [
       15.0327648,
       50.3572178
      ],
      [
       15.0389654,
       50.3639523
      ],
      [
       15.0460445,
       50.3703249
      ],
      [
       15.0539509,
       50.3762893
      ],
      [
       15.0626272,
       50.3818018
      ],
      [
       15.0720103,
       50.3868222
      ],
      [
       15.0820319,
       50.3913139
      ],
      [
       15.092619,
       50.395244
      ],
      [
       15.1036944,
       50.3985839
      ],
      [
       15.1151772,
       50.4013092
      ],
      [
       15.1269835,
       50.4033998
      ],
      [
       15.1390272,
       50.4048407
      ],
      [
       15.1512201,
       50.4056211
      ],
      [
       15.1594444,
       50.4057715
      ]
     ]
    ]
   }
  },
  {
   "type": "Feature",
   "properties": {
    "ll": {
     "value": 3000,
     "unit": 1,
     "referenceDatum": 1
    },
    "ul": {
     "value": 245,
     "unit": 6,
     "referenceDatum": 2
    },
    "_id": "626148901eacded7b7bb3936",
    "name": "LKTRA62 NYMBURK 118.375 136.175",
    "type": 1,
    "icao": 7,
    "bnd": [
     [
      50.1855556,
      14.9580556
     ],
     [
      50.4763889,
      15.3877778
     ]
    ]
   },
   "geometry": {
    "type": "Polygon",
    "coordinates": [
     [
      [
       15.1697222,
       50.4763889
      ],
      [
       15.3877778,
       50.385
      ],
      [
       15.3822222,
       50.1858333
      ],
      [
       15.0566667,
       50.1858333
      ],
      [
       14.9775,
       50.1855556
      ],
      [
       14.975,
       50.1936111
      ],
      [
       14.9722222,
       50.2013889
      ],
      [
       14.9694444,
       50.2094444
      ],
      [
       14.9663889,
       50.2172222
      ],
      [
       14.9630556,
       50.225
      ],
      [
       14.9580556,
       50.2358333
      ],
      [
       15.0011111,
       50.4761111
      ],
      [
       15.1697222,
       50.4763889
      ]
     ]
    ]
   }
  },
  {
   "type": "Feature",
   "properties": {
    "ll": {
     "value": 0,
     "unit": 1,
     "referenceDatum": 0
    },
    "ul": {
     "value": 1000,
     "unit": 1,
     "referenceDatum": 0
    },
    "_id": "626148905e9ded571043e632",
    "name": "LKTRA71 SMIDARY 118.375 136.175",
    "type": 1,
    "icao": 7,
    "bnd": [
     [
      50.1483333,
      15.4591667
     ],
     [
      50.2919444,
      15.7319444
     ]
    ]
   },
   "geometry": {
    "type": "Polygon",
    "coordinates": [
     [
      [
       15.4769444,
       50.2919444
      ],
      [
       15.7144444,
       50.26
      ],
      [
       15.7319444,
       50.2236111
      ],
      [
       15.6419444,
       50.1483333
      ],
      [
       15.4591667,
       50.1508333
      ],
      [
       15.4769444,
       50.2919444
      ]
     ]
    ]
   }
  },
  {
   "type": "Feature",
   "properties": {
    "ll": {
     "value": 0,
     "unit": 1,
     "referenceDatum": 0
    },
    "ul": {
     "value": 3000,
     "unit": 1,
     "referenceDatum": 1
    },
    "_id": "626148901eacded7b7bb3950",
    "name": "LKTRA72 OPOCNO 136.175",
    "type": 1,
    "icao": 7,
    "bnd": [
     [
      50.1583333,
      16.0166667
     ],
     [
      50.2758333,
      16.2666667
     ]
    ]
   },
   "geometry": {
    "type": "Polygon",
    "coordinates": [
     [
      [
       16.0166667,
       50.2758333
      ],
      [
       16.1666667,
       50.2744444
      ],
      [
       16.2666667,
       50.1583333
      ],
      [
       16.0666667,
       50.1583333
      ],
      [
       16.0166667,
       50.2758333
      ]
     ]
    ]
   }
  },
  {
   "type": "Feature",
   "properties": {
    "ll": {
     "value": 0,
     "unit": 1,
     "referenceDatum": 0
    },
    "ul": {
     "value": 2500,
     "unit": 1,
     "referenceDatum": 1
    },
    "_id": "626148905e9ded571043e63f",
    "name": "LKTRA73 BOROHRADEK 118.375 136.175",
    "type": 1,
    "icao": 7,
    "bnd": [
     [
      50.0033333,
      16.0680556
     ],
     [
      50.1194444,
      16.2963889
     ]
    ]
   },
   "geometry": {
    "type": "Polygon",
    "coordinates": [
     [
      [
       16.0680556,
       50.1194444
      ],
      [
       16.2963889,
       50.0975
      ],
      [
       16.2816667,
       50.0033333
      ],
      [
       16.0808333,
       50.0194444
      ],
      [
       16.0680556,
       50.1194444
      ]
     ]
    ]
   }
  },
  {
   "type": "Feature",
   "properties": {
    "ll": {
     "value": 1000,
     "unit": 1,
     "referenceDatum": 0
    },
    "ul": {
     "value": 95,
     "unit": 6,
     "referenceDatum": 2
    },
    "_id": "626148915e9ded571043e64c",
    "name": "LKTRA74 VOLARY 126.10 118.65",
    "type": 1,
    "icao": 7,
    "bnd": [
     [
      48.8091667,
      13.8927778
     ],
     [
      49.1255556,
      14.4466667
     ]
    ]
   },
   "geometry": {
    "type": "Polygon",
    "coordinates": [
     [
      [
       14.2025,
       49.1255556
      ],
      [
       14.4466667,
       49.0966667
      ],
      [
       14.3527778,
       49.0497222
      ],
      [
       14.2713889,
       48.8091667
      ],
      [
       14.1325,
       48.9166667
      ],
      [
       13.8927778,
       48.9116667
      ],
      [
       14.2036111,
       49.0677778
      ],
      [
       14.2025,
       49.1255556
      ]
     ]
    ]
   }
  },
  {
   "type": "Feature",
   "properties": {
    "ll": {
     "value": 1000,
     "unit": 1,
     "referenceDatum": 0
    },
    "ul": {
     "value": 75,
     "unit": 6,
     "referenceDatum": 2
    },
    "_id": "626148915e9ded571043e656",
    "name": "LKTRA76 BLATNA 118.65 126.10",
    "type": 1,
    "icao": 7,
    "bnd": [
     [
      49.3325,
      13.6830556
     ],
     [
      49.6991667,
      14.3011111
     ]
    ]
   },
   "geometry": {
    "type": "Polygon",
    "coordinates": [
     [
      [
       14.2277778,
       49.6991667
      ],
      [
       14.3011111,
       49.6411111
      ],
      [
       13.8991667,
       49.3325
      ],
      [
       13.6830556,
       49.4647222
      ],
      [
       14.2277778,
       49.6991667
      ]
     ]
    ]
   }
  },
  {
   "type": "Feature",
   "properties": {
    "ll": {
     "value": 1000,
     "unit": 1,
     "referenceDatum": 0
    },
    "ul": {
     "value": 245,
     "unit": 6,
     "referenceDatum": 2
    },
    "_id": "626148915e9ded571043e660",
    "name": "LKTRA77 MILEVSKO 118.65 126.10",
    "type": 1,
    "icao": 7,
    "bnd": [
     [
      49.1255556,
      13.8991667
     ],
     [
      49.6411111,
      14.6119444
     ]
    ]
   },
   "geometry": {
    "type": "Polygon",
    "coordinates": [
     [
      [
       14.3011111,
       49.6411111
      ],
      [
       14.6119444,
       49.3947222
      ],
      [
       14.3580556,
       49.2275
      ],
      [
       14.2025,
       49.1255556
      ],
      [
       13.8991667,
       49.3325
      ],
      [
       14.3011111,
       49.6411111
      ]
     ]
    ]
   }
  },
  {
   "type": "Feature",
   "properties": {
    "ll": {
     "value": 1000,
     "unit": 1,
     "referenceDatum": 0
    },
    "ul": {
     "value": 245,
     "unit": 6,
     "referenceDatum": 2
    },
    "_id": "626148911eacded7b7bb3960",
    "name": "LKTRA78 SOBESLAV 118.65 126.10",
    "type": 1,
    "icao": 7,
    "bnd": [
     [
      49.0516667,
      14.2025
     ],
     [
      49.3947222,
      14.8963889
     ]
    ]
   },
   "geometry": {
    "type": "Polygon",
    "coordinates": [
     [
      [
       14.6119444,
       49.3947222
      ],
      [
       14.8963889,
       49.1661111
      ],
      [
       14.8402778,
       49.0519444
      ],
      [
       14.7538889,
       49.0516667
      ],
      [
       14.5102778,
       49.0888889
      ],
      [
       14.4466667,
       49.0966667
      ],
      [
       14.2025,
       49.1255556
      ],
      [
       14.6119444,
       49.3947222
      ]
     ]
    ]
   }
  },
  {
   "type": "Feature",
   "properties": {
    "ll": {
     "value": 5000,
     "unit": 1,
     "referenceDatum": 1
    },
    "ul": {
     "value": 95,
     "unit": 6,
     "referenceDatum": 2
    },
    "_id": "626148915e9ded571043e671",
    "name": "LKTRA90 ALOJZOV MAY-AUG SR-SS FL75-FL95",
    "type": 1,
    "icao": 7,
    "bnd": [
     [
      49.3869444,
      17.0141667
     ],
     [
      49.4366667,
      17.0788889
     ]
    ]
   },
   "geometry": {
    "type": "Polygon",
    "coordinates": [
     [
      [
       17.0591667,
       49.4366667
      ],
      [
       17.0616238,
       49.4311329
      ],
      [
       17.0650623,
       49.4258241
      ],
      [
       17.0694185,
       49.4208086
      ],
      [
       17.0746342,
       49.4161533
      ],
      [
       17.0788889,
       49.4130556
      ],
      [
       17.0244444,
       49.3869444
      ],
      [
       17.0141667,
       49.4030556
      ],
      [
       17.0591667,
       49.4366667
      ]
     ]
    ]
   }
  },
  {
   "type": "Feature",
   "properties": {
    "ll": {
     "value": 5000,
     "unit": 1,
     "referenceDatum": 1
    },
    "ul": {
     "value": 95,
     "unit": 6,
     "referenceDatum": 2
    },
    "_id": "626148911eacded7b7bb396a",
    "name": "LKTRA91 GRYGOV MAY-AUG SR-SS FL75-FL95",
    "type": 1,
    "icao": 7,
    "bnd": [
     [
      49.4622222,
      17.1816667
     ],
     [
      49.5997222,
      17.4833333
     ]
    ]
   },
   "geometry": {
    "type": "Polygon",
    "coordinates": [
     [
      [
       17.3975,
       49.5997222
      ],
      [
       17.4833333,
       49.5780556
      ],
      [
       17.4138889,
       49.5688889
      ],
      [
       17.2072222,
       49.4622222
      ],
      [
       17.2044183,
       49.4676871
      ],
      [
       17.2004222,
       49.4728376
      ],
      [
       17.1955387,
       49.4776544
      ],
      [
       17.1898326,
       49.4820732
      ],
      [
       17.1833799,
       49.4860352
      ],
      [
       17.1816667,
       49.4869444
      ],
      [
       17.3975,
       49.5997222
      ]
     ]
    ]
   }
  },
  {
   "type": "Feature",
   "properties": {
    "ll": {
     "value": 5000,
     "unit": 1,
     "referenceDatum": 1
    },
    "ul": {
     "value": 95,
     "unit": 6,
     "referenceDatum": 2
    },
    "_id": "626148915e9ded571043e680",
    "name": "LKTRA92 DOBROCHOV",
    "type": 1,
    "icao": 7,
    "bnd": [
     [
      49.3455556,
      17.0713889
     ],
     [
      49.4461111,
      17.3283333
     ]
    ]
   },
   "geometry": {
    "type": "Polygon",
    "coordinates": [
     [
      [
       17.2105556,
       49.4461111
      ],
      [
       17.3283333,
       49.4283333
      ],
      [
       17.2183333,
       49.3563889
      ],
      [
       17.1672222,
       49.3455556
      ],
      [
       17.0713889,
       49.35
      ],
      [
       17.0788889,
       49.4130556
      ],
      [
       17.085392,
       49.4091463
      ],
      [
       17.0925647,
       49.4057674
      ],
      [
       17.1002875,
       49.4029489
      ],
      [
       17.1084575,
       49.4007282
      ],
      [
       17.116966,
       49.3991349
      ],
      [
       17.1256998,
       49.3981902
      ],
      [
       17.1345424,
       49.3979068
      ],
      [
       17.1433764,
       49.3982882
      ],
      [
       17.1520842,
       49.3993296
      ],
      [
       17.1605498,
       49.401017
      ],
      [
       17.1686606,
       49.403328
      ],
      [
       17.1763085,
       49.4062318
      ],
      [
       17.1833916,
       49.4096897
      ],
      [
       17.1898156,
       49.4136558
      ],
      [
       17.1954947,
       49.4180771
      ],
      [
       17.200353,
       49.4228949
      ],
      [
       17.2043255,
       49.4280448
      ],
      [
       17.207359,
       49.4334583
      ],
      [
       17.2094128,
       49.4390632
      ],
      [
       17.2104591,
       49.4447847
      ],
      [
       17.2105556,
       49.4461111
      ]
     ]
    ]
   }
  },
  {
   "type": "Feature",
   "properties": {
    "ll": {
     "value": 0,
     "unit": 1,
     "referenceDatum": 0
    },
    "ul": {
     "value": 660,
     "unit": 6,
     "referenceDatum": 2
    },
    "_id": "626148945e9ded571043e723",
    "name": "LKTSA1 BOLETICE 118.375 118.65 126.10",
    "type": 1,
    "icao": 7,
    "bnd": [
     [
      48.7725,
      13.8927778
     ],
     [
      48.9166667,
      14.2713889
     ]
    ]
   },
   "geometry": {
    "type": "Polygon",
    "coordinates": [
     [
      [
       14.1325,
       48.9166667
      ],
      [
       14.2713889,
       48.8091667
      ],
      [
       14.0325,
       48.7725
      ],
      [
       13.8927778,
       48.9116667
      ],
      [
       14.1325,
       48.9166667
      ]
     ]
    ]
   }
  },
  {
   "type": "Feature",
   "properties": {
    "ll": {
     "value": 300,
     "unit": 1,
     "referenceDatum": 0
    },
    "ul": {
     "value": 1000,
     "unit": 1,
     "referenceDatum": 0
    },
    "_id": "626148941eacded7b7bb3a30",
    "name": "LKTSA20 ZDIREC",
    "type": 1,
    "icao": 7,
    "bnd": [
     [
      49.5108333,
      15.5205556
     ],
     [
      49.8383333,
      16.2211111
     ]
    ]
   },
   "geometry": {
    "type": "Polygon",
    "coordinates": [
     [
      [
       15.6233333,
       49.8383333
      ],
      [
       15.8175,
       49.7863889
      ],
      [
       16.2211111,
       49.5602778
      ],
      [
       16.1077778,
       49.5108333
      ],
      [
       15.705,
       49.7452778
      ],
      [
       15.5205556,
       49.7775
      ],
      [
       15.6233333,
       49.8383333
      ]
     ]
    ]
   }
  },
  {
   "type": "Feature",
   "properties": {
    "ll": {
     "value": 300,
     "unit": 1,
     "referenceDatum": 0
    },
    "ul": {
     "value": 1000,
     "unit": 1,
     "referenceDatum": 0
    },
    "_id": "626148941eacded7b7bb3a40",
    "name": "LKTSA21 MERIN 127.35",
    "type": 1,
    "icao": 7,
    "bnd": [
     [
      49.2841667,
      15.7775
     ],
     [
      49.56,
      16.325
     ]
    ]
   },
   "geometry": {
    "type": "Polygon",
    "coordinates": [
     [
      [
       16.2219444,
       49.56
      ],
      [
       16.325,
       49.5016667
      ],
      [
       16.2036111,
       49.4544444
      ],
      [
       16.0811111,
       49.4066667
      ],
      [
       15.9552778,
       49.3147222
      ],
      [
       15.9163889,
       49.2841667
      ],
      [
       15.7775,
       49.3230556
      ],
      [
       15.8772222,
       49.3855556
      ],
      [
       16.1111111,
       49.5125
      ],
      [
       16.2219444,
       49.56
      ]
     ]
    ]
   }
  },
  {
   "type": "Feature",
   "properties": {
    "ll": {
     "value": 300,
     "unit": 1,
     "referenceDatum": 0
    },
    "ul": {
     "value": 1000,
     "unit": 1,
     "referenceDatum": 0
    },
    "_id": "626148945e9ded571043e732",
    "name": "LKTSA22 OPATOV 127.35",
    "type": 1,
    "icao": 7,
    "bnd": [
     [
      49.0458333,
      14.7538889
     ],
     [
      49.3230556,
      15.9163889
     ]
    ]
   },
   "geometry": {
    "type": "Polygon",
    "coordinates": [
     [
      [
       15.7775,
       49.3230556
      ],
      [
       15.9163889,
       49.2841667
      ],
      [
       15.8683333,
       49.2469444
      ],
      [
       15.7816667,
       49.1858333
      ],
      [
       15.6958333,
       49.14
      ],
      [
       15.5344444,
       49.1147222
      ],
      [
       15.0988889,
       49.0458333
      ],
      [
       14.8402778,
       49.0519444
      ],
      [
       14.7538889,
       49.0516667
      ],
      [
       14.7769444,
       49.1163889
      ],
      [
       14.8694444,
       49.1113889
      ],
      [
       15.0513889,
       49.1019444
      ],
      [
       15.5525,
       49.1916667
      ],
      [
       15.7069444,
       49.2730556
      ],
      [
       15.7775,
       49.3230556
      ]
     ]
    ]
   }
  },
  {
   "type": "Feature",
   "properties": {
    "ll": {
     "value": 300,
     "unit": 1,
     "referenceDatum": 0
    },
    "ul": {
     "value": 1000,
     "unit": 1,
     "referenceDatum": 0
    },
    "_id": "626148945e9ded571043e73d",
    "name": "LKTSA24 LITOVEL",
    "type": 1,
    "icao": 7,
    "bnd": [
     [
      49.4544444,
      16.1111111
     ],
     [
      49.7547222,
      17.4433333
     ]
    ]
   },
   "geometry": {
    "type": "Polygon",
    "coordinates": [
     [
      [
       16.68,
       49.7547222
      ],
      [
       17.3911111,
       49.7072222
      ],
      [
       17.4433333,
       49.7422222
      ],
      [
       17.4058333,
       49.625
      ],
      [
       16.7522222,
       49.6661111
      ],
      [
       16.325,
       49.5016667
      ],
      [
       16.2036111,
       49.4544444
      ],
      [
       16.1111111,
       49.5125
      ],
      [
       16.2219444,
       49.56
      ],
      [
       16.5869444,
       49.7152778
      ],
      [
       16.68,
       49.7547222
      ]
     ]
    ]
   }
  },
  {
   "type": "Feature",
   "properties": {
    "ll": {
     "value": 300,
     "unit": 1,
     "referenceDatum": 0
    },
    "ul": {
     "value": 1000,
     "unit": 1,
     "referenceDatum": 0
    },
    "_id": "626148955e9ded571043e748",
    "name": "LKTSA26 PRAVONIN",
    "type": 1,
    "icao": 7,
    "bnd": [
     [
      49.4636111,
      14.4008333
     ],
     [
      49.9591667,
      15.2533333
     ]
    ]
   },
   "geometry": {
    "type": "Polygon",
    "coordinates": [
     [
      [
       15.1991667,
       49.9591667
      ],
      [
       15.2013889,
       49.935
      ],
      [
       15.2533333,
       49.8986111
      ],
      [
       15.1327778,
       49.8433333
      ],
      [
       15.0558333,
       49.6202778
      ],
      [
       14.6930556,
       49.5127778
      ],
      [
       14.4008333,
       49.4636111
      ],
      [
       14.4194444,
       49.5116667
      ],
      [
       14.6683333,
       49.5575
      ],
      [
       14.9775,
       49.6677778
      ],
      [
       15.0555556,
       49.8777778
      ],
      [
       15.1991667,
       49.9591667
      ]
     ]
    ]
   }
  },
  {
   "type": "Feature",
   "properties": {
    "ll": {
     "value": 300,
     "unit": 1,
     "referenceDatum": 0
    },
    "ul": {
     "value": 1000,
     "unit": 1,
     "referenceDatum": 0
    },
    "_id": "626148955e9ded571043e754",
    "name": "LKTSA27 HUMPOLEC",
    "type": 1,
    "icao": 7,
    "bnd": [
     [
      49.1113889,
      14.7769444
     ],
     [
      49.8383333,
      15.6483333
     ]
    ]
   },
   "geometry": {
    "type": "Polygon",
    "coordinates": [
     [
      [
       15.6233333,
       49.8383333
      ],
      [
       15.6483333,
       49.7558333
      ],
      [
       15.5630556,
       49.6652778
      ],
      [
       15.4611111,
       49.6238889
      ],
      [
       15.4533333,
       49.5177778
      ],
      [
       15.2766667,
       49.3661111
      ],
      [
       14.9219444,
       49.2363889
      ],
      [
       14.8963889,
       49.1661111
      ],
      [
       14.8694444,
       49.1113889
      ],
      [
       14.7769444,
       49.1163889
      ],
      [
       14.8302778,
       49.2641667
      ],
      [
       15.2411111,
       49.4125
      ],
      [
       15.3702778,
       49.5375
      ],
      [
       15.3788889,
       49.6594444
      ],
      [
       15.5211111,
       49.7205556
      ],
      [
       15.5205556,
       49.7775
      ],
      [
       15.6233333,
       49.8383333
      ]
     ]
    ]
   }
  },
  {
   "type": "Feature",
   "properties": {
    "ll": {
     "value": 0,
     "unit": 1,
     "referenceDatum": 0
    },
    "ul": {
     "value": 660,
     "unit": 6,
     "referenceDatum": 2
    },
    "_id": "626148951eacded7b7bb3a50",
    "name": "LKTSA2A BREZINA 118.375 119.375 136.175",
    "type": 1,
    "icao": 7,
    "bnd": [
     [
      49.435,
      16.8794444
     ],
     [
      49.4883333,
      16.9777778
     ]
    ]
   },
   "geometry": {
    "type": "Polygon",
    "coordinates": [
     [
      [
       16.96,
       49.4883333
      ],
      [
       16.9777778,
       49.46
      ],
      [
       16.8994444,
       49.435
      ],
      [
       16.8794444,
       49.4666667
      ],
      [
       16.96,
       49.4883333
      ]
     ]
    ]
   }
  },
  {
   "type": "Feature",
   "properties": {
    "ll": {
     "value": 0,
     "unit": 1,
     "referenceDatum": 0
    },
    "ul": {
     "value": 660,
     "unit": 6,
     "referenceDatum": 2
    },
    "_id": "626148955e9ded571043e75d",
    "name": "LKTSA2B BREZINA 118.375 127.35 136.175",
    "type": 1,
    "icao": 7,
    "bnd": [
     [
      49.3286111,
      16.8994444
     ],
     [
      49.46,
      17.0244444
     ]
    ]
   },
   "geometry": {
    "type": "Polygon",
    "coordinates": [
     [
      [
       16.9777778,
       49.46
      ],
      [
       17.0244444,
       49.3869444
      ],
      [
       17.0147222,
       49.3669444
      ],
      [
       16.9180556,
       49.3286111
      ],
      [
       16.8994444,
       49.435
      ],
      [
       16.9777778,
       49.46
      ]
     ]
    ]
   }
  },
  {
   "type": "Feature",
   "properties": {
    "ll": {
     "value": 0,
     "unit": 1,
     "referenceDatum": 0
    },
    "ul": {
     "value": 660,
     "unit": 6,
     "referenceDatum": 2
    },
    "_id": "626148955e9ded571043e768",
    "name": "LKTSA2C BREZINA 118.375 127.35 136.175",
    "type": 1,
    "icao": 7,
    "bnd": [
     [
      49.3202778,
      16.9180556
     ],
     [
      49.3669444,
      17.0147222
     ]
    ]
   },
   "geometry": {
    "type": "Polygon",
    "coordinates": [
     [
      [
       17.0147222,
       49.3669444
      ],
      [
       17.0038889,
       49.3452778
      ],
      [
       16.9780556,
       49.3202778
      ],
      [
       16.9180556,
       49.3286111
      ],
      [
       17.0147222,
       49.3669444
      ]
     ]
    ]
   }
  },
  {
   "type": "Feature",
   "properties": {
    "ll": {
     "value": 0,
     "unit": 1,
     "referenceDatum": 0
    },
    "ul": {
     "value": 660,
     "unit": 6,
     "referenceDatum": 2
    },
    "_id": "626148955e9ded571043e772",
    "name": "LKTSA3A LIBAVA 118.375 119.375 136.175",
    "type": 1,
    "icao": 7,
    "bnd": [
     [
      49.5780556,
      17.3975
     ],
     [
      49.7766667,
      17.7225
     ]
    ]
   },
   "geometry": {
    "type": "Polygon",
    "coordinates": [
     [
      [
       17.6816667,
       49.7633333
      ],
      [
       17.7225,
       49.7047222
      ],
      [
       17.6383333,
       49.6497222
      ],
      [
       17.5377778,
       49.6047222
      ],
      [
       17.4833333,
       49.5780556
      ],
      [
       17.3975,
       49.5997222
      ],
      [
       17.4058333,
       49.625
      ],
      [
       17.4433333,
       49.7422222
      ],
      [
       17.5411111,
       49.7766667
      ],
      [
       17.6816667,
       49.7633333
      ]
     ]
    ]
   }
  },
  {
   "type": "Feature",
   "properties": {
    "ll": {
     "value": 0,
     "unit": 1,
     "referenceDatum": 0
    },
    "ul": {
     "value": 660,
     "unit": 6,
     "referenceDatum": 2
    },
    "_id": "626148955e9ded571043e77f",
    "name": "LKTSA3B LIBAVA 118.375 119.375 136.175",
    "type": 1,
    "icao": 7,
    "bnd": [
     [
      49.5563889,
      17.4833333
     ],
     [
      49.6497222,
      17.6383333
     ]
    ]
   },
   "geometry": {
    "type": "Polygon",
    "coordinates": [
     [
      [
       17.6383333,
       49.6497222
      ],
      [
       17.6280556,
       49.5705556
      ],
      [
       17.5444444,
       49.5563889
      ],
      [
       17.5308333,
       49.5569444
      ],
      [
       17.4833333,
       49.5780556
      ],
      [
       17.5377778,
       49.6047222
      ],
      [
       17.6383333,
       49.6497222
      ]
     ]
    ]
   }
  },
  {
   "type": "Feature",
   "properties": {
    "ll": {
     "value": 0,
     "unit": 1,
     "referenceDatum": 0
    },
    "ul": {
     "value": 660,
     "unit": 6,
     "referenceDatum": 2
    },
    "_id": "626148951eacded7b7bb3a63",
    "name": "LKTSA4A HRADISTE 118.65 126.10",
    "type": 1,
    "icao": 7,
    "bnd": [
     [
      50.1830556,
      13.0152778
     ],
     [
      50.2275,
      13.1072222
     ]
    ]
   },
   "geometry": {
    "type": "Polygon",
    "coordinates": [
     [
      [
       13.1072222,
       50.1830556
      ],
      [
       13.0227778,
       50.1952778
      ],
      [
       13.0169444,
       50.1975
      ],
      [
       13.0152778,
       50.2275
      ],
      [
       13.1072222,
       50.1830556
      ]
     ]
    ]
   }
  },
  {
   "type": "Feature",
   "properties": {
    "ll": {
     "value": 0,
     "unit": 1,
     "referenceDatum": 0
    },
    "ul": {
     "value": 660,
     "unit": 6,
     "referenceDatum": 2
    },
    "_id": "626148951eacded7b7bb3a70",
    "name": "LKTSA4B HRADISTE 118.65 126.10",
    "type": 1,
    "icao": 7,
    "bnd": [
     [
      50.1830556,
      13.0152778
     ],
     [
      50.2275,
      13.1755556
     ]
    ]
   },
   "geometry": {
    "type": "Polygon",
    "coordinates": [
     [
      [
       13.1755556,
       50.1905556
      ],
      [
       13.1072222,
       50.1830556
      ],
      [
       13.0152778,
       50.2275
      ],
      [
       13.1755556,
       50.1905556
      ]
     ]
    ]
   }
  },
  {
   "type": "Feature",
   "properties": {
    "ll": {
     "value": 0,
     "unit": 1,
     "referenceDatum": 0
    },
    "ul": {
     "value": 660,
     "unit": 6,
     "referenceDatum": 2
    },
    "_id": "626148951eacded7b7bb3a7a",
    "name": "LKTSA4C HRADISTE 118.65 126.10",
    "type": 1,
    "icao": 7,
    "bnd": [
     [
      50.1905556,
      13.0152778
     ],
     [
      50.3097222,
      13.2638889
     ]
    ]
   },
   "geometry": {
    "type": "Polygon",
    "coordinates": [
     [
      [
       13.2291667,
       50.3097222
      ],
      [
       13.235,
       50.2777778
      ],
      [
       13.2638889,
       50.2144444
      ],
      [
       13.1755556,
       50.1905556
      ],
      [
       13.0152778,
       50.2275
      ],
      [
       13.0219444,
       50.2972222
      ],
      [
       13.2291667,
       50.3097222
      ]
     ]
    ]
   }
  },
  {
   "type": "Feature",
   "properties": {
    "ll": {
     "value": 0,
     "unit": 1,
     "referenceDatum": 0
    },
    "ul": {
     "value": 660,
     "unit": 6,
     "referenceDatum": 2
    },
    "_id": "626148965e9ded571043e793",
    "name": "LKTSA4D HRADISTE 118.65 126.10",
    "type": 1,
    "icao": 7,
    "bnd": [
     [
      50.2972222,
      13.0219444
     ],
     [
      50.3622222,
      13.2297222
     ]
    ]
   },
   "geometry": {
    "type": "Polygon",
    "coordinates": [
     [
      [
       13.2297222,
       50.3511111
      ],
      [
       13.2291667,
       50.3097222
      ],
      [
       13.0219444,
       50.2972222
      ],
      [
       13.05,
       50.3363889
      ],
      [
       13.1036111,
       50.3622222
      ],
      [
       13.2297222,
       50.3511111
      ]
     ]
    ]
   }
  },
  {
   "type": "Feature",
   "properties": {
    "ll": {
     "value": 0,
     "unit": 1,
     "referenceDatum": 0
    },
    "ul": {
     "value": 1000,
     "unit": 1,
     "referenceDatum": 0
    },
    "_id": "626148965e9ded571043e79f",
    "name": "LKTSA60 PISEK",
    "type": 1,
    "icao": 7,
    "bnd": [
     [
      49.3183127,
      14.0755556
     ],
     [
      49.3644611,
      14.1522935
     ]
    ]
   },
   "geometry": {
    "type": "Polygon",
    "coordinates": [
     [
      [
       14.0755556,
       49.3411111
      ],
      [
       14.0764789,
       49.3451469
      ],
      [
       14.0783966,
       49.3490312
      ],
      [
       14.0812578,
       49.352661
      ],
      [
       14.0849868,
       49.3559396
      ],
      [
       14.0894844,
       49.3587799
      ],
      [
       14.0946313,
       49.3611063
      ],
      [
       14.1002905,
       49.3628569
      ],
      [
       14.1063115,
       49.3639852
      ],
      [
       14.1125341,
       49.3644611
      ],
      [
       14.1187928,
       49.364272
      ],
      [
       14.124921,
       49.3634229
      ],
      [
       14.1307557,
       49.3619364
      ],
      [
       14.1361416,
       49.359852
      ],
      [
       14.1409355,
       49.3572253
      ],
      [
       14.14501,
       49.354126
      ],
      [
       14.1482568,
       49.3506366
      ],
      [
       14.1505899,
       49.3468499
      ],
      [
       14.1519475,
       49.3428666
      ],
      [
       14.1522935,
       49.3387925
      ],
      [
       14.1516192,
       49.3347359
      ],
      [
       14.1499427,
       49.3308045
      ],
      [
       14.1473088,
       49.3271028
      ],
      [
       14.1437875,
       49.3237291
      ],
      [
       14.1394726,
       49.3207729
      ],
      [
       14.1344787,
       49.3183127
      ],
      [
       14.1102778,
       49.3302778
      ],
      [
       14.0755556,
       49.3411111
      ]
     ]
    ]
   }
  },
  {
   "type": "Feature",
   "properties": {
    "ll": {
     "value": 0,
     "unit": 1,
     "referenceDatum": 0
    },
    "ul": {
     "value": 660,
     "unit": 6,
     "referenceDatum": 2
    },
    "_id": "626148965e9ded571043e7aa",
    "name": "LKTSA7A JINCE 126.10",
    "type": 1,
    "icao": 7,
    "bnd": [
     [
      49.6783333,
      13.8236111
     ],
     [
      49.7622222,
      13.9444444
     ]
    ]
   },
   "geometry": {
    "type": "Polygon",
    "coordinates": [
     [
      [
       13.85,
       49.7622222
      ],
      [
       13.8822222,
       49.7188889
      ],
      [
       13.9444444,
       49.7180556
      ],
      [
       13.9111111,
       49.6783333
      ],
      [
       13.8236111,
       49.7083333
      ],
      [
       13.85,
       49.7622222
      ]
     ]
    ]
   }
  },
  {
   "type": "Feature",
   "properties": {
    "ll": {
     "value": 0,
     "unit": 1,
     "referenceDatum": 0
    },
    "ul": {
     "value": 660,
     "unit": 6,
     "referenceDatum": 2
    },
    "_id": "626148965e9ded571043e7b6",
    "name": "LKTSA7B JINCE 126.10",
    "type": 1,
    "icao": 7,
    "bnd": [
     [
      49.7180556,
      13.85
     ],
     [
      49.8088889,
      14.0155556
     ]
    ]
   },
   "geometry": {
    "type": "Polygon",
    "coordinates": [
     [
      [
       13.9638889,
       49.8088889
      ],
      [
       14.0155556,
       49.77
      ],
      [
       13.9444444,
       49.7180556
      ],
      [
       13.8822222,
       49.7188889
      ],
      [
       13.85,
       49.7622222
      ],
      [
       13.9638889,
       49.8088889
      ]
     ]
    ]
   }
  },
  {
   "type": "Feature",
   "properties": {
    "ll": {
     "value": 0,
     "unit": 1,
     "referenceDatum": 0
    },
    "ul": {
     "value": 660,
     "unit": 6,
     "referenceDatum": 2
    },
    "_id": "626148961eacded7b7bb3a8c",
    "name": "LKTSA7C JINCE 126.10",
    "type": 1,
    "icao": 7,
    "bnd": [
     [
      49.7622222,
      13.85
     ],
     [
      49.8283333,
      13.9638889
     ]
    ]
   },
   "geometry": {
    "type": "Polygon",
    "coordinates": [
     [
      [
       13.9380556,
       49.8283333
      ],
      [
       13.9638889,
       49.8088889
      ],
      [
       13.85,
       49.7622222
      ],
      [
       13.8666667,
       49.7955556
      ],
      [
       13.9380556,
       49.8283333
      ]
     ]
    ]
   }
  },
  {
   "type": "Feature",
   "properties": {
    "ll": {
     "value": 0,
     "unit": 1,
     "referenceDatum": 0
    },
    "ul": {
     "value": 4000,
     "unit": 1,
     "referenceDatum": 1
    },
    "_id": "626148965e9ded571043e7c1",
    "name": "LKUL ATZ 123.405",
    "type": 0,
    "icao": 6,
    "bnd": [
     [
      50.6497697,
      13.8908527
     ],
     [
      50.7496885,
      14.0485225
     ]
    ]
   },
   "geometry": {
    "type": "Polygon",
    "coordinates": [
     [
      [
       13.9697222,
       50.7496885
      ],
      [
       13.978822,
       50.7493553
      ],
      [
       13.9878003,
       50.7483602
      ],
      [
       13.9965369,
       50.7467165
      ],
      [
       14.0049152,
       50.7444461
      ],
      [
       14.0128233,
       50.7415794
      ],
      [
       14.0201557,
       50.7381547
      ],
      [
       14.0268146,
       50.7342177
      ],
      [
       14.0327112,
       50.729821
      ],
      [
       14.037767,
       50.7250233
      ],
      [
       14.0419149,
       50.7198886
      ],
      [
       14.0450998,
       50.7144854
      ],
      [
       14.0472795,
       50.7088858
      ],
      [
       14.0484254,
       50.7031644
      ],
      [
       14.0485225,
       50.6973976
      ],
      [
       14.0475701,
       50.691662
      ],
      [
       14.045581,
       50.6860342
      ],
      [
       14.0425822,
       50.680589
      ],
      [
       14.038614,
       50.6753988
      ],
      [
       14.0337293,
       50.6705328
      ],
      [
       14.0279936,
       50.6660557
      ],
      [
       14.0214832,
       50.662027
      ],
      [
       14.0142849,
       50.6585002
      ],
      [
       14.0064945,
       50.6555222
      ],
      [
       13.9982155,
       50.6531325
      ],
      [
       13.9895581,
       50.651363
      ],
      [
       13.9806372,
       50.6502371
      ],
      [
       13.9715714,
       50.6497697
      ],
      [
       13.962481,
       50.6499671
      ],
      [
       13.9534868,
       50.6508267
      ],
      [
       13.9447083,
       50.652337
      ],
      [
       13.9362619,
       50.654478
      ],
      [
       13.92826,
       50.6572212
      ],
      [
       13.920809,
       50.6605303
      ],
      [
       13.9140081,
       50.6643611
      ],
      [
       13.9079476,
       50.6686628
      ],
      [
       13.9027086,
       50.6733783
      ],
      [
       13.8983608,
       50.6784448
      ],
      [
       13.8949624,
       50.6837949
      ],
      [
       13.892559,
       50.6893575
      ],
      [
       13.8911828,
       50.6950584
      ],
      [
       13.8908527,
       50.7008218
      ],
      [
       13.8915734,
       50.7065709
      ],
      [
       13.8933356,
       50.7122291
      ],
      [
       13.8961163,
       50.717721
      ],
      [
       13.8998787,
       50.7229733
      ],
      [
       13.904573,
       50.727916
      ],
      [
       13.9101367,
       50.732483
      ],
      [
       13.9164959,
       50.7366136
      ],
      [
       13.9235659,
       50.7402524
      ],
      [
       13.9312524,
       50.7433509
      ],
      [
       13.9394528,
       50.7458678
      ],
      [
       13.9480576,
       50.7477693
      ],
      [
       13.9569519,
       50.7490301
      ],
      [
       13.966017,
       50.7496334
      ],
      [
       13.9697222,
       50.7496885
      ]
     ]
    ]
   }
  },
  {
   "type": "Feature",
   "properties": {
    "ll": {
     "value": 0,
     "unit": 1,
     "referenceDatum": 0
    },
    "ul": {
     "value": 4000,
     "unit": 1,
     "referenceDatum": 1
    },
    "_id": "626148965e9ded571043e7cd",
    "name": "LKUO ATZ 122.210",
    "type": 0,
    "icao": 6,
    "bnd": [
     [
      49.9286586,
      16.3487077
     ],
     [
      50.0285774,
      16.504002
     ]
    ]
   },
   "geometry": {
    "type": "Polygon",
    "coordinates": [
     [
      [
       16.4263889,
       50.0285774
      ],
      [
       16.4353514,
       50.0282442
      ],
      [
       16.4441941,
       50.0272491
      ],
      [
       16.4527989,
       50.0256054
      ],
      [
       16.4610508,
       50.0233351
      ],
      [
       16.4688397,
       50.0204685
      ],
      [
       16.4760615,
       50.0170439
      ],
      [
       16.48262,
       50.0131069
      ],
      [
       16.4884278,
       50.0087103
      ],
      [
       16.4934076,
       50.0039127
      ],
      [
       16.4974931,
       49.998778
      ],
      [
       16.5006302,
       49.9933749
      ],
      [
       16.5027773,
       49.9877753
      ],
      [
       16.5039061,
       49.982054
      ],
      [
       16.504002,
       49.9762871
      ],
      [
       16.5030642,
       49.9705516
      ],
      [
       16.5011053,
       49.9649237
      ],
      [
       16.4981519,
       49.9594784
      ],
      [
       16.4942436,
       49.9542882
      ],
      [
       16.4894326,
       49.9494222
      ],
      [
       16.4837834,
       49.944945
      ],
      [
       16.477371,
       49.9409162
      ],
      [
       16.4702811,
       49.9373893
      ],
      [
       16.4626079,
       49.9344112
      ],
      [
       16.4544536,
       49.9320215
      ],
      [
       16.4459264,
       49.9302519
      ],
      [
       16.4371397,
       49.929126
      ],
      [
       16.4282103,
       49.9286586
      ],
      [
       16.4192566,
       49.928856
      ],
      [
       16.4103977,
       49.9297156
      ],
      [
       16.4017512,
       49.931226
      ],
      [
       16.3934319,
       49.933367
      ],
      [
       16.3855505,
       49.9361103
      ],
      [
       16.3782116,
       49.9394194
      ],
      [
       16.3715131,
       49.9432503
      ],
      [
       16.365544,
       49.9475521
      ],
      [
       16.360384,
       49.9522677
      ],
      [
       16.3561018,
       49.9573343
      ],
      [
       16.3527548,
       49.9626844
      ],
      [
       16.3503878,
       49.968247
      ],
      [
       16.3490326,
       49.973948
      ],
      [
       16.3487077,
       49.9797114
      ],
      [
       16.3494178,
       49.9854605
      ],
      [
       16.3511537,
       49.9911186
      ],
      [
       16.3538927,
       49.9966105
      ],
      [
       16.3575985,
       50.0018627
      ],
      [
       16.3622222,
       50.0068053
      ],
      [
       16.3677022,
       50.0113723
      ],
      [
       16.3739656,
       50.0155028
      ],
      [
       16.380929,
       50.0191415
      ],
      [
       16.3884995,
       50.02224
      ],
      [
       16.3965762,
       50.0247568
      ],
      [
       16.4050512,
       50.0266583
      ],
      [
       16.4138114,
       50.027919
      ],
      [
       16.4227396,
       50.0285223
      ],
      [
       16.4263889,
       50.0285774
      ]
     ]
    ]
   }
  },
  {
   "type": "Feature",
   "properties": {
    "ll": {
     "value": 0,
     "unit": 1,
     "referenceDatum": 0
    },
    "ul": {
     "value": 13500,
     "unit": 1,
     "referenceDatum": 1
    },
    "_id": "626148965e9ded571043e7d7",
    "name": "LKUO PARA ZONE",
    "type": 2,
    "icao": 7,
    "bnd": [
     [
      49.9286586,
      16.3487077
     ],
     [
      50.0285774,
      16.504002
     ]
    ]
   },
   "geometry": {
    "type": "Polygon",
    "coordinates": [
     [
      [
       16.4263889,
       50.0285774
      ],
      [
       16.4353514,
       50.0282442
      ],
      [
       16.4441941,
       50.0272491
      ],
      [
       16.4527989,
       50.0256054
      ],
      [
       16.4610508,
       50.0233351
      ],
      [
       16.4688397,
       50.0204685
      ],
      [
       16.4760615,
       50.0170439
      ],
      [
       16.48262,
       50.0131069
      ],
      [
       16.4884278,
       50.0087103
      ],
      [
       16.4934076,
       50.0039127
      ],
      [
       16.4974931,
       49.998778
      ],
      [
       16.5006302,
       49.9933749
      ],
      [
       16.5027773,
       49.9877753
      ],
      [
       16.5039061,
       49.982054
      ],
      [
       16.504002,
       49.9762871
      ],
      [
       16.5030642,
       49.9705516
      ],
      [
       16.5011053,
       49.9649237
      ],
      [
       16.4981519,
       49.9594784
      ],
      [
       16.4942436,
       49.9542882
      ],
      [
       16.4894326,
       49.9494222
      ],
      [
       16.4837834,
       49.944945
      ],
      [
       16.477371,
       49.9409162
      ],
      [
       16.4702811,
       49.9373893
      ],
      [
       16.4626079,
       49.9344112
      ],
      [
       16.4544536,
       49.9320215
      ],
      [
       16.4459264,
       49.9302519
      ],
      [
       16.4371397,
       49.929126
      ],
      [
       16.4282103,
       49.9286586
      ],
      [
       16.4192566,
       49.928856
      ],
      [
       16.4103977,
       49.9297156
      ],
      [
       16.4017512,
       49.931226
      ],
      [
       16.3934319,
       49.933367
      ],
      [
       16.3855505,
       49.9361103
      ],
      [
       16.3782116,
       49.9394194
      ],
      [
       16.3715131,
       49.9432503
      ],
      [
       16.365544,
       49.9475521
      ],
      [
       16.360384,
       49.9522677
      ],
      [
       16.3561018,
       49.9573343
      ],
      [
       16.3527548,
       49.9626844
      ],
      [
       16.3503878,
       49.968247
      ],
      [
       16.3490326,
       49.973948
      ],
      [
       16.3487077,
       49.9797114
      ],
      [
       16.3494178,
       49.9854605
      ],
      [
       16.3511537,
       49.9911186
      ],
      [
       16.3538927,
       49.9966105
      ],
      [
       16.3575985,
       50.0018627
      ],
      [
       16.3622222,
       50.0068053
      ],
      [
       16.3677022,
       50.0113723
      ],
      [
       16.3739656,
       50.0155028
      ],
      [
       16.380929,
       50.0191415
      ],
      [
       16.3884995,
       50.02224
      ],
      [
       16.3965762,
       50.0247568
      ],
      [
       16.4050512,
       50.0266583
      ],
      [
       16.4138114,
       50.027919
      ],
      [
       16.4227396,
       50.0285223
      ],
      [
       16.4263889,
       50.0285774
      ]
     ]
    ]
   }
  },
  {
   "type": "Feature",
   "properties": {
    "ll": {
     "value": 0,
     "unit": 1,
     "referenceDatum": 0
    },
    "ul": {
     "value": 4000,
     "unit": 1,
     "referenceDatum": 1
    },
    "_id": "626148961eacded7b7bb3a9d",
    "name": "LKVL ATZ 119.655",
    "type": 0,
    "icao": 6,
    "bnd": [
     [
      49.6789364,
      14.8016081
     ],
     [
      49.7788551,
      14.9561021
     ]
    ]
   },
   "geometry": {
    "type": "Polygon",
    "coordinates": [
     [
      [
       14.8788889,
       49.7788551
      ],
      [
       14.8878051,
       49.778522
      ],
      [
       14.8966022,
       49.7775269
      ],
      [
       14.9051625,
       49.7758832
      ],
      [
       14.9133719,
       49.7736129
      ],
      [
       14.9211205,
       49.7707463
      ],
      [
       14.9283052,
       49.7673217
      ],
      [
       14.9348299,
       49.7633848
      ],
      [
       14.9406077,
       49.7589882
      ],
      [
       14.9455619,
       49.7541906
      ],
      [
       14.9496264,
       49.749056
      ],
      [
       14.9527473,
       49.7436529
      ],
      [
       14.9548834,
       49.7380533
      ],
      [
       14.9560065,
       49.732332
      ],
      [
       14.9561021,
       49.7265651
      ],
      [
       14.9551691,
       49.7208296
      ],
      [
       14.9532204,
       49.7152017
      ],
      [
       14.9502823,
       49.7097564
      ],
      [
       14.9463941,
       49.7045662
      ],
      [
       14.941608,
       49.6997001
      ],
      [
       14.9359879,
       49.6952229
      ],
      [
       14.9296086,
       49.691194
      ],
      [
       14.9225552,
       49.6876671
      ],
      [
       14.9149216,
       49.684689
      ],
      [
       14.9068092,
       49.6822993
      ],
      [
       14.8983259,
       49.6805297
      ],
      [
       14.8895844,
       49.6794038
      ],
      [
       14.8807009,
       49.6789364
      ],
      [
       14.8717933,
       49.6791338
      ],
      [
       14.86298,
       49.6799934
      ],
      [
       14.8543779,
       49.6815038
      ],
      [
       14.8461015,
       49.6836448
      ],
      [
       14.8382606,
       49.6863881
      ],
      [
       14.8309596,
       49.6896973
      ],
      [
       14.8242956,
       49.6935282
      ],
      [
       14.8183573,
       49.6978301
      ],
      [
       14.8132239,
       49.7025456
      ],
      [
       14.8089638,
       49.7076122
      ],
      [
       14.8056341,
       49.7129624
      ],
      [
       14.8032794,
       49.718525
      ],
      [
       14.8019313,
       49.724226
      ],
      [
       14.8016081,
       49.7299894
      ],
      [
       14.8023146,
       49.7357385
      ],
      [
       14.8040416,
       49.7413966
      ],
      [
       14.8067665,
       49.7468884
      ],
      [
       14.8104534,
       49.7521407
      ],
      [
       14.8150532,
       49.7570832
      ],
      [
       14.820505,
       49.7616502
      ],
      [
       14.8267361,
       49.7657807
      ],
      [
       14.8336636,
       49.7694194
      ],
      [
       14.8411951,
       49.7725178
      ],
      [
       14.8492301,
       49.7750346
      ],
      [
       14.8576614,
       49.7769361
      ],
      [
       14.8663763,
       49.7781968
      ],
      [
       14.8752584,
       49.7788001
      ],
      [
       14.8788889,
       49.7788551
      ]
     ]
    ]
   }
  },
  {
   "type": "Feature",
   "properties": {
    "ll": {
     "value": 0,
     "unit": 1,
     "referenceDatum": 0
    },
    "ul": {
     "value": 4000,
     "unit": 1,
     "referenceDatum": 1
    },
    "_id": "626148971eacded7b7bb3aa7",
    "name": "LKVM ATZ 130.605",
    "type": 0,
    "icao": 6,
    "bnd": [
     [
      49.8769919,
      16.1082355
     ],
     [
      49.9769107,
      16.2633633
     ]
    ]
   },
   "geometry": {
    "type": "Polygon",
    "coordinates": [
     [
      [
       16.1858333,
       49.9769107
      ],
      [
       16.1947862,
       49.9765775
      ],
      [
       16.2036194,
       49.9755824
      ],
      [
       16.212215,
       49.9739388
      ],
      [
       16.220458,
       49.9716685
      ],
      [
       16.2282385,
       49.9688018
      ],
      [
       16.2354526,
       49.9653772
      ],
      [
       16.2420041,
       49.9614403
      ],
      [
       16.2478057,
       49.9570437
      ],
      [
       16.2527801,
       49.952246
      ],
      [
       16.2568613,
       49.9471114
      ],
      [
       16.259995,
       49.9417083
      ],
      [
       16.2621398,
       49.9361087
      ],
      [
       16.2632674,
       49.9303874
      ],
      [
       16.2633633,
       49.9246205
      ],
      [
       16.2624264,
       49.9188849
      ],
      [
       16.2604697,
       49.9132571
      ],
      [
       16.2575194,
       49.9078118
      ],
      [
       16.2536153,
       49.9026216
      ],
      [
       16.2488096,
       49.8977555
      ],
      [
       16.2431663,
       49.8932783
      ],
      [
       16.2367609,
       49.8892495
      ],
      [
       16.2296786,
       49.8857226
      ],
      [
       16.2220136,
       49.8827445
      ],
      [
       16.213868,
       49.8803548
      ],
      [
       16.2053499,
       49.8785853
      ],
      [
       16.1965727,
       49.8774593
      ],
      [
       16.1876528,
       49.8769919
      ],
      [
       16.1787087,
       49.8771894
      ],
      [
       16.1698593,
       49.878049
      ],
      [
       16.161222,
       49.8795593
      ],
      [
       16.1529116,
       49.8817004
      ],
      [
       16.1450386,
       49.8844437
      ],
      [
       16.1377077,
       49.8877527
      ],
      [
       16.1310163,
       49.8915837
      ],
      [
       16.1250536,
       49.8958855
      ],
      [
       16.1198991,
       49.9006011
      ],
      [
       16.1156216,
       49.9056676
      ],
      [
       16.1122782,
       49.9110178
      ],
      [
       16.1099137,
       49.9165804
      ],
      [
       16.10856,
       49.9222813
      ],
      [
       16.1082355,
       49.9280448
      ],
      [
       16.1089448,
       49.9337939
      ],
      [
       16.1106788,
       49.939452
      ],
      [
       16.1134149,
       49.9449438
      ],
      [
       16.1171168,
       49.9501961
      ],
      [
       16.1217355,
       49.9551387
      ],
      [
       16.1272096,
       49.9597057
      ],
      [
       16.1334663,
       49.9638361
      ],
      [
       16.1404222,
       49.9674749
      ],
      [
       16.1479847,
       49.9705733
      ],
      [
       16.1560527,
       49.9730901
      ],
      [
       16.1645186,
       49.9749916
      ],
      [
       16.1732693,
       49.9762524
      ],
      [
       16.1821879,
       49.9768556
      ],
      [
       16.1858333,
       49.9769107
      ]
     ]
    ]
   }
  },
  {
   "type": "Feature",
   "properties": {
    "ll": {
     "value": 0,
     "unit": 1,
     "referenceDatum": 0
    },
    "ul": {
     "value": 4000,
     "unit": 1,
     "referenceDatum": 1
    },
    "_id": "626148971eacded7b7bb3ab2",
    "name": "LKVP ATZ 122.190",
    "type": 0,
    "icao": 6,
    "bnd": [
     [
      50.4178253,
      16.1270736
     ],
     [
      50.517744,
      16.2839687
     ]
    ]
   },
   "geometry": {
    "type": "Polygon",
    "coordinates": [
     [
      [
       16.2055556,
       50.517744
      ],
      [
       16.2146106,
       50.5174108
      ],
      [
       16.2235446,
       50.5164158
      ],
      [
       16.2322382,
       50.514772
      ],
      [
       16.2405754,
       50.5125017
      ],
      [
       16.2484446,
       50.509635
      ],
      [
       16.2557409,
       50.5062103
      ],
      [
       16.2623671,
       50.5022734
      ],
      [
       16.2682347,
       50.4978767
      ],
      [
       16.2732657,
       50.493079
      ],
      [
       16.2773933,
       50.4879443
      ],
      [
       16.2805625,
       50.4825412
      ],
      [
       16.2827316,
       50.4769416
      ],
      [
       16.283872,
       50.4712202
      ],
      [
       16.2839687,
       50.4654533
      ],
      [
       16.283021,
       50.4597178
      ],
      [
       16.2810418,
       50.4540899
      ],
      [
       16.2780578,
       50.4486447
      ],
      [
       16.2741091,
       50.4434545
      ],
      [
       16.2692485,
       50.4385885
      ],
      [
       16.263541,
       50.4341114
      ],
      [
       16.2570625,
       50.4300826
      ],
      [
       16.2498996,
       50.4265558
      ],
      [
       16.2421474,
       50.4235778
      ],
      [
       16.2339091,
       50.4211881
      ],
      [
       16.2252941,
       50.4194186
      ],
      [
       16.216417,
       50.4182926
      ],
      [
       16.2073957,
       50.4178253
      ],
      [
       16.1983499,
       50.4180227
      ],
      [
       16.1893998,
       50.4188823
      ],
      [
       16.1806643,
       50.4203926
      ],
      [
       16.1722594,
       50.4225336
      ],
      [
       16.1642968,
       50.4252768
      ],
      [
       16.1568824,
       50.4285859
      ],
      [
       16.1501148,
       50.4324168
      ],
      [
       16.1440842,
       50.4367185
      ],
      [
       16.1388709,
       50.441434
      ],
      [
       16.1345445,
       50.4465005
      ],
      [
       16.1311628,
       50.4518507
      ],
      [
       16.1287713,
       50.4574132
      ],
      [
       16.127402,
       50.4631142
      ],
      [
       16.1270736,
       50.4688776
      ],
      [
       16.1277908,
       50.4746267
      ],
      [
       16.1295444,
       50.4802849
      ],
      [
       16.1323115,
       50.4857767
      ],
      [
       16.1360555,
       50.491029
      ],
      [
       16.1407267,
       50.4959717
      ],
      [
       16.1462631,
       50.5005387
      ],
      [
       16.1525911,
       50.5046692
      ],
      [
       16.1596263,
       50.508308
      ],
      [
       16.167275,
       50.5114066
      ],
      [
       16.1754351,
       50.5139234
      ],
      [
       16.1839976,
       50.5158249
      ],
      [
       16.1928481,
       50.5170857
      ],
      [
       16.2018685,
       50.5176889
      ],
      [
       16.2055556,
       50.517744
      ]
     ]
    ]
   }
  },
  {
   "type": "Feature",
   "properties": {
    "ll": {
     "value": 0,
     "unit": 1,
     "referenceDatum": 0
    },
    "ul": {
     "value": 4000,
     "unit": 1,
     "referenceDatum": 1
    },
    "_id": "626148975e9ded571043e7e7",
    "name": "LKVR ATZ 125.330",
    "type": 0,
    "icao": 6,
    "bnd": [
     [
      50.5742142,
      15.5676462
     ],
     [
      50.6741329,
      15.7250625
     ]
    ]
   },
   "geometry": {
    "type": "Polygon",
    "coordinates": [
     [
      [
       15.6463889,
       50.6741329
      ],
      [
       15.6554741,
       50.6737997
      ],
      [
       15.6644378,
       50.6728046
      ],
      [
       15.6731604,
       50.6711609
      ],
      [
       15.6815252,
       50.6688906
      ],
      [
       15.6894206,
       50.6660239
      ],
      [
       15.6967412,
       50.6625992
      ],
      [
       15.7033894,
       50.6586622
      ],
      [
       15.7092765,
       50.6542655
      ],
      [
       15.7143242,
       50.6494678
      ],
      [
       15.7184654,
       50.6443331
      ],
      [
       15.7216452,
       50.6389299
      ],
      [
       15.7238214,
       50.6333303
      ],
      [
       15.7249655,
       50.627609
      ],
      [
       15.7250625,
       50.6218421
      ],
      [
       15.7241116,
       50.6161065
      ],
      [
       15.7221258,
       50.6104787
      ],
      [
       15.7191318,
       50.6050335
      ],
      [
       15.71517,
       50.5998433
      ],
      [
       15.7102932,
       50.5949773
      ],
      [
       15.7045667,
       50.5905002
      ],
      [
       15.6980668,
       50.5864714
      ],
      [
       15.69088,
       50.5829446
      ],
      [
       15.6831021,
       50.5799666
      ],
      [
       15.6748364,
       50.577577
      ],
      [
       15.6661929,
       50.5758074
      ],
      [
       15.6572864,
       50.5746815
      ],
      [
       15.6482351,
       50.5742142
      ],
      [
       15.6391593,
       50.5744116
      ],
      [
       15.6301796,
       50.5752712
      ],
      [
       15.6214151,
       50.5767815
      ],
      [
       15.6129823,
       50.5789225
      ],
      [
       15.6049933,
       50.5816657
      ],
      [
       15.5975542,
       50.5849747
      ],
      [
       15.5907642,
       50.5888056
      ],
      [
       15.5847135,
       50.5931073
      ],
      [
       15.5794829,
       50.5978228
      ],
      [
       15.5751421,
       50.6028893
      ],
      [
       15.5717492,
       50.6082394
      ],
      [
       15.5693496,
       50.613802
      ],
      [
       15.5679757,
       50.6195029
      ],
      [
       15.5676462,
       50.6252663
      ],
      [
       15.5683657,
       50.6310154
      ],
      [
       15.5701251,
       50.6366736
      ],
      [
       15.5729014,
       50.6421655
      ],
      [
       15.5766577,
       50.6474178
      ],
      [
       15.5813445,
       50.6523605
      ],
      [
       15.5868993,
       50.6569275
      ],
      [
       15.5932483,
       50.6610581
      ],
      [
       15.6003069,
       50.6646969
      ],
      [
       15.607981,
       50.6677954
      ],
      [
       15.6161682,
       50.6703122
      ],
      [
       15.6247592,
       50.6722138
      ],
      [
       15.6336392,
       50.6734746
      ],
      [
       15.6426896,
       50.6740778
      ],
      [
       15.6463889,
       50.6741329
      ]
     ]
    ]
   }
  },
  {
   "type": "Feature",
   "properties": {
    "ll": {
     "value": 0,
     "unit": 1,
     "referenceDatum": 0
    },
    "ul": {
     "value": 4000,
     "unit": 1,
     "referenceDatum": 1
    },
    "_id": "626148971eacded7b7bb3ac1",
    "name": "LKVY ATZ 120.330",
    "type": 0,
    "icao": 6,
    "bnd": [
     [
      49.2503253,
      16.9486713
     ],
     [
      49.350244,
      17.1018173
     ]
    ]
   },
   "geometry": {
    "type": "Polygon",
    "coordinates": [
     [
      [
       17.0252778,
       49.350244
      ],
      [
       17.0341161,
       49.3499109
      ],
      [
       17.0428362,
       49.3489158
      ],
      [
       17.0513218,
       49.3472722
      ],
      [
       17.0594594,
       49.3450019
      ],
      [
       17.0671404,
       49.3421353
      ],
      [
       17.0742623,
       49.3387108
      ],
      [
       17.0807301,
       49.3347739
      ],
      [
       17.0864576,
       49.3303774
      ],
      [
       17.0913685,
       49.3255798
      ],
      [
       17.0953976,
       49.3204452
      ],
      [
       17.0984915,
       49.3150421
      ],
      [
       17.100609,
       49.3094426
      ],
      [
       17.1017225,
       49.3037213
      ],
      [
       17.1018173,
       49.2979544
      ],
      [
       17.1008926,
       49.2922188
      ],
      [
       17.098961,
       49.2865909
      ],
      [
       17.0960487,
       49.2811456
      ],
      [
       17.0921945,
       49.2759554
      ],
      [
       17.0874503,
       49.2710892
      ],
      [
       17.0818792,
       49.266612
      ],
      [
       17.0755556,
       49.2625831
      ],
      [
       17.0685637,
       49.2590561
      ],
      [
       17.0609966,
       49.256078
      ],
      [
       17.0529549,
       49.2536882
      ],
      [
       17.0445455,
       49.2519186
      ],
      [
       17.0358802,
       49.2507926
      ],
      [
       17.027074,
       49.2503253
      ],
      [
       17.018244,
       49.2505227
      ],
      [
       17.0095074,
       49.2513823
      ],
      [
       17.0009803,
       49.2528927
      ],
      [
       16.992776,
       49.2550338
      ],
      [
       16.9850035,
       49.2577771
      ],
      [
       16.9777661,
       49.2610863
      ],
      [
       16.9711602,
       49.2649173
      ],
      [
       16.9652737,
       49.2692192
      ],
      [
       16.9601851,
       49.2739348
      ],
      [
       16.9559623,
       49.2790014
      ],
      [
       16.9526618,
       49.2843516
      ],
      [
       16.9503277,
       49.2899143
      ],
      [
       16.9489915,
       49.2956152
      ],
      [
       16.9486713,
       49.3013787
      ],
      [
       16.9493717,
       49.3071277
      ],
      [
       16.9510838,
       49.3127859
      ],
      [
       16.9537851,
       49.3182777
      ],
      [
       16.9574399,
       49.3235299
      ],
      [
       16.9619996,
       49.3284724
      ],
      [
       16.9674039,
       49.3330393
      ],
      [
       16.9735806,
       49.3371697
      ],
      [
       16.9804477,
       49.3408084
      ],
      [
       16.9879134,
       49.3439068
      ],
      [
       16.9958782,
       49.3464235
      ],
      [
       17.0042358,
       49.348325
      ],
      [
       17.0128745,
       49.3495857
      ],
      [
       17.021679,
       49.3501889
      ],
      [
       17.0252778,
       49.350244
      ]
     ]
    ]
   }
  },
  {
   "type": "Feature",
   "properties": {
    "ll": {
     "value": 0,
     "unit": 1,
     "referenceDatum": 0
    },
    "ul": {
     "value": 4000,
     "unit": 1,
     "referenceDatum": 1
    },
    "_id": "626148975e9ded571043e7f4",
    "name": "LKZA ATZ 123.605",
    "type": 0,
    "icao": 6,
    "bnd": [
     [
      49.8783808,
      18.0007332
     ],
     [
      49.9782996,
      18.1558655
     ]
    ]
   },
   "geometry": {
    "type": "Polygon",
    "coordinates": [
     [
      [
       18.0783333,
       49.9782996
      ],
      [
       18.0872864,
       49.9779664
      ],
      [
       18.0961199,
       49.9769713
      ],
      [
       18.1047157,
       49.9753277
      ],
      [
       18.112959,
       49.9730573
      ],
      [
       18.1207397,
       49.9701907
      ],
      [
       18.1279541,
       49.9667661
      ],
      [
       18.1345057,
       49.9628292
      ],
      [
       18.1403075,
       49.9584326
      ],
      [
       18.145282,
       49.9536349
      ],
      [
       18.1493633,
       49.9485003
      ],
      [
       18.1524971,
       49.9430972
      ],
      [
       18.154642,
       49.9374976
      ],
      [
       18.1557697,
       49.9317763
      ],
      [
       18.1558655,
       49.9260094
      ],
      [
       18.1549286,
       49.9202738
      ],
      [
       18.1529718,
       49.9146459
      ],
      [
       18.1500215,
       49.9092007
      ],
      [
       18.1461173,
       49.9040105
      ],
      [
       18.1413114,
       49.8991444
      ],
      [
       18.135668,
       49.8946672
      ],
      [
       18.1292624,
       49.8906384
      ],
      [
       18.1221798,
       49.8871115
      ],
      [
       18.1145147,
       49.8841334
      ],
      [
       18.1063688,
       49.8817437
      ],
      [
       18.0978505,
       49.8799741
      ],
      [
       18.089073,
       49.8788482
      ],
      [
       18.0801528,
       49.8783808
      ],
      [
       18.0712085,
       49.8785783
      ],
      [
       18.0623588,
       49.8794379
      ],
      [
       18.0537213,
       49.8809482
      ],
      [
       18.0454107,
       49.8830893
      ],
      [
       18.0375375,
       49.8858325
      ],
      [
       18.0302063,
       49.8891416
      ],
      [
       18.0235147,
       49.8929726
      ],
      [
       18.0175519,
       49.8972744
      ],
      [
       18.0123972,
       49.90199
      ],
      [
       18.0081196,
       49.9070565
      ],
      [
       18.004776,
       49.9124067
      ],
      [
       18.0024115,
       49.9179693
      ],
      [
       18.0010578,
       49.9236702
      ],
      [
       18.0007332,
       49.9294336
      ],
      [
       18.0014425,
       49.9351827
      ],
      [
       18.0031767,
       49.9408409
      ],
      [
       18.0059128,
       49.9463327
      ],
      [
       18.0096148,
       49.951585
      ],
      [
       18.0142336,
       49.9565276
      ],
      [
       18.0197079,
       49.9610946
      ],
      [
       18.0259648,
       49.965225
      ],
      [
       18.0329209,
       49.9688638
      ],
      [
       18.0404836,
       49.9719622
      ],
      [
       18.0485518,
       49.974479
      ],
      [
       18.057018,
       49.9763805
      ],
      [
       18.0657689,
       49.9776413
      ],
      [
       18.0746878,
       49.9782445
      ],
      [
       18.0783333,
       49.9782996
      ]
     ]
    ]
   }
  },
  {
   "type": "Feature",
   "properties": {
    "ll": {
     "value": 0,
     "unit": 1,
     "referenceDatum": 0
    },
    "ul": {
     "value": 13500,
     "unit": 1,
     "referenceDatum": 1
    },
    "_id": "626148971eacded7b7bb3ace",
    "name": "LKZA PARA ZONE",
    "type": 2,
    "icao": 7,
    "bnd": [
     [
      49.8783808,
      18.0007332
     ],
     [
      49.9782996,
      18.1558655
     ]
    ]
   },
   "geometry": {
    "type": "Polygon",
    "coordinates": [
     [
      [
       18.0783333,
       49.9782996
      ],
      [
       18.0872864,
       49.9779664
      ],
      [
       18.0961199,
       49.9769713
      ],
      [
       18.1047157,
       49.9753277
      ],
      [
       18.112959,
       49.9730573
      ],
      [
       18.1207397,
       49.9701907
      ],
      [
       18.1279541,
       49.9667661
      ],
      [
       18.1345057,
       49.9628292
      ],
      [
       18.1403075,
       49.9584326
      ],
      [
       18.145282,
       49.9536349
      ],
      [
       18.1493633,
       49.9485003
      ],
      [
       18.1524971,
       49.9430972
      ],
      [
       18.154642,
       49.9374976
      ],
      [
       18.1557697,
       49.9317763
      ],
      [
       18.1558655,
       49.9260094
      ],
      [
       18.1549286,
       49.9202738
      ],
      [
       18.1529718,
       49.9146459
      ],
      [
       18.1500215,
       49.9092007
      ],
      [
       18.1461173,
       49.9040105
      ],
      [
       18.1413114,
       49.8991444
      ],
      [
       18.135668,
       49.8946672
      ],
      [
       18.1292624,
       49.8906384
      ],
      [
       18.1221798,
       49.8871115
      ],
      [
       18.1145147,
       49.8841334
      ],
      [
       18.1063688,
       49.8817437
      ],
      [
       18.0978505,
       49.8799741
      ],
      [
       18.089073,
       49.8788482
      ],
      [
       18.0801528,
       49.8783808
      ],
      [
       18.0712085,
       49.8785783
      ],
      [
       18.0623588,
       49.8794379
      ],
      [
       18.0537213,
       49.8809482
      ],
      [
       18.0454107,
       49.8830893
      ],
      [
       18.0375375,
       49.8858325
      ],
      [
       18.0302063,
       49.8891416
      ],
      [
       18.0235147,
       49.8929726
      ],
      [
       18.0175519,
       49.8972744
      ],
      [
       18.0123972,
       49.90199
      ],
      [
       18.0081196,
       49.9070565
      ],
      [
       18.004776,
       49.9124067
      ],
      [
       18.0024115,
       49.9179693
      ],
      [
       18.0010578,
       49.9236702
      ],
      [
       18.0007332,
       49.9294336
      ],
      [
       18.0014425,
       49.9351827
      ],
      [
       18.0031767,
       49.9408409
      ],
      [
       18.0059128,
       49.9463327
      ],
      [
       18.0096148,
       49.951585
      ],
      [
       18.0142336,
       49.9565276
      ],
      [
       18.0197079,
       49.9610946
      ],
      [
       18.0259648,
       49.965225
      ],
      [
       18.0329209,
       49.9688638
      ],
      [
       18.0404836,
       49.9719622
      ],
      [
       18.0485518,
       49.974479
      ],
      [
       18.057018,
       49.9763805
      ],
      [
       18.0657689,
       49.9776413
      ],
      [
       18.0746878,
       49.9782445
      ],
      [
       18.0783333,
       49.9782996
      ]
     ]
    ]
   }
  },
  {
   "type": "Feature",
   "properties": {
    "ll": {
     "value": 0,
     "unit": 1,
     "referenceDatum": 0
    },
    "ul": {
     "value": 4000,
     "unit": 1,
     "referenceDatum": 1
    },
    "_id": "626148975e9ded571043e800",
    "name": "LKZB ATZ 126.630",
    "type": 0,
    "icao": 6,
    "bnd": [
     [
      49.7642142,
      15.1242498
     ],
     [
      49.8641329,
      15.2790158
     ]
    ]
   },
   "geometry": {
    "type": "Polygon",
    "coordinates": [
     [
      [
       15.2016667,
       49.8641329
      ],
      [
       15.2105986,
       49.8637997
      ],
      [
       15.2194112,
       49.8628047
      ],
      [
       15.2279867,
       49.861161
      ],
      [
       15.2362105,
       49.8588907
      ],
      [
       15.2439728,
       49.8560241
      ],
      [
       15.2511701,
       49.8525995
      ],
      [
       15.2577063,
       49.8486626
      ],
      [
       15.2634943,
       49.844266
      ],
      [
       15.2684572,
       49.8394683
      ],
      [
       15.2725288,
       49.8343337
      ],
      [
       15.2756552,
       49.8289306
      ],
      [
       15.2777951,
       49.823331
      ],
      [
       15.2789201,
       49.8176097
      ],
      [
       15.2790158,
       49.8118428
      ],
      [
       15.2780811,
       49.8061073
      ],
      [
       15.276129,
       49.8004794
      ],
      [
       15.2731857,
       49.7950341
      ],
      [
       15.2692907,
       49.7898439
      ],
      [
       15.2644962,
       49.7849778
      ],
      [
       15.2588661,
       49.7805006
      ],
      [
       15.2524756,
       49.7764718
      ],
      [
       15.2454098,
       49.7729449
      ],
      [
       15.2377627,
       49.7699668
      ],
      [
       15.229636,
       49.7675771
      ],
      [
       15.2211378,
       49.7658075
      ],
      [
       15.212381,
       49.7646815
      ],
      [
       15.2034819,
       49.7642142
      ],
      [
       15.1945586,
       49.7644116
      ],
      [
       15.1857298,
       49.7652712
      ],
      [
       15.1771126,
       49.7667816
      ],
      [
       15.1688216,
       49.7689226
      ],
      [
       15.160967,
       49.7716659
      ],
      [
       15.1536531,
       49.774975
      ],
      [
       15.1469773,
       49.7788059
      ],
      [
       15.1410286,
       49.7831078
      ],
      [
       15.1358861,
       49.7878234
      ],
      [
       15.1316185,
       49.7928899
      ],
      [
       15.128283,
       49.7982401
      ],
      [
       15.125924,
       49.8038027
      ],
      [
       15.1245735,
       49.8095037
      ],
      [
       15.1242498,
       49.8152671
      ],
      [
       15.1249575,
       49.8210162
      ],
      [
       15.1266875,
       49.8266743
      ],
      [
       15.1294172,
       49.8321662
      ],
      [
       15.1331105,
       49.8374184
      ],
      [
       15.1377185,
       49.842361
      ],
      [
       15.1431798,
       49.846928
      ],
      [
       15.1494219,
       49.8510584
      ],
      [
       15.1563616,
       49.8546971
      ],
      [
       15.1639064,
       49.8577956
      ],
      [
       15.1719556,
       49.8603124
      ],
      [
       15.1804017,
       49.8622138
      ],
      [
       15.189132,
       49.8634746
      ],
      [
       15.1980298,
       49.8640778
      ],
      [
       15.2016667,
       49.8641329
      ]
     ]
    ]
   }
  },
  {
   "type": "Feature",
   "properties": {
    "ll": {
     "value": 0,
     "unit": 1,
     "referenceDatum": 0
    },
    "ul": {
     "value": 4000,
     "unit": 1,
     "referenceDatum": 1
    },
    "_id": "626148975e9ded571043e80b",
    "name": "LKZD ATZ 122.810",
    "type": 0,
    "icao": 6,
    "bnd": [
     [
      50.2675475,
      13.4345442
     ],
     [
      50.3674662,
      13.5909428
     ]
    ]
   },
   "geometry": {
    "type": "Polygon",
    "coordinates": [
     [
      [
       13.5127778,
       50.3674662
      ],
      [
       13.5218041,
       50.3671331
      ],
      [
       13.5307098,
       50.366138
      ],
      [
       13.5393759,
       50.3644943
      ],
      [
       13.5476866,
       50.3622239
      ],
      [
       13.5555309,
       50.3593573
      ],
      [
       13.5628041,
       50.3559326
      ],
      [
       13.5694093,
       50.3519957
      ],
      [
       13.5752584,
       50.347599
      ],
      [
       13.5802735,
       50.3428013
      ],
      [
       13.584388,
       50.3376667
      ],
      [
       13.5875473,
       50.3322635
      ],
      [
       13.5897095,
       50.3266639
      ],
      [
       13.5908463,
       50.3209426
      ],
      [
       13.5909428,
       50.3151757
      ],
      [
       13.5899981,
       50.3094401
      ],
      [
       13.5880252,
       50.3038123
      ],
      [
       13.5850507,
       50.298367
      ],
      [
       13.5811146,
       50.2931769
      ],
      [
       13.5762694,
       50.2883109
      ],
      [
       13.5705799,
       50.2838337
      ],
      [
       13.564122,
       50.2798049
      ],
      [
       13.5569817,
       50.2762781
      ],
      [
       13.549254,
       50.2733
      ],
      [
       13.5410417,
       50.2709103
      ],
      [
       13.532454,
       50.2691408
      ],
      [
       13.5236049,
       50.2680149
      ],
      [
       13.5146121,
       50.2675475
      ],
      [
       13.5055949,
       50.2677449
      ],
      [
       13.4966731,
       50.2686045
      ],
      [
       13.4879651,
       50.2701148
      ],
      [
       13.4795868,
       50.2722559
      ],
      [
       13.4716494,
       50.2749991
      ],
      [
       13.4642584,
       50.2783082
      ],
      [
       13.4575123,
       50.282139
      ],
      [
       13.4515007,
       50.2864408
      ],
      [
       13.4463039,
       50.2911564
      ],
      [
       13.4419913,
       50.2962229
      ],
      [
       13.4386204,
       50.301573
      ],
      [
       13.4362364,
       50.3071356
      ],
      [
       13.4348715,
       50.3128365
      ],
      [
       13.4345442,
       50.3185999
      ],
      [
       13.4352592,
       50.3243491
      ],
      [
       13.4370073,
       50.3300072
      ],
      [
       13.4397657,
       50.3354991
      ],
      [
       13.4434978,
       50.3407514
      ],
      [
       13.4481543,
       50.345694
      ],
      [
       13.4536732,
       50.350261
      ],
      [
       13.4599812,
       50.3543915
      ],
      [
       13.4669941,
       50.3580303
      ],
      [
       13.4746186,
       50.3611288
      ],
      [
       13.4827528,
       50.3636456
      ],
      [
       13.4912881,
       50.3655471
      ],
      [
       13.5001106,
       50.3668079
      ],
      [
       13.5091024,
       50.3674112
      ],
      [
       13.5127778,
       50.3674662
      ]
     ]
    ]
   }
  },
  {
   "type": "Feature",
   "properties": {
    "ll": {
     "value": 0,
     "unit": 1,
     "referenceDatum": 0
    },
    "ul": {
     "value": 4000,
     "unit": 1,
     "referenceDatum": 1
    },
    "_id": "626148971eacded7b7bb3ade",
    "name": "LKZL ATZ 118.755",
    "type": 13,
    "icao": 6,
    "bnd": [
     [
      49.1611105,
      17.4412346
     ],
     [
      49.2483516,
      17.5909418
     ]
    ]
   },
   "geometry": {
    "type": "Polygon",
    "coordinates": [
     [
      [
       17.5177787,
       49.2482443
      ],
      [
       17.5201794,
       49.2482197
      ],
      [
       17.5201794,
       49.2482197
      ],
      [
       17.5225786,
       49.2481457
      ],
      [
       17.5225787,
       49.2481457
      ],
      [
       17.5249731,
       49.2480226
      ],
      [
       17.5249732,
       49.2480226
      ],
      [
       17.5273605,
       49.2478504
      ],
      [
       17.5273605,
       49.2478504
      ],
      [
       17.5297384,
       49.2476292
      ],
      [
       17.5297384,
       49.2476292
      ],
      [
       17.5321045,
       49.2473594
      ],
      [
       17.5321045,
       49.2473594
      ],
      [
       17.5344563,
       49.2470411
      ],
      [
       17.5344564,
       49.2470411
      ],
      [
       17.5367917,
       49.2466747
      ],
      [
       17.5367917,
       49.2466747
      ],
      [
       17.5391082,
       49.2462606
      ],
      [
       17.5391083,
       49.2462606
      ],
      [
       17.5414037,
       49.2457991
      ],
      [
       17.5414037,
       49.2457991
      ],
      [
       17.5436757,
       49.2452907
      ],
      [
       17.5436757,
       49.2452907
      ],
      [
       17.5459221,
       49.244736
      ],
      [
       17.5459221,
       49.244736
      ],
      [
       17.5481407,
       49.2441354
      ],
      [
       17.5481407,
       49.2441354
      ],
      [
       17.5503292,
       49.2434896
      ],
      [
       17.5503292,
       49.2434896
      ],
      [
       17.5524855,
       49.2427992
      ],
      [
       17.5524855,
       49.2427991
      ],
      [
       17.5546075,
       49.2420648
      ],
      [
       17.5546075,
       49.2420648
      ],
      [
       17.556693,
       49.2412873
      ],
      [
       17.556693,
       49.2412873
      ],
      [
       17.55874,
       49.2404673
      ],
      [
       17.55874,
       49.2404673
      ],
      [
       17.5607465,
       49.2396058
      ],
      [
       17.5607465,
       49.2396058
      ],
      [
       17.5627104,
       49.2387035
      ],
      [
       17.5627104,
       49.2387035
      ],
      [
       17.5646299,
       49.2377613
      ],
      [
       17.56463,
       49.2377613
      ],
      [
       17.5665031,
       49.2367802
      ],
      [
       17.5665031,
       49.2367802
      ],
      [
       17.5683281,
       49.2357611
      ],
      [
       17.5683281,
       49.2357611
      ],
      [
       17.5701031,
       49.2347051
      ],
      [
       17.5701031,
       49.2347051
      ],
      [
       17.5718263,
       49.2336131
      ],
      [
       17.5718263,
       49.2336131
      ],
      [
       17.573496,
       49.2324864
      ],
      [
       17.5734961,
       49.2324864
      ],
      [
       17.5751107,
       49.2313259
      ],
      [
       17.5751107,
       49.2313259
      ],
      [
       17.5766687,
       49.2301328
      ],
      [
       17.5766687,
       49.2301328
      ],
      [
       17.5781684,
       49.2289084
      ],
      [
       17.5781684,
       49.2289084
      ],
      [
       17.5796084,
       49.2276538
      ],
      [
       17.5796085,
       49.2276538
      ],
      [
       17.5809873,
       49.2263702
      ],
      [
       17.5809874,
       49.2263702
      ],
      [
       17.5823038,
       49.225059
      ],
      [
       17.5823038,
       49.225059
      ],
      [
       17.5835564,
       49.2237214
      ],
      [
       17.5835564,
       49.2237214
      ],
      [
       17.584744,
       49.2223588
      ],
      [
       17.584744,
       49.2223588
      ],
      [
       17.5858654,
       49.2209724
      ],
      [
       17.5858655,
       49.2209724
      ],
      [
       17.5869196,
       49.2195638
      ],
      [
       17.5869196,
       49.2195638
      ],
      [
       17.5879054,
       49.2181342
      ],
      [
       17.5879054,
       49.2181341
      ],
      [
       17.588822,
       49.216685
      ],
      [
       17.588822,
       49.216685
      ],
      [
       17.5896683,
       49.2152178
      ],
      [
       17.5896683,
       49.2152178
      ],
      [
       17.5904436,
       49.2137339
      ],
      [
       17.5904436,
       49.2137339
      ],
      [
       17.5909418,
       49.2126902
      ],
      [
       17.5909418,
       49.2126901
      ],
      [
       17.5909418,
       49.21269
      ],
      [
       17.5909418,
       49.2126899
      ],
      [
       17.5909417,
       49.2126898
      ],
      [
       17.5909416,
       49.2126897
      ],
      [
       17.5909415,
       49.2126896
      ],
      [
       17.5909414,
       49.2126895
      ],
      [
       17.5909412,
       49.2126895
      ],
      [
       17.590941,
       49.2126895
      ],
      [
       17.5909409,
       49.2126895
      ],
      [
       17.5909407,
       49.2126895
      ],
      [
       17.5909405,
       49.2126895
      ],
      [
       17.5761112,
       49.2174993
      ],
      [
       17.4666672,
       49.1611106
      ],
      [
       17.4666671,
       49.1611106
      ],
      [
       17.4666669,
       49.1611105
      ],
      [
       17.4666667,
       49.1611105
      ],
      [
       17.4666665,
       49.1611105
      ],
      [
       17.4666664,
       49.1611106
      ],
      [
       17.4666662,
       49.1611106
      ],
      [
       17.4666661,
       49.1611107
      ],
      [
       17.4649028,
       49.1621781
      ],
      [
       17.4649027,
       49.1621781
      ],
      [
       17.4631915,
       49.1632812
      ],
      [
       17.4631915,
       49.1632812
      ],
      [
       17.461534,
       49.1644189
      ],
      [
       17.461534,
       49.1644189
      ],
      [
       17.4599319,
       49.16559
      ],
      [
       17.4599319,
       49.16559
      ],
      [
       17.4583868,
       49.1667935
      ],
      [
       17.4583868,
       49.1667935
      ],
      [
       17.4569002,
       49.168028
      ],
      [
       17.4569002,
       49.1680281
      ],
      [
       17.4554735,
       49.1692925
      ],
      [
       17.4554735,
       49.1692925
      ],
      [
       17.4541082,
       49.1705856
      ],
      [
       17.4541082,
       49.1705857
      ],
      [
       17.4528057,
       49.1719062
      ],
      [
       17.4528057,
       49.1719062
      ],
      [
       17.4515672,
       49.1732528
      ],
      [
       17.4515672,
       49.1732528
      ],
      [
       17.4503939,
       49.1746241
      ],
      [
       17.4503939,
       49.1746241
      ],
      [
       17.449287,
       49.1760189
      ],
      [
       17.449287,
       49.1760189
      ],
      [
       17.4482476,
       49.1774357
      ],
      [
       17.4482476,
       49.1774357
      ],
      [
       17.4472768,
       49.1788731
      ],
      [
       17.4472767,
       49.1788731
      ],
      [
       17.4463754,
       49.1803298
      ],
      [
       17.4463754,
       49.1803298
      ],
      [
       17.4455444,
       49.1818042
      ],
      [
       17.4455444,
       49.1818042
      ],
      [
       17.4447847,
       49.183295
      ],
      [
       17.4447847,
       49.183295
      ],
      [
       17.4440969,
       49.1848006
      ],
      [
       17.4440969,
       49.1848006
      ],
      [
       17.4434817,
       49.1863196
      ],
      [
       17.4434817,
       49.1863196
      ],
      [
       17.4429399,
       49.1878505
      ],
      [
       17.4429399,
       49.1878505
      ],
      [
       17.4424718,
       49.1893917
      ],
      [
       17.4424718,
       49.1893917
      ],
      [
       17.442078,
       49.1909418
      ],
      [
       17.442078,
       49.1909418
      ],
      [
       17.4417589,
       49.1924992
      ],
      [
       17.4417589,
       49.1924992
      ],
      [
       17.4415148,
       49.1940624
      ],
      [
       17.4415148,
       49.1940624
      ],
      [
       17.4413459,
       49.1956298
      ],
      [
       17.4413459,
       49.1956298
      ],
      [
       17.4412525,
       49.1971999
      ],
      [
       17.4412525,
       49.1971999
      ],
      [
       17.4412346,
       49.1987712
      ],
      [
       17.4412346,
       49.1987712
      ],
      [
       17.4412922,
       49.200342
      ],
      [
       17.4412922,
       49.2003421
      ],
      [
       17.4414253,
       49.2019109
      ],
      [
       17.4414253,
       49.201911
      ],
      [
       17.4416337,
       49.2034763
      ],
      [
       17.4416337,
       49.2034764
      ],
      [
       17.4419174,
       49.2050367
      ],
      [
       17.4419174,
       49.2050367
      ],
      [
       17.4422759,
       49.2065904
      ],
      [
       17.4422759,
       49.2065904
      ],
      [
       17.442709,
       49.2081361
      ],
      [
       17.442709,
       49.2081361
      ],
      [
       17.4432162,
       49.209672
      ],
      [
       17.4432162,
       49.209672
      ],
      [
       17.443797,
       49.2111968
      ],
      [
       17.443797,
       49.2111968
      ],
      [
       17.4444509,
       49.212709
      ],
      [
       17.4444509,
       49.212709
      ],
      [
       17.4451772,
       49.2142069
      ],
      [
       17.4451772,
       49.2142069
      ],
      [
       17.4459753,
       49.2156892
      ],
      [
       17.4459753,
       49.2156892
      ],
      [
       17.4468443,
       49.2171544
      ],
      [
       17.4468443,
       49.2171544
      ],
      [
       17.4477833,
       49.2186011
      ],
      [
       17.4477833,
       49.2186011
      ],
      [
       17.4487915,
       49.2200277
      ],
      [
       17.4487916,
       49.2200277
      ],
      [
       17.4498679,
       49.221433
      ],
      [
       17.449868,
       49.221433
      ],
      [
       17.4510115,
       49.2228154
      ],
      [
       17.4510115,
       49.2228154
      ],
      [
       17.4522209,
       49.2241737
      ],
      [
       17.452221,
       49.2241737
      ],
      [
       17.4534952,
       49.2255065
      ],
      [
       17.4534953,
       49.2255066
      ],
      [
       17.4548331,
       49.2268125
      ],
      [
       17.4548331,
       49.2268126
      ],
      [
       17.4562331,
       49.2280904
      ],
      [
       17.4562332,
       49.2280905
      ],
      [
       17.4576941,
       49.229339
      ],
      [
       17.4576941,
       49.229339
      ],
      [
       17.4592144,
       49.2305569
      ],
      [
       17.4592144,
       49.2305569
      ],
      [
       17.4607926,
       49.231743
      ],
      [
       17.4607926,
       49.231743
      ],
      [
       17.4624272,
       49.2328961
      ],
      [
       17.4624272,
       49.2328962
      ],
      [
       17.4641165,
       49.2340152
      ],
      [
       17.4641165,
       49.2340152
      ],
      [
       17.4658589,
       49.235099
      ],
      [
       17.4658589,
       49.235099
      ],
      [
       17.4676526,
       49.2361464
      ],
      [
       17.4676527,
       49.2361465
      ],
      [
       17.469496,
       49.2371566
      ],
      [
       17.469496,
       49.2371566
      ],
      [
       17.471387,
       49.2381284
      ],
      [
       17.4713871,
       49.2381284
      ],
      [
       17.473324,
       49.239061
      ],
      [
       17.473324,
       49.239061
      ],
      [
       17.475305,
       49.2399533
      ],
      [
       17.475305,
       49.2399533
      ],
      [
       17.4773279,
       49.2408045
      ],
      [
       17.477328,
       49.2408045
      ],
      [
       17.4793909,
       49.2416137
      ],
      [
       17.479391,
       49.2416138
      ],
      [
       17.4814919,
       49.2423803
      ],
      [
       17.481492,
       49.2423803
      ],
      [
       17.4836288,
       49.2431033
      ],
      [
       17.4836288,
       49.2431033
      ],
      [
       17.4857995,
       49.2437821
      ],
      [
       17.4857995,
       49.2437821
      ],
      [
       17.4880018,
       49.244416
      ],
      [
       17.4880018,
       49.244416
      ],
      [
       17.4902336,
       49.2450044
      ],
      [
       17.4902336,
       49.2450044
      ],
      [
       17.4924927,
       49.2455467
      ],
      [
       17.4924927,
       49.2455467
      ],
      [
       17.4947767,
       49.2460424
      ],
      [
       17.4947768,
       49.2460424
      ],
      [
       17.4970836,
       49.2464909
      ],
      [
       17.4970836,
       49.2464909
      ],
      [
       17.4994109,
       49.2468919
      ],
      [
       17.4994109,
       49.2468919
      ],
      [
       17.5017564,
       49.2472449
      ],
      [
       17.5017564,
       49.2472449
      ],
      [
       17.5041178,
       49.2475495
      ],
      [
       17.5041178,
       49.2475495
      ],
      [
       17.5064927,
       49.2478056
      ],
      [
       17.5064927,
       49.2478056
      ],
      [
       17.5088787,
       49.2480128
      ],
      [
       17.5088787,
       49.2480128
      ],
      [
       17.5112736,
       49.2481709
      ],
      [
       17.5112736,
       49.2481709
      ],
      [
       17.5136749,
       49.2482798
      ],
      [
       17.5136749,
       49.2482798
      ],
      [
       17.5160802,
       49.2483393
      ],
      [
       17.5160803,
       49.2483393
      ],
      [
       17.5177778,
       49.2483516
      ],
      [
       17.5177779,
       49.2483516
      ],
      [
       17.5177781,
       49.2483516
      ],
      [
       17.5177783,
       49.2483515
      ],
      [
       17.5177784,
       49.2483515
      ],
      [
       17.5177785,
       49.2483514
      ],
      [
       17.5177786,
       49.2483513
      ],
      [
       17.5177787,
       49.2483512
      ],
      [
       17.5177787,
       49.248351
      ],
      [
       17.5177787,
       49.2482443
      ]
     ]
    ]
   }
  },
  {
   "type": "Feature",
   "properties": {
    "ll": {
     "value": 0,
     "unit": 1,
     "referenceDatum": 0
    },
    "ul": {
     "value": 4000,
     "unit": 1,
     "referenceDatum": 1
    },
    "_id": "626148981eacded7b7bb3aec",
    "name": "LKZM ATZ 122.610",
    "type": 0,
    "icao": 6,
    "bnd": [
     [
      50.0339364,
      16.3660372
     ],
     [
      50.1338551,
      16.5216724
     ]
    ]
   },
   "geometry": {
    "type": "Polygon",
    "coordinates": [
     [
      [
       16.4438889,
       50.1338551
      ],
      [
       16.4528711,
       50.133522
      ],
      [
       16.4617332,
       50.1325269
      ],
      [
       16.4703569,
       50.1308832
      ],
      [
       16.478627,
       50.1286129
      ],
      [
       16.486433,
       50.1257462
      ],
      [
       16.4936707,
       50.1223216
      ],
      [
       16.5002436,
       50.1183847
      ],
      [
       16.5060641,
       50.113988
      ],
      [
       16.5110548,
       50.1091904
      ],
      [
       16.5151493,
       50.1040557
      ],
      [
       16.5182932,
       50.0986526
      ],
      [
       16.520445,
       50.093053
      ],
      [
       16.5215763,
       50.0873317
      ],
      [
       16.5216724,
       50.0815648
      ],
      [
       16.5207324,
       50.0758292
      ],
      [
       16.5187692,
       50.0702014
      ],
      [
       16.5158093,
       50.0647561
      ],
      [
       16.5118924,
       50.0595659
      ],
      [
       16.5070709,
       50.0546999
      ],
      [
       16.5014092,
       50.0502227
      ],
      [
       16.4949828,
       50.0461939
      ],
      [
       16.4878773,
       50.042667
      ],
      [
       16.4801873,
       50.0396889
      ],
      [
       16.4720151,
       50.0372993
      ],
      [
       16.4634692,
       50.0355297
      ],
      [
       16.4546633,
       50.0344037
      ],
      [
       16.4457143,
       50.0339364
      ],
      [
       16.436741,
       50.0341338
      ],
      [
       16.4278627,
       50.0349934
      ],
      [
       16.4191972,
       50.0365037
      ],
      [
       16.4108597,
       50.0386448
      ],
      [
       16.402961,
       50.0413881
      ],
      [
       16.3956061,
       50.0446971
      ],
      [
       16.3888928,
       50.048528
      ],
      [
       16.3829106,
       50.0528299
      ],
      [
       16.3777393,
       50.0575454
      ],
      [
       16.3734477,
       50.0626119
      ],
      [
       16.3700933,
       50.0679621
      ],
      [
       16.3677211,
       50.0735247
      ],
      [
       16.3663629,
       50.0792256
      ],
      [
       16.3660372,
       50.0849891
      ],
      [
       16.3667488,
       50.0907382
      ],
      [
       16.3684885,
       50.0963963
      ],
      [
       16.3712335,
       50.1018882
      ],
      [
       16.3749474,
       50.1071404
      ],
      [
       16.3795812,
       50.112083
      ],
      [
       16.3850732,
       50.11665
      ],
      [
       16.3913504,
       50.1207805
      ],
      [
       16.3983291,
       50.1244193
      ],
      [
       16.4059162,
       50.1275177
      ],
      [
       16.4140107,
       50.1300345
      ],
      [
       16.4225043,
       50.131936
      ],
      [
       16.4312837,
       50.1331968
      ],
      [
       16.4402315,
       50.1338001
      ],
      [
       16.4438889,
       50.1338551
      ]
     ]
    ]
   }
  },
  {
   "type": "Feature",
   "properties": {
    "ll": {
     "value": 0,
     "unit": 1,
     "referenceDatum": 0
    },
    "ul": {
     "value": 4000,
     "unit": 1,
     "referenceDatum": 1
    },
    "_id": "626148985e9ded571043e816",
    "name": "LKZN ATZ 130.590",
    "type": 0,
    "icao": 6,
    "bnd": [
     [
      48.7678253,
      15.989967
     ],
     [
      48.867744,
      16.1416335
     ]
    ]
   },
   "geometry": {
    "type": "Polygon",
    "coordinates": [
     [
      [
       16.0658333,
       48.867744
      ],
      [
       16.0745861,
       48.8674109
      ],
      [
       16.0832219,
       48.8664158
      ],
      [
       16.0916253,
       48.8647722
      ],
      [
       16.0996842,
       48.862502
      ],
      [
       16.107291,
       48.8596355
      ],
      [
       16.114344,
       48.8562109
      ],
      [
       16.1207493,
       48.8522742
      ],
      [
       16.1264214,
       48.8478776
      ],
      [
       16.131285,
       48.8430801
      ],
      [
       16.1352753,
       48.8379456
      ],
      [
       16.1383393,
       48.8325425
      ],
      [
       16.1404366,
       48.826943
      ],
      [
       16.1415394,
       48.8212217
      ],
      [
       16.1416335,
       48.8154548
      ],
      [
       16.1407179,
       48.8097192
      ],
      [
       16.1388051,
       48.8040913
      ],
      [
       16.135921,
       48.798646
      ],
      [
       16.1321042,
       48.7934557
      ],
      [
       16.1274058,
       48.7885895
      ],
      [
       16.1218886,
       48.7841122
      ],
      [
       16.115626,
       48.7800833
      ],
      [
       16.1087017,
       48.7765563
      ],
      [
       16.1012076,
       48.7735781
      ],
      [
       16.0932435,
       48.7711883
      ],
      [
       16.0849152,
       48.7694187
      ],
      [
       16.0763335,
       48.7682927
      ],
      [
       16.0676122,
       48.7678253
      ],
      [
       16.0588674,
       48.7680227
      ],
      [
       16.0502151,
       48.7688823
      ],
      [
       16.0417702,
       48.7703928
      ],
      [
       16.033645,
       48.7725339
      ],
      [
       16.0259475,
       48.7752773
      ],
      [
       16.01878,
       48.7785865
      ],
      [
       16.0122379,
       48.7824175
      ],
      [
       16.0064083,
       48.7867195
      ],
      [
       16.001369,
       48.7914351
      ],
      [
       15.997187,
       48.7965018
      ],
      [
       15.9939185,
       48.801852
      ],
      [
       15.9916071,
       48.8074147
      ],
      [
       15.9902839,
       48.8131157
      ],
      [
       15.989967,
       48.8188791
      ],
      [
       15.9906608,
       48.8246282
      ],
      [
       15.9923565,
       48.8302863
      ],
      [
       15.9950318,
       48.835778
      ],
      [
       15.9986513,
       48.8410302
      ],
      [
       16.0031671,
       48.8459727
      ],
      [
       16.0085192,
       48.8505396
      ],
      [
       16.0146363,
       48.8546699
      ],
      [
       16.0214369,
       48.8583086
      ],
      [
       16.0288305,
       48.8614069
      ],
      [
       16.0367183,
       48.8639236
      ],
      [
       16.044995,
       48.865825
      ],
      [
       16.0535501,
       48.8670857
      ],
      [
       16.0622694,
       48.8676889
      ],
      [
       16.0658333,
       48.867744
      ]
     ]
    ]
   }
  },
  {
   "type": "Feature",
   "properties": {
    "ll": {
     "value": 0,
     "unit": 1,
     "referenceDatum": 0
    },
    "ul": {
     "value": 5000,
     "unit": 1,
     "referenceDatum": 1
    },
    "_id": "626148985e9ded571043e822",
    "name": "MCTR CASLAV 134.205",
    "type": 4,
    "icao": 3,
    "bnd": [
     [
      49.7775,
      15.1408333
     ],
     [
      50.1030556,
      15.6233333
     ]
    ]
   },
   "geometry": {
    "type": "Polygon",
    "coordinates": [
     [
      [
       15.2436111,
       50.1030556
      ],
      [
       15.4072222,
       50.0563889
      ],
      [
       15.5866667,
       49.93
      ],
      [
       15.6233333,
       49.8383333
      ],
      [
       15.5205556,
       49.7775
      ],
      [
       15.3577778,
       49.8255556
      ],
      [
       15.2533333,
       49.8986111
      ],
      [
       15.2013889,
       49.935
      ],
      [
       15.195,
       50.0047222
      ],
      [
       15.1408333,
       50.0416667
      ],
      [
       15.2436111,
       50.1030556
      ]
     ]
    ]
   }
  },
  {
   "type": "Feature",
   "properties": {
    "ll": {
     "value": 0,
     "unit": 1,
     "referenceDatum": 0
    },
    "ul": {
     "value": 2000,
     "unit": 1,
     "referenceDatum": 1
    },
    "_id": "626148985e9ded571043e82f",
    "name": "MCTR KBELY 120.880",
    "type": 4,
    "icao": 3,
    "bnd": [
     [
      49.98,
      14.4305556
     ],
     [
      50.2247222,
      14.8288889
     ]
    ]
   },
   "geometry": {
    "type": "Polygon",
    "coordinates": [
     [
      [
       14.795,
       50.2247222
      ],
      [
       14.8288889,
       50.1513889
      ],
      [
       14.6244444,
       49.98
      ],
      [
       14.475,
       50.0527778
      ],
      [
       14.4305556,
       50.0744444
      ],
      [
       14.4311111,
       50.1147222
      ],
      [
       14.5619444,
       50.1544444
      ],
      [
       14.5502778,
       50.1705556
      ],
      [
       14.6411111,
       50.2011111
      ],
      [
       14.6561111,
       50.1827778
      ],
      [
       14.6880556,
       50.1925
      ],
      [
       14.795,
       50.2247222
      ]
     ]
    ]
   }
  },
  {
   "type": "Feature",
   "properties": {
    "ll": {
     "value": 0,
     "unit": 1,
     "referenceDatum": 0
    },
    "ul": {
     "value": 3000,
     "unit": 1,
     "referenceDatum": 1
    },
    "_id": "626148981eacded7b7bb3afb",
    "name": "MCTR NAMEST 126.505",
    "type": 4,
    "icao": 3,
    "bnd": [
     [
      49.0177778,
      15.8683333
     ],
     [
      49.3147222,
      16.3797222
     ]
    ]
   },
   "geometry": {
    "type": "Polygon",
    "coordinates": [
     [
      [
       15.9552778,
       49.3147222
      ],
      [
       16.1455556,
       49.2852778
      ],
      [
       16.2519444,
       49.23
      ],
      [
       16.3066667,
       49.2011111
      ],
      [
       16.3797222,
       49.0972222
      ],
      [
       16.2936111,
       49.0177778
      ],
      [
       16.1241667,
       49.05
      ],
      [
       15.9466667,
       49.1466667
      ],
      [
       15.8683333,
       49.2469444
      ],
      [
       15.9163889,
       49.2841667
      ],
      [
       15.9552778,
       49.3147222
      ]
     ]
    ]
   }
  },
  {
   "type": "Feature",
   "properties": {
    "ll": {
     "value": 0,
     "unit": 1,
     "referenceDatum": 0
    },
    "ul": {
     "value": 5000,
     "unit": 1,
     "referenceDatum": 1
    },
    "_id": "626148981eacded7b7bb3b07",
    "name": "MCTR PARDUBICE 120.155",
    "type": 4,
    "icao": 3,
    "bnd": [
     [
      49.9213889,
      15.4072222
     ],
     [
      50.1058333,
      16.0213889
     ]
    ]
   },
   "geometry": {
    "type": "Polygon",
    "coordinates": [
     [
      [
       15.8594444,
       50.1
      ],
      [
       16.0213889,
       50.0497222
      ],
      [
       16.0147222,
       49.9597222
      ],
      [
       15.8463889,
       49.9213889
      ],
      [
       15.5866667,
       49.93
      ],
      [
       15.4072222,
       50.0563889
      ],
      [
       15.6291667,
       50.1058333
      ],
      [
       15.8594444,
       50.1
      ]
     ]
    ]
   }
  },
  {
   "type": "Feature",
   "properties": {
    "ll": {
     "value": 2000,
     "unit": 1,
     "referenceDatum": 1
    },
    "ul": {
     "value": 95,
     "unit": 6,
     "referenceDatum": 2
    },
    "_id": "626148985e9ded571043e83c",
    "name": "MTMA I CASLAV 130.28",
    "type": 0,
    "icao": 3,
    "bnd": [
     [
      49.7775,
      14.9544444
     ],
     [
      50.1858333,
      15.6233333
     ]
    ]
   },
   "geometry": {
    "type": "Polygon",
    "coordinates": [
     [
      [
       14.9775,
       50.1855556
      ],
      [
       15.0566667,
       50.1858333
      ],
      [
       15.3822222,
       50.1858333
      ],
      [
       15.3811111,
       50.1519444
      ],
      [
       15.4072222,
       50.0563889
      ],
      [
       15.5866667,
       49.93
      ],
      [
       15.6233333,
       49.8383333
      ],
      [
       15.5205556,
       49.7775
      ],
      [
       15.3577778,
       49.8255556
      ],
      [
       15.2533333,
       49.8986111
      ],
      [
       15.2013889,
       49.935
      ],
      [
       15.195,
       50.0047222
      ],
      [
       14.9544444,
       49.9533333
      ],
      [
       14.9625582,
       49.9701407
      ],
      [
       14.9695804,
       49.9871519
      ],
      [
       14.9756011,
       50.0043214
      ],
      [
       14.9806105,
       50.0216248
      ],
      [
       14.9846005,
       50.0390376
      ],
      [
       14.9875643,
       50.0565347
      ],
      [
       14.9894965,
       50.0740913
      ],
      [
       14.9903932,
       50.0916822
      ],
      [
       14.990252,
       50.1092824
      ],
      [
       14.9890719,
       50.1268664
      ],
      [
       14.9868535,
       50.1444092
      ],
      [
       14.9835988,
       50.1618856
      ],
      [
       14.9793115,
       50.1792704
      ],
      [
       14.9775,
       50.1855556
      ]
     ]
    ]
   }
  },
  {
   "type": "Feature",
   "properties": {
    "ll": {
     "value": 2000,
     "unit": 1,
     "referenceDatum": 1
    },
    "ul": {
     "value": 3500,
     "unit": 1,
     "referenceDatum": 1
    },
    "_id": "626148995e9ded571043e871",
    "name": "MTMA I KBELY 124.680",
    "type": 0,
    "icao": 3,
    "bnd": [
     [
      49.98,
      14.4305556
     ],
     [
      50.2488889,
      14.8722222
     ]
    ]
   },
   "geometry": {
    "type": "Polygon",
    "coordinates": [
     [
      [
       14.7838889,
       50.2488889
      ],
      [
       14.8722222,
       50.2425
      ],
      [
       14.8288889,
       50.1513889
      ],
      [
       14.6244444,
       49.98
      ],
      [
       14.475,
       50.0527778
      ],
      [
       14.4305556,
       50.0744444
      ],
      [
       14.4311111,
       50.1147222
      ],
      [
       14.5619444,
       50.1544444
      ],
      [
       14.6880556,
       50.1925
      ],
      [
       14.6988889,
       50.2202778
      ],
      [
       14.7838889,
       50.2488889
      ]
     ]
    ]
   }
  },
  {
   "type": "Feature",
   "properties": {
    "ll": {
     "value": 3000,
     "unit": 1,
     "referenceDatum": 1
    },
    "ul": {
     "value": 95,
     "unit": 6,
     "referenceDatum": 2
    },
    "_id": "626148991eacded7b7bb3b3b",
    "name": "MTMA I NAMEST 118.155",
    "type": 0,
    "icao": 3,
    "bnd": [
     [
      48.8852778,
      15.7816667
     ],
     [
      49.3147222,
      16.6213889
     ]
    ]
   },
   "geometry": {
    "type": "Polygon",
    "coordinates": [
     [
      [
       15.9552778,
       49.3147222
      ],
      [
       16.1455556,
       49.2852778
      ],
      [
       16.2519444,
       49.23
      ],
      [
       16.3066667,
       49.2011111
      ],
      [
       16.3872222,
       49.1588889
      ],
      [
       16.6213889,
       49.0358333
      ],
      [
       16.5752778,
       49.0044444
      ],
      [
       16.4,
       48.8852778
      ],
      [
       16.2366667,
       48.965
      ],
      [
       16.1055556,
       49.0286111
      ],
      [
       15.9202778,
       49.1186111
      ],
      [
       15.7816667,
       49.1858333
      ],
      [
       15.8683333,
       49.2469444
      ],
      [
       15.9163889,
       49.2841667
      ],
      [
       15.9552778,
       49.3147222
      ]
     ]
    ]
   }
  },
  {
   "type": "Feature",
   "properties": {
    "ll": {
     "value": 2000,
     "unit": 1,
     "referenceDatum": 1
    },
    "ul": {
     "value": 95,
     "unit": 6,
     "referenceDatum": 2
    },
    "_id": "626148991eacded7b7bb3b47",
    "name": "MTMA I PARDUBICE 128.365",
    "type": 0,
    "icao": 3,
    "bnd": [
     [
      49.915,
      15.3811111
     ],
     [
      50.1519444,
      16.0808333
     ]
    ]
   },
   "geometry": {
    "type": "Polygon",
    "coordinates": [
     [
      [
       15.3811111,
       50.1519444
      ],
      [
       15.4591667,
       50.1508333
      ],
      [
       15.6419444,
       50.1483333
      ],
      [
       15.7402778,
       50.1466667
      ],
      [
       15.9680556,
       50.1375
      ],
      [
       16.0666667,
       50.1305556
      ],
      [
       16.0680556,
       50.1194444
      ],
      [
       16.0808333,
       50.0194444
      ],
      [
       16.0419444,
       49.915
      ],
      [
       15.8463889,
       49.9213889
      ],
      [
       15.5866667,
       49.93
      ],
      [
       15.4072222,
       50.0563889
      ],
      [
       15.3811111,
       50.1519444
      ]
     ]
    ]
   }
  },
  {
   "type": "Feature",
   "properties": {
    "ll": {
     "value": 2500,
     "unit": 1,
     "referenceDatum": 1
    },
    "ul": {
     "value": 95,
     "unit": 6,
     "referenceDatum": 2
    },
    "_id": "626148985e9ded571043e846",
    "name": "MTMA II CASLAV 130.28",
    "type": 0,
    "icao": 3,
    "bnd": [
     [
      49.7391667,
      14.9544444
     ],
     [
      50.0047222,
      15.5205556
     ]
    ]
   },
   "geometry": {
    "type": "Polygon",
    "coordinates": [
     [
      [
       15.195,
       50.0047222
      ],
      [
       15.2013889,
       49.935
      ],
      [
       15.2533333,
       49.8986111
      ],
      [
       15.3577778,
       49.8255556
      ],
      [
       15.5205556,
       49.7775
      ],
      [
       15.4561111,
       49.7391667
      ],
      [
       14.9544444,
       49.9533333
      ],
      [
       15.195,
       50.0047222
      ]
     ]
    ]
   }
  },
  {
   "type": "Feature",
   "properties": {
    "ll": {
     "value": 2500,
     "unit": 1,
     "referenceDatum": 1
    },
    "ul": {
     "value": 4500,
     "unit": 1,
     "referenceDatum": 1
    },
    "_id": "626148995e9ded571043e85b",
    "name": "MTMA II KBELY 124.680",
    "type": 0,
    "icao": 3,
    "bnd": [
     [
      49.8527778,
      14.6244444
     ],
     [
      50.2425,
      14.990901
     ]
    ]
   },
   "geometry": {
    "type": "Polygon",
    "coordinates": [
     [
      [
       14.8722222,
       50.2425
      ],
      [
       14.9580556,
       50.2358333
      ],
      [
       14.965715,
       50.2189262
      ],
      [
       14.9723641,
       50.2018453
      ],
      [
       14.9775,
       50.1855556
      ],
      [
       14.9825946,
       50.168258
      ],
      [
       14.9862261,
       50.1508067
      ],
      [
       14.9888225,
       50.1332798
      ],
      [
       14.9903812,
       50.1157025
      ],
      [
       14.990901,
       50.0981
      ],
      [
       14.9903824,
       50.0804975
      ],
      [
       14.9888273,
       50.0629201
      ],
      [
       14.986239,
       50.0453931
      ],
      [
       14.9826223,
       50.0279413
      ],
      [
       14.9779835,
       50.0105898
      ],
      [
       14.9723303,
       49.9933631
      ],
      [
       14.9656719,
       49.9762859
      ],
      [
       14.9580187,
       49.9593825
      ],
      [
       14.9493828,
       49.9426767
      ],
      [
       14.9397773,
       49.9261924
      ],
      [
       14.9344444,
       49.9177778
      ],
      [
       14.9236071,
       49.9016138
      ],
      [
       14.9116278,
       49.8857865
      ],
      [
       14.898736,
       49.8702611
      ],
      [
       14.8849507,
       49.8550594
      ],
      [
       14.8827778,
       49.8527778
      ],
      [
       14.8211111,
       49.8833333
      ],
      [
       14.6244444,
       49.98
      ],
      [
       14.8288889,
       50.1513889
      ],
      [
       14.8722222,
       50.2425
      ]
     ]
    ]
   }
  },
  {
   "type": "Feature",
   "properties": {
    "ll": {
     "value": 3500,
     "unit": 1,
     "referenceDatum": 1
    },
    "ul": {
     "value": 95,
     "unit": 6,
     "referenceDatum": 2
    },
    "_id": "626148995e9ded571043e867",
    "name": "MTMA II NAMEST 118.155",
    "type": 0,
    "icao": 3,
    "bnd": [
     [
      49.1858333,
      15.7069444
     ],
     [
      49.3855556,
      16.1455556
     ]
    ]
   },
   "geometry": {
    "type": "Polygon",
    "coordinates": [
     [
      [
       15.8772222,
       49.3855556
      ],
      [
       15.9816667,
       49.37
      ],
      [
       16.1455556,
       49.2852778
      ],
      [
       15.9552778,
       49.3147222
      ],
      [
       15.9163889,
       49.2841667
      ],
      [
       15.8683333,
       49.2469444
      ],
      [
       15.7816667,
       49.1858333
      ],
      [
       15.7069444,
       49.2730556
      ],
      [
       15.7775,
       49.3230556
      ],
      [
       15.8772222,
       49.3855556
      ]
     ]
    ]
   }
  },
  {
   "type": "Feature",
   "properties": {
    "ll": {
     "value": 2500,
     "unit": 1,
     "referenceDatum": 1
    },
    "ul": {
     "value": 95,
     "unit": 6,
     "referenceDatum": 2
    },
    "_id": "626148991eacded7b7bb3b2c",
    "name": "MTMA II PARDUBICE 128.365",
    "type": 0,
    "icao": 3,
    "bnd": [
     [
      49.8488889,
      15.5866667
     ],
     [
      50.1305556,
      16.3663889
     ]
    ]
   },
   "geometry": {
    "type": "Polygon",
    "coordinates": [
     [
      [
       16.0666667,
       50.1305556
      ],
      [
       16.3663889,
       50.1088889
      ],
      [
       16.3133333,
       49.8708333
      ],
      [
       15.8094444,
       49.8488889
      ],
      [
       15.5866667,
       49.93
      ],
      [
       15.8463889,
       49.9213889
      ],
      [
       16.0419444,
       49.915
      ],
      [
       16.0808333,
       50.0194444
      ],
      [
       16.0680556,
       50.1194444
      ],
      [
       16.0666667,
       50.1305556
      ]
     ]
    ]
   }
  },
  {
   "type": "Feature",
   "properties": {
    "ll": {
     "value": 3000,
     "unit": 1,
     "referenceDatum": 1
    },
    "ul": {
     "value": 95,
     "unit": 6,
     "referenceDatum": 2
    },
    "_id": "626148985e9ded571043e850",
    "name": "MTMA III CASLAV 130.28",
    "type": 0,
    "icao": 3,
    "bnd": [
     [
      49.6091667,
      14.9344444
     ],
     [
      49.9533333,
      15.8497222
     ]
    ]
   },
   "geometry": {
    "type": "Polygon",
    "coordinates": [
     [
      [
       15.4561111,
       49.7391667
      ],
      [
       15.5205556,
       49.7775
      ],
      [
       15.6233333,
       49.8383333
      ],
      [
       15.5866667,
       49.93
      ],
      [
       15.7083333,
       49.8441667
      ],
      [
       15.8497222,
       49.7691667
      ],
      [
       15.7430556,
       49.6808333
      ],
      [
       15.6572222,
       49.6091667
      ],
      [
       15.1319444,
       49.835
      ],
      [
       14.9344444,
       49.9177778
      ],
      [
       14.9445448,
       49.9341387
      ],
      [
       14.9536829,
       49.9507331
      ],
      [
       14.9544444,
       49.9533333
      ],
      [
       15.4561111,
       49.7391667
      ]
     ]
    ]
   }
  },
  {
   "type": "Feature",
   "properties": {
    "ll": {
     "value": 3000,
     "unit": 1,
     "referenceDatum": 1
    },
    "ul": {
     "value": 95,
     "unit": 6,
     "referenceDatum": 2
    },
    "_id": "626148981eacded7b7bb3b1b",
    "name": "MTMA III PARDUBICE 128.365",
    "type": 0,
    "icao": 3,
    "bnd": [
     [
      49.8441667,
      15.5866667
     ],
     [
      49.93,
      15.8094444
     ]
    ]
   },
   "geometry": {
    "type": "Polygon",
    "coordinates": [
     [
      [
       15.5866667,
       49.93
      ],
      [
       15.8094444,
       49.8488889
      ],
      [
       15.7083333,
       49.8441667
      ],
      [
       15.5866667,
       49.93
      ]
     ]
    ]
   }
  },
  {
   "type": "Feature",
   "properties": {
    "ll": {
     "value": 0,
     "unit": 1,
     "referenceDatum": 0
    },
    "ul": {
     "value": 4000,
     "unit": 1,
     "referenceDatum": 0
    },
    "_id": "626148995e9ded571043e87f",
    "name": "PG CELADNA",
    "type": 0,
    "icao": 6,
    "bnd": [
     [
      49.5353174,
      18.2880361
     ],
     [
      49.5685999,
      18.3392727
     ]
    ]
   },
   "geometry": {
    "type": "Polygon",
    "coordinates": [
     [
      [
       18.3136111,
       49.5685999
      ],
      [
       18.3187132,
       49.5682677
      ],
      [
       18.3236117,
       49.5672847
      ],
      [
       18.3281111,
       49.5656898
      ],
      [
       18.332032,
       49.5635469
      ],
      [
       18.335218,
       49.5609414
      ],
      [
       18.3375421,
       49.5579772
      ],
      [
       18.3389118,
       49.5547726
      ],
      [
       18.3392727,
       49.5514553
      ],
      [
       18.3386105,
       49.5481576
      ],
      [
       18.336952,
       49.545011
      ],
      [
       18.3343633,
       49.5421409
      ],
      [
       18.3309478,
       49.5396616
      ],
      [
       18.3268416,
       49.5376719
      ],
      [
       18.3222084,
       49.536251
      ],
      [
       18.3172328,
       49.5354557
      ],
      [
       18.312113,
       49.5353174
      ],
      [
       18.3070528,
       49.5358418
      ],
      [
       18.3022539,
       49.537008
      ],
      [
       18.2979073,
       49.5387695
      ],
      [
       18.2941862,
       49.5410561
      ],
      [
       18.2912391,
       49.5437768
      ],
      [
       18.2891834,
       49.5468231
      ],
      [
       18.2881013,
       49.5500737
      ],
      [
       18.2880361,
       49.553399
      ],
      [
       18.2889905,
       49.5566663
      ],
      [
       18.2909268,
       49.5597456
      ],
      [
       18.2937678,
       49.5625138
      ],
      [
       18.2974005,
       49.5648607
      ],
      [
       18.3016799,
       49.5666925
      ],
      [
       18.3064354,
       49.5679363
      ],
      [
       18.3114773,
       49.5685422
      ],
      [
       18.3136111,
       49.5685999
      ]
     ]
    ]
   }
  },
  {
   "type": "Feature",
   "properties": {
    "ll": {
     "value": 0,
     "unit": 1,
     "referenceDatum": 0
    },
    "ul": {
     "value": 4000,
     "unit": 1,
     "referenceDatum": 0
    },
    "_id": "626148991eacded7b7bb3b52",
    "name": "PG CERNA HORA",
    "type": 0,
    "icao": 6,
    "bnd": [
     [
      50.6328174,
      15.7135544
     ],
     [
      50.6660999,
      15.7659785
     ]
    ]
   },
   "geometry": {
    "type": "Polygon",
    "coordinates": [
     [
      [
       15.7397222,
       50.6660999
      ],
      [
       15.7449426,
       50.6657677
      ],
      [
       15.7499547,
       50.6647847
      ],
      [
       15.7545584,
       50.6631898
      ],
      [
       15.7585702,
       50.6610469
      ],
      [
       15.76183,
       50.6584413
      ],
      [
       15.7642079,
       50.6554771
      ],
      [
       15.7656093,
       50.6522725
      ],
      [
       15.7659785,
       50.6489552
      ],
      [
       15.7653009,
       50.6456575
      ],
      [
       15.7636039,
       50.6425109
      ],
      [
       15.7609552,
       50.6396408
      ],
      [
       15.7574605,
       50.6371615
      ],
      [
       15.7532592,
       50.6351718
      ],
      [
       15.7485187,
       50.633751
      ],
      [
       15.7434278,
       50.6329556
      ],
      [
       15.7381894,
       50.6328174
      ],
      [
       15.733012,
       50.6333418
      ],
      [
       15.7281019,
       50.634508
      ],
      [
       15.7236546,
       50.6362694
      ],
      [
       15.7198473,
       50.638556
      ],
      [
       15.7168319,
       50.6412767
      ],
      [
       15.7147285,
       50.644323
      ],
      [
       15.7136212,
       50.6475736
      ],
      [
       15.7135544,
       50.6508988
      ],
      [
       15.7145309,
       50.6541662
      ],
      [
       15.716512,
       50.6572455
      ],
      [
       15.7194189,
       50.6600138
      ],
      [
       15.7231357,
       50.6623606
      ],
      [
       15.7275143,
       50.6641925
      ],
      [
       15.7323801,
       50.6654362
      ],
      [
       15.7375389,
       50.6660422
      ],
      [
       15.7397222,
       50.6660999
      ]
     ]
    ]
   }
  },
  {
   "type": "Feature",
   "properties": {
    "ll": {
     "value": 0,
     "unit": 1,
     "referenceDatum": 0
    },
    "ul": {
     "value": 4000,
     "unit": 1,
     "referenceDatum": 0
    },
    "_id": "626148995e9ded571043e88f",
    "name": "PG CERTOVA HORA",
    "type": 0,
    "icao": 6,
    "bnd": [
     [
      50.7444841,
      15.4057142
     ],
     [
      50.7777665,
      15.4582633
     ]
    ]
   },
   "geometry": {
    "type": "Polygon",
    "coordinates": [
     [
      [
       15.4319444,
       50.7777665
      ],
      [
       15.4371773,
       50.7774344
      ],
      [
       15.4422013,
       50.7764513
      ],
      [
       15.4468161,
       50.7748565
      ],
      [
       15.4508374,
       50.7727135
      ],
      [
       15.454105,
       50.770108
      ],
      [
       15.4564886,
       50.7671438
      ],
      [
       15.4578933,
       50.7639391
      ],
      [
       15.4582633,
       50.7606218
      ],
      [
       15.4575841,
       50.7573242
      ],
      [
       15.455883,
       50.7541776
      ],
      [
       15.453228,
       50.7513074
      ],
      [
       15.449725,
       50.7488282
      ],
      [
       15.4455137,
       50.7468385
      ],
      [
       15.4407619,
       50.7454177
      ],
      [
       15.4356589,
       50.7446223
      ],
      [
       15.430408,
       50.7444841
      ],
      [
       15.4252183,
       50.7450085
      ],
      [
       15.4202964,
       50.7461746
      ],
      [
       15.4158385,
       50.7479361
      ],
      [
       15.4120222,
       50.7502227
      ],
      [
       15.4089995,
       50.7529434
      ],
      [
       15.4068911,
       50.7559897
      ],
      [
       15.4057812,
       50.7592402
      ],
      [
       15.4057142,
       50.7625655
      ],
      [
       15.4066931,
       50.7658329
      ],
      [
       15.4086789,
       50.7689121
      ],
      [
       15.4115927,
       50.7716804
      ],
      [
       15.4153184,
       50.7740273
      ],
      [
       15.4197074,
       50.7758592
      ],
      [
       15.4245848,
       50.7771029
      ],
      [
       15.4297559,
       50.7777089
      ],
      [
       15.4319444,
       50.7777665
      ]
     ]
    ]
   }
  },
  {
   "type": "Feature",
   "properties": {
    "ll": {
     "value": 0,
     "unit": 1,
     "referenceDatum": 0
    },
    "ul": {
     "value": 4000,
     "unit": 1,
     "referenceDatum": 0
    },
    "_id": "626148991eacded7b7bb3b5c",
    "name": "PG CESKE BUDEJOVICE",
    "type": 0,
    "icao": 6,
    "bnd": [
     [
      48.9297619,
      14.4022367
     ],
     [
      48.9630443,
      14.4528487
     ]
    ]
   },
   "geometry": {
    "type": "Polygon",
    "coordinates": [
     [
      [
       14.4275,
       48.9630443
      ],
      [
       14.4325399,
       48.9627122
      ],
      [
       14.4373786,
       48.9617291
      ],
      [
       14.4418232,
       48.9601343
      ],
      [
       14.4456962,
       48.9579914
      ],
      [
       14.4488434,
       48.9553859
      ],
      [
       14.4511392,
       48.9524217
      ],
      [
       14.4524922,
       48.9492171
      ],
      [
       14.4528487,
       48.9458998
      ],
      [
       14.4521947,
       48.9426021
      ],
      [
       14.4505564,
       48.9394555
      ],
      [
       14.4479993,
       48.9365853
      ],
      [
       14.4446254,
       48.934106
      ],
      [
       14.4405693,
       48.9321163
      ],
      [
       14.4359926,
       48.9306955
      ],
      [
       14.4310776,
       48.9299001
      ],
      [
       14.4260201,
       48.9297619
      ],
      [
       14.4210216,
       48.9302863
      ],
      [
       14.4162811,
       48.9314525
      ],
      [
       14.4119875,
       48.933214
      ],
      [
       14.4083118,
       48.9355006
      ],
      [
       14.4054006,
       48.9382213
      ],
      [
       14.4033701,
       48.9412676
      ],
      [
       14.4023012,
       48.9445182
      ],
      [
       14.4022367,
       48.9478435
      ],
      [
       14.4031796,
       48.9511108
      ],
      [
       14.4050923,
       48.9541901
      ],
      [
       14.4078987,
       48.9569583
      ],
      [
       14.4114871,
       48.9593052
      ],
      [
       14.4157143,
       48.961137
      ],
      [
       14.4204118,
       48.9623807
      ],
      [
       14.4253922,
       48.9629867
      ],
      [
       14.4275,
       48.9630443
      ]
     ]
    ]
   }
  },
  {
   "type": "Feature",
   "properties": {
    "ll": {
     "value": 0,
     "unit": 1,
     "referenceDatum": 0
    },
    "ul": {
     "value": 4000,
     "unit": 1,
     "referenceDatum": 0
    },
    "_id": "6261489a1eacded7b7bb3b67",
    "name": "PG CUKRAK",
    "type": 0,
    "icao": 6,
    "bnd": [
     [
      49.9214285,
      14.3094984
     ],
     [
      49.954711,
      14.3611444
     ]
    ]
   },
   "geometry": {
    "type": "Polygon",
    "coordinates": [
     [
      [
       14.3352778,
       49.954711
      ],
      [
       14.3404207,
       49.9543789
      ],
      [
       14.3453583,
       49.9533958
      ],
      [
       14.3498937,
       49.9518009
      ],
      [
       14.3538459,
       49.949658
      ],
      [
       14.3570573,
       49.9470525
      ],
      [
       14.3594,
       49.9440883
      ],
      [
       14.3607806,
       49.9408836
      ],
      [
       14.3611444,
       49.9375663
      ],
      [
       14.3604769,
       49.9342687
      ],
      [
       14.3588051,
       49.9311221
      ],
      [
       14.3561957,
       49.9282519
      ],
      [
       14.3527529,
       49.9257726
      ],
      [
       14.3486139,
       49.923783
      ],
      [
       14.3439437,
       49.9223621
      ],
      [
       14.3389284,
       49.9215668
      ],
      [
       14.3337677,
       49.9214285
      ],
      [
       14.3286671,
       49.9219529
      ],
      [
       14.3238298,
       49.9231191
      ],
      [
       14.3194485,
       49.9248806
      ],
      [
       14.3156977,
       49.9271672
      ],
      [
       14.312727,
       49.9298879
      ],
      [
       14.3106549,
       49.9329342
      ],
      [
       14.3095641,
       49.9361848
      ],
      [
       14.3094984,
       49.93951
      ],
      [
       14.3104604,
       49.9427774
      ],
      [
       14.3124121,
       49.9458566
      ],
      [
       14.3152759,
       49.9486249
      ],
      [
       14.3189375,
       49.9509718
      ],
      [
       14.3232512,
       49.9528036
      ],
      [
       14.3280447,
       49.9540474
      ],
      [
       14.3331269,
       49.9546534
      ],
      [
       14.3352778,
       49.954711
      ]
     ]
    ]
   }
  },
  {
   "type": "Feature",
   "properties": {
    "ll": {
     "value": 0,
     "unit": 1,
     "referenceDatum": 0
    },
    "ul": {
     "value": 4000,
     "unit": 1,
     "referenceDatum": 0
    },
    "_id": "6261489a5e9ded571043e89f",
    "name": "PG DOUBRAVA",
    "type": 0,
    "icao": 6,
    "bnd": [
     [
      49.4161508,
      13.1769871
     ],
     [
      49.4494332,
      13.2280992
     ]
    ]
   },
   "geometry": {
    "type": "Polygon",
    "coordinates": [
     [
      [
       13.2025,
       49.4494332
      ],
      [
       13.2075897,
       49.4491011
      ],
      [
       13.2124763,
       49.448118
      ],
      [
       13.2169647,
       49.4465232
      ],
      [
       13.2208761,
       49.4443803
      ],
      [
       13.2240543,
       49.4417747
      ],
      [
       13.2263728,
       49.4388105
      ],
      [
       13.2277391,
       49.4356059
      ],
      [
       13.2280992,
       49.4322886
      ],
      [
       13.2274386,
       49.428991
      ],
      [
       13.2257841,
       49.4258443
      ],
      [
       13.2232017,
       49.4229742
      ],
      [
       13.2197945,
       49.4204949
      ],
      [
       13.2156983,
       49.4185052
      ],
      [
       13.2110764,
       49.4170844
      ],
      [
       13.2061129,
       49.416289
      ],
      [
       13.2010055,
       49.4161508
      ],
      [
       13.1959577,
       49.4166752
      ],
      [
       13.1911704,
       49.4178413
      ],
      [
       13.1868343,
       49.4196028
      ],
      [
       13.1831223,
       49.4218895
      ],
      [
       13.1801824,
       49.4246101
      ],
      [
       13.1781317,
       49.4276565
      ],
      [
       13.1770522,
       49.430907
      ],
      [
       13.1769871,
       49.4342323
      ],
      [
       13.1779393,
       49.4374997
      ],
      [
       13.1798708,
       49.4405789
      ],
      [
       13.182705,
       49.4433472
      ],
      [
       13.1863288,
       49.445694
      ],
      [
       13.1905978,
       49.4475259
      ],
      [
       13.1953417,
       49.4487696
      ],
      [
       13.2003713,
       49.4493756
      ],
      [
       13.2025,
       49.4494332
      ]
     ]
    ]
   }
  },
  {
   "type": "Feature",
   "properties": {
    "ll": {
     "value": 0,
     "unit": 1,
     "referenceDatum": 0
    },
    "ul": {
     "value": 4000,
     "unit": 1,
     "referenceDatum": 0
    },
    "_id": "6261489a5e9ded571043e8ab",
    "name": "PG JAVOROVY VRCH",
    "type": 0,
    "icao": 6,
    "bnd": [
     [
      49.6122619,
      18.6016068
     ],
     [
      49.6455443,
      18.6529243
     ]
    ]
   },
   "geometry": {
    "type": "Polygon",
    "coordinates": [
     [
      [
       18.6272222,
       49.6455443
      ],
      [
       18.6323324,
       49.6452122
      ],
      [
       18.6372386,
       49.6442291
      ],
      [
       18.6417451,
       49.6426343
      ],
      [
       18.6456722,
       49.6404914
      ],
      [
       18.6488632,
       49.6378858
      ],
      [
       18.651191,
       49.6349216
      ],
      [
       18.6525628,
       49.631717
      ],
      [
       18.6529243,
       49.6283997
      ],
      [
       18.6522611,
       49.625102
      ],
      [
       18.6505999,
       49.6219554
      ],
      [
       18.6480071,
       49.6190853
      ],
      [
       18.6445862,
       49.616606
      ],
      [
       18.6404736,
       49.6146163
      ],
      [
       18.6358331,
       49.6131955
      ],
      [
       18.6308497,
       49.6124001
      ],
      [
       18.6257217,
       49.6122619
      ],
      [
       18.6206536,
       49.6127863
      ],
      [
       18.6158471,
       49.6139524
      ],
      [
       18.6114936,
       49.6157139
      ],
      [
       18.6077667,
       49.6180006
      ],
      [
       18.6048149,
       49.6207212
      ],
      [
       18.602756,
       49.6237676
      ],
      [
       18.6016721,
       49.6270181
      ],
      [
       18.6016068,
       49.6303434
      ],
      [
       18.6025627,
       49.6336108
      ],
      [
       18.6045021,
       49.63669
      ],
      [
       18.6073476,
       49.6394583
      ],
      [
       18.610986,
       49.6418051
      ],
      [
       18.6152722,
       49.643637
      ],
      [
       18.6200352,
       49.6448807
      ],
      [
       18.625085,
       49.6454867
      ],
      [
       18.6272222,
       49.6455443
      ]
     ]
    ]
   }
  },
  {
   "type": "Feature",
   "properties": {
    "ll": {
     "value": 0,
     "unit": 1,
     "referenceDatum": 0
    },
    "ul": {
     "value": 4000,
     "unit": 1,
     "referenceDatum": 0
    },
    "_id": "6261489a5e9ded571043e8b6",
    "name": "PG JESTED",
    "type": 0,
    "icao": 6,
    "bnd": [
     [
      50.7119841,
      14.9690658
     ],
     [
      50.7452665,
      15.0215784
     ]
    ]
   },
   "geometry": {
    "type": "Polygon",
    "coordinates": [
     [
      [
       14.9952778,
       50.7452665
      ],
      [
       15.000507,
       50.7449344
      ],
      [
       15.0055276,
       50.7439513
      ],
      [
       15.0101391,
       50.7423565
      ],
      [
       15.0141576,
       50.7402135
      ],
      [
       15.0174229,
       50.737608
      ],
      [
       15.0198048,
       50.7346438
      ],
      [
       15.0212086,
       50.7314391
      ],
      [
       15.0215784,
       50.7281218
      ],
      [
       15.0208997,
       50.7248242
      ],
      [
       15.0191998,
       50.7216776
      ],
      [
       15.0165466,
       50.7188074
      ],
      [
       15.013046,
       50.7163282
      ],
      [
       15.0088376,
       50.7143385
      ],
      [
       15.0040891,
       50.7129177
      ],
      [
       14.9989896,
       50.7121223
      ],
      [
       14.9937424,
       50.7119841
      ],
      [
       14.9885563,
       50.7125085
      ],
      [
       14.9836378,
       50.7136746
      ],
      [
       14.979183,
       50.7154361
      ],
      [
       14.9753693,
       50.7177227
      ],
      [
       14.9723488,
       50.7204434
      ],
      [
       14.9702419,
       50.7234897
      ],
      [
       14.9691327,
       50.7267402
      ],
      [
       14.9690658,
       50.7300655
      ],
      [
       14.9700439,
       50.7333329
      ],
      [
       14.9720284,
       50.7364121
      ],
      [
       14.9749401,
       50.7391804
      ],
      [
       14.9786632,
       50.7415273
      ],
      [
       14.9830493,
       50.7433592
      ],
      [
       14.9879233,
       50.7446029
      ],
      [
       14.9930907,
       50.7452089
      ],
      [
       14.9952778,
       50.7452665
      ]
     ]
    ]
   }
  },
  {
   "type": "Feature",
   "properties": {
    "ll": {
     "value": 0,
     "unit": 1,
     "referenceDatum": 0
    },
    "ul": {
     "value": 4000,
     "unit": 1,
     "referenceDatum": 0
    },
    "_id": "6261489a1eacded7b7bb3b77",
    "name": "PG KALOVY",
    "type": 0,
    "icao": 6,
    "bnd": [
     [
      49.2161508,
      13.5204239
     ],
     [
      49.2494332,
      13.5713287
     ]
    ]
   },
   "geometry": {
    "type": "Polygon",
    "coordinates": [
     [
      [
       13.5458333,
       49.2494332
      ],
      [
       13.5509024,
       49.2491011
      ],
      [
       13.5557691,
       49.248118
      ],
      [
       13.5602394,
       49.2465232
      ],
      [
       13.5641349,
       49.2443803
      ],
      [
       13.5673002,
       49.2417747
      ],
      [
       13.5696093,
       49.2388106
      ],
      [
       13.5709701,
       49.2356059
      ],
      [
       13.5713287,
       49.2322886
      ],
      [
       13.5706709,
       49.228991
      ],
      [
       13.5690231,
       49.2258444
      ],
      [
       13.5664511,
       49.2229742
      ],
      [
       13.5630577,
       49.2204949
      ],
      [
       13.5589782,
       49.2185052
      ],
      [
       13.554375,
       49.2170844
      ],
      [
       13.5494316,
       49.216289
      ],
      [
       13.5443449,
       49.2161508
      ],
      [
       13.5393175,
       49.2166752
      ],
      [
       13.5345496,
       49.2178413
      ],
      [
       13.5302311,
       49.2196028
      ],
      [
       13.5265342,
       49.2218895
      ],
      [
       13.5236062,
       49.2246101
      ],
      [
       13.5215638,
       49.2276565
      ],
      [
       13.5204887,
       49.2309071
      ],
      [
       13.5204239,
       49.2342323
      ],
      [
       13.5213722,
       49.2374997
      ],
      [
       13.5232959,
       49.2405789
      ],
      [
       13.5261186,
       49.2433472
      ],
      [
       13.5297277,
       49.245694
      ],
      [
       13.5339794,
       49.2475259
      ],
      [
       13.5387041,
       49.2487696
      ],
      [
       13.5437133,
       49.2493756
      ],
      [
       13.5458333,
       49.2494332
      ]
     ]
    ]
   }
  },
  {
   "type": "Feature",
   "properties": {
    "ll": {
     "value": 0,
     "unit": 1,
     "referenceDatum": 0
    },
    "ul": {
     "value": 4000,
     "unit": 1,
     "referenceDatum": 0
    },
    "_id": "6261489a5e9ded571043e8c2",
    "name": "PG KAMENEC",
    "type": 0,
    "icao": 6,
    "bnd": [
     [
      50.0625396,
      17.1122003
     ],
     [
      50.0958221,
      17.1639982
     ]
    ]
   },
   "geometry": {
    "type": "Polygon",
    "coordinates": [
     [
      [
       17.1380556,
       50.0958221
      ],
      [
       17.1432136,
       50.09549
      ],
      [
       17.1481658,
       50.0945069
      ],
      [
       17.1527145,
       50.0929121
      ],
      [
       17.1566783,
       50.0907691
      ],
      [
       17.1598992,
       50.0881636
      ],
      [
       17.1622487,
       50.0851994
      ],
      [
       17.1636334,
       50.0819947
      ],
      [
       17.1639982,
       50.0786774
      ],
      [
       17.1633288,
       50.0753798
      ],
      [
       17.161652,
       50.0722332
      ],
      [
       17.159035,
       50.069363
      ],
      [
       17.155582,
       50.0668837
      ],
      [
       17.1514309,
       50.0648941
      ],
      [
       17.146747,
       50.0634732
      ],
      [
       17.1417169,
       50.0626779
      ],
      [
       17.136541,
       50.0625396
      ],
      [
       17.1314255,
       50.0630641
      ],
      [
       17.126574,
       50.0642302
      ],
      [
       17.1221798,
       50.0659917
      ],
      [
       17.118418,
       50.0682783
      ],
      [
       17.1154385,
       50.070999
      ],
      [
       17.1133603,
       50.0740453
      ],
      [
       17.1122663,
       50.0772959
      ],
      [
       17.1122003,
       50.0806211
      ],
      [
       17.1131652,
       50.0838885
      ],
      [
       17.1151227,
       50.0869677
      ],
      [
       17.1179948,
       50.089736
      ],
      [
       17.1216673,
       50.0920829
      ],
      [
       17.1259936,
       50.0939147
      ],
      [
       17.1308012,
       50.0951585
      ],
      [
       17.1358983,
       50.0957645
      ],
      [
       17.1380556,
       50.0958221
      ]
     ]
    ]
   }
  },
  {
   "type": "Feature",
   "properties": {
    "ll": {
     "value": 0,
     "unit": 1,
     "referenceDatum": 0
    },
    "ul": {
     "value": 4000,
     "unit": 1,
     "referenceDatum": 0
    },
    "_id": "6261489a1eacded7b7bb3b87",
    "name": "PG KLINOVEC",
    "type": 0,
    "icao": 6,
    "bnd": [
     [
      50.380873,
      12.9428604
     ],
     [
      50.4141554,
      12.9950054
     ]
    ]
   },
   "geometry": {
    "type": "Polygon",
    "coordinates": [
     [
      [
       12.9688889,
       50.4141554
      ],
      [
       12.9740815,
       50.4138233
      ],
      [
       12.9790669,
       50.4128402
      ],
      [
       12.9836461,
       50.4112454
      ],
      [
       12.9876365,
       50.4091024
      ],
      [
       12.9908789,
       50.4064969
      ],
      [
       12.9932442,
       50.4035327
      ],
      [
       12.9946381,
       50.400328
      ],
      [
       12.9950054,
       50.3970107
      ],
      [
       12.9943314,
       50.3937131
      ],
      [
       12.9926434,
       50.3905665
      ],
      [
       12.9900088,
       50.3876964
      ],
      [
       12.9865327,
       50.3852171
      ],
      [
       12.9823538,
       50.3832274
      ],
      [
       12.9776385,
       50.3818066
      ],
      [
       12.9725748,
       50.3810112
      ],
      [
       12.9673642,
       50.380873
      ],
      [
       12.9622144,
       50.3813974
      ],
      [
       12.9573304,
       50.3825635
      ],
      [
       12.9529068,
       50.384325
      ],
      [
       12.9491198,
       50.3866116
      ],
      [
       12.9461204,
       50.3893323
      ],
      [
       12.9440282,
       50.3923786
      ],
      [
       12.9429269,
       50.3956292
      ],
      [
       12.9428604,
       50.3989544
      ],
      [
       12.9438317,
       50.4022218
      ],
      [
       12.9458023,
       50.4053011
      ],
      [
       12.9486937,
       50.4080693
      ],
      [
       12.9523907,
       50.4104162
      ],
      [
       12.956746,
       50.4122481
      ],
      [
       12.9615859,
       50.4134918
      ],
      [
       12.9667172,
       50.4140978
      ],
      [
       12.9688889,
       50.4141554
      ]
     ]
    ]
   }
  },
  {
   "type": "Feature",
   "properties": {
    "ll": {
     "value": 0,
     "unit": 1,
     "referenceDatum": 0
    },
    "ul": {
     "value": 4000,
     "unit": 1,
     "referenceDatum": 0
    },
    "_id": "6261489b5e9ded571043e8d6",
    "name": "PG KOZAKOV",
    "type": 0,
    "icao": 6,
    "bnd": [
     [
      50.5764285,
      15.2371969
     ],
     [
      50.609711,
      15.2895581
     ]
    ]
   },
   "geometry": {
    "type": "Polygon",
    "coordinates": [
     [
      [
       15.2633333,
       50.609711
      ],
      [
       15.2685475,
       50.6093789
      ],
      [
       15.2735535,
       50.6083958
      ],
      [
       15.2781518,
       50.6068009
      ],
      [
       15.2821587,
       50.604658
      ],
      [
       15.2854146,
       50.6020524
      ],
      [
       15.2877897,
       50.5990882
      ],
      [
       15.2891894,
       50.5958836
      ],
      [
       15.2895581,
       50.5925663
      ],
      [
       15.2888814,
       50.5892686
      ],
      [
       15.2871864,
       50.586122
      ],
      [
       15.2845408,
       50.5832519
      ],
      [
       15.2810503,
       50.5807726
      ],
      [
       15.2768541,
       50.5787829
      ],
      [
       15.2721192,
       50.5773621
      ],
      [
       15.2670345,
       50.5765668
      ],
      [
       15.2618024,
       50.5764285
      ],
      [
       15.2566312,
       50.5769529
      ],
      [
       15.2517269,
       50.5781191
      ],
      [
       15.247285,
       50.5798806
      ],
      [
       15.2434823,
       50.5821672
      ],
      [
       15.2404704,
       50.5848878
      ],
      [
       15.2383696,
       50.5879341
      ],
      [
       15.2372636,
       50.5911847
      ],
      [
       15.2371969,
       50.59451
      ],
      [
       15.2381722,
       50.5977774
      ],
      [
       15.2401509,
       50.6008566
      ],
      [
       15.2430543,
       50.6036249
      ],
      [
       15.2467667,
       50.6059718
      ],
      [
       15.2511401,
       50.6078036
      ],
      [
       15.256,
       50.6090474
      ],
      [
       15.2611526,
       50.6096534
      ],
      [
       15.2633333,
       50.609711
      ]
     ]
    ]
   }
  },
  {
   "type": "Feature",
   "properties": {
    "ll": {
     "value": 0,
     "unit": 1,
     "referenceDatum": 0
    },
    "ul": {
     "value": 4000,
     "unit": 1,
     "referenceDatum": 0
    },
    "_id": "6261489a1eacded7b7bb3b93",
    "name": "PG KRUPKA",
    "type": 0,
    "icao": 6,
    "bnd": [
     [
      50.6797619,
      13.8507505
     ],
     [
      50.7130443,
      13.903227
     ]
    ]
   },
   "geometry": {
    "type": "Polygon",
    "coordinates": [
     [
      [
       13.8769444,
       50.7130443
      ],
      [
       13.8821701,
       50.7127122
      ],
      [
       13.8871872,
       50.7117291
      ],
      [
       13.8917955,
       50.7101343
      ],
      [
       13.8958113,
       50.7079913
      ],
      [
       13.8990744,
       50.7053858
      ],
      [
       13.9014547,
       50.7024215
      ],
      [
       13.9028574,
       50.6992169
      ],
      [
       13.903227,
       50.6958996
      ],
      [
       13.9025488,
       50.6926019
      ],
      [
       13.90085,
       50.6894553
      ],
      [
       13.8981986,
       50.6865852
      ],
      [
       13.8947004,
       50.6841059
      ],
      [
       13.8904949,
       50.6821163
      ],
      [
       13.8857497,
       50.6806955
      ],
      [
       13.8806538,
       50.6799001
      ],
      [
       13.8754101,
       50.6797619
      ],
      [
       13.8702275,
       50.6802863
      ],
      [
       13.8653125,
       50.6814524
      ],
      [
       13.8608608,
       50.6832139
      ],
      [
       13.8570497,
       50.6855005
      ],
      [
       13.8540312,
       50.6882211
      ],
      [
       13.8519257,
       50.6912675
      ],
      [
       13.8508173,
       50.694518
      ],
      [
       13.8507505,
       50.6978433
      ],
      [
       13.8517279,
       50.7011107
      ],
      [
       13.853711,
       50.7041899
      ],
      [
       13.8566208,
       50.7069582
      ],
      [
       13.8603413,
       50.7093051
      ],
      [
       13.8647243,
       50.7111369
      ],
      [
       13.869595,
       50.7123807
      ],
      [
       13.8747589,
       50.7129867
      ],
      [
       13.8769444,
       50.7130443
      ]
     ]
    ]
   }
  },
  {
   "type": "Feature",
   "properties": {
    "ll": {
     "value": 0,
     "unit": 1,
     "referenceDatum": 0
    },
    "ul": {
     "value": 4000,
     "unit": 1,
     "referenceDatum": 0
    },
    "_id": "6261489b1eacded7b7bb3b9d",
    "name": "PG LYSA HORA",
    "type": 0,
    "icao": 6,
    "bnd": [
     [
      50.7344841,
      15.4684976
     ],
     [
      50.7677665,
      15.5210355
     ]
    ]
   },
   "geometry": {
    "type": "Polygon",
    "coordinates": [
     [
      [
       15.4947222,
       50.7677665
      ],
      [
       15.499954,
       50.7674344
      ],
      [
       15.5049769,
       50.7664513
      ],
      [
       15.5095907,
       50.7648565
      ],
      [
       15.5136111,
       50.7627135
      ],
      [
       15.516878,
       50.760108
      ],
      [
       15.5192611,
       50.7571438
      ],
      [
       15.5206655,
       50.7539391
      ],
      [
       15.5210355,
       50.7506218
      ],
      [
       15.5203564,
       50.7473242
      ],
      [
       15.5186557,
       50.7441776
      ],
      [
       15.5160012,
       50.7413074
      ],
      [
       15.512499,
       50.7388282
      ],
      [
       15.5082885,
       50.7368385
      ],
      [
       15.5035377,
       50.7354177
      ],
      [
       15.4984359,
       50.7346223
      ],
      [
       15.4931861,
       50.7344841
      ],
      [
       15.4879975,
       50.7350085
      ],
      [
       15.4830767,
       50.7361746
      ],
      [
       15.4786197,
       50.7379361
      ],
      [
       15.4748042,
       50.7402227
      ],
      [
       15.4717822,
       50.7429434
      ],
      [
       15.4696743,
       50.7459897
      ],
      [
       15.4685646,
       50.7492402
      ],
      [
       15.4684976,
       50.7525655
      ],
      [
       15.4694762,
       50.7558329
      ],
      [
       15.4714616,
       50.7589121
      ],
      [
       15.4743748,
       50.7616804
      ],
      [
       15.4780997,
       50.7640273
      ],
      [
       15.4824878,
       50.7658592
      ],
      [
       15.4873642,
       50.7671029
      ],
      [
       15.4925341,
       50.7677089
      ],
      [
       15.4947222,
       50.7677665
      ]
     ]
    ]
   }
  },
  {
   "type": "Feature",
   "properties": {
    "ll": {
     "value": 0,
     "unit": 1,
     "referenceDatum": 0
    },
    "ul": {
     "value": 4000,
     "unit": 1,
     "referenceDatum": 0
    },
    "_id": "6261489b5e9ded571043e8d8",
    "name": "PG MEDVEDIN",
    "type": 0,
    "icao": 6,
    "bnd": [
     [
      50.7242063,
      15.5568367
     ],
     [
      50.7574887,
      15.609363
     ]
    ]
   },
   "geometry": {
    "type": "Polygon",
    "coordinates": [
     [
      [
       15.5830556,
       50.7574887
      ],
      [
       15.5882862,
       50.7571566
      ],
      [
       15.593308,
       50.7561735
      ],
      [
       15.5979207,
       50.7545787
      ],
      [
       15.6019403,
       50.7524357
      ],
      [
       15.6052065,
       50.7498302
      ],
      [
       15.607589,
       50.746866
      ],
      [
       15.6089931,
       50.7436613
      ],
      [
       15.609363,
       50.740344
      ],
      [
       15.6086842,
       50.7370464
      ],
      [
       15.6069838,
       50.7338998
      ],
      [
       15.6043299,
       50.7310297
      ],
      [
       15.6008284,
       50.7285504
      ],
      [
       15.5966189,
       50.7265607
      ],
      [
       15.5918691,
       50.7251399
      ],
      [
       15.5867684,
       50.7243445
      ],
      [
       15.5815198,
       50.7242063
      ],
      [
       15.5763323,
       50.7247307
      ],
      [
       15.5714126,
       50.7258969
      ],
      [
       15.5669566,
       50.7276583
      ],
      [
       15.5631419,
       50.7299449
      ],
      [
       15.5601206,
       50.7326656
      ],
      [
       15.5580131,
       50.7357119
      ],
      [
       15.5569037,
       50.7389625
      ],
      [
       15.5568367,
       50.7422877
      ],
      [
       15.5578151,
       50.7455551
      ],
      [
       15.5598001,
       50.7486344
      ],
      [
       15.5627126,
       50.7514026
      ],
      [
       15.5664367,
       50.7537495
      ],
      [
       15.5708239,
       50.7555814
      ],
      [
       15.5756991,
       50.7568251
      ],
      [
       15.580868,
       50.7574311
      ],
      [
       15.5830556,
       50.7574887
      ]
     ]
    ]
   }
  },
  {
   "type": "Feature",
   "properties": {
    "ll": {
     "value": 0,
     "unit": 1,
     "referenceDatum": 0
    },
    "ul": {
     "value": 4000,
     "unit": 1,
     "referenceDatum": 0
    },
    "_id": "6261489b5e9ded571043e8da",
    "name": "PG MRAVENECNIK",
    "type": 0,
    "icao": 6,
    "bnd": [
     [
      50.0547619,
      17.1197045
     ],
     [
      50.0880443,
      17.171494
     ]
    ]
   },
   "geometry": {
    "type": "Polygon",
    "coordinates": [
     [
      [
       17.1455556,
       50.0880443
      ],
      [
       17.1507127,
       50.0877122
      ],
      [
       17.1556641,
       50.0867291
      ],
      [
       17.1602121,
       50.0851343
      ],
      [
       17.1641753,
       50.0829913
      ],
      [
       17.1673956,
       50.0803858
      ],
      [
       17.1697448,
       50.0774216
      ],
      [
       17.1711293,
       50.074217
      ],
      [
       17.171494,
       50.0708997
      ],
      [
       17.1708247,
       50.067602
      ],
      [
       17.1691482,
       50.0644554
      ],
      [
       17.1665316,
       50.0615853
      ],
      [
       17.1630792,
       50.059106
      ],
      [
       17.1589287,
       50.0571163
      ],
      [
       17.1542456,
       50.0556955
      ],
      [
       17.1492163,
       50.0549001
      ],
      [
       17.1440413,
       50.0547619
      ],
      [
       17.1389265,
       50.0552863
      ],
      [
       17.1340758,
       50.0564524
      ],
      [
       17.1296823,
       50.0582139
      ],
      [
       17.1259212,
       50.0605005
      ],
      [
       17.1229422,
       50.0632212
      ],
      [
       17.1208643,
       50.0662675
      ],
      [
       17.1197705,
       50.0695181
      ],
      [
       17.1197045,
       50.0728434
      ],
      [
       17.1206692,
       50.0761107
      ],
      [
       17.1226264,
       50.07919
      ],
      [
       17.1254981,
       50.0819582
      ],
      [
       17.1291699,
       50.0843051
      ],
      [
       17.1334955,
       50.086137
      ],
      [
       17.1383024,
       50.0873807
      ],
      [
       17.1433987,
       50.0879867
      ],
      [
       17.1455556,
       50.0880443
      ]
     ]
    ]
   }
  },
  {
   "type": "Feature",
   "properties": {
    "ll": {
     "value": 0,
     "unit": 1,
     "referenceDatum": 0
    },
    "ul": {
     "value": 4000,
     "unit": 1,
     "referenceDatum": 0
    },
    "_id": "6261489b5e9ded571043e8ea",
    "name": "PG ONDREJNIK SKALKA",
    "type": 0,
    "icao": 6,
    "bnd": [
     [
      49.5375396,
      18.2735905
     ],
     [
      49.5708221,
      18.3248294
     ]
    ]
   },
   "geometry": {
    "type": "Polygon",
    "coordinates": [
     [
      [
       18.2991667,
       49.5708221
      ],
      [
       18.304269,
       49.57049
      ],
      [
       18.3091677,
       49.5695069
      ],
      [
       18.3136673,
       49.5679121
      ],
      [
       18.3175884,
       49.5657691
      ],
      [
       18.3207745,
       49.5631636
      ],
      [
       18.3230987,
       49.5601994
      ],
      [
       18.3244685,
       49.5569948
      ],
      [
       18.3248294,
       49.5536775
      ],
      [
       18.3241672,
       49.5503798
      ],
      [
       18.3225086,
       49.5472332
      ],
      [
       18.3199198,
       49.5443631
      ],
      [
       18.3165041,
       49.5418838
      ],
      [
       18.3123977,
       49.5398941
      ],
      [
       18.3077644,
       49.5384732
      ],
      [
       18.3027885,
       49.5376779
      ],
      [
       18.2976685,
       49.5375396
      ],
      [
       18.2926081,
       49.5380641
      ],
      [
       18.2878089,
       49.5392302
      ],
      [
       18.2834621,
       49.5409917
      ],
      [
       18.2797409,
       49.5432783
      ],
      [
       18.2767936,
       49.545999
      ],
      [
       18.2747379,
       49.5490453
      ],
      [
       18.2736557,
       49.5522959
      ],
      [
       18.2735905,
       49.5556212
      ],
      [
       18.2745449,
       49.5588886
      ],
      [
       18.2764813,
       49.5619678
      ],
      [
       18.2793225,
       49.564736
      ],
      [
       18.2829553,
       49.5670829
      ],
      [
       18.2872349,
       49.5689147
      ],
      [
       18.2919906,
       49.5701585
      ],
      [
       18.2970327,
       49.5707645
      ],
      [
       18.2991667,
       49.5708221
      ]
     ]
    ]
   }
  },
  {
   "type": "Feature",
   "properties": {
    "ll": {
     "value": 0,
     "unit": 1,
     "referenceDatum": 0
    },
    "ul": {
     "value": 4000,
     "unit": 1,
     "referenceDatum": 0
    },
    "_id": "6261489b5e9ded571043e8fe",
    "name": "PG PANENSKY TYNEC",
    "type": 0,
    "icao": 6,
    "bnd": [
     [
      50.2897619,
      13.9081881
     ],
     [
      50.3230443,
      13.9602331
     ]
    ]
   },
   "geometry": {
    "type": "Polygon",
    "coordinates": [
     [
      [
       13.9341667,
       50.3230443
      ],
      [
       13.9393493,
       50.3227122
      ],
      [
       13.9443251,
       50.3217291
      ],
      [
       13.9488956,
       50.3201343
      ],
      [
       13.9528783,
       50.3179913
      ],
      [
       13.9561145,
       50.3153858
      ],
      [
       13.9584753,
       50.3124216
      ],
      [
       13.9598665,
       50.3092169
      ],
      [
       13.9602331,
       50.3058996
      ],
      [
       13.9595604,
       50.302602
      ],
      [
       13.9578757,
       50.2994554
      ],
      [
       13.9552461,
       50.2965853
      ],
      [
       13.9517767,
       50.294106
      ],
      [
       13.9476058,
       50.2921163
      ],
      [
       13.9428995,
       50.2906955
      ],
      [
       13.9378455,
       50.2899001
      ],
      [
       13.9326449,
       50.2897619
      ],
      [
       13.927505,
       50.2902863
      ],
      [
       13.9226303,
       50.2914524
      ],
      [
       13.9182152,
       50.2932139
      ],
      [
       13.9144354,
       50.2955005
      ],
      [
       13.9114418,
       50.2982212
      ],
      [
       13.9093537,
       50.3012675
      ],
      [
       13.9082544,
       50.3045181
      ],
      [
       13.9081881,
       50.3078433
      ],
      [
       13.9091576,
       50.3111107
      ],
      [
       13.9111243,
       50.31419
      ],
      [
       13.9140102,
       50.3169582
      ],
      [
       13.9177002,
       50.3193051
      ],
      [
       13.9220471,
       50.321137
      ],
      [
       13.9268777,
       50.3223807
      ],
      [
       13.9319991,
       50.3229867
      ],
      [
       13.9341667,
       50.3230443
      ]
     ]
    ]
   }
  },
  {
   "type": "Feature",
   "properties": {
    "ll": {
     "value": 0,
     "unit": 1,
     "referenceDatum": 0
    },
    "ul": {
     "value": 4000,
     "unit": 1,
     "referenceDatum": 0
    },
    "_id": "6261489b1eacded7b7bb3bb0",
    "name": "PG PLAN",
    "type": 0,
    "icao": 6,
    "bnd": [
     [
      50.6922619,
      15.5918546
     ],
     [
      50.7255443,
      15.6443451
     ]
    ]
   },
   "geometry": {
    "type": "Polygon",
    "coordinates": [
     [
      [
       15.6180556,
       50.7255443
      ],
      [
       15.6232826,
       50.7252122
      ],
      [
       15.628301,
       50.7242291
      ],
      [
       15.6329106,
       50.7226343
      ],
      [
       15.6369274,
       50.7204913
      ],
      [
       15.6401914,
       50.7178858
      ],
      [
       15.6425723,
       50.7149215
      ],
      [
       15.6439755,
       50.7117169
      ],
      [
       15.6443451,
       50.7083996
      ],
      [
       15.6436667,
       50.7051019
      ],
      [
       15.6419675,
       50.7019553
      ],
      [
       15.6393154,
       50.6990852
      ],
      [
       15.6358163,
       50.6966059
      ],
      [
       15.6316096,
       50.6946163
      ],
      [
       15.6268631,
       50.6931955
      ],
      [
       15.6217659,
       50.6924001
      ],
      [
       15.6165208,
       50.6922619
      ],
      [
       15.6113369,
       50.6927863
      ],
      [
       15.6064205,
       50.6939524
      ],
      [
       15.6019676,
       50.6957139
      ],
      [
       15.5981555,
       50.6980005
      ],
      [
       15.5951362,
       50.7007211
      ],
      [
       15.5930302,
       50.7037675
      ],
      [
       15.5919215,
       50.707018
      ],
      [
       15.5918546,
       50.7103433
      ],
      [
       15.5928323,
       50.7136107
      ],
      [
       15.5948159,
       50.7166899
      ],
      [
       15.5977265,
       50.7194582
      ],
      [
       15.601448,
       50.7218051
      ],
      [
       15.6058322,
       50.7236369
      ],
      [
       15.6107041,
       50.7248807
      ],
      [
       15.6158694,
       50.7254867
      ],
      [
       15.6180556,
       50.7255443
      ]
     ]
    ]
   }
  },
  {
   "type": "Feature",
   "properties": {
    "ll": {
     "value": 0,
     "unit": 1,
     "referenceDatum": 0
    },
    "ul": {
     "value": 4000,
     "unit": 1,
     "referenceDatum": 0
    },
    "_id": "6261489b1eacded7b7bb3bbd",
    "name": "PG PODHORANY",
    "type": 0,
    "icao": 6,
    "bnd": [
     [
      49.9286508,
      15.5092167
     ],
     [
      49.9619332,
      15.5608705
     ]
    ]
   },
   "geometry": {
    "type": "Polygon",
    "coordinates": [
     [
      [
       15.535,
       49.9619332
      ],
      [
       15.5401437,
       49.9616011
      ],
      [
       15.5450821,
       49.960618
      ],
      [
       15.5496181,
       49.9590232
      ],
      [
       15.5535709,
       49.9568802
      ],
      [
       15.5567828,
       49.9542747
      ],
      [
       15.5591259,
       49.9513105
      ],
      [
       15.5605067,
       49.9481059
      ],
      [
       15.5608705,
       49.9447886
      ],
      [
       15.5602029,
       49.9414909
      ],
      [
       15.5585308,
       49.9383443
      ],
      [
       15.5559211,
       49.9354742
      ],
      [
       15.5524777,
       49.9329949
      ],
      [
       15.5483381,
       49.9310052
      ],
      [
       15.5436673,
       49.9295843
      ],
      [
       15.5386512,
       49.928789
      ],
      [
       15.5334897,
       49.9286508
      ],
      [
       15.5283884,
       49.9291752
      ],
      [
       15.5235503,
       49.9303413
      ],
      [
       15.5191684,
       49.9321028
      ],
      [
       15.515417,
       49.9343894
      ],
      [
       15.5124459,
       49.9371101
      ],
      [
       15.5103735,
       49.9401564
      ],
      [
       15.5092825,
       49.943407
      ],
      [
       15.5092167,
       49.9467323
      ],
      [
       15.5101789,
       49.9499996
      ],
      [
       15.5121309,
       49.9530789
      ],
      [
       15.5149951,
       49.9558471
      ],
      [
       15.5186573,
       49.958194
      ],
      [
       15.5229716,
       49.9600259
      ],
      [
       15.5277658,
       49.9612696
      ],
      [
       15.5328488,
       49.9618756
      ],
      [
       15.535,
       49.9619332
      ]
     ]
    ]
   }
  },
  {
   "type": "Feature",
   "properties": {
    "ll": {
     "value": 0,
     "unit": 1,
     "referenceDatum": 0
    },
    "ul": {
     "value": 4000,
     "unit": 1,
     "referenceDatum": 0
    },
    "_id": "6261489b5e9ded571043e90b",
    "name": "PG PREDNI ZALY",
    "type": 0,
    "icao": 6,
    "bnd": [
     [
      50.6417063,
      15.5496606
     ],
     [
      50.6749887,
      15.6020946
     ]
    ]
   },
   "geometry": {
    "type": "Polygon",
    "coordinates": [
     [
      [
       15.5758333,
       50.6749887
      ],
      [
       15.5810547,
       50.6746566
      ],
      [
       15.5860678,
       50.6736735
      ],
      [
       15.5906724,
       50.6720787
      ],
      [
       15.5946849,
       50.6699358
      ],
      [
       15.5979453,
       50.6673302
      ],
      [
       15.6003237,
       50.664366
      ],
      [
       15.6017253,
       50.6611613
      ],
      [
       15.6020946,
       50.6578441
      ],
      [
       15.6014169,
       50.6545464
      ],
      [
       15.5997195,
       50.6513998
      ],
      [
       15.5970703,
       50.6485297
      ],
      [
       15.5935749,
       50.6460504
      ],
      [
       15.5893728,
       50.6440607
      ],
      [
       15.5846314,
       50.6426399
      ],
      [
       15.5795396,
       50.6418445
      ],
      [
       15.5743002,
       50.6417063
      ],
      [
       15.5691219,
       50.6422307
      ],
      [
       15.5642108,
       50.6433969
      ],
      [
       15.5597627,
       50.6451583
      ],
      [
       15.5559547,
       50.6474449
      ],
      [
       15.5529387,
       50.6501656
      ],
      [
       15.5508349,
       50.6532119
      ],
      [
       15.5497274,
       50.6564625
      ],
      [
       15.5496606,
       50.6597877
      ],
      [
       15.5506373,
       50.6630551
      ],
      [
       15.5526187,
       50.6661344
      ],
      [
       15.5555261,
       50.6689026
      ],
      [
       15.5592437,
       50.6712495
      ],
      [
       15.5636231,
       50.6730814
      ],
      [
       15.5684898,
       50.6743251
      ],
      [
       15.5736496,
       50.6749311
      ],
      [
       15.5758333,
       50.6749887
      ]
     ]
    ]
   }
  },
  {
   "type": "Feature",
   "properties": {
    "ll": {
     "value": 0,
     "unit": 1,
     "referenceDatum": 0
    },
    "ul": {
     "value": 4000,
     "unit": 1,
     "referenceDatum": 0
    },
    "_id": "6261489b5e9ded571043e918",
    "name": "PG RADHOST",
    "type": 0,
    "icao": 6,
    "bnd": [
     [
      49.4717063,
      18.2008471
     ],
     [
      49.5049887,
      18.2520171
     ]
    ]
   },
   "geometry": {
    "type": "Polygon",
    "coordinates": [
     [
      [
       18.2263889,
       49.5049887
      ],
      [
       18.2314843,
       49.5046566
      ],
      [
       18.2363765,
       49.5036736
      ],
      [
       18.24087,
       49.5020787
      ],
      [
       18.2447858,
       49.4999358
      ],
      [
       18.2479677,
       49.4973303
      ],
      [
       18.2502887,
       49.4943661
      ],
      [
       18.2516567,
       49.4911615
      ],
      [
       18.2520171,
       49.4878442
      ],
      [
       18.2513558,
       49.4845465
      ],
      [
       18.2496994,
       49.4813999
      ],
      [
       18.2471141,
       49.4785298
      ],
      [
       18.243703,
       49.4760504
      ],
      [
       18.2396022,
       49.4740607
      ],
      [
       18.234975,
       49.4726399
      ],
      [
       18.2300059,
       49.4718445
      ],
      [
       18.2248927,
       49.4717063
      ],
      [
       18.2198391,
       49.4722307
      ],
      [
       18.2150464,
       49.4733969
      ],
      [
       18.2107055,
       49.4751584
      ],
      [
       18.2069893,
       49.477445
      ],
      [
       18.204046,
       49.4801657
      ],
      [
       18.201993,
       49.483212
      ],
      [
       18.2009122,
       49.4864626
      ],
      [
       18.2008471,
       49.4897879
      ],
      [
       18.2018003,
       49.4930552
      ],
      [
       18.203734,
       49.4961345
      ],
      [
       18.2065714,
       49.4989027
      ],
      [
       18.2101993,
       49.5012496
      ],
      [
       18.2144732,
       49.5030814
      ],
      [
       18.2192225,
       49.5043251
      ],
      [
       18.2242578,
       49.5049311
      ],
      [
       18.2263889,
       49.5049887
      ]
     ]
    ]
   }
  },
  {
   "type": "Feature",
   "properties": {
    "ll": {
     "value": 0,
     "unit": 1,
     "referenceDatum": 0
    },
    "ul": {
     "value": 4000,
     "unit": 1,
     "referenceDatum": 0
    },
    "_id": "6261489b1eacded7b7bb3bca",
    "name": "PG RADOBYL",
    "type": 0,
    "icao": 6,
    "bnd": [
     [
      50.513373,
      14.0669541
     ],
     [
      50.5466554,
      14.1192453
     ]
    ]
   },
   "geometry": {
    "type": "Polygon",
    "coordinates": [
     [
      [
       14.0930556,
       50.5466554
      ],
      [
       14.0982627,
       50.5463233
      ],
      [
       14.1032621,
       50.5453402
      ],
      [
       14.1078542,
       50.5437454
      ],
      [
       14.1118558,
       50.5416024
      ],
      [
       14.1151073,
       50.5389969
      ],
      [
       14.1174792,
       50.5360327
      ],
      [
       14.1188771,
       50.532828
      ],
      [
       14.1192453,
       50.5295107
      ],
      [
       14.1185695,
       50.5262131
      ],
      [
       14.1168767,
       50.5230665
      ],
      [
       14.1142347,
       50.5201963
      ],
      [
       14.1107489,
       50.5177171
      ],
      [
       14.1065582,
       50.5157274
      ],
      [
       14.1018297,
       50.5143066
      ],
      [
       14.0967518,
       50.5135112
      ],
      [
       14.0915266,
       50.513373
      ],
      [
       14.0863624,
       50.5138974
      ],
      [
       14.0814647,
       50.5150635
      ],
      [
       14.0770286,
       50.516825
      ],
      [
       14.073231,
       50.5191116
      ],
      [
       14.0702232,
       50.5218323
      ],
      [
       14.0681252,
       50.5248786
      ],
      [
       14.0670207,
       50.5281292
      ],
      [
       14.0669541,
       50.5314544
      ],
      [
       14.0679281,
       50.5347218
      ],
      [
       14.0699042,
       50.537801
      ],
      [
       14.0728037,
       50.5405693
      ],
      [
       14.0765111,
       50.5429162
      ],
      [
       14.0808786,
       50.5447481
      ],
      [
       14.0857321,
       50.5459918
      ],
      [
       14.0908777,
       50.5465978
      ],
      [
       14.0930556,
       50.5466554
      ]
     ]
    ]
   }
  },
  {
   "type": "Feature",
   "properties": {
    "ll": {
     "value": 0,
     "unit": 1,
     "referenceDatum": 0
    },
    "ul": {
     "value": 4000,
     "unit": 1,
     "referenceDatum": 0
    },
    "_id": "6261489c5e9ded571043e927",
    "name": "PG RANA",
    "type": 0,
    "icao": 6,
    "bnd": [
     [
      50.3897619,
      13.7439666
     ],
     [
      50.4230443,
      13.7961214
     ]
    ]
   },
   "geometry": {
    "type": "Polygon",
    "coordinates": [
     [
      [
       13.77,
       50.4230443
      ],
      [
       13.7751936,
       50.4227122
      ],
      [
       13.7801799,
       50.4217291
      ],
      [
       13.78476,
       50.4201343
      ],
      [
       13.7887511,
       50.4179913
      ],
      [
       13.7919942,
       50.4153858
      ],
      [
       13.7943599,
       50.4124216
      ],
      [
       13.7957541,
       50.4092169
      ],
      [
       13.7961214,
       50.4058996
      ],
      [
       13.7954473,
       50.402602
      ],
      [
       13.793759,
       50.3994554
      ],
      [
       13.7911239,
       50.3965852
      ],
      [
       13.7876472,
       50.394106
      ],
      [
       13.7834674,
       50.3921163
      ],
      [
       13.7787513,
       50.3906955
      ],
      [
       13.7736866,
       50.3899001
      ],
      [
       13.7684751,
       50.3897619
      ],
      [
       13.7633243,
       50.3902863
      ],
      [
       13.7584394,
       50.3914524
      ],
      [
       13.7540149,
       50.3932139
      ],
      [
       13.7502272,
       50.3955005
      ],
      [
       13.7472272,
       50.3982212
      ],
      [
       13.7451347,
       50.4012675
      ],
      [
       13.7440331,
       50.4045181
      ],
      [
       13.7439666,
       50.4078433
      ],
      [
       13.7449381,
       50.4111107
      ],
      [
       13.7469091,
       50.4141899
      ],
      [
       13.749801,
       50.4169582
      ],
      [
       13.7534987,
       50.4193051
      ],
      [
       13.7578549,
       50.421137
      ],
      [
       13.7626956,
       50.4223807
      ],
      [
       13.7678279,
       50.4229867
      ],
      [
       13.77,
       50.4230443
      ]
     ]
    ]
   }
  },
  {
   "type": "Feature",
   "properties": {
    "ll": {
     "value": 0,
     "unit": 1,
     "referenceDatum": 0
    },
    "ul": {
     "value": 4000,
     "unit": 1,
     "referenceDatum": 0
    },
    "_id": "6261489c5e9ded571043e932",
    "name": "PG SMRK",
    "type": 0,
    "icao": 6,
    "bnd": [
     [
      49.4919841,
      18.3461143
     ],
     [
      49.5252665,
      18.3973055
     ]
    ]
   },
   "geometry": {
    "type": "Polygon",
    "coordinates": [
     [
      [
       18.3716667,
       49.5252665
      ],
      [
       18.3767642,
       49.5249344
      ],
      [
       18.3816584,
       49.5239513
      ],
      [
       18.3861538,
       49.5223565
      ],
      [
       18.3900712,
       49.5202136
      ],
      [
       18.3932544,
       49.5176081
      ],
      [
       18.3955764,
       49.5146439
      ],
      [
       18.3969449,
       49.5114392
      ],
      [
       18.3973055,
       49.5081219
      ],
      [
       18.3966439,
       49.5048243
      ],
      [
       18.3949868,
       49.5016777
      ],
      [
       18.3924005,
       49.4988075
      ],
      [
       18.388988,
       49.4963282
      ],
      [
       18.3848854,
       49.4943385
      ],
      [
       18.3802564,
       49.4929177
      ],
      [
       18.3752852,
       49.4921223
      ],
      [
       18.3701699,
       49.4919841
      ],
      [
       18.3651142,
       49.4925085
      ],
      [
       18.3603195,
       49.4936747
      ],
      [
       18.3559767,
       49.4954362
      ],
      [
       18.352259,
       49.4977228
      ],
      [
       18.3493145,
       49.5004435
      ],
      [
       18.3472606,
       49.5034898
      ],
      [
       18.3461795,
       49.5067404
      ],
      [
       18.3461143,
       49.5100656
      ],
      [
       18.3470679,
       49.513333
      ],
      [
       18.3490024,
       49.5164122
      ],
      [
       18.351841,
       49.5191805
      ],
      [
       18.3554704,
       49.5215274
      ],
      [
       18.359746,
       49.5233592
      ],
      [
       18.3644973,
       49.5246029
      ],
      [
       18.3695347,
       49.5252089
      ],
      [
       18.3716667,
       49.5252665
      ]
     ]
    ]
   }
  },
  {
   "type": "Feature",
   "properties": {
    "ll": {
     "value": 0,
     "unit": 1,
     "referenceDatum": 0
    },
    "ul": {
     "value": 4000,
     "unit": 1,
     "referenceDatum": 0
    },
    "_id": "6261489c5e9ded571043e93d",
    "name": "PG SPICAK NA SUMAVE",
    "type": 0,
    "icao": 6,
    "bnd": [
     [
      49.1553174,
      13.1846218
     ],
     [
      49.1885999,
      13.235464
     ]
    ]
   },
   "geometry": {
    "type": "Polygon",
    "coordinates": [
     [
      [
       13.21,
       49.1885999
      ],
      [
       13.2150628,
       49.1882678
      ],
      [
       13.2199236,
       49.1872847
      ],
      [
       13.2243883,
       49.1856899
      ],
      [
       13.228279,
       49.1835469
      ],
      [
       13.2314405,
       49.1809414
      ],
      [
       13.2337467,
       49.1779772
      ],
      [
       13.2351059,
       49.1747726
      ],
      [
       13.235464,
       49.1714553
      ],
      [
       13.234807,
       49.1681576
      ],
      [
       13.2331612,
       49.165011
      ],
      [
       13.2305925,
       49.1621409
      ],
      [
       13.2272032,
       49.1596616
      ],
      [
       13.2231287,
       49.1576719
      ],
      [
       13.2185312,
       49.156251
      ],
      [
       13.2135939,
       49.1554557
      ],
      [
       13.2085134,
       49.1553174
      ],
      [
       13.2034922,
       49.1558418
      ],
      [
       13.1987301,
       49.157008
      ],
      [
       13.194417,
       49.1587695
      ],
      [
       13.1907246,
       49.1610561
      ],
      [
       13.1878002,
       49.1637768
      ],
      [
       13.1857603,
       49.1668232
      ],
      [
       13.1846865,
       49.1700737
      ],
      [
       13.1846218,
       49.173399
      ],
      [
       13.1855689,
       49.1766664
      ],
      [
       13.1874903,
       49.1797456
      ],
      [
       13.1903095,
       49.1825138
      ],
      [
       13.1939142,
       49.1848607
      ],
      [
       13.1981607,
       49.1866925
      ],
      [
       13.2028796,
       49.1879363
      ],
      [
       13.2078826,
       49.1885422
      ],
      [
       13.21,
       49.1885999
      ]
     ]
    ]
   }
  },
  {
   "type": "Feature",
   "properties": {
    "ll": {
     "value": 0,
     "unit": 1,
     "referenceDatum": 0
    },
    "ul": {
     "value": 4000,
     "unit": 1,
     "referenceDatum": 0
    },
    "_id": "6261489c5e9ded571043e94b",
    "name": "PG STOLOVA HORA",
    "type": 0,
    "icao": 6,
    "bnd": [
     [
      48.8236508,
      16.6100681
     ],
     [
      48.8569332,
      16.6605728
     ]
    ]
   },
   "geometry": {
    "type": "Polygon",
    "coordinates": [
     [
      [
       16.6352778,
       48.8569332
      ],
      [
       16.6403069,
       48.8566011
      ],
      [
       16.6451354,
       48.855618
      ],
      [
       16.6495706,
       48.8540232
      ],
      [
       16.6534354,
       48.8518803
      ],
      [
       16.6565759,
       48.8492748
      ],
      [
       16.6588668,
       48.8463106
      ],
      [
       16.660217,
       48.843106
      ],
      [
       16.6605728,
       48.8397887
      ],
      [
       16.6599201,
       48.836491
      ],
      [
       16.6582853,
       48.8333444
      ],
      [
       16.6557336,
       48.8304742
      ],
      [
       16.6523669,
       48.8279949
      ],
      [
       16.6483193,
       48.8260052
      ],
      [
       16.6437523,
       48.8245844
      ],
      [
       16.6388478,
       48.823789
      ],
      [
       16.6338011,
       48.8236508
      ],
      [
       16.6288131,
       48.8241752
      ],
      [
       16.6240827,
       48.8253414
      ],
      [
       16.6197982,
       48.8271028
      ],
      [
       16.6161303,
       48.8293895
      ],
      [
       16.6132253,
       48.8321102
      ],
      [
       16.611199,
       48.8351565
      ],
      [
       16.6101324,
       48.8384071
      ],
      [
       16.6100681,
       48.8417324
      ],
      [
       16.6110089,
       48.8449997
      ],
      [
       16.6129176,
       48.848079
      ],
      [
       16.6157181,
       48.8508472
      ],
      [
       16.6192988,
       48.853194
      ],
      [
       16.6235171,
       48.8550259
      ],
      [
       16.6282046,
       48.8562696
      ],
      [
       16.6331744,
       48.8568756
      ],
      [
       16.6352778,
       48.8569332
      ]
     ]
    ]
   }
  },
  {
   "type": "Feature",
   "properties": {
    "ll": {
     "value": 0,
     "unit": 1,
     "referenceDatum": 0
    },
    "ul": {
     "value": 4000,
     "unit": 1,
     "referenceDatum": 0
    },
    "_id": "6261489c1eacded7b7bb3bda",
    "name": "PG SVATOBOR",
    "type": 0,
    "icao": 6,
    "bnd": [
     [
      49.2175396,
      13.4662565
     ],
     [
      49.2508221,
      13.5171627
     ]
    ]
   },
   "geometry": {
    "type": "Polygon",
    "coordinates": [
     [
      [
       13.4916667,
       49.2508221
      ],
      [
       13.4967358,
       49.25049
      ],
      [
       13.5016027,
       49.2495069
      ],
      [
       13.5060731,
       49.2479121
      ],
      [
       13.5099687,
       49.2457692
      ],
      [
       13.5131341,
       49.2431636
      ],
      [
       13.5154433,
       49.2401994
      ],
      [
       13.5168042,
       49.2369948
      ],
      [
       13.5171627,
       49.2336775
      ],
      [
       13.5165049,
       49.2303799
      ],
      [
       13.514857,
       49.2272332
      ],
      [
       13.5122851,
       49.2243631
      ],
      [
       13.5088916,
       49.2218838
      ],
      [
       13.5048119,
       49.2198941
      ],
      [
       13.5002086,
       49.2184732
      ],
      [
       13.495265,
       49.2176779
      ],
      [
       13.4901782,
       49.2175396
      ],
      [
       13.4851507,
       49.2180641
      ],
      [
       13.4803826,
       49.2192302
      ],
      [
       13.476064,
       49.2209917
      ],
      [
       13.472367,
       49.2232784
      ],
      [
       13.4694389,
       49.225999
      ],
      [
       13.4673965,
       49.2290454
      ],
      [
       13.4663213,
       49.2322959
      ],
      [
       13.4662565,
       49.2356212
      ],
      [
       13.4672049,
       49.2388886
      ],
      [
       13.4691286,
       49.2419678
      ],
      [
       13.4719514,
       49.2447361
      ],
      [
       13.4755606,
       49.2470829
      ],
      [
       13.4798124,
       49.2489148
      ],
      [
       13.4845373,
       49.2501585
      ],
      [
       13.4895466,
       49.2507645
      ],
      [
       13.4916667,
       49.2508221
      ]
     ]
    ]
   }
  },
  {
   "type": "Feature",
   "properties": {
    "ll": {
     "value": 0,
     "unit": 1,
     "referenceDatum": 0
    },
    "ul": {
     "value": 4000,
     "unit": 1,
     "referenceDatum": 0
    },
    "_id": "6261489c1eacded7b7bb3be4",
    "name": "PG VELKY JAVORNIK",
    "type": 0,
    "icao": 6,
    "bnd": [
     [
      49.5105952,
      18.1363823
     ],
     [
      49.5438776,
      18.187593
     ]
    ]
   },
   "geometry": {
    "type": "Polygon",
    "coordinates": [
     [
      [
       18.1619444,
       49.5438776
      ],
      [
       18.167044,
       49.5435455
      ],
      [
       18.17194,
       49.5425624
      ],
      [
       18.1764371,
       49.5409676
      ],
      [
       18.180356,
       49.5388247
      ],
      [
       18.1835404,
       49.5362192
      ],
      [
       18.1858633,
       49.533255
      ],
      [
       18.1872323,
       49.5300503
      ],
      [
       18.187593,
       49.5267331
      ],
      [
       18.1869312,
       49.5234354
      ],
      [
       18.1852735,
       49.5202888
      ],
      [
       18.1826861,
       49.5174186
      ],
      [
       18.1792723,
       49.5149393
      ],
      [
       18.1751682,
       49.5129496
      ],
      [
       18.1705374,
       49.5115288
      ],
      [
       18.1655643,
       49.5107334
      ],
      [
       18.1604471,
       49.5105952
      ],
      [
       18.1553895,
       49.5111196
      ],
      [
       18.1505929,
       49.5122858
      ],
      [
       18.1462485,
       49.5140473
      ],
      [
       18.1425294,
       49.5163339
      ],
      [
       18.1395837,
       49.5190546
      ],
      [
       18.1375291,
       49.5221009
      ],
      [
       18.1364475,
       49.5253515
      ],
      [
       18.1363823,
       49.5286767
      ],
      [
       18.1373363,
       49.5319441
      ],
      [
       18.1392716,
       49.5350233
      ],
      [
       18.1421112,
       49.5377916
      ],
      [
       18.145742,
       49.5401385
      ],
      [
       18.1500193,
       49.5419703
      ],
      [
       18.1547724,
       49.543214
      ],
      [
       18.1598117,
       49.54382
      ],
      [
       18.1619444,
       49.5438776
      ]
     ]
    ]
   }
  },
  {
   "type": "Feature",
   "properties": {
    "ll": {
     "value": 0,
     "unit": 1,
     "referenceDatum": 0
    },
    "ul": {
     "value": 4000,
     "unit": 1,
     "referenceDatum": 0
    },
    "_id": "6261489d5e9ded571043e97b",
    "name": "PG ZLATNIK",
    "type": 0,
    "icao": 6,
    "bnd": [
     [
      50.4978174,
      13.6889071
     ],
     [
      50.5310999,
      13.7411811
     ]
    ]
   },
   "geometry": {
    "type": "Polygon",
    "coordinates": [
     [
      [
       13.715,
       50.5310999
      ],
      [
       13.7202055,
       50.5307677
      ],
      [
       13.7252032,
       50.5297847
      ],
      [
       13.7297937,
       50.5281898
      ],
      [
       13.733794,
       50.5260469
      ],
      [
       13.7370445,
       50.5234413
      ],
      [
       13.7394156,
       50.5204771
      ],
      [
       13.740813,
       50.5172725
      ],
      [
       13.7411811,
       50.5139552
      ],
      [
       13.7405055,
       50.5106575
      ],
      [
       13.7388133,
       50.5075109
      ],
      [
       13.7361722,
       50.5046408
      ],
      [
       13.7326875,
       50.5021615
      ],
      [
       13.7284982,
       50.5001718
      ],
      [
       13.7237713,
       50.498751
      ],
      [
       13.718695,
       50.4979556
      ],
      [
       13.7134716,
       50.4978174
      ],
      [
       13.708309,
       50.4983418
      ],
      [
       13.7034129,
       50.499508
      ],
      [
       13.6989784,
       50.5012694
      ],
      [
       13.695182,
       50.5035561
      ],
      [
       13.6921752,
       50.5062767
      ],
      [
       13.6900778,
       50.509323
      ],
      [
       13.6889737,
       50.5125736
      ],
      [
       13.6889071,
       50.5158989
      ],
      [
       13.6898808,
       50.5191663
      ],
      [
       13.6918562,
       50.5222455
      ],
      [
       13.6947548,
       50.5250138
      ],
      [
       13.698461,
       50.5273606
      ],
      [
       13.7028271,
       50.5291925
      ],
      [
       13.7076789,
       50.5304363
      ],
      [
       13.7128229,
       50.5310422
      ],
      [
       13.715,
       50.5310999
      ]
     ]
    ]
   }
  },
  {
   "type": "Feature",
   "properties": {
    "ll": {
     "value": 0,
     "unit": 1,
     "referenceDatum": 0
    },
    "ul": {
     "value": 4000,
     "unit": 1,
     "referenceDatum": 0
    },
    "_id": "6261489e5e9ded571043e9ce",
    "name": "PG ZVICINA",
    "type": 0,
    "icao": 6,
    "bnd": [
     [
      50.4367063,
      15.6717186
     ],
     [
      50.4699887,
      15.7239251
     ]
    ]
   },
   "geometry": {
    "type": "Polygon",
    "coordinates": [
     [
      [
       15.6977778,
       50.4699887
      ],
      [
       15.7029765,
       50.4696566
      ],
      [
       15.7079678,
       50.4686735
      ],
      [
       15.7125524,
       50.4670787
      ],
      [
       15.7165475,
       50.4649358
      ],
      [
       15.7197938,
       50.4623302
      ],
      [
       15.7221618,
       50.459366
      ],
      [
       15.7235574,
       50.4561614
      ],
      [
       15.7239251,
       50.4528441
      ],
      [
       15.7232503,
       50.4495464
      ],
      [
       15.7215603,
       50.4463998
      ],
      [
       15.7189226,
       50.4435297
      ],
      [
       15.7154424,
       50.4410504
      ],
      [
       15.7112586,
       50.4390607
      ],
      [
       15.7065377,
       50.4376399
      ],
      [
       15.701468,
       50.4368445
      ],
      [
       15.6962513,
       50.4367063
      ],
      [
       15.6910954,
       50.4372307
      ],
      [
       15.6862057,
       50.4383969
      ],
      [
       15.6817768,
       50.4401583
      ],
      [
       15.6779854,
       50.4424449
      ],
      [
       15.6749824,
       50.4451656
      ],
      [
       15.6728878,
       50.4482119
      ],
      [
       15.6717851,
       50.4514625
      ],
      [
       15.6717186,
       50.4547878
      ],
      [
       15.6726911,
       50.4580551
      ],
      [
       15.6746639,
       50.4611344
      ],
      [
       15.6775587,
       50.4639027
      ],
      [
       15.6812602,
       50.4662495
      ],
      [
       15.6856206,
       50.4680814
      ],
      [
       15.6904662,
       50.4693251
      ],
      [
       15.6956035,
       50.4699311
      ],
      [
       15.6977778,
       50.4699887
      ]
     ]
    ]
   }
  },
  {
   "type": "Feature",
   "properties": {
    "ll": {
     "value": 0,
     "unit": 1,
     "referenceDatum": 0
    },
    "ul": {
     "value": 4000,
     "unit": 1,
     "referenceDatum": 0
    },
    "_id": "6261489c1eacded7b7bb3bef",
    "name": "PGZ BOROTICE",
    "type": 0,
    "icao": 6,
    "bnd": [
     [
      48.8303174,
      16.2103425
     ],
     [
      48.8635999,
      16.2608539
     ]
    ]
   },
   "geometry": {
    "type": "Polygon",
    "coordinates": [
     [
      [
       16.2355556,
       48.8635999
      ],
      [
       16.2405854,
       48.8632678
      ],
      [
       16.2454145,
       48.8622847
      ],
      [
       16.2498502,
       48.8606899
      ],
      [
       16.2537156,
       48.858547
      ],
      [
       16.2568565,
       48.8559414
      ],
      [
       16.2591477,
       48.8529773
      ],
      [
       16.2604981,
       48.8497726
      ],
      [
       16.2608539,
       48.8464553
      ],
      [
       16.2602012,
       48.8431577
      ],
      [
       16.2585661,
       48.8400111
      ],
      [
       16.2560141,
       48.8371409
      ],
      [
       16.2526469,
       48.8346616
      ],
      [
       16.2485989,
       48.8326719
      ],
      [
       16.2440312,
       48.831251
      ],
      [
       16.239126,
       48.8304557
      ],
      [
       16.2340786,
       48.8303174
      ],
      [
       16.22909,
       48.8308418
      ],
      [
       16.224359,
       48.832008
      ],
      [
       16.2200739,
       48.8337695
      ],
      [
       16.2164055,
       48.8360562
      ],
      [
       16.2135001,
       48.8387768
      ],
      [
       16.2114736,
       48.8418232
      ],
      [
       16.2104068,
       48.8450738
      ],
      [
       16.2103425,
       48.848399
      ],
      [
       16.2112835,
       48.8516664
      ],
      [
       16.2131924,
       48.8547456
      ],
      [
       16.2159932,
       48.8575139
      ],
      [
       16.2195745,
       48.8598607
      ],
      [
       16.2237933,
       48.8616925
      ],
      [
       16.2284815,
       48.8629363
      ],
      [
       16.2334519,
       48.8635422
      ],
      [
       16.2355556,
       48.8635999
      ]
     ]
    ]
   }
  },
  {
   "type": "Feature",
   "properties": {
    "ll": {
     "value": 0,
     "unit": 1,
     "referenceDatum": 0
    },
    "ul": {
     "value": 4000,
     "unit": 1,
     "referenceDatum": 0
    },
    "_id": "6261489c1eacded7b7bb3bfc",
    "name": "PGZ CERNIV",
    "type": 0,
    "icao": 6,
    "bnd": [
     [
      50.4297619,
      14.0161669
     ],
     [
      50.4630443,
      14.0683657
     ]
    ]
   },
   "geometry": {
    "type": "Polygon",
    "coordinates": [
     [
      [
       14.0422222,
       50.4630443
      ],
      [
       14.0474202,
       50.4627122
      ],
      [
       14.0524107,
       50.4617291
      ],
      [
       14.0569947,
       50.4601343
      ],
      [
       14.0609892,
       50.4579913
      ],
      [
       14.064235,
       50.4553858
      ],
      [
       14.0666027,
       50.4524216
      ],
      [
       14.0679981,
       50.4492169
      ],
      [
       14.0683657,
       50.4458996
      ],
      [
       14.067691,
       50.442602
      ],
      [
       14.0660013,
       50.4394554
      ],
      [
       14.063364,
       50.4365852
      ],
      [
       14.0598843,
       50.434106
      ],
      [
       14.055701,
       50.4321163
      ],
      [
       14.0509809,
       50.4306955
      ],
      [
       14.0459119,
       50.4299001
      ],
      [
       14.040696,
       50.4297619
      ],
      [
       14.0355409,
       50.4302863
      ],
      [
       14.0306518,
       50.4314524
      ],
      [
       14.0262236,
       50.4332139
      ],
      [
       14.0224327,
       50.4355005
      ],
      [
       14.0194302,
       50.4382212
      ],
      [
       14.0173359,
       50.4412675
      ],
      [
       14.0162334,
       50.444518
      ],
      [
       14.0161669,
       50.4478433
      ],
      [
       14.0171392,
       50.4511107
      ],
      [
       14.0191118,
       50.4541899
      ],
      [
       14.0220062,
       50.4569582
      ],
      [
       14.025707,
       50.4593051
      ],
      [
       14.0300668,
       50.461137
      ],
      [
       14.0349117,
       50.4623807
      ],
      [
       14.0400483,
       50.4629867
      ],
      [
       14.0422222,
       50.4630443
      ]
     ]
    ]
   }
  },
  {
   "type": "Feature",
   "properties": {
    "ll": {
     "value": 0,
     "unit": 1,
     "referenceDatum": 0
    },
    "ul": {
     "value": 4000,
     "unit": 1,
     "referenceDatum": 0
    },
    "_id": "6261489d1eacded7b7bb3c12",
    "name": "PGZ HRADCANY",
    "type": 0,
    "icao": 6,
    "bnd": [
     [
      50.6028174,
      14.7069044
     ],
     [
      50.6360999,
      14.7592951
     ]
    ]
   },
   "geometry": {
    "type": "Polygon",
    "coordinates": [
     [
      [
       14.7330556,
       50.6360999
      ],
      [
       14.7382726,
       50.6357677
      ],
      [
       14.7432815,
       50.6347847
      ],
      [
       14.7478823,
       50.6331898
      ],
      [
       14.7518915,
       50.6310469
      ],
      [
       14.7551492,
       50.6284413
      ],
      [
       14.7575256,
       50.6254771
      ],
      [
       14.7589261,
       50.6222725
      ],
      [
       14.7592951,
       50.6189552
      ],
      [
       14.758618,
       50.6156575
      ],
      [
       14.756922,
       50.6125109
      ],
      [
       14.754275,
       50.6096408
      ],
      [
       14.7507825,
       50.6071615
      ],
      [
       14.7465839,
       50.6051718
      ],
      [
       14.7418464,
       50.603751
      ],
      [
       14.7367588,
       50.6029556
      ],
      [
       14.7315237,
       50.6028174
      ],
      [
       14.7263496,
       50.6033418
      ],
      [
       14.7214426,
       50.604508
      ],
      [
       14.7169982,
       50.6062694
      ],
      [
       14.7131933,
       50.608556
      ],
      [
       14.7101798,
       50.6112767
      ],
      [
       14.7080778,
       50.614323
      ],
      [
       14.7069712,
       50.6175736
      ],
      [
       14.7069044,
       50.6208988
      ],
      [
       14.7078803,
       50.6241662
      ],
      [
       14.7098602,
       50.6272455
      ],
      [
       14.7127652,
       50.6300138
      ],
      [
       14.7164796,
       50.6323606
      ],
      [
       14.7208555,
       50.6341925
      ],
      [
       14.7257181,
       50.6354362
      ],
      [
       14.7308736,
       50.6360422
      ],
      [
       14.7330556,
       50.6360999
      ]
     ]
    ]
   }
  },
  {
   "type": "Feature",
   "properties": {
    "ll": {
     "value": 0,
     "unit": 1,
     "referenceDatum": 0
    },
    "ul": {
     "value": 4000,
     "unit": 1,
     "referenceDatum": 0
    },
    "_id": "6261489d1eacded7b7bb3c1d",
    "name": "PGZ KOCLIROV",
    "type": 0,
    "icao": 6,
    "bnd": [
     [
      49.7505952,
      16.4901449
     ],
     [
      49.7838776,
      16.5416087
     ]
    ]
   },
   "geometry": {
    "type": "Polygon",
    "coordinates": [
     [
      [
       16.5158333,
       49.7838776
      ],
      [
       16.5209581,
       49.7835455
      ],
      [
       16.5258783,
       49.7825624
      ],
      [
       16.5303977,
       49.7809676
      ],
      [
       16.5343359,
       49.7788247
      ],
      [
       16.537536,
       49.7762192
      ],
      [
       16.5398704,
       49.773255
      ],
      [
       16.5412462,
       49.7700503
      ],
      [
       16.5416087,
       49.766733
      ],
      [
       16.5409436,
       49.7634354
      ],
      [
       16.5392777,
       49.7602888
      ],
      [
       16.5366775,
       49.7574186
      ],
      [
       16.5332468,
       49.7549393
      ],
      [
       16.5291224,
       49.7529496
      ],
      [
       16.5244687,
       49.7515288
      ],
      [
       16.5194711,
       49.7507334
      ],
      [
       16.5143286,
       49.7505952
      ],
      [
       16.509246,
       49.7511196
      ],
      [
       16.5044258,
       49.7522858
      ],
      [
       16.5000599,
       49.7540473
      ],
      [
       16.4963224,
       49.7563339
      ],
      [
       16.4933622,
       49.7590546
      ],
      [
       16.4912974,
       49.7621009
      ],
      [
       16.4902104,
       49.7653515
      ],
      [
       16.4901449,
       49.7686767
      ],
      [
       16.4911035,
       49.7719441
      ],
      [
       16.4930484,
       49.7750233
      ],
      [
       16.495902,
       49.7777916
      ],
      [
       16.4995508,
       49.7801385
      ],
      [
       16.5038492,
       49.7819703
      ],
      [
       16.5086258,
       49.783214
      ],
      [
       16.51369,
       49.78382
      ],
      [
       16.5158333,
       49.7838776
      ]
     ]
    ]
   }
  },
  {
   "type": "Feature",
   "properties": {
    "ll": {
     "value": 0,
     "unit": 1,
     "referenceDatum": 0
    },
    "ul": {
     "value": 4000,
     "unit": 1,
     "referenceDatum": 0
    },
    "_id": "6261489d5e9ded571043e985",
    "name": "PGZ MALY PECIN",
    "type": 0,
    "icao": 6,
    "bnd": [
     [
      49.088373,
      15.443545
     ],
     [
      49.1216554,
      15.4943185
     ]
    ]
   },
   "geometry": {
    "type": "Polygon",
    "coordinates": [
     [
      [
       15.4688889,
       49.1216554
      ],
      [
       15.4739448,
       49.1213233
      ],
      [
       15.478799,
       49.1203402
      ],
      [
       15.4832578,
       49.1187454
      ],
      [
       15.4871432,
       49.1166025
      ],
      [
       15.4903004,
       49.113997
      ],
      [
       15.4926035,
       49.1110328
      ],
      [
       15.4939609,
       49.1078282
      ],
      [
       15.4943185,
       49.1045109
      ],
      [
       15.4936624,
       49.1012132
      ],
      [
       15.4920189,
       49.0980666
      ],
      [
       15.4894536,
       49.0951964
      ],
      [
       15.4860689,
       49.0927171
      ],
      [
       15.4819999,
       49.0907274
      ],
      [
       15.4774085,
       49.0893066
      ],
      [
       15.4724779,
       49.0885112
      ],
      [
       15.4674043,
       49.088373
      ],
      [
       15.4623898,
       49.0888974
      ],
      [
       15.4576342,
       49.0900636
      ],
      [
       15.4533269,
       49.0918251
      ],
      [
       15.4496395,
       49.0941117
      ],
      [
       15.446719,
       49.0968324
      ],
      [
       15.4446819,
       49.0998787
      ],
      [
       15.4436096,
       49.1031293
      ],
      [
       15.443545,
       49.1064546
      ],
      [
       15.4444908,
       49.1097219
      ],
      [
       15.4464096,
       49.1128012
      ],
      [
       15.449225,
       49.1155694
      ],
      [
       15.4528248,
       49.1179163
      ],
      [
       15.4570655,
       49.1197481
      ],
      [
       15.4617781,
       49.1209918
      ],
      [
       15.4667743,
       49.1215978
      ],
      [
       15.4688889,
       49.1216554
      ]
     ]
    ]
   }
  },
  {
   "type": "Feature",
   "properties": {
    "ll": {
     "value": 0,
     "unit": 1,
     "referenceDatum": 0
    },
    "ul": {
     "value": 4000,
     "unit": 1,
     "referenceDatum": 0
    },
    "_id": "6261489d5e9ded571043e999",
    "name": "PGZ NIVA",
    "type": 0,
    "icao": 6,
    "bnd": [
     [
      49.3989285,
      16.8192183
     ],
     [
      49.432211,
      16.8703124
     ]
    ]
   },
   "geometry": {
    "type": "Polygon",
    "coordinates": [
     [
      [
       16.8447222,
       49.432211
      ],
      [
       16.8498101,
       49.4318789
      ],
      [
       16.854695,
       49.4308958
      ],
      [
       16.8591819,
       49.429301
      ],
      [
       16.8630918,
       49.427158
      ],
      [
       16.866269,
       49.4245525
      ],
      [
       16.8685866,
       49.4215883
      ],
      [
       16.8699525,
       49.4183837
      ],
      [
       16.8703124,
       49.4150664
      ],
      [
       16.8696521,
       49.4117687
      ],
      [
       16.8679982,
       49.4086221
      ],
      [
       16.8654167,
       49.405752
      ],
      [
       16.8620107,
       49.4032727
      ],
      [
       16.8579159,
       49.401283
      ],
      [
       16.8532956,
       49.3998621
      ],
      [
       16.8483339,
       49.3990668
      ],
      [
       16.8432283,
       49.3989285
      ],
      [
       16.8381822,
       49.3994529
      ],
      [
       16.8333966,
       49.4006191
      ],
      [
       16.829062,
       49.4023806
      ],
      [
       16.8253514,
       49.4046672
      ],
      [
       16.8224124,
       49.4073879
      ],
      [
       16.8203625,
       49.4104342
      ],
      [
       16.8192834,
       49.4136848
      ],
      [
       16.8192183,
       49.4170101
      ],
      [
       16.8201701,
       49.4202775
      ],
      [
       16.822101,
       49.4233567
      ],
      [
       16.8249342,
       49.4261249
      ],
      [
       16.8285567,
       49.4284718
      ],
      [
       16.8328242,
       49.4303036
      ],
      [
       16.8375665,
       49.4315474
      ],
      [
       16.8425943,
       49.4321534
      ],
      [
       16.8447222,
       49.432211
      ]
     ]
    ]
   }
  },
  {
   "type": "Feature",
   "properties": {
    "ll": {
     "value": 0,
     "unit": 1,
     "referenceDatum": 0
    },
    "ul": {
     "value": 4000,
     "unit": 1,
     "referenceDatum": 0
    },
    "_id": "6261489e1eacded7b7bb3c4c",
    "name": "PGZ RADKOVICE U BUDCE",
    "type": 0,
    "icao": 6,
    "bnd": [
     [
      49.0775396,
      15.6102172
     ],
     [
      49.1108221,
      15.6609797
     ]
    ]
   },
   "geometry": {
    "type": "Polygon",
    "coordinates": [
     [
      [
       15.6355556,
       49.1108221
      ],
      [
       15.6406104,
       49.11049
      ],
      [
       15.6454635,
       49.1095069
      ],
      [
       15.6499213,
       49.1079121
      ],
      [
       15.6538059,
       49.1057692
      ],
      [
       15.6569624,
       49.1031636
      ],
      [
       15.659265,
       49.1001995
      ],
      [
       15.6606221,
       49.0969948
      ],
      [
       15.6609797,
       49.0936775
      ],
      [
       15.6603237,
       49.0903799
      ],
      [
       15.6586805,
       49.0872333
      ],
      [
       15.6561158,
       49.0843631
      ],
      [
       15.6527318,
       49.0818838
      ],
      [
       15.6486637,
       49.0798941
      ],
      [
       15.6440734,
       49.0784732
      ],
      [
       15.6391438,
       49.0776779
      ],
      [
       15.6340713,
       49.0775396
      ],
      [
       15.6290579,
       49.0780641
      ],
      [
       15.6243033,
       49.0792302
      ],
      [
       15.619997,
       49.0809917
      ],
      [
       15.6163104,
       49.0832784
      ],
      [
       15.6133905,
       49.085999
      ],
      [
       15.6113539,
       49.0890454
      ],
      [
       15.6102818,
       49.092296
      ],
      [
       15.6102172,
       49.0956212
      ],
      [
       15.6111628,
       49.0988886
      ],
      [
       15.6130812,
       49.1019678
      ],
      [
       15.615896,
       49.1047361
      ],
      [
       15.619495,
       49.1070829
      ],
      [
       15.6237348,
       49.1089148
      ],
      [
       15.6284463,
       49.1101585
      ],
      [
       15.6334415,
       49.1107645
      ],
      [
       15.6355556,
       49.1108221
      ]
     ]
    ]
   }
  },
  {
   "type": "Feature",
   "properties": {
    "ll": {
     "value": 0,
     "unit": 1,
     "referenceDatum": 0
    },
    "ul": {
     "value": 4000,
     "unit": 1,
     "referenceDatum": 0
    },
    "_id": "6261489e1eacded7b7bb3c62",
    "name": "PGZ TCHOROVICE",
    "type": 0,
    "icao": 6,
    "bnd": [
     [
      49.4144841,
      13.7739324
     ],
     [
      49.4477665,
      13.8250427
     ]
    ]
   },
   "geometry": {
    "type": "Polygon",
    "coordinates": [
     [
      [
       13.7994444,
       49.4477665
      ],
      [
       13.804534,
       49.4474344
      ],
      [
       13.8094204,
       49.4464513
      ],
      [
       13.8139087,
       49.4448565
      ],
      [
       13.8178199,
       49.4427136
      ],
      [
       13.820998,
       49.4401081
      ],
      [
       13.8233164,
       49.4371439
      ],
      [
       13.8246827,
       49.4339392
      ],
      [
       13.8250427,
       49.430622
      ],
      [
       13.8243822,
       49.4273243
      ],
      [
       13.8227278,
       49.4241777
      ],
      [
       13.8201455,
       49.4213075
      ],
      [
       13.8167384,
       49.4188282
      ],
      [
       13.8126423,
       49.4168385
      ],
      [
       13.8080206,
       49.4154177
      ],
      [
       13.8030572,
       49.4146223
      ],
      [
       13.79795,
       49.4144841
      ],
      [
       13.7929023,
       49.4150085
      ],
      [
       13.7881152,
       49.4161747
      ],
      [
       13.7837793,
       49.4179362
      ],
      [
       13.7800674,
       49.4202228
      ],
      [
       13.7771276,
       49.4229435
      ],
      [
       13.775077,
       49.4259898
      ],
      [
       13.7739975,
       49.4292404
      ],
      [
       13.7739324,
       49.4325656
      ],
      [
       13.7748845,
       49.435833
      ],
      [
       13.776816,
       49.4389122
      ],
      [
       13.7796501,
       49.4416805
      ],
      [
       13.7832738,
       49.4440274
      ],
      [
       13.7875427,
       49.4458592
      ],
      [
       13.7922864,
       49.4471029
      ],
      [
       13.7973158,
       49.4477089
      ],
      [
       13.7994444,
       49.4477665
      ]
     ]
    ]
   }
  },
  {
   "type": "Feature",
   "properties": {
    "ll": {
     "value": 0,
     "unit": 1,
     "referenceDatum": 0
    },
    "ul": {
     "value": 4000,
     "unit": 1,
     "referenceDatum": 0
    },
    "_id": "6261489e5e9ded571043e9b4",
    "name": "PGZ TREBON",
    "type": 0,
    "icao": 6,
    "bnd": [
     [
      48.9719841,
      14.7302709
     ],
     [
      49.0052665,
      14.7809258
     ]
    ]
   },
   "geometry": {
    "type": "Polygon",
    "coordinates": [
     [
      [
       14.7555556,
       49.0052665
      ],
      [
       14.7605997,
       49.0049344
      ],
      [
       14.7654425,
       49.0039513
      ],
      [
       14.7698909,
       49.0023565
      ],
      [
       14.7737672,
       49.0002136
      ],
      [
       14.776917,
       48.9976081
      ],
      [
       14.7792148,
       48.9946439
      ],
      [
       14.7805689,
       48.9914393
      ],
      [
       14.7809258,
       48.988122
      ],
      [
       14.7802712,
       48.9848243
      ],
      [
       14.7786315,
       48.9816777
      ],
      [
       14.7760722,
       48.9788076
      ],
      [
       14.7726954,
       48.9763282
      ],
      [
       14.7686359,
       48.9743385
      ],
      [
       14.7640553,
       48.9729177
      ],
      [
       14.7591362,
       48.9721223
      ],
      [
       14.7540744,
       48.9719841
      ],
      [
       14.7490717,
       48.9725085
      ],
      [
       14.7443272,
       48.9736747
      ],
      [
       14.7400299,
       48.9754362
      ],
      [
       14.7363511,
       48.9777228
      ],
      [
       14.7334375,
       48.9804435
      ],
      [
       14.7314052,
       48.9834898
      ],
      [
       14.7303354,
       48.9867404
      ],
      [
       14.7302709,
       48.9900657
      ],
      [
       14.7312145,
       48.9933331
      ],
      [
       14.7331288,
       48.9964123
      ],
      [
       14.7359377,
       48.9991805
      ],
      [
       14.7395291,
       49.0015274
      ],
      [
       14.7437599,
       49.0033592
      ],
      [
       14.7484614,
       49.0046029
      ],
      [
       14.7534459,
       49.0052089
      ],
      [
       14.7555556,
       49.0052665
      ]
     ]
    ]
   }
  },
  {
   "type": "Feature",
   "properties": {
    "ll": {
     "value": 0,
     "unit": 1,
     "referenceDatum": 0
    },
    "ul": {
     "value": 4000,
     "unit": 1,
     "referenceDatum": 0
    },
    "_id": "6261489f1eacded7b7bb3c73",
    "name": "PGZ VIDLATA SEC",
    "type": 0,
    "icao": 6,
    "bnd": [
     [
      49.8150396,
      16.1845551
     ],
     [
      49.8483221,
      16.2360874
     ]
    ]
   },
   "geometry": {
    "type": "Polygon",
    "coordinates": [
     [
      [
       16.2102778,
       49.8483221
      ],
      [
       16.2154093,
       49.84799
      ],
      [
       16.2203361,
       49.8470069
      ],
      [
       16.2248615,
       49.8454121
      ],
      [
       16.228805,
       49.8432691
      ],
      [
       16.2320094,
       49.8406636
      ],
      [
       16.2343469,
       49.8376994
      ],
      [
       16.2357245,
       49.8344948
      ],
      [
       16.2360874,
       49.8311775
      ],
      [
       16.2354215,
       49.8278798
      ],
      [
       16.2337533,
       49.8247332
      ],
      [
       16.2311497,
       49.8218631
      ],
      [
       16.2277144,
       49.8193838
      ],
      [
       16.2235846,
       49.8173941
      ],
      [
       16.2189247,
       49.8159732
      ],
      [
       16.2139204,
       49.8151779
      ],
      [
       16.208771,
       49.8150396
      ],
      [
       16.2036817,
       49.8155641
      ],
      [
       16.198855,
       49.8167302
      ],
      [
       16.1944833,
       49.8184917
      ],
      [
       16.1907408,
       49.8207783
      ],
      [
       16.1877767,
       49.823499
      ],
      [
       16.1857091,
       49.8265453
      ],
      [
       16.1846207,
       49.8297959
      ],
      [
       16.1845551,
       49.8331212
      ],
      [
       16.185515,
       49.8363885
      ],
      [
       16.1874625,
       49.8394678
      ],
      [
       16.1903199,
       49.842236
      ],
      [
       16.1939735,
       49.8445829
      ],
      [
       16.1982777,
       49.8464147
      ],
      [
       16.2030606,
       49.8476585
      ],
      [
       16.2081316,
       49.8482645
      ],
      [
       16.2102778,
       49.8483221
      ]
     ]
    ]
   }
  },
  {
   "type": "Feature",
   "properties": {
    "ll": {
     "value": 0,
     "unit": 1,
     "referenceDatum": 0
    },
    "ul": {
     "value": 4000,
     "unit": 1,
     "referenceDatum": 0
    },
    "_id": "6261489f5e9ded571043e9e9",
    "name": "PGZ VSECHOV",
    "type": 0,
    "icao": 6,
    "bnd": [
     [
      49.4217063,
      14.5958731
     ],
     [
      49.4549887,
      14.6469909
     ]
    ]
   },
   "geometry": {
    "type": "Polygon",
    "coordinates": [
     [
      [
       14.6213889,
       49.4549887
      ],
      [
       14.6264791,
       49.4546566
      ],
      [
       14.6313663,
       49.4536736
      ],
      [
       14.6358553,
       49.4520787
      ],
      [
       14.639767,
       49.4499358
      ],
      [
       14.6429456,
       49.4473303
      ],
      [
       14.6452644,
       49.4443661
      ],
      [
       14.6466309,
       49.4411615
      ],
      [
       14.6469909,
       49.4378442
      ],
      [
       14.6463303,
       49.4345465
      ],
      [
       14.6446756,
       49.4313999
      ],
      [
       14.642093,
       49.4285298
      ],
      [
       14.6386854,
       49.4260504
      ],
      [
       14.6345887,
       49.4240607
      ],
      [
       14.6299663,
       49.4226399
      ],
      [
       14.6250022,
       49.4218445
      ],
      [
       14.6198942,
       49.4217063
      ],
      [
       14.6148458,
       49.4222307
      ],
      [
       14.610058,
       49.4233969
      ],
      [
       14.6057214,
       49.4251584
      ],
      [
       14.602009,
       49.427445
      ],
      [
       14.5990687,
       49.4301657
      ],
      [
       14.5970178,
       49.433212
      ],
      [
       14.5959382,
       49.4364626
      ],
      [
       14.5958731,
       49.4397879
      ],
      [
       14.5968254,
       49.4430552
      ],
      [
       14.5987572,
       49.4461345
      ],
      [
       14.6015916,
       49.4489027
      ],
      [
       14.6052159,
       49.4512496
      ],
      [
       14.6094853,
       49.4530814
      ],
      [
       14.6142298,
       49.4543251
      ],
      [
       14.61926,
       49.4549311
      ],
      [
       14.6213889,
       49.4549887
      ]
     ]
    ]
   }
  },
  {
   "type": "Feature",
   "properties": {
    "ll": {
     "value": 2500,
     "unit": 1,
     "referenceDatum": 1
    },
    "ul": {
     "value": 95,
     "unit": 6,
     "referenceDatum": 2
    },
    "_id": "6261489f1eacded7b7bb3c8a",
    "name": "TMA I BRNO 127.350",
    "type": 0,
    "icao": 3,
    "bnd": [
     [
      48.9286111,
      16.3066667
     ],
     [
      49.3286111,
      17.0988889
     ]
    ]
   },
   "geometry": {
    "type": "Polygon",
    "coordinates": [
     [
      [
       16.4086111,
       49.3286111
      ],
      [
       16.5122222,
       49.3036111
      ],
      [
       16.8527778,
       49.2766667
      ],
      [
       16.9408333,
       49.2586111
      ],
      [
       17.0005556,
       49.2583333
      ],
      [
       17.0644444,
       49.2577778
      ],
      [
       17.0672222,
       49.2536111
      ],
      [
       17.07,
       49.2491667
      ],
      [
       17.0725,
       49.245
      ],
      [
       17.075,
       49.2405556
      ],
      [
       17.0816667,
       49.2272222
      ],
      [
       17.0855556,
       49.2183333
      ],
      [
       17.0888889,
       49.2094444
      ],
      [
       17.0905556,
       49.2047222
      ],
      [
       17.0919444,
       49.2002778
      ],
      [
       17.0930556,
       49.1958333
      ],
      [
       17.0941667,
       49.1911111
      ],
      [
       17.0952778,
       49.1866667
      ],
      [
       17.0969444,
       49.1772222
      ],
      [
       17.0975,
       49.1727778
      ],
      [
       17.0980556,
       49.1680556
      ],
      [
       17.0986111,
       49.1636111
      ],
      [
       17.0988889,
       49.1588889
      ],
      [
       17.0988889,
       49.145
      ],
      [
       17.0983333,
       49.1355556
      ],
      [
       17.0980556,
       49.1311111
      ],
      [
       17.0972222,
       49.1263889
      ],
      [
       17.0966667,
       49.1216667
      ],
      [
       17.0958333,
       49.1172222
      ],
      [
       17.0947222,
       49.1125
      ],
      [
       17.0938889,
       49.1080556
      ],
      [
       17.0925,
       49.1033333
      ],
      [
       17.0913889,
       49.0988889
      ],
      [
       17.0897222,
       49.0941667
      ],
      [
       17.0883333,
       49.0897222
      ],
      [
       17.0866667,
       49.0852778
      ],
      [
       17.0808333,
       49.0719444
      ],
      [
       17.0763889,
       49.0630556
      ],
      [
       17.0738889,
       49.0586111
      ],
      [
       17.0713889,
       49.0544444
      ],
      [
       17.0688889,
       49.05
      ],
      [
       17.0661111,
       49.0458333
      ],
      [
       17.0633333,
       49.0413889
      ],
      [
       17.0541667,
       49.0288889
      ],
      [
       17.0508333,
       49.0247222
      ],
      [
       17.0475,
       49.0208333
      ],
      [
       17.0438889,
       49.0166667
      ],
      [
       17.0366667,
       49.0088889
      ],
      [
       17.0288889,
       49.0011111
      ],
      [
       17.0247222,
       48.9972222
      ],
      [
       17.0208333,
       48.9933333
      ],
      [
       17.0163889,
       48.9897222
      ],
      [
       17.0122222,
       48.9861111
      ],
      [
       17.0033333,
       48.9788889
      ],
      [
       16.9986111,
       48.9752778
      ],
      [
       16.9938889,
       48.9719444
      ],
      [
       16.9891667,
       48.9683333
      ],
      [
       16.9841667,
       48.965
      ],
      [
       16.9747222,
       48.9588889
      ],
      [
       16.9075,
       48.9647222
      ],
      [
       16.9022222,
       48.9622222
      ],
      [
       16.8969444,
       48.9594444
      ],
      [
       16.8913889,
       48.9572222
      ],
      [
       16.8802778,
       48.9522222
      ],
      [
       16.8747222,
       48.95
      ],
      [
       16.8688889,
       48.9477778
      ],
      [
       16.8630556,
       48.9458333
      ],
      [
       16.8572222,
       48.9436111
      ],
      [
       16.8455556,
       48.9397222
      ],
      [
       16.8394444,
       48.9380556
      ],
      [
       16.8333333,
       48.9361111
      ],
      [
       16.8211111,
       48.9327778
      ],
      [
       16.8027778,
       48.9286111
      ],
      [
       16.5008333,
       48.9538889
      ],
      [
       16.6213889,
       49.0358333
      ],
      [
       16.3066667,
       49.2011111
      ],
      [
       16.3080556,
       49.2055556
      ],
      [
       16.3097222,
       49.21
      ],
      [
       16.3111111,
       49.2141667
      ],
      [
       16.3130556,
       49.2186111
      ],
      [
       16.315,
       49.2227778
      ],
      [
       16.3169444,
       49.2272222
      ],
      [
       16.3188889,
       49.2313889
      ],
      [
       16.3211111,
       49.2358333
      ],
      [
       16.3236111,
       49.24
      ],
      [
       16.3258333,
       49.2441667
      ],
      [
       16.3286111,
       49.2483333
      ],
      [
       16.3311111,
       49.2525
      ],
      [
       16.3338889,
       49.2566667
      ],
      [
       16.3369444,
       49.2605556
      ],
      [
       16.3397222,
       49.2647222
      ],
      [
       16.3430556,
       49.2686111
      ],
      [
       16.3461111,
       49.2727778
      ],
      [
       16.3527778,
       49.2805556
      ],
      [
       16.36,
       49.2883333
      ],
      [
       16.3638889,
       49.2919444
      ],
      [
       16.3675,
       49.2958333
      ],
      [
       16.3716667,
       49.2994444
      ],
      [
       16.3755556,
       49.3030556
      ],
      [
       16.3838889,
       49.3102778
      ],
      [
       16.3883333,
       49.3136111
      ],
      [
       16.3927778,
       49.3172222
      ],
      [
       16.4016667,
       49.3238889
      ],
      [
       16.4086111,
       49.3286111
      ]
     ]
    ]
   }
  },
  {
   "type": "Feature",
   "properties": {
    "ll": {
     "value": 3500,
     "unit": 1,
     "referenceDatum": 1
    },
    "ul": {
     "value": 95,
     "unit": 6,
     "referenceDatum": 2
    },
    "_id": "626148a05e9ded571043ea36",
    "name": "TMA I KARLOVY VARY 118.650",
    "type": 0,
    "icao": 3,
    "bnd": [
     [
      49.9744444,
      12.3444444
     ],
     [
      50.3419444,
      13.3263889
     ]
    ]
   },
   "geometry": {
    "type": "Polygon",
    "coordinates": [
     [
      [
       12.4875,
       50.3419444
      ],
      [
       12.5483333,
       50.3258333
      ],
      [
       12.7247222,
       50.3216667
      ],
      [
       13.1769444,
       50.1977778
      ],
      [
       13.2605556,
       50.2208333
      ],
      [
       13.3263889,
       50.0894444
      ],
      [
       13.2213889,
       49.9788889
      ],
      [
       13.0386111,
       49.9744444
      ],
      [
       12.3444444,
       50.17
      ],
      [
       12.4875,
       50.3419444
      ]
     ]
    ]
   }
  },
  {
   "type": "Feature",
   "properties": {
    "ll": {
     "value": 2500,
     "unit": 1,
     "referenceDatum": 1
    },
    "ul": {
     "value": 95,
     "unit": 6,
     "referenceDatum": 2
    },
    "_id": "626148a01eacded7b7bb3cce",
    "name": "TMA I OSTRAVA 119.375",
    "type": 0,
    "icao": 3,
    "bnd": [
     [
      49.4441667,
      17.7386111
     ],
     [
      49.9922222,
      18.6055556
     ]
    ]
   },
   "geometry": {
    "type": "Polygon",
    "coordinates": [
     [
      [
       18.2116667,
       49.9880556
      ],
      [
       18.2152778,
       49.9755556
      ],
      [
       18.2213889,
       49.9675
      ],
      [
       18.2294444,
       49.9694444
      ],
      [
       18.2363889,
       49.9708333
      ],
      [
       18.2533333,
       49.9688889
      ],
      [
       18.2713889,
       49.9661111
      ],
      [
       18.2783333,
       49.9622222
      ],
      [
       18.2791667,
       49.94
      ],
      [
       18.2816667,
       49.9369444
      ],
      [
       18.2894444,
       49.9286111
      ],
      [
       18.3005556,
       49.925
      ],
      [
       18.3147222,
       49.9186111
      ],
      [
       18.3177778,
       49.9155556
      ],
      [
       18.3261111,
       49.9188889
      ],
      [
       18.3297222,
       49.9294444
      ],
      [
       18.3333333,
       49.93
      ],
      [
       18.3375,
       49.9266667
      ],
      [
       18.3411111,
       49.9258333
      ],
      [
       18.35,
       49.9294444
      ],
      [
       18.3408333,
       49.9319444
      ],
      [
       18.3419444,
       49.9344444
      ],
      [
       18.3497222,
       49.9336111
      ],
      [
       18.3486111,
       49.9366667
      ],
      [
       18.3438889,
       49.9402778
      ],
      [
       18.3347222,
       49.9397222
      ],
      [
       18.3372222,
       49.9458333
      ],
      [
       18.3597222,
       49.9405556
      ],
      [
       18.3666667,
       49.9369444
      ],
      [
       18.3736111,
       49.9372222
      ],
      [
       18.3863889,
       49.935
      ],
      [
       18.3975,
       49.9341667
      ],
      [
       18.4177778,
       49.9372222
      ],
      [
       18.4305556,
       49.9380556
      ],
      [
       18.4375,
       49.9280556
      ],
      [
       18.4508333,
       49.9233333
      ],
      [
       18.4611111,
       49.9225
      ],
      [
       18.4669444,
       49.9158333
      ],
      [
       18.4827778,
       49.9105556
      ],
      [
       18.4833333,
       49.9077778
      ],
      [
       18.485,
       49.9061111
      ],
      [
       18.4908333,
       49.9033333
      ],
      [
       18.495,
       49.9047222
      ],
      [
       18.4952778,
       49.9061111
      ],
      [
       18.4969444,
       49.905
      ],
      [
       18.4997222,
       49.9047222
      ],
      [
       18.5027778,
       49.9038889
      ],
      [
       18.5033333,
       49.9025
      ],
      [
       18.5055556,
       49.9030556
      ],
      [
       18.5080556,
       49.9027778
      ],
      [
       18.5125,
       49.9019444
      ],
      [
       18.5152778,
       49.9016667
      ],
      [
       18.5205556,
       49.9005556
      ],
      [
       18.5222222,
       49.9011111
      ],
      [
       18.5227778,
       49.9002778
      ],
      [
       18.5244444,
       49.8997222
      ],
      [
       18.5288889,
       49.9008333
      ],
      [
       18.5325,
       49.9
      ],
      [
       18.535,
       49.9019444
      ],
      [
       18.5394444,
       49.9044444
      ],
      [
       18.5469444,
       49.9088889
      ],
      [
       18.5411111,
       49.9183333
      ],
      [
       18.5427778,
       49.9222222
      ],
      [
       18.5419444,
       49.9261111
      ],
      [
       18.5502778,
       49.9227778
      ],
      [
       18.5594444,
       49.9177778
      ],
      [
       18.575,
       49.9186111
      ],
      [
       18.5761111,
       49.9130556
      ],
      [
       18.5736111,
       49.9077778
      ],
      [
       18.5777778,
       49.9033333
      ],
      [
       18.5730556,
       49.8952778
      ],
      [
       18.5736111,
       49.8894444
      ],
      [
       18.5694444,
       49.885
      ],
      [
       18.5683333,
       49.8844444
      ],
      [
       18.5655556,
       49.8805556
      ],
      [
       18.5697222,
       49.875
      ],
      [
       18.5702778,
       49.8738889
      ],
      [
       18.5730556,
       49.8725
      ],
      [
       18.5794444,
       49.8691667
      ],
      [
       18.5797222,
       49.8680556
      ],
      [
       18.5902778,
       49.8675
      ],
      [
       18.5988889,
       49.8661111
      ],
      [
       18.6055556,
       49.8613889
      ],
      [
       18.5916667,
       49.8558333
      ],
      [
       18.5888889,
       49.8538889
      ],
      [
       18.5852778,
       49.8527778
      ],
      [
       18.5855556,
       49.8505556
      ],
      [
       18.5858333,
       49.8486111
      ],
      [
       18.5825,
       49.8405556
      ],
      [
       18.5691667,
       49.8341667
      ],
      [
       18.5708333,
       49.8261111
      ],
      [
       18.5772222,
       49.8205556
      ],
      [
       18.5822222,
       49.8180556
      ],
      [
       18.3666667,
       49.6847222
      ],
      [
       18.2786111,
       49.7377778
      ],
      [
       18.2830556,
       49.7294444
      ],
      [
       18.2863889,
       49.7211111
      ],
      [
       18.2877778,
       49.7169444
      ],
      [
       18.2886111,
       49.7125
      ],
      [
       18.2894444,
       49.7083333
      ],
      [
       18.29,
       49.7038889
      ],
      [
       18.2905556,
       49.6997222
      ],
      [
       18.2905556,
       49.6952778
      ],
      [
       18.29,
       49.6866667
      ],
      [
       18.2891667,
       49.6822222
      ],
      [
       18.2883333,
       49.6780556
      ],
      [
       18.2872222,
       49.6736111
      ],
      [
       18.2858333,
       49.6694444
      ],
      [
       18.2841667,
       49.6652778
      ],
      [
       18.2822222,
       49.6611111
      ],
      [
       18.28,
       49.6569444
      ],
      [
       18.2775,
       49.6527778
      ],
      [
       18.275,
       49.6488889
      ],
      [
       18.2722222,
       49.645
      ],
      [
       18.2691667,
       49.6411111
      ],
      [
       18.2658333,
       49.6372222
      ],
      [
       18.2586111,
       49.63
      ],
      [
       18.2547222,
       49.6263889
      ],
      [
       18.2505556,
       49.6230556
      ],
      [
       18.2416667,
       49.6163889
      ],
      [
       18.2322222,
       49.6102778
      ],
      [
       18.2269444,
       49.6075
      ],
      [
       18.2219444,
       49.6047222
      ],
      [
       18.2163889,
       49.6019444
      ],
      [
       18.2111111,
       49.5994444
      ],
      [
       18.1936111,
       49.5927778
      ],
      [
       18.1877778,
       49.5908333
      ],
      [
       18.1816667,
       49.5891667
      ],
      [
       18.1752778,
       49.5875
      ],
      [
       18.1625,
       49.5847222
      ],
      [
       18.1497222,
       49.5825
      ],
      [
       18.1363889,
       49.5808333
      ],
      [
       18.1297222,
       49.5802778
      ],
      [
       18.1163889,
       49.5797222
      ],
      [
       18.1030556,
       49.5797222
      ],
      [
       18.0961111,
       49.58
      ],
      [
       18.0827778,
       49.5811111
      ],
      [
       18.0763889,
       49.5819444
      ],
      [
       18.0697222,
       49.5827778
      ],
      [
       18.0633333,
       49.5838889
      ],
      [
       18.0566667,
       49.585
      ],
      [
       18.0502778,
       49.5863889
      ],
      [
       18.0388889,
       49.5894444
      ],
      [
       17.9780556,
       49.5513889
      ],
      [
       17.9705556,
       49.5566667
      ],
      [
       17.9425,
       49.5388889
      ],
      [
       18.0183333,
       49.4669444
      ],
      [
       17.9822222,
       49.4441667
      ],
      [
       17.9755556,
       49.4455556
      ],
      [
       17.9686111,
       49.4472222
      ],
      [
       17.9552778,
       49.4505556
      ],
      [
       17.9488889,
       49.4522222
      ],
      [
       17.9422222,
       49.4541667
      ],
      [
       17.9358333,
       49.4561111
      ],
      [
       17.9291667,
       49.4580556
      ],
      [
       17.9227778,
       49.4602778
      ],
      [
       17.9166667,
       49.4625
      ],
      [
       17.9102778,
       49.4647222
      ],
      [
       17.9041667,
       49.4669444
      ],
      [
       17.8977778,
       49.4691667
      ],
      [
       17.8916667,
       49.4716667
      ],
      [
       17.8858333,
       49.4741667
      ],
      [
       17.8797222,
       49.4766667
      ],
      [
       17.8680556,
       49.4822222
      ],
      [
       17.8625,
       49.4847222
      ],
      [
       17.8566667,
       49.4877778
      ],
      [
       17.8511111,
       49.4905556
      ],
      [
       17.8455556,
       49.4936111
      ],
      [
       17.8402778,
       49.4966667
      ],
      [
       17.8347222,
       49.4997222
      ],
      [
       17.8294444,
       49.5027778
      ],
      [
       17.8244444,
       49.5058333
      ],
      [
       17.8191667,
       49.5091667
      ],
      [
       17.8141667,
       49.5125
      ],
      [
       17.8094444,
       49.5158333
      ],
      [
       17.8044444,
       49.5194444
      ],
      [
       17.7997222,
       49.5227778
      ],
      [
       17.795,
       49.5263889
      ],
      [
       17.7816667,
       49.5372222
      ],
      [
       17.7775,
       49.5408333
      ],
      [
       17.7691667,
       49.5486111
      ],
      [
       17.7613889,
       49.5563889
      ],
      [
       17.7541667,
       49.5641667
      ],
      [
       17.7505556,
       49.5683333
      ],
      [
       17.7472222,
       49.5725
      ],
      [
       17.7438889,
       49.5763889
      ],
      [
       17.7386111,
       49.5833333
      ],
      [
       17.8180556,
       49.6272222
      ],
      [
       17.8297222,
       49.7552778
      ],
      [
       18.2113889,
       49.9922222
      ],
      [
       18.2116667,
       49.9880556
      ]
     ]
    ]
   }
  },
  {
   "type": "Feature",
   "properties": {
    "ll": {
     "value": 2500,
     "unit": 1,
     "referenceDatum": 1
    },
    "ul": {
     "value": 3500,
     "unit": 1,
     "referenceDatum": 1
    },
    "_id": "626148a05e9ded571043ea45",
    "name": "TMA I PRAHA 120.530 127.580",
    "type": 0,
    "icao": 2,
    "bnd": [
     [
      49.9472222,
      13.9543899
     ],
     [
      50.2508333,
      14.5502778
     ]
    ]
   },
   "geometry": {
    "type": "Polygon",
    "coordinates": [
     [
      [
       14.0691667,
       50.2508333
      ],
      [
       14.1758333,
       50.2341667
      ],
      [
       14.1616258,
       50.2300226
      ],
      [
       14.1478843,
       50.2252804
      ],
      [
       14.1346702,
       50.2199613
      ],
      [
       14.1220426,
       50.2140893
      ],
      [
       14.1100579,
       50.2076906
      ],
      [
       14.0987693,
       50.2007938
      ],
      [
       14.0882272,
       50.1934299
      ],
      [
       14.0784784,
       50.1856317
      ],
      [
       14.069566,
       50.1774342
      ],
      [
       14.0615295,
       50.1688741
      ],
      [
       14.0544043,
       50.1599894
      ],
      [
       14.0486111,
       50.1508333
      ],
      [
       14.1325,
       50.1102778
      ],
      [
       14.0336111,
       50.0805556
      ],
      [
       14.0355645,
       50.0706521
      ],
      [
       14.0387141,
       50.0608733
      ],
      [
       14.0428706,
       50.0512508
      ],
      [
       14.0480151,
       50.0418275
      ],
      [
       14.054124,
       50.0326451
      ],
      [
       14.0611698,
       50.0237442
      ],
      [
       14.0691208,
       50.0151644
      ],
      [
       14.0736111,
       50.0108333
      ],
      [
       14.1338889,
       50.0283333
      ],
      [
       14.1424791,
       50.0218849
      ],
      [
       14.1518857,
       50.0159234
      ],
      [
       14.1619884,
       50.0104532
      ],
      [
       14.172725,
       50.0055077
      ],
      [
       14.1840297,
       50.0011172
      ],
      [
       14.1958331,
       49.9973087
      ],
      [
       14.2080629,
       49.9941053
      ],
      [
       14.2206442,
       49.9915266
      ],
      [
       14.2335001,
       49.9895885
      ],
      [
       14.246552,
       49.9883028
      ],
      [
       14.2597201,
       49.9876774
      ],
      [
       14.2729238,
       49.987716
      ],
      [
       14.2860825,
       49.9884184
      ],
      [
       14.2991157,
       49.9897804
      ],
      [
       14.3119438,
       49.9917935
      ],
      [
       14.3244882,
       49.9944456
      ],
      [
       14.3366723,
       49.9977204
      ],
      [
       14.3486111,
       50.0016667
      ],
      [
       14.4163889,
       49.9927778
      ],
      [
       14.4270403,
       49.9996562
      ],
      [
       14.4369359,
       50.0069872
      ],
      [
       14.4460289,
       50.0147364
      ],
      [
       14.4542763,
       50.0228675
      ],
      [
       14.4616391,
       50.0313424
      ],
      [
       14.4680822,
       50.0401213
      ],
      [
       14.4735749,
       50.0491631
      ],
      [
       14.475,
       50.0527778
      ],
      [
       14.5502778,
       50.0161111
      ],
      [
       14.5429119,
       50.0056004
      ],
      [
       14.5343165,
       49.9954784
      ],
      [
       14.52483,
       49.9856915
      ],
      [
       14.5144844,
       49.9762723
      ],
      [
       14.5033146,
       49.9672518
      ],
      [
       14.4913579,
       49.9586599
      ],
      [
       14.4786542,
       49.9505251
      ],
      [
       14.4730556,
       49.9472222
      ],
      [
       14.005,
       49.9872222
      ],
      [
       13.9954905,
       49.9969955
      ],
      [
       13.9870323,
       50.0071641
      ],
      [
       13.9794983,
       50.0176292
      ],
      [
       13.9729142,
       50.0283559
      ],
      [
       13.9673024,
       50.0393088
      ],
      [
       13.9626823,
       50.0504513
      ],
      [
       13.95907,
       50.0617463
      ],
      [
       13.9564781,
       50.0731564
      ],
      [
       13.9549161,
       50.0846435
      ],
      [
       13.9543899,
       50.0961693
      ],
      [
       13.954902,
       50.1076954
      ],
      [
       13.9564514,
       50.1191832
      ],
      [
       13.9590337,
       50.1305945
      ],
      [
       13.9626411,
       50.141891
      ],
      [
       13.9672621,
       50.153035
      ],
      [
       13.972882,
       50.1639892
      ],
      [
       13.9794827,
       50.1747169
      ],
      [
       13.9870426,
       50.1851821
      ],
      [
       13.9955371,
       50.1953497
      ],
      [
       14.0049382,
       50.2051856
      ],
      [
       14.0152149,
       50.2146568
      ],
      [
       14.0263331,
       50.2237313
      ],
      [
       14.0382561,
       50.2323788
      ],
      [
       14.0509439,
       50.2405702
      ],
      [
       14.0643545,
       50.2482777
      ],
      [
       14.0691667,
       50.2508333
      ]
     ]
    ]
   }
  },
  {
   "type": "Feature",
   "properties": {
    "ll": {
     "value": 2000,
     "unit": 1,
     "referenceDatum": 1
    },
    "ul": {
     "value": 3500,
     "unit": 1,
     "referenceDatum": 1
    },
    "_id": "626148a05e9ded571043ea5b",
    "name": "TMA I VODOCHODY 127.480",
    "type": 0,
    "icao": 3,
    "bnd": [
     [
      50.2202778,
      14.0280556
     ],
     [
      50.3919444,
      14.7838889
     ]
    ]
   },
   "geometry": {
    "type": "Polygon",
    "coordinates": [
     [
      [
       14.0280556,
       50.3919444
      ],
      [
       14.6055556,
       50.3902778
      ],
      [
       14.6136111,
       50.3863889
      ],
      [
       14.6213889,
       50.3825
      ],
      [
       14.6369444,
       50.3741667
      ],
      [
       14.6519444,
       50.3658333
      ],
      [
       14.6663889,
       50.3569444
      ],
      [
       14.6733333,
       50.3522222
      ],
      [
       14.6802778,
       50.3477778
      ],
      [
       14.6936111,
       50.3383333
      ],
      [
       14.7002778,
       50.3333333
      ],
      [
       14.7130556,
       50.3233333
      ],
      [
       14.7191667,
       50.3183333
      ],
      [
       14.725,
       50.3133333
      ],
      [
       14.7366667,
       50.3027778
      ],
      [
       14.7422222,
       50.2975
      ],
      [
       14.7475,
       50.2919444
      ],
      [
       14.7527778,
       50.2866667
      ],
      [
       14.7677778,
       50.27
      ],
      [
       14.7766667,
       50.2583333
      ],
      [
       14.7838889,
       50.2488889
      ],
      [
       14.6988889,
       50.2202778
      ],
      [
       14.5688889,
       50.2347222
      ],
      [
       14.3352778,
       50.3127778
      ],
      [
       14.2722222,
       50.2866667
      ],
      [
       14.2477778,
       50.2227778
      ],
      [
       14.1758333,
       50.2341667
      ],
      [
       14.0691667,
       50.2508333
      ],
      [
       14.0280556,
       50.3919444
      ]
     ]
    ]
   }
  },
  {
   "type": "Feature",
   "properties": {
    "ll": {
     "value": 3500,
     "unit": 1,
     "referenceDatum": 1
    },
    "ul": {
     "value": 95,
     "unit": 6,
     "referenceDatum": 2
    },
    "_id": "6261489f5e9ded571043e9f7",
    "name": "TMA II BRNO 127.350",
    "type": 0,
    "icao": 3,
    "bnd": [
     [
      48.8508333,
      16.8027778
     ],
     [
      49.2577778,
      17.5894444
     ]
    ]
   },
   "geometry": {
    "type": "Polygon",
    "coordinates": [
     [
      [
       17.0644444,
       49.2577778
      ],
      [
       17.4961111,
       49.2541667
      ],
      [
       17.5894444,
       49.245
      ],
      [
       17.2741667,
       49.1180556
      ],
      [
       17.2366667,
       48.9377778
      ],
      [
       16.9330556,
       48.8508333
      ],
      [
       16.8027778,
       48.9286111
      ],
      [
       16.8091667,
       48.93
      ],
      [
       16.8152778,
       48.9313889
      ],
      [
       16.8213889,
       48.9330556
      ],
      [
       16.8277778,
       48.9347222
      ],
      [
       16.8338889,
       48.9363889
      ],
      [
       16.8397222,
       48.9380556
      ],
      [
       16.8458333,
       48.94
      ],
      [
       16.8516667,
       48.9419444
      ],
      [
       16.8577778,
       48.9438889
      ],
      [
       16.8636111,
       48.9458333
      ],
      [
       16.8694444,
       48.9480556
      ],
      [
       16.875,
       48.9502778
      ],
      [
       16.8808333,
       48.9525
      ],
      [
       16.8863889,
       48.9547222
      ],
      [
       16.8919444,
       48.9572222
      ],
      [
       16.8972222,
       48.9597222
      ],
      [
       16.9075,
       48.9647222
      ],
      [
       16.9747222,
       48.9588889
      ],
      [
       16.9897222,
       48.9688889
      ],
      [
       16.9944444,
       48.9722222
      ],
      [
       16.9991667,
       48.9758333
      ],
      [
       17.0036111,
       48.9791667
      ],
      [
       17.0169444,
       48.99
      ],
      [
       17.0211111,
       48.9938889
      ],
      [
       17.0252778,
       48.9975
      ],
      [
       17.0369444,
       49.0091667
      ],
      [
       17.0405556,
       49.0130556
      ],
      [
       17.0441667,
       49.0172222
      ],
      [
       17.0477778,
       49.0211111
      ],
      [
       17.0544444,
       49.0294444
      ],
      [
       17.0636111,
       49.0419444
      ],
      [
       17.0663889,
       49.0461111
      ],
      [
       17.0691667,
       49.0505556
      ],
      [
       17.0716667,
       49.0547222
      ],
      [
       17.0766667,
       49.0636111
      ],
      [
       17.0788889,
       49.0680556
      ],
      [
       17.0811111,
       49.0722222
      ],
      [
       17.0830556,
       49.0766667
      ],
      [
       17.085,
       49.0813889
      ],
      [
       17.09,
       49.0947222
      ],
      [
       17.0913889,
       49.0994444
      ],
      [
       17.0927778,
       49.1038889
      ],
      [
       17.0938889,
       49.1086111
      ],
      [
       17.095,
       49.1130556
      ],
      [
       17.0958333,
       49.1177778
      ],
      [
       17.0966667,
       49.1222222
      ],
      [
       17.0972222,
       49.1269444
      ],
      [
       17.0980556,
       49.1313889
      ],
      [
       17.0988889,
       49.1455556
      ],
      [
       17.0988889,
       49.1547222
      ],
      [
       17.0986111,
       49.1594444
      ],
      [
       17.0980556,
       49.1686111
      ],
      [
       17.0975,
       49.1733333
      ],
      [
       17.0969444,
       49.1777778
      ],
      [
       17.0961111,
       49.1825
      ],
      [
       17.095,
       49.1869444
      ],
      [
       17.0941667,
       49.1916667
      ],
      [
       17.0930556,
       49.1961111
      ],
      [
       17.0916667,
       49.2008333
      ],
      [
       17.0902778,
       49.2052778
      ],
      [
       17.0886111,
       49.21
      ],
      [
       17.0852778,
       49.2188889
      ],
      [
       17.0813889,
       49.2277778
      ],
      [
       17.0747222,
       49.2411111
      ],
      [
       17.0722222,
       49.2452778
      ],
      [
       17.0697222,
       49.2497222
      ],
      [
       17.0644444,
       49.2577778
      ]
     ]
    ]
   }
  },
  {
   "type": "Feature",
   "properties": {
    "ll": {
     "value": 75,
     "unit": 6,
     "referenceDatum": 2
    },
    "ul": {
     "value": 95,
     "unit": 6,
     "referenceDatum": 2
    },
    "_id": "6261489f5e9ded571043ea16",
    "name": "TMA II KARLOVY VARY 118.650",
    "type": 0,
    "icao": 3,
    "bnd": [
     [
      49.9658333,
      12.3444444
     ],
     [
      50.17,
      13.0386111
     ]
    ]
   },
   "geometry": {
    "type": "Polygon",
    "coordinates": [
     [
      [
       12.3444444,
       50.17
      ],
      [
       13.0386111,
       49.9744444
      ],
      [
       12.7119444,
       49.9658333
      ],
      [
       12.4233333,
       50.0480556
      ],
      [
       12.3547222,
       50.1322222
      ],
      [
       12.3444444,
       50.17
      ]
     ]
    ]
   }
  },
  {
   "type": "Feature",
   "properties": {
    "ll": {
     "value": 4000,
     "unit": 1,
     "referenceDatum": 1
    },
    "ul": {
     "value": 95,
     "unit": 6,
     "referenceDatum": 2
    },
    "_id": "6261489f1eacded7b7bb3cbc",
    "name": "TMA II OSTRAVA 119.375",
    "type": 0,
    "icao": 3,
    "bnd": [
     [
      49.4319444,
      17.9822222
     ],
     [
      49.8180556,
      18.6108333
     ]
    ]
   },
   "geometry": {
    "type": "Polygon",
    "coordinates": [
     [
      [
       18.5822222,
       49.8180556
      ],
      [
       18.5822222,
       49.8097222
      ],
      [
       18.5913889,
       49.8027778
      ],
      [
       18.5927778,
       49.7975
      ],
      [
       18.5972222,
       49.7861111
      ],
      [
       18.6025,
       49.7808333
      ],
      [
       18.6102778,
       49.7705556
      ],
      [
       18.6108333,
       49.7663889
      ],
      [
       18.0755556,
       49.4319444
      ],
      [
       18.0683333,
       49.4325
      ],
      [
       18.0613889,
       49.4327778
      ],
      [
       18.0541667,
       49.4336111
      ],
      [
       18.0472222,
       49.4341667
      ],
      [
       18.04,
       49.435
      ],
      [
       18.0261111,
       49.4366667
      ],
      [
       18.0191667,
       49.4377778
      ],
      [
       18.0122222,
       49.4386111
      ],
      [
       18.0052778,
       49.44
      ],
      [
       17.9983333,
       49.4411111
      ],
      [
       17.9913889,
       49.4425
      ],
      [
       17.9822222,
       49.4441667
      ],
      [
       18.0183333,
       49.4669444
      ],
      [
       18.3666667,
       49.6847222
      ],
      [
       18.5822222,
       49.8180556
      ]
     ]
    ]
   }
  },
  {
   "type": "Feature",
   "properties": {
    "ll": {
     "value": 3500,
     "unit": 1,
     "referenceDatum": 1
    },
    "ul": {
     "value": 95,
     "unit": 6,
     "referenceDatum": 2
    },
    "_id": "626148a05e9ded571043ea21",
    "name": "TMA II PRAHA 120.530 127.580",
    "type": 0,
    "icao": 2,
    "bnd": [
     [
      49.8047222,
      13.6436111
     ],
     [
      50.3919444,
      14.8722222
     ]
    ]
   },
   "geometry": {
    "type": "Polygon",
    "coordinates": [
     [
      [
       14.0280556,
       50.3919444
      ],
      [
       14.6055556,
       50.3902778
      ],
      [
       14.7697222,
       50.3580556
      ],
      [
       14.7836111,
       50.3463889
      ],
      [
       14.7969444,
       50.3347222
      ],
      [
       14.8097222,
       50.3225
      ],
      [
       14.8158333,
       50.3163889
      ],
      [
       14.8216667,
       50.3102778
      ],
      [
       14.8383333,
       50.2911111
      ],
      [
       14.8436111,
       50.2847222
      ],
      [
       14.8486111,
       50.2780556
      ],
      [
       14.8533333,
       50.2716667
      ],
      [
       14.8580556,
       50.265
      ],
      [
       14.8625,
       50.2583333
      ],
      [
       14.8666667,
       50.2516667
      ],
      [
       14.8722222,
       50.2425
      ],
      [
       14.8288889,
       50.1513889
      ],
      [
       14.6244444,
       49.98
      ],
      [
       14.8211111,
       49.8833333
      ],
      [
       14.8091667,
       49.8708333
      ],
      [
       14.8027778,
       49.8647222
      ],
      [
       14.7963889,
       49.8588889
      ],
      [
       14.79,
       49.8527778
      ],
      [
       14.7833333,
       49.8469444
      ],
      [
       14.7763889,
       49.8411111
      ],
      [
       14.7694444,
       49.8355556
      ],
      [
       14.7622222,
       49.8297222
      ],
      [
       14.755,
       49.8241667
      ],
      [
       14.7475,
       49.8188889
      ],
      [
       14.74,
       49.8133333
      ],
      [
       14.7269444,
       49.8047222
      ],
      [
       14.0530556,
       49.8358333
      ],
      [
       13.9302778,
       49.8411111
      ],
      [
       13.8811111,
       49.8719444
      ],
      [
       13.7061111,
       49.8877778
      ],
      [
       13.7005556,
       49.8938889
      ],
      [
       13.695,
       49.9002778
      ],
      [
       13.6897222,
       49.9066667
      ],
      [
       13.6847222,
       49.9133333
      ],
      [
       13.68,
       49.9197222
      ],
      [
       13.6752778,
       49.9263889
      ],
      [
       13.6663889,
       49.9397222
      ],
      [
       13.6622222,
       49.9463889
      ],
      [
       13.6583333,
       49.9530556
      ],
      [
       13.6544444,
       49.96
      ],
      [
       13.6508333,
       49.9666667
      ],
      [
       13.6436111,
       49.9816667
      ],
      [
       13.7477778,
       50.0933333
      ],
      [
       13.7475,
       50.0991667
      ],
      [
       13.7483333,
       50.1163889
      ],
      [
       13.7488889,
       50.1222222
      ],
      [
       13.7497222,
       50.1277778
      ],
      [
       13.7505556,
       50.1336111
      ],
      [
       13.7516667,
       50.1394444
      ],
      [
       13.7527778,
       50.145
      ],
      [
       13.7541667,
       50.1508333
      ],
      [
       13.7555556,
       50.1563889
      ],
      [
       13.7572222,
       50.1622222
      ],
      [
       13.7611111,
       50.1733333
      ],
      [
       13.7630556,
       50.1791667
      ],
      [
       13.7655556,
       50.1847222
      ],
      [
       13.7677778,
       50.1902778
      ],
      [
       13.7705556,
       50.1958333
      ],
      [
       13.7730556,
       50.2011111
      ],
      [
       13.7791667,
       50.2122222
      ],
      [
       13.7822222,
       50.2175
      ],
      [
       13.7855556,
       50.2230556
      ],
      [
       13.7963889,
       50.2388889
      ],
      [
       13.8002778,
       50.2438889
      ],
      [
       13.8044444,
       50.2491667
      ],
      [
       13.8086111,
       50.2541667
      ],
      [
       13.8130556,
       50.2594444
      ],
      [
       13.8219444,
       50.2694444
      ],
      [
       13.8316667,
       50.2791667
      ],
      [
       13.8416667,
       50.2886111
      ],
      [
       13.8469444,
       50.2933333
      ],
      [
       13.8525,
       50.2980556
      ],
      [
       13.8580556,
       50.3025
      ],
      [
       13.8636111,
       50.3072222
      ],
      [
       13.8694444,
       50.3116667
      ],
      [
       13.8752778,
       50.3158333
      ],
      [
       13.8813889,
       50.3202778
      ],
      [
       13.8875,
       50.3244444
      ],
      [
       13.8938889,
       50.3286111
      ],
      [
       13.9,
       50.3327778
      ],
      [
       13.9066667,
       50.3369444
      ],
      [
       13.9266667,
       50.3486111
      ],
      [
       13.9405556,
       50.3558333
      ],
      [
       13.955,
       50.3630556
      ],
      [
       13.9622222,
       50.3663889
      ],
      [
       13.9772222,
       50.3730556
      ],
      [
       13.9847222,
       50.3761111
      ],
      [
       14.0080556,
       50.3852778
      ],
      [
       14.0161111,
       50.3880556
      ],
      [
       14.0280556,
       50.3919444
      ]
     ]
    ]
   }
  },
  {
   "type": "Feature",
   "properties": {
    "ll": {
     "value": 2000,
     "unit": 1,
     "referenceDatum": 1
    },
    "ul": {
     "value": 3500,
     "unit": 1,
     "referenceDatum": 1
    },
    "_id": "626148a05e9ded571043ea2a",
    "name": "TMA II VODOCHODY 127.480",
    "type": 0,
    "icao": 3,
    "bnd": [
     [
      50.1544444,
      14.5463889
     ],
     [
      50.2347222,
      14.6988889
     ]
    ]
   },
   "geometry": {
    "type": "Polygon",
    "coordinates": [
     [
      [
       14.5688889,
       50.2347222
      ],
      [
       14.6988889,
       50.2202778
      ],
      [
       14.6880556,
       50.1925
      ],
      [
       14.5619444,
       50.1544444
      ],
      [
       14.5502778,
       50.1705556
      ],
      [
       14.5463889,
       50.1755556
      ],
      [
       14.5688889,
       50.2347222
      ]
     ]
    ]
   }
  },
  {
   "type": "Feature",
   "properties": {
    "ll": {
     "value": 5000,
     "unit": 1,
     "referenceDatum": 1
    },
    "ul": {
     "value": 95,
     "unit": 6,
     "referenceDatum": 2
    },
    "_id": "6261489f1eacded7b7bb3c97",
    "name": "TMA III BRNO 127.350",
    "type": 0,
    "icao": 3,
    "bnd": [
     [
      48.7730556,
      16.9330556
     ],
     [
      49.245,
      17.7958333
     ]
    ]
   },
   "geometry": {
    "type": "Polygon",
    "coordinates": [
     [
      [
       17.5894444,
       49.245
      ],
      [
       17.7008333,
       49.2341667
      ],
      [
       17.7958333,
       49.105
      ],
      [
       17.6761111,
       48.8577778
      ],
      [
       17.6744444,
       48.8569444
      ],
      [
       17.6666667,
       48.8541667
      ],
      [
       17.6544444,
       48.8555556
      ],
      [
       17.6444444,
       48.8544444
      ],
      [
       17.6266667,
       48.8513889
      ],
      [
       17.6208333,
       48.8419444
      ],
      [
       17.6002778,
       48.8394444
      ],
      [
       17.5963889,
       48.8308333
      ],
      [
       17.5911111,
       48.8266667
      ],
      [
       17.5861111,
       48.8255556
      ],
      [
       17.5686111,
       48.8244444
      ],
      [
       17.5605556,
       48.8272222
      ],
      [
       17.5566667,
       48.8294444
      ],
      [
       17.5505556,
       48.8280556
      ],
      [
       17.5552778,
       48.8225
      ],
      [
       17.5483333,
       48.8172222
      ],
      [
       17.5391667,
       48.8186111
      ],
      [
       17.5361111,
       48.8169444
      ],
      [
       17.5283333,
       48.8119444
      ],
      [
       17.5188889,
       48.815
      ],
      [
       17.5155556,
       48.8197222
      ],
      [
       17.5158333,
       48.8247222
      ],
      [
       17.5152778,
       48.825
      ],
      [
       17.5119444,
       48.8194444
      ],
      [
       17.5105556,
       48.8205556
      ],
      [
       17.5097222,
       48.8194444
      ],
      [
       17.4813889,
       48.8391667
      ],
      [
       17.4744444,
       48.8413889
      ],
      [
       17.4575,
       48.8447222
      ],
      [
       17.4538889,
       48.8461111
      ],
      [
       17.4508333,
       48.8458333
      ],
      [
       17.4477778,
       48.8425
      ],
      [
       17.4438889,
       48.8386111
      ],
      [
       17.4425,
       48.8380556
      ],
      [
       17.4347222,
       48.8391667
      ],
      [
       17.4283333,
       48.8297222
      ],
      [
       17.4244444,
       48.8269444
      ],
      [
       17.4213889,
       48.8277778
      ],
      [
       17.4163889,
       48.8272222
      ],
      [
       17.4061111,
       48.8216667
      ],
      [
       17.4022222,
       48.8186111
      ],
      [
       17.3961111,
       48.8130556
      ],
      [
       17.3869444,
       48.8155556
      ],
      [
       17.3783333,
       48.8191667
      ],
      [
       17.37,
       48.8152778
      ],
      [
       17.3619444,
       48.8136111
      ],
      [
       17.3591667,
       48.8152778
      ],
      [
       17.3561111,
       48.8191667
      ],
      [
       17.3533333,
       48.8216667
      ],
      [
       17.3480556,
       48.8244444
      ],
      [
       17.3458333,
       48.8261111
      ],
      [
       17.3375,
       48.8288889
      ],
      [
       17.3344444,
       48.8305556
      ],
      [
       17.3297222,
       48.8327778
      ],
      [
       17.3280556,
       48.8347222
      ],
      [
       17.3238889,
       48.8377778
      ],
      [
       17.3222222,
       48.8441667
      ],
      [
       17.3205556,
       48.845
      ],
      [
       17.3180556,
       48.8455556
      ],
      [
       17.3133333,
       48.8433333
      ],
      [
       17.3044444,
       48.8441667
      ],
      [
       17.3008333,
       48.8463889
      ],
      [
       17.2977778,
       48.8491667
      ],
      [
       17.2933333,
       48.85
      ],
      [
       17.2883333,
       48.8522222
      ],
      [
       17.2855556,
       48.8530556
      ],
      [
       17.2794444,
       48.8561111
      ],
      [
       17.2783333,
       48.8586111
      ],
      [
       17.2755556,
       48.8608333
      ],
      [
       17.2719444,
       48.8616667
      ],
      [
       17.2680556,
       48.8608333
      ],
      [
       17.265,
       48.8602778
      ],
      [
       17.2638889,
       48.8605556
      ],
      [
       17.2594444,
       48.8611111
      ],
      [
       17.2575,
       48.8619444
      ],
      [
       17.2522222,
       48.8627778
      ],
      [
       17.2480556,
       48.8655556
      ],
      [
       17.2438889,
       48.8675
      ],
      [
       17.2397222,
       48.8680556
      ],
      [
       17.2305556,
       48.8686111
      ],
      [
       17.225,
       48.8713889
      ],
      [
       17.2161111,
       48.8711111
      ],
      [
       17.1983333,
       48.8766667
      ],
      [
       17.1894444,
       48.8722222
      ],
      [
       17.1844444,
       48.8677778
      ],
      [
       17.1694444,
       48.8558333
      ],
      [
       17.16,
       48.8516667
      ],
      [
       17.1505556,
       48.8436111
      ],
      [
       17.1311111,
       48.8383333
      ],
      [
       17.1108333,
       48.8311111
      ],
      [
       17.1052778,
       48.8241667
      ],
      [
       17.1069444,
       48.8175
      ],
      [
       17.1044444,
       48.805
      ],
      [
       17.0938889,
       48.7988889
      ],
      [
       17.09,
       48.7944444
      ],
      [
       17.0886111,
       48.7852778
      ],
      [
       17.0794444,
       48.7816667
      ],
      [
       17.0683333,
       48.7788889
      ],
      [
       17.0625,
       48.7730556
      ],
      [
       16.9330556,
       48.8508333
      ],
      [
       17.2366667,
       48.9377778
      ],
      [
       17.2741667,
       49.1180556
      ],
      [
       17.5894444,
       49.245
      ]
     ]
    ]
   }
  },
  {
   "type": "Feature",
   "properties": {
    "ll": {
     "value": 4000,
     "unit": 1,
     "referenceDatum": 1
    },
    "ul": {
     "value": 95,
     "unit": 6,
     "referenceDatum": 2
    },
    "_id": "6261489f1eacded7b7bb3ca4",
    "name": "TMA III KARLOVY VARY 118.650",
    "type": 0,
    "icao": 3,
    "bnd": [
     [
      50.1977778,
      12.4875
     ],
     [
      50.3922222,
      13.2605556
     ]
    ]
   },
   "geometry": {
    "type": "Polygon",
    "coordinates": [
     [
      [
       12.4875,
       50.3419444
      ],
      [
       12.6336111,
       50.3922222
      ],
      [
       13.2605556,
       50.2208333
      ],
      [
       13.1769444,
       50.1977778
      ],
      [
       12.7247222,
       50.3216667
      ],
      [
       12.5483333,
       50.3258333
      ],
      [
       12.4875,
       50.3419444
      ]
     ]
    ]
   }
  },
  {
   "type": "Feature",
   "properties": {
    "ll": {
     "value": 4000,
     "unit": 1,
     "referenceDatum": 1
    },
    "ul": {
     "value": 95,
     "unit": 6,
     "referenceDatum": 2
    },
    "_id": "6261489f1eacded7b7bb3caf",
    "name": "TMA III OSTRAVA 119.375",
    "type": 0,
    "icao": 3,
    "bnd": [
     [
      49.7066667,
      17.7522222
     ],
     [
      50.0658333,
      18.2113889
     ]
    ]
   },
   "geometry": {
    "type": "Polygon",
    "coordinates": [
     [
      [
       17.7872222,
       50.0175
      ],
      [
       17.7886111,
       50.0172222
      ],
      [
       17.7919444,
       50.0191667
      ],
      [
       17.7941667,
       50.0161111
      ],
      [
       17.7980556,
       50.0133333
      ],
      [
       17.8041667,
       50.0122222
      ],
      [
       17.8366667,
       50.0033333
      ],
      [
       17.8283333,
       49.9936111
      ],
      [
       17.8325,
       49.9916667
      ],
      [
       17.8352778,
       49.99
      ],
      [
       17.8388889,
       49.9911111
      ],
      [
       17.8427778,
       49.9866667
      ],
      [
       17.8519444,
       49.9838889
      ],
      [
       17.8527778,
       49.9819444
      ],
      [
       17.8563889,
       49.9813889
      ],
      [
       17.8594444,
       49.9805556
      ],
      [
       17.8683333,
       49.9722222
      ],
      [
       17.8861111,
       49.9783333
      ],
      [
       17.8927778,
       49.9797222
      ],
      [
       17.9113889,
       49.9777778
      ],
      [
       17.9227778,
       49.9786111
      ],
      [
       17.9375,
       49.9916667
      ],
      [
       17.9616667,
       50.0047222
      ],
      [
       17.9730556,
       50.0086111
      ],
      [
       17.9852778,
       50.0069444
      ],
      [
       17.9925,
       50.015
      ],
      [
       18.0044444,
       50.0183333
      ],
      [
       18.0144444,
       50.0111111
      ],
      [
       18.0352778,
       50.0108333
      ],
      [
       18.0433333,
       50.0061111
      ],
      [
       18.0452778,
       50.005
      ],
      [
       18.0444444,
       50.0102778
      ],
      [
       18.0422222,
       50.0136111
      ],
      [
       18.0461111,
       50.0158333
      ],
      [
       18.0469444,
       50.0191667
      ],
      [
       18.0427778,
       50.0219444
      ],
      [
       18.0466667,
       50.0266667
      ],
      [
       18.0441667,
       50.0363889
      ],
      [
       18.0283333,
       50.0386111
      ],
      [
       18.0244444,
       50.0363889
      ],
      [
       18.0177778,
       50.0313889
      ],
      [
       18.0086111,
       50.0311111
      ],
      [
       18.0058333,
       50.0402778
      ],
      [
       18.005,
       50.0502778
      ],
      [
       18.0119444,
       50.0544444
      ],
      [
       18.0333333,
       50.0658333
      ],
      [
       18.0458333,
       50.0625
      ],
      [
       18.0497222,
       50.0583333
      ],
      [
       18.0636111,
       50.0525
      ],
      [
       18.0658333,
       50.0480556
      ],
      [
       18.0858333,
       50.0458333
      ],
      [
       18.0872222,
       50.0358333
      ],
      [
       18.0855556,
       50.0319444
      ],
      [
       18.0963889,
       50.0258333
      ],
      [
       18.1030556,
       50.0225
      ],
      [
       18.0961111,
       50.0163889
      ],
      [
       18.0944444,
       50.0119444
      ],
      [
       18.1047222,
       50.0008333
      ],
      [
       18.1169444,
       49.9938889
      ],
      [
       18.1311111,
       49.9980556
      ],
      [
       18.1358333,
       49.9938889
      ],
      [
       18.1536111,
       49.9822222
      ],
      [
       18.1625,
       49.9847222
      ],
      [
       18.1702778,
       49.9888889
      ],
      [
       18.1680556,
       49.9936111
      ],
      [
       18.1736111,
       49.9983333
      ],
      [
       18.1827778,
       50.0002778
      ],
      [
       18.19,
       49.9986111
      ],
      [
       18.2063889,
       49.9977778
      ],
      [
       18.2113889,
       49.9922222
      ],
      [
       17.8297222,
       49.7552778
      ],
      [
       17.7522222,
       49.7066667
      ],
      [
       17.7872222,
       50.0175
      ]
     ]
    ]
   }
  },
  {
   "type": "Feature",
   "properties": {
    "ll": {
     "value": 4500,
     "unit": 1,
     "referenceDatum": 1
    },
    "ul": {
     "value": 95,
     "unit": 6,
     "referenceDatum": 2
    },
    "_id": "6261489f5e9ded571043ea07",
    "name": "TMA III PRAHA 120.530 127.580",
    "type": 0,
    "icao": 2,
    "bnd": [
     [
      49.8527778,
      14.6244444
     ],
     [
      50.2425,
      14.9905556
     ]
    ]
   },
   "geometry": {
    "type": "Polygon",
    "coordinates": [
     [
      [
       14.8722222,
       50.2425
      ],
      [
       14.9580556,
       50.2358333
      ],
      [
       14.9616667,
       50.2280556
      ],
      [
       14.9683333,
       50.2125
      ],
      [
       14.9713889,
       50.2044444
      ],
      [
       14.9741667,
       50.1966667
      ],
      [
       14.9775,
       50.1855556
      ],
      [
       14.98,
       50.1775
      ],
      [
       14.9838889,
       50.1613889
      ],
      [
       14.9852778,
       50.1533333
      ],
      [
       14.9869444,
       50.1452778
      ],
      [
       14.9880556,
       50.1372222
      ],
      [
       14.9888889,
       50.1288889
      ],
      [
       14.9897222,
       50.1208333
      ],
      [
       14.9902778,
       50.1127778
      ],
      [
       14.9905556,
       50.1047222
      ],
      [
       14.9905556,
       50.0963889
      ],
      [
       14.99,
       50.0802778
      ],
      [
       14.9894444,
       50.0719444
      ],
      [
       14.9886111,
       50.0638889
      ],
      [
       14.9863889,
       50.0477778
      ],
      [
       14.9847222,
       50.0394444
      ],
      [
       14.9830556,
       50.0313889
      ],
      [
       14.9791667,
       50.0152778
      ],
      [
       14.9766667,
       50.0075
      ],
      [
       14.9741667,
       49.9994444
      ],
      [
       14.9713889,
       49.9913889
      ],
      [
       14.9683333,
       49.9836111
      ],
      [
       14.9652778,
       49.9755556
      ],
      [
       14.9580556,
       49.96
      ],
      [
       14.9502778,
       49.9444444
      ],
      [
       14.9461111,
       49.9369444
      ],
      [
       14.9413889,
       49.9291667
      ],
      [
       14.9344444,
       49.9177778
      ],
      [
       14.9294444,
       49.9102778
      ],
      [
       14.9188889,
       49.8952778
      ],
      [
       14.9133333,
       49.8880556
      ],
      [
       14.9075,
       49.8808333
      ],
      [
       14.8952778,
       49.8663889
      ],
      [
       14.8827778,
       49.8527778
      ],
      [
       14.8211111,
       49.8833333
      ],
      [
       14.6244444,
       49.98
      ],
      [
       14.8288889,
       50.1513889
      ],
      [
       14.8722222,
       50.2425
      ]
     ]
    ]
   }
  },
  {
   "type": "Feature",
   "properties": {
    "ll": {
     "value": 65,
     "unit": 6,
     "referenceDatum": 2
    },
    "ul": {
     "value": 95,
     "unit": 6,
     "referenceDatum": 2
    },
    "_id": "626148a05e9ded571043ea51",
    "name": "TMA IV BRNO 127.350",
    "type": 0,
    "icao": 3,
    "bnd": [
     [
      48.7302778,
      16.4
     ],
     [
      48.9538889,
      16.9330556
     ]
    ]
   },
   "geometry": {
    "type": "Polygon",
    "coordinates": [
     [
      [
       16.5008333,
       48.9538889
      ],
      [
       16.8027778,
       48.9286111
      ],
      [
       16.9330556,
       48.8508333
      ],
      [
       16.7358333,
       48.7319444
      ],
      [
       16.7347222,
       48.7302778
      ],
      [
       16.7327778,
       48.7336111
      ],
      [
       16.7283333,
       48.7341667
      ],
      [
       16.7294444,
       48.7355556
      ],
      [
       16.7238889,
       48.7380556
      ],
      [
       16.7072222,
       48.7369444
      ],
      [
       16.7058333,
       48.7358333
      ],
      [
       16.7008333,
       48.7366667
      ],
      [
       16.6916667,
       48.7311111
      ],
      [
       16.6797222,
       48.7341667
      ],
      [
       16.6736111,
       48.7425
      ],
      [
       16.6794444,
       48.76
      ],
      [
       16.6663889,
       48.7738889
      ],
      [
       16.6655556,
       48.7780556
      ],
      [
       16.6641667,
       48.7805556
      ],
      [
       16.6558333,
       48.7825
      ],
      [
       16.6536111,
       48.7847222
      ],
      [
       16.6363889,
       48.7858333
      ],
      [
       16.6316667,
       48.7827778
      ],
      [
       16.6305556,
       48.7805556
      ],
      [
       16.6272222,
       48.7808333
      ],
      [
       16.6147222,
       48.7811111
      ],
      [
       16.5930556,
       48.7827778
      ],
      [
       16.5916667,
       48.7877778
      ],
      [
       16.5794444,
       48.7922222
      ],
      [
       16.5697222,
       48.7933333
      ],
      [
       16.5608333,
       48.7975
      ],
      [
       16.5572222,
       48.8011111
      ],
      [
       16.5494444,
       48.8066667
      ],
      [
       16.5336111,
       48.8108333
      ],
      [
       16.5305556,
       48.8061111
      ],
      [
       16.5286111,
       48.8036111
      ],
      [
       16.5186111,
       48.7980556
      ],
      [
       16.5002778,
       48.8008333
      ],
      [
       16.4738889,
       48.8047222
      ],
      [
       16.4644444,
       48.8097222
      ],
      [
       16.4625,
       48.8061111
      ],
      [
       16.46,
       48.8088889
      ],
      [
       16.4,
       48.8852778
      ],
      [
       16.5008333,
       48.9538889
      ]
     ]
    ]
   }
  },
  {
   "type": "Feature",
   "properties": {
    "ll": {
     "value": 4500,
     "unit": 1,
     "referenceDatum": 1
    },
    "ul": {
     "value": 95,
     "unit": 6,
     "referenceDatum": 2
    },
    "_id": "626148a01eacded7b7bb3cd9",
    "name": "TMA IV OSTRAVA 119.375",
    "type": 0,
    "icao": 3,
    "bnd": [
     [
      49.3816667,
      17.5833333
     ],
     [
      49.5833333,
      17.9822222
     ]
    ]
   },
   "geometry": {
    "type": "Polygon",
    "coordinates": [
     [
      [
       17.7386111,
       49.5833333
      ],
      [
       17.7416667,
       49.5791667
      ],
      [
       17.7483333,
       49.5708333
      ],
      [
       17.7516667,
       49.5669444
      ],
      [
       17.7552778,
       49.5627778
      ],
      [
       17.7591667,
       49.5588889
      ],
      [
       17.7627778,
       49.555
      ],
      [
       17.7666667,
       49.5511111
      ],
      [
       17.7708333,
       49.5472222
      ],
      [
       17.7747222,
       49.5433333
      ],
      [
       17.7788889,
       49.5397222
      ],
      [
       17.7833333,
       49.5358333
      ],
      [
       17.7966667,
       49.525
      ],
      [
       17.8013889,
       49.5216667
      ],
      [
       17.8061111,
       49.5180556
      ],
      [
       17.8261111,
       49.5047222
      ],
      [
       17.8366667,
       49.4986111
      ],
      [
       17.8422222,
       49.4955556
      ],
      [
       17.8475,
       49.4925
      ],
      [
       17.8530556,
       49.4897222
      ],
      [
       17.8586111,
       49.4866667
      ],
      [
       17.8702778,
       49.4811111
      ],
      [
       17.8761111,
       49.4786111
      ],
      [
       17.8819444,
       49.4758333
      ],
      [
       17.8880556,
       49.4733333
      ],
      [
       17.8938889,
       49.4708333
      ],
      [
       17.9,
       49.4686111
      ],
      [
       17.9063889,
       49.4661111
      ],
      [
       17.9125,
       49.4638889
      ],
      [
       17.9252778,
       49.4594444
      ],
      [
       17.9444444,
       49.4536111
      ],
      [
       17.9511111,
       49.4516667
      ],
      [
       17.9711111,
       49.4466667
      ],
      [
       17.9822222,
       49.4441667
      ],
      [
       17.7994444,
       49.3816667
      ],
      [
       17.5833333,
       49.5233333
      ],
      [
       17.6280556,
       49.5705556
      ],
      [
       17.7386111,
       49.5833333
      ]
     ]
    ]
   }
  },
  {
   "type": "Feature",
   "properties": {
    "ll": {
     "value": 65,
     "unit": 6,
     "referenceDatum": 2
    },
    "ul": {
     "value": 95,
     "unit": 6,
     "referenceDatum": 2
    },
    "_id": "626148a01eacded7b7bb3ce8",
    "name": "TMA IV PRAHA 120.530 127.580",
    "type": 0,
    "icao": 2,
    "bnd": [
     [
      49.7183333,
      14.0530556
     ],
     [
      49.8833333,
      14.8827778
     ]
    ]
   },
   "geometry": {
    "type": "Polygon",
    "coordinates": [
     [
      [
       14.8211111,
       49.8833333
      ],
      [
       14.8827778,
       49.8527778
      ],
      [
       14.8761111,
       49.8458333
      ],
      [
       14.8691667,
       49.8388889
      ],
      [
       14.8547222,
       49.8255556
      ],
      [
       14.8472222,
       49.8188889
      ],
      [
       14.8397222,
       49.8125
      ],
      [
       14.8319444,
       49.8061111
      ],
      [
       14.8238889,
       49.7997222
      ],
      [
       14.8158333,
       49.7936111
      ],
      [
       14.8075,
       49.7872222
      ],
      [
       14.7991667,
       49.7813889
      ],
      [
       14.7905556,
       49.7752778
      ],
      [
       14.7727778,
       49.7636111
      ],
      [
       14.7544444,
       49.7525
      ],
      [
       14.745,
       49.7469444
      ],
      [
       14.7355556,
       49.7416667
      ],
      [
       14.7258333,
       49.7363889
      ],
      [
       14.7161111,
       49.7313889
      ],
      [
       14.7061111,
       49.7261111
      ],
      [
       14.6894444,
       49.7183333
      ],
      [
       14.2980556,
       49.7375
      ],
      [
       14.0530556,
       49.8358333
      ],
      [
       14.7269444,
       49.8047222
      ],
      [
       14.7425,
       49.8152778
      ],
      [
       14.75,
       49.8205556
      ],
      [
       14.7575,
       49.8261111
      ],
      [
       14.7647222,
       49.8316667
      ],
      [
       14.7719444,
       49.8375
      ],
      [
       14.7788889,
       49.8430556
      ],
      [
       14.7855556,
       49.8488889
      ],
      [
       14.7986111,
       49.8608333
      ],
      [
       14.805,
       49.8669444
      ],
      [
       14.8111111,
       49.8730556
      ],
      [
       14.8211111,
       49.8833333
      ]
     ]
    ]
   }
  },
  {
   "type": "Feature",
   "properties": {
    "ll": {
     "value": 95,
     "unit": 6,
     "referenceDatum": 2
    },
    "ul": {
     "value": 165,
     "unit": 6,
     "referenceDatum": 2
    },
    "_id": "626148a15e9ded571043ea69",
    "name": "TMA IX PRAHA 127.58 120.53",
    "type": 0,
    "icao": 2,
    "bnd": [
     [
      49.51,
      13.0225
     ],
     [
      50.6077778,
      15.2397222
     ]
    ]
   },
   "geometry": {
    "type": "Polygon",
    "coordinates": [
     [
      [
       13.7997222,
       50.5966667
      ],
      [
       14.7008333,
       50.6077778
      ],
      [
       14.7286111,
       50.5977778
      ],
      [
       14.7422222,
       50.5925
      ],
      [
       14.7558333,
       50.5869444
      ],
      [
       14.7691667,
       50.5813889
      ],
      [
       14.7825,
       50.5755556
      ],
      [
       14.8086111,
       50.5638889
      ],
      [
       14.8211111,
       50.5575
      ],
      [
       14.8338889,
       50.5513889
      ],
      [
       14.8461111,
       50.545
      ],
      [
       14.8583333,
       50.5383333
      ],
      [
       14.8702778,
       50.5316667
      ],
      [
       14.8822222,
       50.5247222
      ],
      [
       14.8938889,
       50.5177778
      ],
      [
       14.9052778,
       50.5105556
      ],
      [
       14.9275,
       50.4961111
      ],
      [
       14.9383333,
       50.4886111
      ],
      [
       14.9488889,
       50.4808333
      ],
      [
       14.9591667,
       50.4733333
      ],
      [
       14.9694444,
       50.4655556
      ],
      [
       14.9794444,
       50.4575
      ],
      [
       14.9891667,
       50.4494444
      ],
      [
       14.9986111,
       50.4413889
      ],
      [
       15.0169444,
       50.4247222
      ],
      [
       15.0258333,
       50.4161111
      ],
      [
       15.0344444,
       50.4075
      ],
      [
       15.0427778,
       50.3988889
      ],
      [
       15.0508333,
       50.3902778
      ],
      [
       15.0586111,
       50.3813889
      ],
      [
       15.0661111,
       50.3725
      ],
      [
       15.0736111,
       50.3633333
      ],
      [
       15.0875,
       50.345
      ],
      [
       15.0941667,
       50.3358333
      ],
      [
       15.1005556,
       50.3266667
      ],
      [
       15.1066667,
       50.3172222
      ],
      [
       15.1125,
       50.3077778
      ],
      [
       15.1180556,
       50.2980556
      ],
      [
       15.1233333,
       50.2886111
      ],
      [
       15.1283333,
       50.2788889
      ],
      [
       15.1330556,
       50.2691667
      ],
      [
       15.1375,
       50.2594444
      ],
      [
       15.1458333,
       50.24
      ],
      [
       15.1494444,
       50.23
      ],
      [
       15.1527778,
       50.22
      ],
      [
       15.1558333,
       50.2102778
      ],
      [
       15.1588889,
       50.2002778
      ],
      [
       15.1613889,
       50.1902778
      ],
      [
       15.1638889,
       50.18
      ],
      [
       15.1658333,
       50.17
      ],
      [
       15.1675,
       50.16
      ],
      [
       15.1691667,
       50.1497222
      ],
      [
       15.1702778,
       50.1397222
      ],
      [
       15.1713889,
       50.1294444
      ],
      [
       15.1719444,
       50.1194444
      ],
      [
       15.1725,
       50.0991667
      ],
      [
       15.1719444,
       50.0788889
      ],
      [
       15.1711111,
       50.0686111
      ],
      [
       15.17,
       50.0586111
      ],
      [
       15.1688889,
       50.0483333
      ],
      [
       15.1655556,
       50.0283333
      ],
      [
       15.1633333,
       50.0180556
      ],
      [
       15.1611111,
       50.0080556
      ],
      [
       15.1555556,
       49.9880556
      ],
      [
       15.1525,
       49.9783333
      ],
      [
       15.1452778,
       49.9583333
      ],
      [
       15.1413889,
       49.9486111
      ],
      [
       15.1325,
       49.9291667
      ],
      [
       15.1255556,
       49.915
      ],
      [
       15.1205556,
       49.9052778
      ],
      [
       15.1094444,
       49.8863889
      ],
      [
       15.1036111,
       49.8769444
      ],
      [
       15.0975,
       49.8675
      ],
      [
       15.0877778,
       49.8536111
      ],
      [
       15.2397222,
       49.7888889
      ],
      [
       15.2225,
       49.7672222
      ],
      [
       15.2133333,
       49.7566667
      ],
      [
       15.1944444,
       49.7355556
      ],
      [
       15.1844444,
       49.7252778
      ],
      [
       15.1638889,
       49.7047222
      ],
      [
       15.1530556,
       49.6947222
      ],
      [
       15.1419444,
       49.685
      ],
      [
       15.1308333,
       49.675
      ],
      [
       15.1191667,
       49.6655556
      ],
      [
       15.1075,
       49.6558333
      ],
      [
       15.0955556,
       49.6466667
      ],
      [
       15.0830556,
       49.6372222
      ],
      [
       15.0705556,
       49.6283333
      ],
      [
       15.0577778,
       49.6191667
      ],
      [
       15.045,
       49.6105556
      ],
      [
       15.0316667,
       49.6016667
      ],
      [
       15.0183333,
       49.5933333
      ],
      [
       15.0047222,
       49.585
      ],
      [
       14.9908333,
       49.5766667
      ],
      [
       14.9766667,
       49.5686111
      ],
      [
       14.9477778,
       49.5530556
      ],
      [
       14.9330556,
       49.5452778
      ],
      [
       14.9030556,
       49.5308333
      ],
      [
       14.8877778,
       49.5236111
      ],
      [
       14.8722222,
       49.5166667
      ],
      [
       14.8563889,
       49.51
      ],
      [
       14.6855556,
       49.58
      ],
      [
       14.6716667,
       49.5752778
      ],
      [
       14.6575,
       49.5708333
      ],
      [
       14.6291667,
       49.5625
      ],
      [
       14.6147222,
       49.5583333
      ],
      [
       14.6002778,
       49.5544444
      ],
      [
       14.5708333,
       49.5472222
      ],
      [
       14.5561111,
       49.5438889
      ],
      [
       14.5275,
       49.5380556
      ],
      [
       14.5125,
       49.5352778
      ],
      [
       14.4972222,
       49.5325
      ],
      [
       14.4822222,
       49.53
      ],
      [
       14.4516667,
       49.5255556
      ],
      [
       14.4363889,
       49.5236111
      ],
      [
       14.4208333,
       49.5216667
      ],
      [
       14.4052778,
       49.52
      ],
      [
       14.39,
       49.5186111
      ],
      [
       14.3744444,
       49.5172222
      ],
      [
       14.3588889,
       49.5161111
      ],
      [
       14.3275,
       49.5144444
      ],
      [
       14.2963889,
       49.5133333
      ],
      [
       14.2805556,
       49.5130556
      ],
      [
       14.2494444,
       49.5130556
      ],
      [
       14.2336111,
       49.5133333
      ],
      [
       14.2025,
       49.5144444
      ],
      [
       14.1869444,
       49.5152778
      ],
      [
       14.1555556,
       49.5175
      ],
      [
       14.1402778,
       49.5188889
      ],
      [
       14.1247222,
       49.5202778
      ],
      [
       14.1091667,
       49.5219444
      ],
      [
       14.0786111,
       49.5258333
      ],
      [
       14.0630556,
       49.5280556
      ],
      [
       14.0480556,
       49.5302778
      ],
      [
       14.0327778,
       49.5327778
      ],
      [
       14.0027778,
       49.5383333
      ],
      [
       13.9877778,
       49.5413889
      ],
      [
       13.9727778,
       49.5447222
      ],
      [
       13.9580556,
       49.5480556
      ],
      [
       13.9433333,
       49.5516667
      ],
      [
       13.9288889,
       49.5552778
      ],
      [
       13.9141667,
       49.5591667
      ],
      [
       13.9,
       49.5630556
      ],
      [
       13.8855556,
       49.5672222
      ],
      [
       13.8713889,
       49.5716667
      ],
      [
       13.8575,
       49.5761111
      ],
      [
       13.8433333,
       49.5808333
      ],
      [
       13.8297222,
       49.5855556
      ],
      [
       13.8158333,
       49.5905556
      ],
      [
       13.8025,
       49.5955556
      ],
      [
       13.7888889,
       49.6008333
      ],
      [
       13.7758333,
       49.6063889
      ],
      [
       13.7625,
       49.6119444
      ],
      [
       13.7461111,
       49.6191667
      ],
      [
       13.4136111,
       49.5169444
      ],
      [
       13.3980556,
       49.5266667
      ],
      [
       13.3827778,
       49.5363889
      ],
      [
       13.3677778,
       49.5463889
      ],
      [
       13.3530556,
       49.5563889
      ],
      [
       13.3386111,
       49.5669444
      ],
      [
       13.3244444,
       49.5772222
      ],
      [
       13.3105556,
       49.5877778
      ],
      [
       13.2969444,
       49.5986111
      ],
      [
       13.2708333,
       49.6208333
      ],
      [
       13.2580556,
       49.6319444
      ],
      [
       13.2455556,
       49.6433333
      ],
      [
       13.2333333,
       49.6547222
      ],
      [
       13.21,
       49.6780556
      ],
      [
       13.1988889,
       49.69
      ],
      [
       13.1880556,
       49.7019444
      ],
      [
       13.1775,
       49.7141667
      ],
      [
       13.1672222,
       49.7263889
      ],
      [
       13.1572222,
       49.7388889
      ],
      [
       13.1383333,
       49.7638889
      ],
      [
       13.1294444,
       49.7766667
      ],
      [
       13.1208333,
       49.7894444
      ],
      [
       13.1047222,
       49.815
      ],
      [
       13.0972222,
       49.8280556
      ],
      [
       13.09,
       49.8413889
      ],
      [
       13.0833333,
       49.8544444
      ],
      [
       13.0766667,
       49.8677778
      ],
      [
       13.0705556,
       49.8811111
      ],
      [
       13.0647222,
       49.8944444
      ],
      [
       13.0594444,
       49.9080556
      ],
      [
       13.0544444,
       49.9216667
      ],
      [
       13.0497222,
       49.9352778
      ],
      [
       13.0452778,
       49.9488889
      ],
      [
       13.0413889,
       49.9625
      ],
      [
       13.0377778,
       49.9761111
      ],
      [
       13.0347222,
       49.99
      ],
      [
       13.0319444,
       50.0038889
      ],
      [
       13.0294444,
       50.0175
      ],
      [
       13.0272222,
       50.0313889
      ],
      [
       13.0255556,
       50.0452778
      ],
      [
       13.0241667,
       50.0591667
      ],
      [
       13.0233333,
       50.0730556
      ],
      [
       13.0227778,
       50.0869444
      ],
      [
       13.0225,
       50.1008333
      ],
      [
       13.0227778,
       50.115
      ],
      [
       13.0233333,
       50.1288889
      ],
      [
       13.0241667,
       50.1427778
      ],
      [
       13.0255556,
       50.1566667
      ],
      [
       13.0277778,
       50.1738889
      ],
      [
       13.3683333,
       50.1819444
      ],
      [
       13.3705556,
       50.1919444
      ],
      [
       13.3761111,
       50.2119444
      ],
      [
       13.3827778,
       50.2319444
      ],
      [
       13.3905556,
       50.2513889
      ],
      [
       13.3947222,
       50.2613889
      ],
      [
       13.4041667,
       50.2808333
      ],
      [
       13.4091667,
       50.2902778
      ],
      [
       13.4147222,
       50.3
      ],
      [
       13.4202778,
       50.3094444
      ],
      [
       13.4261111,
       50.3188889
      ],
      [
       13.4322222,
       50.3283333
      ],
      [
       13.4386111,
       50.3375
      ],
      [
       13.4519444,
       50.3558333
      ],
      [
       13.4591667,
       50.365
      ],
      [
       13.4741667,
       50.3827778
      ],
      [
       13.4819444,
       50.3916667
      ],
      [
       13.4902778,
       50.4005556
      ],
      [
       13.4986111,
       50.4091667
      ],
      [
       13.5072222,
       50.4177778
      ],
      [
       13.525,
       50.4344444
      ],
      [
       13.5344444,
       50.4427778
      ],
      [
       13.5438889,
       50.4508333
      ],
      [
       13.5536111,
       50.4588889
      ],
      [
       13.5636111,
       50.4669444
      ],
      [
       13.5738889,
       50.4747222
      ],
      [
       13.5841667,
       50.4822222
      ],
      [
       13.595,
       50.49
      ],
      [
       13.6058333,
       50.4975
      ],
      [
       13.6280556,
       50.5119444
      ],
      [
       13.6394444,
       50.5191667
      ],
      [
       13.6511111,
       50.5261111
      ],
      [
       13.675,
       50.5394444
      ],
      [
       13.6872222,
       50.5461111
      ],
      [
       13.7122222,
       50.5588889
      ],
      [
       13.725,
       50.565
      ],
      [
       13.7380556,
       50.5708333
      ],
      [
       13.7511111,
       50.5769444
      ],
      [
       13.7641667,
       50.5825
      ],
      [
       13.7777778,
       50.5880556
      ],
      [
       13.7997222,
       50.5966667
      ]
     ]
    ]
   }
  },
  {
   "type": "Feature",
   "properties": {
    "ll": {
     "value": 5000,
     "unit": 1,
     "referenceDatum": 1
    },
    "ul": {
     "value": 95,
     "unit": 6,
     "referenceDatum": 2
    },
    "_id": "626148a11eacded7b7bb3cf8",
    "name": "TMA V BRNO 127.350",
    "type": 0,
    "icao": 3,
    "bnd": [
     [
      49.2011111,
      16.2519444
     ],
     [
      49.3713889,
      16.4569444
     ]
    ]
   },
   "geometry": {
    "type": "Polygon",
    "coordinates": [
     [
      [
       16.3838889,
       49.3713889
      ],
      [
       16.4569444,
       49.3566667
      ],
      [
       16.4513889,
       49.3538889
      ],
      [
       16.4461111,
       49.3511111
      ],
      [
       16.4405556,
       49.3483333
      ],
      [
       16.4352778,
       49.3455556
      ],
      [
       16.4302778,
       49.3425
      ],
      [
       16.425,
       49.3394444
      ],
      [
       16.42,
       49.3363889
      ],
      [
       16.4152778,
       49.3333333
      ],
      [
       16.4086111,
       49.3288889
      ],
      [
       16.3991667,
       49.3222222
      ],
      [
       16.3902778,
       49.3155556
      ],
      [
       16.3858333,
       49.3119444
      ],
      [
       16.3816667,
       49.3083333
      ],
      [
       16.3775,
       49.305
      ],
      [
       16.3733333,
       49.3013889
      ],
      [
       16.3694444,
       49.2975
      ],
      [
       16.3655556,
       49.2938889
      ],
      [
       16.3580556,
       49.2863889
      ],
      [
       16.3544444,
       49.2825
      ],
      [
       16.3444444,
       49.2708333
      ],
      [
       16.3411111,
       49.2666667
      ],
      [
       16.3383333,
       49.2627778
      ],
      [
       16.3352778,
       49.2586111
      ],
      [
       16.3297222,
       49.2502778
      ],
      [
       16.3222222,
       49.2377778
      ],
      [
       16.3177778,
       49.2294444
      ],
      [
       16.3158333,
       49.225
      ],
      [
       16.3138889,
       49.2208333
      ],
      [
       16.3122222,
       49.2163889
      ],
      [
       16.3102778,
       49.2119444
      ],
      [
       16.3066667,
       49.2011111
      ],
      [
       16.2519444,
       49.23
      ],
      [
       16.2538889,
       49.235
      ],
      [
       16.2613889,
       49.25
      ],
      [
       16.2638889,
       49.2547222
      ],
      [
       16.2669444,
       49.2597222
      ],
      [
       16.2697222,
       49.2644444
      ],
      [
       16.2727778,
       49.2694444
      ],
      [
       16.2827778,
       49.2836111
      ],
      [
       16.2863889,
       49.2883333
      ],
      [
       16.2902778,
       49.2927778
      ],
      [
       16.2941667,
       49.2975
      ],
      [
       16.2980556,
       49.3019444
      ],
      [
       16.3105556,
       49.3152778
      ],
      [
       16.315,
       49.3197222
      ],
      [
       16.3291667,
       49.3322222
      ],
      [
       16.3391667,
       49.3405556
      ],
      [
       16.3441667,
       49.3444444
      ],
      [
       16.3494444,
       49.3486111
      ],
      [
       16.3547222,
       49.3525
      ],
      [
       16.3602778,
       49.3561111
      ],
      [
       16.3658333,
       49.36
      ],
      [
       16.3713889,
       49.3636111
      ],
      [
       16.3772222,
       49.3672222
      ],
      [
       16.3838889,
       49.3713889
      ]
     ]
    ]
   }
  },
  {
   "type": "Feature",
   "properties": {
    "ll": {
     "value": 65,
     "unit": 6,
     "referenceDatum": 2
    },
    "ul": {
     "value": 95,
     "unit": 6,
     "referenceDatum": 2
    },
    "_id": "626148a25e9ded571043eaa6",
    "name": "TMA V OSTRAVA 119.375",
    "type": 0,
    "icao": 3,
    "bnd": [
     [
      49.3716667,
      17.4327778
     ],
     [
      49.5705556,
      17.7994444
     ]
    ]
   },
   "geometry": {
    "type": "Polygon",
    "coordinates": [
     [
      [
       17.4358333,
       49.5608333
      ],
      [
       17.5444444,
       49.5563889
      ],
      [
       17.6280556,
       49.5705556
      ],
      [
       17.5833333,
       49.5233333
      ],
      [
       17.7994444,
       49.3816667
      ],
      [
       17.7838889,
       49.3716667
      ],
      [
       17.5916667,
       49.3972222
      ],
      [
       17.4836111,
       49.4583333
      ],
      [
       17.4327778,
       49.4869444
      ],
      [
       17.4358333,
       49.5608333
      ]
     ]
    ]
   }
  },
  {
   "type": "Feature",
   "properties": {
    "ll": {
     "value": 65,
     "unit": 6,
     "referenceDatum": 2
    },
    "ul": {
     "value": 95,
     "unit": 6,
     "referenceDatum": 2
    },
    "_id": "626148a21eacded7b7bb3d3d",
    "name": "TMA V PRAHA 120.530 127.580",
    "type": 0,
    "icao": 2,
    "bnd": [
     [
      49.78,
      13.54
     ],
     [
      50.5338889,
      14.9580556
     ]
    ]
   },
   "geometry": {
    "type": "Polygon",
    "coordinates": [
     [
      [
       14.0105556,
       50.5325
      ],
      [
       14.5155556,
       50.5338889
      ],
      [
       14.5513889,
       50.5247222
      ],
      [
       14.5747222,
       50.5180556
      ],
      [
       14.5975,
       50.5108333
      ],
      [
       14.6088889,
       50.5069444
      ],
      [
       14.62,
       50.5030556
      ],
      [
       14.6422222,
       50.4947222
      ],
      [
       14.6530556,
       50.4905556
      ],
      [
       14.6636111,
       50.4861111
      ],
      [
       14.6744444,
       50.4816667
      ],
      [
       14.6847222,
       50.4769444
      ],
      [
       14.6952778,
       50.4722222
      ],
      [
       14.7052778,
       50.4672222
      ],
      [
       14.7155556,
       50.4622222
      ],
      [
       14.7255556,
       50.4572222
      ],
      [
       14.745,
       50.4466667
      ],
      [
       14.7544444,
       50.4411111
      ],
      [
       14.7636111,
       50.4355556
      ],
      [
       14.7730556,
       50.43
      ],
      [
       14.7908333,
       50.4183333
      ],
      [
       14.7994444,
       50.4122222
      ],
      [
       14.8080556,
       50.4063889
      ],
      [
       14.8163889,
       50.4
      ],
      [
       14.8247222,
       50.3938889
      ],
      [
       14.8327778,
       50.3875
      ],
      [
       14.8483333,
       50.3747222
      ],
      [
       14.8558333,
       50.3680556
      ],
      [
       14.8702778,
       50.3547222
      ],
      [
       14.8772222,
       50.3477778
      ],
      [
       14.8838889,
       50.3408333
      ],
      [
       14.8902778,
       50.3338889
      ],
      [
       14.8966667,
       50.3266667
      ],
      [
       14.9030556,
       50.3197222
      ],
      [
       14.9147222,
       50.3052778
      ],
      [
       14.9202778,
       50.2977778
      ],
      [
       14.9255556,
       50.2905556
      ],
      [
       14.9308333,
       50.2830556
      ],
      [
       14.9358333,
       50.2755556
      ],
      [
       14.9405556,
       50.2680556
      ],
      [
       14.945,
       50.2602778
      ],
      [
       14.9494444,
       50.2527778
      ],
      [
       14.9533333,
       50.245
      ],
      [
       14.9580556,
       50.2358333
      ],
      [
       14.8722222,
       50.2425
      ],
      [
       14.8680556,
       50.2494444
      ],
      [
       14.8638889,
       50.2561111
      ],
      [
       14.855,
       50.2694444
      ],
      [
       14.85,
       50.2761111
      ],
      [
       14.845,
       50.2825
      ],
      [
       14.84,
       50.2891667
      ],
      [
       14.8347222,
       50.2955556
      ],
      [
       14.8236111,
       50.3083333
      ],
      [
       14.8175,
       50.3144444
      ],
      [
       14.8116667,
       50.3205556
      ],
      [
       14.8055556,
       50.3266667
      ],
      [
       14.7991667,
       50.3327778
      ],
      [
       14.7925,
       50.3386111
      ],
      [
       14.7858333,
       50.3447222
      ],
      [
       14.7788889,
       50.3505556
      ],
      [
       14.7697222,
       50.3580556
      ],
      [
       14.6055556,
       50.3902778
      ],
      [
       14.0280556,
       50.3919444
      ],
      [
       14.02,
       50.3894444
      ],
      [
       14.0119444,
       50.3866667
      ],
      [
       14.0041667,
       50.3836111
      ],
      [
       13.9963889,
       50.3808333
      ],
      [
       13.9886111,
       50.3777778
      ],
      [
       13.9808333,
       50.3744444
      ],
      [
       13.9733333,
       50.3713889
      ],
      [
       13.9658333,
       50.3680556
      ],
      [
       13.9586111,
       50.3647222
      ],
      [
       13.9513889,
       50.3611111
      ],
      [
       13.9441667,
       50.3577778
      ],
      [
       13.9369444,
       50.3541667
      ],
      [
       13.93,
       50.3502778
      ],
      [
       13.9233333,
       50.3466667
      ],
      [
       13.9163889,
       50.3427778
      ],
      [
       13.9097222,
       50.3388889
      ],
      [
       13.9033333,
       50.3347222
      ],
      [
       13.8969444,
       50.3308333
      ],
      [
       13.8905556,
       50.3266667
      ],
      [
       13.8844444,
       50.3222222
      ],
      [
       13.8783333,
       50.3180556
      ],
      [
       13.8722222,
       50.3136111
      ],
      [
       13.8663889,
       50.3091667
      ],
      [
       13.8552778,
       50.3002778
      ],
      [
       13.8497222,
       50.2955556
      ],
      [
       13.8444444,
       50.2911111
      ],
      [
       13.8391667,
       50.2863889
      ],
      [
       13.8341667,
       50.2813889
      ],
      [
       13.8291667,
       50.2766667
      ],
      [
       13.8244444,
       50.2716667
      ],
      [
       13.8197222,
       50.2669444
      ],
      [
       13.815,
       50.2619444
      ],
      [
       13.8108333,
       50.2566667
      ],
      [
       13.8063889,
       50.2516667
      ],
      [
       13.8022222,
       50.2466667
      ],
      [
       13.7944444,
       50.2361111
      ],
      [
       13.7872222,
       50.2255556
      ],
      [
       13.7838889,
       50.2202778
      ],
      [
       13.7805556,
       50.2147222
      ],
      [
       13.7775,
       50.2094444
      ],
      [
       13.7744444,
       50.2038889
      ],
      [
       13.7716667,
       50.1983333
      ],
      [
       13.7691667,
       50.1930556
      ],
      [
       13.7641667,
       50.1819444
      ],
      [
       13.7619444,
       50.1761111
      ],
      [
       13.7580556,
       50.165
      ],
      [
       13.7563889,
       50.1591667
      ],
      [
       13.7547222,
       50.1536111
      ],
      [
       13.7533333,
       50.1477778
      ],
      [
       13.7522222,
       50.1422222
      ],
      [
       13.7511111,
       50.1363889
      ],
      [
       13.75,
       50.1308333
      ],
      [
       13.7491667,
       50.125
      ],
      [
       13.7480556,
       50.1133333
      ],
      [
       13.7477778,
       50.1077778
      ],
      [
       13.7477778,
       50.0933333
      ],
      [
       13.6436111,
       49.9816667
      ],
      [
       13.6502778,
       49.9677778
      ],
      [
       13.6538889,
       49.9611111
      ],
      [
       13.6575,
       49.9541667
      ],
      [
       13.6616667,
       49.9475
      ],
      [
       13.6655556,
       49.9408333
      ],
      [
       13.6744444,
       49.9275
      ],
      [
       13.6791667,
       49.9208333
      ],
      [
       13.6838889,
       49.9144444
      ],
      [
       13.6888889,
       49.9077778
      ],
      [
       13.6994444,
       49.895
      ],
      [
       13.7061111,
       49.8877778
      ],
      [
       13.8811111,
       49.8719444
      ],
      [
       13.9302778,
       49.8411111
      ],
      [
       13.7338889,
       49.78
      ],
      [
       13.7252778,
       49.7861111
      ],
      [
       13.7169444,
       49.7919444
      ],
      [
       13.7088889,
       49.7983333
      ],
      [
       13.7008333,
       49.8044444
      ],
      [
       13.6930556,
       49.8108333
      ],
      [
       13.6855556,
       49.8172222
      ],
      [
       13.6780556,
       49.8238889
      ],
      [
       13.6636111,
       49.8372222
      ],
      [
       13.6566667,
       49.8438889
      ],
      [
       13.6433333,
       49.8577778
      ],
      [
       13.6369444,
       49.8647222
      ],
      [
       13.6308333,
       49.8716667
      ],
      [
       13.6191667,
       49.8861111
      ],
      [
       13.6080556,
       49.9005556
      ],
      [
       13.6027778,
       49.9080556
      ],
      [
       13.5977778,
       49.9152778
      ],
      [
       13.5930556,
       49.9227778
      ],
      [
       13.5883333,
       49.9305556
      ],
      [
       13.58,
       49.9455556
      ],
      [
       13.5758333,
       49.9533333
      ],
      [
       13.5686111,
       49.9688889
      ],
      [
       13.5619444,
       49.9844444
      ],
      [
       13.5591667,
       49.9922222
      ],
      [
       13.5563889,
       50.0002778
      ],
      [
       13.5538889,
       50.0080556
      ],
      [
       13.5494444,
       50.0241667
      ],
      [
       13.5475,
       50.0322222
      ],
      [
       13.5461111,
       50.04
      ],
      [
       13.5444444,
       50.0488889
      ],
      [
       13.5430556,
       50.0569444
      ],
      [
       13.5405556,
       50.0811111
      ],
      [
       13.54,
       50.0972222
      ],
      [
       13.54,
       50.1055556
      ],
      [
       13.5402778,
       50.1136111
      ],
      [
       13.5408333,
       50.1216667
      ],
      [
       13.5425,
       50.1377778
      ],
      [
       13.5436111,
       50.1458333
      ],
      [
       13.545,
       50.1538889
      ],
      [
       13.5483333,
       50.17
      ],
      [
       13.5505556,
       50.1777778
      ],
      [
       13.555,
       50.1938889
      ],
      [
       13.5577778,
       50.2016667
      ],
      [
       13.5605556,
       50.2097222
      ],
      [
       13.5705556,
       50.2330556
      ],
      [
       13.5744444,
       50.2408333
      ],
      [
       13.5783333,
       50.2483333
      ],
      [
       13.5825,
       50.2561111
      ],
      [
       13.5913889,
       50.2711111
      ],
      [
       13.6063889,
       50.2936111
      ],
      [
       13.6175,
       50.3080556
      ],
      [
       13.6233333,
       50.3152778
      ],
      [
       13.6294444,
       50.3225
      ],
      [
       13.6355556,
       50.3294444
      ],
      [
       13.6419444,
       50.3366667
      ],
      [
       13.6486111,
       50.3436111
      ],
      [
       13.6622222,
       50.3572222
      ],
      [
       13.6766667,
       50.3705556
      ],
      [
       13.6841667,
       50.3769444
      ],
      [
       13.6919444,
       50.3833333
      ],
      [
       13.7080556,
       50.3961111
      ],
      [
       13.7161111,
       50.4022222
      ],
      [
       13.7244444,
       50.4083333
      ],
      [
       13.7330556,
       50.4141667
      ],
      [
       13.7419444,
       50.4202778
      ],
      [
       13.7508333,
       50.4261111
      ],
      [
       13.7597222,
       50.4316667
      ],
      [
       13.7688889,
       50.4372222
      ],
      [
       13.7783333,
       50.4427778
      ],
      [
       13.7877778,
       50.4480556
      ],
      [
       13.7975,
       50.4533333
      ],
      [
       13.8075,
       50.4586111
      ],
      [
       13.8172222,
       50.4636111
      ],
      [
       13.8275,
       50.4686111
      ],
      [
       13.8480556,
       50.4780556
      ],
      [
       13.8586111,
       50.4827778
      ],
      [
       13.8691667,
       50.4872222
      ],
      [
       13.88,
       50.4916667
      ],
      [
       13.9016667,
       50.5
      ],
      [
       13.9127778,
       50.5038889
      ],
      [
       13.9241667,
       50.5077778
      ],
      [
       13.9352778,
       50.5116667
      ],
      [
       13.9466667,
       50.5152778
      ],
      [
       13.9816667,
       50.5252778
      ],
      [
       13.9933333,
       50.5283333
      ],
      [
       14.0105556,
       50.5325
      ]
     ]
    ]
   }
  },
  {
   "type": "Feature",
   "properties": {
    "ll": {
     "value": 65,
     "unit": 6,
     "referenceDatum": 2
    },
    "ul": {
     "value": 95,
     "unit": 6,
     "referenceDatum": 2
    },
    "_id": "626148a11eacded7b7bb3d02",
    "name": "TMA VI BRNO 127.350",
    "type": 0,
    "icao": 3,
    "bnd": [
     [
      49.23,
      16.1455556
     ],
     [
      49.3986111,
      16.3838889
     ]
    ]
   },
   "geometry": {
    "type": "Polygon",
    "coordinates": [
     [
      [
       16.2472222,
       49.3986111
      ],
      [
       16.3838889,
       49.3713889
      ],
      [
       16.3722222,
       49.3641667
      ],
      [
       16.3666667,
       49.3605556
      ],
      [
       16.3608333,
       49.3566667
      ],
      [
       16.3397222,
       49.3411111
      ],
      [
       16.3297222,
       49.3327778
      ],
      [
       16.3202778,
       49.3244444
      ],
      [
       16.3158333,
       49.3202778
      ],
      [
       16.3069444,
       49.3113889
      ],
      [
       16.2986111,
       49.3025
      ],
      [
       16.2947222,
       49.2980556
      ],
      [
       16.2908333,
       49.2933333
      ],
      [
       16.2869444,
       49.2888889
      ],
      [
       16.2833333,
       49.2841667
      ],
      [
       16.2733333,
       49.27
      ],
      [
       16.2702778,
       49.2652778
      ],
      [
       16.2672222,
       49.2602778
      ],
      [
       16.2644444,
       49.2555556
      ],
      [
       16.2616667,
       49.2505556
      ],
      [
       16.2566667,
       49.2405556
      ],
      [
       16.2544444,
       49.2355556
      ],
      [
       16.2519444,
       49.23
      ],
      [
       16.1455556,
       49.2852778
      ],
      [
       16.1491667,
       49.2913889
      ],
      [
       16.1530556,
       49.2977778
      ],
      [
       16.1569444,
       49.3038889
      ],
      [
       16.1611111,
       49.31
      ],
      [
       16.1655556,
       49.3161111
      ],
      [
       16.17,
       49.3219444
      ],
      [
       16.1747222,
       49.3280556
      ],
      [
       16.1794444,
       49.3338889
      ],
      [
       16.1894444,
       49.3455556
      ],
      [
       16.1947222,
       49.3511111
      ],
      [
       16.2,
       49.3569444
      ],
      [
       16.2055556,
       49.3625
      ],
      [
       16.2113889,
       49.3680556
      ],
      [
       16.2233333,
       49.3788889
      ],
      [
       16.2294444,
       49.3841667
      ],
      [
       16.2358333,
       49.3894444
      ],
      [
       16.2472222,
       49.3986111
      ]
     ]
    ]
   }
  },
  {
   "type": "Feature",
   "properties": {
    "ll": {
     "value": 3500,
     "unit": 1,
     "referenceDatum": 1
    },
    "ul": {
     "value": 95,
     "unit": 6,
     "referenceDatum": 2
    },
    "_id": "626148a15e9ded571043ea8e",
    "name": "TMA VI OSTRAVA 119.375",
    "type": 0,
    "icao": 3,
    "bnd": [
     [
      49.4669444,
      17.9425
     ],
     [
      49.7377778,
      18.3666667
     ]
    ]
   },
   "geometry": {
    "type": "Polygon",
    "coordinates": [
     [
      [
       18.2786111,
       49.7377778
      ],
      [
       18.3666667,
       49.6847222
      ],
      [
       18.0183333,
       49.4669444
      ],
      [
       17.9425,
       49.5388889
      ],
      [
       17.9705556,
       49.5566667
      ],
      [
       17.9780556,
       49.5513889
      ],
      [
       18.0388889,
       49.5894444
      ],
      [
       18.045,
       49.5877778
      ],
      [
       18.0641667,
       49.5836111
      ],
      [
       18.0708333,
       49.5827778
      ],
      [
       18.0775,
       49.5816667
      ],
      [
       18.0975,
       49.58
      ],
      [
       18.1041667,
       49.5797222
      ],
      [
       18.1175,
       49.5797222
      ],
      [
       18.1241667,
       49.58
      ],
      [
       18.1311111,
       49.5805556
      ],
      [
       18.1377778,
       49.5811111
      ],
      [
       18.1441667,
       49.5816667
      ],
      [
       18.1508333,
       49.5827778
      ],
      [
       18.1575,
       49.5836111
      ],
      [
       18.1766667,
       49.5877778
      ],
      [
       18.1827778,
       49.5894444
      ],
      [
       18.195,
       49.5933333
      ],
      [
       18.2008333,
       49.5952778
      ],
      [
       18.2063889,
       49.5977778
      ],
      [
       18.2122222,
       49.6
      ],
      [
       18.2175,
       49.6025
      ],
      [
       18.2230556,
       49.6052778
      ],
      [
       18.2330556,
       49.6108333
      ],
      [
       18.2380556,
       49.6138889
      ],
      [
       18.2427778,
       49.6172222
      ],
      [
       18.2472222,
       49.6202778
      ],
      [
       18.2513889,
       49.6236111
      ],
      [
       18.2555556,
       49.6272222
      ],
      [
       18.2594444,
       49.6308333
      ],
      [
       18.2666667,
       49.6380556
      ],
      [
       18.2727778,
       49.6458333
      ],
      [
       18.2755556,
       49.6497222
      ],
      [
       18.2780556,
       49.6538889
      ],
      [
       18.2805556,
       49.6577778
      ],
      [
       18.2844444,
       49.6661111
      ],
      [
       18.2861111,
       49.6705556
      ],
      [
       18.2875,
       49.6747222
      ],
      [
       18.2886111,
       49.6788889
      ],
      [
       18.2894444,
       49.6833333
      ],
      [
       18.29,
       49.6877778
      ],
      [
       18.2905556,
       49.6963889
      ],
      [
       18.29,
       49.705
      ],
      [
       18.2894444,
       49.7094444
      ],
      [
       18.2883333,
       49.7136111
      ],
      [
       18.2872222,
       49.7180556
      ],
      [
       18.2858333,
       49.7222222
      ],
      [
       18.2841667,
       49.7263889
      ],
      [
       18.2825,
       49.7308333
      ],
      [
       18.2786111,
       49.7377778
      ]
     ]
    ]
   }
  },
  {
   "type": "Feature",
   "properties": {
    "ll": {
     "value": 75,
     "unit": 6,
     "referenceDatum": 2
    },
    "ul": {
     "value": 95,
     "unit": 6,
     "referenceDatum": 2
    },
    "_id": "626148a15e9ded571043ea9b",
    "name": "TMA VI PRAHA 120.530 127.580",
    "type": 0,
    "icao": 2,
    "bnd": [
     [
      49.7291667,
      13.3727778
     ],
     [
      50.0488889,
      13.7338889
     ]
    ]
   },
   "geometry": {
    "type": "Polygon",
    "coordinates": [
     [
      [
       13.5444444,
       50.0488889
      ],
      [
       13.5458333,
       50.0408333
      ],
      [
       13.5475,
       50.0327778
      ],
      [
       13.5494444,
       50.025
      ],
      [
       13.5513889,
       50.0169444
      ],
      [
       13.5536111,
       50.0088889
      ],
      [
       13.5561111,
       50.0011111
      ],
      [
       13.5588889,
       49.9930556
      ],
      [
       13.565,
       49.9775
      ],
      [
       13.5683333,
       49.9694444
      ],
      [
       13.5719444,
       49.9619444
      ],
      [
       13.5755556,
       49.9541667
      ],
      [
       13.5794444,
       49.9463889
      ],
      [
       13.5836111,
       49.9388889
      ],
      [
       13.5880556,
       49.9311111
      ],
      [
       13.5975,
       49.9161111
      ],
      [
       13.6025,
       49.9086111
      ],
      [
       13.6075,
       49.9013889
      ],
      [
       13.6130556,
       49.8938889
      ],
      [
       13.6186111,
       49.8866667
      ],
      [
       13.6244444,
       49.8794444
      ],
      [
       13.6302778,
       49.8725
      ],
      [
       13.6363889,
       49.8652778
      ],
      [
       13.6427778,
       49.8583333
      ],
      [
       13.6561111,
       49.8444444
      ],
      [
       13.67,
       49.8311111
      ],
      [
       13.6772222,
       49.8244444
      ],
      [
       13.6847222,
       49.8180556
      ],
      [
       13.6922222,
       49.8113889
      ],
      [
       13.7002778,
       49.805
      ],
      [
       13.7080556,
       49.7988889
      ],
      [
       13.7161111,
       49.7927778
      ],
      [
       13.7244444,
       49.7866667
      ],
      [
       13.7338889,
       49.78
      ],
      [
       13.5636111,
       49.7291667
      ],
      [
       13.5536111,
       49.7372222
      ],
      [
       13.5347222,
       49.7533333
      ],
      [
       13.5255556,
       49.7613889
      ],
      [
       13.5166667,
       49.7697222
      ],
      [
       13.5077778,
       49.7783333
      ],
      [
       13.4994444,
       49.7866667
      ],
      [
       13.4911111,
       49.7952778
      ],
      [
       13.4752778,
       49.8127778
      ],
      [
       13.4677778,
       49.8216667
      ],
      [
       13.4602778,
       49.8308333
      ],
      [
       13.4533333,
       49.8397222
      ],
      [
       13.4463889,
       49.8488889
      ],
      [
       13.44,
       49.8580556
      ],
      [
       13.4336111,
       49.8675
      ],
      [
       13.4275,
       49.8766667
      ],
      [
       13.4216667,
       49.8861111
      ],
      [
       13.4105556,
       49.905
      ],
      [
       13.4055556,
       49.9147222
      ],
      [
       13.4008333,
       49.9244444
      ],
      [
       13.3961111,
       49.9338889
      ],
      [
       13.3919444,
       49.9436111
      ],
      [
       13.3877778,
       49.9536111
      ],
      [
       13.3841667,
       49.9633333
      ],
      [
       13.3805556,
       49.9733333
      ],
      [
       13.3775,
       49.9830556
      ],
      [
       13.3727778,
       49.9994444
      ],
      [
       13.5444444,
       50.0488889
      ]
     ]
    ]
   }
  },
  {
   "type": "Feature",
   "properties": {
    "ll": {
     "value": 75,
     "unit": 6,
     "referenceDatum": 2
    },
    "ul": {
     "value": 95,
     "unit": 6,
     "referenceDatum": 2
    },
    "_id": "626148a11eacded7b7bb3d0c",
    "name": "TMA VII BRNO 127.350",
    "type": 0,
    "icao": 3,
    "bnd": [
     [
      49.245,
      17.0005556
     ],
     [
      49.4583333,
      17.7838889
     ]
    ]
   },
   "geometry": {
    "type": "Polygon",
    "coordinates": [
     [
      [
       17.0005556,
       49.2583333
      ],
      [
       17.2594444,
       49.3116667
      ],
      [
       17.4836111,
       49.4583333
      ],
      [
       17.5916667,
       49.3972222
      ],
      [
       17.7838889,
       49.3716667
      ],
      [
       17.5894444,
       49.245
      ],
      [
       17.4961111,
       49.2541667
      ],
      [
       17.0644444,
       49.2577778
      ],
      [
       17.0005556,
       49.2583333
      ]
     ]
    ]
   }
  },
  {
   "type": "Feature",
   "properties": {
    "ll": {
     "value": 3000,
     "unit": 1,
     "referenceDatum": 1
    },
    "ul": {
     "value": 95,
     "unit": 6,
     "referenceDatum": 2
    },
    "_id": "626148a11eacded7b7bb3d2d",
    "name": "TMA VII OSTRAVA 119.375",
    "type": 0,
    "icao": 3,
    "bnd": [
     [
      49.5833333,
      17.7386111
     ],
     [
      49.7552778,
      17.8297222
     ]
    ]
   },
   "geometry": {
    "type": "Polygon",
    "coordinates": [
     [
      [
       17.7522222,
       49.7066667
      ],
      [
       17.8297222,
       49.7552778
      ],
      [
       17.8180556,
       49.6272222
      ],
      [
       17.7386111,
       49.5833333
      ],
      [
       17.7522222,
       49.7066667
      ]
     ]
    ]
   }
  },
  {
   "type": "Feature",
   "properties": {
    "ll": {
     "value": 75,
     "unit": 6,
     "referenceDatum": 2
    },
    "ul": {
     "value": 95,
     "unit": 6,
     "referenceDatum": 2
    },
    "_id": "626148a15e9ded571043ea82",
    "name": "TMA VII PRAHA 120.530 127.580",
    "type": 0,
    "icao": 2,
    "bnd": [
     [
      49.6483333,
      14.2980556
     ],
     [
      49.9177778,
      15.0394444
     ]
    ]
   },
   "geometry": {
    "type": "Polygon",
    "coordinates": [
     [
      [
       14.9344444,
       49.9177778
      ],
      [
       15.0394444,
       49.795
      ],
      [
       15.0227778,
       49.7777778
      ],
      [
       15.005,
       49.7611111
      ],
      [
       14.9955556,
       49.7527778
      ],
      [
       14.9863889,
       49.7447222
      ],
      [
       14.9766667,
       49.7366667
      ],
      [
       14.9666667,
       49.7286111
      ],
      [
       14.9566667,
       49.7208333
      ],
      [
       14.9463889,
       49.7130556
      ],
      [
       14.9252778,
       49.6980556
      ],
      [
       14.9144444,
       49.6905556
      ],
      [
       14.9033333,
       49.6833333
      ],
      [
       14.8919444,
       49.6761111
      ],
      [
       14.8805556,
       49.6691667
      ],
      [
       14.8688889,
       49.6625
      ],
      [
       14.8572222,
       49.6555556
      ],
      [
       14.8438889,
       49.6483333
      ],
      [
       14.4741667,
       49.6661111
      ],
      [
       14.2980556,
       49.7375
      ],
      [
       14.6894444,
       49.7183333
      ],
      [
       14.6997222,
       49.7230556
      ],
      [
       14.7197222,
       49.7330556
      ],
      [
       14.7294444,
       49.7383333
      ],
      [
       14.7483333,
       49.7488889
      ],
      [
       14.7577778,
       49.7544444
      ],
      [
       14.7669444,
       49.76
      ],
      [
       14.7761111,
       49.7658333
      ],
      [
       14.785,
       49.7716667
      ],
      [
       14.7936111,
       49.7775
      ],
      [
       14.8022222,
       49.7836111
      ],
      [
       14.8105556,
       49.7894444
      ],
      [
       14.8188889,
       49.7958333
      ],
      [
       14.8269444,
       49.8019444
      ],
      [
       14.8425,
       49.8147222
      ],
      [
       14.8575,
       49.8280556
      ],
      [
       14.8647222,
       49.8347222
      ],
      [
       14.8716667,
       49.8413889
      ],
      [
       14.8827778,
       49.8527778
      ],
      [
       14.8891667,
       49.8597222
      ],
      [
       14.8955556,
       49.8669444
      ],
      [
       14.9016667,
       49.8738889
      ],
      [
       14.9077778,
       49.8811111
      ],
      [
       14.9136111,
       49.8883333
      ],
      [
       14.9191667,
       49.8958333
      ],
      [
       14.9244444,
       49.9030556
      ],
      [
       14.9344444,
       49.9177778
      ]
     ]
    ]
   }
  },
  {
   "type": "Feature",
   "properties": {
    "ll": {
     "value": 3000,
     "unit": 1,
     "referenceDatum": 1
    },
    "ul": {
     "value": 95,
     "unit": 6,
     "referenceDatum": 2
    },
    "_id": "626148a11eacded7b7bb3d16",
    "name": "TMA VIII BRNO 127.350",
    "type": 0,
    "icao": 3,
    "bnd": [
     [
      49.2766667,
      16.4086111
     ],
     [
      49.3566667,
      16.8527778
     ]
    ]
   },
   "geometry": {
    "type": "Polygon",
    "coordinates": [
     [
      [
       16.4569444,
       49.3566667
      ],
      [
       16.8527778,
       49.2766667
      ],
      [
       16.5122222,
       49.3036111
      ],
      [
       16.4086111,
       49.3288889
      ],
      [
       16.4133333,
       49.3322222
      ],
      [
       16.4283333,
       49.3413889
      ],
      [
       16.4336111,
       49.3444444
      ],
      [
       16.4388889,
       49.3472222
      ],
      [
       16.4441667,
       49.3502778
      ],
      [
       16.4494444,
       49.3530556
      ],
      [
       16.4569444,
       49.3566667
      ]
     ]
    ]
   }
  },
  {
   "type": "Feature",
   "properties": {
    "ll": {
     "value": 2000,
     "unit": 1,
     "referenceDatum": 1
    },
    "ul": {
     "value": 3500,
     "unit": 1,
     "referenceDatum": 1
    },
    "_id": "626148a11eacded7b7bb3d20",
    "name": "TMA VIII PRAHA 120.530 127.580",
    "type": 0,
    "icao": 2,
    "bnd": [
     [
      50.1544444,
      14.2477778
     ],
     [
      50.3127778,
      14.6988889
     ]
    ]
   },
   "geometry": {
    "type": "Polygon",
    "coordinates": [
     [
      [
       14.3352778,
       50.3127778
      ],
      [
       14.5688889,
       50.2347222
      ],
      [
       14.6988889,
       50.2202778
      ],
      [
       14.6880556,
       50.1925
      ],
      [
       14.5619444,
       50.1544444
      ],
      [
       14.5502778,
       50.1705556
      ],
      [
       14.5463889,
       50.1755556
      ],
      [
       14.2477778,
       50.2227778
      ],
      [
       14.2722222,
       50.2866667
      ],
      [
       14.3352778,
       50.3127778
      ]
     ]
    ]
   }
  },
  {
   "type": "Feature",
   "properties": {
    "ll": {
     "value": 3500,
     "unit": 1,
     "referenceDatum": 1
    },
    "ul": {
     "value": 4000,
     "unit": 1,
     "referenceDatum": 1
    },
    "_id": "626148931eacded7b7bb39d2",
    "name": "TRAGA BUBOVICE 4 134.305",
    "type": 8,
    "icao": 7,
    "bnd": [
     [
      49.8230556,
      14.0152778
     ],
     [
      49.9325,
      14.3383333
     ]
    ]
   },
   "geometry": {
    "type": "Polygon",
    "coordinates": [
     [
      [
       14.1761111,
       49.9325
      ],
      [
       14.2752778,
       49.8822222
      ],
      [
       14.3383333,
       49.8230556
      ],
      [
       14.0152778,
       49.8375
      ],
      [
       14.1552778,
       49.9033333
      ],
      [
       14.1761111,
       49.9325
      ]
     ]
    ]
   }
  },
  {
   "type": "Feature",
   "properties": {
    "ll": {
     "value": 4000,
     "unit": 1,
     "referenceDatum": 1
    },
    "ul": {
     "value": 5000,
     "unit": 1,
     "referenceDatum": 1
    },
    "_id": "626148935e9ded571043e6db",
    "name": "TRAGA BUBOVICE 5E 134.305",
    "type": 8,
    "icao": 7,
    "bnd": [
     [
      49.8230556,
      14.0152778
     ],
     [
      49.9177778,
      14.3383333
     ]
    ]
   },
   "geometry": {
    "type": "Polygon",
    "coordinates": [
     [
      [
       14.1655556,
       49.9177778
      ],
      [
       14.3383333,
       49.8230556
      ],
      [
       14.0152778,
       49.8375
      ],
      [
       14.1552778,
       49.9033333
      ],
      [
       14.1655556,
       49.9177778
      ]
     ]
    ]
   }
  },
  {
   "type": "Feature",
   "properties": {
    "ll": {
     "value": 3500,
     "unit": 1,
     "referenceDatum": 1
    },
    "ul": {
     "value": 5000,
     "unit": 1,
     "referenceDatum": 1
    },
    "_id": "626148935e9ded571043e6e5",
    "name": "TRAGA BUBOVICE 5W 134.305",
    "type": 8,
    "icao": 7,
    "bnd": [
     [
      49.8375,
      13.9711111
     ],
     [
      49.9563889,
      14.1761111
     ]
    ]
   },
   "geometry": {
    "type": "Polygon",
    "coordinates": [
     [
      [
       14.1316667,
       49.9563889
      ],
      [
       14.1761111,
       49.9325
      ],
      [
       14.1552778,
       49.9033333
      ],
      [
       14.0152778,
       49.8375
      ],
      [
       13.9711111,
       49.8394444
      ],
      [
       14.0241667,
       49.9291667
      ],
      [
       14.1316667,
       49.9563889
      ]
     ]
    ]
   }
  },
  {
   "type": "Feature",
   "properties": {
    "ll": {
     "value": 4000,
     "unit": 1,
     "referenceDatum": 1
    },
    "ul": {
     "value": 9500,
     "unit": 1,
     "referenceDatum": 1
    },
    "_id": "626148925e9ded571043e6b5",
    "name": "TRAGA FRYDLANT 1 123.490",
    "type": 8,
    "icao": 7,
    "bnd": [
     [
      49.5433333,
      18.14
     ],
     [
      49.7147222,
      18.4955556
     ]
    ]
   },
   "geometry": {
    "type": "Polygon",
    "coordinates": [
     [
      [
       18.415,
       49.7147222
      ],
      [
       18.4955556,
       49.695
      ],
      [
       18.2530556,
       49.5436111
      ],
      [
       18.14,
       49.5433333
      ],
      [
       18.415,
       49.7147222
      ]
     ]
    ]
   }
  },
  {
   "type": "Feature",
   "properties": {
    "ll": {
     "value": 4000,
     "unit": 1,
     "referenceDatum": 1
    },
    "ul": {
     "value": 95,
     "unit": 6,
     "referenceDatum": 2
    },
    "_id": "626148925e9ded571043e6c1",
    "name": "TRAGA FRYDLANT 2 123.490",
    "type": 8,
    "icao": 7,
    "bnd": [
     [
      49.695,
      18.415
     ],
     [
      49.8180556,
      18.6108333
     ]
    ]
   },
   "geometry": {
    "type": "Polygon",
    "coordinates": [
     [
      [
       18.5822222,
       49.8180556
      ],
      [
       18.6108333,
       49.7663889
      ],
      [
       18.4955556,
       49.695
      ],
      [
       18.415,
       49.7147222
      ],
      [
       18.5822222,
       49.8180556
      ]
     ]
    ]
   }
  },
  {
   "type": "Feature",
   "properties": {
    "ll": {
     "value": 2500,
     "unit": 1,
     "referenceDatum": 1
    },
    "ul": {
     "value": 3000,
     "unit": 1,
     "referenceDatum": 1
    },
    "_id": "626148931eacded7b7bb39df",
    "name": "TRAGA KLADNO 3 123.480",
    "type": 8,
    "icao": 7,
    "bnd": [
     [
      50.1061111,
      14.0152778
     ],
     [
      50.1475,
      14.0652778
     ]
    ]
   },
   "geometry": {
    "type": "Polygon",
    "coordinates": [
     [
      [
       14.0338889,
       50.1475
      ],
      [
       14.0652778,
       50.1322222
      ],
      [
       14.0575,
       50.1061111
      ],
      [
       14.0152778,
       50.1255556
      ],
      [
       14.017413,
       50.1311434
      ],
      [
       14.0211968,
       50.1363695
      ],
      [
       14.0258967,
       50.1412807
      ],
      [
       14.0314501,
       50.1458115
      ],
      [
       14.0338889,
       50.1475
      ]
     ]
    ]
   }
  },
  {
   "type": "Feature",
   "properties": {
    "ll": {
     "value": 2500,
     "unit": 1,
     "referenceDatum": 1
    },
    "ul": {
     "value": 4000,
     "unit": 1,
     "referenceDatum": 1
    },
    "_id": "626148935e9ded571043e6f2",
    "name": "TRAGA KLADNO 4A 123.480",
    "type": 8,
    "icao": 7,
    "bnd": [
     [
      50.1255556,
      13.9655556
     ],
     [
      50.1736111,
      14.0338889
     ]
    ]
   },
   "geometry": {
    "type": "Polygon",
    "coordinates": [
     [
      [
       13.9791667,
       50.1736111
      ],
      [
       14.0338889,
       50.1475
      ],
      [
       14.0280149,
       50.1431383
      ],
      [
       14.0229662,
       50.1383713
      ],
      [
       14.01881,
       50.1332628
      ],
      [
       14.0156016,
       50.1278809
      ],
      [
       14.0152778,
       50.1255556
      ],
      [
       13.9655556,
       50.1483333
      ],
      [
       13.9707569,
       50.159365
      ],
      [
       13.976947,
       50.1701853
      ],
      [
       13.9791667,
       50.1736111
      ]
     ]
    ]
   }
  },
  {
   "type": "Feature",
   "properties": {
    "ll": {
     "value": 3500,
     "unit": 1,
     "referenceDatum": 1
    },
    "ul": {
     "value": 4000,
     "unit": 1,
     "referenceDatum": 1
    },
    "_id": "626148931eacded7b7bb39ef",
    "name": "TRAGA KLADNO 4B 123.480",
    "type": 8,
    "icao": 7,
    "bnd": [
     [
      50.1483333,
      13.9275
     ],
     [
      50.1880556,
      13.9791667
     ]
    ]
   },
   "geometry": {
    "type": "Polygon",
    "coordinates": [
     [
      [
       13.9491667,
       50.1880556
      ],
      [
       13.9791667,
       50.1736111
      ],
      [
       13.9726421,
       50.162872
      ],
      [
       13.9671205,
       50.1519044
      ],
      [
       13.9655556,
       50.1483333
      ],
      [
       13.9275,
       50.1658333
      ],
      [
       13.9491667,
       50.1880556
      ]
     ]
    ]
   }
  },
  {
   "type": "Feature",
   "properties": {
    "ll": {
     "value": 3500,
     "unit": 1,
     "referenceDatum": 1
    },
    "ul": {
     "value": 5000,
     "unit": 1,
     "referenceDatum": 1
    },
    "_id": "626148935e9ded571043e700",
    "name": "TRAGA KLADNO 5 123.480",
    "type": 8,
    "icao": 7,
    "bnd": [
     [
      50.1433333,
      13.7527778
     ],
     [
      50.2547222,
      13.9491667
     ]
    ]
   },
   "geometry": {
    "type": "Polygon",
    "coordinates": [
     [
      [
       13.8097222,
       50.2547222
      ],
      [
       13.9491667,
       50.1880556
      ],
      [
       13.9275,
       50.1658333
      ],
      [
       13.7527778,
       50.1433333
      ],
      [
       13.7562676,
       50.158041
      ],
      [
       13.7610479,
       50.1726021
      ],
      [
       13.7668442,
       50.1870112
      ],
      [
       13.7736457,
       50.2012394
      ],
      [
       13.7814394,
       50.215258
      ],
      [
       13.7902107,
       50.2290387
      ],
      [
       13.7999425,
       50.2425536
      ],
      [
       13.8097222,
       50.2547222
      ]
     ]
    ]
   }
  },
  {
   "type": "Feature",
   "properties": {
    "ll": {
     "value": 0,
     "unit": 1,
     "referenceDatum": 0
    },
    "ul": {
     "value": 2000,
     "unit": 1,
     "referenceDatum": 1
    },
    "_id": "626148935e9ded571043e6fe",
    "name": "TRAGA LETNANY 1N 120.335",
    "type": 8,
    "icao": 7,
    "bnd": [
     [
      50.1302778,
      14.4819444
     ],
     [
      50.1705556,
      14.5619444
     ]
    ]
   },
   "geometry": {
    "type": "Polygon",
    "coordinates": [
     [
      [
       14.5502778,
       50.1705556
      ],
      [
       14.5619444,
       50.1544444
      ],
      [
       14.4822222,
       50.1302778
      ],
      [
       14.4819444,
       50.1475
      ],
      [
       14.5502778,
       50.1705556
      ]
     ]
    ]
   }
  },
  {
   "type": "Feature",
   "properties": {
    "ll": {
     "value": 0,
     "unit": 1,
     "referenceDatum": 0
    },
    "ul": {
     "value": 2000,
     "unit": 1,
     "referenceDatum": 1
    },
    "_id": "626148915e9ded571043e68a",
    "name": "TRAGA LETNANY 1S 120.335",
    "type": 8,
    "icao": 7,
    "bnd": [
     [
      50.1113889,
      14.4822222
     ],
     [
      50.1563889,
      14.5788889
     ]
    ]
   },
   "geometry": {
    "type": "Polygon",
    "coordinates": [
     [
      [
       14.5686111,
       50.1563889
      ],
      [
       14.5788889,
       50.1433333
      ],
      [
       14.5469444,
       50.1302778
      ],
      [
       14.4822222,
       50.1113889
      ],
      [
       14.4822222,
       50.1302778
      ],
      [
       14.5686111,
       50.1563889
      ]
     ]
    ]
   }
  },
  {
   "type": "Feature",
   "properties": {
    "ll": {
     "value": 5000,
     "unit": 1,
     "referenceDatum": 1
    },
    "ul": {
     "value": 95,
     "unit": 6,
     "referenceDatum": 2
    },
    "_id": "626148941eacded7b7bb3a11",
    "name": "TRAGA LUHACOVICE 1 125.285",
    "type": 8,
    "icao": 7,
    "bnd": [
     [
      49.0186111,
      17.5725
     ],
     [
      49.245,
      17.7958333
     ]
    ]
   },
   "geometry": {
    "type": "Polygon",
    "coordinates": [
     [
      [
       17.5894444,
       49.245
      ],
      [
       17.7005556,
       49.2341667
      ],
      [
       17.7958333,
       49.1047222
      ],
      [
       17.7538889,
       49.0186111
      ],
      [
       17.62,
       49.0325
      ],
      [
       17.6313889,
       49.0680556
      ],
      [
       17.6994444,
       49.1538889
      ],
      [
       17.6869444,
       49.1991667
      ],
      [
       17.5725,
       49.2383333
      ],
      [
       17.5894444,
       49.245
      ]
     ]
    ]
   }
  },
  {
   "type": "Feature",
   "properties": {
    "ll": {
     "value": 5000,
     "unit": 1,
     "referenceDatum": 1
    },
    "ul": {
     "value": 95,
     "unit": 6,
     "referenceDatum": 2
    },
    "_id": "626148941eacded7b7bb3a26",
    "name": "TRAGA LUHACOVICE 2 125.285",
    "type": 8,
    "icao": 7,
    "bnd": [
     [
      48.9072222,
      17.5294444
     ],
     [
      49.0325,
      17.7538889
     ]
    ]
   },
   "geometry": {
    "type": "Polygon",
    "coordinates": [
     [
      [
       17.62,
       49.0325
      ],
      [
       17.7538889,
       49.0186111
      ],
      [
       17.7,
       48.9072222
      ],
      [
       17.5294444,
       48.9358333
      ],
      [
       17.5836111,
       48.97
      ],
      [
       17.62,
       49.0325
      ]
     ]
    ]
   }
  },
  {
   "type": "Feature",
   "properties": {
    "ll": {
     "value": 0,
     "unit": 1,
     "referenceDatum": 0
    },
    "ul": {
     "value": 2500,
     "unit": 1,
     "referenceDatum": 1
    },
    "_id": "626148941eacded7b7bb3a02",
    "name": "TRAGA MEDLANKY 1 122.405",
    "type": 8,
    "icao": 7,
    "bnd": [
     [
      49.2158333,
      16.5513889
     ],
     [
      49.2608333,
      16.6277778
     ]
    ]
   },
   "geometry": {
    "type": "Polygon",
    "coordinates": [
     [
      [
       16.6277778,
       49.2608333
      ],
      [
       16.6225,
       49.2536111
      ],
      [
       16.5597222,
       49.2158333
      ],
      [
       16.5513889,
       49.2222222
      ],
      [
       16.5591957,
       49.2294577
      ],
      [
       16.5685575,
       49.2358599
      ],
      [
       16.5786323,
       49.2417835
      ],
      [
       16.5893631,
       49.2471949
      ],
      [
       16.600689,
       49.2520632
      ],
      [
       16.6125456,
       49.2563608
      ],
      [
       16.6248656,
       49.260063
      ],
      [
       16.6277778,
       49.2608333
      ]
     ]
    ]
   }
  },
  {
   "type": "Feature",
   "properties": {
    "ll": {
     "value": 2500,
     "unit": 1,
     "referenceDatum": 1
    },
    "ul": {
     "value": 5000,
     "unit": 1,
     "referenceDatum": 1
    },
    "_id": "626148945e9ded571043e713",
    "name": "TRAGA MEDLANKY 2A 122.405",
    "type": 8,
    "icao": 7,
    "bnd": [
     [
      49.2158333,
      16.4086111
     ],
     [
      49.3288889,
      16.6505556
     ]
    ]
   },
   "geometry": {
    "type": "Polygon",
    "coordinates": [
     [
      [
       16.4086111,
       49.3288889
      ],
      [
       16.5122222,
       49.3036111
      ],
      [
       16.6505556,
       49.2927778
      ],
      [
       16.6225,
       49.2536111
      ],
      [
       16.5597222,
       49.2158333
      ],
      [
       16.4086111,
       49.3288889
      ]
     ]
    ]
   }
  },
  {
   "type": "Feature",
   "properties": {
    "ll": {
     "value": 3000,
     "unit": 1,
     "referenceDatum": 1
    },
    "ul": {
     "value": 5000,
     "unit": 1,
     "referenceDatum": 1
    },
    "_id": "626148941eacded7b7bb3a13",
    "name": "TRAGA MEDLANKY 2B 122.405",
    "type": 8,
    "icao": 7,
    "bnd": [
     [
      49.2927778,
      16.4086111
     ],
     [
      49.3566667,
      16.6661111
     ]
    ]
   },
   "geometry": {
    "type": "Polygon",
    "coordinates": [
     [
      [
       16.4569444,
       49.3566667
      ],
      [
       16.6661111,
       49.3147222
      ],
      [
       16.6505556,
       49.2927778
      ],
      [
       16.5122222,
       49.3036111
      ],
      [
       16.4086111,
       49.3288889
      ],
      [
       16.4229085,
       49.3380965
      ],
      [
       16.4379111,
       49.3468166
      ],
      [
       16.4535799,
       49.3550266
      ],
      [
       16.4569444,
       49.3566667
      ]
     ]
    ]
   }
  },
  {
   "type": "Feature",
   "properties": {
    "ll": {
     "value": 3500,
     "unit": 1,
     "referenceDatum": 1
    },
    "ul": {
     "value": 95,
     "unit": 6,
     "referenceDatum": 2
    },
    "_id": "626148921eacded7b7bb3986",
    "name": "TRAGA TOUZIM 1 120.190",
    "type": 8,
    "icao": 7,
    "bnd": [
     [
      49.9744444,
      12.8080556
     ],
     [
      50.1222222,
      13.0386111
     ]
    ]
   },
   "geometry": {
    "type": "Polygon",
    "coordinates": [
     [
      [
       13.0066667,
       50.1222222
      ],
      [
       13.0261111,
       50.0433333
      ],
      [
       13.0386111,
       49.9744444
      ],
      [
       12.8080556,
       50.04
      ],
      [
       12.8811111,
       50.1055556
      ],
      [
       12.8936196,
       50.1040873
      ],
      [
       12.9062776,
       50.1033002
      ],
      [
       12.9189933,
       50.1031765
      ],
      [
       12.9316826,
       50.1037172
      ],
      [
       12.9442614,
       50.1049186
      ],
      [
       12.9566464,
       50.1067728
      ],
      [
       12.9687555,
       50.1092675
      ],
      [
       12.9805083,
       50.1123862
      ],
      [
       12.991827,
       50.1161083
      ],
      [
       13.0026364,
       50.1204089
      ],
      [
       13.0066667,
       50.1222222
      ]
     ]
    ]
   }
  },
  {
   "type": "Feature",
   "properties": {
    "ll": {
     "value": 3500,
     "unit": 1,
     "referenceDatum": 1
    },
    "ul": {
     "value": 95,
     "unit": 6,
     "referenceDatum": 2
    },
    "_id": "626148911eacded7b7bb397a",
    "name": "TRAGA TOUZIM 1E 120.190",
    "type": 8,
    "icao": 7,
    "bnd": [
     [
      49.9744444,
      13.0066667
     ],
     [
      50.1222222,
      13.25
     ]
    ]
   },
   "geometry": {
    "type": "Polygon",
    "coordinates": [
     [
      [
       13.0066667,
       50.1222222
      ],
      [
       13.25,
       50.0088889
      ],
      [
       13.2213889,
       49.9788889
      ],
      [
       13.0386111,
       49.9744444
      ],
      [
       13.0261111,
       50.0433333
      ],
      [
       13.0066667,
       50.1222222
      ]
     ]
    ]
   }
  },
  {
   "type": "Feature",
   "properties": {
    "ll": {
     "value": 3500,
     "unit": 1,
     "referenceDatum": 1
    },
    "ul": {
     "value": 95,
     "unit": 6,
     "referenceDatum": 2
    },
    "_id": "626148921eacded7b7bb3991",
    "name": "TRAGA TOUZIM 1W 120.190",
    "type": 8,
    "icao": 7,
    "bnd": [
     [
      50.04,
      12.615
     ],
     [
      50.1055556,
      12.8811111
     ]
    ]
   },
   "geometry": {
    "type": "Polygon",
    "coordinates": [
     [
      [
       12.8811111,
       50.1055556
      ],
      [
       12.8080556,
       50.04
      ],
      [
       12.615,
       50.0944444
      ],
      [
       12.8811111,
       50.1055556
      ]
     ]
    ]
   }
  },
  {
   "type": "Feature",
   "properties": {
    "ll": {
     "value": 75,
     "unit": 6,
     "referenceDatum": 2
    },
    "ul": {
     "value": 95,
     "unit": 6,
     "referenceDatum": 2
    },
    "_id": "626148921eacded7b7bb399c",
    "name": "TRAGA TOUZIM 2 120.190",
    "type": 8,
    "icao": 7,
    "bnd": [
     [
      49.9658333,
      12.7119444
     ],
     [
      50.04,
      13.0386111
     ]
    ]
   },
   "geometry": {
    "type": "Polygon",
    "coordinates": [
     [
      [
       12.8080556,
       50.04
      ],
      [
       13.0386111,
       49.9744444
      ],
      [
       12.7119444,
       49.9658333
      ],
      [
       12.8080556,
       50.04
      ]
     ]
    ]
   }
  },
  {
   "type": "Feature",
   "properties": {
    "ll": {
     "value": 75,
     "unit": 6,
     "referenceDatum": 2
    },
    "ul": {
     "value": 95,
     "unit": 6,
     "referenceDatum": 2
    },
    "_id": "626148925e9ded571043e69c",
    "name": "TRAGA TOUZIM 3 120.190",
    "type": 8,
    "icao": 7,
    "bnd": [
     [
      49.9658333,
      12.4233333
     ],
     [
      50.0944444,
      12.8080556
     ]
    ]
   },
   "geometry": {
    "type": "Polygon",
    "coordinates": [
     [
      [
       12.615,
       50.0944444
      ],
      [
       12.8080556,
       50.04
      ],
      [
       12.7119444,
       49.9658333
      ],
      [
       12.4233333,
       50.0480556
      ],
      [
       12.615,
       50.0944444
      ]
     ]
    ]
   }
  },
  {
   "type": "Feature",
   "properties": {
    "ll": {
     "value": 75,
     "unit": 6,
     "referenceDatum": 2
    },
    "ul": {
     "value": 95,
     "unit": 6,
     "referenceDatum": 2
    },
    "_id": "626148925e9ded571043e6a9",
    "name": "TRAGA TOUZIM 4 120.190",
    "type": 8,
    "icao": 7,
    "bnd": [
     [
      50.0480556,
      12.3444444
     ],
     [
      50.17,
      12.615
     ]
    ]
   },
   "geometry": {
    "type": "Polygon",
    "coordinates": [
     [
      [
       12.3444444,
       50.17
      ],
      [
       12.615,
       50.0944444
      ],
      [
       12.4233333,
       50.0480556
      ],
      [
       12.3547222,
       50.1322222
      ],
      [
       12.3444444,
       50.17
      ]
     ]
    ]
   }
  },
  {
   "type": "Feature",
   "properties": {
    "ll": {
     "value": 4000,
     "unit": 1,
     "referenceDatum": 1
    },
    "ul": {
     "value": 95,
     "unit": 6,
     "referenceDatum": 2
    },
    "_id": "626148925e9ded571043e6cb",
    "name": "TRAGA VELKY JAVORNIK 119.375",
    "type": 8,
    "icao": 7,
    "bnd": [
     [
      49.4319444,
      17.9822222
     ],
     [
      49.5436111,
      18.2530556
     ]
    ]
   },
   "geometry": {
    "type": "Polygon",
    "coordinates": [
     [
      [
       18.14,
       49.5433333
      ],
      [
       18.2530556,
       49.5436111
      ],
      [
       18.0755556,
       49.4319444
      ],
      [
       18.0551866,
       49.4333613
      ],
      [
       18.0349505,
       49.4354349
      ],
      [
       18.014897,
       49.4381602
      ],
      [
       17.9950753,
       49.4415306
      ],
      [
       17.9822222,
       49.4441667
      ],
      [
       18.14,
       49.5433333
      ]
     ]
    ]
   }
  },
  {
   "type": "Feature",
   "properties": {
    "ll": {
     "value": 4000,
     "unit": 1,
     "referenceDatum": 1
    },
    "ul": {
     "value": 95,
     "unit": 6,
     "referenceDatum": 2
    },
    "_id": "626148921eacded7b7bb39af",
    "name": "TRAGA ZABREH 1 123.605",
    "type": 8,
    "icao": 7,
    "bnd": [
     [
      49.8691667,
      17.8616807
     ],
     [
      50.0658333,
      18.2099047
     ]
    ]
   },
   "geometry": {
    "type": "Polygon",
    "coordinates": [
     [
      [
       17.8616807,
       49.9784591
      ],
      [
       17.8683333,
       49.9722222
      ],
      [
       17.8861111,
       49.9783333
      ],
      [
       17.8927778,
       49.9797222
      ],
      [
       17.9113889,
       49.9777778
      ],
      [
       17.9227778,
       49.9786111
      ],
      [
       17.9375,
       49.9916667
      ],
      [
       17.9616667,
       50.0047222
      ],
      [
       17.9730556,
       50.0086111
      ],
      [
       17.9852778,
       50.0069444
      ],
      [
       17.9925,
       50.015
      ],
      [
       18.0044444,
       50.0183333
      ],
      [
       18.0144444,
       50.0111111
      ],
      [
       18.0352778,
       50.0108333
      ],
      [
       18.0433333,
       50.0061111
      ],
      [
       18.0452778,
       50.005
      ],
      [
       18.0444444,
       50.0102778
      ],
      [
       18.0422222,
       50.0136111
      ],
      [
       18.0461111,
       50.0158333
      ],
      [
       18.0469444,
       50.0191667
      ],
      [
       18.0427778,
       50.0219444
      ],
      [
       18.0466667,
       50.0266667
      ],
      [
       18.0441667,
       50.0363889
      ],
      [
       18.0283333,
       50.0386111
      ],
      [
       18.0244444,
       50.0363889
      ],
      [
       18.0177778,
       50.0313889
      ],
      [
       18.0086111,
       50.0311111
      ],
      [
       18.0058333,
       50.0402778
      ],
      [
       18.005,
       50.0502778
      ],
      [
       18.0119444,
       50.0544444
      ],
      [
       18.0333333,
       50.0658333
      ],
      [
       18.0458333,
       50.0625
      ],
      [
       18.0497222,
       50.0583333
      ],
      [
       18.0636111,
       50.0525
      ],
      [
       18.0658333,
       50.0480556
      ],
      [
       18.0858333,
       50.0458333
      ],
      [
       18.0872222,
       50.0358333
      ],
      [
       18.0855556,
       50.0319444
      ],
      [
       18.0963889,
       50.0258333
      ],
      [
       18.1030556,
       50.0225
      ],
      [
       18.0961111,
       50.0163889
      ],
      [
       18.0944444,
       50.0119444
      ],
      [
       18.1047222,
       50.0008333
      ],
      [
       18.1169444,
       49.9938889
      ],
      [
       18.1311111,
       49.9980556
      ],
      [
       18.1358333,
       49.9938889
      ],
      [
       18.1536111,
       49.9822222
      ],
      [
       18.1625,
       49.9847222
      ],
      [
       18.1702778,
       49.9888889
      ],
      [
       18.1680556,
       49.9936111
      ],
      [
       18.1736111,
       49.9983333
      ],
      [
       18.1827778,
       50.0002778
      ],
      [
       18.19,
       49.9986111
      ],
      [
       18.2063889,
       49.9977778
      ],
      [
       18.2099047,
       49.9913013
      ],
      [
       18.0130556,
       49.8691667
      ],
      [
       17.8763889,
       49.8727778
      ],
      [
       17.8616807,
       49.9784591
      ]
     ]
    ]
   }
  },
  {
   "type": "Feature",
   "properties": {
    "ll": {
     "value": 2500,
     "unit": 1,
     "referenceDatum": 1
    },
    "ul": {
     "value": 95,
     "unit": 6,
     "referenceDatum": 2
    },
    "_id": "626148921eacded7b7bb39bb",
    "name": "TRAGA ZABREH 2 123.605",
    "type": 8,
    "icao": 7,
    "bnd": [
     [
      49.8669444,
      18.0130556
     ],
     [
      49.9922222,
      18.2713889
     ]
    ]
   },
   "geometry": {
    "type": "Polygon",
    "coordinates": [
     [
      [
       18.2113889,
       49.9922222
      ],
      [
       18.2116667,
       49.9880556
      ],
      [
       18.2152778,
       49.9755556
      ],
      [
       18.2213889,
       49.9675
      ],
      [
       18.2294444,
       49.9694444
      ],
      [
       18.2363889,
       49.9708333
      ],
      [
       18.2533333,
       49.9688889
      ],
      [
       18.2713889,
       49.9661111
      ],
      [
       18.2630556,
       49.9661111
      ],
      [
       18.1413889,
       49.8977778
      ],
      [
       18.0922222,
       49.8669444
      ],
      [
       18.0130556,
       49.8691667
      ],
      [
       18.2113889,
       49.9922222
      ]
     ]
    ]
   }
  },
  {
   "type": "Feature",
   "properties": {
    "ll": {
     "value": 4000,
     "unit": 1,
     "referenceDatum": 1
    },
    "ul": {
     "value": 95,
     "unit": 6,
     "referenceDatum": 2
    },
    "_id": "626148931eacded7b7bb39c6",
    "name": "TRAGA ZABREH 3 123.605",
    "type": 8,
    "icao": 7,
    "bnd": [
     [
      49.8727778,
      17.7733333
     ],
     [
      50.0191667,
      17.8763889
     ]
    ]
   },
   "geometry": {
    "type": "Polygon",
    "coordinates": [
     [
      [
       17.7872222,
       50.0175
      ],
      [
       17.7886111,
       50.0172222
      ],
      [
       17.7919444,
       50.0191667
      ],
      [
       17.7941667,
       50.0161111
      ],
      [
       17.7980556,
       50.0133333
      ],
      [
       17.8041667,
       50.0122222
      ],
      [
       17.8366667,
       50.0033333
      ],
      [
       17.8283333,
       49.9936111
      ],
      [
       17.8325,
       49.9916667
      ],
      [
       17.8352778,
       49.99
      ],
      [
       17.8388889,
       49.9911111
      ],
      [
       17.8427778,
       49.9866667
      ],
      [
       17.8519444,
       49.9838889
      ],
      [
       17.8527778,
       49.9819444
      ],
      [
       17.8563889,
       49.9813889
      ],
      [
       17.8594444,
       49.9805556
      ],
      [
       17.8613889,
       49.9805556
      ],
      [
       17.8763889,
       49.8727778
      ],
      [
       17.7733333,
       49.8947222
      ],
      [
       17.7872222,
       50.0175
      ]
     ]
    ]
   }
  }
 ]
}