{
 "type": "FeatureCollection",
 "countryCode": "gr",
 "features": [
  {
   "type": "Feature",
   "properties": {
    "ll": {
     "value": 0,
     "unit": 1,
     "referenceDatum": 0
    },
    "ul": {
     "value": 999,
     "unit": 6,
     "referenceDatum": 2
    },
    "_id": "62614b355e9ded5710446b2f",
    "name": "(LGD5): INTMT",
    "type": 2,
    "icao": 7,
    "bnd": [
     [
      39.8488889,
      23.4658333
     ],
     [
      40.3988889,
      24.5825
     ]
    ]
   },
   "geometry": {
    "type": "Polygon",
    "coordinates": [
     [
      [
       23.4658333,
       40.3488889
      ],
      [
       23.9491667,
       40.3988889
      ],
      [
       24.5825,
       40.0822222
      ],
      [
       23.6658333,
       39.8488889
      ],
      [
       23.4658333,
       40.3488889
      ]
     ]
    ]
   }
  },
  {
   "type": "Feature",
   "properties": {
    "ll": {
     "value": 12000,
     "unit": 1,
     "referenceDatum": 1
    },
    "ul": {
     "value": 17000,
     "unit": 1,
     "referenceDatum": 1
    },
    "_id": "62614b375e9ded5710446bc4",
    "name": "(LGR11): INTMT",
    "type": 1,
    "icao": 7,
    "bnd": [
     [
      36.9333333,
      21.9833333
     ],
     [
      37.5833333,
      23.0833333
     ]
    ]
   },
   "geometry": {
    "type": "Polygon",
    "coordinates": [
     [
      [
       21.9833333,
       37.45
      ],
      [
       22.2,
       37.5833333
      ],
      [
       22.7666667,
       37.4166667
      ],
      [
       23.0833333,
       36.9333333
      ],
      [
       22.5,
       37.1
      ],
      [
       21.9833333,
       37.45
      ]
     ]
    ]
   }
  },
  {
   "type": "Feature",
   "properties": {
    "ll": {
     "value": 0,
     "unit": 1,
     "referenceDatum": 0
    },
    "ul": {
     "value": 4500,
     "unit": 1,
     "referenceDatum": 1
    },
    "_id": "62614b37cb27f4250944a5f0",
    "name": "(LGR125): CONT",
    "type": 1,
    "icao": 7,
    "bnd": [
     [
      39.7166667,
      19.6333333
     ],
     [
      39.8333333,
      19.8666667
     ]
    ]
   },
   "geometry": {
    "type": "Polygon",
    "coordinates": [
     [
      [
       19.85,
       39.8333333
      ],
      [
       19.8666667,
       39.8166667
      ],
      [
       19.7333333,
       39.7166667
      ],
      [
       19.6333333,
       39.7666667
      ],
      [
       19.85,
       39.8333333
      ]
     ]
    ]
   }
  },
  {
   "type": "Feature",
   "properties": {
    "ll": {
     "value": 0,
     "unit": 1,
     "referenceDatum": 0
    },
    "ul": {
     "value": 6000,
     "unit": 1,
     "referenceDatum": 1
    },
    "_id": "62614b37cb27f4250944a5fa",
    "name": "(LGR127): INTMT",
    "type": 1,
    "icao": 7,
    "bnd": [
     [
      38.5988889,
      21.4325
     ],
     [
      38.7155556,
      21.5658333
     ]
    ]
   },
   "geometry": {
    "type": "Polygon",
    "coordinates": [
     [
      [
       21.5658333,
       38.5988889
      ],
      [
       21.4325,
       38.6322222
      ],
      [
       21.4825,
       38.6988889
      ],
      [
       21.5658333,
       38.7155556
      ],
      [
       21.5658333,
       38.5988889
      ]
     ]
    ]
   }
  },
  {
   "type": "Feature",
   "properties": {
    "ll": {
     "value": 9000,
     "unit": 1,
     "referenceDatum": 1
    },
    "ul": {
     "value": 24500,
     "unit": 1,
     "referenceDatum": 1
    },
    "_id": "62614b395e9ded5710446c51",
    "name": "(LGR6): MON-THU",
    "type": 1,
    "icao": 7,
    "bnd": [
     [
      40.7822222,
      23.3825
     ],
     [
      41.4988889,
      23.9491667
     ]
    ]
   },
   "geometry": {
    "type": "Polygon",
    "coordinates": [
     [
      [
       23.8491667,
       40.7822222
      ],
      [
       23.3825,
       41.0322222
      ],
      [
       23.4491667,
       41.1988889
      ],
      [
       23.9491667,
       41.4988889
      ],
      [
       23.8491667,
       40.7822222
      ]
     ]
    ]
   }
  },
  {
   "type": "Feature",
   "properties": {
    "ll": {
     "value": 1000,
     "unit": 1,
     "referenceDatum": 1
    },
    "ul": {
     "value": 15000,
     "unit": 1,
     "referenceDatum": 1
    },
    "_id": "62614b39cb27f4250944a629",
    "name": "(LGR7): INTMT",
    "type": 1,
    "icao": 7,
    "bnd": [
     [
      36.1666667,
      23.15
     ],
     [
      37.2666667,
      24.0666667
     ]
    ]
   },
   "geometry": {
    "type": "Polygon",
    "coordinates": [
     [
      [
       23.15,
       37.2666667
      ],
      [
       23.7,
       37.1833333
      ],
      [
       24.0666667,
       36.4166667
      ],
      [
       23.7166667,
       36.1666667
      ],
      [
       23.3166667,
       36.7333333
      ],
      [
       23.15,
       37.2666667
      ]
     ]
    ]
   }
  },
  {
   "type": "Feature",
   "properties": {
    "ll": {
     "value": 0,
     "unit": 1,
     "referenceDatum": 0
    },
    "ul": {
     "value": 6000,
     "unit": 1,
     "referenceDatum": 1
    },
    "_id": "62614b39cb27f4250944a633",
    "name": "(LGR9): CONT",
    "type": 1,
    "icao": 7,
    "bnd": [
     [
      35.1,
      25
     ],
     [
      35.2833333,
      25.1833333
     ]
    ]
   },
   "geometry": {
    "type": "Polygon",
    "coordinates": [
     [
      [
       25,
       35.1
      ],
      [
       25,
       35.2833333
      ],
      [
       25.1833333,
       35.2166667
      ],
      [
       25.1833333,
       35.1
      ],
      [
       25,
       35.1
      ]
     ]
    ]
   }
  },
  {
   "type": "Feature",
   "properties": {
    "ll": {
     "value": 0,
     "unit": 1,
     "referenceDatum": 0
    },
    "ul": {
     "value": 5000,
     "unit": 1,
     "referenceDatum": 1
    },
    "_id": "62614b2f1eacded7b7bbe7de",
    "name": "GAD: 120.65",
    "type": 4,
    "icao": 3,
    "bnd": [
     [
      37.5910785,
      20.8683637
     ],
     [
      38.257275,
      21.712841
     ]
    ]
   },
   "geometry": {
    "type": "Polygon",
    "coordinates": [
     [
      [
       21.2905556,
       38.257275
      ],
      [
       21.3095208,
       38.2569404
      ],
      [
       21.3284476,
       38.2559373
      ],
      [
       21.3472976,
       38.2542678
      ],
      [
       21.3660326,
       38.2519352
      ],
      [
       21.3846146,
       38.2489442
      ],
      [
       21.403006,
       38.245301
      ],
      [
       21.4211696,
       38.2410128
      ],
      [
       21.4390685,
       38.2360885
      ],
      [
       21.4566666,
       38.2305379
      ],
      [
       21.4739284,
       38.2243723
      ],
      [
       21.4908189,
       38.2176042
      ],
      [
       21.5073041,
       38.2102473
      ],
      [
       21.5233507,
       38.2023165
      ],
      [
       21.5389265,
       38.1938278
      ],
      [
       21.5540001,
       38.1847983
      ],
      [
       21.5685412,
       38.1752465
      ],
      [
       21.5825207,
       38.1651914
      ],
      [
       21.5959106,
       38.1546535
      ],
      [
       21.6086841,
       38.1436541
      ],
      [
       21.6208156,
       38.1322153
      ],
      [
       21.6322811,
       38.1203602
      ],
      [
       21.6430578,
       38.1081127
      ],
      [
       21.6531242,
       38.0954975
      ],
      [
       21.6624605,
       38.08254
      ],
      [
       21.6710483,
       38.0692663
      ],
      [
       21.6788707,
       38.0557031
      ],
      [
       21.6859124,
       38.0418777
      ],
      [
       21.6921597,
       38.0278179
      ],
      [
       21.6976005,
       38.0135518
      ],
      [
       21.7022245,
       37.9991082
      ],
      [
       21.7060226,
       37.984516
      ],
      [
       21.708988,
       37.9698045
      ],
      [
       21.7111151,
       37.9550032
      ],
      [
       21.7124001,
       37.9401416
      ],
      [
       21.712841,
       37.9252497
      ],
      [
       21.7124375,
       37.910357
      ],
      [
       21.7111908,
       37.8954935
      ],
      [
       21.709104,
       37.8806888
      ],
      [
       21.7061817,
       37.8659724
      ],
      [
       21.7024303,
       37.8513738
      ],
      [
       21.6978577,
       37.8369221
      ],
      [
       21.6924735,
       37.8226459
      ],
      [
       21.6862889,
       37.8085739
      ],
      [
       21.6793167,
       37.794734
      ],
      [
       21.6715712,
       37.7811538
      ],
      [
       21.6630682,
       37.7678601
      ],
      [
       21.653825,
       37.7548796
      ],
      [
       21.6438604,
       37.7422379
      ],
      [
       21.6331945,
       37.7299602
      ],
      [
       21.6218488,
       37.7180708
      ],
      [
       21.6098461,
       37.7065933
      ],
      [
       21.5972106,
       37.6955504
      ],
      [
       21.5839675,
       37.6849641
      ],
      [
       21.5701433,
       37.6748554
      ],
      [
       21.5557657,
       37.6652441
      ],
      [
       21.5408633,
       37.6561494
      ],
      [
       21.5254658,
       37.6475892
      ],
      [
       21.5096037,
       37.6395806
      ],
      [
       21.4933086,
       37.6321392
      ],
      [
       21.4766129,
       37.6252798
      ],
      [
       21.4595496,
       37.619016
      ],
      [
       21.4421525,
       37.6133602
      ],
      [
       21.424456,
       37.6083235
      ],
      [
       21.4064952,
       37.6039158
      ],
      [
       21.3883055,
       37.6001459
      ],
      [
       21.3699229,
       37.5970212
      ],
      [
       21.3513837,
       37.5945479
      ],
      [
       21.3327244,
       37.5927309
      ],
      [
       21.3139819,
       37.5915736
      ],
      [
       21.2951933,
       37.5910785
      ],
      [
       21.2763954,
       37.5912465
      ],
      [
       21.2576255,
       37.5920773
      ],
      [
       21.2389206,
       37.5935692
      ],
      [
       21.2203176,
       37.5957192
      ],
      [
       21.2018531,
       37.5985233
      ],
      [
       21.1835638,
       37.6019757
      ],
      [
       21.1654856,
       37.6060697
      ],
      [
       21.1476543,
       37.6107972
      ],
      [
       21.1301051,
       37.6161489
      ],
      [
       21.1128728,
       37.6221142
      ],
      [
       21.0959916,
       37.6286814
      ],
      [
       21.0794947,
       37.6358374
      ],
      [
       21.063415,
       37.6435681
      ],
      [
       21.0477844,
       37.6518582
      ],
      [
       21.032634,
       37.6606914
      ],
      [
       21.0179938,
       37.6700501
      ],
      [
       21.0038931,
       37.6799158
      ],
      [
       20.9903599,
       37.6902691
      ],
      [
       20.9774214,
       37.7010894
      ],
      [
       20.9651034,
       37.7123552
      ],
      [
       20.9534307,
       37.7240443
      ],
      [
       20.9424266,
       37.7361335
      ],
      [
       20.9321134,
       37.7485987
      ],
      [
       20.9225118,
       37.7614152
      ],
      [
       20.9136414,
       37.7745576
      ],
      [
       20.9055201,
       37.7879998
      ],
      [
       20.8981645,
       37.801715
      ],
      [
       20.8915896,
       37.815676
      ],
      [
       20.8858091,
       37.829855
      ],
      [
       20.8808347,
       37.8442236
      ],
      [
       20.8766771,
       37.8587534
      ],
      [
       20.8733448,
       37.8734153
      ],
      [
       20.8708451,
       37.8881801
      ],
      [
       20.8691835,
       37.9030183
      ],
      [
       20.8683637,
       37.9179003
      ],
      [
       20.8683879,
       37.9327964
      ],
      [
       20.8692567,
       37.9476766
      ],
      [
       20.8709687,
       37.9625114
      ],
      [
       20.873521,
       37.9772709
      ],
      [
       20.8769091,
       37.9919256
      ],
      [
       20.8811266,
       38.0064462
      ],
      [
       20.8861656,
       38.0208035
      ],
      [
       20.8920164,
       38.0349686
      ],
      [
       20.8986678,
       38.0489132
      ],
      [
       20.9061069,
       38.0626092
      ],
      [
       20.914319,
       38.0760291
      ],
      [
       20.9232883,
       38.0891459
      ],
      [
       20.9329969,
       38.1019332
      ],
      [
       20.9434257,
       38.1143652
      ],
      [
       20.9545541,
       38.1264169
      ],
      [
       20.96636,
       38.1380641
      ],
      [
       20.9788198,
       38.1492831
      ],
      [
       20.9919089,
       38.1600514
      ],
      [
       21.0056009,
       38.1703473
      ],
      [
       21.0198685,
       38.1801499
      ],
      [
       21.0346831,
       38.1894394
      ],
      [
       21.050015,
       38.1981971
      ],
      [
       21.0658333,
       38.2064052
      ],
      [
       21.0821062,
       38.2140472
      ],
      [
       21.098801,
       38.2211076
      ],
      [
       21.1158839,
       38.2275721
      ],
      [
       21.1333205,
       38.2334276
      ],
      [
       21.1510755,
       38.2386622
      ],
      [
       21.169113,
       38.2432654
      ],
      [
       21.1873966,
       38.2472279
      ],
      [
       21.2058893,
       38.2505415
      ],
      [
       21.2245535,
       38.2531996
      ],
      [
       21.2433515,
       38.2551967
      ],
      [
       21.2622452,
       38.256529
      ],
      [
       21.2811963,
       38.2571935
      ],
      [
       21.2905556,
       38.257275
      ]
     ]
    ]
   }
  },
  {
   "type": "Feature",
   "properties": {
    "ll": {
     "value": 0,
     "unit": 1,
     "referenceDatum": 0
    },
    "ul": {
     "value": 4000,
     "unit": 1,
     "referenceDatum": 1
    },
    "_id": "62614b2f1eacded7b7bbe7f4",
    "name": "GAL: 123.8",
    "type": 4,
    "icao": 3,
    "bnd": [
     [
      40.7267434,
      25.6932631
     ],
     [
      41.0577771,
      26.1311928
     ]
    ]
   },
   "geometry": {
    "type": "Polygon",
    "coordinates": [
     [
      [
       25.9122222,
       41.0577771
      ],
      [
       25.9261411,
       41.0574432
      ],
      [
       25.9400035,
       41.056443
      ],
      [
       25.9537534,
       41.0547804
      ],
      [
       25.9673349,
       41.0524623
      ],
      [
       25.9806931,
       41.049498
      ],
      [
       25.9937738,
       41.0458996
      ],
      [
       26.0065242,
       41.0416815
      ],
      [
       26.0188926,
       41.036861
      ],
      [
       26.030829,
       41.0314574
      ],
      [
       26.0422852,
       41.0254928
      ],
      [
       26.0532149,
       41.0189913
      ],
      [
       26.0635742,
       41.011979
      ],
      [
       26.0733213,
       41.0044846
      ],
      [
       26.0824169,
       40.9965381
      ],
      [
       26.0908246,
       40.9881718
      ],
      [
       26.0985106,
       40.9794196
      ],
      [
       26.1054441,
       40.9703166
      ],
      [
       26.1115976,
       40.9608997
      ],
      [
       26.1169465,
       40.951207
      ],
      [
       26.1214695,
       40.9412774
      ],
      [
       26.1251488,
       40.9311511
      ],
      [
       26.1279701,
       40.9208689
      ],
      [
       26.1299222,
       40.9104722
      ],
      [
       26.1309977,
       40.9000029
      ],
      [
       26.1311928,
       40.8895031
      ],
      [
       26.1305071,
       40.8790151
      ],
      [
       26.1289437,
       40.8685811
      ],
      [
       26.1265094,
       40.8582429
      ],
      [
       26.1232143,
       40.8480421
      ],
      [
       26.119072,
       40.8380198
      ],
      [
       26.1140996,
       40.828216
      ],
      [
       26.1083174,
       40.8186702
      ],
      [
       26.1017489,
       40.8094207
      ],
      [
       26.0944208,
       40.8005045
      ],
      [
       26.0863627,
       40.7919574
      ],
      [
       26.0776071,
       40.7838135
      ],
      [
       26.0681895,
       40.7761055
      ],
      [
       26.0581477,
       40.7688643
      ],
      [
       26.0475221,
       40.7621189
      ],
      [
       26.0363553,
       40.7558961
      ],
      [
       26.0246922,
       40.7502209
      ],
      [
       26.0125795,
       40.7451161
      ],
      [
       26.0000658,
       40.7406019
      ],
      [
       25.987201,
       40.7366964
      ],
      [
       25.9740367,
       40.7334153
      ],
      [
       25.9606255,
       40.7307716
      ],
      [
       25.947021,
       40.7287759
      ],
      [
       25.9332775,
       40.7274362
      ],
      [
       25.9194499,
       40.7267578
      ],
      [
       25.9055935,
       40.7267434
      ],
      [
       25.8917636,
       40.7273931
      ],
      [
       25.8780153,
       40.7287044
      ],
      [
       25.8644036,
       40.7306718
      ],
      [
       25.850983,
       40.7332877
      ],
      [
       25.8378069,
       40.7365415
      ],
      [
       25.8249281,
       40.7404203
      ],
      [
       25.8123981,
       40.7449085
      ],
      [
       25.8002671,
       40.7499882
      ],
      [
       25.7885836,
       40.7556392
      ],
      [
       25.7773944,
       40.7618388
      ],
      [
       25.7667445,
       40.7685622
      ],
      [
       25.7566766,
       40.7757825
      ],
      [
       25.7472311,
       40.7834709
      ],
      [
       25.7384462,
       40.7915966
      ],
      [
       25.7303573,
       40.800127
      ],
      [
       25.7229969,
       40.809028
      ],
      [
       25.716395,
       40.8182639
      ],
      [
       25.7105783,
       40.8277976
      ],
      [
       25.7055704,
       40.837591
      ],
      [
       25.7013919,
       40.8476047
      ],
      [
       25.6980599,
       40.8577986
      ],
      [
       25.6955881,
       40.8681317
      ],
      [
       25.6939868,
       40.8785625
      ],
      [
       25.6932631,
       40.889049
      ],
      [
       25.6934201,
       40.8995492
      ],
      [
       25.6944576,
       40.9100207
      ],
      [
       25.6963719,
       40.9204214
      ],
      [
       25.6991558,
       40.9307094
      ],
      [
       25.7027983,
       40.9408433
      ],
      [
       25.7072852,
       40.9507822
      ],
      [
       25.7125987,
       40.960486
      ],
      [
       25.7187179,
       40.9699156
      ],
      [
       25.7256183,
       40.9790329
      ],
      [
       25.7332723,
       40.9878011
      ],
      [
       25.7416495,
       40.9961848
      ],
      [
       25.7507161,
       41.0041501
      ],
      [
       25.7604358,
       41.0116647
      ],
      [
       25.7707694,
       41.0186984
      ],
      [
       25.7816754,
       41.0252226
      ],
      [
       25.7931098,
       41.031211
      ],
      [
       25.8050264,
       41.0366392
      ],
      [
       25.8173771,
       41.0414854
      ],
      [
       25.830112,
       41.0457299
      ],
      [
       25.8431796,
       41.0493554
      ],
      [
       25.8565269,
       41.0523474
      ],
      [
       25.8700999,
       41.0546937
      ],
      [
       25.8838436,
       41.0563847
      ],
      [
       25.8977023,
       41.0574137
      ],
      [
       25.9116199,
       41.0577764
      ],
      [
       25.9122222,
       41.0577771
      ]
     ]
    ]
   }
  },
  {
   "type": "Feature",
   "properties": {
    "ll": {
     "value": 1000,
     "unit": 1,
     "referenceDatum": 0
    },
    "ul": {
     "value": 24500,
     "unit": 1,
     "referenceDatum": 1
    },
    "_id": "62614b2fcb27f4250944a2c9",
    "name": "GAL: 123.8",
    "type": 4,
    "icao": 3,
    "bnd": [
     [
      40.5208333,
      25.5304432
     ],
     [
      41.1813343,
      26.2926749
     ]
    ]
   },
   "geometry": {
    "type": "Polygon",
    "coordinates": [
     [
      [
       26.2925,
       41.0758333
      ],
      [
       26.2833333,
       40.9583333
      ],
      [
       25.875,
       40.6166667
      ],
      [
       25.8841667,
       40.5208333
      ],
      [
       25.8650354,
       40.524106
      ],
      [
       25.8461135,
       40.5280219
      ],
      [
       25.8274382,
       40.5325735
      ],
      [
       25.8090463,
       40.5377518
      ],
      [
       25.7909741,
       40.5435465
      ],
      [
       25.7732573,
       40.5499463
      ],
      [
       25.7559309,
       40.5569385
      ],
      [
       25.7390291,
       40.5645094
      ],
      [
       25.7225855,
       40.572644
      ],
      [
       25.7066326,
       40.5813263
      ],
      [
       25.6912022,
       40.5905392
      ],
      [
       25.6763247,
       40.6002645
      ],
      [
       25.66203,
       40.6104829
      ],
      [
       25.6483465,
       40.6211744
      ],
      [
       25.6353015,
       40.6323177
      ],
      [
       25.6229212,
       40.6438909
      ],
      [
       25.6112304,
       40.655871
      ],
      [
       25.6002525,
       40.6682344
      ],
      [
       25.5900099,
       40.6809565
      ],
      [
       25.5805231,
       40.6940121
      ],
      [
       25.5718114,
       40.7073754
      ],
      [
       25.5638926,
       40.7210199
      ],
      [
       25.556783,
       40.7349184
      ],
      [
       25.550497,
       40.7490434
      ],
      [
       25.5450477,
       40.7633668
      ],
      [
       25.5404466,
       40.7778601
      ],
      [
       25.5367033,
       40.7924945
      ],
      [
       25.5338259,
       40.8072408
      ],
      [
       25.5318207,
       40.8220697
      ],
      [
       25.5306921,
       40.8369515
      ],
      [
       25.5304432,
       40.8518566
      ],
      [
       25.531075,
       40.8667553
      ],
      [
       25.5325868,
       40.8816177
      ],
      [
       25.5349762,
       40.8964141
      ],
      [
       25.5382389,
       40.911115
      ],
      [
       25.5423691,
       40.925691
      ],
      [
       25.547359,
       40.9401127
      ],
      [
       25.5531993,
       40.9543514
      ],
      [
       25.5598786,
       40.9683784
      ],
      [
       25.5673843,
       40.9821656
      ],
      [
       25.5757016,
       40.9956853
      ],
      [
       25.5848143,
       41.0089103
      ],
      [
       25.5947047,
       41.0218141
      ],
      [
       25.6053533,
       41.0343706
      ],
      [
       25.616739,
       41.0465546
      ],
      [
       25.6288394,
       41.0583416
      ],
      [
       25.6416303,
       41.0697078
      ],
      [
       25.6550865,
       41.0806302
      ],
      [
       25.669181,
       41.0910868
      ],
      [
       25.6838857,
       41.1010566
      ],
      [
       25.6991712,
       41.1105194
      ],
      [
       25.7150068,
       41.119456
      ],
      [
       25.7313607,
       41.1278484
      ],
      [
       25.7482002,
       41.1356797
      ],
      [
       25.7654912,
       41.1429339
      ],
      [
       25.7831989,
       41.1495965
      ],
      [
       25.8012876,
       41.1556539
      ],
      [
       25.8197208,
       41.1610938
      ],
      [
       25.8384612,
       41.1659052
      ],
      [
       25.857471,
       41.1700785
      ],
      [
       25.8767116,
       41.173605
      ],
      [
       25.8961441,
       41.1764778
      ],
      [
       25.9157291,
       41.1786909
      ],
      [
       25.9354269,
       41.1802399
      ],
      [
       25.9551977,
       41.1811216
      ],
      [
       25.9750013,
       41.1813343
      ],
      [
       25.9947976,
       41.1808774
      ],
      [
       26.0145464,
       41.1797521
      ],
      [
       26.0342077,
       41.1779604
      ],
      [
       26.0537416,
       41.1755061
      ],
      [
       26.0731087,
       41.1723941
      ],
      [
       26.0922696,
       41.1686307
      ],
      [
       26.1111855,
       41.1642237
      ],
      [
       26.1298182,
       41.1591818
      ],
      [
       26.1481301,
       41.1535153
      ],
      [
       26.166084,
       41.1472357
      ],
      [
       26.1836438,
       41.1403557
      ],
      [
       26.2007741,
       41.1328892
      ],
      [
       26.2174403,
       41.1248514
      ],
      [
       26.2336089,
       41.1162584
      ],
      [
       26.2492475,
       41.1071277
      ],
      [
       26.2643246,
       41.0974778
      ],
      [
       26.2788101,
       41.087328
      ],
      [
       26.2926749,
       41.076699
      ],
      [
       26.2925,
       41.0758333
      ]
     ]
    ]
   }
  },
  {
   "type": "Feature",
   "properties": {
    "ll": {
     "value": 0,
     "unit": 1,
     "referenceDatum": 0
    },
    "ul": {
     "value": 5000,
     "unit": 1,
     "referenceDatum": 1
    },
    "_id": "62614b2fcb27f4250944a2e2",
    "name": "GBL: 120.35",
    "type": 4,
    "icao": 3,
    "bnd": [
     [
      39.0529263,
      22.5795502
     ],
     [
      39.3859986,
      23.0094106
     ]
    ]
   },
   "geometry": {
    "type": "Polygon",
    "coordinates": [
     [
      [
       22.7944444,
       39.3859986
      ],
      [
       22.808065,
       39.3856648
      ],
      [
       22.8216307,
       39.3846647
      ],
      [
       22.8350869,
       39.3830023
      ],
      [
       22.8483794,
       39.3806844
      ],
      [
       22.8614547,
       39.3777202
      ],
      [
       22.8742603,
       39.3741217
      ],
      [
       22.8867445,
       39.3699035
      ],
      [
       22.8988573,
       39.3650824
      ],
      [
       22.9105499,
       39.3596778
      ],
      [
       22.9217754,
       39.3537116
      ],
      [
       22.9324888,
       39.3472077
      ],
      [
       22.9426471,
       39.3401923
      ],
      [
       22.9522097,
       39.3326935
      ],
      [
       22.9611383,
       39.3247416
      ],
      [
       22.9693973,
       39.3163684
      ],
      [
       22.9769538,
       39.3076076
      ],
      [
       22.9837777,
       39.2984944
      ],
      [
       22.9898419,
       39.2890653
      ],
      [
       22.9951223,
       39.2793581
      ],
      [
       22.9995982,
       39.2694119
      ],
      [
       23.003252,
       39.2592664
      ],
      [
       23.0060693,
       39.2489624
      ],
      [
       23.0080393,
       39.238541
      ],
      [
       23.0091544,
       39.228044
      ],
      [
       23.0094106,
       39.2175134
      ],
      [
       23.0088072,
       39.2069913
      ],
      [
       23.0073471,
       39.1965198
      ],
      [
       23.0050364,
       39.1861406
      ],
      [
       23.0018847,
       39.1758954
      ],
      [
       22.997905,
       39.165825
      ],
      [
       22.9931136,
       39.1559695
      ],
      [
       22.9875299,
       39.1463683
      ],
      [
       22.9811764,
       39.1370596
      ],
      [
       22.9740788,
       39.1280806
      ],
      [
       22.9662656,
       39.1194671
      ],
      [
       22.9577682,
       39.1112533
      ],
      [
       22.9486207,
       39.1034719
      ],
      [
       22.9388598,
       39.0961539
      ],
      [
       22.9285243,
       39.0893285
      ],
      [
       22.9176556,
       39.0830228
      ],
      [
       22.906297,
       39.0772618
      ],
      [
       22.8944938,
       39.0720684
      ],
      [
       22.8822931,
       39.0674634
      ],
      [
       22.8697433,
       39.0634649
      ],
      [
       22.8568944,
       39.0600889
      ],
      [
       22.8437974,
       39.0573488
      ],
      [
       22.8305044,
       39.0552555
      ],
      [
       22.8170682,
       39.0538173
      ],
      [
       22.8035422,
       39.0530398
      ],
      [
       22.7899801,
       39.0529263
      ],
      [
       22.7764357,
       39.0534771
      ],
      [
       22.7629628,
       39.05469
      ],
      [
       22.7496149,
       39.0565602
      ],
      [
       22.736445,
       39.0590804
      ],
      [
       22.7235055,
       39.0622405
      ],
      [
       22.7108478,
       39.0660278
      ],
      [
       22.6985223,
       39.0704275
      ],
      [
       22.6865778,
       39.075422
      ],
      [
       22.6750622,
       39.0809915
      ],
      [
       22.6640211,
       39.0871138
      ],
      [
       22.6534986,
       39.0937646
      ],
      [
       22.6435368,
       39.1009174
      ],
      [
       22.6341754,
       39.1085438
      ],
      [
       22.6254519,
       39.1166134
      ],
      [
       22.6174013,
       39.1250941
      ],
      [
       22.6100558,
       39.1339522
      ],
      [
       22.6034449,
       39.1431523
      ],
      [
       22.5975954,
       39.1526578
      ],
      [
       22.5925309,
       39.1624307
      ],
      [
       22.5882718,
       39.1724322
      ],
      [
       22.5848356,
       39.1826223
      ],
      [
       22.5822362,
       39.1929603
      ],
      [
       22.5804845,
       39.2034049
      ],
      [
       22.5795879,
       39.2139144
      ],
      [
       22.5795502,
       39.2244469
      ],
      [
       22.5803721,
       39.2349601
      ],
      [
       22.5820506,
       39.245412
      ],
      [
       22.5845794,
       39.2557609
      ],
      [
       22.5879488,
       39.2659652
      ],
      [
       22.5921455,
       39.275984
      ],
      [
       22.5971532,
       39.2857773
      ],
      [
       22.6029521,
       39.2953057
      ],
      [
       22.6095192,
       39.304531
      ],
      [
       22.6168286,
       39.3134163
      ],
      [
       22.6248511,
       39.3219258
      ],
      [
       22.6335548,
       39.3300254
      ],
      [
       22.6429049,
       39.3376825
      ],
      [
       22.6528641,
       39.3448664
      ],
      [
       22.6633925,
       39.3515481
      ],
      [
       22.6744479,
       39.3577009
      ],
      [
       22.6859861,
       39.3633
      ],
      [
       22.6979606,
       39.3683228
      ],
      [
       22.7103235,
       39.3727491
      ],
      [
       22.723025,
       39.3765611
      ],
      [
       22.736014,
       39.3797435
      ],
      [
       22.7492383,
       39.3822835
      ],
      [
       22.7626446,
       39.3841708
      ],
      [
       22.776179,
       39.3853978
      ],
      [
       22.789787,
       39.3859596
      ],
      [
       22.7944444,
       39.3859986
      ]
     ]
    ]
   }
  },
  {
   "type": "Feature",
   "properties": {
    "ll": {
     "value": 1000,
     "unit": 1,
     "referenceDatum": 0
    },
    "ul": {
     "value": 999,
     "unit": 6,
     "referenceDatum": 2
    },
    "_id": "62614b2fcb27f4250944a2ef",
    "name": "GGG: 118.125",
    "type": 4,
    "icao": 3,
    "bnd": [
     [
      35,
      23.4666667
     ],
     [
      36,
      24.8
     ]
    ]
   },
   "geometry": {
    "type": "Polygon",
    "coordinates": [
     [
      [
       23.625,
       36
      ],
      [
       24.65,
       36
      ],
      [
       24.8,
       35
      ],
      [
       24.4666667,
       35
      ],
      [
       23.825,
       35.3666667
      ],
      [
       23.4666667,
       35.7333333
      ],
      [
       23.625,
       36
      ]
     ]
    ]
   }
  },
  {
   "type": "Feature",
   "properties": {
    "ll": {
     "value": 0,
     "unit": 1,
     "referenceDatum": 0
    },
    "ul": {
     "value": 3000,
     "unit": 1,
     "referenceDatum": 1
    },
    "_id": "62614b2fcb27f4250944a2fd",
    "name": "GGG: 120.15",
    "type": 4,
    "icao": 3,
    "bnd": [
     [
      37.8783333,
      23.3944444
     ],
     [
      38.153105,
      23.6491716
     ]
    ]
   },
   "geometry": {
    "type": "Polygon",
    "coordinates": [
     [
      [
       23.4472222,
       38.0361111
      ],
      [
       23.4437561,
       38.0430319
      ],
      [
       23.4410891,
       38.050169
      ],
      [
       23.4392427,
       38.0574653
      ],
      [
       23.4382319,
       38.0648624
      ],
      [
       23.4380651,
       38.072301
      ],
      [
       23.438744,
       38.0797215
      ],
      [
       23.4402632,
       38.0870645
      ],
      [
       23.4426109,
       38.0942712
      ],
      [
       23.4457685,
       38.1012836
      ],
      [
       23.449711,
       38.1080457
      ],
      [
       23.4544068,
       38.1145032
      ],
      [
       23.4598185,
       38.1206042
      ],
      [
       23.4659028,
       38.1262998
      ],
      [
       23.4726112,
       38.1315442
      ],
      [
       23.4798897,
       38.1362954
      ],
      [
       23.48768,
       38.1405151
      ],
      [
       23.4959197,
       38.1441695
      ],
      [
       23.5045427,
       38.1472292
      ],
      [
       23.5134796,
       38.1496697
      ],
      [
       23.5226586,
       38.1514712
      ],
      [
       23.5320061,
       38.1526194
      ],
      [
       23.5414468,
       38.153105
      ],
      [
       23.550905,
       38.1529241
      ],
      [
       23.5603045,
       38.1520782
      ],
      [
       23.5695698,
       38.150574
      ],
      [
       23.5786265,
       38.1484236
      ],
      [
       23.5874018,
       38.1456444
      ],
      [
       23.5958252,
       38.1422586
      ],
      [
       23.6038291,
       38.1382935
      ],
      [
       23.6113493,
       38.133781
      ],
      [
       23.6183253,
       38.1287572
      ],
      [
       23.6247014,
       38.1232625
      ],
      [
       23.6304265,
       38.117341
      ],
      [
       23.6354548,
       38.1110403
      ],
      [
       23.6397461,
       38.104411
      ],
      [
       23.6432662,
       38.0975062
      ],
      [
       23.645987,
       38.0903812
      ],
      [
       23.6478871,
       38.0830934
      ],
      [
       23.6489514,
       38.0757009
      ],
      [
       23.6491716,
       38.0682632
      ],
      [
       23.6485462,
       38.0608398
      ],
      [
       23.6472222,
       38.0541667
      ],
      [
       23.625,
       37.8783333
      ],
      [
       23.3944444,
       37.8783333
      ],
      [
       23.4472222,
       38.0361111
      ]
     ]
    ]
   }
  },
  {
   "type": "Feature",
   "properties": {
    "ll": {
     "value": 14500,
     "unit": 1,
     "referenceDatum": 1
    },
    "ul": {
     "value": 999,
     "unit": 6,
     "referenceDatum": 2
    },
    "_id": "62614b2fcb27f4250944a30a",
    "name": "GGG: 120.35",
    "type": 4,
    "icao": 3,
    "bnd": [
     [
      38.7988889,
      20.4991667
     ],
     [
      39.6822222,
      23.5491667
     ]
    ]
   },
   "geometry": {
    "type": "Polygon",
    "coordinates": [
     [
      [
       23.2491667,
       39.6155556
      ],
      [
       23.5491667,
       38.9322222
      ],
      [
       21.7658333,
       38.7988889
      ],
      [
       21.2658333,
       39.2655556
      ],
      [
       20.4991667,
       39.4655556
      ],
      [
       21.1158333,
       39.6822222
      ],
      [
       22.2658333,
       39.2322222
      ],
      [
       22.4658333,
       39.3238889
      ],
      [
       22.7158333,
       39.5822222
      ],
      [
       22.7658333,
       39.5988889
      ],
      [
       23.2491667,
       39.6155556
      ]
     ]
    ]
   }
  },
  {
   "type": "Feature",
   "properties": {
    "ll": {
     "value": 1000,
     "unit": 1,
     "referenceDatum": 0
    },
    "ul": {
     "value": 14500,
     "unit": 1,
     "referenceDatum": 1
    },
    "_id": "62614b2fcb27f4250944a318",
    "name": "GGG: 120.35",
    "type": 0,
    "icao": 1,
    "bnd": [
     [
      38.7988889,
      20.4991667
     ],
     [
      39.6822222,
      23.4325
     ]
    ]
   },
   "geometry": {
    "type": "Polygon",
    "coordinates": [
     [
      [
       23.2491667,
       39.6155556
      ],
      [
       23.4325,
       39.1822222
      ],
      [
       23.2825,
       38.9155556
      ],
      [
       21.7658333,
       38.7988889
      ],
      [
       21.2658333,
       39.2655556
      ],
      [
       20.4991667,
       39.4655556
      ],
      [
       21.1158333,
       39.6822222
      ],
      [
       22.2658333,
       39.2322222
      ],
      [
       22.4658333,
       39.3238889
      ],
      [
       22.7158333,
       39.5822222
      ],
      [
       22.7658333,
       39.5988889
      ],
      [
       23.2491667,
       39.6155556
      ]
     ]
    ]
   }
  },
  {
   "type": "Feature",
   "properties": {
    "ll": {
     "value": 1000,
     "unit": 1,
     "referenceDatum": 0
    },
    "ul": {
     "value": 46000,
     "unit": 1,
     "referenceDatum": 1
    },
    "_id": "62614b2fcb27f4250944a324",
    "name": "GGG: 120.6",
    "type": 4,
    "icao": 3,
    "bnd": [
     [
      35.5655556,
      27.3827778
     ],
     [
      36.7058333,
      28.5343843
     ]
    ]
   },
   "geometry": {
    "type": "Polygon",
    "coordinates": [
     [
      [
       27.7327778,
       36.3822222
      ],
      [
       27.7290338,
       36.3968296
      ],
      [
       27.7273942,
       36.4116728
      ],
      [
       27.72658,
       36.4265602
      ],
      [
       27.7265933,
       36.441462
      ],
      [
       27.7274346,
       36.4563484
      ],
      [
       27.7291027,
       36.4711897
      ],
      [
       27.7315947,
       36.4859561
      ],
      [
       27.734906,
       36.5006182
      ],
      [
       27.7390306,
       36.5151465
      ],
      [
       27.7439606,
       36.529512
      ],
      [
       27.7496865,
       36.5436858
      ],
      [
       27.7561974,
       36.5576395
      ],
      [
       27.7634806,
       36.5713451
      ],
      [
       27.7715217,
       36.5847751
      ],
      [
       27.7803052,
       36.5979025
      ],
      [
       27.7898137,
       36.6107009
      ],
      [
       27.8000284,
       36.6231445
      ],
      [
       27.8109291,
       36.6352083
      ],
      [
       27.8224942,
       36.6468681
      ],
      [
       27.8347007,
       36.6581002
      ],
      [
       27.8475243,
       36.6688822
      ],
      [
       27.8609393,
       36.6791923
      ],
      [
       27.874919,
       36.6890096
      ],
      [
       27.8894353,
       36.6983143
      ],
      [
       27.9022222,
       36.7058333
      ],
      [
       27.9327778,
       36.6988889
      ],
      [
       27.9661111,
       36.5155556
      ],
      [
       28.2994444,
       36.5655556
      ],
      [
       28.53,
       36.4280556
      ],
      [
       28.5323491,
       36.4132947
      ],
      [
       28.5337801,
       36.3984564
      ],
      [
       28.5343843,
       36.3835814
      ],
      [
       28.5341611,
       36.3686996
      ],
      [
       28.5331114,
       36.3538407
      ],
      [
       28.5312377,
       36.3390345
      ],
      [
       28.5285443,
       36.3243106
      ],
      [
       28.525037,
       36.3096984
      ],
      [
       28.5207233,
       36.2952272
      ],
      [
       28.5161111,
       36.2822222
      ],
      [
       28.1661111,
       35.5655556
      ],
      [
       27.3827778,
       35.8155556
      ],
      [
       27.5994444,
       36.1655556
      ],
      [
       27.7327778,
       36.3822222
      ]
     ]
    ]
   }
  },
  {
   "type": "Feature",
   "properties": {
    "ll": {
     "value": 1000,
     "unit": 1,
     "referenceDatum": 0
    },
    "ul": {
     "value": 999,
     "unit": 6,
     "referenceDatum": 2
    },
    "_id": "62614b30cb27f4250944a331",
    "name": "GGG: 120.65",
    "type": 4,
    "icao": 3,
    "bnd": [
     [
      36.6822222,
      19.6658333
     ],
     [
      38.1488889,
      21.9825
     ]
    ]
   },
   "geometry": {
    "type": "Polygon",
    "coordinates": [
     [
      [
       19.6825,
       38.1488889
      ],
      [
       21.2741667,
       37.9322222
      ],
      [
       21.9825,
       37.4572222
      ],
      [
       21.6325,
       37.4155556
      ],
      [
       21.3158333,
       36.6822222
      ],
      [
       19.6658333,
       37.4988889
      ],
      [
       19.6658333,
       37.9988889
      ],
      [
       19.6825,
       38.1488889
      ]
     ]
    ]
   }
  },
  {
   "type": "Feature",
   "properties": {
    "ll": {
     "value": 1000,
     "unit": 1,
     "referenceDatum": 1
    },
    "ul": {
     "value": 8500,
     "unit": 1,
     "referenceDatum": 1
    },
    "_id": "62614b30cb27f4250944a33d",
    "name": "GGG: 120.65",
    "type": 0,
    "icao": 1,
    "bnd": [
     [
      37.4572222,
      19.6908333
     ],
     [
      38.5822222,
      22.1658333
     ]
    ]
   },
   "geometry": {
    "type": "Polygon",
    "coordinates": [
     [
      [
       22.1658333,
       37.4655556
      ],
      [
       21.9825,
       37.4572222
      ],
      [
       21.2741667,
       37.9322222
      ],
      [
       19.6908333,
       38.1488889
      ],
      [
       19.7991667,
       38.5822222
      ],
      [
       20.4991667,
       38.4322222
      ],
      [
       20.7491667,
       38.3822222
      ],
      [
       21.7491667,
       38.3488889
      ],
      [
       22.1658333,
       37.4655556
      ]
     ]
    ]
   }
  },
  {
   "type": "Feature",
   "properties": {
    "ll": {
     "value": 1000,
     "unit": 1,
     "referenceDatum": 0
    },
    "ul": {
     "value": 999,
     "unit": 6,
     "referenceDatum": 2
    },
    "_id": "62614b30cb27f4250944a34a",
    "name": "GGG: 122.1",
    "type": 4,
    "icao": 3,
    "bnd": [
     [
      38.1655556,
      21.7658333
     ],
     [
      38.9655556,
      24.3825
     ]
    ]
   },
   "geometry": {
    "type": "Polygon",
    "coordinates": [
     [
      [
       24.2658333,
       38.2155556
      ],
      [
       24.1825,
       38.1655556
      ],
      [
       22.9325,
       38.1655556
      ],
      [
       21.7658333,
       38.7988889
      ],
      [
       23.2825,
       38.9155556
      ],
      [
       23.5491667,
       38.9322222
      ],
      [
       23.9991667,
       38.9655556
      ],
      [
       24.2991667,
       38.6155556
      ],
      [
       24.3825,
       38.6155556
      ],
      [
       24.2658333,
       38.2155556
      ]
     ]
    ]
   }
  },
  {
   "type": "Feature",
   "properties": {
    "ll": {
     "value": 1000,
     "unit": 1,
     "referenceDatum": 0
    },
    "ul": {
     "value": 999,
     "unit": 6,
     "referenceDatum": 2
    },
    "_id": "62614b30cb27f4250944a358",
    "name": "GGG: 122.1",
    "type": 4,
    "icao": 3,
    "bnd": [
     [
      39.2322222,
      21.1158333
     ],
     [
      40.1322222,
      23.2491667
     ]
    ]
   },
   "geometry": {
    "type": "Polygon",
    "coordinates": [
     [
      [
       21.1158333,
       39.6822222
      ],
      [
       22.6658333,
       40.1322222
      ],
      [
       23.2491667,
       39.6155556
      ],
      [
       22.7658333,
       39.5988889
      ],
      [
       22.7158333,
       39.5822222
      ],
      [
       22.4658333,
       39.3238889
      ],
      [
       22.2658333,
       39.2322222
      ],
      [
       21.1158333,
       39.6822222
      ]
     ]
    ]
   }
  },
  {
   "type": "Feature",
   "properties": {
    "ll": {
     "value": 1000,
     "unit": 1,
     "referenceDatum": 0
    },
    "ul": {
     "value": 24500,
     "unit": 1,
     "referenceDatum": 1
    },
    "_id": "62614b30cb27f4250944a366",
    "name": "GGG: 122.1",
    "type": 4,
    "icao": 3,
    "bnd": [
     [
      40.0928097,
      22.4005555
     ],
     [
      41.0080483,
      23.4950328
     ]
    ]
   },
   "geometry": {
    "type": "Polygon",
    "coordinates": [
     [
      [
       22.4261111,
       40.4680556
      ],
      [
       22.4199175,
       40.4840127
      ],
      [
       22.4145659,
       40.5001453
      ],
      [
       22.4100654,
       40.5164278
      ],
      [
       22.4064239,
       40.532834
      ],
      [
       22.4036477,
       40.5493378
      ],
      [
       22.401742,
       40.5659128
      ],
      [
       22.4007106,
       40.5825324
      ],
      [
       22.4005555,
       40.5991701
      ],
      [
       22.4012779,
       40.6157992
      ],
      [
       22.4028772,
       40.6323929
      ],
      [
       22.4053514,
       40.6489247
      ],
      [
       22.4086972,
       40.6653681
      ],
      [
       22.4129099,
       40.6816965
      ],
      [
       22.4179834,
       40.6978838
      ],
      [
       22.4239102,
       40.7139038
      ],
      [
       22.4306812,
       40.7297307
      ],
      [
       22.4382861,
       40.7453391
      ],
      [
       22.4467134,
       40.7607038
      ],
      [
       22.4559499,
       40.7757999
      ],
      [
       22.4659812,
       40.790603
      ],
      [
       22.4767918,
       40.8050893
      ],
      [
       22.4883645,
       40.8192352
      ],
      [
       22.5006811,
       40.833018
      ],
      [
       22.5137223,
       40.8464152
      ],
      [
       22.5274671,
       40.8594052
      ],
      [
       22.5418939,
       40.8719668
      ],
      [
       22.5569794,
       40.8840797
      ],
      [
       22.5726997,
       40.8957243
      ],
      [
       22.5890295,
       40.9068816
      ],
      [
       22.6059425,
       40.9175334
      ],
      [
       22.6234115,
       40.9276626
      ],
      [
       22.6414084,
       40.9372524
      ],
      [
       22.6599041,
       40.9462875
      ],
      [
       22.6788687,
       40.954753
      ],
      [
       22.6982714,
       40.9626351
      ],
      [
       22.7180808,
       40.9699211
      ],
      [
       22.7382647,
       40.976599
      ],
      [
       22.7587903,
       40.9826579
      ],
      [
       22.7796242,
       40.988088
      ],
      [
       22.8007325,
       40.9928804
      ],
      [
       22.8220809,
       40.9970273
      ],
      [
       22.8436344,
       41.0005218
      ],
      [
       22.865358,
       41.0033584
      ],
      [
       22.8872162,
       41.0055323
      ],
      [
       22.9091733,
       41.0070401
      ],
      [
       22.9311934,
       41.0078792
      ],
      [
       22.9532406,
       41.0080483
      ],
      [
       22.9752789,
       41.0075471
      ],
      [
       22.9972723,
       41.0063764
      ],
      [
       23.0191849,
       41.0045382
      ],
      [
       23.0409808,
       41.0020354
      ],
      [
       23.0626245,
       40.9988722
      ],
      [
       23.0840808,
       40.9950536
      ],
      [
       23.1053145,
       40.9905859
      ],
      [
       23.1262912,
       40.9854765
      ],
      [
       23.1469765,
       40.9797337
      ],
      [
       23.167337,
       40.9733667
      ],
      [
       23.1873393,
       40.9663861
      ],
      [
       23.2069512,
       40.9588032
      ],
      [
       23.2261407,
       40.9506303
      ],
      [
       23.2448767,
       40.9418808
      ],
      [
       23.2631289,
       40.932569
      ],
      [
       23.2808678,
       40.9227099
      ],
      [
       23.2980648,
       40.9123196
      ],
      [
       23.3146922,
       40.9014151
      ],
      [
       23.3307231,
       40.8900141
      ],
      [
       23.346132,
       40.878135
      ],
      [
       23.3608941,
       40.8657972
      ],
      [
       23.3749857,
       40.8530208
      ],
      [
       23.3883845,
       40.8398263
      ],
      [
       23.4010692,
       40.8262353
      ],
      [
       23.4130196,
       40.8122698
      ],
      [
       23.4242169,
       40.7979523
      ],
      [
       23.4346433,
       40.783306
      ],
      [
       23.4442827,
       40.7683547
      ],
      [
       23.4531199,
       40.7531225
      ],
      [
       23.4611413,
       40.7376339
      ],
      [
       23.4683344,
       40.7219141
      ],
      [
       23.4746882,
       40.7059883
      ],
      [
       23.4801932,
       40.6898821
      ],
      [
       23.4848411,
       40.6736217
      ],
      [
       23.4886249,
       40.657233
      ],
      [
       23.4915394,
       40.6407425
      ],
      [
       23.4935804,
       40.6241767
      ],
      [
       23.4947452,
       40.6075621
      ],
      [
       23.4950328,
       40.5909254
      ],
      [
       23.4944433,
       40.5742933
      ],
      [
       23.4929783,
       40.5576925
      ],
      [
       23.4906408,
       40.5411495
      ],
      [
       23.4874351,
       40.5246907
      ],
      [
       23.483367,
       40.5083426
      ],
      [
       23.4784438,
       40.4921311
      ],
      [
       23.4726737,
       40.4760823
      ],
      [
       23.4677778,
       40.465
      ],
      [
       23.3291667,
       40.1861111
      ],
      [
       23.3095809,
       40.1756769
      ],
      [
       23.2894024,
       40.1659238
      ],
      [
       23.268777,
       40.1567364
      ],
      [
       23.2477319,
       40.1481268
      ],
      [
       23.2262947,
       40.1401062
      ],
      [
       23.2044937,
       40.1326852
      ],
      [
       23.1823574,
       40.1258733
      ],
      [
       23.1599147,
       40.1196795
      ],
      [
       23.1371952,
       40.1141119
      ],
      [
       23.1142284,
       40.1091777
      ],
      [
       23.0910445,
       40.1048834
      ],
      [
       23.0676737,
       40.1012346
      ],
      [
       23.0441465,
       40.0982361
      ],
      [
       23.0204936,
       40.0958917
      ],
      [
       22.9967459,
       40.0942045
      ],
      [
       22.9729344,
       40.0931767
      ],
      [
       22.94909,
       40.0928097
      ],
      [
       22.9252439,
       40.093104
      ],
      [
       22.9014272,
       40.0940591
      ],
      [
       22.877671,
       40.0956738
      ],
      [
       22.8540062,
       40.097946
      ],
      [
       22.8304636,
       40.1008727
      ],
      [
       22.8070741,
       40.1044502
      ],
      [
       22.7838681,
       40.1086737
      ],
      [
       22.760876,
       40.1135378
      ],
      [
       22.7381278,
       40.119036
      ],
      [
       22.7156532,
       40.1251613
      ],
      [
       22.6934818,
       40.1319056
      ],
      [
       22.6716424,
       40.1392601
      ],
      [
       22.6501639,
       40.1472152
      ],
      [
       22.6290743,
       40.1557605
      ],
      [
       22.6084013,
       40.1648849
      ],
      [
       22.5881723,
       40.1745763
      ],
      [
       22.5684138,
       40.1848222
      ],
      [
       22.5575,
       40.1908333
      ],
      [
       22.4261111,
       40.4680556
      ]
     ]
    ]
   }
  },
  {
   "type": "Feature",
   "properties": {
    "ll": {
     "value": 1000,
     "unit": 1,
     "referenceDatum": 1
    },
    "ul": {
     "value": 999,
     "unit": 6,
     "referenceDatum": 2
    },
    "_id": "62614b30cb27f4250944a370",
    "name": "GGG: 123.2",
    "type": 4,
    "icao": 3,
    "bnd": [
     [
      38.6155556,
      23.9991667
     ],
     [
      39.0988889,
      24.6658333
     ]
    ]
   },
   "geometry": {
    "type": "Polygon",
    "coordinates": [
     [
      [
       24.5158333,
       38.6155556
      ],
      [
       24.2991667,
       38.6155556
      ],
      [
       23.9991667,
       38.9655556
      ],
      [
       24.6658333,
       39.0988889
      ],
      [
       24.5158333,
       38.6155556
      ]
     ]
    ]
   }
  },
  {
   "type": "Feature",
   "properties": {
    "ll": {
     "value": 1000,
     "unit": 1,
     "referenceDatum": 1
    },
    "ul": {
     "value": 7500,
     "unit": 1,
     "referenceDatum": 1
    },
    "_id": "62614b30cb27f4250944a380",
    "name": "GGG: 123.2",
    "type": 4,
    "icao": 3,
    "bnd": [
     [
      38.6155556,
      24.5158333
     ],
     [
      39.0988889,
      24.8491667
     ]
    ]
   },
   "geometry": {
    "type": "Polygon",
    "coordinates": [
     [
      [
       24.6658333,
       39.0988889
      ],
      [
       24.8491667,
       38.8988889
      ],
      [
       24.6825,
       38.6155556
      ],
      [
       24.5158333,
       38.6155556
      ],
      [
       24.6658333,
       39.0988889
      ]
     ]
    ]
   }
  },
  {
   "type": "Feature",
   "properties": {
    "ll": {
     "value": 1000,
     "unit": 1,
     "referenceDatum": 0
    },
    "ul": {
     "value": 14500,
     "unit": 1,
     "referenceDatum": 1
    },
    "_id": "62614b30cb27f4250944a38b",
    "name": "GGG: 124.1",
    "type": 4,
    "icao": 3,
    "bnd": [
     [
      37.3870004,
      26.5282213
     ],
     [
      37.8825,
      27.15
     ]
    ]
   },
   "geometry": {
    "type": "Polygon",
    "coordinates": [
     [
      [
       27.0858333,
       37.8825
      ],
      [
       27.15,
       37.8333333
      ],
      [
       27.1,
       37.7166667
      ],
      [
       26.9833333,
       37.6666667
      ],
      [
       26.9833333,
       37.5666667
      ],
      [
       27.05,
       37.55
      ],
      [
       27.1038889,
       37.4308333
      ],
      [
       27.0884783,
       37.4237712
      ],
      [
       27.0726684,
       37.4172916
      ],
      [
       27.0564942,
       37.4114089
      ],
      [
       27.0399913,
       37.4061358
      ],
      [
       27.023196,
       37.4014841
      ],
      [
       27.0061453,
       37.3974639
      ],
      [
       26.9888766,
       37.3940841
      ],
      [
       26.971428,
       37.3913521
      ],
      [
       26.9538377,
       37.3892739
      ],
      [
       26.9361444,
       37.387854
      ],
      [
       26.9183871,
       37.3870956
      ],
      [
       26.9006046,
       37.3870004
      ],
      [
       26.882836,
       37.3875686
      ],
      [
       26.8651203,
       37.3887988
      ],
      [
       26.8474965,
       37.3906885
      ],
      [
       26.8300033,
       37.3932334
      ],
      [
       26.8126791,
       37.396428
      ],
      [
       26.795562,
       37.4002652
      ],
      [
       26.7786895,
       37.4047367
      ],
      [
       26.7620989,
       37.4098326
      ],
      [
       26.7458267,
       37.4155416
      ],
      [
       26.7299087,
       37.4218513
      ],
      [
       26.71438,
       37.4287478
      ],
      [
       26.6992749,
       37.4362158
      ],
      [
       26.6846266,
       37.4442391
      ],
      [
       26.6704677,
       37.4527999
      ],
      [
       26.6568295,
       37.4618793
      ],
      [
       26.6437421,
       37.4714574
      ],
      [
       26.6312347,
       37.4815131
      ],
      [
       26.619335,
       37.4920242
      ],
      [
       26.6080695,
       37.5029675
      ],
      [
       26.5974634,
       37.514319
      ],
      [
       26.5875403,
       37.5260535
      ],
      [
       26.5783226,
       37.5381451
      ],
      [
       26.5698308,
       37.5505672
      ],
      [
       26.5620842,
       37.5632923
      ],
      [
       26.5551002,
       37.5762923
      ],
      [
       26.5488948,
       37.5895383
      ],
      [
       26.543482,
       37.6030012
      ],
      [
       26.5388742,
       37.616651
      ],
      [
       26.5350822,
       37.6304575
      ],
      [
       26.5321148,
       37.6443902
      ],
      [
       26.529979,
       37.6584181
      ],
      [
       26.5286801,
       37.67251
      ],
      [
       26.5282213,
       37.6866348
      ],
      [
       26.5286043,
       37.700761
      ],
      [
       26.5298286,
       37.7148572
      ],
      [
       26.531892,
       37.7288921
      ],
      [
       26.5347904,
       37.7428344
      ],
      [
       26.5385178,
       37.756653
      ],
      [
       26.5430663,
       37.7703172
      ],
      [
       26.5484263,
       37.7837966
      ],
      [
       26.5545862,
       37.797061
      ],
      [
       26.5615327,
       37.8100809
      ],
      [
       26.5692508,
       37.8228271
      ],
      [
       26.5777236,
       37.8352712
      ],
      [
       26.5869324,
       37.8473854
      ],
      [
       26.5968572,
       37.8591426
      ],
      [
       26.607476,
       37.8705165
      ],
      [
       26.6186111,
       37.8808333
      ],
      [
       27.0858333,
       37.8825
      ]
     ]
    ]
   }
  },
  {
   "type": "Feature",
   "properties": {
    "ll": {
     "value": 8500,
     "unit": 1,
     "referenceDatum": 1
    },
    "ul": {
     "value": 10500,
     "unit": 1,
     "referenceDatum": 1
    },
    "_id": "62614b30cb27f4250944a39a",
    "name": "GGG: 124.9",
    "type": 0,
    "icao": 1,
    "bnd": [
     [
      37.4572222,
      19.6908333
     ],
     [
      38.5822222,
      22.1658333
     ]
    ]
   },
   "geometry": {
    "type": "Polygon",
    "coordinates": [
     [
      [
       22.1658333,
       37.4655556
      ],
      [
       21.9825,
       37.4572222
      ],
      [
       21.2741667,
       37.9322222
      ],
      [
       19.6908333,
       38.1488889
      ],
      [
       19.7991667,
       38.5822222
      ],
      [
       20.4991667,
       38.4322222
      ],
      [
       20.7491667,
       38.3822222
      ],
      [
       21.7491667,
       38.3488889
      ],
      [
       22.1658333,
       37.4655556
      ]
     ]
    ]
   }
  },
  {
   "type": "Feature",
   "properties": {
    "ll": {
     "value": 7500,
     "unit": 1,
     "referenceDatum": 1
    },
    "ul": {
     "value": 999,
     "unit": 6,
     "referenceDatum": 2
    },
    "_id": "62614b31cb27f4250944a3a7",
    "name": "GGG: 125.9",
    "type": 4,
    "icao": 3,
    "bnd": [
     [
      38.6155556,
      24.5158333
     ],
     [
      39.0988889,
      24.8491667
     ]
    ]
   },
   "geometry": {
    "type": "Polygon",
    "coordinates": [
     [
      [
       24.6658333,
       39.0988889
      ],
      [
       24.8491667,
       38.8988889
      ],
      [
       24.6825,
       38.6155556
      ],
      [
       24.5158333,
       38.6155556
      ],
      [
       24.6658333,
       39.0988889
      ]
     ]
    ]
   }
  },
  {
   "type": "Feature",
   "properties": {
    "ll": {
     "value": 0,
     "unit": 1,
     "referenceDatum": 0
    },
    "ul": {
     "value": 7000,
     "unit": 1,
     "referenceDatum": 1
    },
    "_id": "62614b31cb27f4250944a3b3",
    "name": "GGG: 134.075",
    "type": 4,
    "icao": 3,
    "bnd": [
     [
      36.5284819,
      24.2665361
     ],
     [
      36.8615542,
      24.6818685
     ]
    ]
   },
   "geometry": {
    "type": "Polygon",
    "coordinates": [
     [
      [
       24.4741667,
       36.8615542
      ],
      [
       24.4873242,
       36.8612204
      ],
      [
       24.5004287,
       36.8602205
      ],
      [
       24.5134276,
       36.8585585
      ],
      [
       24.5262685,
       36.856241
      ],
      [
       24.5388996,
       36.8532774
      ],
      [
       24.5512703,
       36.8496797
      ],
      [
       24.5633308,
       36.8454622
      ],
      [
       24.5750327,
       36.840642
      ],
      [
       24.5863288,
       36.8352384
      ],
      [
       24.597174,
       36.8292732
      ],
      [
       24.6075247,
       36.8227703
      ],
      [
       24.6173394,
       36.815756
      ],
      [
       24.6265788,
       36.8082583
      ],
      [
       24.6352061,
       36.8003074
      ],
      [
       24.6431867,
       36.7919353
      ],
      [
       24.6504889,
       36.7831755
      ],
      [
       24.6570835,
       36.7740632
      ],
      [
       24.6629443,
       36.764635
      ],
      [
       24.6680482,
       36.7549287
      ],
      [
       24.672375,
       36.7449831
      ],
      [
       24.6759076,
       36.7348382
      ],
      [
       24.6786322,
       36.7245346
      ],
      [
       24.6805382,
       36.7141135
      ],
      [
       24.6816183,
       36.7036167
      ],
      [
       24.6818685,
       36.6930861
      ],
      [
       24.6812882,
       36.6825639
      ],
      [
       24.6798801,
       36.6720921
      ],
      [
       24.67765,
       36.6617127
      ],
      [
       24.6746073,
       36.651467
      ],
      [
       24.6707643,
       36.6413959
      ],
      [
       24.6661369,
       36.6315397
      ],
      [
       24.6607436,
       36.6219377
      ],
      [
       24.6546064,
       36.6126281
      ],
      [
       24.6477498,
       36.6036482
      ],
      [
       24.6402016,
       36.5950336
      ],
      [
       24.631992,
       36.5868187
      ],
      [
       24.6231539,
       36.5790363
      ],
      [
       24.6137227,
       36.5717172
      ],
      [
       24.6037361,
       36.5648907
      ],
      [
       24.5932339,
       36.558584
      ],
      [
       24.5822581,
       36.552822
      ],
      [
       24.5708525,
       36.5476277
      ],
      [
       24.5590624,
       36.5430218
      ],
      [
       24.5469348,
       36.5390226
      ],
      [
       24.534518,
       36.5356459
      ],
      [
       24.5218613,
       36.5329053
      ],
      [
       24.5090151,
       36.5308116
      ],
      [
       24.4960304,
       36.529373
      ],
      [
       24.4829588,
       36.5285954
      ],
      [
       24.4698523,
       36.5284819
      ],
      [
       24.4567629,
       36.5290327
      ],
      [
       24.4437427,
       36.5302459
      ],
      [
       24.4308434,
       36.5321165
      ],
      [
       24.4181162,
       36.5346372
      ],
      [
       24.4056118,
       36.5377979
      ],
      [
       24.3933799,
       36.541586
      ],
      [
       24.3814691,
       36.5459865
      ],
      [
       24.3699269,
       36.5509819
      ],
      [
       24.3587992,
       36.5565524
      ],
      [
       24.3481304,
       36.5626757
      ],
      [
       24.337963,
       36.5693275
      ],
      [
       24.3283376,
       36.5764814
      ],
      [
       24.3192927,
       36.5841089
      ],
      [
       24.3108645,
       36.5921796
      ],
      [
       24.3030867,
       36.6006613
      ],
      [
       24.2959906,
       36.6095204
      ],
      [
       24.2896046,
       36.6187214
      ],
      [
       24.2839545,
       36.6282277
      ],
      [
       24.279063,
       36.6380014
      ],
      [
       24.2749501,
       36.6480036
      ],
      [
       24.2716323,
       36.6581942
      ],
      [
       24.2691233,
       36.6685326
      ],
      [
       24.2674334,
       36.6789775
      ],
      [
       24.2665698,
       36.6894871
      ],
      [
       24.2665361,
       36.7000196
      ],
      [
       24.2673329,
       36.7105327
      ],
      [
       24.2689573,
       36.7209844
      ],
      [
       24.2714031,
       36.7313328
      ],
      [
       24.274661,
       36.7415365
      ],
      [
       24.2787181,
       36.7515548
      ],
      [
       24.2835585,
       36.7613473
      ],
      [
       24.2891632,
       36.7708749
      ],
      [
       24.2955099,
       36.7800993
      ],
      [
       24.3025733,
       36.7889836
      ],
      [
       24.3103255,
       36.797492
      ],
      [
       24.3187356,
       36.8055906
      ],
      [
       24.3277698,
       36.8132466
      ],
      [
       24.3373923,
       36.8204294
      ],
      [
       24.3475643,
       36.8271101
      ],
      [
       24.3582453,
       36.8332618
      ],
      [
       24.3693923,
       36.8388599
      ],
      [
       24.3809608,
       36.8438818
      ],
      [
       24.3929041,
       36.8483073
      ],
      [
       24.4051743,
       36.8521186
      ],
      [
       24.4177221,
       36.8553004
      ],
      [
       24.4304971,
       36.8578398
      ],
      [
       24.4434478,
       36.8597267
      ],
      [
       24.4565221,
       36.8609535
      ],
      [
       24.4696675,
       36.8615152
      ],
      [
       24.4741667,
       36.8615542
      ]
     ]
    ]
   }
  },
  {
   "type": "Feature",
   "properties": {
    "ll": {
     "value": 0,
     "unit": 1,
     "referenceDatum": 0
    },
    "ul": {
     "value": 19500,
     "unit": 1,
     "referenceDatum": 1
    },
    "_id": "62614b31cb27f4250944a3bf",
    "name": "GIO: 124.9",
    "type": 4,
    "icao": 3,
    "bnd": [
     [
      39.4474,
      20.4970147
     ],
     [
      39.9470535,
      21.1463114
     ]
    ]
   },
   "geometry": {
    "type": "Polygon",
    "coordinates": [
     [
      [
       20.8216667,
       39.9470535
      ],
      [
       20.8384878,
       39.9467192
      ],
      [
       20.8552637,
       39.9457173
      ],
      [
       20.8719489,
       39.9440505
      ],
      [
       20.8884987,
       39.9417232
      ],
      [
       20.9048684,
       39.9387418
      ],
      [
       20.9210139,
       39.9351143
      ],
      [
       20.9368917,
       39.9308504
      ],
      [
       20.9524592,
       39.9259616
      ],
      [
       20.9676745,
       39.9204612
      ],
      [
       20.9824966,
       39.9143638
      ],
      [
       20.9968859,
       39.907686
      ],
      [
       21.0108037,
       39.9004456
      ],
      [
       21.0242128,
       39.8926623
      ],
      [
       21.0370772,
       39.8843568
      ],
      [
       21.0493626,
       39.8755516
      ],
      [
       21.0610362,
       39.8662703
      ],
      [
       21.0720668,
       39.8565378
      ],
      [
       21.0824252,
       39.8463803
      ],
      [
       21.0920838,
       39.835825
      ],
      [
       21.1010171,
       39.8249003
      ],
      [
       21.1092015,
       39.8136354
      ],
      [
       21.1166153,
       39.8020606
      ],
      [
       21.1232392,
       39.7902068
      ],
      [
       21.1290558,
       39.7781058
      ],
      [
       21.1340499,
       39.76579
      ],
      [
       21.1382087,
       39.7532923
      ],
      [
       21.1415215,
       39.7406462
      ],
      [
       21.1439799,
       39.7278854
      ],
      [
       21.1455778,
       39.7150439
      ],
      [
       21.1463114,
       39.7021562
      ],
      [
       21.1461793,
       39.6892564
      ],
      [
       21.1451823,
       39.6763792
      ],
      [
       21.1433236,
       39.6635586
      ],
      [
       21.1406085,
       39.650829
      ],
      [
       21.1370448,
       39.6382241
      ],
      [
       21.1326423,
       39.6257776
      ],
      [
       21.1274134,
       39.6135224
      ],
      [
       21.1213722,
       39.6014912
      ],
      [
       21.1145353,
       39.5897158
      ],
      [
       21.1069211,
       39.5782277
      ],
      [
       21.0985504,
       39.5670572
      ],
      [
       21.0894456,
       39.5562339
      ],
      [
       21.0796311,
       39.5457866
      ],
      [
       21.0691334,
       39.535743
      ],
      [
       21.0579805,
       39.5261295
      ],
      [
       21.0462022,
       39.5169717
      ],
      [
       21.0338299,
       39.5082939
      ],
      [
       21.0208966,
       39.5001189
      ],
      [
       21.0074365,
       39.4924684
      ],
      [
       20.9934856,
       39.4853625
      ],
      [
       20.9790807,
       39.4788202
      ],
      [
       20.9642601,
       39.4728586
      ],
      [
       20.9490629,
       39.4674935
      ],
      [
       20.9335295,
       39.462739
      ],
      [
       20.9177008,
       39.4586078
      ],
      [
       20.9016187,
       39.4551107
      ],
      [
       20.8853256,
       39.4522569
      ],
      [
       20.8688646,
       39.450054
      ],
      [
       20.8522791,
       39.4485078
      ],
      [
       20.8356129,
       39.4476224
      ],
      [
       20.8189098,
       39.4474
      ],
      [
       20.8022141,
       39.4478414
      ],
      [
       20.7855696,
       39.4489452
      ],
      [
       20.7690204,
       39.4507087
      ],
      [
       20.75261,
       39.4531271
      ],
      [
       20.7363818,
       39.4561941
      ],
      [
       20.7203787,
       39.4599016
      ],
      [
       20.7046429,
       39.4642398
      ],
      [
       20.6892159,
       39.4691972
      ],
      [
       20.6741386,
       39.4747608
      ],
      [
       20.6594509,
       39.4809159
      ],
      [
       20.6451916,
       39.4876462
      ],
      [
       20.6313987,
       39.4949339
      ],
      [
       20.6181086,
       39.5027599
      ],
      [
       20.6053566,
       39.5111033
      ],
      [
       20.5931768,
       39.5199421
      ],
      [
       20.5816015,
       39.529253
      ],
      [
       20.5706616,
       39.5390113
      ],
      [
       20.5603864,
       39.5491912
      ],
      [
       20.5508033,
       39.5597656
      ],
      [
       20.5419381,
       39.5707067
      ],
      [
       20.5338147,
       39.5819854
      ],
      [
       20.5264549,
       39.5935717
      ],
      [
       20.5198786,
       39.605435
      ],
      [
       20.5141038,
       39.6175437
      ],
      [
       20.5091461,
       39.6298656
      ],
      [
       20.5050192,
       39.6423681
      ],
      [
       20.5017346,
       39.6550179
      ],
      [
       20.4993014,
       39.6677813
      ],
      [
       20.4977265,
       39.6806243
      ],
      [
       20.4970147,
       39.6935128
      ],
      [
       20.4971684,
       39.7064124
      ],
      [
       20.4981875,
       39.7192886
      ],
      [
       20.5000699,
       39.7321073
      ],
      [
       20.502811,
       39.744834
      ],
      [
       20.5064041,
       39.7574349
      ],
      [
       20.5108398,
       39.7698762
      ],
      [
       20.5161069,
       39.7821247
      ],
      [
       20.5221917,
       39.7941477
      ],
      [
       20.5290783,
       39.8059129
      ],
      [
       20.5367487,
       39.8173888
      ],
      [
       20.5451827,
       39.8285447
      ],
      [
       20.5543581,
       39.8393507
      ],
      [
       20.5642506,
       39.8497778
      ],
      [
       20.5748339,
       39.859798
      ],
      [
       20.5860801,
       39.8693844
      ],
      [
       20.5979591,
       39.8785113
      ],
      [
       20.6104393,
       39.8871541
      ],
      [
       20.6234873,
       39.8952897
      ],
      [
       20.6370683,
       39.9028961
      ],
      [
       20.6511459,
       39.9099529
      ],
      [
       20.6656824,
       39.9164411
      ],
      [
       20.6806387,
       39.9223432
      ],
      [
       20.6959748,
       39.9276433
      ],
      [
       20.7116494,
       39.9323272
      ],
      [
       20.7276203,
       39.9363823
      ],
      [
       20.7438446,
       39.9397976
      ],
      [
       20.7602786,
       39.9425639
      ],
      [
       20.7768781,
       39.9446738
      ],
      [
       20.7935982,
       39.9461216
      ],
      [
       20.810394,
       39.9469034
      ],
      [
       20.8216667,
       39.9470535
      ]
     ]
    ]
   }
  },
  {
   "type": "Feature",
   "properties": {
    "ll": {
     "value": 0,
     "unit": 1,
     "referenceDatum": 0
    },
    "ul": {
     "value": 10000,
     "unit": 1,
     "referenceDatum": 1
    },
    "_id": "62614b31cb27f4250944a3cc",
    "name": "GIR: 119.85",
    "type": 4,
    "icao": 3,
    "bnd": [
     [
      35.0683333,
      24.9806498
     ],
     [
      35.5074873,
      25.4825
     ]
    ]
   },
   "geometry": {
    "type": "Polygon",
    "coordinates": [
     [
      [
       25.0633333,
       35.2069444
      ],
      [
       25.0532182,
       35.2134816
      ],
      [
       25.043627,
       35.2205271
      ],
      [
       25.0345982,
       35.2280529
      ],
      [
       25.0261677,
       35.2360289
      ],
      [
       25.0183694,
       35.2444236
      ],
      [
       25.0112344,
       35.2532035
      ],
      [
       25.0047914,
       35.2623335
      ],
      [
       24.9990663,
       35.2717774
      ],
      [
       24.9940821,
       35.2814976
      ],
      [
       24.989859,
       35.2914552
      ],
      [
       24.9864141,
       35.3016106
      ],
      [
       24.9837615,
       35.3119232
      ],
      [
       24.9819119,
       35.322352
      ],
      [
       24.9808732,
       35.3328553
      ],
      [
       24.9806498,
       35.3433912
      ],
      [
       24.9812429,
       35.3539175
      ],
      [
       24.9826505,
       35.3643922
      ],
      [
       24.9848671,
       35.3747734
      ],
      [
       24.9878844,
       35.3850197
      ],
      [
       24.9916905,
       35.3950899
      ],
      [
       24.9962704,
       35.4049439
      ],
      [
       25.0016061,
       35.4145421
      ],
      [
       25.0076766,
       35.4238461
      ],
      [
       25.0144577,
       35.4328186
      ],
      [
       25.0219224,
       35.4414237
      ],
      [
       25.0300412,
       35.4496268
      ],
      [
       25.0387815,
       35.4573951
      ],
      [
       25.0481086,
       35.4646974
      ],
      [
       25.057985,
       35.4715043
      ],
      [
       25.0683715,
       35.4777887
      ],
      [
       25.0792262,
       35.4835251
      ],
      [
       25.0905058,
       35.4886906
      ],
      [
       25.102165,
       35.4932645
      ],
      [
       25.114157,
       35.4972283
      ],
      [
       25.1264337,
       35.5005662
      ],
      [
       25.1389458,
       35.5032647
      ],
      [
       25.151643,
       35.5053129
      ],
      [
       25.1644743,
       35.5067028
      ],
      [
       25.1773881,
       35.5074285
      ],
      [
       25.1903325,
       35.5074873
      ],
      [
       25.2032555,
       35.5068789
      ],
      [
       25.2161051,
       35.5056057
      ],
      [
       25.2288296,
       35.5036729
      ],
      [
       25.241378,
       35.5010883
      ],
      [
       25.2536998,
       35.4978621
      ],
      [
       25.2657455,
       35.4940075
      ],
      [
       25.2774667,
       35.4895398
      ],
      [
       25.2888165,
       35.484477
      ],
      [
       25.2997493,
       35.4788395
      ],
      [
       25.3102213,
       35.47265
      ],
      [
       25.3201905,
       35.4659331
      ],
      [
       25.3296171,
       35.458716
      ],
      [
       25.3384634,
       35.4510276
      ],
      [
       25.3466941,
       35.4428988
      ],
      [
       25.3542762,
       35.434362
      ],
      [
       25.3611798,
       35.4254516
      ],
      [
       25.3673772,
       35.4162034
      ],
      [
       25.3716667,
       35.4072222
      ],
      [
       25.4825,
       35.1933333
      ],
      [
       25.2936111,
       35.0683333
      ],
      [
       25.0633333,
       35.2069444
      ]
     ]
    ]
   }
  },
  {
   "type": "Feature",
   "properties": {
    "ll": {
     "value": 5500,
     "unit": 1,
     "referenceDatum": 0
    },
    "ul": {
     "value": 15500,
     "unit": 1,
     "referenceDatum": 1
    },
    "_id": "62614b31cb27f4250944a3d9",
    "name": "GIR: 119.85",
    "type": 4,
    "icao": 3,
    "bnd": [
     [
      34.3988889,
      24.7825
     ],
     [
      34.8822222,
      25.5661111
     ]
    ]
   },
   "geometry": {
    "type": "Polygon",
    "coordinates": [
     [
      [
       25.5661111,
       34.8822222
      ],
      [
       25.2408333,
       34.3988889
      ],
      [
       24.9991667,
       34.3988889
      ],
      [
       24.7825,
       34.5822222
      ],
      [
       24.7825,
       34.8822222
      ],
      [
       25.5661111,
       34.8822222
      ]
     ]
    ]
   }
  },
  {
   "type": "Feature",
   "properties": {
    "ll": {
     "value": 1000,
     "unit": 1,
     "referenceDatum": 0
    },
    "ul": {
     "value": 24500,
     "unit": 1,
     "referenceDatum": 1
    },
    "_id": "62614b31cb27f4250944a3e7",
    "name": "GIR: 119.85",
    "type": 4,
    "icao": 3,
    "bnd": [
     [
      34.8822222,
      24.6936111
     ],
     [
      35.6988889,
      25.9156488
     ]
    ]
   },
   "geometry": {
    "type": "Polygon",
    "coordinates": [
     [
      [
       24.6936111,
       35.6988889
      ],
      [
       25.7713889,
       35.6988889
      ],
      [
       25.7858463,
       35.6827277
      ],
      [
       25.7994652,
       35.6660921
      ],
      [
       25.8123882,
       35.6490955
      ],
      [
       25.8246013,
       35.631757
      ],
      [
       25.8360912,
       35.6140961
      ],
      [
       25.8468456,
       35.5961327
      ],
      [
       25.8568528,
       35.577887
      ],
      [
       25.8661021,
       35.5593793
      ],
      [
       25.8745837,
       35.5406305
      ],
      [
       25.8822887,
       35.5216615
      ],
      [
       25.8892089,
       35.5024937
      ],
      [
       25.8953372,
       35.4831483
      ],
      [
       25.9006673,
       35.4636471
      ],
      [
       25.9051938,
       35.4440119
      ],
      [
       25.9089123,
       35.4242645
      ],
      [
       25.9118193,
       35.4044271
      ],
      [
       25.913912,
       35.3845216
      ],
      [
       25.9151888,
       35.3645703
      ],
      [
       25.9156488,
       35.3445954
      ],
      [
       25.9152922,
       35.3246191
      ],
      [
       25.9141199,
       35.3046635
      ],
      [
       25.9121339,
       35.284751
      ],
      [
       25.9093369,
       35.2649035
      ],
      [
       25.9057326,
       35.245143
      ],
      [
       25.9013257,
       35.2254915
      ],
      [
       25.8961215,
       35.2059707
      ],
      [
       25.8901265,
       35.1866023
      ],
      [
       25.8833477,
       35.1674075
      ],
      [
       25.8757933,
       35.1484077
      ],
      [
       25.8674722,
       35.1296239
      ],
      [
       25.8583939,
       35.1110766
      ],
      [
       25.8485691,
       35.0927865
      ],
      [
       25.8380091,
       35.0747736
      ],
      [
       25.8267259,
       35.0570578
      ],
      [
       25.8147326,
       35.0396586
      ],
      [
       25.8020426,
       35.022595
      ],
      [
       25.7886704,
       35.005886
      ],
      [
       25.7827778,
       34.9988889
      ],
      [
       25.7494444,
       34.9988889
      ],
      [
       25.5661111,
       34.8822222
      ],
      [
       24.7825,
       34.8822222
      ],
      [
       24.7825,
       35.1155556
      ],
      [
       24.6936111,
       35.6988889
      ]
     ]
    ]
   }
  },
  {
   "type": "Feature",
   "properties": {
    "ll": {
     "value": 0,
     "unit": 1,
     "referenceDatum": 0
    },
    "ul": {
     "value": 14000,
     "unit": 1,
     "referenceDatum": 1
    },
    "_id": "62614b31cb27f4250944a3f2",
    "name": "GKA: 125.9",
    "type": 4,
    "icao": 3,
    "bnd": [
     [
      40.1991234,
      20.9325
     ],
     [
      40.6986607,
      21.610793
     ]
    ]
   },
   "geometry": {
    "type": "Polygon",
    "coordinates": [
     [
      [
       21.0572222,
       40.6308333
      ],
      [
       21.0698852,
       40.6394395
      ],
      [
       21.0831199,
       40.6475367
      ],
      [
       21.0968909,
       40.6551032
      ],
      [
       21.1111614,
       40.6621185
      ],
      [
       21.1258931,
       40.6685638
      ],
      [
       21.1410465,
       40.6744218
      ],
      [
       21.1565808,
       40.6796766
      ],
      [
       21.1724544,
       40.6843142
      ],
      [
       21.1886245,
       40.688322
      ],
      [
       21.2050476,
       40.6916892
      ],
      [
       21.2216794,
       40.6944068
      ],
      [
       21.2384753,
       40.6964674
      ],
      [
       21.2553898,
       40.6978655
      ],
      [
       21.2723774,
       40.6985972
      ],
      [
       21.2893923,
       40.6986607
      ],
      [
       21.3063886,
       40.6980558
      ],
      [
       21.3233205,
       40.696784
      ],
      [
       21.3401423,
       40.6948488
      ],
      [
       21.3568088,
       40.6922555
      ],
      [
       21.3732749,
       40.689011
      ],
      [
       21.3894964,
       40.6851241
      ],
      [
       21.4054296,
       40.6806052
      ],
      [
       21.4210317,
       40.6754665
      ],
      [
       21.4362606,
       40.6697219
      ],
      [
       21.4510754,
       40.6633868
      ],
      [
       21.4654365,
       40.6564783
      ],
      [
       21.4793052,
       40.649015
      ],
      [
       21.4926445,
       40.641017
      ],
      [
       21.5054187,
       40.6325057
      ],
      [
       21.5175936,
       40.6235041
      ],
      [
       21.5291368,
       40.6140364
      ],
      [
       21.5400175,
       40.6041279
      ],
      [
       21.5502069,
       40.5938054
      ],
      [
       21.5596778,
       40.5830964
      ],
      [
       21.5684053,
       40.5720298
      ],
      [
       21.5763662,
       40.5606352
      ],
      [
       21.5835398,
       40.5489432
      ],
      [
       21.5899071,
       40.5369851
      ],
      [
       21.5954516,
       40.5247928
      ],
      [
       21.6001589,
       40.5123991
      ],
      [
       21.6040168,
       40.499837
      ],
      [
       21.6070155,
       40.4871402
      ],
      [
       21.6091475,
       40.4743425
      ],
      [
       21.6104077,
       40.4614782
      ],
      [
       21.610793,
       40.4485815
      ],
      [
       21.6103031,
       40.4356869
      ],
      [
       21.6089398,
       40.4228287
      ],
      [
       21.606707,
       40.4100412
      ],
      [
       21.6036114,
       40.3973584
      ],
      [
       21.5996616,
       40.3848141
      ],
      [
       21.5948686,
       40.3724416
      ],
      [
       21.5892456,
       40.3602739
      ],
      [
       21.582808,
       40.3483431
      ],
      [
       21.5755732,
       40.3366811
      ],
      [
       21.567561,
       40.3253187
      ],
      [
       21.5587929,
       40.3142861
      ],
      [
       21.5492925,
       40.3036126
      ],
      [
       21.5390854,
       40.2933263
      ],
      [
       21.5281989,
       40.2834547
      ],
      [
       21.5166621,
       40.2740237
      ],
      [
       21.5045058,
       40.2650584
      ],
      [
       21.4917624,
       40.2565824
      ],
      [
       21.4784658,
       40.2486182
      ],
      [
       21.4646514,
       40.2411869
      ],
      [
       21.4503557,
       40.234308
      ],
      [
       21.4356168,
       40.2279997
      ],
      [
       21.4204736,
       40.2222788
      ],
      [
       21.4049662,
       40.2171602
      ],
      [
       21.3891356,
       40.2126575
      ],
      [
       21.3730237,
       40.2087826
      ],
      [
       21.356673,
       40.2055458
      ],
      [
       21.3401266,
       40.2029554
      ],
      [
       21.3234283,
       40.2010185
      ],
      [
       21.306622,
       40.19974
      ],
      [
       21.2897522,
       40.1991234
      ],
      [
       21.2728632,
       40.1991702
      ],
      [
       21.2559996,
       40.1998805
      ],
      [
       21.2392059,
       40.2012522
      ],
      [
       21.2225263,
       40.2032818
      ],
      [
       21.206005,
       40.2059639
      ],
      [
       21.1896854,
       40.2092914
      ],
      [
       21.1736106,
       40.2132556
      ],
      [
       21.1578232,
       40.217846
      ],
      [
       21.1423648,
       40.2230505
      ],
      [
       21.1272762,
       40.2288554
      ],
      [
       21.1125976,
       40.2352453
      ],
      [
       21.0983676,
       40.2422033
      ],
      [
       21.0846241,
       40.2497112
      ],
      [
       21.0714035,
       40.2577489
      ],
      [
       21.058741,
       40.2662954
      ],
      [
       21.0466703,
       40.2753279
      ],
      [
       21.0352235,
       40.2848227
      ],
      [
       21.0244312,
       40.2947545
      ],
      [
       21.0143223,
       40.3050971
      ],
      [
       21.0049239,
       40.3158231
      ],
      [
       20.9962611,
       40.3269041
      ],
      [
       20.9883574,
       40.3383106
      ],
      [
       20.9812341,
       40.3500125
      ],
      [
       20.9749105,
       40.3619787
      ],
      [
       20.9694038,
       40.3741773
      ],
      [
       20.9647291,
       40.3865761
      ],
      [
       20.9608994,
       40.399142
      ],
      [
       20.9579251,
       40.4118416
      ],
      [
       20.9558149,
       40.4246412
      ],
      [
       20.9545746,
       40.4375066
      ],
      [
       20.9542083,
       40.4504036
      ],
      [
       20.9547173,
       40.4632977
      ],
      [
       20.9561008,
       40.4761547
      ],
      [
       20.9580556,
       40.4838889
      ],
      [
       20.9325,
       40.4822222
      ],
      [
       21.0325,
       40.6488889
      ],
      [
       21.0572222,
       40.6308333
      ]
     ]
    ]
   }
  },
  {
   "type": "Feature",
   "properties": {
    "ll": {
     "value": 0,
     "unit": 1,
     "referenceDatum": 0
    },
    "ul": {
     "value": 2000,
     "unit": 1,
     "referenceDatum": 1
    },
    "_id": "62614b31cb27f4250944a3ff",
    "name": "GKC: 120.75",
    "type": 4,
    "icao": 3,
    "bnd": [
     [
      36.2083945,
      22.9217192
     ],
     [
      36.3749437,
      23.1282354
     ]
    ]
   },
   "geometry": {
    "type": "Polygon",
    "coordinates": [
     [
      [
       23.025,
       36.3749437
      ],
      [
       23.0342395,
       36.3746104
      ],
      [
       23.0434048,
       36.3736132
      ],
      [
       23.0524225,
       36.3719601
      ],
      [
       23.0612203,
       36.3696643
      ],
      [
       23.0697276,
       36.3667442
      ],
      [
       23.0778762,
       36.3632234
      ],
      [
       23.0856009,
       36.3591299
      ],
      [
       23.0928397,
       36.3544966
      ],
      [
       23.0995348,
       36.3493607
      ],
      [
       23.1056325,
       36.3437634
      ],
      [
       23.1110843,
       36.3377494
      ],
      [
       23.1158465,
       36.3313669
      ],
      [
       23.1198812,
       36.3246671
      ],
      [
       23.1231562,
       36.3177037
      ],
      [
       23.1256457,
       36.3105323
      ],
      [
       23.1273297,
       36.3032103
      ],
      [
       23.1281952,
       36.2957964
      ],
      [
       23.1282354,
       36.2883498
      ],
      [
       23.1274503,
       36.2809301
      ],
      [
       23.1258463,
       36.2735965
      ],
      [
       23.1234364,
       36.2664078
      ],
      [
       23.1202403,
       36.2594213
      ],
      [
       23.1162835,
       36.2526928
      ],
      [
       23.111598,
       36.2462761
      ],
      [
       23.1062212,
       36.2402223
      ],
      [
       23.1001962,
       36.2345798
      ],
      [
       23.0935713,
       36.2293937
      ],
      [
       23.0863994,
       36.2247053
      ],
      [
       23.0787378,
       36.2205519
      ],
      [
       23.0706477,
       36.2169668
      ],
      [
       23.0621936,
       36.2139784
      ],
      [
       23.0534431,
       36.2116107
      ],
      [
       23.0444657,
       36.2098825
      ],
      [
       23.0353333,
       36.2088076
      ],
      [
       23.0261184,
       36.2083945
      ],
      [
       23.0168947,
       36.2086465
      ],
      [
       23.0077355,
       36.2095617
      ],
      [
       22.998714,
       36.2111327
      ],
      [
       22.989902,
       36.213347
      ],
      [
       22.9813698,
       36.216187
      ],
      [
       22.9731854,
       36.2196299
      ],
      [
       22.9654142,
       36.2236485
      ],
      [
       22.9581183,
       36.2282106
      ],
      [
       22.9513558,
       36.2332798
      ],
      [
       22.9451809,
       36.2388157
      ],
      [
       22.9396429,
       36.2447741
      ],
      [
       22.9347862,
       36.2511075
      ],
      [
       22.9306497,
       36.2577652
      ],
      [
       22.9272667,
       36.2646943
      ],
      [
       22.9246643,
       36.2718393
      ],
      [
       22.9228636,
       36.279143
      ],
      [
       22.9218792,
       36.2865473
      ],
      [
       22.9217192,
       36.2939929
      ],
      [
       22.9223851,
       36.3014202
      ],
      [
       22.9238718,
       36.3087698
      ],
      [
       22.9261676,
       36.315983
      ],
      [
       22.9292545,
       36.323002
      ],
      [
       22.9331078,
       36.3297707
      ],
      [
       22.937697,
       36.3362349
      ],
      [
       22.9429855,
       36.3423427
      ],
      [
       22.948931,
       36.3480452
      ],
      [
       22.9554861,
       36.3532969
      ],
      [
       22.9625984,
       36.3580555
      ],
      [
       22.9702108,
       36.3622829
      ],
      [
       22.9782626,
       36.3659453
      ],
      [
       22.9866891,
       36.3690133
      ],
      [
       22.9954229,
       36.3714622
      ],
      [
       23.0043939,
       36.3732725
      ],
      [
       23.0135302,
       36.3744296
      ],
      [
       23.0227585,
       36.3749242
      ],
      [
       23.025,
       36.3749437
      ]
     ]
    ]
   }
  },
  {
   "type": "Feature",
   "properties": {
    "ll": {
     "value": 0,
     "unit": 1,
     "referenceDatum": 0
    },
    "ul": {
     "value": 2000,
     "unit": 1,
     "referenceDatum": 1
    },
    "_id": "62614b31cb27f4250944a40f",
    "name": "GKF: 120.65",
    "type": 4,
    "icao": 3,
    "bnd": [
     [
      38.0367278,
      20.3944637
     ],
     [
      38.2032771,
      20.6060448
     ]
    ]
   },
   "geometry": {
    "type": "Polygon",
    "coordinates": [
     [
      [
       20.5002778,
       38.2032771
      ],
      [
       20.5097445,
       38.2029438
      ],
      [
       20.5191353,
       38.2019465
      ],
      [
       20.5283749,
       38.2002932
      ],
      [
       20.537389,
       38.1979973
      ],
      [
       20.5461054,
       38.195077
      ],
      [
       20.5544542,
       38.1915559
      ],
      [
       20.5623686,
       38.1874622
      ],
      [
       20.5697851,
       38.1828286
      ],
      [
       20.5766444,
       38.1776925
      ],
      [
       20.5828917,
       38.1720948
      ],
      [
       20.5884769,
       38.1660806
      ],
      [
       20.5933556,
       38.1596979
      ],
      [
       20.5974888,
       38.1529979
      ],
      [
       20.6008437,
       38.1460342
      ],
      [
       20.6033935,
       38.1388627
      ],
      [
       20.6051183,
       38.1315406
      ],
      [
       20.6060043,
       38.1241267
      ],
      [
       20.6060448,
       38.1166801
      ],
      [
       20.6052397,
       38.1092604
      ],
      [
       20.6035957,
       38.101927
      ],
      [
       20.6011262,
       38.0947384
      ],
      [
       20.5978511,
       38.087752
      ],
      [
       20.5937969,
       38.0810237
      ],
      [
       20.5889961,
       38.0746072
      ],
      [
       20.5834872,
       38.0685538
      ],
      [
       20.5773144,
       38.0629116
      ],
      [
       20.570527,
       38.0577257
      ],
      [
       20.5631794,
       38.0530375
      ],
      [
       20.5553301,
       38.0488844
      ],
      [
       20.547042,
       38.0452995
      ],
      [
       20.538381,
       38.0423114
      ],
      [
       20.5294164,
       38.0399438
      ],
      [
       20.5202195,
       38.0382157
      ],
      [
       20.5108637,
       38.0371409
      ],
      [
       20.5014235,
       38.0367278
      ],
      [
       20.4919742,
       38.0369798
      ],
      [
       20.4825911,
       38.0378949
      ],
      [
       20.473349,
       38.0394658
      ],
      [
       20.4643214,
       38.04168
      ],
      [
       20.4555804,
       38.0445198
      ],
      [
       20.4471958,
       38.0479625
      ],
      [
       20.4392343,
       38.0519808
      ],
      [
       20.4317596,
       38.0565426
      ],
      [
       20.4248313,
       38.0616115
      ],
      [
       20.4185048,
       38.0671472
      ],
      [
       20.4128308,
       38.0731053
      ],
      [
       20.4078547,
       38.0794385
      ],
      [
       20.4036163,
       38.086096
      ],
      [
       20.4001498,
       38.0930249
      ],
      [
       20.3974831,
       38.1001697
      ],
      [
       20.3956376,
       38.1074734
      ],
      [
       20.3946283,
       38.1148776
      ],
      [
       20.3944637,
       38.1223231
      ],
      [
       20.3951452,
       38.1297505
      ],
      [
       20.3966678,
       38.1371002
      ],
      [
       20.3990193,
       38.1443136
      ],
      [
       20.4021813,
       38.1513328
      ],
      [
       20.4061287,
       38.1581016
      ],
      [
       20.4108301,
       38.164566
      ],
      [
       20.4162481,
       38.1706741
      ],
      [
       20.4223393,
       38.1763769
      ],
      [
       20.4290552,
       38.1816288
      ],
      [
       20.436342,
       38.1863877
      ],
      [
       20.4441414,
       38.1906154
      ],
      [
       20.452391,
       38.194278
      ],
      [
       20.4610246,
       38.1973462
      ],
      [
       20.4699732,
       38.1997953
      ],
      [
       20.4791648,
       38.2016057
      ],
      [
       20.4885258,
       38.2027629
      ],
      [
       20.4979812,
       38.2032575
      ],
      [
       20.5002778,
       38.2032771
      ]
     ]
    ]
   }
  },
  {
   "type": "Feature",
   "properties": {
    "ll": {
     "value": 0,
     "unit": 1,
     "referenceDatum": 0
    },
    "ul": {
     "value": 5000,
     "unit": 1,
     "referenceDatum": 1
    },
    "_id": "62614b31cb27f4250944a419",
    "name": "GKL: 120.75",
    "type": 4,
    "icao": 3,
    "bnd": [
     [
      36.9023707,
      21.8163501
     ],
     [
      37.235443,
      22.2337213
     ]
    ]
   },
   "geometry": {
    "type": "Polygon",
    "coordinates": [
     [
      [
       22.025,
       37.235443
      ],
      [
       22.0382225,
       37.2351093
      ],
      [
       22.0513918,
       37.2341094
      ],
      [
       22.0644548,
       37.2324473
      ],
      [
       22.077359,
       37.2301297
      ],
      [
       22.0900525,
       37.2271661
      ],
      [
       22.1024843,
       37.2235682
      ],
      [
       22.1146042,
       37.2193506
      ],
      [
       22.1263637,
       37.2145303
      ],
      [
       22.1377155,
       37.2091265
      ],
      [
       22.148614,
       37.2031612
      ],
      [
       22.1590156,
       37.1966582
      ],
      [
       22.1688785,
       37.1896437
      ],
      [
       22.1781633,
       37.1821459
      ],
      [
       22.1868329,
       37.1741948
      ],
      [
       22.1948526,
       37.1658226
      ],
      [
       22.2021904,
       37.1570626
      ],
      [
       22.2088172,
       37.1479502
      ],
      [
       22.2147066,
       37.1385219
      ],
      [
       22.2198353,
       37.1288154
      ],
      [
       22.224183,
       37.1188697
      ],
      [
       22.2277326,
       37.1087247
      ],
      [
       22.2304702,
       37.0984211
      ],
      [
       22.2323852,
       37.0879999
      ],
      [
       22.2334702,
       37.0775031
      ],
      [
       22.2337213,
       37.0669725
      ],
      [
       22.2331377,
       37.0564503
      ],
      [
       22.2317223,
       37.0459786
      ],
      [
       22.2294809,
       37.0355992
      ],
      [
       22.2264229,
       37.0253535
      ],
      [
       22.2225608,
       37.0152826
      ],
      [
       22.2179103,
       37.0054265
      ],
      [
       22.2124903,
       36.9958246
      ],
      [
       22.2063227,
       36.9865151
      ],
      [
       22.1994323,
       36.9775353
      ],
      [
       22.1918469,
       36.9689209
      ],
      [
       22.183597,
       36.9607062
      ],
      [
       22.1747155,
       36.9529239
      ],
      [
       22.165238,
       36.945605
      ],
      [
       22.1552024,
       36.9387787
      ],
      [
       22.1446488,
       36.932472
      ],
      [
       22.1336193,
       36.9267102
      ],
      [
       22.1221578,
       36.921516
      ],
      [
       22.1103101,
       36.9169103
      ],
      [
       22.0981233,
       36.9129112
      ],
      [
       22.0856458,
       36.9095346
      ],
      [
       22.0729273,
       36.9067941
      ],
      [
       22.0600184,
       36.9047004
      ],
      [
       22.0469704,
       36.9032619
      ],
      [
       22.033835,
       36.9024843
      ],
      [
       22.0206646,
       36.9023707
      ],
      [
       22.0075114,
       36.9029216
      ],
      [
       21.9944276,
       36.9041347
      ],
      [
       21.9814653,
       36.9060053
      ],
      [
       21.9686761,
       36.9085259
      ],
      [
       21.9561106,
       36.9116865
      ],
      [
       21.9438189,
       36.9154745
      ],
      [
       21.9318499,
       36.9198749
      ],
      [
       21.9202513,
       36.9248702
      ],
      [
       21.9090691,
       36.9304405
      ],
      [
       21.898348,
       36.9365637
      ],
      [
       21.8881308,
       36.9432154
      ],
      [
       21.8784582,
       36.9503691
      ],
      [
       21.8693689,
       36.9579964
      ],
      [
       21.8608993,
       36.9660669
      ],
      [
       21.8530832,
       36.9745485
      ],
      [
       21.8459521,
       36.9834074
      ],
      [
       21.8395345,
       36.9926083
      ],
      [
       21.8338564,
       37.0021145
      ],
      [
       21.8289407,
       37.0118881
      ],
      [
       21.8248072,
       37.0218902
      ],
      [
       21.8214729,
       37.0320807
      ],
      [
       21.8189512,
       37.042419
      ],
      [
       21.8172526,
       37.0528639
      ],
      [
       21.8163843,
       37.0633736
      ],
      [
       21.8163501,
       37.073906
      ],
      [
       21.8171504,
       37.0844191
      ],
      [
       21.8187824,
       37.0948708
      ],
      [
       21.8212399,
       37.1052193
      ],
      [
       21.8245134,
       37.1154232
      ],
      [
       21.8285901,
       37.1254415
      ],
      [
       21.833454,
       37.1352341
      ],
      [
       21.839086,
       37.1447618
      ],
      [
       21.8454636,
       37.1539864
      ],
      [
       21.8525615,
       37.1628708
      ],
      [
       21.8603517,
       37.1713794
      ],
      [
       21.8688029,
       37.1794781
      ],
      [
       21.8778815,
       37.1871342
      ],
      [
       21.8875512,
       37.1943172
      ],
      [
       21.8977733,
       37.200998
      ],
      [
       21.9085068,
       37.2071499
      ],
      [
       21.9197087,
       37.2127482
      ],
      [
       21.9313341,
       37.2177702
      ],
      [
       21.9433363,
       37.2221958
      ],
      [
       21.955667,
       37.2260072
      ],
      [
       21.9682768,
       37.2291891
      ],
      [
       21.9811148,
       37.2317286
      ],
      [
       21.9941294,
       37.2336155
      ],
      [
       22.0072683,
       37.2348424
      ],
      [
       22.0204786,
       37.2354041
      ],
      [
       22.025,
       37.235443
      ]
     ]
    ]
   }
  },
  {
   "type": "Feature",
   "properties": {
    "ll": {
     "value": 1000,
     "unit": 1,
     "referenceDatum": 1
    },
    "ul": {
     "value": 8500,
     "unit": 1,
     "referenceDatum": 1
    },
    "_id": "62614b32cb27f4250944a427",
    "name": "GKL: 120.75",
    "type": 4,
    "icao": 3,
    "bnd": [
     [
      35.6655556,
      23.0825
     ],
     [
      36.9322222,
      23.4991667
     ]
    ]
   },
   "geometry": {
    "type": "Polygon",
    "coordinates": [
     [
      [
       23.0825,
       36.9322222
      ],
      [
       23.4991667,
       36.5655556
      ],
      [
       23.2825,
       35.6655556
      ],
      [
       23.0825,
       36.9322222
      ]
     ]
    ]
   }
  },
  {
   "type": "Feature",
   "properties": {
    "ll": {
     "value": 1000,
     "unit": 1,
     "referenceDatum": 0
    },
    "ul": {
     "value": 24500,
     "unit": 1,
     "referenceDatum": 1
    },
    "_id": "62614b32cb27f4250944a436",
    "name": "GKL: 120.75",
    "type": 0,
    "icao": 1,
    "bnd": [
     [
      35.6655556,
      21.3158333
     ],
     [
      37.4655556,
      23.2825
     ]
    ]
   },
   "geometry": {
    "type": "Polygon",
    "coordinates": [
     [
      [
       22.1658333,
       37.4655556
      ],
      [
       22.4991667,
       37.0988889
      ],
      [
       23.0825,
       36.9322222
      ],
      [
       23.2825,
       35.6655556
      ],
      [
       21.3158333,
       36.6822222
      ],
      [
       21.6325,
       37.4155556
      ],
      [
       21.9825,
       37.4572222
      ],
      [
       22.1658333,
       37.4655556
      ]
     ]
    ]
   }
  },
  {
   "type": "Feature",
   "properties": {
    "ll": {
     "value": 0,
     "unit": 1,
     "referenceDatum": 0
    },
    "ul": {
     "value": 5000,
     "unit": 1,
     "referenceDatum": 1
    },
    "_id": "62614b32cb27f4250944a442",
    "name": "GKO: 119.95",
    "type": 4,
    "icao": 3,
    "bnd": [
     [
      36.6237664,
      26.8811008
     ],
     [
      36.9601389,
      27.3011543
     ]
    ]
   },
   "geometry": {
    "type": "Polygon",
    "coordinates": [
     [
      [
       27.2969444,
       36.7588889
      ],
      [
       27.2333333,
       36.7333333
      ],
      [
       27.2708333,
       36.705
      ],
      [
       27.2636476,
       36.6961203
      ],
      [
       27.2557813,
       36.6876201
      ],
      [
       27.2472656,
       36.6795328
      ],
      [
       27.2381344,
       36.6718904
      ],
      [
       27.2284237,
       36.6647229
      ],
      [
       27.2181721,
       36.6580586
      ],
      [
       27.2074199,
       36.6519238
      ],
      [
       27.1962098,
       36.6463426
      ],
      [
       27.1845859,
       36.641337
      ],
      [
       27.172594,
       36.6369267
      ],
      [
       27.1602815,
       36.633129
      ],
      [
       27.1476968,
       36.629959
      ],
      [
       27.1348894,
       36.627429
      ],
      [
       27.1219098,
       36.6255491
      ],
      [
       27.108809,
       36.6243266
      ],
      [
       27.0956387,
       36.6237664
      ],
      [
       27.0824505,
       36.6238705
      ],
      [
       27.0692964,
       36.6246388
      ],
      [
       27.0562281,
       36.626068
      ],
      [
       27.043297,
       36.6281526
      ],
      [
       27.030554,
       36.6308844
      ],
      [
       27.0180494,
       36.6342526
      ],
      [
       27.0058322,
       36.6382441
      ],
      [
       26.9939506,
       36.642843
      ],
      [
       26.9824516,
       36.6480312
      ],
      [
       26.9713804,
       36.6537885
      ],
      [
       26.9607806,
       36.660092
      ],
      [
       26.9506943,
       36.6669169
      ],
      [
       26.9411613,
       36.6742364
      ],
      [
       26.9322192,
       36.6820216
      ],
      [
       26.9239036,
       36.6902419
      ],
      [
       26.9162474,
       36.6988648
      ],
      [
       26.909281,
       36.7078562
      ],
      [
       26.9030322,
       36.7171808
      ],
      [
       26.897526,
       36.7268017
      ],
      [
       26.8927843,
       36.736681
      ],
      [
       26.8888261,
       36.7467795
      ],
      [
       26.8856675,
       36.7570575
      ],
      [
       26.8833212,
       36.7674742
      ],
      [
       26.8817969,
       36.7779885
      ],
      [
       26.8811008,
       36.7885587
      ],
      [
       26.8812362,
       36.7991431
      ],
      [
       26.8822028,
       36.8096997
      ],
      [
       26.8839971,
       36.8201867
      ],
      [
       26.8866124,
       36.8305626
      ],
      [
       26.8900386,
       36.8407862
      ],
      [
       26.8942625,
       36.8508169
      ],
      [
       26.8992676,
       36.860615
      ],
      [
       26.9050343,
       36.8701416
      ],
      [
       26.91154,
       36.8793588
      ],
      [
       26.9187592,
       36.88823
      ],
      [
       26.9266634,
       36.89672
      ],
      [
       26.9352213,
       36.904795
      ],
      [
       26.9443993,
       36.912423
      ],
      [
       26.9541608,
       36.9195735
      ],
      [
       26.9644674,
       36.9262182
      ],
      [
       26.975278,
       36.9323305
      ],
      [
       26.9865499,
       36.9378862
      ],
      [
       26.998238,
       36.9428631
      ],
      [
       27.0102961,
       36.9472414
      ],
      [
       27.0226762,
       36.9510037
      ],
      [
       27.0353289,
       36.9541349
      ],
      [
       27.0482039,
       36.9566227
      ],
      [
       27.0612498,
       36.958457
      ],
      [
       27.0744148,
       36.9596306
      ],
      [
       27.0876463,
       36.9601389
      ],
      [
       27.1008917,
       36.9599797
      ],
      [
       27.114098,
       36.9591537
      ],
      [
       27.1272128,
       36.9576642
      ],
      [
       27.1401836,
       36.9555171
      ],
      [
       27.1529589,
       36.952721
      ],
      [
       27.1654878,
       36.9492871
      ],
      [
       27.1777204,
       36.945229
      ],
      [
       27.1896079,
       36.9405628
      ],
      [
       27.2011032,
       36.9353072
      ],
      [
       27.2121606,
       36.9294832
      ],
      [
       27.222736,
       36.9231138
      ],
      [
       27.2327876,
       36.9162244
      ],
      [
       27.2422755,
       36.9088425
      ],
      [
       27.2511621,
       36.9009974
      ],
      [
       27.2594123,
       36.8927204
      ],
      [
       27.2669935,
       36.8840442
      ],
      [
       27.2738758,
       36.8750035
      ],
      [
       27.280032,
       36.8656341
      ],
      [
       27.2854381,
       36.8559733
      ],
      [
       27.2900728,
       36.8460593
      ],
      [
       27.2939181,
       36.8359316
      ],
      [
       27.296959,
       36.8256303
      ],
      [
       27.2991838,
       36.8151962
      ],
      [
       27.300584,
       36.8046708
      ],
      [
       27.3011543,
       36.7940957
      ],
      [
       27.300893,
       36.7835129
      ],
      [
       27.2998013,
       36.7729641
      ],
      [
       27.2978839,
       36.7624912
      ],
      [
       27.2969444,
       36.7588889
      ]
     ]
    ]
   }
  },
  {
   "type": "Feature",
   "properties": {
    "ll": {
     "value": 0,
     "unit": 1,
     "referenceDatum": 0
    },
    "ul": {
     "value": 7000,
     "unit": 1,
     "referenceDatum": 1
    },
    "_id": "62614b32cb27f4250944a44d",
    "name": "GKP: 124.475",
    "type": 4,
    "icao": 3,
    "bnd": [
     [
      35.1657334,
      26.8429314
     ],
     [
      35.6653868,
      27.4559452
     ]
    ]
   },
   "geometry": {
    "type": "Polygon",
    "coordinates": [
     [
      [
       27.1494444,
       35.6653868
      ],
      [
       27.1653174,
       35.6650527
      ],
      [
       27.1811476,
       35.6640513
      ],
      [
       27.1968926,
       35.6623854
      ],
      [
       27.2125098,
       35.6600593
      ],
      [
       27.2279574,
       35.6570794
      ],
      [
       27.2431937,
       35.6534537
      ],
      [
       27.2581778,
       35.6491919
      ],
      [
       27.2728695,
       35.6443055
      ],
      [
       27.2872293,
       35.6388076
      ],
      [
       27.3012186,
       35.632713
      ],
      [
       27.3148,
       35.6260382
      ],
      [
       27.3279371,
       35.618801
      ],
      [
       27.3405946,
       35.6110208
      ],
      [
       27.3527387,
       35.6027187
      ],
      [
       27.3643371,
       35.5939168
      ],
      [
       27.3753586,
       35.5846388
      ],
      [
       27.385774,
       35.5749097
      ],
      [
       27.3955556,
       35.5647554
      ],
      [
       27.4046773,
       35.5542033
      ],
      [
       27.413115,
       35.5432816
      ],
      [
       27.4208463,
       35.5320196
      ],
      [
       27.4278509,
       35.5204474
      ],
      [
       27.4341103,
       35.5085961
      ],
      [
       27.4396081,
       35.4964973
      ],
      [
       27.4443299,
       35.4841834
      ],
      [
       27.4482635,
       35.4716873
      ],
      [
       27.4513988,
       35.4590424
      ],
      [
       27.4537277,
       35.4462826
      ],
      [
       27.4552444,
       35.4334418
      ],
      [
       27.4559452,
       35.4205543
      ],
      [
       27.4558287,
       35.4076546
      ],
      [
       27.4548956,
       35.3947769
      ],
      [
       27.4531487,
       35.3819556
      ],
      [
       27.4505931,
       35.3692249
      ],
      [
       27.447236,
       35.3566187
      ],
      [
       27.4430866,
       35.3441704
      ],
      [
       27.4381565,
       35.3319132
      ],
      [
       27.4324589,
       35.3198798
      ],
      [
       27.4260095,
       35.308102
      ],
      [
       27.4188256,
       35.2966111
      ],
      [
       27.4109267,
       35.2854377
      ],
      [
       27.402334,
       35.2746114
      ],
      [
       27.3930706,
       35.2641609
      ],
      [
       27.3831612,
       35.254114
      ],
      [
       27.3726324,
       35.2444972
      ],
      [
       27.3615124,
       35.2353361
      ],
      [
       27.3498307,
       35.2266549
      ],
      [
       27.3376184,
       35.2184766
      ],
      [
       27.3249081,
       35.2108229
      ],
      [
       27.3117335,
       35.203714
      ],
      [
       27.2981296,
       35.1971688
      ],
      [
       27.2841324,
       35.1912044
      ],
      [
       27.2697791,
       35.1858368
      ],
      [
       27.2551077,
       35.1810801
      ],
      [
       27.2401571,
       35.1769468
      ],
      [
       27.2249666,
       35.173448
      ],
      [
       27.2095767,
       35.1705928
      ],
      [
       27.1940278,
       35.1683887
      ],
      [
       27.1783612,
       35.1668417
      ],
      [
       27.1626181,
       35.1659558
      ],
      [
       27.1468403,
       35.1657334
      ],
      [
       27.1310694,
       35.1661749
      ],
      [
       27.1153469,
       35.1672794
      ],
      [
       27.0997146,
       35.1690437
      ],
      [
       27.0842137,
       35.1714634
      ],
      [
       27.0688851,
       35.1745319
      ],
      [
       27.0537694,
       35.1782412
      ],
      [
       27.0389065,
       35.1825815
      ],
      [
       27.0243358,
       35.1875413
      ],
      [
       27.0100959,
       35.1931075
      ],
      [
       26.9962245,
       35.1992654
      ],
      [
       26.9827583,
       35.2059987
      ],
      [
       26.9697331,
       35.2132895
      ],
      [
       26.9571835,
       35.2211187
      ],
      [
       26.9451428,
       35.2294654
      ],
      [
       26.9336431,
       35.2383076
      ],
      [
       26.922715,
       35.2476218
      ],
      [
       26.9123876,
       35.2573834
      ],
      [
       26.9026885,
       35.2675665
      ],
      [
       26.8936438,
       35.2781441
      ],
      [
       26.8852776,
       35.2890882
      ],
      [
       26.8776124,
       35.3003697
      ],
      [
       26.8706689,
       35.3119587
      ],
      [
       26.8644657,
       35.3238243
      ],
      [
       26.8590198,
       35.3359352
      ],
      [
       26.854346,
       35.3482591
      ],
      [
       26.8504569,
       35.3607631
      ],
      [
       26.8473634,
       35.3734142
      ],
      [
       26.845074,
       35.3861785
      ],
      [
       26.8435952,
       35.3990222
      ],
      [
       26.8429314,
       35.411911
      ],
      [
       26.8430846,
       35.4248105
      ],
      [
       26.844055,
       35.4376863
      ],
      [
       26.8458402,
       35.4505042
      ],
      [
       26.848436,
       35.4632299
      ],
      [
       26.8518357,
       35.4758293
      ],
      [
       26.8560307,
       35.488269
      ],
      [
       26.8610101,
       35.5005155
      ],
      [
       26.8667609,
       35.5125362
      ],
      [
       26.8732681,
       35.5242989
      ],
      [
       26.8805147,
       35.5357721
      ],
      [
       26.8884815,
       35.5469251
      ],
      [
       26.8971475,
       35.557728
      ],
      [
       26.9064897,
       35.5681519
      ],
      [
       26.9164834,
       35.5781688
      ],
      [
       26.927102,
       35.5877519
      ],
      [
       26.9383172,
       35.5968754
      ],
      [
       26.9500992,
       35.6055149
      ],
      [
       26.9624164,
       35.6136472
      ],
      [
       26.975236,
       35.6212504
      ],
      [
       26.9885236,
       35.6283041
      ],
      [
       27.0022437,
       35.6347893
      ],
      [
       27.0163595,
       35.6406887
      ],
      [
       27.0308331,
       35.6459864
      ],
      [
       27.0456258,
       35.650668
      ],
      [
       27.0606976,
       35.6547211
      ],
      [
       27.0760082,
       35.6581347
      ],
      [
       27.0915164,
       35.6608996
      ],
      [
       27.1071804,
       35.6630084
      ],
      [
       27.1229582,
       35.6644554
      ],
      [
       27.1388072,
       35.6652368
      ],
      [
       27.1494444,
       35.6653868
      ]
     ]
    ]
   }
  },
  {
   "type": "Feature",
   "properties": {
    "ll": {
     "value": 0,
     "unit": 1,
     "referenceDatum": 0
    },
    "ul": {
     "value": 8000,
     "unit": 1,
     "referenceDatum": 1
    },
    "_id": "62614b32cb27f4250944a45a",
    "name": "GKV: 118.4",
    "type": 4,
    "icao": 3,
    "bnd": [
     [
      40.7115803,
      24.3550234
     ],
     [
      41.1112539,
      24.8839029
     ]
    ]
   },
   "geometry": {
    "type": "Polygon",
    "coordinates": [
     [
      [
       24.6194444,
       41.1112539
      ],
      [
       24.6347518,
       41.1109198
      ],
      [
       24.6500078,
       41.1099188
      ],
      [
       24.6651609,
       41.1082542
      ],
      [
       24.6801603,
       41.1059315
      ],
      [
       24.6949556,
       41.1029587
      ],
      [
       24.709497,
       41.0993456
      ],
      [
       24.7237357,
       41.0951045
      ],
      [
       24.737624,
       41.0902496
      ],
      [
       24.7511152,
       41.0847972
      ],
      [
       24.7641641,
       41.0787656
      ],
      [
       24.776727,
       41.0721751
      ],
      [
       24.788762,
       41.0650478
      ],
      [
       24.8002287,
       41.0574077
      ],
      [
       24.8110889,
       41.0492803
      ],
      [
       24.8213064,
       41.0406929
      ],
      [
       24.8308472,
       41.0316744
      ],
      [
       24.8396797,
       41.0222549
      ],
      [
       24.8477745,
       41.012466
      ],
      [
       24.8551048,
       41.0023405
      ],
      [
       24.8616466,
       40.9919123
      ],
      [
       24.8673782,
       40.9812162
      ],
      [
       24.872281,
       40.9702881
      ],
      [
       24.8763389,
       40.9591645
      ],
      [
       24.8795388,
       40.9478824
      ],
      [
       24.8818705,
       40.9364796
      ],
      [
       24.8833267,
       40.9249942
      ],
      [
       24.8839029,
       40.9134645
      ],
      [
       24.8835977,
       40.9019288
      ],
      [
       24.8824126,
       40.8904256
      ],
      [
       24.8803519,
       40.8789933
      ],
      [
       24.877423,
       40.8676699
      ],
      [
       24.8736361,
       40.856493
      ],
      [
       24.8690042,
       40.8454998
      ],
      [
       24.863543,
       40.8347269
      ],
      [
       24.8572712,
       40.8242101
      ],
      [
       24.85021,
       40.8139842
      ],
      [
       24.8423831,
       40.8040832
      ],
      [
       24.8338168,
       40.7945399
      ],
      [
       24.8245398,
       40.7853861
      ],
      [
       24.8145833,
       40.7766519
      ],
      [
       24.8039804,
       40.7683664
      ],
      [
       24.7927664,
       40.760557
      ],
      [
       24.7809788,
       40.7532496
      ],
      [
       24.7686567,
       40.7464683
      ],
      [
       24.755841,
       40.7402356
      ],
      [
       24.7425742,
       40.734572
      ],
      [
       24.7289004,
       40.7294964
      ],
      [
       24.7148648,
       40.7250255
      ],
      [
       24.7005138,
       40.721174
      ],
      [
       24.685895,
       40.7179547
      ],
      [
       24.6710566,
       40.7153783
      ],
      [
       24.6560478,
       40.7134532
      ],
      [
       24.6409181,
       40.7121858
      ],
      [
       24.6257174,
       40.7115803
      ],
      [
       24.610496,
       40.7116387
      ],
      [
       24.5953042,
       40.7123608
      ],
      [
       24.5801921,
       40.7137442
      ],
      [
       24.5652097,
       40.7157843
      ],
      [
       24.5504064,
       40.7184744
      ],
      [
       24.5358312,
       40.7218057
      ],
      [
       24.5215322,
       40.725767
      ],
      [
       24.5075569,
       40.7303454
      ],
      [
       24.4939514,
       40.7355257
      ],
      [
       24.4807608,
       40.7412907
      ],
      [
       24.4680288,
       40.7476214
      ],
      [
       24.4557978,
       40.7544969
      ],
      [
       24.4441082,
       40.7618944
      ],
      [
       24.432999,
       40.7697894
      ],
      [
       24.4225073,
       40.7781558
      ],
      [
       24.4126678,
       40.7869659
      ],
      [
       24.4035137,
       40.7961905
      ],
      [
       24.3950754,
       40.8057989
      ],
      [
       24.3873812,
       40.8157595
      ],
      [
       24.3804571,
       40.826039
      ],
      [
       24.3743264,
       40.8366035
      ],
      [
       24.3690098,
       40.8474177
      ],
      [
       24.3645254,
       40.8584458
      ],
      [
       24.3608884,
       40.8696512
      ],
      [
       24.3581115,
       40.8809965
      ],
      [
       24.3562044,
       40.892444
      ],
      [
       24.3551737,
       40.9039557
      ],
      [
       24.3550234,
       40.9154931
      ],
      [
       24.3557545,
       40.9270179
      ],
      [
       24.357365,
       40.9384915
      ],
      [
       24.35985,
       40.9498758
      ],
      [
       24.3632016,
       40.9611327
      ],
      [
       24.3674091,
       40.9722247
      ],
      [
       24.3724588,
       40.9831146
      ],
      [
       24.3783343,
       40.9937662
      ],
      [
       24.3850164,
       41.0041437
      ],
      [
       24.392483,
       41.0142124
      ],
      [
       24.4007095,
       41.0239387
      ],
      [
       24.4096686,
       41.0332899
      ],
      [
       24.4193308,
       41.0422348
      ],
      [
       24.4296639,
       41.0507433
      ],
      [
       24.4406334,
       41.058787
      ],
      [
       24.4522028,
       41.0663388
      ],
      [
       24.4643335,
       41.0733734
      ],
      [
       24.476985,
       41.0798672
      ],
      [
       24.4901149,
       41.0857983
      ],
      [
       24.5036792,
       41.091147
      ],
      [
       24.5176325,
       41.0958951
      ],
      [
       24.531928,
       41.1000267
      ],
      [
       24.5465176,
       41.1035281
      ],
      [
       24.5613524,
       41.1063872
      ],
      [
       24.5763825,
       41.1085947
      ],
      [
       24.5915574,
       41.110143
      ],
      [
       24.6068261,
       41.1110269
      ],
      [
       24.6194444,
       41.1112539
      ]
     ]
    ]
   }
  },
  {
   "type": "Feature",
   "properties": {
    "ll": {
     "value": 1000,
     "unit": 1,
     "referenceDatum": 0
    },
    "ul": {
     "value": 20500,
     "unit": 1,
     "referenceDatum": 1
    },
    "_id": "62614b32cb27f4250944a468",
    "name": "GKV: 125.9",
    "type": 4,
    "icao": 3,
    "bnd": [
     [
      40.5327189,
      23.8825
     ],
     [
      41.2488889,
      25.1991667
     ]
    ]
   },
   "geometry": {
    "type": "Polygon",
    "coordinates": [
     [
      [
       24.2802778,
       40.6302778
      ],
      [
       23.8825,
       40.8155556
      ],
      [
       24.1491667,
       41.1655556
      ],
      [
       24.9658333,
       41.2488889
      ],
      [
       25.1991667,
       41.1655556
      ],
      [
       25.1991667,
       40.9322222
      ],
      [
       25.1211111,
       40.8819444
      ],
      [
       25.1197323,
       40.8660063
      ],
      [
       25.1165042,
       40.8502237
      ],
      [
       25.1124105,
       40.8345564
      ],
      [
       25.107459,
       40.8190318
      ],
      [
       25.1016589,
       40.8036766
      ],
      [
       25.0950207,
       40.7885174
      ],
      [
       25.0875566,
       40.7735806
      ],
      [
       25.0792799,
       40.7588919
      ],
      [
       25.0702056,
       40.7444767
      ],
      [
       25.0603497,
       40.7303599
      ],
      [
       25.0497298,
       40.7165658
      ],
      [
       25.0383648,
       40.7031183
      ],
      [
       25.0262745,
       40.6900405
      ],
      [
       25.0134803,
       40.677355
      ],
      [
       25.0000046,
       40.6650835
      ],
      [
       24.9858709,
       40.6532473
      ],
      [
       24.9711038,
       40.6418666
      ],
      [
       24.9557292,
       40.6309611
      ],
      [
       24.9397736,
       40.6205494
      ],
      [
       24.9232648,
       40.6106495
      ],
      [
       24.9062313,
       40.6012783
      ],
      [
       24.8887026,
       40.5924519
      ],
      [
       24.8707088,
       40.5841854
      ],
      [
       24.8522811,
       40.5764931
      ],
      [
       24.8334511,
       40.5693881
      ],
      [
       24.8142512,
       40.5628825
      ],
      [
       24.7947144,
       40.5569876
      ],
      [
       24.7748742,
       40.5517134
      ],
      [
       24.7547647,
       40.5470689
      ],
      [
       24.7344203,
       40.5430621
      ],
      [
       24.7138759,
       40.5396998
      ],
      [
       24.6931667,
       40.5369878
      ],
      [
       24.672328,
       40.5349308
      ],
      [
       24.6513955,
       40.5335322
      ],
      [
       24.6304051,
       40.5327945
      ],
      [
       24.6093926,
       40.5327189
      ],
      [
       24.588394,
       40.5333055
      ],
      [
       24.5674451,
       40.5345533
      ],
      [
       24.5465819,
       40.5364603
      ],
      [
       24.5258399,
       40.539023
      ],
      [
       24.5052548,
       40.5422373
      ],
      [
       24.4848616,
       40.5460974
      ],
      [
       24.4646954,
       40.550597
      ],
      [
       24.4447908,
       40.5557281
      ],
      [
       24.4251817,
       40.5614822
      ],
      [
       24.405902,
       40.5678492
      ],
      [
       24.3869846,
       40.5748184
      ],
      [
       24.3684622,
       40.5823778
      ],
      [
       24.3503666,
       40.5905143
      ],
      [
       24.3327289,
       40.5992141
      ],
      [
       24.3155797,
       40.6084623
      ],
      [
       24.2989485,
       40.618243
      ],
      [
       24.2828642,
       40.6285393
      ],
      [
       24.2802778,
       40.6302778
      ]
     ]
    ]
   }
  },
  {
   "type": "Feature",
   "properties": {
    "ll": {
     "value": 0,
     "unit": 1,
     "referenceDatum": 0
    },
    "ul": {
     "value": 14000,
     "unit": 1,
     "referenceDatum": 1
    },
    "_id": "62614b32cb27f4250944a476",
    "name": "GKZ: 125.9",
    "type": 4,
    "icao": 3,
    "bnd": [
     [
      40.0690796,
      21.5578284
     ],
     [
      40.502076,
      22.1254756
     ]
    ]
   },
   "geometry": {
    "type": "Polygon",
    "coordinates": [
     [
      [
       21.8416667,
       40.502076
      ],
      [
       21.8574542,
       40.5017418
      ],
      [
       21.8731926,
       40.5007405
      ],
      [
       21.8888331,
       40.4990751
      ],
      [
       21.9043272,
       40.4967508
      ],
      [
       21.9196267,
       40.4937749
      ],
      [
       21.9346841,
       40.4901564
      ],
      [
       21.9494527,
       40.4859068
      ],
      [
       21.9638868,
       40.4810391
      ],
      [
       21.9779416,
       40.4755685
      ],
      [
       21.9915736,
       40.4695119
      ],
      [
       22.0047407,
       40.4628882
      ],
      [
       22.0174021,
       40.4557179
      ],
      [
       22.0295189,
       40.4480232
      ],
      [
       22.0410535,
       40.439828
      ],
      [
       22.0519706,
       40.4311576
      ],
      [
       22.0622365,
       40.4220389
      ],
      [
       22.0718197,
       40.4125002
      ],
      [
       22.0806909,
       40.4025709
      ],
      [
       22.088823,
       40.3922818
      ],
      [
       22.0961911,
       40.3816646
      ],
      [
       22.1027729,
       40.3707522
      ],
      [
       22.1085484,
       40.3595783
      ],
      [
       22.1135002,
       40.3481774
      ],
      [
       22.1176135,
       40.3365846
      ],
      [
       22.1208759,
       40.3248357
      ],
      [
       22.1232779,
       40.312967
      ],
      [
       22.1248126,
       40.3010149
      ],
      [
       22.1254756,
       40.2890164
      ],
      [
       22.1252655,
       40.2770083
      ],
      [
       22.1241832,
       40.2650275
      ],
      [
       22.1222326,
       40.2531109
      ],
      [
       22.1194202,
       40.2412951
      ],
      [
       22.115755,
       40.2296164
      ],
      [
       22.1112487,
       40.2181106
      ],
      [
       22.1059156,
       40.206813
      ],
      [
       22.0997724,
       40.1957584
      ],
      [
       22.0928383,
       40.1849805
      ],
      [
       22.085135,
       40.1745123
      ],
      [
       22.0766864,
       40.164386
      ],
      [
       22.0675187,
       40.1546325
      ],
      [
       22.0576602,
       40.1452817
      ],
      [
       22.0471414,
       40.1363621
      ],
      [
       22.0359946,
       40.127901
      ],
      [
       22.0242542,
       40.1199243
      ],
      [
       22.0119561,
       40.1124563
      ],
      [
       21.9991382,
       40.1055198
      ],
      [
       21.9858397,
       40.099136
      ],
      [
       21.9721013,
       40.0933245
      ],
      [
       21.9579651,
       40.0881028
      ],
      [
       21.9434742,
       40.083487
      ],
      [
       21.9286729,
       40.0794911
      ],
      [
       21.9136063,
       40.0761273
      ],
      [
       21.8983205,
       40.0734059
      ],
      [
       21.882862,
       40.0713351
      ],
      [
       21.867278,
       40.0699212
      ],
      [
       21.8516159,
       40.0691686
      ],
      [
       21.8359236,
       40.0690796
      ],
      [
       21.8202487,
       40.0696544
      ],
      [
       21.8046391,
       40.0708913
      ],
      [
       21.7891423,
       40.0727865
      ],
      [
       21.7738056,
       40.0753343
      ],
      [
       21.7586757,
       40.0785268
      ],
      [
       21.7437988,
       40.0823543
      ],
      [
       21.7292203,
       40.0868052
      ],
      [
       21.7149847,
       40.091866
      ],
      [
       21.7011355,
       40.097521
      ],
      [
       21.687715,
       40.1037532
      ],
      [
       21.6747643,
       40.1105435
      ],
      [
       21.6623232,
       40.1178712
      ],
      [
       21.6504296,
       40.1257138
      ],
      [
       21.6391202,
       40.1340475
      ],
      [
       21.6284298,
       40.1428468
      ],
      [
       21.6183912,
       40.1520848
      ],
      [
       21.6090354,
       40.1617332
      ],
      [
       21.6003913,
       40.1717626
      ],
      [
       21.5924858,
       40.1821422
      ],
      [
       21.5853433,
       40.1928402
      ],
      [
       21.5789861,
       40.203824
      ],
      [
       21.573434,
       40.2150598
      ],
      [
       21.5687045,
       40.2265132
      ],
      [
       21.5648126,
       40.238149
      ],
      [
       21.5617705,
       40.2499316
      ],
      [
       21.5595881,
       40.2618248
      ],
      [
       21.5582726,
       40.2737919
      ],
      [
       21.5578284,
       40.2857964
      ],
      [
       21.5582573,
       40.2978011
      ],
      [
       21.5595586,
       40.3097693
      ],
      [
       21.5617287,
       40.3216639
      ],
      [
       21.5647613,
       40.3334485
      ],
      [
       21.5686475,
       40.3450866
      ],
      [
       21.5733758,
       40.3565425
      ],
      [
       21.5789321,
       40.3677807
      ],
      [
       21.5852996,
       40.3787665
      ],
      [
       21.592459,
       40.3894661
      ],
      [
       21.6003886,
       40.3998463
      ],
      [
       21.6090642,
       40.4098752
      ],
      [
       21.6184593,
       40.4195216
      ],
      [
       21.6285452,
       40.4287557
      ],
      [
       21.6392909,
       40.437549
      ],
      [
       21.6506634,
       40.4458741
      ],
      [
       21.6626276,
       40.4537054
      ],
      [
       21.6751468,
       40.4610186
      ],
      [
       21.6881822,
       40.4677909
      ],
      [
       21.7016937,
       40.4740014
      ],
      [
       21.7156394,
       40.4796309
      ],
      [
       21.7299761,
       40.4846618
      ],
      [
       21.7446595,
       40.4890785
      ],
      [
       21.759644,
       40.4928673
      ],
      [
       21.7748832,
       40.4960166
      ],
      [
       21.7903298,
       40.4985164
      ],
      [
       21.8059358,
       40.500359
      ],
      [
       21.8216528,
       40.5015388
      ],
      [
       21.837432,
       40.5020519
      ],
      [
       21.8416667,
       40.502076
      ]
     ]
    ]
   }
  },
  {
   "type": "Feature",
   "properties": {
    "ll": {
     "value": 1000,
     "unit": 1,
     "referenceDatum": 1
    },
    "ul": {
     "value": 24500,
     "unit": 1,
     "referenceDatum": 1
    },
    "_id": "62614b32cb27f4250944a482",
    "name": "GLG: 119.1",
    "type": 0,
    "icao": 1,
    "bnd": [
     [
      37,
      22.5333333
     ],
     [
      38.1666667,
      25.0333333
     ]
    ]
   },
   "geometry": {
    "type": "Polygon",
    "coordinates": [
     [
      [
       22.7333333,
       38.1666667
      ],
      [
       24.75,
       38.1666667
      ],
      [
       24.8666667,
       38
      ],
      [
       25.0333333,
       37.6166667
      ],
      [
       25.0333333,
       37.2566667
      ],
      [
       24.0666667,
       37
      ],
      [
       22.5333333,
       37.2833333
      ],
      [
       22.5333333,
       37.5666667
      ],
      [
       22.7333333,
       38.1666667
      ]
     ]
    ]
   }
  },
  {
   "type": "Feature",
   "properties": {
    "ll": {
     "value": 0,
     "unit": 1,
     "referenceDatum": 0
    },
    "ul": {
     "value": 10000,
     "unit": 1,
     "referenceDatum": 1
    },
    "_id": "62614b32cb27f4250944a491",
    "name": "GLG: 122.35",
    "type": 4,
    "icao": 3,
    "bnd": [
     [
      39.4357971,
      19.6961461
     ],
     [
      39.7691685,
      20.1288567
     ]
    ]
   },
   "geometry": {
    "type": "Polygon",
    "coordinates": [
     [
      [
       20.1208333,
       39.6452778
      ],
      [
       20.1247143,
       39.6351744
      ],
      [
       20.1269545,
       39.6247794
      ],
      [
       20.128337,
       39.6142962
      ],
      [
       20.1288567,
       39.6037666
      ],
      [
       20.1285119,
       39.5932328
      ],
      [
       20.1273045,
       39.5827368
      ],
      [
       20.1252395,
       39.5723205
      ],
      [
       20.1223257,
       39.5620255
      ],
      [
       20.118575,
       39.5518929
      ],
      [
       20.1140028,
       39.541963
      ],
      [
       20.1086275,
       39.5322755
      ],
      [
       20.1024711,
       39.522869
      ],
      [
       20.0955582,
       39.5137809
      ],
      [
       20.0879168,
       39.5050473
      ],
      [
       20.0795774,
       39.4967031
      ],
      [
       20.0705735,
       39.4887814
      ],
      [
       20.0609412,
       39.4813138
      ],
      [
       20.0507189,
       39.4743299
      ],
      [
       20.0399473,
       39.4678574
      ],
      [
       20.0286696,
       39.4619222
      ],
      [
       20.0169305,
       39.4565477
      ],
      [
       20.0047767,
       39.4517553
      ],
      [
       19.9922567,
       39.447564
      ],
      [
       19.9794201,
       39.4439905
      ],
      [
       19.966318,
       39.441049
      ],
      [
       19.9530023,
       39.438751
      ],
      [
       19.939526,
       39.4371058
      ],
      [
       19.9259424,
       39.4361199
      ],
      [
       19.9123056,
       39.4357971
      ],
      [
       19.8986695,
       39.4361388
      ],
      [
       19.8850882,
       39.4371436
      ],
      [
       19.8716157,
       39.4388075
      ],
      [
       19.8583054,
       39.4411239
      ],
      [
       19.8452102,
       39.4440837
      ],
      [
       19.8323819,
       39.447675
      ],
      [
       19.8198716,
       39.4518836
      ],
      [
       19.807729,
       39.4566929
      ],
      [
       19.7960024,
       39.4620836
      ],
      [
       19.7847385,
       39.4680345
      ],
      [
       19.773982,
       39.4745219
      ],
      [
       19.763776,
       39.48152
      ],
      [
       19.754161,
       39.489001
      ],
      [
       19.7451756,
       39.4969352
      ],
      [
       19.7368557,
       39.505291
      ],
      [
       19.7292346,
       39.5140351
      ],
      [
       19.7223429,
       39.5231328
      ],
      [
       19.7162084,
       39.5325479
      ],
      [
       19.7108557,
       39.5422428
      ],
      [
       19.7063067,
       39.552179
      ],
      [
       19.7025796,
       39.5623168
      ],
      [
       19.6996898,
       39.5726158
      ],
      [
       19.6976492,
       39.583035
      ],
      [
       19.6964663,
       39.5935327
      ],
      [
       19.6961461,
       39.604067
      ],
      [
       19.6966905,
       39.6145958
      ],
      [
       19.6980975,
       39.6250771
      ],
      [
       19.700362,
       39.6354689
      ],
      [
       19.7034753,
       39.6457298
      ],
      [
       19.7074252,
       39.6558185
      ],
      [
       19.7121965,
       39.6656948
      ],
      [
       19.7177702,
       39.675319
      ],
      [
       19.7241244,
       39.6846527
      ],
      [
       19.7312339,
       39.6936583
      ],
      [
       19.7390705,
       39.7022998
      ],
      [
       19.747603,
       39.7105425
      ],
      [
       19.7567974,
       39.7183533
      ],
      [
       19.7666171,
       39.7257009
      ],
      [
       19.7770227,
       39.7325557
      ],
      [
       19.7879728,
       39.7388903
      ],
      [
       19.7994232,
       39.744679
      ],
      [
       19.8113283,
       39.7498988
      ],
      [
       19.8236402,
       39.7545286
      ],
      [
       19.8363095,
       39.7585497
      ],
      [
       19.8492852,
       39.7619461
      ],
      [
       19.8625153,
       39.764704
      ],
      [
       19.8759465,
       39.7668123
      ],
      [
       19.8895248,
       39.7682627
      ],
      [
       19.9031955,
       39.7690491
      ],
      [
       19.9169037,
       39.7691685
      ],
      [
       19.9305942,
       39.7686204
      ],
      [
       19.9442118,
       39.7674069
      ],
      [
       19.9577019,
       39.7655331
      ],
      [
       19.97101,
       39.7630063
      ],
      [
       19.9791667,
       39.7611111
      ],
      [
       19.9866667,
       39.7069444
      ],
      [
       20.0333333,
       39.6919444
      ],
      [
       20.1133333,
       39.6466667
      ],
      [
       20.1208333,
       39.6452778
      ]
     ]
    ]
   }
  },
  {
   "type": "Feature",
   "properties": {
    "ll": {
     "value": 1000,
     "unit": 1,
     "referenceDatum": 0
    },
    "ul": {
     "value": 14500,
     "unit": 1,
     "referenceDatum": 1
    },
    "_id": "62614b33cb27f4250944a49c",
    "name": "GLG: 125.9",
    "type": 4,
    "icao": 3,
    "bnd": [
     [
      38.9155556,
      23.2825
     ],
     [
      39.4155556,
      24.0325
     ]
    ]
   },
   "geometry": {
    "type": "Polygon",
    "coordinates": [
     [
      [
       23.3325,
       39.4155556
      ],
      [
       24.0325,
       39.4155556
      ],
      [
       23.9991667,
       38.9655556
      ],
      [
       23.2825,
       38.9155556
      ],
      [
       23.4325,
       39.1822222
      ],
      [
       23.3325,
       39.4155556
      ]
     ]
    ]
   }
  },
  {
   "type": "Feature",
   "properties": {
    "ll": {
     "value": 0,
     "unit": 1,
     "referenceDatum": 0
    },
    "ul": {
     "value": 8500,
     "unit": 1,
     "referenceDatum": 1
    },
    "_id": "62614b33cb27f4250944a4aa",
    "name": "GLG: 134.075",
    "type": 4,
    "icao": 3,
    "bnd": [
     [
      36.7962383,
      24.8158333
     ],
     [
      37.2988889,
      25.3990395
     ]
    ]
   },
   "geometry": {
    "type": "Polygon",
    "coordinates": [
     [
      [
       24.8991667,
       36.8988889
      ],
      [
       24.8158333,
       36.9988889
      ],
      [
       24.8158333,
       37.2988889
      ],
      [
       25.1825,
       37.2238889
      ],
      [
       25.1971715,
       37.2211729
      ],
      [
       25.2116298,
       37.2178108
      ],
      [
       25.2258299,
       37.213813
      ],
      [
       25.2397279,
       37.209192
      ],
      [
       25.2532805,
       37.2039622
      ],
      [
       25.2664456,
       37.1981397
      ],
      [
       25.2791826,
       37.1917427
      ],
      [
       25.2914519,
       37.1847911
      ],
      [
       25.3032156,
       37.1773064
      ],
      [
       25.3144373,
       37.1693119
      ],
      [
       25.3250823,
       37.1608323
      ],
      [
       25.3351179,
       37.1518941
      ],
      [
       25.344513,
       37.1425249
      ],
      [
       25.3532389,
       37.1327537
      ],
      [
       25.3612688,
       37.1226109
      ],
      [
       25.3685781,
       37.1121279
      ],
      [
       25.3751443,
       37.1013371
      ],
      [
       25.3809476,
       37.090272
      ],
      [
       25.3859703,
       37.0789667
      ],
      [
       25.3901973,
       37.0674563
      ],
      [
       25.3936158,
       37.0557763
      ],
      [
       25.3962156,
       37.0439628
      ],
      [
       25.3979891,
       37.0320523
      ],
      [
       25.3989313,
       37.0200816
      ],
      [
       25.3990395,
       37.0080875
      ],
      [
       25.3983139,
       36.9961072
      ],
      [
       25.3967571,
       36.9841775
      ],
      [
       25.3943742,
       36.9723352
      ],
      [
       25.3911731,
       36.9606167
      ],
      [
       25.3871639,
       36.9490582
      ],
      [
       25.3823593,
       36.9376952
      ],
      [
       25.3767745,
       36.9265626
      ],
      [
       25.3704269,
       36.9156947
      ],
      [
       25.3633364,
       36.9051248
      ],
      [
       25.3555251,
       36.8948854
      ],
      [
       25.3470172,
       36.8850081
      ],
      [
       25.3378392,
       36.875523
      ],
      [
       25.3280194,
       36.8664592
      ],
      [
       25.3175881,
       36.8578447
      ],
      [
       25.3065775,
       36.8497058
      ],
      [
       25.2950216,
       36.8420673
      ],
      [
       25.2829559,
       36.8349528
      ],
      [
       25.2704176,
       36.8283841
      ],
      [
       25.2574451,
       36.8223812
      ],
      [
       25.2440782,
       36.8169625
      ],
      [
       25.2303579,
       36.8121446
      ],
      [
       25.2163263,
       36.8079422
      ],
      [
       25.2020263,
       36.8043683
      ],
      [
       25.1875018,
       36.8014337
      ],
      [
       25.1727972,
       36.7991474
      ],
      [
       25.1579574,
       36.7975164
      ],
      [
       25.1430279,
       36.7965457
      ],
      [
       25.1280543,
       36.7962383
      ],
      [
       25.1130824,
       36.7965951
      ],
      [
       25.098158,
       36.797615
      ],
      [
       25.0833268,
       36.7992949
      ],
      [
       25.068634,
       36.8016296
      ],
      [
       25.0541246,
       36.8046121
      ],
      [
       25.0398431,
       36.8082331
      ],
      [
       25.0258332,
       36.8124817
      ],
      [
       25.0121378,
       36.8173448
      ],
      [
       24.9987988,
       36.8228075
      ],
      [
       24.9858572,
       36.8288531
      ],
      [
       24.9733527,
       36.8354632
      ],
      [
       24.9613236,
       36.8426174
      ],
      [
       24.9498071,
       36.8502938
      ],
      [
       24.9388384,
       36.858469
      ],
      [
       24.9284515,
       36.8671179
      ],
      [
       24.9186783,
       36.8762139
      ],
      [
       24.9095492,
       36.8857292
      ],
      [
       24.9010922,
       36.8956345
      ],
      [
       24.8991667,
       36.8988889
      ]
     ]
    ]
   }
  },
  {
   "type": "Feature",
   "properties": {
    "ll": {
     "value": 0,
     "unit": 1,
     "referenceDatum": 0
    },
    "ul": {
     "value": 3000,
     "unit": 1,
     "referenceDatum": 1
    },
    "_id": "62614b33cb27f4250944a4b6",
    "name": "GLG: 136.275",
    "type": 4,
    "icao": 3,
    "bnd": [
     [
      37.6666667,
      23.6333333
     ],
     [
      38.1666667,
      24.3
     ]
    ]
   },
   "geometry": {
    "type": "Polygon",
    "coordinates": [
     [
      [
       23.6333333,
       37.75
      ],
      [
       24.0333333,
       38.1666667
      ],
      [
       24.3,
       38.1666667
      ],
      [
       23.8166667,
       37.6666667
      ],
      [
       23.6333333,
       37.75
      ]
     ]
    ]
   }
  },
  {
   "type": "Feature",
   "properties": {
    "ll": {
     "value": 1000,
     "unit": 1,
     "referenceDatum": 0
    },
    "ul": {
     "value": 24500,
     "unit": 1,
     "referenceDatum": 1
    },
    "_id": "62614b33cb27f4250944a4c5",
    "name": "GLM: 128.5",
    "type": 4,
    "icao": 3,
    "bnd": [
     [
      39.5,
      24.5833333
     ],
     [
      40.3166667,
      25.475
     ]
    ]
   },
   "geometry": {
    "type": "Polygon",
    "coordinates": [
     [
      [
       24.9,
       40.3166667
      ],
      [
       25.05,
       40.3166667
      ],
      [
       25.475,
       40.1333333
      ],
      [
       25.475,
       39.75
      ],
      [
       24.9,
       39.5
      ],
      [
       24.5833333,
       39.7
      ],
      [
       24.5833333,
       39.8166667
      ],
      [
       24.9,
       40.3166667
      ]
     ]
    ]
   }
  },
  {
   "type": "Feature",
   "properties": {
    "ll": {
     "value": 0,
     "unit": 1,
     "referenceDatum": 0
    },
    "ul": {
     "value": 3000,
     "unit": 1,
     "referenceDatum": 1
    },
    "_id": "62614b33cb27f4250944a4d2",
    "name": "GLM: 128.5",
    "type": 4,
    "icao": 3,
    "bnd": [
     [
      39.7504263,
      25.0190438
     ],
     [
      40.0834986,
      25.4532505
     ]
    ]
   },
   "geometry": {
    "type": "Polygon",
    "coordinates": [
     [
      [
       25.2361111,
       40.0834986
      ],
      [
       25.2498702,
       40.0831648
      ],
      [
       25.2635738,
       40.0821646
      ],
      [
       25.2771669,
       40.0805021
      ],
      [
       25.2905945,
       40.0781841
      ],
      [
       25.3038027,
       40.0752197
      ],
      [
       25.3167384,
       40.0716211
      ],
      [
       25.3293494,
       40.0674025
      ],
      [
       25.3415851,
       40.0625812
      ],
      [
       25.3533963,
       40.0571764
      ],
      [
       25.3647356,
       40.0512099
      ],
      [
       25.3755575,
       40.0447056
      ],
      [
       25.3858186,
       40.0376899
      ],
      [
       25.3954779,
       40.0301908
      ],
      [
       25.4044967,
       40.0222386
      ],
      [
       25.412839,
       40.0138651
      ],
      [
       25.4204716,
       40.005104
      ],
      [
       25.427364,
       39.9959905
      ],
      [
       25.433489,
       39.9865612
      ],
      [
       25.4388223,
       39.9768538
      ],
      [
       25.4433428,
       39.9669074
      ],
      [
       25.4470328,
       39.9567618
      ],
      [
       25.4498779,
       39.9464576
      ],
      [
       25.451867,
       39.9360361
      ],
      [
       25.4529926,
       39.925539
      ],
      [
       25.4532505,
       39.9150084
      ],
      [
       25.4526402,
       39.9044863
      ],
      [
       25.4511645,
       39.8940149
      ],
      [
       25.4488297,
       39.8836359
      ],
      [
       25.4456454,
       39.8733908
      ],
      [
       25.4416249,
       39.8633205
      ],
      [
       25.4367844,
       39.8534652
      ],
      [
       25.4311436,
       39.8438643
      ],
      [
       25.4247254,
       39.8345559
      ],
      [
       25.4175557,
       39.8255772
      ],
      [
       25.4096633,
       39.8169639
      ],
      [
       25.4010798,
       39.8087504
      ],
      [
       25.3918398,
       39.8009693
      ],
      [
       25.3819801,
       39.7936517
      ],
      [
       25.3715403,
       39.7868266
      ],
      [
       25.3605619,
       39.7805211
      ],
      [
       25.3490888,
       39.7747604
      ],
      [
       25.3371668,
       39.7695673
      ],
      [
       25.3248431,
       39.7649625
      ],
      [
       25.312167,
       39.7609643
      ],
      [
       25.2991889,
       39.7575885
      ],
      [
       25.2859602,
       39.7548486
      ],
      [
       25.2725335,
       39.7527554
      ],
      [
       25.2589623,
       39.7513172
      ],
      [
       25.2453003,
       39.7505398
      ],
      [
       25.2316019,
       39.7504263
      ],
      [
       25.2179213,
       39.750977
      ],
      [
       25.204313,
       39.7521899
      ],
      [
       25.1908309,
       39.75406
      ],
      [
       25.1775286,
       39.75658
      ],
      [
       25.164459,
       39.7597399
      ],
      [
       25.1516739,
       39.7635271
      ],
      [
       25.1392242,
       39.7679266
      ],
      [
       25.1271595,
       39.7729208
      ],
      [
       25.1155278,
       39.77849
      ],
      [
       25.1043753,
       39.784612
      ],
      [
       25.0937466,
       39.7912625
      ],
      [
       25.0836842,
       39.798415
      ],
      [
       25.0742281,
       39.806041
      ],
      [
       25.0654162,
       39.8141103
      ],
      [
       25.057284,
       39.8225908
      ],
      [
       25.0498638,
       39.8314485
      ],
      [
       25.0431858,
       39.8406484
      ],
      [
       25.0372766,
       39.8501536
      ],
      [
       25.0321603,
       39.8599264
      ],
      [
       25.0278575,
       39.8699277
      ],
      [
       25.0243858,
       39.8801176
      ],
      [
       25.0217594,
       39.8904554
      ],
      [
       25.0199892,
       39.9009
      ],
      [
       25.0190827,
       39.9114095
      ],
      [
       25.0190438,
       39.9219419
      ],
      [
       25.0198732,
       39.9324552
      ],
      [
       25.0215679,
       39.9429072
      ],
      [
       25.0241215,
       39.9532561
      ],
      [
       25.0275242,
       39.9634606
      ],
      [
       25.0317627,
       39.9734796
      ],
      [
       25.0368204,
       39.9832731
      ],
      [
       25.0426774,
       39.9928017
      ],
      [
       25.0493105,
       40.0020274
      ],
      [
       25.0566934,
       40.0109129
      ],
      [
       25.0647968,
       40.0194227
      ],
      [
       25.0735883,
       40.0275226
      ],
      [
       25.0830329,
       40.03518
      ],
      [
       25.0930928,
       40.0423642
      ],
      [
       25.1037279,
       40.0490463
      ],
      [
       25.1148954,
       40.0551994
      ],
      [
       25.1265505,
       40.0607987
      ],
      [
       25.1386466,
       40.0658218
      ],
      [
       25.151135,
       40.0702483
      ],
      [
       25.1639655,
       40.0740606
      ],
      [
       25.1770865,
       40.0772432
      ],
      [
       25.1904452,
       40.0797833
      ],
      [
       25.2039879,
       40.0816707
      ],
      [
       25.2176599,
       40.0828978
      ],
      [
       25.2314063,
       40.0834596
      ],
      [
       25.2361111,
       40.0834986
      ]
     ]
    ]
   }
  },
  {
   "type": "Feature",
   "properties": {
    "ll": {
     "value": 0,
     "unit": 1,
     "referenceDatum": 0
    },
    "ul": {
     "value": 5000,
     "unit": 1,
     "referenceDatum": 1
    },
    "_id": "62614b33cb27f4250944a4dd",
    "name": "GLR: 122.1",
    "type": 4,
    "icao": 3,
    "bnd": [
     [
      39.4809818,
      22.2315589
     ],
     [
      39.8140542,
      22.6640687
     ]
    ]
   },
   "geometry": {
    "type": "Polygon",
    "coordinates": [
     [
      [
       22.4477778,
       39.8140542
      ],
      [
       22.4614828,
       39.8137203
      ],
      [
       22.4751325,
       39.8127202
      ],
      [
       22.4886721,
       39.8110578
      ],
      [
       22.502047,
       39.8087397
      ],
      [
       22.5152034,
       39.8057755
      ],
      [
       22.5280882,
       39.8021769
      ],
      [
       22.5406498,
       39.7979585
      ],
      [
       22.5528375,
       39.7931372
      ],
      [
       22.5646024,
       39.7877325
      ],
      [
       22.5758972,
       39.7817661
      ],
      [
       22.5866768,
       39.775262
      ],
      [
       22.5968977,
       39.7682464
      ],
      [
       22.6065193,
       39.7607474
      ],
      [
       22.6155028,
       39.7527953
      ],
      [
       22.6238126,
       39.7444219
      ],
      [
       22.6314155,
       39.735661
      ],
      [
       22.6382812,
       39.7265476
      ],
      [
       22.6443824,
       39.7171183
      ],
      [
       22.6496951,
       39.7074111
      ],
      [
       22.6541982,
       39.6974647
      ],
      [
       22.657874,
       39.6873191
      ],
      [
       22.6607083,
       39.677015
      ],
      [
       22.6626899,
       39.6665935
      ],
      [
       22.6638114,
       39.6560965
      ],
      [
       22.6640687,
       39.6455659
      ],
      [
       22.6634611,
       39.6350438
      ],
      [
       22.6619914,
       39.6245723
      ],
      [
       22.659666,
       39.6141933
      ],
      [
       22.6564945,
       39.6039481
      ],
      [
       22.6524899,
       39.5938778
      ],
      [
       22.6476686,
       39.5840224
      ],
      [
       22.6420501,
       39.5744214
      ],
      [
       22.6356572,
       39.5651129
      ],
      [
       22.6285156,
       39.5561341
      ],
      [
       22.6206541,
       39.5475207
      ],
      [
       22.6121042,
       39.5393071
      ],
      [
       22.6029003,
       39.5315259
      ],
      [
       22.5930792,
       39.5242081
      ],
      [
       22.5826801,
       39.5173829
      ],
      [
       22.5717446,
       39.5110773
      ],
      [
       22.5603162,
       39.5053165
      ],
      [
       22.5484405,
       39.5001233
      ],
      [
       22.5361649,
       39.4955184
      ],
      [
       22.5235381,
       39.4915201
      ],
      [
       22.5106104,
       39.4881442
      ],
      [
       22.4974331,
       39.4854042
      ],
      [
       22.4840587,
       39.483311
      ],
      [
       22.4705402,
       39.4818728
      ],
      [
       22.4569313,
       39.4810954
      ],
      [
       22.4432861,
       39.4809818
      ],
      [
       22.4296587,
       39.4815326
      ],
      [
       22.4161032,
       39.4827455
      ],
      [
       22.4026735,
       39.4846157
      ],
      [
       22.3894229,
       39.4871357
      ],
      [
       22.3764041,
       39.4902957
      ],
      [
       22.3636688,
       39.4940829
      ],
      [
       22.3512676,
       39.4984825
      ],
      [
       22.3392498,
       39.5034768
      ],
      [
       22.3276634,
       39.5090461
      ],
      [
       22.3165544,
       39.5151682
      ],
      [
       22.3059672,
       39.5218188
      ],
      [
       22.295944,
       39.5289715
      ],
      [
       22.2865249,
       39.5365977
      ],
      [
       22.2777476,
       39.5446671
      ],
      [
       22.2696471,
       39.5531476
      ],
      [
       22.2622562,
       39.5620055
      ],
      [
       22.2556043,
       39.5712055
      ],
      [
       22.2497185,
       39.5807108
      ],
      [
       22.2446224,
       39.5904836
      ],
      [
       22.2403366,
       39.600485
      ],
      [
       22.2368788,
       39.610675
      ],
      [
       22.234263,
       39.6210129
      ],
      [
       22.2325,
       39.6314575
      ],
      [
       22.2315973,
       39.641967
      ],
      [
       22.2315589,
       39.6524994
      ],
      [
       22.2323854,
       39.6630127
      ],
      [
       22.2340737,
       39.6734646
      ],
      [
       22.2366177,
       39.6838135
      ],
      [
       22.2400073,
       39.6940179
      ],
      [
       22.2442296,
       39.7040369
      ],
      [
       22.2492677,
       39.7138303
      ],
      [
       22.2551021,
       39.7233588
      ],
      [
       22.2617094,
       39.7325843
      ],
      [
       22.2690636,
       39.7414698
      ],
      [
       22.2771354,
       39.7499795
      ],
      [
       22.2858926,
       39.7580792
      ],
      [
       22.2953003,
       39.7657365
      ],
      [
       22.3053209,
       39.7729206
      ],
      [
       22.3159143,
       39.7796026
      ],
      [
       22.3270381,
       39.7857555
      ],
      [
       22.3386475,
       39.7913548
      ],
      [
       22.3506962,
       39.7963777
      ],
      [
       22.3631356,
       39.8008042
      ],
      [
       22.3759157,
       39.8046163
      ],
      [
       22.3889852,
       39.8077989
      ],
      [
       22.4022914,
       39.8103389
      ],
      [
       22.4157808,
       39.8122263
      ],
      [
       22.4293991,
       39.8134533
      ],
      [
       22.4430914,
       39.8140152
      ],
      [
       22.4477778,
       39.8140542
      ]
     ]
    ]
   }
  },
  {
   "type": "Feature",
   "properties": {
    "ll": {
     "value": 1000,
     "unit": 1,
     "referenceDatum": 0
    },
    "ul": {
     "value": 24500,
     "unit": 1,
     "referenceDatum": 1
    },
    "_id": "62614b33cb27f4250944a4e9",
    "name": "GLR: 122.1",
    "type": 4,
    "icao": 3,
    "bnd": [
     [
      39.6822222,
      21.1158333
     ],
     [
      40.5322222,
      22.6658333
     ]
    ]
   },
   "geometry": {
    "type": "Polygon",
    "coordinates": [
     [
      [
       21.1158333,
       39.6822222
      ],
      [
       21.6658333,
       40.4988889
      ],
      [
       22.1991667,
       40.5322222
      ],
      [
       22.4158333,
       40.4655556
      ],
      [
       22.5491667,
       40.1822222
      ],
      [
       22.6658333,
       40.1322222
      ],
      [
       21.1158333,
       39.6822222
      ]
     ]
    ]
   }
  },
  {
   "type": "Feature",
   "properties": {
    "ll": {
     "value": 1000,
     "unit": 1,
     "referenceDatum": 0
    },
    "ul": {
     "value": 8500,
     "unit": 1,
     "referenceDatum": 1
    },
    "_id": "62614b33cb27f4250944a4f8",
    "name": "GMK: 118.75",
    "type": 4,
    "icao": 3,
    "bnd": [
     [
      37.1908543,
      25.029962
     ],
     [
      37.5691667,
      25.6583644
     ]
    ]
   },
   "geometry": {
    "type": "Polygon",
    "coordinates": [
     [
      [
       25.075,
       37.5691667
      ],
      [
       25.6161111,
       37.5655556
      ],
      [
       25.6238899,
       37.5542351
      ],
      [
       25.6309184,
       37.5426109
      ],
      [
       25.6371781,
       37.5307139
      ],
      [
       25.6426527,
       37.5185762
      ],
      [
       25.6473278,
       37.5062302
      ],
      [
       25.6511913,
       37.493709
      ],
      [
       25.6542333,
       37.4810461
      ],
      [
       25.6564462,
       37.4682753
      ],
      [
       25.6578243,
       37.4554309
      ],
      [
       25.6583644,
       37.4425471
      ],
      [
       25.6580656,
       37.4296584
      ],
      [
       25.656929,
       37.4167991
      ],
      [
       25.6549582,
       37.4040036
      ],
      [
       25.6521587,
       37.3913059
      ],
      [
       25.6485386,
       37.37874
      ],
      [
       25.6441078,
       37.3663393
      ],
      [
       25.6388785,
       37.3541369
      ],
      [
       25.632865,
       37.3421651
      ],
      [
       25.6260838,
       37.3304559
      ],
      [
       25.6185531,
       37.3190404
      ],
      [
       25.6102934,
       37.3079489
      ],
      [
       25.6013269,
       37.2972109
      ],
      [
       25.5916777,
       37.2868549
      ],
      [
       25.5813716,
       37.2769083
      ],
      [
       25.5704364,
       37.2673977
      ],
      [
       25.5589012,
       37.2583481
      ],
      [
       25.5467967,
       37.2497837
      ],
      [
       25.5341554,
       37.241727
      ],
      [
       25.5210108,
       37.2341994
      ],
      [
       25.5073979,
       37.227221
      ],
      [
       25.4933528,
       37.2208101
      ],
      [
       25.4789129,
       37.2149837
      ],
      [
       25.4641165,
       37.2097572
      ],
      [
       25.4490027,
       37.2051445
      ],
      [
       25.4336116,
       37.2011578
      ],
      [
       25.4179839,
       37.1978076
      ],
      [
       25.4021611,
       37.1951028
      ],
      [
       25.3861849,
       37.1930505
      ],
      [
       25.3700976,
       37.1916562
      ],
      [
       25.3539418,
       37.1909235
      ],
      [
       25.3377601,
       37.1908543
      ],
      [
       25.3215954,
       37.191449
      ],
      [
       25.3054903,
       37.1927058
      ],
      [
       25.2894875,
       37.1946215
      ],
      [
       25.2736293,
       37.197191
      ],
      [
       25.2579576,
       37.2004075
      ],
      [
       25.2425138,
       37.2042625
      ],
      [
       25.227339,
       37.2087458
      ],
      [
       25.2124732,
       37.2138455
      ],
      [
       25.1979558,
       37.2195482
      ],
      [
       25.1838255,
       37.2258388
      ],
      [
       25.1701195,
       37.2327005
      ],
      [
       25.1568745,
       37.2401153
      ],
      [
       25.1441256,
       37.2480635
      ],
      [
       25.1319066,
       37.2565241
      ],
      [
       25.1202503,
       37.2654746
      ],
      [
       25.1091877,
       37.2748913
      ],
      [
       25.0987483,
       37.2847492
      ],
      [
       25.0889601,
       37.2950222
      ],
      [
       25.0798494,
       37.305683
      ],
      [
       25.0714406,
       37.3167033
      ],
      [
       25.0637564,
       37.3280538
      ],
      [
       25.0568176,
       37.3397044
      ],
      [
       25.0506428,
       37.3516241
      ],
      [
       25.045249,
       37.3637812
      ],
      [
       25.0406509,
       37.3761433
      ],
      [
       25.036861,
       37.3886775
      ],
      [
       25.03389,
       37.4013505
      ],
      [
       25.0317461,
       37.4141285
      ],
      [
       25.0304354,
       37.4269773
      ],
      [
       25.029962,
       37.4398627
      ],
      [
       25.0303275,
       37.4527504
      ],
      [
       25.0315313,
       37.4656059
      ],
      [
       25.0335707,
       37.4783948
      ],
      [
       25.0364406,
       37.4910829
      ],
      [
       25.0401338,
       37.5036364
      ],
      [
       25.0446409,
       37.5160216
      ],
      [
       25.0499501,
       37.5282054
      ],
      [
       25.0560476,
       37.5401552
      ],
      [
       25.0629175,
       37.5518388
      ],
      [
       25.0705417,
       37.563225
      ],
      [
       25.075,
       37.5691667
      ]
     ]
    ]
   }
  },
  {
   "type": "Feature",
   "properties": {
    "ll": {
     "value": 0,
     "unit": 1,
     "referenceDatum": 0
    },
    "ul": {
     "value": 4000,
     "unit": 1,
     "referenceDatum": 1
    },
    "_id": "62614b33cb27f4250944a504",
    "name": "GMM: 128.75",
    "type": 4,
    "icao": 3,
    "bnd": [
     [
      37.3070949,
      25.1763983
     ],
     [
      37.5735211,
      25.5119673
     ]
    ]
   },
   "geometry": {
    "type": "Polygon",
    "coordinates": [
     [
      [
       25.3441667,
       37.5735211
      ],
      [
       25.3560449,
       37.5731875
      ],
      [
       25.3678634,
       37.5721884
      ],
      [
       25.3795628,
       37.5705288
      ],
      [
       25.3910844,
       37.568217
      ],
      [
       25.4023702,
       37.5652647
      ],
      [
       25.4133637,
       37.5616866
      ],
      [
       25.4240096,
       37.5575009
      ],
      [
       25.4342545,
       37.5527284
      ],
      [
       25.4440471,
       37.5473931
      ],
      [
       25.4533383,
       37.5415219
      ],
      [
       25.4620816,
       37.5351442
      ],
      [
       25.4702333,
       37.528292
      ],
      [
       25.4777526,
       37.5209997
      ],
      [
       25.484602,
       37.5133039
      ],
      [
       25.4907474,
       37.5052431
      ],
      [
       25.4961582,
       37.4968577
      ],
      [
       25.5008076,
       37.4881898
      ],
      [
       25.5046725,
       37.4792828
      ],
      [
       25.5077339,
       37.4701813
      ],
      [
       25.5099768,
       37.4609307
      ],
      [
       25.5113902,
       37.4515776
      ],
      [
       25.5119673,
       37.4421685
      ],
      [
       25.5117057,
       37.4327505
      ],
      [
       25.5106068,
       37.4233708
      ],
      [
       25.5086766,
       37.4140761
      ],
      [
       25.505925,
       37.4049129
      ],
      [
       25.502366,
       37.395927
      ],
      [
       25.4980177,
       37.3871631
      ],
      [
       25.4929019,
       37.378665
      ],
      [
       25.4870446,
       37.3704751
      ],
      [
       25.4804751,
       37.3626342
      ],
      [
       25.4732263,
       37.3551814
      ],
      [
       25.4653347,
       37.3481538
      ],
      [
       25.4568396,
       37.3415864
      ],
      [
       25.4477836,
       37.335512
      ],
      [
       25.4382118,
       37.3299607
      ],
      [
       25.428172,
       37.3249602
      ],
      [
       25.4177143,
       37.3205353
      ],
      [
       25.4068906,
       37.3167082
      ],
      [
       25.395755,
       37.3134977
      ],
      [
       25.3843628,
       37.31092
      ],
      [
       25.3727708,
       37.3089877
      ],
      [
       25.3610365,
       37.3077106
      ],
      [
       25.3492184,
       37.3070949
      ],
      [
       25.3373751,
       37.3071438
      ],
      [
       25.3255656,
       37.307857
      ],
      [
       25.3138486,
       37.3092308
      ],
      [
       25.3022823,
       37.3112586
      ],
      [
       25.2909243,
       37.3139303
      ],
      [
       25.2798311,
       37.3172324
      ],
      [
       25.2690579,
       37.3211487
      ],
      [
       25.2586583,
       37.3256596
      ],
      [
       25.2486842,
       37.3307427
      ],
      [
       25.2391853,
       37.3363726
      ],
      [
       25.230209,
       37.3425215
      ],
      [
       25.2218,
       37.3491586
      ],
      [
       25.2140005,
       37.356251
      ],
      [
       25.2068493,
       37.3637632
      ],
      [
       25.2003825,
       37.3716579
      ],
      [
       25.1946324,
       37.3798956
      ],
      [
       25.1896279,
       37.3884355
      ],
      [
       25.1853943,
       37.3972348
      ],
      [
       25.1819529,
       37.4062496
      ],
      [
       25.1793212,
       37.415435
      ],
      [
       25.1775127,
       37.4247451
      ],
      [
       25.1765366,
       37.4341334
      ],
      [
       25.1763983,
       37.443553
      ],
      [
       25.1770986,
       37.4529568
      ],
      [
       25.1786344,
       37.4622978
      ],
      [
       25.1809983,
       37.4715293
      ],
      [
       25.1841789,
       37.4806051
      ],
      [
       25.1881604,
       37.4894798
      ],
      [
       25.1929232,
       37.4981088
      ],
      [
       25.1984438,
       37.5064491
      ],
      [
       25.2046947,
       37.5144588
      ],
      [
       25.2116448,
       37.5220977
      ],
      [
       25.2192594,
       37.5293275
      ],
      [
       25.2275007,
       37.5361121
      ],
      [
       25.2363273,
       37.5424173
      ],
      [
       25.2456952,
       37.5482115
      ],
      [
       25.2555574,
       37.5534657
      ],
      [
       25.2658645,
       37.5581534
      ],
      [
       25.2765649,
       37.5622511
      ],
      [
       25.2876048,
       37.5657382
      ],
      [
       25.2989289,
       37.5685972
      ],
      [
       25.3104803,
       37.5708138
      ],
      [
       25.3222009,
       37.5723768
      ],
      [
       25.3340319,
       37.5732783
      ],
      [
       25.3441667,
       37.5735211
      ]
     ]
    ]
   }
  },
  {
   "type": "Feature",
   "properties": {
    "ll": {
     "value": 1000,
     "unit": 1,
     "referenceDatum": 0
    },
    "ul": {
     "value": 14500,
     "unit": 1,
     "referenceDatum": 1
    },
    "_id": "62614b33cb27f4250944a512",
    "name": "GMT: 123.85",
    "type": 4,
    "icao": 3,
    "bnd": [
     [
      38.8480748,
      25.9292521
     ],
     [
      39.4155556,
      26.6319444
     ]
    ]
   },
   "geometry": {
    "type": "Polygon",
    "coordinates": [
     [
      [
       25.9530556,
       39.3458333
      ],
      [
       26.4325,
       39.4155556
      ],
      [
       26.6319444,
       38.8836111
      ],
      [
       26.6131376,
       38.8772046
      ],
      [
       26.5940073,
       38.8714106
      ],
      [
       26.5745865,
       38.8662392
      ],
      [
       26.5549082,
       38.8616991
      ],
      [
       26.5350064,
       38.8577981
      ],
      [
       26.5149149,
       38.854543
      ],
      [
       26.4946683,
       38.8519391
      ],
      [
       26.4743012,
       38.8499912
      ],
      [
       26.4538483,
       38.8487023
      ],
      [
       26.4333447,
       38.8480748
      ],
      [
       26.4128254,
       38.8481098
      ],
      [
       26.3923255,
       38.848807
      ],
      [
       26.3718801,
       38.8501655
      ],
      [
       26.351524,
       38.8521828
      ],
      [
       26.3312921,
       38.8548555
      ],
      [
       26.3112191,
       38.8581791
      ],
      [
       26.2913392,
       38.8621478
      ],
      [
       26.2716865,
       38.8667548
      ],
      [
       26.2522947,
       38.8719923
      ],
      [
       26.233197,
       38.8778513
      ],
      [
       26.2144261,
       38.8843219
      ],
      [
       26.1960144,
       38.8913928
      ],
      [
       26.1779934,
       38.899052
      ],
      [
       26.1603941,
       38.9072864
      ],
      [
       26.1432469,
       38.9160818
      ],
      [
       26.1265813,
       38.9254233
      ],
      [
       26.1104261,
       38.9352947
      ],
      [
       26.0948091,
       38.9456792
      ],
      [
       26.0797575,
       38.9565589
      ],
      [
       26.0652974,
       38.9679151
      ],
      [
       26.0514539,
       38.9797284
      ],
      [
       26.038251,
       38.9919783
      ],
      [
       26.0257119,
       39.004644
      ],
      [
       26.0138584,
       39.0177035
      ],
      [
       26.0027114,
       39.0311344
      ],
      [
       25.9922904,
       39.0449136
      ],
      [
       25.9826139,
       39.0590173
      ],
      [
       25.9736989,
       39.0734212
      ],
      [
       25.9655614,
       39.0881004
      ],
      [
       25.9582158,
       39.1030297
      ],
      [
       25.9516753,
       39.1181832
      ],
      [
       25.9459519,
       39.1335347
      ],
      [
       25.9410558,
       39.1490577
      ],
      [
       25.9369962,
       39.1647252
      ],
      [
       25.9337806,
       39.1805103
      ],
      [
       25.9314152,
       39.1963855
      ],
      [
       25.9299046,
       39.2123233
      ],
      [
       25.9292521,
       39.228296
      ],
      [
       25.9294593,
       39.2442759
      ],
      [
       25.9305266,
       39.2602352
      ],
      [
       25.9324526,
       39.2761462
      ],
      [
       25.9352345,
       39.2919811
      ],
      [
       25.9388682,
       39.3077125
      ],
      [
       25.9433477,
       39.3233129
      ],
      [
       25.948666,
       39.3387551
      ],
      [
       25.9530556,
       39.3458333
      ]
     ]
    ]
   }
  },
  {
   "type": "Feature",
   "properties": {
    "ll": {
     "value": 14500,
     "unit": 1,
     "referenceDatum": 1
    },
    "ul": {
     "value": 24500,
     "unit": 1,
     "referenceDatum": 1
    },
    "_id": "62614b34cb27f4250944a51e",
    "name": "GMT: 125.9",
    "type": 4,
    "icao": 3,
    "bnd": [
     [
      38.8480748,
      25.9292521
     ],
     [
      39.4155556,
      26.6319444
     ]
    ]
   },
   "geometry": {
    "type": "Polygon",
    "coordinates": [
     [
      [
       25.9530556,
       39.3458333
      ],
      [
       26.4325,
       39.4155556
      ],
      [
       26.6319444,
       38.8836111
      ],
      [
       26.6131376,
       38.8772046
      ],
      [
       26.5940073,
       38.8714106
      ],
      [
       26.5745865,
       38.8662392
      ],
      [
       26.5549082,
       38.8616991
      ],
      [
       26.5350064,
       38.8577981
      ],
      [
       26.5149149,
       38.854543
      ],
      [
       26.4946683,
       38.8519391
      ],
      [
       26.4743012,
       38.8499912
      ],
      [
       26.4538483,
       38.8487023
      ],
      [
       26.4333447,
       38.8480748
      ],
      [
       26.4128254,
       38.8481098
      ],
      [
       26.3923255,
       38.848807
      ],
      [
       26.3718801,
       38.8501655
      ],
      [
       26.351524,
       38.8521828
      ],
      [
       26.3312921,
       38.8548555
      ],
      [
       26.3112191,
       38.8581791
      ],
      [
       26.2913392,
       38.8621478
      ],
      [
       26.2716865,
       38.8667548
      ],
      [
       26.2522947,
       38.8719923
      ],
      [
       26.233197,
       38.8778513
      ],
      [
       26.2144261,
       38.8843219
      ],
      [
       26.1960144,
       38.8913928
      ],
      [
       26.1779934,
       38.899052
      ],
      [
       26.1603941,
       38.9072864
      ],
      [
       26.1432469,
       38.9160818
      ],
      [
       26.1265813,
       38.9254233
      ],
      [
       26.1104261,
       38.9352947
      ],
      [
       26.0948091,
       38.9456792
      ],
      [
       26.0797575,
       38.9565589
      ],
      [
       26.0652974,
       38.9679151
      ],
      [
       26.0514539,
       38.9797284
      ],
      [
       26.038251,
       38.9919783
      ],
      [
       26.0257119,
       39.004644
      ],
      [
       26.0138584,
       39.0177035
      ],
      [
       26.0027114,
       39.0311344
      ],
      [
       25.9922904,
       39.0449136
      ],
      [
       25.9826139,
       39.0590173
      ],
      [
       25.9736989,
       39.0734212
      ],
      [
       25.9655614,
       39.0881004
      ],
      [
       25.9582158,
       39.1030297
      ],
      [
       25.9516753,
       39.1181832
      ],
      [
       25.9459519,
       39.1335347
      ],
      [
       25.9410558,
       39.1490577
      ],
      [
       25.9369962,
       39.1647252
      ],
      [
       25.9337806,
       39.1805103
      ],
      [
       25.9314152,
       39.1963855
      ],
      [
       25.9299046,
       39.2123233
      ],
      [
       25.9292521,
       39.228296
      ],
      [
       25.9294593,
       39.2442759
      ],
      [
       25.9305266,
       39.2602352
      ],
      [
       25.9324526,
       39.2761462
      ],
      [
       25.9352345,
       39.2919811
      ],
      [
       25.9388682,
       39.3077125
      ],
      [
       25.9433477,
       39.3233129
      ],
      [
       25.948666,
       39.3387551
      ],
      [
       25.9530556,
       39.3458333
      ]
     ]
    ]
   }
  },
  {
   "type": "Feature",
   "properties": {
    "ll": {
     "value": 0,
     "unit": 1,
     "referenceDatum": 0
    },
    "ul": {
     "value": 10000,
     "unit": 1,
     "referenceDatum": 1
    },
    "_id": "62614b34cb27f4250944a52c",
    "name": "GPZ: 120.45",
    "type": 4,
    "icao": 3,
    "bnd": [
     [
      38.7584818,
      20.551834
     ],
     [
      39.0915542,
      20.9799045
     ]
    ]
   },
   "geometry": {
    "type": "Polygon",
    "coordinates": [
     [
      [
       20.7658333,
       39.0915542
      ],
      [
       20.7793968,
       39.0912203
      ],
      [
       20.7929057,
       39.0902203
      ],
      [
       20.8063055,
       39.0885579
      ],
      [
       20.8195424,
       39.0862401
      ],
      [
       20.832563,
       39.083276
      ],
      [
       20.845315,
       39.0796776
      ],
      [
       20.8577471,
       39.0754594
      ],
      [
       20.8698092,
       39.0706384
      ],
      [
       20.8814529,
       39.065234
      ],
      [
       20.8926316,
       39.0592679
      ],
      [
       20.9033003,
       39.0527641
      ],
      [
       20.9134163,
       39.0457488
      ],
      [
       20.9229391,
       39.0382502
      ],
      [
       20.9318306,
       39.0302984
      ],
      [
       20.9400553,
       39.0219253
      ],
      [
       20.9475804,
       39.0131646
      ],
      [
       20.9543761,
       39.0040515
      ],
      [
       20.9604152,
       38.9946225
      ],
      [
       20.9656739,
       38.9849155
      ],
      [
       20.9701314,
       38.9749694
      ],
      [
       20.9737703,
       38.9648239
      ],
      [
       20.9765762,
       38.9545199
      ],
      [
       20.9785382,
       38.9440986
      ],
      [
       20.9796491,
       38.9336016
      ],
      [
       20.9799045,
       38.923071
      ],
      [
       20.979304,
       38.9125489
      ],
      [
       20.9778502,
       38.9020773
      ],
      [
       20.9755495,
       38.8916982
      ],
      [
       20.9724112,
       38.8814529
      ],
      [
       20.9684484,
       38.8713824
      ],
      [
       20.9636772,
       38.8615268
      ],
      [
       20.9581169,
       38.8519255
      ],
      [
       20.9517901,
       38.8426167
      ],
      [
       20.9447222,
       38.8336376
      ],
      [
       20.9369416,
       38.8250239
      ],
      [
       20.9284797,
       38.81681
      ],
      [
       20.9193704,
       38.8090285
      ],
      [
       20.90965,
       38.8017104
      ],
      [
       20.8993575,
       38.7948849
      ],
      [
       20.888534,
       38.788579
      ],
      [
       20.8772225,
       38.7828179
      ],
      [
       20.8654684,
       38.7776244
      ],
      [
       20.8533182,
       38.7730193
      ],
      [
       20.8408204,
       38.7690207
      ],
      [
       20.8280247,
       38.7656447
      ],
      [
       20.814982,
       38.7629045
      ],
      [
       20.801744,
       38.7608111
      ],
      [
       20.7883635,
       38.7593729
      ],
      [
       20.7748935,
       38.7585954
      ],
      [
       20.7613874,
       38.7584818
      ],
      [
       20.7478991,
       38.7590326
      ],
      [
       20.734482,
       38.7602456
      ],
      [
       20.7211893,
       38.7621159
      ],
      [
       20.708074,
       38.7646361
      ],
      [
       20.6951881,
       38.7677962
      ],
      [
       20.6825829,
       38.7715837
      ],
      [
       20.6703084,
       38.7759835
      ],
      [
       20.6584135,
       38.7809781
      ],
      [
       20.6469457,
       38.7865477
      ],
      [
       20.6359504,
       38.7926701
      ],
      [
       20.6254717,
       38.799321
      ],
      [
       20.6155514,
       38.806474
      ],
      [
       20.606229,
       38.8141005
      ],
      [
       20.5975418,
       38.8221702
      ],
      [
       20.5895248,
       38.8306511
      ],
      [
       20.58221,
       38.8395093
      ],
      [
       20.5756269,
       38.8487095
      ],
      [
       20.569802,
       38.8582151
      ],
      [
       20.5647587,
       38.8679881
      ],
      [
       20.5605177,
       38.8779897
      ],
      [
       20.557096,
       38.8881798
      ],
      [
       20.5545078,
       38.8985178
      ],
      [
       20.5527638,
       38.9089625
      ],
      [
       20.5518712,
       38.9194721
      ],
      [
       20.551834,
       38.9300045
      ],
      [
       20.5526528,
       38.9405177
      ],
      [
       20.5543246,
       38.9509696
      ],
      [
       20.5568432,
       38.9613184
      ],
      [
       20.5601988,
       38.9715226
      ],
      [
       20.5643784,
       38.9815414
      ],
      [
       20.5693655,
       38.9913346
      ],
      [
       20.5751404,
       39.0008629
      ],
      [
       20.5816804,
       39.0100881
      ],
      [
       20.5889595,
       39.0189733
      ],
      [
       20.5969487,
       39.0274826
      ],
      [
       20.6056162,
       39.0355821
      ],
      [
       20.6149274,
       39.0432391
      ],
      [
       20.6248451,
       39.0504228
      ],
      [
       20.6353296,
       39.0571045
      ],
      [
       20.6463389,
       39.0632571
      ],
      [
       20.6578289,
       39.068856
      ],
      [
       20.6697534,
       39.0738787
      ],
      [
       20.6820646,
       39.078305
      ],
      [
       20.6947129,
       39.0821169
      ],
      [
       20.7076476,
       39.0852992
      ],
      [
       20.7208165,
       39.0878391
      ],
      [
       20.7341667,
       39.0897264
      ],
      [
       20.7476444,
       39.0909534
      ],
      [
       20.7611954,
       39.0915152
      ],
      [
       20.7658333,
       39.0915542
      ]
     ]
    ]
   }
  },
  {
   "type": "Feature",
   "properties": {
    "ll": {
     "value": 1000,
     "unit": 1,
     "referenceDatum": 0
    },
    "ul": {
     "value": 16000,
     "unit": 1,
     "referenceDatum": 1
    },
    "_id": "62614b34cb27f4250944a537",
    "name": "GPZ: 120.45",
    "type": 4,
    "icao": 3,
    "bnd": [
     [
      38.35,
      19.8
     ],
     [
      39.4666667,
      21.7666667
     ]
    ]
   },
   "geometry": {
    "type": "Polygon",
    "coordinates": [
     [
      [
       19.8,
       38.5833333
      ],
      [
       20.5,
       39.4666667
      ],
      [
       21.2666667,
       39.2666667
      ],
      [
       21.7666667,
       38.8
      ],
      [
       21.75,
       38.35
      ],
      [
       20.75,
       38.3833333
      ],
      [
       20.5,
       38.4333333
      ],
      [
       19.8,
       38.5833333
      ]
     ]
    ]
   }
  },
  {
   "type": "Feature",
   "properties": {
    "ll": {
     "value": 0,
     "unit": 1,
     "referenceDatum": 0
    },
    "ul": {
     "value": 10000,
     "unit": 1,
     "referenceDatum": 1
    },
    "_id": "62614b34cb27f4250944a546",
    "name": "GRD: 120.6",
    "type": 4,
    "icao": 3,
    "bnd": [
     [
      36.2170086,
      27.9105006
     ],
     [
      36.5505556,
      28.3250698
     ]
    ]
   },
   "geometry": {
    "type": "Polygon",
    "coordinates": [
     [
      [
       28.1283333,
       36.5505556
      ],
      [
       28.1414124,
       36.5496857
      ],
      [
       28.1543966,
       36.5481526
      ],
      [
       28.1672337,
       36.5459627
      ],
      [
       28.1798721,
       36.5431245
      ],
      [
       28.1922612,
       36.5396496
      ],
      [
       28.2043513,
       36.5355519
      ],
      [
       28.2160938,
       36.5308478
      ],
      [
       28.2274416,
       36.5255562
      ],
      [
       28.2383494,
       36.5196984
      ],
      [
       28.2487734,
       36.5132978
      ],
      [
       28.258672,
       36.5063802
      ],
      [
       28.2680056,
       36.4989733
      ],
      [
       28.276737,
       36.4911067
      ],
      [
       28.2848313,
       36.4828121
      ],
      [
       28.2922563,
       36.4741226
      ],
      [
       28.2989825,
       36.465073
      ],
      [
       28.3049833,
       36.4556997
      ],
      [
       28.3102348,
       36.4460401
      ],
      [
       28.3147164,
       36.4361328
      ],
      [
       28.3184104,
       36.4260175
      ],
      [
       28.3213023,
       36.4157347
      ],
      [
       28.323381,
       36.4053254
      ],
      [
       28.3246384,
       36.3948312
      ],
      [
       28.3250698,
       36.3842941
      ],
      [
       28.324674,
       36.373756
      ],
      [
       28.3234527,
       36.3632591
      ],
      [
       28.3214112,
       36.3528453
      ],
      [
       28.3185579,
       36.3425559
      ],
      [
       28.3149046,
       36.3324321
      ],
      [
       28.3104661,
       36.3225142
      ],
      [
       28.3052604,
       36.3128416
      ],
      [
       28.2993084,
       36.303453
      ],
      [
       28.2926342,
       36.2943855
      ],
      [
       28.2852645,
       36.2856754
      ],
      [
       28.2772289,
       36.2773573
      ],
      [
       28.2685595,
       36.2694641
      ],
      [
       28.2592909,
       36.2620274
      ],
      [
       28.2494602,
       36.2550766
      ],
      [
       28.2391066,
       36.2486393
      ],
      [
       28.2282712,
       36.2427411
      ],
      [
       28.2169972,
       36.2374055
      ],
      [
       28.2053294,
       36.2326535
      ],
      [
       28.1933142,
       36.2285041
      ],
      [
       28.1809994,
       36.2249737
      ],
      [
       28.1684337,
       36.2220764
      ],
      [
       28.1556672,
       36.2198236
      ],
      [
       28.1427503,
       36.2182242
      ],
      [
       28.1297345,
       36.2172846
      ],
      [
       28.1166712,
       36.2170086
      ],
      [
       28.1036123,
       36.2173971
      ],
      [
       28.0906095,
       36.2184488
      ],
      [
       28.0777145,
       36.2201593
      ],
      [
       28.0649785,
       36.222522
      ],
      [
       28.0524518,
       36.2255274
      ],
      [
       28.0401843,
       36.2291637
      ],
      [
       28.0282246,
       36.2334163
      ],
      [
       28.0166203,
       36.2382685
      ],
      [
       28.0054175,
       36.243701
      ],
      [
       27.9946607,
       36.2496921
      ],
      [
       27.9843927,
       36.2562182
      ],
      [
       27.9746545,
       36.2632533
      ],
      [
       27.9654849,
       36.2707695
      ],
      [
       27.9569204,
       36.2787369
      ],
      [
       27.9489954,
       36.2871238
      ],
      [
       27.9417415,
       36.2958969
      ],
      [
       27.9351877,
       36.3050213
      ],
      [
       27.9293606,
       36.3144607
      ],
      [
       27.9242834,
       36.3241775
      ],
      [
       27.9199766,
       36.3341331
      ],
      [
       27.9164578,
       36.3442878
      ],
      [
       27.9137413,
       36.3546011
      ],
      [
       27.9118382,
       36.365032
      ],
      [
       27.9107564,
       36.3755388
      ],
      [
       27.9105006,
       36.3860797
      ],
      [
       27.9110721,
       36.3966125
      ],
      [
       27.912469,
       36.4070952
      ],
      [
       27.914686,
       36.417486
      ],
      [
       27.9177147,
       36.4277433
      ],
      [
       27.9215431,
       36.4378262
      ],
      [
       27.9261564,
       36.4476943
      ],
      [
       27.9315364,
       36.4573082
      ],
      [
       27.9376617,
       36.4666293
      ],
      [
       27.9445082,
       36.4756204
      ],
      [
       27.9520488,
       36.4842454
      ],
      [
       27.9602533,
       36.4924698
      ],
      [
       27.9690891,
       36.5002607
      ],
      [
       27.9785211,
       36.5075868
      ],
      [
       27.9885115,
       36.5144188
      ],
      [
       27.9990204,
       36.5207292
      ],
      [
       28.0100058,
       36.5264927
      ],
      [
       28.0214238,
       36.5316862
      ],
      [
       28.0308333,
       36.5352778
      ],
      [
       28.1283333,
       36.5505556
      ]
     ]
    ]
   }
  },
  {
   "type": "Feature",
   "properties": {
    "ll": {
     "value": 0,
     "unit": 1,
     "referenceDatum": 0
    },
    "ul": {
     "value": 5000,
     "unit": 1,
     "referenceDatum": 1
    },
    "_id": "62614b345e9ded5710446ae0",
    "name": "GSA: 118.125",
    "type": 4,
    "icao": 3,
    "bnd": [
     [
      35.364593,
      23.9462579
     ],
     [
      35.6976653,
      24.3554798
     ]
    ]
   },
   "geometry": {
    "type": "Polygon",
    "coordinates": [
     [
      [
       24.1508333,
       35.6976653
      ],
      [
       24.1637961,
       35.6973316
      ],
      [
       24.1767067,
       35.6963317
      ],
      [
       24.1895132,
       35.6946699
      ],
      [
       24.2021641,
       35.6923526
      ],
      [
       24.2146085,
       35.6893893
      ],
      [
       24.2267963,
       35.6857918
      ],
      [
       24.2386786,
       35.6815747
      ],
      [
       24.2502075,
       35.6767548
      ],
      [
       24.261337,
       35.6713517
      ],
      [
       24.2720222,
       35.6653869
      ],
      [
       24.2822203,
       35.6588845
      ],
      [
       24.2918905,
       35.6518707
      ],
      [
       24.300994,
       35.6443735
      ],
      [
       24.3094945,
       35.6364231
      ],
      [
       24.317358,
       35.6280514
      ],
      [
       24.3245532,
       35.6192921
      ],
      [
       24.3310514,
       35.6101802
      ],
      [
       24.3368267,
       35.6007523
      ],
      [
       24.3418564,
       35.5910463
      ],
      [
       24.3461204,
       35.5811011
      ],
      [
       24.349602,
       35.5709564
      ],
      [
       24.3522876,
       35.560653
      ],
      [
       24.3541667,
       35.550232
      ],
      [
       24.3552321,
       35.5397353
      ],
      [
       24.3554798,
       35.5292047
      ],
      [
       24.3549092,
       35.5186825
      ],
      [
       24.3535229,
       35.5082106
      ],
      [
       24.3513267,
       35.497831
      ],
      [
       24.3483298,
       35.4875851
      ],
      [
       24.3445444,
       35.4775138
      ],
      [
       24.3399859,
       35.4676572
      ],
      [
       24.3346727,
       35.4580549
      ],
      [
       24.3286264,
       35.4487449
      ],
      [
       24.3218713,
       35.4397645
      ],
      [
       24.3144345,
       35.4311495
      ],
      [
       24.306346,
       35.4229342
      ],
      [
       24.297638,
       35.4151513
      ],
      [
       24.2883455,
       35.4078318
      ],
      [
       24.2785056,
       35.4010048
      ],
      [
       24.2681576,
       35.3946975
      ],
      [
       24.2573428,
       35.3889351
      ],
      [
       24.2461044,
       35.3837404
      ],
      [
       24.234487,
       35.3791342
      ],
      [
       24.222537,
       35.3751346
      ],
      [
       24.2103019,
       35.3717577
      ],
      [
       24.1978304,
       35.3690168
      ],
      [
       24.1851721,
       35.3669229
      ],
      [
       24.1723773,
       35.3654842
      ],
      [
       24.1594969,
       35.3647066
      ],
      [
       24.146582,
       35.364593
      ],
      [
       24.1336841,
       35.3651439
      ],
      [
       24.1208543,
       35.3663572
      ],
      [
       24.1081437,
       35.368228
      ],
      [
       24.0956027,
       35.3707489
      ],
      [
       24.0832813,
       35.3739098
      ],
      [
       24.0712284,
       35.3776983
      ],
      [
       24.0594921,
       35.3820991
      ],
      [
       24.0481191,
       35.3870949
      ],
      [
       24.0371546,
       35.3926658
      ],
      [
       24.0266423,
       35.3987896
      ],
      [
       24.0166243,
       35.4054419
      ],
      [
       24.0071404,
       35.4125962
      ],
      [
       23.9982286,
       35.4202242
      ],
      [
       23.9899246,
       35.4282953
      ],
      [
       23.9822616,
       35.4367776
      ],
      [
       23.9752703,
       35.445637
      ],
      [
       23.9689789,
       35.4548385
      ],
      [
       23.9634127,
       35.4643452
      ],
      [
       23.958594,
       35.4741192
      ],
      [
       23.9545425,
       35.4841216
      ],
      [
       23.9512746,
       35.4943124
      ],
      [
       23.9488036,
       35.504651
      ],
      [
       23.9471397,
       35.515096
      ],
      [
       23.9462899,
       35.5256058
      ],
      [
       23.9462579,
       35.5361382
      ],
      [
       23.9470441,
       35.5466513
      ],
      [
       23.9486458,
       35.5571028
      ],
      [
       23.9510567,
       35.5674511
      ],
      [
       23.9542677,
       35.5776546
      ],
      [
       23.9582661,
       35.5876725
      ],
      [
       23.9630361,
       35.5974647
      ],
      [
       23.9685591,
       35.6069919
      ],
      [
       23.974813,
       35.616216
      ],
      [
       23.9817731,
       35.6250998
      ],
      [
       23.9894116,
       35.6336078
      ],
      [
       23.9976981,
       35.6417059
      ],
      [
       24.0065995,
       35.6493614
      ],
      [
       24.0160803,
       35.6565438
      ],
      [
       24.0261025,
       35.663224
      ],
      [
       24.0366259,
       35.6693753
      ],
      [
       24.0476085,
       35.6749729
      ],
      [
       24.0590061,
       35.6799944
      ],
      [
       24.0707729,
       35.6844195
      ],
      [
       24.0828617,
       35.6882305
      ],
      [
       24.095224,
       35.691412
      ],
      [
       24.10781,
       35.6939513
      ],
      [
       24.1205691,
       35.695838
      ],
      [
       24.13345,
       35.6970646
      ],
      [
       24.1464008,
       35.6976263
      ],
      [
       24.1508333,
       35.6976653
      ]
     ]
    ]
   }
  },
  {
   "type": "Feature",
   "properties": {
    "ll": {
     "value": 0,
     "unit": 1,
     "referenceDatum": 0
    },
    "ul": {
     "value": 5000,
     "unit": 1,
     "referenceDatum": 1
    },
    "_id": "62614b345e9ded5710446ae3",
    "name": "GSK: 125.9",
    "type": 4,
    "icao": 3,
    "bnd": [
     [
      38.9316667,
      23.3494444
     ],
     [
      39.4296147,
      23.8274876
     ]
    ]
   },
   "geometry": {
    "type": "Polygon",
    "coordinates": [
     [
      [
       23.3494444,
       39.3986111
      ],
      [
       23.3641367,
       39.4047483
      ],
      [
       23.3793601,
       39.4100686
      ],
      [
       23.3949205,
       39.4147731
      ],
      [
       23.4107762,
       39.4188491
      ],
      [
       23.4268846,
       39.4222857
      ],
      [
       23.4432023,
       39.4250735
      ],
      [
       23.4596856,
       39.4272052
      ],
      [
       23.4762901,
       39.428675
      ],
      [
       23.4929711,
       39.4294788
      ],
      [
       23.5096836,
       39.4296147
      ],
      [
       23.5263829,
       39.4290821
      ],
      [
       23.5430238,
       39.4278825
      ],
      [
       23.5595617,
       39.4260192
      ],
      [
       23.5759521,
       39.4234972
      ],
      [
       23.5921508,
       39.4203232
      ],
      [
       23.6081143,
       39.4165058
      ],
      [
       23.6237998,
       39.4120553
      ],
      [
       23.6391651,
       39.4069836
      ],
      [
       23.654169,
       39.4013044
      ],
      [
       23.6687712,
       39.3950328
      ],
      [
       23.6829326,
       39.3881859
      ],
      [
       23.6966153,
       39.380782
      ],
      [
       23.7097827,
       39.3728409
      ],
      [
       23.7223997,
       39.364384
      ],
      [
       23.7344325,
       39.3554339
      ],
      [
       23.7458492,
       39.3460148
      ],
      [
       23.7566193,
       39.3361518
      ],
      [
       23.7667143,
       39.3258715
      ],
      [
       23.7761075,
       39.3152012
      ],
      [
       23.7847739,
       39.3041697
      ],
      [
       23.7926909,
       39.2928064
      ],
      [
       23.7998374,
       39.2811418
      ],
      [
       23.8061949,
       39.2692071
      ],
      [
       23.8117466,
       39.2570341
      ],
      [
       23.8164784,
       39.2446554
      ],
      [
       23.8203778,
       39.232104
      ],
      [
       23.823435,
       39.2194135
      ],
      [
       23.8256422,
       39.2066177
      ],
      [
       23.8269941,
       39.1937506
      ],
      [
       23.8274876,
       39.1808467
      ],
      [
       23.8271216,
       39.1679401
      ],
      [
       23.8258979,
       39.1550654
      ],
      [
       23.8238199,
       39.1422568
      ],
      [
       23.8208938,
       39.1295482
      ],
      [
       23.8171278,
       39.1169736
      ],
      [
       23.8125323,
       39.1045662
      ],
      [
       23.8071199,
       39.092359
      ],
      [
       23.8009055,
       39.0803844
      ],
      [
       23.7939058,
       39.0686741
      ],
      [
       23.7861399,
       39.0572593
      ],
      [
       23.7776287,
       39.04617
      ],
      [
       23.7683951,
       39.0354358
      ],
      [
       23.7584637,
       39.0250849
      ],
      [
       23.7478613,
       39.0151448
      ],
      [
       23.7366161,
       39.0056418
      ],
      [
       23.7247581,
       38.9966009
      ],
      [
       23.7123188,
       38.9880461
      ],
      [
       23.6993313,
       38.98
      ],
      [
       23.6858301,
       38.9724838
      ],
      [
       23.6718509,
       38.9655173
      ],
      [
       23.6574308,
       38.9591189
      ],
      [
       23.642608,
       38.9533056
      ],
      [
       23.6274216,
       38.9480926
      ],
      [
       23.6119117,
       38.9434937
      ],
      [
       23.5961192,
       38.9395209
      ],
      [
       23.580086,
       38.9361849
      ],
      [
       23.5638541,
       38.9334943
      ],
      [
       23.5494444,
       38.9316667
      ],
      [
       23.3494444,
       39.3986111
      ]
     ]
    ]
   }
  },
  {
   "type": "Feature",
   "properties": {
    "ll": {
     "value": 0,
     "unit": 1,
     "referenceDatum": 0
    },
    "ul": {
     "value": 5000,
     "unit": 1,
     "referenceDatum": 1
    },
    "_id": "62614b345e9ded5710446aea",
    "name": "GSM: 124.1",
    "type": 4,
    "icao": 3,
    "bnd": [
     [
      37.5227747,
      26.6927245
     ],
     [
      37.8560748,
      27.1061111
     ]
    ]
   },
   "geometry": {
    "type": "Polygon",
    "coordinates": [
     [
      [
       27.1,
       37.7166667
      ],
      [
       26.9833333,
       37.6666667
      ],
      [
       26.9833333,
       37.5666667
      ],
      [
       27.0272222,
       37.5547222
      ],
      [
       27.0162335,
       37.5487966
      ],
      [
       27.0047961,
       37.5434322
      ],
      [
       26.9929556,
       37.5386503
      ],
      [
       26.9807592,
       37.53447
      ],
      [
       26.9682553,
       37.5309077
      ],
      [
       26.9554936,
       37.5279778
      ],
      [
       26.9425248,
       37.5256917
      ],
      [
       26.9294004,
       37.5240586
      ],
      [
       26.9161725,
       37.523085
      ],
      [
       26.9028936,
       37.5227747
      ],
      [
       26.8896166,
       37.523129
      ],
      [
       26.8763939,
       37.5241464
      ],
      [
       26.8632782,
       37.5258229
      ],
      [
       26.8503215,
       37.5281519
      ],
      [
       26.8375753,
       37.5311241
      ],
      [
       26.8250902,
       37.5347277
      ],
      [
       26.8129159,
       37.5389484
      ],
      [
       26.8011006,
       37.5437695
      ],
      [
       26.7896916,
       37.5491717
      ],
      [
       26.7787341,
       37.5551336
      ],
      [
       26.7682718,
       37.5616316
      ],
      [
       26.7583465,
       37.5686398
      ],
      [
       26.7489978,
       37.5761303
      ],
      [
       26.740263,
       37.5840733
      ],
      [
       26.7321771,
       37.5924373
      ],
      [
       26.7247726,
       37.6011889
      ],
      [
       26.718079,
       37.6102933
      ],
      [
       26.7121234,
       37.6197143
      ],
      [
       26.7069298,
       37.6294142
      ],
      [
       26.7025191,
       37.6393546
      ],
      [
       26.6989093,
       37.6494956
      ],
      [
       26.6961151,
       37.6597969
      ],
      [
       26.694148,
       37.6702173
      ],
      [
       26.6930162,
       37.6807153
      ],
      [
       26.6927245,
       37.6912489
      ],
      [
       26.6932745,
       37.7017761
      ],
      [
       26.6946644,
       37.7122547
      ],
      [
       26.6968889,
       37.7226428
      ],
      [
       26.6999396,
       37.732899
      ],
      [
       26.7038044,
       37.7429821
      ],
      [
       26.7084684,
       37.7528518
      ],
      [
       26.713913,
       37.7624685
      ],
      [
       26.7201168,
       37.7717937
      ],
      [
       26.7270553,
       37.78079
      ],
      [
       26.7347008,
       37.7894213
      ],
      [
       26.7430229,
       37.7976531
      ],
      [
       26.7519885,
       37.8054523
      ],
      [
       26.7615617,
       37.8127875
      ],
      [
       26.7717043,
       37.8196293
      ],
      [
       26.7823757,
       37.8259503
      ],
      [
       26.7935332,
       37.831725
      ],
      [
       26.8051319,
       37.8369302
      ],
      [
       26.8171255,
       37.841545
      ],
      [
       26.8294657,
       37.8455509
      ],
      [
       26.8421029,
       37.8489317
      ],
      [
       26.8549864,
       37.8516739
      ],
      [
       26.8680644,
       37.8537664
      ],
      [
       26.8812843,
       37.8552008
      ],
      [
       26.8945929,
       37.8559713
      ],
      [
       26.9079367,
       37.8560748
      ],
      [
       26.9212619,
       37.855511
      ],
      [
       26.934515,
       37.854282
      ],
      [
       26.9476427,
       37.8523928
      ],
      [
       26.9605921,
       37.8498511
      ],
      [
       26.9733112,
       37.846667
      ],
      [
       26.9857489,
       37.8428533
      ],
      [
       26.9978552,
       37.8384255
      ],
      [
       27.0095814,
       37.8334012
      ],
      [
       27.0208806,
       37.8278008
      ],
      [
       27.0317074,
       37.8216466
      ],
      [
       27.0420185,
       37.8149634
      ],
      [
       27.0517725,
       37.8077782
      ],
      [
       27.0609304,
       37.8001196
      ],
      [
       27.0694558,
       37.7920186
      ],
      [
       27.0773145,
       37.7835075
      ],
      [
       27.0844753,
       37.7746206
      ],
      [
       27.0909098,
       37.7653935
      ],
      [
       27.0965923,
       37.7558631
      ],
      [
       27.1015005,
       37.7460677
      ],
      [
       27.1056149,
       37.7360465
      ],
      [
       27.1061111,
       37.7325
      ],
      [
       27.1,
       37.7166667
      ]
     ]
    ]
   }
  },
  {
   "type": "Feature",
   "properties": {
    "ll": {
     "value": 0,
     "unit": 1,
     "referenceDatum": 0
    },
    "ul": {
     "value": 6500,
     "unit": 1,
     "referenceDatum": 1
    },
    "_id": "62614b34cb27f4250944a555",
    "name": "GSO: 119.1",
    "type": 4,
    "icao": 3,
    "bnd": [
     [
      37.2555556,
      24.7991667
     ],
     [
      37.6155556,
      25.0325
     ]
    ]
   },
   "geometry": {
    "type": "Polygon",
    "coordinates": [
     [
      [
       24.7991667,
       37.6155556
      ],
      [
       25.0325,
       37.6155556
      ],
      [
       25.0325,
       37.2555556
      ],
      [
       24.7991667,
       37.3113889
      ],
      [
       24.7991667,
       37.6155556
      ]
     ]
    ]
   }
  },
  {
   "type": "Feature",
   "properties": {
    "ll": {
     "value": 1000,
     "unit": 1,
     "referenceDatum": 0
    },
    "ul": {
     "value": 16500,
     "unit": 1,
     "referenceDatum": 1
    },
    "_id": "62614b345e9ded5710446af6",
    "name": "GSR: 118.05",
    "type": 4,
    "icao": 3,
    "bnd": [
     [
      36.1666667,
      24.9666667
     ],
     [
      36.8166667,
      25.9333333
     ]
    ]
   },
   "geometry": {
    "type": "Polygon",
    "coordinates": [
     [
      [
       24.9666667,
       36.75
      ],
      [
       25.4,
       36.8166667
      ],
      [
       25.7666667,
       36.7333333
      ],
      [
       25.9333333,
       36.4
      ],
      [
       25.85,
       36.2666667
      ],
      [
       25.35,
       36.1666667
      ],
      [
       25.1,
       36.4166667
      ],
      [
       24.9666667,
       36.75
      ]
     ]
    ]
   }
  },
  {
   "type": "Feature",
   "properties": {
    "ll": {
     "value": 0,
     "unit": 1,
     "referenceDatum": 0
    },
    "ul": {
     "value": 1000,
     "unit": 1,
     "referenceDatum": 1
    },
    "_id": "62614b345e9ded5710446b01",
    "name": "GSR: 118.05",
    "type": 4,
    "icao": 3,
    "bnd": [
     [
      36.2024137,
      25.2175608
     ],
     [
      36.6020872,
      25.7141422
     ]
    ]
   },
   "geometry": {
    "type": "Polygon",
    "coordinates": [
     [
      [
       25.4658333,
       36.6020872
      ],
      [
       25.4801995,
       36.6017533
      ],
      [
       25.4945175,
       36.6007527
      ],
      [
       25.5087391,
       36.5990889
      ],
      [
       25.5228167,
       36.5967672
      ],
      [
       25.5367029,
       36.5937957
      ],
      [
       25.5503511,
       36.5901842
      ],
      [
       25.5637157,
       36.5859449
      ],
      [
       25.5767517,
       36.5810919
      ],
      [
       25.5894155,
       36.5756417
      ],
      [
       25.6016646,
       36.5696124
      ],
      [
       25.6134582,
       36.5630244
      ],
      [
       25.6247567,
       36.5558996
      ],
      [
       25.6355224,
       36.548262
      ],
      [
       25.6457194,
       36.5401373
      ],
      [
       25.6553137,
       36.5315525
      ],
      [
       25.6642734,
       36.5225365
      ],
      [
       25.6725687,
       36.5131195
      ],
      [
       25.680172,
       36.5033329
      ],
      [
       25.6870583,
       36.4932096
      ],
      [
       25.6932047,
       36.4827834
      ],
      [
       25.698591,
       36.4720892
      ],
      [
       25.7031995,
       36.4611626
      ],
      [
       25.7070152,
       36.4500403
      ],
      [
       25.7100256,
       36.4387593
      ],
      [
       25.7122211,
       36.4273573
      ],
      [
       25.7135947,
       36.4158724
      ],
      [
       25.7141422,
       36.4043429
      ],
      [
       25.713862,
       36.3928071
      ],
      [
       25.7127557,
       36.3813035
      ],
      [
       25.710827,
       36.3698705
      ],
      [
       25.708083,
       36.3585461
      ],
      [
       25.704533,
       36.347368
      ],
      [
       25.7001891,
       36.3363733
      ],
      [
       25.6950663,
       36.3255987
      ],
      [
       25.6891817,
       36.3150799
      ],
      [
       25.6825553,
       36.3048518
      ],
      [
       25.6752094,
       36.2949485
      ],
      [
       25.6671685,
       36.2854029
      ],
      [
       25.6584598,
       36.2762465
      ],
      [
       25.6491121,
       36.2675098
      ],
      [
       25.6391568,
       36.2592217
      ],
      [
       25.6286271,
       36.2514097
      ],
      [
       25.617558,
       36.2440997
      ],
      [
       25.6059863,
       36.237316
      ],
      [
       25.5939505,
       36.2310809
      ],
      [
       25.5814905,
       36.2254151
      ],
      [
       25.5686477,
       36.2203374
      ],
      [
       25.5554646,
       36.2158647
      ],
      [
       25.541985,
       36.2120116
      ],
      [
       25.5282534,
       36.2087909
      ],
      [
       25.5143153,
       36.2062133
      ],
      [
       25.5002169,
       36.2042874
      ],
      [
       25.4860048,
       36.2030194
      ],
      [
       25.4717259,
       36.2024137
      ],
      [
       25.4574275,
       36.2024721
      ],
      [
       25.443157,
       36.2031945
      ],
      [
       25.4289615,
       36.2045785
      ],
      [
       25.4148879,
       36.2066195
      ],
      [
       25.4009828,
       36.2093108
      ],
      [
       25.3872922,
       36.2126435
      ],
      [
       25.3738615,
       36.2166066
      ],
      [
       25.3607351,
       36.2211868
      ],
      [
       25.3479566,
       36.2263692
      ],
      [
       25.3355682,
       36.2321364
      ],
      [
       25.3236111,
       36.2384695
      ],
      [
       25.312125,
       36.2453475
      ],
      [
       25.3011481,
       36.2527475
      ],
      [
       25.2907169,
       36.2606451
      ],
      [
       25.2808661,
       36.2690141
      ],
      [
       25.2716286,
       36.2778268
      ],
      [
       25.2630352,
       36.2870538
      ],
      [
       25.2551147,
       36.2966647
      ],
      [
       25.2478935,
       36.3066275
      ],
      [
       25.241396,
       36.3169092
      ],
      [
       25.235644,
       36.3274755
      ],
      [
       25.2306569,
       36.3382914
      ],
      [
       25.2264517,
       36.349321
      ],
      [
       25.2230425,
       36.3605276
      ],
      [
       25.2204412,
       36.3718738
      ],
      [
       25.2186568,
       36.383322
      ],
      [
       25.2176954,
       36.394834
      ],
      [
       25.2175608,
       36.4063715
      ],
      [
       25.2182537,
       36.417896
      ],
      [
       25.2197722,
       36.4293691
      ],
      [
       25.2221115,
       36.4407525
      ],
      [
       25.2252643,
       36.4520083
      ],
      [
       25.2292204,
       36.4630989
      ],
      [
       25.2339668,
       36.4739873
      ],
      [
       25.2394881,
       36.4846369
      ],
      [
       25.2457661,
       36.4950124
      ],
      [
       25.2527802,
       36.5050789
      ],
      [
       25.2605071,
       36.5148028
      ],
      [
       25.2689212,
       36.5241516
      ],
      [
       25.2779947,
       36.5330939
      ],
      [
       25.2876973,
       36.5415999
      ],
      [
       25.2979969,
       36.5496409
      ],
      [
       25.3088589,
       36.5571901
      ],
      [
       25.3202472,
       36.5642222
      ],
      [
       25.3321238,
       36.5707136
      ],
      [
       25.3444489,
       36.5766424
      ],
      [
       25.3571812,
       36.5819889
      ],
      [
       25.3702782,
       36.5867351
      ],
      [
       25.3836959,
       36.590865
      ],
      [
       25.3973893,
       36.5943648
      ],
      [
       25.4113126,
       36.5972228
      ],
      [
       25.4254189,
       36.5994292
      ],
      [
       25.4396609,
       36.6009768
      ],
      [
       25.4539908,
       36.6018604
      ],
      [
       25.4658333,
       36.6020872
      ]
     ]
    ]
   }
  },
  {
   "type": "Feature",
   "properties": {
    "ll": {
     "value": 0,
     "unit": 1,
     "referenceDatum": 0
    },
    "ul": {
     "value": 4000,
     "unit": 1,
     "referenceDatum": 1
    },
    "_id": "62614b35cb27f4250944a564",
    "name": "GSY: 123.2",
    "type": 4,
    "icao": 3,
    "bnd": [
     [
      38.8007041,
      24.2730954
     ],
     [
      39.1337764,
      24.7014209
     ]
    ]
   },
   "geometry": {
    "type": "Polygon",
    "coordinates": [
     [
      [
       24.4872222,
       39.1337764
      ],
      [
       24.5007938,
       39.1334426
      ],
      [
       24.5143108,
       39.1324425
      ],
      [
       24.5277187,
       39.1307802
      ],
      [
       24.5409635,
       39.1284623
      ],
      [
       24.5539919,
       39.1254982
      ],
      [
       24.5667515,
       39.1218998
      ],
      [
       24.579191,
       39.1176816
      ],
      [
       24.5912603,
       39.1128605
      ],
      [
       24.6029111,
       39.1074561
      ],
      [
       24.6140964,
       39.10149
      ],
      [
       24.6247714,
       39.0949862
      ],
      [
       24.6348935,
       39.0879709
      ],
      [
       24.6444219,
       39.0804722
      ],
      [
       24.6533187,
       39.0725204
      ],
      [
       24.6615483,
       39.0641473
      ],
      [
       24.6690779,
       39.0553866
      ],
      [
       24.6758776,
       39.0462735
      ],
      [
       24.6819203,
       39.0368445
      ],
      [
       24.6871821,
       39.0271375
      ],
      [
       24.6916423,
       39.0171913
      ],
      [
       24.6952832,
       39.0070459
      ],
      [
       24.6980907,
       38.9967419
      ],
      [
       24.7000539,
       38.9863205
      ],
      [
       24.7011654,
       38.9758235
      ],
      [
       24.7014209,
       38.9652929
      ],
      [
       24.70082,
       38.9547708
      ],
      [
       24.6993653,
       38.9442993
      ],
      [
       24.6970632,
       38.9339201
      ],
      [
       24.693923,
       38.9236748
      ],
      [
       24.6899578,
       38.9136043
      ],
      [
       24.6851837,
       38.9037488
      ],
      [
       24.6796201,
       38.8941475
      ],
      [
       24.6732894,
       38.8848387
      ],
      [
       24.6662173,
       38.8758596
      ],
      [
       24.6584321,
       38.867246
      ],
      [
       24.6499651,
       38.8590321
      ],
      [
       24.6408503,
       38.8512506
      ],
      [
       24.6311242,
       38.8439325
      ],
      [
       24.6208256,
       38.837107
      ],
      [
       24.6099956,
       38.8308011
      ],
      [
       24.5986775,
       38.82504
      ],
      [
       24.5869163,
       38.8198466
      ],
      [
       24.5747589,
       38.8152414
      ],
      [
       24.5622537,
       38.8112429
      ],
      [
       24.5494504,
       38.8078669
      ],
      [
       24.5364,
       38.8051267
      ],
      [
       24.5231542,
       38.8030333
      ],
      [
       24.5097657,
       38.8015951
      ],
      [
       24.4962877,
       38.8008176
      ],
      [
       24.4827737,
       38.8007041
      ],
      [
       24.4692774,
       38.8012549
      ],
      [
       24.4558523,
       38.8024678
      ],
      [
       24.4425518,
       38.8043381
      ],
      [
       24.4294287,
       38.8068583
      ],
      [
       24.4165352,
       38.8100184
      ],
      [
       24.4039224,
       38.8138059
      ],
      [
       24.3916407,
       38.8182057
      ],
      [
       24.3797388,
       38.8232003
      ],
      [
       24.3682641,
       38.8287698
      ],
      [
       24.3572623,
       38.8348922
      ],
      [
       24.3467774,
       38.8415431
      ],
      [
       24.3368511,
       38.8486961
      ],
      [
       24.3275231,
       38.8563226
      ],
      [
       24.3188308,
       38.8643923
      ],
      [
       24.310809,
       38.8728731
      ],
      [
       24.3034899,
       38.8817313
      ],
      [
       24.2969028,
       38.8909315
      ],
      [
       24.2910743,
       38.900437
      ],
      [
       24.2860281,
       38.9102101
      ],
      [
       24.2817845,
       38.9202116
      ],
      [
       24.2783607,
       38.9304017
      ],
      [
       24.2757709,
       38.9407398
      ],
      [
       24.2740258,
       38.9511844
      ],
      [
       24.2731326,
       38.961694
      ],
      [
       24.2730954,
       38.9722264
      ],
      [
       24.2739146,
       38.9827396
      ],
      [
       24.2755874,
       38.9931915
      ],
      [
       24.2781074,
       39.0035403
      ],
      [
       24.281465,
       39.0137446
      ],
      [
       24.285647,
       39.0237633
      ],
      [
       24.290637,
       39.0335565
      ],
      [
       24.2964154,
       39.0430849
      ],
      [
       24.3029593,
       39.0523101
      ],
      [
       24.3102426,
       39.0611953
      ],
      [
       24.3182366,
       39.0697047
      ],
      [
       24.3269092,
       39.0778042
      ],
      [
       24.336226,
       39.0854612
      ],
      [
       24.3461496,
       39.0926449
      ],
      [
       24.3566403,
       39.0993266
      ],
      [
       24.3676562,
       39.1054792
      ],
      [
       24.3791531,
       39.1110782
      ],
      [
       24.3910847,
       39.1161009
      ],
      [
       24.4034033,
       39.1205271
      ],
      [
       24.4160592,
       39.1243391
      ],
      [
       24.4290016,
       39.1275214
      ],
      [
       24.4421784,
       39.1300613
      ],
      [
       24.4555366,
       39.1319486
      ],
      [
       24.4690224,
       39.1331756
      ],
      [
       24.4825815,
       39.1337374
      ],
      [
       24.4872222,
       39.1337764
      ]
     ]
    ]
   }
  },
  {
   "type": "Feature",
   "properties": {
    "ll": {
     "value": 0,
     "unit": 1,
     "referenceDatum": 0
    },
    "ul": {
     "value": 5000,
     "unit": 1,
     "referenceDatum": 1
    },
    "_id": "62614b355e9ded5710446b18",
    "name": "GTC: 122.1",
    "type": 4,
    "icao": 3,
    "bnd": [
     [
      38.1657041,
      23.3369296
     ],
     [
      38.4987764,
      23.7614754
     ]
    ]
   },
   "geometry": {
    "type": "Polygon",
    "coordinates": [
     [
      [
       23.5491667,
       38.4987764
      ],
      [
       23.5626178,
       38.4984426
      ],
      [
       23.5760148,
       38.4974426
      ],
      [
       23.5893037,
       38.4957803
      ],
      [
       23.602431,
       38.4934625
      ],
      [
       23.6153439,
       38.4904986
      ],
      [
       23.6279903,
       38.4869004
      ],
      [
       23.6403196,
       38.4826824
      ],
      [
       23.652282,
       38.4778616
      ],
      [
       23.6638296,
       38.4724574
      ],
      [
       23.6749159,
       38.4664915
      ],
      [
       23.6854966,
       38.459988
      ],
      [
       23.6955292,
       38.452973
      ],
      [
       23.7049736,
       38.4454746
      ],
      [
       23.713792,
       38.437523
      ],
      [
       23.7219492,
       38.4291502
      ],
      [
       23.7294126,
       38.4203898
      ],
      [
       23.7361526,
       38.4112769
      ],
      [
       23.7421424,
       38.4018481
      ],
      [
       23.7473583,
       38.3921413
      ],
      [
       23.7517797,
       38.3821953
      ],
      [
       23.7553891,
       38.37205
      ],
      [
       23.7581725,
       38.3617461
      ],
      [
       23.7601191,
       38.3513248
      ],
      [
       23.7612214,
       38.3408279
      ],
      [
       23.7614754,
       38.3302973
      ],
      [
       23.7608805,
       38.3197752
      ],
      [
       23.7594394,
       38.3093036
      ],
      [
       23.7571582,
       38.2989243
      ],
      [
       23.7540464,
       38.2886789
      ],
      [
       23.7501167,
       38.2786083
      ],
      [
       23.7453853,
       38.2687525
      ],
      [
       23.7398712,
       38.259151
      ],
      [
       23.7335968,
       38.249842
      ],
      [
       23.7265874,
       38.2408627
      ],
      [
       23.7188712,
       38.2322488
      ],
      [
       23.7104791,
       38.2240346
      ],
      [
       23.7014448,
       38.2162528
      ],
      [
       23.6918044,
       38.2089345
      ],
      [
       23.6815965,
       38.2021087
      ],
      [
       23.6708619,
       38.1958026
      ],
      [
       23.6596434,
       38.1900412
      ],
      [
       23.6479856,
       38.1848475
      ],
      [
       23.6359351,
       38.1802422
      ],
      [
       23.6235398,
       38.1762434
      ],
      [
       23.6108489,
       38.1728672
      ],
      [
       23.597913,
       38.1701269
      ],
      [
       23.5847834,
       38.1680335
      ],
      [
       23.5715124,
       38.1665951
      ],
      [
       23.5581526,
       38.1658176
      ],
      [
       23.5447572,
       38.1657041
      ],
      [
       23.5313792,
       38.1662549
      ],
      [
       23.5180719,
       38.1674679
      ],
      [
       23.5048881,
       38.1693383
      ],
      [
       23.4918802,
       38.1718586
      ],
      [
       23.4790999,
       38.1750189
      ],
      [
       23.4665979,
       38.1788066
      ],
      [
       23.4544241,
       38.1832065
      ],
      [
       23.4426268,
       38.1882014
      ],
      [
       23.431253,
       38.1937712
      ],
      [
       23.4203481,
       38.1998939
      ],
      [
       23.4099556,
       38.206545
      ],
      [
       23.4001168,
       38.2136982
      ],
      [
       23.3908712,
       38.221325
      ],
      [
       23.3822557,
       38.229395
      ],
      [
       23.3743049,
       38.2378761
      ],
      [
       23.3670506,
       38.2467345
      ],
      [
       23.3605221,
       38.2559349
      ],
      [
       23.3547455,
       38.2654407
      ],
      [
       23.3497443,
       38.275214
      ],
      [
       23.3455387,
       38.2852157
      ],
      [
       23.3421458,
       38.2954059
      ],
      [
       23.3395795,
       38.3057441
      ],
      [
       23.3378504,
       38.3161888
      ],
      [
       23.3369658,
       38.3266984
      ],
      [
       23.3369296,
       38.3372308
      ],
      [
       23.3377423,
       38.347744
      ],
      [
       23.339401,
       38.3581958
      ],
      [
       23.3418995,
       38.3685445
      ],
      [
       23.3452281,
       38.3787486
      ],
      [
       23.3493737,
       38.3887672
      ],
      [
       23.3543202,
       38.3985602
      ],
      [
       23.3600481,
       38.4080884
      ],
      [
       23.3665346,
       38.4173134
      ],
      [
       23.373754,
       38.4261983
      ],
      [
       23.3816776,
       38.4347074
      ],
      [
       23.3902739,
       38.4428066
      ],
      [
       23.3995084,
       38.4504633
      ],
      [
       23.4093444,
       38.4576468
      ],
      [
       23.4197425,
       38.4643282
      ],
      [
       23.4306609,
       38.4704806
      ],
      [
       23.442056,
       38.4760793
      ],
      [
       23.453882,
       38.4811018
      ],
      [
       23.4660914,
       38.4855278
      ],
      [
       23.4786351,
       38.4893396
      ],
      [
       23.4914627,
       38.4925218
      ],
      [
       23.5045226,
       38.4950615
      ],
      [
       23.5177623,
       38.4969487
      ],
      [
       23.5311284,
       38.4981756
      ],
      [
       23.5445671,
       38.4987374
      ],
      [
       23.5491667,
       38.4987764
      ]
     ]
    ]
   }
  },
  {
   "type": "Feature",
   "properties": {
    "ll": {
     "value": 0,
     "unit": 1,
     "referenceDatum": 0
    },
    "ul": {
     "value": 10000,
     "unit": 1,
     "referenceDatum": 1
    },
    "_id": "62614b355e9ded5710446b24",
    "name": "GTS: 122.1",
    "type": 4,
    "icao": 3,
    "bnd": [
     [
      40.3518152,
      22.7537749
     ],
     [
      40.6848875,
      23.1918529
     ]
    ]
   },
   "geometry": {
    "type": "Polygon",
    "coordinates": [
     [
      [
       22.9727778,
       40.6848875
      ],
      [
       22.9866602,
       40.6845536
      ],
      [
       23.0004868,
       40.6835534
      ],
      [
       23.0142017,
       40.6818909
      ],
      [
       23.0277497,
       40.6795727
      ],
      [
       23.0410763,
       40.6766082
      ],
      [
       23.0541278,
       40.6730093
      ],
      [
       23.0668518,
       40.6687906
      ],
      [
       23.079197,
       40.663969
      ],
      [
       23.0911138,
       40.658564
      ],
      [
       23.1025545,
       40.6525972
      ],
      [
       23.113473,
       40.6460927
      ],
      [
       23.1238257,
       40.6390767
      ],
      [
       23.1335711,
       40.6315774
      ],
      [
       23.1426702,
       40.6236248
      ],
      [
       23.1510866,
       40.6152511
      ],
      [
       23.158787,
       40.6064898
      ],
      [
       23.1657405,
       40.597376
      ],
      [
       23.1719197,
       40.5879465
      ],
      [
       23.1773,
       40.5782389
      ],
      [
       23.1818603,
       40.5682923
      ],
      [
       23.1855825,
       40.5581465
      ],
      [
       23.1884523,
       40.5478422
      ],
      [
       23.1904584,
       40.5374207
      ],
      [
       23.1915933,
       40.5269236
      ],
      [
       23.1918529,
       40.5163929
      ],
      [
       23.1912364,
       40.5058709
      ],
      [
       23.1897469,
       40.4953995
      ],
      [
       23.1873905,
       40.4850206
      ],
      [
       23.1841772,
       40.4747756
      ],
      [
       23.1801202,
       40.4647055
      ],
      [
       23.175236,
       40.4548504
      ],
      [
       23.1695445,
       40.4452496
      ],
      [
       23.1630687,
       40.4359415
      ],
      [
       23.1558347,
       40.426963
      ],
      [
       23.1478717,
       40.41835
      ],
      [
       23.1392116,
       40.4101368
      ],
      [
       23.1298891,
       40.402356
      ],
      [
       23.1199415,
       40.3950386
      ],
      [
       23.1094087,
       40.3882138
      ],
      [
       23.0983327,
       40.3819086
      ],
      [
       23.0867576,
       40.3761481
      ],
      [
       23.0747296,
       40.3709553
      ],
      [
       23.0622966,
       40.3663507
      ],
      [
       23.049508,
       40.3623527
      ],
      [
       23.0364147,
       40.358977
      ],
      [
       23.0230687,
       40.3562372
      ],
      [
       23.009523,
       40.3541441
      ],
      [
       22.9958315,
       40.3527061
      ],
      [
       22.9820484,
       40.3519287
      ],
      [
       22.9682286,
       40.3518152
      ],
      [
       22.9544268,
       40.3523659
      ],
      [
       22.9406978,
       40.3535787
      ],
      [
       22.9270962,
       40.3554487
      ],
      [
       22.913676,
       40.3579686
      ],
      [
       22.9004904,
       40.3611283
      ],
      [
       22.8875919,
       40.3649153
      ],
      [
       22.8750317,
       40.3693146
      ],
      [
       22.8628598,
       40.3743086
      ],
      [
       22.8511247,
       40.3798775
      ],
      [
       22.8398731,
       40.3859993
      ],
      [
       22.8291498,
       40.3926495
      ],
      [
       22.8189976,
       40.3998017
      ],
      [
       22.8094572,
       40.4074275
      ],
      [
       22.8005667,
       40.4154965
      ],
      [
       22.7923617,
       40.4239767
      ],
      [
       22.7848751,
       40.4328342
      ],
      [
       22.7781371,
       40.4420338
      ],
      [
       22.7721748,
       40.4515389
      ],
      [
       22.7670124,
       40.4613114
      ],
      [
       22.7626706,
       40.4713125
      ],
      [
       22.7591673,
       40.4815023
      ],
      [
       22.7565169,
       40.4918401
      ],
      [
       22.7547302,
       40.5022846
      ],
      [
       22.7538149,
       40.512794
      ],
      [
       22.7537749,
       40.5233265
      ],
      [
       22.754611,
       40.5338398
      ],
      [
       22.7563201,
       40.5442918
      ],
      [
       22.7588958,
       40.5546409
      ],
      [
       22.7623282,
       40.5648454
      ],
      [
       22.7666039,
       40.5748646
      ],
      [
       22.7717062,
       40.5846583
      ],
      [
       22.7776149,
       40.5941872
      ],
      [
       22.7843068,
       40.603413
      ],
      [
       22.7917552,
       40.6122988
      ],
      [
       22.7999306,
       40.6208089
      ],
      [
       22.8088004,
       40.6289091
      ],
      [
       22.8183291,
       40.6365668
      ],
      [
       22.8284788,
       40.6437512
      ],
      [
       22.8392088,
       40.6504336
      ],
      [
       22.850476,
       40.6565869
      ],
      [
       22.8622354,
       40.6621865
      ],
      [
       22.8744398,
       40.6672098
      ],
      [
       22.8870399,
       40.6716365
      ],
      [
       22.8999854,
       40.675449
      ],
      [
       22.913224,
       40.6786317
      ],
      [
       22.9267024,
       40.681172
      ],
      [
       22.9403665,
       40.6830595
      ],
      [
       22.9541611,
       40.6842866
      ],
      [
       22.9680307,
       40.6848485
      ],
      [
       22.9727778,
       40.6848875
      ]
     ]
    ]
   }
  },
  {
   "type": "Feature",
   "properties": {
    "ll": {
     "value": 0,
     "unit": 1,
     "referenceDatum": 0
    },
    "ul": {
     "value": 2000,
     "unit": 1,
     "referenceDatum": 1
    },
    "_id": "62614b35cb27f4250944a575",
    "name": "GZA: 120.65",
    "type": 4,
    "icao": 3,
    "bnd": [
     [
      37.6678389,
      20.7786046
     ],
     [
      37.8343882,
      20.9891265
     ]
    ]
   },
   "geometry": {
    "type": "Polygon",
    "coordinates": [
     [
      [
       20.8838889,
       37.8343882
      ],
      [
       20.8933081,
       37.8340549
      ],
      [
       20.9026518,
       37.8330576
      ],
      [
       20.9118449,
       37.8314044
      ],
      [
       20.9208138,
       37.8291084
      ],
      [
       20.9294865,
       37.8261882
      ],
      [
       20.9377934,
       37.8226672
      ],
      [
       20.9456681,
       37.8185735
      ],
      [
       20.9530475,
       37.81394
      ],
      [
       20.9598725,
       37.8088039
      ],
      [
       20.9660884,
       37.8032063
      ],
      [
       20.9716458,
       37.7971921
      ],
      [
       20.9765001,
       37.7908095
      ],
      [
       20.9806127,
       37.7841095
      ],
      [
       20.9839509,
       37.7771459
      ],
      [
       20.9864881,
       37.7699744
      ],
      [
       20.9882043,
       37.7626524
      ],
      [
       20.9890861,
       37.7552384
      ],
      [
       20.9891265,
       37.7477918
      ],
      [
       20.9883256,
       37.7403721
      ],
      [
       20.98669,
       37.7330387
      ],
      [
       20.9842329,
       37.72585
      ],
      [
       20.9809744,
       37.7188637
      ],
      [
       20.9769405,
       37.7121353
      ],
      [
       20.9721638,
       37.7057188
      ],
      [
       20.9666825,
       37.6996653
      ],
      [
       20.9605406,
       37.694023
      ],
      [
       20.9537872,
       37.6888371
      ],
      [
       20.9464763,
       37.6841489
      ],
      [
       20.9386663,
       37.6799957
      ],
      [
       20.9304196,
       37.6764108
      ],
      [
       20.9218019,
       37.6734226
      ],
      [
       20.912882,
       37.671055
      ],
      [
       20.9037311,
       37.6693269
      ],
      [
       20.894422,
       37.668252
      ],
      [
       20.8850289,
       37.6678389
      ],
      [
       20.8756268,
       37.6680909
      ],
      [
       20.8662905,
       37.6690061
      ],
      [
       20.8570945,
       37.670577
      ],
      [
       20.848112,
       37.6727912
      ],
      [
       20.8394147,
       37.675631
      ],
      [
       20.8310719,
       37.6790738
      ],
      [
       20.8231502,
       37.6830921
      ],
      [
       20.8157129,
       37.687654
      ],
      [
       20.8088193,
       37.692723
      ],
      [
       20.8025245,
       37.6982587
      ],
      [
       20.7968789,
       37.7042169
      ],
      [
       20.7919278,
       37.7105501
      ],
      [
       20.7877108,
       37.7172077
      ],
      [
       20.7842617,
       37.7241366
      ],
      [
       20.7816084,
       37.7312814
      ],
      [
       20.7797723,
       37.7385851
      ],
      [
       20.7787682,
       37.7459893
      ],
      [
       20.7786046,
       37.7534349
      ],
      [
       20.7792828,
       37.7608622
      ],
      [
       20.7807979,
       37.7682119
      ],
      [
       20.7831378,
       37.7754252
      ],
      [
       20.7862841,
       37.7824444
      ],
      [
       20.7902118,
       37.7892133
      ],
      [
       20.7948897,
       37.7956776
      ],
      [
       20.8002806,
       37.8017856
      ],
      [
       20.8063414,
       37.8074884
      ],
      [
       20.8130236,
       37.8127402
      ],
      [
       20.8202739,
       37.817499
      ],
      [
       20.8280342,
       37.8217267
      ],
      [
       20.8362425,
       37.8253893
      ],
      [
       20.8448328,
       37.8284574
      ],
      [
       20.8537364,
       37.8309065
      ],
      [
       20.8628819,
       37.8327168
      ],
      [
       20.872196,
       37.833874
      ],
      [
       20.8816038,
       37.8343686
      ],
      [
       20.8838889,
       37.8343882
      ]
     ]
    ]
   }
  },
  {
   "type": "Feature",
   "properties": {
    "ll": {
     "value": 0,
     "unit": 1,
     "referenceDatum": 0
    },
    "ul": {
     "value": 999,
     "unit": 6,
     "referenceDatum": 2
    },
    "_id": "62614b365e9ded5710446b90",
    "name": "LG(D)C101A: INTMT",
    "type": 2,
    "icao": 7,
    "bnd": [
     [
      35.5166667,
      24.1166667
     ],
     [
      36.3,
      25.1333333
     ]
    ]
   },
   "geometry": {
    "type": "Polygon",
    "coordinates": [
     [
      [
       24.1166667,
       35.6
      ],
      [
       24.1166667,
       36.3
      ],
      [
       24.7833333,
       36.3
      ],
      [
       25.1333333,
       35.5666667
      ],
      [
       24.1833333,
       35.5166667
      ],
      [
       24.1166667,
       35.6
      ]
     ]
    ]
   }
  },
  {
   "type": "Feature",
   "properties": {
    "ll": {
     "value": 0,
     "unit": 1,
     "referenceDatum": 0
    },
    "ul": {
     "value": 22000,
     "unit": 1,
     "referenceDatum": 1
    },
    "_id": "62614b365e9ded5710446b7b",
    "name": "LG(D)C101A1: MON-FRI",
    "type": 2,
    "icao": 7,
    "bnd": [
     [
      35.5322222,
      24.1658333
     ],
     [
      35.6155556,
      24.2491667
     ]
    ]
   },
   "geometry": {
    "type": "Polygon",
    "coordinates": [
     [
      [
       24.1658333,
       35.5322222
      ],
      [
       24.1658333,
       35.6155556
      ],
      [
       24.2491667,
       35.6155556
      ],
      [
       24.2491667,
       35.5322222
      ],
      [
       24.1658333,
       35.5322222
      ]
     ]
    ]
   }
  },
  {
   "type": "Feature",
   "properties": {
    "ll": {
     "value": 0,
     "unit": 1,
     "referenceDatum": 0
    },
    "ul": {
     "value": 25000,
     "unit": 1,
     "referenceDatum": 1
    },
    "_id": "62614b365e9ded5710446b87",
    "name": "LG(D)C101A2: BY NOTAM",
    "type": 2,
    "icao": 7,
    "bnd": [
     [
      35.5166667,
      24.1166667
     ],
     [
      35.8,
      24.4666667
     ]
    ]
   },
   "geometry": {
    "type": "Polygon",
    "coordinates": [
     [
      [
       24.1166667,
       35.6
      ],
      [
       24.1166667,
       35.8
      ],
      [
       24.4666667,
       35.8
      ],
      [
       24.4666667,
       35.5166667
      ],
      [
       24.1833333,
       35.5166667
      ],
      [
       24.1166667,
       35.6
      ]
     ]
    ]
   }
  },
  {
   "type": "Feature",
   "properties": {
    "ll": {
     "value": 0,
     "unit": 1,
     "referenceDatum": 0
    },
    "ul": {
     "value": 999,
     "unit": 6,
     "referenceDatum": 2
    },
    "_id": "62614b37cb27f4250944a5d9",
    "name": "LG(D)C101B: INTMT",
    "type": 2,
    "icao": 7,
    "bnd": [
     [
      35.5166667,
      24.1166667
     ],
     [
      36.3,
      25.9833333
     ]
    ]
   },
   "geometry": {
    "type": "Polygon",
    "coordinates": [
     [
      [
       24.1166667,
       35.6
      ],
      [
       24.1166667,
       36.3
      ],
      [
       25.9833333,
       36.3
      ],
      [
       25.9666667,
       35.5833333
      ],
      [
       24.1833333,
       35.5166667
      ],
      [
       24.1166667,
       35.6
      ]
     ]
    ]
   }
  },
  {
   "type": "Feature",
   "properties": {
    "ll": {
     "value": 0,
     "unit": 1,
     "referenceDatum": 0
    },
    "ul": {
     "value": 999,
     "unit": 6,
     "referenceDatum": 2
    },
    "_id": "62614b375e9ded5710446b9e",
    "name": "LG(D)C101C: INTMT",
    "type": 2,
    "icao": 7,
    "bnd": [
     [
      35.6,
      24.1166667
     ],
     [
      36.4166667,
      26.6833333
     ]
    ]
   },
   "geometry": {
    "type": "Polygon",
    "coordinates": [
     [
      [
       24.1166667,
       35.6
      ],
      [
       24.1166667,
       36.3
      ],
      [
       25.9833333,
       36.3
      ],
      [
       26.2,
       36.4166667
      ],
      [
       26.6666667,
       36.2666667
      ],
      [
       26.6833333,
       35.6
      ],
      [
       24.1166667,
       35.6
      ]
     ]
    ]
   }
  },
  {
   "type": "Feature",
   "properties": {
    "ll": {
     "value": 0,
     "unit": 1,
     "referenceDatum": 0
    },
    "ul": {
     "value": 40000,
     "unit": 1,
     "referenceDatum": 1
    },
    "_id": "62614b35cb27f4250944a585",
    "name": "LGD61: BY NOTAM",
    "type": 2,
    "icao": 7,
    "bnd": [
     [
      37.2,
      20
     ],
     [
      37.9333333,
      20.8166667
     ]
    ]
   },
   "geometry": {
    "type": "Polygon",
    "coordinates": [
     [
      [
       20,
       37.9333333
      ],
      [
       20.4666667,
       37.9333333
      ],
      [
       20.8166667,
       37.25
      ],
      [
       20.3,
       37.2
      ],
      [
       20,
       37.9333333
      ]
     ]
    ]
   }
  },
  {
   "type": "Feature",
   "properties": {
    "ll": {
     "value": 0,
     "unit": 1,
     "referenceDatum": 0
    },
    "ul": {
     "value": 9000,
     "unit": 1,
     "referenceDatum": 1
    },
    "_id": "62614b355e9ded5710446b3c",
    "name": "LGD71: CONT",
    "type": 2,
    "icao": 7,
    "bnd": [
     [
      39.13645,
      22.7000478
     ],
     [
      39.3029993,
      22.9149041
     ]
    ]
   },
   "geometry": {
    "type": "Polygon",
    "coordinates": [
     [
      [
       22.8075,
       39.3029993
      ],
      [
       22.8171137,
       39.302666
      ],
      [
       22.8266503,
       39.3016686
      ],
      [
       22.8360333,
       39.3000153
      ],
      [
       22.8451873,
       39.2977192
      ],
      [
       22.8540389,
       39.2947989
      ],
      [
       22.8625173,
       39.2912776
      ],
      [
       22.8705543,
       39.2871837
      ],
      [
       22.8780857,
       39.28255
      ],
      [
       22.8850513,
       39.2774137
      ],
      [
       22.8913951,
       39.2718159
      ],
      [
       22.8970667,
       39.2658015
      ],
      [
       22.9020207,
       39.2594186
      ],
      [
       22.9062176,
       39.2527185
      ],
      [
       22.9096241,
       39.2457547
      ],
      [
       22.9122131,
       39.2385831
      ],
      [
       22.9139641,
       39.231261
      ],
      [
       22.9148634,
       39.223847
      ],
      [
       22.9149041,
       39.2164004
      ],
      [
       22.9140861,
       39.2089808
      ],
      [
       22.9124162,
       39.2016474
      ],
      [
       22.9099081,
       39.1944589
      ],
      [
       22.906582,
       39.1874726
      ],
      [
       22.9024648,
       39.1807445
      ],
      [
       22.8975894,
       39.1743281
      ],
      [
       22.8919951,
       39.1682748
      ],
      [
       22.8857267,
       39.1626328
      ],
      [
       22.8788342,
       39.1574471
      ],
      [
       22.8713729,
       39.1527591
      ],
      [
       22.8634024,
       39.1486061
      ],
      [
       22.8549861,
       39.1450214
      ],
      [
       22.8461914,
       39.1420334
      ],
      [
       22.8370884,
       39.1396659
      ],
      [
       22.8277495,
       39.1379379
      ],
      [
       22.8182493,
       39.1368631
      ],
      [
       22.8086634,
       39.13645
      ],
      [
       22.7990683,
       39.136702
      ],
      [
       22.7895404,
       39.1376171
      ],
      [
       22.7801555,
       39.1391879
      ],
      [
       22.7709886,
       39.141402
      ],
      [
       22.7621126,
       39.1442416
      ],
      [
       22.7535984,
       39.1476843
      ],
      [
       22.7455139,
       39.1517024
      ],
      [
       22.7379235,
       39.156264
      ],
      [
       22.730888,
       39.1613328
      ],
      [
       22.7244636,
       39.1668683
      ],
      [
       22.7187016,
       39.1728262
      ],
      [
       22.7136483,
       39.1791592
      ],
      [
       22.7093441,
       39.1858167
      ],
      [
       22.7058236,
       39.1927454
      ],
      [
       22.7031152,
       39.1998901
      ],
      [
       22.7012407,
       39.2071938
      ],
      [
       22.7002154,
       39.2145979
      ],
      [
       22.7000478,
       39.2220435
      ],
      [
       22.7007395,
       39.2294708
      ],
      [
       22.7022851,
       39.2368206
      ],
      [
       22.7046727,
       39.244034
      ],
      [
       22.7078833,
       39.2510533
      ],
      [
       22.7118915,
       39.2578224
      ],
      [
       22.7166655,
       39.2642869
      ],
      [
       22.7221671,
       39.2703951
      ],
      [
       22.7283526,
       39.2760981
      ],
      [
       22.7351724,
       39.2813502
      ],
      [
       22.7425721,
       39.2861092
      ],
      [
       22.7504924,
       39.2903371
      ],
      [
       22.7588699,
       39.2939999
      ],
      [
       22.7676375,
       39.2970682
      ],
      [
       22.7767249,
       39.2995174
      ],
      [
       22.7860593,
       39.3013278
      ],
      [
       22.7955656,
       39.3024851
      ],
      [
       22.8051677,
       39.3029797
      ],
      [
       22.8075,
       39.3029993
      ]
     ]
    ]
   }
  },
  {
   "type": "Feature",
   "properties": {
    "ll": {
     "value": 8000,
     "unit": 1,
     "referenceDatum": 1
    },
    "ul": {
     "value": 999,
     "unit": 6,
     "referenceDatum": 2
    },
    "_id": "62614b35cb27f4250944a58f",
    "name": "LGD72: MON-THU",
    "type": 2,
    "icao": 7,
    "bnd": [
     [
      36.7166667,
      19.6666667
     ],
     [
      38.1166667,
      21.4833333
     ]
    ]
   },
   "geometry": {
    "type": "Polygon",
    "coordinates": [
     [
      [
       19.6666667,
       38
      ],
      [
       19.75,
       38.1166667
      ],
      [
       20.5333333,
       38.0333333
      ],
      [
       20.5333333,
       37.5666667
      ],
      [
       21.4833333,
       37.0833333
      ],
      [
       21.3166667,
       36.7166667
      ],
      [
       20.3166667,
       37.2833333
      ],
      [
       19.8333333,
       37.5
      ],
      [
       19.6666667,
       38
      ]
     ]
    ]
   }
  },
  {
   "type": "Feature",
   "properties": {
    "ll": {
     "value": 0,
     "unit": 1,
     "referenceDatum": 0
    },
    "ul": {
     "value": 1000,
     "unit": 1,
     "referenceDatum": 1
    },
    "_id": "62614b35cb27f4250944a59a",
    "name": "LGD85: BY NOTAM",
    "type": 2,
    "icao": 7,
    "bnd": [
     [
      37.3666667,
      23.5833333
     ],
     [
      37.6166667,
      23.7333333
     ]
    ]
   },
   "geometry": {
    "type": "Polygon",
    "coordinates": [
     [
      [
       23.5833333,
       37.6166667
      ],
      [
       23.7333333,
       37.6166667
      ],
      [
       23.7333333,
       37.3666667
      ],
      [
       23.5833333,
       37.3666667
      ],
      [
       23.5833333,
       37.6166667
      ]
     ]
    ]
   }
  },
  {
   "type": "Feature",
   "properties": {
    "ll": {
     "value": 0,
     "unit": 1,
     "referenceDatum": 0
    },
    "ul": {
     "value": 1000,
     "unit": 1,
     "referenceDatum": 1
    },
    "_id": "62614b35cb27f4250944a5a8",
    "name": "LGD86: MON-FRI",
    "type": 2,
    "icao": 7,
    "bnd": [
     [
      37.7333333,
      23.2833333
     ],
     [
      37.8666667,
      23.4333333
     ]
    ]
   },
   "geometry": {
    "type": "Polygon",
    "coordinates": [
     [
      [
       23.3666667,
       37.8666667
      ],
      [
       23.4333333,
       37.8333333
      ],
      [
       23.3666667,
       37.7333333
      ],
      [
       23.2833333,
       37.7833333
      ],
      [
       23.3666667,
       37.8666667
      ]
     ]
    ]
   }
  },
  {
   "type": "Feature",
   "properties": {
    "ll": {
     "value": 0,
     "unit": 1,
     "referenceDatum": 0
    },
    "ul": {
     "value": 3000,
     "unit": 1,
     "referenceDatum": 1
    },
    "_id": "62614b36cb27f4250944a5b3",
    "name": "LGD92A: MON-THU",
    "type": 2,
    "icao": 7,
    "bnd": [
     [
      40.0738889,
      22.9658333
     ],
     [
      40.3405556,
      23.5241667
     ]
    ]
   },
   "geometry": {
    "type": "Polygon",
    "coordinates": [
     [
      [
       22.9658333,
       40.2238889
      ],
      [
       23.2408333,
       40.3405556
      ],
      [
       23.5241667,
       40.2697222
      ],
      [
       23.3825,
       40.0738889
      ],
      [
       22.9658333,
       40.2238889
      ]
     ]
    ]
   }
  },
  {
   "type": "Feature",
   "properties": {
    "ll": {
     "value": 0,
     "unit": 1,
     "referenceDatum": 0
    },
    "ul": {
     "value": 6000,
     "unit": 1,
     "referenceDatum": 1
    },
    "_id": "62614b365e9ded5710446b4f",
    "name": "LGD92B: MON-THU",
    "type": 2,
    "icao": 7,
    "bnd": [
     [
      40.1572222,
      23.3241667
     ],
     [
      40.2655556,
      23.4325
     ]
    ]
   },
   "geometry": {
    "type": "Polygon",
    "coordinates": [
     [
      [
       23.3825,
       40.2655556
      ],
      [
       23.4325,
       40.2127778
      ],
      [
       23.3991667,
       40.16
      ],
      [
       23.3325,
       40.1572222
      ],
      [
       23.3241667,
       40.2072222
      ],
      [
       23.3825,
       40.2655556
      ]
     ]
    ]
   }
  },
  {
   "type": "Feature",
   "properties": {
    "ll": {
     "value": 0,
     "unit": 1,
     "referenceDatum": 0
    },
    "ul": {
     "value": 15000,
     "unit": 1,
     "referenceDatum": 1
    },
    "_id": "62614b365e9ded5710446b58",
    "name": "LGD93: CONT",
    "type": 2,
    "icao": 7,
    "bnd": [
     [
      37.7655556,
      21.2325
     ],
     [
      37.8488889,
      21.3325
     ]
    ]
   },
   "geometry": {
    "type": "Polygon",
    "coordinates": [
     [
      [
       21.2491667,
       37.8488889
      ],
      [
       21.3158333,
       37.8322222
      ],
      [
       21.3325,
       37.7655556
      ],
      [
       21.2325,
       37.7655556
      ],
      [
       21.2491667,
       37.8488889
      ]
     ]
    ]
   }
  },
  {
   "type": "Feature",
   "properties": {
    "ll": {
     "value": 0,
     "unit": 1,
     "referenceDatum": 0
    },
    "ul": {
     "value": 5000,
     "unit": 1,
     "referenceDatum": 1
    },
    "_id": "62614b365e9ded5710446b65",
    "name": "LGD94: MON-THU",
    "type": 2,
    "icao": 7,
    "bnd": [
     [
      37.5166667,
      21.0833333
     ],
     [
      37.8,
      21.3333333
     ]
    ]
   },
   "geometry": {
    "type": "Polygon",
    "coordinates": [
     [
      [
       21.0833333,
       37.8
      ],
      [
       21.2833333,
       37.8
      ],
      [
       21.3333333,
       37.5166667
      ],
      [
       21.1333333,
       37.5305556
      ],
      [
       21.0833333,
       37.8
      ]
     ]
    ]
   }
  },
  {
   "type": "Feature",
   "properties": {
    "ll": {
     "value": 0,
     "unit": 1,
     "referenceDatum": 0
    },
    "ul": {
     "value": 24000,
     "unit": 1,
     "referenceDatum": 1
    },
    "_id": "62614b365e9ded5710446b6f",
    "name": "LGD97: BY NOTAM",
    "type": 2,
    "icao": 7,
    "bnd": [
     [
      38.375,
      24.1777778
     ],
     [
      38.5486111,
      24.2972222
     ]
    ]
   },
   "geometry": {
    "type": "Polygon",
    "coordinates": [
     [
      [
       24.1916667,
       38.3902778
      ],
      [
       24.2472222,
       38.5472222
      ],
      [
       24.2972222,
       38.5486111
      ],
      [
       24.2958333,
       38.4138889
      ],
      [
       24.2083333,
       38.3833333
      ],
      [
       24.2,
       38.375
      ],
      [
       24.1777778,
       38.3847222
      ],
      [
       24.1916667,
       38.3902778
      ]
     ]
    ]
   }
  },
  {
   "type": "Feature",
   "properties": {
    "ll": {
     "value": 0,
     "unit": 1,
     "referenceDatum": 0
    },
    "ul": {
     "value": 10000,
     "unit": 1,
     "referenceDatum": 1
    },
    "_id": "62614b36cb27f4250944a5c6",
    "name": "LGD98: MON-FRI",
    "type": 2,
    "icao": 7,
    "bnd": [
     [
      41.0072222,
      26.0936111
     ],
     [
      41.0516667,
      26.1658333
     ]
    ]
   },
   "geometry": {
    "type": "Polygon",
    "coordinates": [
     [
      [
       26.1408333,
       41.0072222
      ],
      [
       26.0936111,
       41.0280556
      ],
      [
       26.1116667,
       41.0516667
      ],
      [
       26.1658333,
       41.0225
      ],
      [
       26.1408333,
       41.0072222
      ]
     ]
    ]
   }
  },
  {
   "type": "Feature",
   "properties": {
    "ll": {
     "value": 0,
     "unit": 1,
     "referenceDatum": 0
    },
    "ul": {
     "value": 1000,
     "unit": 1,
     "referenceDatum": 0
    },
    "_id": "62614b375e9ded5710446ba8",
    "name": "LGP7: CONT",
    "type": 3,
    "icao": 7,
    "bnd": [
     [
      37.9572222,
      23.3963889
     ],
     [
      37.9655556,
      23.4075
     ]
    ]
   },
   "geometry": {
    "type": "Polygon",
    "coordinates": [
     [
      [
       23.3963889,
       37.9655556
      ],
      [
       23.4075,
       37.9655556
      ],
      [
       23.4075,
       37.9572222
      ],
      [
       23.3963889,
       37.9572222
      ],
      [
       23.3963889,
       37.9655556
      ]
     ]
    ]
   }
  },
  {
   "type": "Feature",
   "properties": {
    "ll": {
     "value": 0,
     "unit": 1,
     "referenceDatum": 0
    },
    "ul": {
     "value": 3000,
     "unit": 1,
     "referenceDatum": 1
    },
    "_id": "62614b37cb27f4250944a5e6",
    "name": "LGP8: CONT",
    "type": 3,
    "icao": 7,
    "bnd": [
     [
      39.8488889,
      20.6658333
     ],
     [
      40.0655556,
      20.8991667
     ]
    ]
   },
   "geometry": {
    "type": "Polygon",
    "coordinates": [
     [
      [
       20.6658333,
       40.0322222
      ],
      [
       20.8991667,
       40.0655556
      ],
      [
       20.8991667,
       39.8488889
      ],
      [
       20.6658333,
       39.8988889
      ],
      [
       20.6658333,
       40.0322222
      ]
     ]
    ]
   }
  },
  {
   "type": "Feature",
   "properties": {
    "ll": {
     "value": 0,
     "unit": 1,
     "referenceDatum": 0
    },
    "ul": {
     "value": 2000,
     "unit": 1,
     "referenceDatum": 1
    },
    "_id": "62614b375e9ded5710446bb9",
    "name": "LGP9: CONT",
    "type": 3,
    "icao": 7,
    "bnd": [
     [
      37.9758683,
      23.7513605
     ],
     [
      38.0258165,
      23.8146971
     ]
    ]
   },
   "geometry": {
    "type": "Polygon",
    "coordinates": [
     [
      [
       23.7830556,
       38.0258165
      ],
      [
       23.788213,
       38.0254838
      ],
      [
       23.7932331,
       38.0244947
      ],
      [
       23.7979819,
       38.0228754
      ],
      [
       23.802333,
       38.0206692
      ],
      [
       23.8061705,
       38.0179348
      ],
      [
       23.8093922,
       38.0147451
      ],
      [
       23.8119123,
       38.0111851
      ],
      [
       23.8136639,
       38.0073495
      ],
      [
       23.8146004,
       38.0033405
      ],
      [
       23.8146971,
       37.9992649
      ],
      [
       23.8139514,
       37.9952312
      ],
      [
       23.8123834,
       37.9913466
      ],
      [
       23.8100349,
       37.9877148
      ],
      [
       23.8069686,
       37.9844321
      ],
      [
       23.803266,
       37.9815861
      ],
      [
       23.7990259,
       37.9792524
      ],
      [
       23.7943609,
       37.9774931
      ],
      [
       23.7893952,
       37.976355
      ],
      [
       23.784261,
       37.9758683
      ],
      [
       23.7790947,
       37.976046
      ],
      [
       23.7740337,
       37.9768834
      ],
      [
       23.7692127,
       37.9783582
      ],
      [
       23.7647598,
       37.9804312
      ],
      [
       23.7607937,
       37.9830472
      ],
      [
       23.7574197,
       37.9861367
      ],
      [
       23.7547279,
       37.9896174
      ],
      [
       23.7527898,
       37.9933968
      ],
      [
       23.7516573,
       37.9973742
      ],
      [
       23.7513605,
       38.0014438
      ],
      [
       23.7519075,
       38.0054973
      ],
      [
       23.7532839,
       38.0094267
      ],
      [
       23.7554532,
       38.0131274
      ],
      [
       23.7583577,
       38.0165008
      ],
      [
       23.7619201,
       38.0194571
      ],
      [
       23.7660456,
       38.0219176
      ],
      [
       23.7706244,
       38.0238166
      ],
      [
       23.7755344,
       38.0251035
      ],
      [
       23.7806448,
       38.0257442
      ],
      [
       23.7830556,
       38.0258165
      ]
     ]
    ]
   }
  },
  {
   "type": "Feature",
   "properties": {
    "ll": {
     "value": 0,
     "unit": 1,
     "referenceDatum": 0
    },
    "ul": {
     "value": 1000,
     "unit": 1,
     "referenceDatum": 1
    },
    "_id": "62614b37cb27f4250944a607",
    "name": "LGR21: CONT",
    "type": 1,
    "icao": 7,
    "bnd": [
     [
      37.8333333,
      23.1666667
     ],
     [
      37.9416667,
      23.3666667
     ]
    ]
   },
   "geometry": {
    "type": "Polygon",
    "coordinates": [
     [
      [
       23.1666667,
       37.8333333
      ],
      [
       23.1666667,
       37.9416667
      ],
      [
       23.3666667,
       37.9416667
      ],
      [
       23.3666667,
       37.8333333
      ],
      [
       23.1666667,
       37.8333333
      ]
     ]
    ]
   }
  },
  {
   "type": "Feature",
   "properties": {
    "ll": {
     "value": 0,
     "unit": 1,
     "referenceDatum": 0
    },
    "ul": {
     "value": 5000,
     "unit": 1,
     "referenceDatum": 1
    },
    "_id": "62614b375e9ded5710446bd8",
    "name": "LGR22: CONT",
    "type": 1,
    "icao": 7,
    "bnd": [
     [
      38.1666667,
      23.5
     ],
     [
      38.2333333,
      23.7166667
     ]
    ]
   },
   "geometry": {
    "type": "Polygon",
    "coordinates": [
     [
      [
       23.7166667,
       38.1666667
      ],
      [
       23.5,
       38.1666667
      ],
      [
       23.5,
       38.2333333
      ],
      [
       23.7166667,
       38.2333333
      ],
      [
       23.7166667,
       38.1666667
      ]
     ]
    ]
   }
  },
  {
   "type": "Feature",
   "properties": {
    "ll": {
     "value": 0,
     "unit": 1,
     "referenceDatum": 0
    },
    "ul": {
     "value": 5000,
     "unit": 1,
     "referenceDatum": 1
    },
    "_id": "62614b385e9ded5710446be1",
    "name": "LGR23A: CONT",
    "type": 1,
    "icao": 7,
    "bnd": [
     [
      38.1666667,
      24.0333333
     ],
     [
      38.3,
      24.3
     ]
    ]
   },
   "geometry": {
    "type": "Polygon",
    "coordinates": [
     [
      [
       24.0333333,
       38.1666667
      ],
      [
       24.0333333,
       38.2333333
      ],
      [
       24.0666667,
       38.2333333
      ],
      [
       24.0666667,
       38.3
      ],
      [
       24.3,
       38.3
      ],
      [
       24.2666667,
       38.2166667
      ],
      [
       24.1833333,
       38.1666667
      ],
      [
       24.0333333,
       38.1666667
      ]
     ]
    ]
   }
  },
  {
   "type": "Feature",
   "properties": {
    "ll": {
     "value": 0,
     "unit": 1,
     "referenceDatum": 0
    },
    "ul": {
     "value": 2000,
     "unit": 1,
     "referenceDatum": 1
    },
    "_id": "62614b385e9ded5710446bec",
    "name": "LGR23B: CONT",
    "type": 1,
    "icao": 7,
    "bnd": [
     [
      38.1666667,
      23.8333333
     ],
     [
      38.1833333,
      24.0333333
     ]
    ]
   },
   "geometry": {
    "type": "Polygon",
    "coordinates": [
     [
      [
       24.0333333,
       38.1666667
      ],
      [
       23.8333333,
       38.1666667
      ],
      [
       23.8333333,
       38.1833333
      ],
      [
       24.0333333,
       38.1833333
      ],
      [
       24.0333333,
       38.1666667
      ]
     ]
    ]
   }
  },
  {
   "type": "Feature",
   "properties": {
    "ll": {
     "value": 3500,
     "unit": 1,
     "referenceDatum": 1
    },
    "ul": {
     "value": 5000,
     "unit": 1,
     "referenceDatum": 1
    },
    "_id": "62614b385e9ded5710446bf6",
    "name": "LGR24: CONT",
    "type": 1,
    "icao": 7,
    "bnd": [
     [
      38.05,
      23.6166667
     ],
     [
      38.1166667,
      23.6833333
     ]
    ]
   },
   "geometry": {
    "type": "Polygon",
    "coordinates": [
     [
      [
       23.6166667,
       38.05
      ],
      [
       23.6166667,
       38.1166667
      ],
      [
       23.6666667,
       38.1166667
      ],
      [
       23.6833333,
       38.05
      ],
      [
       23.6166667,
       38.05
      ]
     ]
    ]
   }
  },
  {
   "type": "Feature",
   "properties": {
    "ll": {
     "value": 0,
     "unit": 1,
     "referenceDatum": 0
    },
    "ul": {
     "value": 5000,
     "unit": 1,
     "referenceDatum": 1
    },
    "_id": "62614b385e9ded5710446c03",
    "name": "LGR25: BY NOTAM",
    "type": 1,
    "icao": 7,
    "bnd": [
     [
      38.15,
      23
     ],
     [
      38.25,
      23.25
     ]
    ]
   },
   "geometry": {
    "type": "Polygon",
    "coordinates": [
     [
      [
       23,
       38.25
      ],
      [
       23.25,
       38.25
      ],
      [
       23.25,
       38.1666667
      ],
      [
       23.0166667,
       38.15
      ],
      [
       23,
       38.25
      ]
     ]
    ]
   }
  },
  {
   "type": "Feature",
   "properties": {
    "ll": {
     "value": 0,
     "unit": 1,
     "referenceDatum": 0
    },
    "ul": {
     "value": 5000,
     "unit": 1,
     "referenceDatum": 1
    },
    "_id": "62614b385e9ded5710446c10",
    "name": "LGR26: BY NOTAM",
    "type": 1,
    "icao": 7,
    "bnd": [
     [
      38.1666667,
      23.25
     ],
     [
      38.25,
      23.4
     ]
    ]
   },
   "geometry": {
    "type": "Polygon",
    "coordinates": [
     [
      [
       23.25,
       38.25
      ],
      [
       23.4,
       38.25
      ],
      [
       23.4,
       38.1666667
      ],
      [
       23.25,
       38.1666667
      ],
      [
       23.25,
       38.25
      ]
     ]
    ]
   }
  },
  {
   "type": "Feature",
   "properties": {
    "ll": {
     "value": 0,
     "unit": 1,
     "referenceDatum": 0
    },
    "ul": {
     "value": 24000,
     "unit": 1,
     "referenceDatum": 1
    },
    "_id": "62614b385e9ded5710446c1a",
    "name": "LGR27: MON-FRI",
    "type": 1,
    "icao": 7,
    "bnd": [
     [
      34.7666667,
      24.4666667
     ],
     [
      35.1166667,
      25.3166667
     ]
    ]
   },
   "geometry": {
    "type": "Polygon",
    "coordinates": [
     [
      [
       24.4666667,
       35
      ],
      [
       24.8,
       35
      ],
      [
       24.7833333,
       35.1166667
      ],
      [
       24.9166667,
       35.0833333
      ],
      [
       24.9166667,
       35
      ],
      [
       25.3166667,
       35
      ],
      [
       25.3166667,
       34.8166667
      ],
      [
       24.9,
       34.7666667
      ],
      [
       24.4666667,
       35
      ]
     ]
    ]
   }
  },
  {
   "type": "Feature",
   "properties": {
    "ll": {
     "value": 0,
     "unit": 1,
     "referenceDatum": 0
    },
    "ul": {
     "value": 1000,
     "unit": 1,
     "referenceDatum": 1
    },
    "_id": "62614b385e9ded5710446c24",
    "name": "LGR28: CONT",
    "type": 1,
    "icao": 7,
    "bnd": [
     [
      35.4680556,
      24.0663889
     ],
     [
      35.5011111,
      24.1666667
     ]
    ]
   },
   "geometry": {
    "type": "Polygon",
    "coordinates": [
     [
      [
       24.1666667,
       35.5011111
      ],
      [
       24.1666667,
       35.4680556
      ],
      [
       24.0663889,
       35.4680556
      ],
      [
       24.0663889,
       35.5011111
      ],
      [
       24.1666667,
       35.5011111
      ]
     ]
    ]
   }
  },
  {
   "type": "Feature",
   "properties": {
    "ll": {
     "value": 0,
     "unit": 1,
     "referenceDatum": 0
    },
    "ul": {
     "value": 1000,
     "unit": 1,
     "referenceDatum": 1
    },
    "_id": "62614b385e9ded5710446c31",
    "name": "LGR58A: CONT",
    "type": 1,
    "icao": 7,
    "bnd": [
     [
      38.1213889,
      23.95
     ],
     [
      38.1694444,
      24.1805556
     ]
    ]
   },
   "geometry": {
    "type": "Polygon",
    "coordinates": [
     [
      [
       23.95,
       38.1694444
      ],
      [
       24.1805556,
       38.1694444
      ],
      [
       24.1805556,
       38.1277778
      ],
      [
       24.0583333,
       38.1222222
      ],
      [
       23.9916667,
       38.1213889
      ],
      [
       23.95,
       38.1694444
      ]
     ]
    ]
   }
  },
  {
   "type": "Feature",
   "properties": {
    "ll": {
     "value": 0,
     "unit": 1,
     "referenceDatum": 0
    },
    "ul": {
     "value": 2000,
     "unit": 1,
     "referenceDatum": 1
    },
    "_id": "62614b385e9ded5710446c3a",
    "name": "LGR58B: CONT",
    "type": 1,
    "icao": 7,
    "bnd": [
     [
      38.1277778,
      24.1805556
     ],
     [
      38.1694444,
      24.3666667
     ]
    ]
   },
   "geometry": {
    "type": "Polygon",
    "coordinates": [
     [
      [
       24.1805556,
       38.1694444
      ],
      [
       24.3666667,
       38.1583333
      ],
      [
       24.1805556,
       38.1277778
      ],
      [
       24.1805556,
       38.1694444
      ]
     ]
    ]
   }
  },
  {
   "type": "Feature",
   "properties": {
    "ll": {
     "value": 0,
     "unit": 1,
     "referenceDatum": 0
    },
    "ul": {
     "value": 1000,
     "unit": 1,
     "referenceDatum": 1
    },
    "_id": "62614b385e9ded5710446c48",
    "name": "LGR59: CONT",
    "type": 1,
    "icao": 7,
    "bnd": [
     [
      37.7666667,
      24.2333333
     ],
     [
      37.9666667,
      24.6333333
     ]
    ]
   },
   "geometry": {
    "type": "Polygon",
    "coordinates": [
     [
      [
       24.2333333,
       37.9666667
      ],
      [
       24.6333333,
       37.9666667
      ],
      [
       24.6333333,
       37.7666667
      ],
      [
       24.2333333,
       37.7666667
      ],
      [
       24.2333333,
       37.9666667
      ]
     ]
    ]
   }
  }
 ]
}