{
 "type": "FeatureCollection",
 "countryCode": "se",
 "features": [
  {
   "type": "Feature",
   "properties": {
    "ll": {
     "value": 490,
     "unit": 0,
     "referenceDatum": 1
    },
    "ul": {
     "value": 90,
     "unit": 6,
     "referenceDatum": 2
    },
    "_id": "62e0fb71fd421ae8bc07a430",
    "name": "22 MITT",
    "type": 21,
    "icao": 7,
    "bnd": [
     [
      58.2372222,
      16.2575
     ],
     [
      58.3738889,
      16.5744444
     ]
    ]
   },
   "geometry": {
    "type": "Polygon",
    "coordinates": [
     [
      [
       16.2575,
       58.3527778
      ],
      [
       16.5041667,
       58.3738889
      ],
      [
       16.5744444,
       58.2816667
      ],
      [
       16.2644444,
       58.2372222
      ],
      [
       16.2575,
       58.3527778
      ]
     ]
    ]
   }
  },
  {
   "type": "Feature",
   "properties": {
    "ll": {
     "value": 490,
     "unit": 0,
     "referenceDatum": 1
    },
    "ul": {
     "value": 90,
     "unit": 6,
     "referenceDatum": 2
    },
    "_id": "62e0fb71fd421ae8bc07a425",
    "name": "22 NORD",
    "type": 21,
    "icao": 7,
    "bnd": [
     [
      58.3527778,
      16.2502778
     ],
     [
      58.4930556,
      16.5041667
     ]
    ]
   },
   "geometry": {
    "type": "Polygon",
    "coordinates": [
     [
      [
       16.2502778,
       58.4930556
      ],
      [
       16.4236111,
       58.4780556
      ],
      [
       16.5041667,
       58.3738889
      ],
      [
       16.2575,
       58.3527778
      ],
      [
       16.2502778,
       58.4930556
      ]
     ]
    ]
   }
  },
  {
   "type": "Feature",
   "properties": {
    "ll": {
     "value": 490,
     "unit": 0,
     "referenceDatum": 1
    },
    "ul": {
     "value": 90,
     "unit": 6,
     "referenceDatum": 2
    },
    "_id": "62e0fb71fd421ae8bc07a43a",
    "name": "22 SYD",
    "type": 21,
    "icao": 7,
    "bnd": [
     [
      58.0138889,
      16.2644444
     ],
     [
      58.2816667,
      16.6527778
     ]
    ]
   },
   "geometry": {
    "type": "Polygon",
    "coordinates": [
     [
      [
       16.2644444,
       58.2372222
      ],
      [
       16.5744444,
       58.2816667
      ],
      [
       16.6527778,
       58.18
      ],
      [
       16.435,
       58.13
      ],
      [
       16.2744444,
       58.0138889
      ],
      [
       16.2644444,
       58.2372222
      ]
     ]
    ]
   }
  },
  {
   "type": "Feature",
   "properties": {
    "ll": {
     "value": 490,
     "unit": 0,
     "referenceDatum": 1
    },
    "ul": {
     "value": 90,
     "unit": 6,
     "referenceDatum": 2
    },
    "_id": "62e0fb72fd421ae8bc07a494",
    "name": "32 MITT",
    "type": 21,
    "icao": 7,
    "bnd": [
     [
      58.1886111,
      14.8741667
     ],
     [
      58.3386111,
      15.1488889
     ]
    ]
   },
   "geometry": {
    "type": "Polygon",
    "coordinates": [
     [
      [
       15.1488889,
       58.3386111
      ],
      [
       15.1286111,
       58.2044444
      ],
      [
       14.8741667,
       58.1886111
      ],
      [
       14.8886111,
       58.2413889
      ],
      [
       14.9263889,
       58.2875
      ],
      [
       15.1488889,
       58.3386111
      ]
     ]
    ]
   }
  },
  {
   "type": "Feature",
   "properties": {
    "ll": {
     "value": 490,
     "unit": 0,
     "referenceDatum": 1
    },
    "ul": {
     "value": 90,
     "unit": 6,
     "referenceDatum": 2
    },
    "_id": "62e0fb72fd421ae8bc07a48a",
    "name": "32 NORD",
    "type": 21,
    "icao": 7,
    "bnd": [
     [
      58.2875,
      14.9263889
     ],
     [
      58.4347222,
      15.1638889
     ]
    ]
   },
   "geometry": {
    "type": "Polygon",
    "coordinates": [
     [
      [
       15.1638889,
       58.4347222
      ],
      [
       15.1488889,
       58.3386111
      ],
      [
       14.9263889,
       58.2875
      ],
      [
       15.0233333,
       58.4066667
      ],
      [
       15.0933333,
       58.3916667
      ],
      [
       15.1638889,
       58.4347222
      ]
     ]
    ]
   }
  },
  {
   "type": "Feature",
   "properties": {
    "ll": {
     "value": 490,
     "unit": 0,
     "referenceDatum": 1
    },
    "ul": {
     "value": 90,
     "unit": 6,
     "referenceDatum": 2
    },
    "_id": "62e0fb72fd421ae8bc07a49e",
    "name": "32 SYD",
    "type": 21,
    "icao": 7,
    "bnd": [
     [
      58.0838889,
      14.8597222
     ],
     [
      58.2044444,
      15.1286111
     ]
    ]
   },
   "geometry": {
    "type": "Polygon",
    "coordinates": [
     [
      [
       15.1286111,
       58.2044444
      ],
      [
       15.1102778,
       58.0838889
      ],
      [
       14.8597222,
       58.1361111
      ],
      [
       14.8741667,
       58.1886111
      ],
      [
       15.1286111,
       58.2044444
      ]
     ]
    ]
   }
  },
  {
   "type": "Feature",
   "properties": {
    "ll": {
     "value": 0,
     "unit": 1,
     "referenceDatum": 0
    },
    "ul": {
     "value": 90,
     "unit": 6,
     "referenceDatum": 2
    },
    "_id": "62e0fb70fd421ae8bc07a3d6",
    "name": "ÅBY",
    "type": 21,
    "icao": 7,
    "bnd": [
     [
      58.6363889,
      16.0611111
     ],
     [
      58.7027778,
      16.3238889
     ]
    ]
   },
   "geometry": {
    "type": "Polygon",
    "coordinates": [
     [
      [
       16.2138889,
       58.7027778
      ],
      [
       16.3238889,
       58.6363889
      ],
      [
       16.1694444,
       58.6366667
      ],
      [
       16.1147222,
       58.6372222
      ],
      [
       16.0611111,
       58.65
      ],
      [
       16.0833333,
       58.6888889
      ],
      [
       16.2138889,
       58.7027778
      ]
     ]
    ]
   }
  },
  {
   "type": "Feature",
   "properties": {
    "ll": {
     "value": 760,
     "unit": 0,
     "referenceDatum": 1
    },
    "ul": {
     "value": 1200,
     "unit": 0,
     "referenceDatum": 1
    },
    "_id": "62e0fb59fd421ae8bc079b84",
    "name": "ALINGSÅS",
    "type": 21,
    "icao": 7,
    "bnd": [
     [
      57.8927778,
      12.4097222
     ],
     [
      58.1138889,
      12.785
     ]
    ]
   },
   "geometry": {
    "type": "Polygon",
    "coordinates": [
     [
      [
       12.785,
       58.1080556
      ],
      [
       12.7780556,
       57.8927778
      ],
      [
       12.6916667,
       57.9180556
      ],
      [
       12.5136111,
       57.9722222
      ],
      [
       12.4097222,
       58.0391667
      ],
      [
       12.4972222,
       58.1138889
      ],
      [
       12.785,
       58.1080556
      ]
     ]
    ]
   }
  },
  {
   "type": "Feature",
   "properties": {
    "ll": {
     "value": 1370,
     "unit": 0,
     "referenceDatum": 1
    },
    "ul": {
     "value": 90,
     "unit": 6,
     "referenceDatum": 2
    },
    "_id": "62e0fb5bfd421ae8bc079c5f",
    "name": "ANEBY",
    "type": 21,
    "icao": 7,
    "bnd": [
     [
      57.6630556,
      14.4766667
     ],
     [
      57.8219444,
      14.8066667
     ]
    ]
   },
   "geometry": {
    "type": "Polygon",
    "coordinates": [
     [
      [
       14.4766667,
       57.6811111
      ],
      [
       14.8066667,
       57.8219444
      ],
      [
       14.7094444,
       57.7141667
      ],
      [
       14.4780556,
       57.6630556
      ],
      [
       14.4766667,
       57.6811111
      ]
     ]
    ]
   }
  },
  {
   "type": "Feature",
   "properties": {
    "ll": {
     "value": 460,
     "unit": 0,
     "referenceDatum": 1
    },
    "ul": {
     "value": 95,
     "unit": 6,
     "referenceDatum": 2
    },
    "_id": "62e0fb6afd421ae8bc07a1ae",
    "name": "ÄNGELHOLM A",
    "type": 0,
    "icao": 2,
    "bnd": [
     [
      56.3222222,
      12.4427778
     ],
     [
      56.5888889,
      13.4122222
     ]
    ]
   },
   "geometry": {
    "type": "Polygon",
    "coordinates": [
     [
      [
       13.0705556,
       56.5888889
      ],
      [
       13.4122222,
       56.3222222
      ],
      [
       12.4427778,
       56.3866667
      ],
      [
       12.5683333,
       56.5508333
      ],
      [
       12.6230556,
       56.4652778
      ],
      [
       12.7669444,
       56.4380556
      ],
      [
       12.9588889,
       56.4766667
      ],
      [
       13.0705556,
       56.5888889
      ]
     ]
    ]
   }
  },
  {
   "type": "Feature",
   "properties": {
    "ll": {
     "value": 460,
     "unit": 0,
     "referenceDatum": 1
    },
    "ul": {
     "value": 65,
     "unit": 6,
     "referenceDatum": 2
    },
    "_id": "62e0fb6afd421ae8bc07a1b7",
    "name": "ÄNGELHOLM B",
    "type": 0,
    "icao": 2,
    "bnd": [
     [
      56.1966667,
      12.4427778
     ],
     [
      56.3866667,
      13.4122222
     ]
    ]
   },
   "geometry": {
    "type": "Polygon",
    "coordinates": [
     [
      [
       12.4427778,
       56.3866667
      ],
      [
       13.4122222,
       56.3222222
      ],
      [
       12.8077778,
       56.1966667
      ],
      [
       12.4427778,
       56.3866667
      ]
     ]
    ]
   }
  },
  {
   "type": "Feature",
   "properties": {
    "ll": {
     "value": 1370,
     "unit": 0,
     "referenceDatum": 1
    },
    "ul": {
     "value": 95,
     "unit": 6,
     "referenceDatum": 2
    },
    "_id": "62e0fb6bfd421ae8bc07a1c3",
    "name": "ÄNGELHOLM C",
    "type": 0,
    "icao": 2,
    "bnd": [
     [
      56.3222222,
      13.0705556
     ],
     [
      56.7597222,
      13.4427778
     ]
    ]
   },
   "geometry": {
    "type": "Polygon",
    "coordinates": [
     [
      [
       13.2472222,
       56.7597222
      ],
      [
       13.4427778,
       56.6791667
      ],
      [
       13.4122222,
       56.3222222
      ],
      [
       13.0705556,
       56.5888889
      ],
      [
       13.1522222,
       56.6702778
      ],
      [
       13.2472222,
       56.7597222
      ]
     ]
    ]
   }
  },
  {
   "type": "Feature",
   "properties": {
    "ll": {
     "value": 0,
     "unit": 1,
     "referenceDatum": 0
    },
    "ul": {
     "value": 460,
     "unit": 0,
     "referenceDatum": 1
    },
    "_id": "62e0fb6bfd421ae8bc07a1e1",
    "name": "ÄNGELHOLM CTR",
    "type": 4,
    "icao": 3,
    "bnd": [
     [
      56.1583333,
      12.5486111
     ],
     [
      56.4558333,
      13.1005556
     ]
    ]
   },
   "geometry": {
    "type": "Polygon",
    "coordinates": [
     [
      [
       12.6725,
       56.4558333
      ],
      [
       13.0555556,
       56.3830556
      ],
      [
       13.1005556,
       56.2166667
      ],
      [
       13.0011111,
       56.1583333
      ],
      [
       12.7808333,
       56.2122222
      ],
      [
       12.7141667,
       56.2497222
      ],
      [
       12.5486111,
       56.3827778
      ],
      [
       12.6725,
       56.4558333
      ]
     ]
    ]
   }
  },
  {
   "type": "Feature",
   "properties": {
    "ll": {
     "value": 1370,
     "unit": 0,
     "referenceDatum": 1
    },
    "ul": {
     "value": 60,
     "unit": 6,
     "referenceDatum": 2
    },
    "_id": "62e0fb6cfd421ae8bc07a26c",
    "name": "ARBOGA",
    "type": 21,
    "icao": 7,
    "bnd": [
     [
      59.3716667,
      15.7466667
     ],
     [
      59.5180556,
      15.9866667
     ]
    ]
   },
   "geometry": {
    "type": "Polygon",
    "coordinates": [
     [
      [
       15.9183333,
       59.5180556
      ],
      [
       15.9866667,
       59.4608333
      ],
      [
       15.8308333,
       59.3716667
      ],
      [
       15.7466667,
       59.4502778
      ],
      [
       15.9183333,
       59.5180556
      ]
     ]
    ]
   }
  },
  {
   "type": "Feature",
   "properties": {
    "ll": {
     "value": 0,
     "unit": 1,
     "referenceDatum": 0
    },
    "ul": {
     "value": 610,
     "unit": 0,
     "referenceDatum": 1
    },
    "_id": "62e0fb65fd421ae8bc079fb8",
    "name": "ARLANDA CTR E",
    "type": 4,
    "icao": 3,
    "bnd": [
     [
      59.4911111,
      17.8838889
     ],
     [
      59.8161111,
      18.3213889
     ]
    ]
   },
   "geometry": {
    "type": "Polygon",
    "coordinates": [
     [
      [
       17.9988889,
       59.8161111
      ],
      [
       18.1797222,
       59.8161111
      ],
      [
       18.2547222,
       59.7744444
      ],
      [
       18.3213889,
       59.6327778
      ],
      [
       17.9633333,
       59.4911111
      ],
      [
       17.8838889,
       59.4983333
      ],
      [
       17.9988889,
       59.8161111
      ]
     ]
    ]
   }
  },
  {
   "type": "Feature",
   "properties": {
    "ll": {
     "value": 0,
     "unit": 1,
     "referenceDatum": 0
    },
    "ul": {
     "value": 610,
     "unit": 0,
     "referenceDatum": 1
    },
    "_id": "62e0fb65fd421ae8bc079fae",
    "name": "ARLANDA CTR W",
    "type": 4,
    "icao": 3,
    "bnd": [
     [
      59.4983333,
      17.6966667
     ],
     [
      59.8161111,
      17.9988889
     ]
    ]
   },
   "geometry": {
    "type": "Polygon",
    "coordinates": [
     [
      [
       17.78,
       59.8161111
      ],
      [
       17.9988889,
       59.8161111
      ],
      [
       17.8838889,
       59.4983333
      ],
      [
       17.78,
       59.5077778
      ],
      [
       17.6966667,
       59.5577778
      ],
      [
       17.78,
       59.8161111
      ]
     ]
    ]
   }
  },
  {
   "type": "Feature",
   "properties": {
    "ll": {
     "value": 980,
     "unit": 0,
     "referenceDatum": 1
    },
    "ul": {
     "value": 95,
     "unit": 6,
     "referenceDatum": 2
    },
    "_id": "62e0fb55fd421ae8bc079ab4",
    "name": "ARVIDSJAUR A",
    "type": 0,
    "icao": 2,
    "bnd": [
     [
      65.4716667,
      18.4527778
     ],
     [
      65.8788889,
      19.4552778
     ]
    ]
   },
   "geometry": {
    "type": "Polygon",
    "coordinates": [
     [
      [
       18.8563889,
       65.8788889
      ],
      [
       19.4552778,
       65.6852778
      ],
      [
       19.0522222,
       65.4716667
      ],
      [
       18.4527778,
       65.6644444
      ],
      [
       18.8563889,
       65.8788889
      ]
     ]
    ]
   }
  },
  {
   "type": "Feature",
   "properties": {
    "ll": {
     "value": 820,
     "unit": 0,
     "referenceDatum": 1
    },
    "ul": {
     "value": 95,
     "unit": 6,
     "referenceDatum": 2
    },
    "_id": "62e0fb56fd421ae8bc079abb",
    "name": "ARVIDSJAUR B",
    "type": 0,
    "icao": 2,
    "bnd": [
     [
      65.2505556,
      19.0522222
     ],
     [
      65.6852778,
      20.0663889
     ]
    ]
   },
   "geometry": {
    "type": "Polygon",
    "coordinates": [
     [
      [
       19.4552778,
       65.6852778
      ],
      [
       20.0663889,
       65.4827778
      ],
      [
       19.7211111,
       65.2505556
      ],
      [
       19.0522222,
       65.4716667
      ],
      [
       19.4552778,
       65.6852778
      ]
     ]
    ]
   }
  },
  {
   "type": "Feature",
   "properties": {
    "ll": {
     "value": 1370,
     "unit": 0,
     "referenceDatum": 1
    },
    "ul": {
     "value": 95,
     "unit": 6,
     "referenceDatum": 2
    },
    "_id": "62e0fb56fd421ae8bc079ac6",
    "name": "ARVIDSJAUR C",
    "type": 0,
    "icao": 2,
    "bnd": [
     [
      65.0494444,
      18.4527778
     ],
     [
      65.6644444,
      19.7211111
     ]
    ]
   },
   "geometry": {
    "type": "Polygon",
    "coordinates": [
     [
      [
       18.4527778,
       65.6644444
      ],
      [
       19.0522222,
       65.4716667
      ],
      [
       19.7211111,
       65.2505556
      ],
      [
       19.4341667,
       65.0494444
      ],
      [
       18.4852778,
       65.3608333
      ],
      [
       18.4527778,
       65.6644444
      ]
     ]
    ]
   }
  },
  {
   "type": "Feature",
   "properties": {
    "ll": {
     "value": 0,
     "unit": 1,
     "referenceDatum": 0
    },
    "ul": {
     "value": 980,
     "unit": 0,
     "referenceDatum": 1
    },
    "_id": "62e0fb56fd421ae8bc079ad0",
    "name": "ARVIDSJAUR CTR",
    "type": 4,
    "icao": 3,
    "bnd": [
     [
      65.4377778,
      18.8658333
     ],
     [
      65.7330556,
      19.7141667
     ]
    ]
   },
   "geometry": {
    "type": "Polygon",
    "coordinates": [
     [
      [
       18.9586111,
       65.7330556
      ],
      [
       19.3105556,
       65.7061111
      ],
      [
       19.4186111,
       65.6661111
      ],
      [
       19.56,
       65.5983333
      ],
      [
       19.7141667,
       65.4930556
      ],
      [
       19.6080556,
       65.4377778
      ],
      [
       19.3891667,
       65.4552778
      ],
      [
       19.1372222,
       65.5172222
      ],
      [
       18.8658333,
       65.6838889
      ],
      [
       18.9586111,
       65.7330556
      ]
     ]
    ]
   }
  },
  {
   "type": "Feature",
   "properties": {
    "ll": {
     "value": 980,
     "unit": 0,
     "referenceDatum": 1
    },
    "ul": {
     "value": 1520,
     "unit": 0,
     "referenceDatum": 1
    },
    "_id": "62e0fb73fd421ae8bc07a4d2",
    "name": "ARVIDSJAUR TIA A",
    "type": 0,
    "icao": 4,
    "bnd": [
     [
      65.4716667,
      18.4527778
     ],
     [
      65.8788889,
      19.4552778
     ]
    ]
   },
   "geometry": {
    "type": "Polygon",
    "coordinates": [
     [
      [
       18.8563889,
       65.8788889
      ],
      [
       19.4552778,
       65.6852778
      ],
      [
       19.0522222,
       65.4716667
      ],
      [
       18.4527778,
       65.6644444
      ],
      [
       18.8563889,
       65.8788889
      ]
     ]
    ]
   }
  },
  {
   "type": "Feature",
   "properties": {
    "ll": {
     "value": 820,
     "unit": 0,
     "referenceDatum": 1
    },
    "ul": {
     "value": 1520,
     "unit": 0,
     "referenceDatum": 1
    },
    "_id": "62e0fb73fd421ae8bc07a4db",
    "name": "ARVIDSJAUR TIA B",
    "type": 0,
    "icao": 4,
    "bnd": [
     [
      65.2505556,
      19.0522222
     ],
     [
      65.6852778,
      20.0663889
     ]
    ]
   },
   "geometry": {
    "type": "Polygon",
    "coordinates": [
     [
      [
       19.4552778,
       65.6852778
      ],
      [
       20.0663889,
       65.4827778
      ],
      [
       19.7211111,
       65.2505556
      ],
      [
       19.0522222,
       65.4716667
      ],
      [
       19.4552778,
       65.6852778
      ]
     ]
    ]
   }
  },
  {
   "type": "Feature",
   "properties": {
    "ll": {
     "value": 0,
     "unit": 1,
     "referenceDatum": 0
    },
    "ul": {
     "value": 980,
     "unit": 0,
     "referenceDatum": 1
    },
    "_id": "62e0fb73fd421ae8bc07a4e7",
    "name": "ARVIDSJAUR TIZ",
    "type": 0,
    "icao": 5,
    "bnd": [
     [
      65.4377778,
      18.8658333
     ],
     [
      65.7330556,
      19.7141667
     ]
    ]
   },
   "geometry": {
    "type": "Polygon",
    "coordinates": [
     [
      [
       18.9586111,
       65.7330556
      ],
      [
       19.3105556,
       65.7061111
      ],
      [
       19.4186111,
       65.6661111
      ],
      [
       19.56,
       65.5983333
      ],
      [
       19.7141667,
       65.4930556
      ],
      [
       19.6080556,
       65.4377778
      ],
      [
       19.3891667,
       65.4552778
      ],
      [
       19.1372222,
       65.5172222
      ],
      [
       18.8658333,
       65.6838889
      ],
      [
       18.9586111,
       65.7330556
      ]
     ]
    ]
   }
  },
  {
   "type": "Feature",
   "properties": {
    "ll": {
     "value": 610,
     "unit": 0,
     "referenceDatum": 1
    },
    "ul": {
     "value": 60,
     "unit": 6,
     "referenceDatum": 2
    },
    "_id": "62e0fb6dfd421ae8bc07a280",
    "name": "ASKER",
    "type": 21,
    "icao": 7,
    "bnd": [
     [
      59.0983333,
      15.2394444
     ],
     [
      59.2686111,
      15.5402778
     ]
    ]
   },
   "geometry": {
    "type": "Polygon",
    "coordinates": [
     [
      [
       15.2394444,
       59.1308333
      ],
      [
       15.4925,
       59.2686111
      ],
      [
       15.5402778,
       59.2041667
      ],
      [
       15.3494444,
       59.0983333
      ],
      [
       15.2394444,
       59.1308333
      ]
     ]
    ]
   }
  },
  {
   "type": "Feature",
   "properties": {
    "ll": {
     "value": 460,
     "unit": 0,
     "referenceDatum": 1
    },
    "ul": {
     "value": 60,
     "unit": 6,
     "referenceDatum": 2
    },
    "_id": "62e0fb6bfd421ae8bc07a1f4",
    "name": "ÅSTORP",
    "type": 21,
    "icao": 7,
    "bnd": [
     [
      56.0872222,
      12.8077778
     ],
     [
      56.2008333,
      13.0255556
     ]
    ]
   },
   "geometry": {
    "type": "Polygon",
    "coordinates": [
     [
      [
       12.8275,
       56.2008333
      ],
      [
       13.0011111,
       56.1583333
      ],
      [
       13.0255556,
       56.155
      ],
      [
       12.9825,
       56.0872222
      ],
      [
       12.8077778,
       56.1966667
      ],
      [
       12.8275,
       56.2008333
      ]
     ]
    ]
   }
  },
  {
   "type": "Feature",
   "properties": {
    "ll": {
     "value": 0,
     "unit": 1,
     "referenceDatum": 0
    },
    "ul": {
     "value": 90,
     "unit": 6,
     "referenceDatum": 2
    },
    "_id": "62e0fb71fd421ae8bc07a44f",
    "name": "ÅTVID MITT",
    "type": 21,
    "icao": 7,
    "bnd": [
     [
      58.1675,
      15.7897222
     ],
     [
      58.3527778,
      16.2644444
     ]
    ]
   },
   "geometry": {
    "type": "Polygon",
    "coordinates": [
     [
      [
       15.9244444,
       58.3241667
      ],
      [
       16.2575,
       58.3527778
      ],
      [
       16.2644444,
       58.2372222
      ],
      [
       15.7897222,
       58.1675
      ],
      [
       15.9244444,
       58.3241667
      ]
     ]
    ]
   }
  },
  {
   "type": "Feature",
   "properties": {
    "ll": {
     "value": 0,
     "unit": 1,
     "referenceDatum": 0
    },
    "ul": {
     "value": 90,
     "unit": 6,
     "referenceDatum": 2
    },
    "_id": "62e0fb71fd421ae8bc07a444",
    "name": "ÅTVID NORD",
    "type": 21,
    "icao": 7,
    "bnd": [
     [
      58.3241667,
      15.9244444
     ],
     [
      58.5066667,
      16.2575
     ]
    ]
   },
   "geometry": {
    "type": "Polygon",
    "coordinates": [
     [
      [
       16.0833333,
       58.5066667
      ],
      [
       16.2502778,
       58.4930556
      ],
      [
       16.2575,
       58.3527778
      ],
      [
       15.9244444,
       58.3241667
      ],
      [
       16.0833333,
       58.5066667
      ]
     ]
    ]
   }
  },
  {
   "type": "Feature",
   "properties": {
    "ll": {
     "value": 490,
     "unit": 0,
     "referenceDatum": 1
    },
    "ul": {
     "value": 90,
     "unit": 6,
     "referenceDatum": 2
    },
    "_id": "62e0fb72fd421ae8bc07a458",
    "name": "ÅTVID SYD",
    "type": 21,
    "icao": 7,
    "bnd": [
     [
      57.8694444,
      15.7547222
     ],
     [
      58.2372222,
      16.2744444
     ]
    ]
   },
   "geometry": {
    "type": "Polygon",
    "coordinates": [
     [
      [
       15.7897222,
       58.1675
      ],
      [
       16.2644444,
       58.2372222
      ],
      [
       16.2744444,
       58.0138889
      ],
      [
       16.0769444,
       57.8694444
      ],
      [
       15.7547222,
       57.9469444
      ],
      [
       15.7897222,
       58.1675
      ]
     ]
    ]
   }
  },
  {
   "type": "Feature",
   "properties": {
    "ll": {
     "value": 1370,
     "unit": 0,
     "referenceDatum": 1
    },
    "ul": {
     "value": 60,
     "unit": 6,
     "referenceDatum": 2
    },
    "_id": "62e0fb6cfd421ae8bc07a262",
    "name": "BERTIL",
    "type": 21,
    "icao": 7,
    "bnd": [
     [
      59.2041667,
      15.3077778
     ],
     [
      59.5758333,
      15.9866667
     ]
    ]
   },
   "geometry": {
    "type": "Polygon",
    "coordinates": [
     [
      [
       15.8491667,
       59.5758333
      ],
      [
       15.9866667,
       59.4608333
      ],
      [
       15.5402778,
       59.2041667
      ],
      [
       15.3077778,
       59.5222222
      ],
      [
       15.8491667,
       59.5758333
      ]
     ]
    ]
   }
  },
  {
   "type": "Feature",
   "properties": {
    "ll": {
     "value": 760,
     "unit": 0,
     "referenceDatum": 1
    },
    "ul": {
     "value": 900,
     "unit": 0,
     "referenceDatum": 1
    },
    "_id": "62e0fb62fd421ae8bc079ec6",
    "name": "BJÖRKA",
    "type": 21,
    "icao": 7,
    "bnd": [
     [
      55.5883333,
      13.6369444
     ],
     [
      55.7955556,
      13.7183333
     ]
    ]
   },
   "geometry": {
    "type": "Polygon",
    "coordinates": [
     [
      [
       13.7069444,
       55.7894444
      ],
      [
       13.7183333,
       55.7955556
      ],
      [
       13.6863889,
       55.6272222
      ],
      [
       13.6463889,
       55.5883333
      ],
      [
       13.6369444,
       55.6502778
      ],
      [
       13.7069444,
       55.7894444
      ]
     ]
    ]
   }
  },
  {
   "type": "Feature",
   "properties": {
    "ll": {
     "value": 0,
     "unit": 1,
     "referenceDatum": 0
    },
    "ul": {
     "value": 60,
     "unit": 6,
     "referenceDatum": 2
    },
    "_id": "62e0fb67fd421ae8bc07a044",
    "name": "BJÖRKLINGE",
    "type": 21,
    "icao": 7,
    "bnd": [
     [
      59.94,
      17.34
     ],
     [
      60.2441667,
      17.7013889
     ]
    ]
   },
   "geometry": {
    "type": "Polygon",
    "coordinates": [
     [
      [
       17.7013889,
       60.2441667
      ],
      [
       17.5855556,
       59.94
      ],
      [
       17.545,
       60.0066667
      ],
      [
       17.34,
       60.1269444
      ],
      [
       17.5966667,
       60.2327778
      ],
      [
       17.7013889,
       60.2441667
      ]
     ]
    ]
   }
  },
  {
   "type": "Feature",
   "properties": {
    "ll": {
     "value": 760,
     "unit": 0,
     "referenceDatum": 1
    },
    "ul": {
     "value": 90,
     "unit": 6,
     "referenceDatum": 2
    },
    "_id": "62e0fb57fd421ae8bc079b0c",
    "name": "BLACKBIRD",
    "type": 21,
    "icao": 7,
    "bnd": [
     [
      60.1869444,
      15.1297222
     ],
     [
      60.3491667,
      15.535
     ]
    ]
   },
   "geometry": {
    "type": "Polygon",
    "coordinates": [
     [
      [
       15.3813889,
       60.3491667
      ],
      [
       15.535,
       60.3066667
      ],
      [
       15.5083333,
       60.2902778
      ],
      [
       15.4333333,
       60.225
      ],
      [
       15.3980556,
       60.1869444
      ],
      [
       15.1297222,
       60.2202778
      ],
      [
       15.1369444,
       60.2344444
      ],
      [
       15.3813889,
       60.3491667
      ]
     ]
    ]
   }
  },
  {
   "type": "Feature",
   "properties": {
    "ll": {
     "value": 460,
     "unit": 0,
     "referenceDatum": 1
    },
    "ul": {
     "value": 750,
     "unit": 0,
     "referenceDatum": 1
    },
    "_id": "62e0fb63fd421ae8bc079eda",
    "name": "BLENTARP",
    "type": 21,
    "icao": 7,
    "bnd": [
     [
      55.5663889,
      13.5975
     ],
     [
      55.6502778,
      13.6463889
     ]
    ]
   },
   "geometry": {
    "type": "Polygon",
    "coordinates": [
     [
      [
       13.6463889,
       55.5883333
      ],
      [
       13.6238889,
       55.5663889
      ],
      [
       13.61,
       55.5805556
      ],
      [
       13.5975,
       55.6375
      ],
      [
       13.6369444,
       55.6502778
      ],
      [
       13.6463889,
       55.5883333
      ]
     ]
    ]
   }
  },
  {
   "type": "Feature",
   "properties": {
    "ll": {
     "value": 1370,
     "unit": 0,
     "referenceDatum": 1
    },
    "ul": {
     "value": 60,
     "unit": 6,
     "referenceDatum": 2
    },
    "_id": "62e0fb59fd421ae8bc079ba2",
    "name": "BORÅS",
    "type": 21,
    "icao": 7,
    "bnd": [
     [
      57.4661111,
      12.8325
     ],
     [
      57.8905556,
      13.2247222
     ]
    ]
   },
   "geometry": {
    "type": "Polygon",
    "coordinates": [
     [
      [
       12.9161111,
       57.4661111
      ],
      [
       12.8325,
       57.61
      ],
      [
       12.8405556,
       57.8905556
      ],
      [
       13.2247222,
       57.8769444
      ],
      [
       13.1991667,
       57.7672222
      ],
      [
       12.9161111,
       57.4661111
      ]
     ]
    ]
   }
  },
  {
   "type": "Feature",
   "properties": {
    "ll": {
     "value": 760,
     "unit": 0,
     "referenceDatum": 1
    },
    "ul": {
     "value": 95,
     "unit": 6,
     "referenceDatum": 2
    },
    "_id": "62e0fb57fd421ae8bc079ad9",
    "name": "BORLÄNGE A",
    "type": 0,
    "icao": 2,
    "bnd": [
     [
      60.125,
      15.0008333
     ],
     [
      60.6836111,
      16.2069444
     ]
    ]
   },
   "geometry": {
    "type": "Polygon",
    "coordinates": [
     [
      [
       15.1433333,
       60.6836111
      ],
      [
       15.4669444,
       60.6777778
      ],
      [
       15.8130556,
       60.545
      ],
      [
       16.2069444,
       60.3161111
      ],
      [
       15.8816667,
       60.125
      ],
      [
       15.1297222,
       60.2202778
      ],
      [
       15.0052778,
       60.5133333
      ],
      [
       15.0008333,
       60.6119444
      ],
      [
       15.1433333,
       60.6836111
      ]
     ]
    ]
   }
  },
  {
   "type": "Feature",
   "properties": {
    "ll": {
     "value": 1370,
     "unit": 0,
     "referenceDatum": 1
    },
    "ul": {
     "value": 95,
     "unit": 6,
     "referenceDatum": 2
    },
    "_id": "62e0fb57fd421ae8bc079ae4",
    "name": "BORLÄNGE B",
    "type": 0,
    "icao": 2,
    "bnd": [
     [
      59.8855556,
      15.0425
     ],
     [
      60.2202778,
      15.8816667
     ]
    ]
   },
   "geometry": {
    "type": "Polygon",
    "coordinates": [
     [
      [
       15.1297222,
       60.2202778
      ],
      [
       15.8816667,
       60.125
      ],
      [
       15.1602778,
       59.8855556
      ],
      [
       15.0425,
       59.9441667
      ],
      [
       15.1297222,
       60.2202778
      ]
     ]
    ]
   }
  },
  {
   "type": "Feature",
   "properties": {
    "ll": {
     "value": 0,
     "unit": 1,
     "referenceDatum": 0
    },
    "ul": {
     "value": 760,
     "unit": 0,
     "referenceDatum": 1
    },
    "_id": "62e0fb57fd421ae8bc079aee",
    "name": "BORLÄNGE CTR",
    "type": 4,
    "icao": 3,
    "bnd": [
     [
      60.2358333,
      15.1288889
     ],
     [
      60.5944444,
      15.9238889
     ]
    ]
   },
   "geometry": {
    "type": "Polygon",
    "coordinates": [
     [
      [
       15.2558333,
       60.5944444
      ],
      [
       15.6316667,
       60.4911111
      ],
      [
       15.9238889,
       60.3116667
      ],
      [
       15.7880556,
       60.2358333
      ],
      [
       15.3816667,
       60.3494444
      ],
      [
       15.1288889,
       60.5263889
      ],
      [
       15.2558333,
       60.5944444
      ]
     ]
    ]
   }
  },
  {
   "type": "Feature",
   "properties": {
    "ll": {
     "value": 490,
     "unit": 0,
     "referenceDatum": 1
    },
    "ul": {
     "value": 90,
     "unit": 6,
     "referenceDatum": 2
    },
    "_id": "62e0fb6ffd421ae8bc07a390",
    "name": "BOVEN",
    "type": 21,
    "icao": 7,
    "bnd": [
     [
      58.9425,
      16.6716667
     ],
     [
      59.0119444,
      17.2233333
     ]
    ]
   },
   "geometry": {
    "type": "Polygon",
    "coordinates": [
     [
      [
       16.7077778,
       59.0119444
      ],
      [
       17.2233333,
       58.9786111
      ],
      [
       16.6716667,
       58.9425
      ],
      [
       16.7077778,
       59.0119444
      ]
     ]
    ]
   }
  },
  {
   "type": "Feature",
   "properties": {
    "ll": {
     "value": 0,
     "unit": 1,
     "referenceDatum": 0
    },
    "ul": {
     "value": 90,
     "unit": 6,
     "referenceDatum": 2
    },
    "_id": "62e0fb72fd421ae8bc07a476",
    "name": "BOXHOLM",
    "type": 21,
    "icao": 7,
    "bnd": [
     [
      58.0380556,
      14.8597222
     ],
     [
      58.4016667,
      15.4466667
     ]
    ]
   },
   "geometry": {
    "type": "Polygon",
    "coordinates": [
     [
      [
       15.2863889,
       58.4016667
      ],
      [
       15.4466667,
       58.2736111
      ],
      [
       15.3286111,
       58.0380556
      ],
      [
       14.8597222,
       58.1361111
      ],
      [
       14.8886111,
       58.2413889
      ],
      [
       14.9263889,
       58.2875
      ],
      [
       15.2236111,
       58.3555556
      ],
      [
       15.2863889,
       58.4016667
      ]
     ]
    ]
   }
  },
  {
   "type": "Feature",
   "properties": {
    "ll": {
     "value": 0,
     "unit": 1,
     "referenceDatum": 0
    },
    "ul": {
     "value": 610,
     "unit": 0,
     "referenceDatum": 1
    },
    "_id": "62e0fb65fd421ae8bc079fc1",
    "name": "BROMMA CTR",
    "type": 4,
    "icao": 3,
    "bnd": [
     [
      59.2494444,
      17.6966667
     ],
     [
      59.4413889,
      18.1633333
     ]
    ]
   },
   "geometry": {
    "type": "Polygon",
    "coordinates": [
     [
      [
       17.7466667,
       59.4411111
      ],
      [
       17.9547222,
       59.4413889
      ],
      [
       18.1633333,
       59.3827778
      ],
      [
       18.1633333,
       59.2494444
      ],
      [
       17.7466667,
       59.2494444
      ],
      [
       17.7466667,
       59.3244444
      ],
      [
       17.6966667,
       59.3244444
      ],
      [
       17.6966667,
       59.3661111
      ],
      [
       17.7466667,
       59.3661111
      ],
      [
       17.7466667,
       59.4411111
      ]
     ]
    ]
   }
  },
  {
   "type": "Feature",
   "properties": {
    "ll": {
     "value": 760,
     "unit": 0,
     "referenceDatum": 1
    },
    "ul": {
     "value": 195,
     "unit": 6,
     "referenceDatum": 2
    },
    "_id": "62e0fb61fd421ae8bc079e76",
    "name": "COPENHAGEN D",
    "type": 0,
    "icao": 2,
    "bnd": [
     [
      55.1952778,
      11.9380556
     ],
     [
      56.1563889,
      13.1155556
     ]
    ]
   },
   "geometry": {
    "type": "Polygon",
    "coordinates": [
     [
      [
       12.4127778,
       56.1563889
      ],
      [
       12.5322222,
       56.0327778
      ],
      [
       12.6794444,
       56.0327778
      ],
      [
       12.7322222,
       55.9994444
      ],
      [
       12.8655556,
       55.9761111
      ],
      [
       13.1155556,
       55.7327778
      ],
      [
       12.9988889,
       55.2494444
      ],
      [
       11.9794444,
       55.1952778
      ],
      [
       11.9380556,
       55.3705556
      ],
      [
       12.1322222,
       55.3330556
      ],
      [
       12.4488889,
       55.3327778
      ],
      [
       12.8655556,
       55.4411111
      ],
      [
       12.8988889,
       55.5619444
      ],
      [
       13.0572222,
       55.6744444
      ],
      [
       12.8988889,
       55.7494444
      ],
      [
       12.8322222,
       55.8577778
      ],
      [
       12.6783333,
       55.8913889
      ],
      [
       12.6519444,
       55.9811111
      ],
      [
       12.61,
       55.9763889
      ],
      [
       12.135,
       55.4563889
      ],
      [
       12.1405556,
       55.7272222
      ],
      [
       12.4155556,
       55.955
      ],
      [
       12.4127778,
       56.1563889
      ]
     ]
    ]
   }
  },
  {
   "type": "Feature",
   "properties": {
    "ll": {
     "value": 340,
     "unit": 0,
     "referenceDatum": 1
    },
    "ul": {
     "value": 90,
     "unit": 6,
     "referenceDatum": 2
    },
    "_id": "62e0fb6afd421ae8bc07a19a",
    "name": "DALHEM",
    "type": 21,
    "icao": 7,
    "bnd": [
     [
      57.4808333,
      18.4477778
     ],
     [
      57.6505556,
      18.8402778
     ]
    ]
   },
   "geometry": {
    "type": "Polygon",
    "coordinates": [
     [
      [
       18.5447222,
       57.6505556
      ],
      [
       18.8402778,
       57.6297222
      ],
      [
       18.7005556,
       57.4808333
      ],
      [
       18.4477778,
       57.5075
      ],
      [
       18.5447222,
       57.6505556
      ]
     ]
    ]
   }
  },
  {
   "type": "Feature",
   "properties": {
    "ll": {
     "value": 460,
     "unit": 0,
     "referenceDatum": 1
    },
    "ul": {
     "value": 60,
     "unit": 6,
     "referenceDatum": 2
    },
    "_id": "62e0fb66fd421ae8bc079fe0",
    "name": "DRAGMAN",
    "type": 21,
    "icao": 7,
    "bnd": [
     [
      59.8377778,
      16.7011111
     ],
     [
      59.8980556,
      16.8466667
     ]
    ]
   },
   "geometry": {
    "type": "Polygon",
    "coordinates": [
     [
      [
       16.795,
       59.8980556
      ],
      [
       16.8466667,
       59.8377778
      ],
      [
       16.7011111,
       59.8580556
      ],
      [
       16.795,
       59.8980556
      ]
     ]
    ]
   }
  },
  {
   "type": "Feature",
   "properties": {
    "ll": {
     "value": 0,
     "unit": 1,
     "referenceDatum": 0
    },
    "ul": {
     "value": 60,
     "unit": 6,
     "referenceDatum": 2
    },
    "_id": "62e0fb67fd421ae8bc07a075",
    "name": "E-TUNA EAST",
    "type": 21,
    "icao": 7,
    "bnd": [
     [
      59.2336111,
      16.4238889
     ],
     [
      59.425,
      16.5666667
     ]
    ]
   },
   "geometry": {
    "type": "Polygon",
    "coordinates": [
     [
      [
       16.4833333,
       59.425
      ],
      [
       16.5572222,
       59.4175
      ],
      [
       16.5666667,
       59.2791667
      ],
      [
       16.5069444,
       59.2336111
      ],
      [
       16.51,
       59.3416667
      ],
      [
       16.4786111,
       59.3711111
      ],
      [
       16.4630556,
       59.3852778
      ],
      [
       16.4297222,
       59.4116667
      ],
      [
       16.4238889,
       59.4166667
      ],
      [
       16.4833333,
       59.425
      ]
     ]
    ]
   }
  },
  {
   "type": "Feature",
   "properties": {
    "ll": {
     "value": 460,
     "unit": 0,
     "referenceDatum": 1
    },
    "ul": {
     "value": 60,
     "unit": 6,
     "referenceDatum": 2
    },
    "_id": "62e0fb67fd421ae8bc07a06c",
    "name": "E-TUNA WEST",
    "type": 21,
    "icao": 7,
    "bnd": [
     [
      59.2333333,
      16.3180556
     ],
     [
      59.4166667,
      16.51
     ]
    ]
   },
   "geometry": {
    "type": "Polygon",
    "coordinates": [
     [
      [
       16.3425,
       59.405
      ],
      [
       16.3180556,
       59.3236111
      ],
      [
       16.5069444,
       59.2333333
      ],
      [
       16.51,
       59.3416667
      ],
      [
       16.4786111,
       59.3711111
      ],
      [
       16.4630556,
       59.3852778
      ],
      [
       16.4238889,
       59.4166667
      ],
      [
       16.3425,
       59.405
      ]
     ]
    ]
   }
  },
  {
   "type": "Feature",
   "properties": {
    "ll": {
     "value": 1370,
     "unit": 0,
     "referenceDatum": 1
    },
    "ul": {
     "value": 90,
     "unit": 6,
     "referenceDatum": 2
    },
    "_id": "62e0fb57fd421ae8bc079af8",
    "name": "EAGLE",
    "type": 21,
    "icao": 7,
    "bnd": [
     [
      59.9280556,
      15.2863889
     ],
     [
      60.1869444,
      15.8816667
     ]
    ]
   },
   "geometry": {
    "type": "Polygon",
    "coordinates": [
     [
      [
       15.3980556,
       60.1869444
      ],
      [
       15.8816667,
       60.125
      ],
      [
       15.2863889,
       59.9280556
      ],
      [
       15.3611111,
       60.1486111
      ],
      [
       15.3980556,
       60.1869444
      ]
     ]
    ]
   }
  },
  {
   "type": "Feature",
   "properties": {
    "ll": {
     "value": 0,
     "unit": 1,
     "referenceDatum": 0
    },
    "ul": {
     "value": 1350,
     "unit": 0,
     "referenceDatum": 1
    },
    "_id": "62e0fb5afd421ae8bc079c19",
    "name": "EAST",
    "type": 21,
    "icao": 7,
    "bnd": [
     [
      56.6727778,
      12.8783333
     ],
     [
      56.7963889,
      13.1508333
     ]
    ]
   },
   "geometry": {
    "type": "Polygon",
    "coordinates": [
     [
      [
       12.9769444,
       56.7944444
      ],
      [
       13.1447222,
       56.7963889
      ],
      [
       13.1508333,
       56.6963889
      ],
      [
       12.9658333,
       56.6902778
      ],
      [
       12.8927778,
       56.6727778
      ],
      [
       12.8783333,
       56.6905556
      ],
      [
       12.9041667,
       56.7177778
      ],
      [
       12.9769444,
       56.7944444
      ]
     ]
    ]
   }
  },
  {
   "type": "Feature",
   "properties": {
    "ll": {
     "value": 610,
     "unit": 0,
     "referenceDatum": 1
    },
    "ul": {
     "value": 60,
     "unit": 6,
     "referenceDatum": 2
    },
    "_id": "62e0fb6cfd421ae8bc07a258",
    "name": "EKEBY",
    "type": 21,
    "icao": 7,
    "bnd": [
     [
      59.1308333,
      15.1663889
     ],
     [
      59.2963889,
      15.4930556
     ]
    ]
   },
   "geometry": {
    "type": "Polygon",
    "coordinates": [
     [
      [
       15.4727778,
       59.2963889
      ],
      [
       15.4930556,
       59.2686111
      ],
      [
       15.2394444,
       59.1308333
      ],
      [
       15.1663889,
       59.1530556
      ],
      [
       15.4727778,
       59.2963889
      ]
     ]
    ]
   }
  },
  {
   "type": "Feature",
   "properties": {
    "ll": {
     "value": 460,
     "unit": 0,
     "referenceDatum": 1
    },
    "ul": {
     "value": 60,
     "unit": 6,
     "referenceDatum": 2
    },
    "_id": "62e0fb67fd421ae8bc07a080",
    "name": "EKEBY01",
    "type": 21,
    "icao": 7,
    "bnd": [
     [
      59.2333333,
      16.3180556
     ],
     [
      59.4166667,
      16.51
     ]
    ]
   },
   "geometry": {
    "type": "Polygon",
    "coordinates": [
     [
      [
       16.3425,
       59.405
      ],
      [
       16.3180556,
       59.3236111
      ],
      [
       16.5069444,
       59.2333333
      ],
      [
       16.51,
       59.3416667
      ],
      [
       16.4583333,
       59.3633333
      ],
      [
       16.4419444,
       59.3838889
      ],
      [
       16.4238889,
       59.4166667
      ],
      [
       16.3425,
       59.405
      ]
     ]
    ]
   }
  },
  {
   "type": "Feature",
   "properties": {
    "ll": {
     "value": 370,
     "unit": 0,
     "referenceDatum": 1
    },
    "ul": {
     "value": 60,
     "unit": 6,
     "referenceDatum": 2
    },
    "_id": "62e0fb66fd421ae8bc079ffe",
    "name": "ENKÖPING NORD",
    "type": 21,
    "icao": 7,
    "bnd": [
     [
      59.6355556,
      17.0166667
     ],
     [
      59.7341667,
      17.3222222
     ]
    ]
   },
   "geometry": {
    "type": "Polygon",
    "coordinates": [
     [
      [
       17.3222222,
       59.7341667
      ],
      [
       17.2652778,
       59.6616667
      ],
      [
       17.1691667,
       59.6355556
      ],
      [
       17.0616667,
       59.6377778
      ],
      [
       17.0166667,
       59.6916667
      ],
      [
       17.0966667,
       59.6994444
      ],
      [
       17.3222222,
       59.7341667
      ]
     ]
    ]
   }
  },
  {
   "type": "Feature",
   "properties": {
    "ll": {
     "value": 0,
     "unit": 1,
     "referenceDatum": 0
    },
    "ul": {
     "value": 60,
     "unit": 6,
     "referenceDatum": 2
    },
    "_id": "62e0fb6dfd421ae8bc07a28a",
    "name": "ERVALLA",
    "type": 21,
    "icao": 7,
    "bnd": [
     [
      59.2613889,
      15.0491667
     ],
     [
      59.5222222,
      15.4119444
     ]
    ]
   },
   "geometry": {
    "type": "Polygon",
    "coordinates": [
     [
      [
       15.3077778,
       59.5222222
      ],
      [
       15.4119444,
       59.3802778
      ],
      [
       15.1658333,
       59.2966667
      ],
      [
       15.0916667,
       59.2613889
      ],
      [
       15.1552778,
       59.4152778
      ],
      [
       15.1355556,
       59.4669444
      ],
      [
       15.0491667,
       59.495
      ],
      [
       15.3077778,
       59.5222222
      ]
     ]
    ]
   }
  },
  {
   "type": "Feature",
   "properties": {
    "ll": {
     "value": 0,
     "unit": 1,
     "referenceDatum": 0
    },
    "ul": {
     "value": 20000,
     "unit": 1,
     "referenceDatum": 1
    },
    "_id": "63063b434d63a1d54f52863b",
    "name": "ES D138 BORNHOLM NORTH",
    "type": 2,
    "icao": 8,
    "bnd": [
     [
      55.05,
      15.2469444
     ],
     [
      55.4997222,
      15.8302778
     ]
    ]
   },
   "geometry": {
    "type": "Polygon",
    "coordinates": [
     [
      [
       15.2469444,
       55.4997222
      ],
      [
       15.8302778,
       55.4997222
      ],
      [
       15.8302778,
       55.3330556
      ],
      [
       15.2469444,
       55.05
      ],
      [
       15.2469444,
       55.4997222
      ]
     ]
    ]
   }
  },
  {
   "type": "Feature",
   "properties": {
    "ll": {
     "value": 0,
     "unit": 1,
     "referenceDatum": 0
    },
    "ul": {
     "value": 50000,
     "unit": 1,
     "referenceDatum": 1
    },
    "_id": "630658ea4d63a1d54f542d6a",
    "name": "ES-D139 BORNHOLM EAST",
    "type": 2,
    "icao": 8,
    "bnd": [
     [
      54.9166667,
      15.2469444
     ],
     [
      55.3330556,
      15.8302778
     ]
    ]
   },
   "geometry": {
    "type": "Polygon",
    "coordinates": [
     [
      [
       15.8302778,
       55.3330556
      ],
      [
       15.8302778,
       54.9166667
      ],
      [
       15.2469444,
       54.9166667
      ],
      [
       15.2469444,
       55.05
      ],
      [
       15.8302778,
       55.3330556
      ]
     ]
    ]
   }
  },
  {
   "type": "Feature",
   "properties": {
    "ll": {
     "value": 0,
     "unit": 1,
     "referenceDatum": 0
    },
    "ul": {
     "value": 4000,
     "unit": 1,
     "referenceDatum": 1
    },
    "_id": "630659974d63a1d54f5435bf",
    "name": "ES-D155 AITIK",
    "type": 2,
    "icao": 8,
    "bnd": [
     [
      67.0483333,
      20.9013889
     ],
     [
      67.0947222,
      20.9952778
     ]
    ]
   },
   "geometry": {
    "type": "Polygon",
    "coordinates": [
     [
      [
       20.9736111,
       67.0947222
      ],
      [
       20.9952778,
       67.0541667
      ],
      [
       20.9275,
       67.0483333
      ],
      [
       20.9013889,
       67.0891667
      ],
      [
       20.9736111,
       67.0947222
      ]
     ]
    ]
   }
  },
  {
   "type": "Feature",
   "properties": {
    "ll": {
     "value": 0,
     "unit": 1,
     "referenceDatum": 0
    },
    "ul": {
     "value": 40500,
     "unit": 1,
     "referenceDatum": 1
    },
    "_id": "63065a3d4d63a1d54f5435fe",
    "name": "ES-D160 SKAGEN",
    "type": 2,
    "icao": 8,
    "bnd": [
     [
      57.8994444,
      10.5808333
     ],
     [
      58.4161111,
      11.0475
     ]
    ]
   },
   "geometry": {
    "type": "Polygon",
    "coordinates": [
     [
      [
       10.5808333,
       58.4161111
      ],
      [
       10.7058333,
       58.4161111
      ],
      [
       10.8475,
       58.2577778
      ],
      [
       11.0475,
       57.8994444
      ],
      [
       11.0141667,
       57.8994444
      ],
      [
       10.5808333,
       58.4161111
      ]
     ]
    ]
   }
  },
  {
   "type": "Feature",
   "properties": {
    "ll": {
     "value": 0,
     "unit": 1,
     "referenceDatum": 0
    },
    "ul": {
     "value": 40500,
     "unit": 1,
     "referenceDatum": 1
    },
    "_id": "63065a9c4d63a1d54f543632",
    "name": "ES-D164 HANÖ NORTH",
    "type": 2,
    "icao": 8,
    "bnd": [
     [
      55.9080556,
      14.8138889
     ],
     [
      56.1163889,
      15.5636111
     ]
    ]
   },
   "geometry": {
    "type": "Polygon",
    "coordinates": [
     [
      [
       15.0802778,
       56.1163889
      ],
      [
       15.3969444,
       56.0711111
      ],
      [
       15.4636111,
       55.9663889
      ],
      [
       15.5636111,
       55.9080556
      ],
      [
       14.8138889,
       55.9694444
      ],
      [
       14.9719444,
       56.1080556
      ],
      [
       15.0802778,
       56.1163889
      ]
     ]
    ]
   }
  },
  {
   "type": "Feature",
   "properties": {
    "ll": {
     "value": 0,
     "unit": 1,
     "referenceDatum": 0
    },
    "ul": {
     "value": 40500,
     "unit": 1,
     "referenceDatum": 1
    },
    "_id": "63065af74d63a1d54f54365f",
    "name": "ES-D165 HANÖ WEST",
    "type": 2,
    "icao": 8,
    "bnd": [
     [
      55.6663889,
      14.6636111
     ],
     [
      55.9694444,
      15.1636111
     ]
    ]
   },
   "geometry": {
    "type": "Polygon",
    "coordinates": [
     [
      [
       14.8138889,
       55.9694444
      ],
      [
       15.1636111,
       55.9413889
      ],
      [
       15.1636111,
       55.6663889
      ],
      [
       14.6636111,
       55.6663889
      ],
      [
       14.6636111,
       55.8330556
      ],
      [
       14.8138889,
       55.9694444
      ]
     ]
    ]
   }
  },
  {
   "type": "Feature",
   "properties": {
    "ll": {
     "value": 0,
     "unit": 1,
     "referenceDatum": 0
    },
    "ul": {
     "value": 40500,
     "unit": 1,
     "referenceDatum": 1
    },
    "_id": "63065b484d63a1d54f543677",
    "name": "ES-D166 HANÖ EAST",
    "type": 2,
    "icao": 8,
    "bnd": [
     [
      55.6663889,
      15.1636111
     ],
     [
      55.9413889,
      15.6636111
     ]
    ]
   },
   "geometry": {
    "type": "Polygon",
    "coordinates": [
     [
      [
       15.1636111,
       55.9413889
      ],
      [
       15.6636111,
       55.8997222
      ],
      [
       15.6636111,
       55.6663889
      ],
      [
       15.1636111,
       55.6663889
      ],
      [
       15.1636111,
       55.9413889
      ]
     ]
    ]
   }
  },
  {
   "type": "Feature",
   "properties": {
    "ll": {
     "value": 0,
     "unit": 1,
     "referenceDatum": 0
    },
    "ul": {
     "value": 40500,
     "unit": 1,
     "referenceDatum": 1
    },
    "_id": "63065baa4d63a1d54f543b07",
    "name": "ES-D171 HÄRNÖN EAST",
    "type": 2,
    "icao": 8,
    "bnd": [
     [
      62.4488889,
      18.3461111
     ],
     [
      62.6433333,
      18.6627778
     ]
    ]
   },
   "geometry": {
    "type": "Polygon",
    "coordinates": [
     [
      [
       18.6627778,
       62.6433333
      ],
      [
       18.6627778,
       62.4488889
      ],
      [
       18.3461111,
       62.4488889
      ],
      [
       18.6627778,
       62.6433333
      ]
     ]
    ]
   }
  },
  {
   "type": "Feature",
   "properties": {
    "ll": {
     "value": 0,
     "unit": 1,
     "referenceDatum": 0
    },
    "ul": {
     "value": 40500,
     "unit": 1,
     "referenceDatum": 1
    },
    "_id": "63065c134d63a1d54f543b61",
    "name": "ES-D175E KOPPARSTENARNA",
    "type": 2,
    "icao": 8,
    "bnd": [
     [
      58.5511111,
      18.5066667
     ],
     [
      58.9022222,
      19.3297222
     ]
    ]
   },
   "geometry": {
    "type": "Polygon",
    "coordinates": [
     [
      [
       19.0255556,
       58.9022222
      ],
      [
       19.3297222,
       58.7244444
      ],
      [
       18.8136111,
       58.5511111
      ],
      [
       18.5066667,
       58.6730556
      ],
      [
       18.8380556,
       58.8077778
      ],
      [
       19.0255556,
       58.9022222
      ]
     ]
    ]
   }
  },
  {
   "type": "Feature",
   "properties": {
    "ll": {
     "value": 0,
     "unit": 1,
     "referenceDatum": 0
    },
    "ul": {
     "value": 40500,
     "unit": 1,
     "referenceDatum": 1
    },
    "_id": "63065c724d63a1d54f543b85",
    "name": "ES-D175S KOPPARSTENARNA",
    "type": 2,
    "icao": 8,
    "bnd": [
     [
      58.3036111,
      17.9713889
     ],
     [
      58.6730556,
      18.8136111
     ]
    ]
   },
   "geometry": {
    "type": "Polygon",
    "coordinates": [
     [
      [
       18.5066667,
       58.6730556
      ],
      [
       18.8136111,
       58.5511111
      ],
      [
       18.095,
       58.3036111
      ],
      [
       17.9713889,
       58.4952778
      ],
      [
       18.1963889,
       58.5452778
      ],
      [
       18.5066667,
       58.6730556
      ]
     ]
    ]
   }
  },
  {
   "type": "Feature",
   "properties": {
    "ll": {
     "value": 0,
     "unit": 1,
     "referenceDatum": 0
    },
    "ul": {
     "value": 4000,
     "unit": 1,
     "referenceDatum": 1
    },
    "_id": "63065cd84d63a1d54f543bd4",
    "name": "ES-D177 KÅGE",
    "type": 2,
    "icao": 8,
    "bnd": [
     [
      64.9056233,
      20.553114
     ],
     [
      64.941599,
      20.6379971
     ]
    ]
   },
   "geometry": {
    "type": "Polygon",
    "coordinates": [
     [
      [
       20.5955556,
       64.941599
      ],
      [
       20.5942215,
       64.9415901
      ],
      [
       20.5928888,
       64.9415634
      ],
      [
       20.5915588,
       64.9415191
      ],
      [
       20.5902327,
       64.941457
      ],
      [
       20.5889118,
       64.9413773
      ],
      [
       20.5875976,
       64.9412801
      ],
      [
       20.5862911,
       64.9411655
      ],
      [
       20.5849939,
       64.9410335
      ],
      [
       20.5837071,
       64.9408843
      ],
      [
       20.582432,
       64.940718
      ],
      [
       20.5811699,
       64.9405348
      ],
      [
       20.579922,
       64.940335
      ],
      [
       20.5786896,
       64.9401186
      ],
      [
       20.5774738,
       64.9398859
      ],
      [
       20.576276,
       64.9396372
      ],
      [
       20.5750971,
       64.9393726
      ],
      [
       20.5739386,
       64.9390924
      ],
      [
       20.5728013,
       64.938797
      ],
      [
       20.5716866,
       64.9384866
      ],
      [
       20.5705955,
       64.9381615
      ],
      [
       20.569529,
       64.937822
      ],
      [
       20.5684883,
       64.9374685
      ],
      [
       20.5674743,
       64.9371014
      ],
      [
       20.5664881,
       64.9367209
      ],
      [
       20.5655306,
       64.9363274
      ],
      [
       20.5646028,
       64.9359214
      ],
      [
       20.5637055,
       64.9355033
      ],
      [
       20.5628398,
       64.9350734
      ],
      [
       20.5620063,
       64.9346322
      ],
      [
       20.5612061,
       64.9341802
      ],
      [
       20.5604397,
       64.9337177
      ],
      [
       20.5597081,
       64.9332452
      ],
      [
       20.5590118,
       64.9327632
      ],
      [
       20.5583517,
       64.9322722
      ],
      [
       20.5577283,
       64.9317726
      ],
      [
       20.5571423,
       64.931265
      ],
      [
       20.5565942,
       64.9307499
      ],
      [
       20.5560846,
       64.9302277
      ],
      [
       20.555614,
       64.9296989
      ],
      [
       20.5551829,
       64.9291642
      ],
      [
       20.5547916,
       64.928624
      ],
      [
       20.5544405,
       64.9280788
      ],
      [
       20.5541301,
       64.9275293
      ],
      [
       20.5538605,
       64.9269759
      ],
      [
       20.5536321,
       64.9264191
      ],
      [
       20.5534451,
       64.9258596
      ],
      [
       20.5532997,
       64.9252979
      ],
      [
       20.553196,
       64.9247346
      ],
      [
       20.553134,
       64.9241701
      ],
      [
       20.553114,
       64.9236051
      ],
      [
       20.5531358,
       64.9230401
      ],
      [
       20.5531995,
       64.9224756
      ],
      [
       20.553305,
       64.9219123
      ],
      [
       20.5534522,
       64.9213507
      ],
      [
       20.5536409,
       64.9207913
      ],
      [
       20.553871,
       64.9202347
      ],
      [
       20.5541422,
       64.9196814
      ],
      [
       20.5544542,
       64.9191321
      ],
      [
       20.5548068,
       64.9185871
      ],
      [
       20.5551996,
       64.9180471
      ],
      [
       20.5556322,
       64.9175126
      ],
      [
       20.5561041,
       64.9169841
      ],
      [
       20.556615,
       64.9164622
      ],
      [
       20.5571643,
       64.9159473
      ],
      [
       20.5577514,
       64.91544
      ],
      [
       20.5583758,
       64.9149408
      ],
      [
       20.5590368,
       64.9144501
      ],
      [
       20.5597338,
       64.9139684
      ],
      [
       20.5604662,
       64.9134963
      ],
      [
       20.5612331,
       64.9130342
      ],
      [
       20.5620339,
       64.9125825
      ],
      [
       20.5628678,
       64.9121416
      ],
      [
       20.5637338,
       64.9117121
      ],
      [
       20.5646312,
       64.9112944
      ],
      [
       20.5655591,
       64.9108888
      ],
      [
       20.5665165,
       64.9104957
      ],
      [
       20.5675026,
       64.9101156
      ],
      [
       20.5685163,
       64.9097488
      ],
      [
       20.5695566,
       64.9093957
      ],
      [
       20.5706226,
       64.9090566
      ],
      [
       20.5717131,
       64.9087318
      ],
      [
       20.5728271,
       64.9084217
      ],
      [
       20.5739635,
       64.9081267
      ],
      [
       20.5751212,
       64.9078468
      ],
      [
       20.576299,
       64.9075826
      ],
      [
       20.5774958,
       64.9073341
      ],
      [
       20.5787104,
       64.9071017
      ],
      [
       20.5799415,
       64.9068856
      ],
      [
       20.5811881,
       64.906686
      ],
      [
       20.5824488,
       64.9065031
      ],
      [
       20.5837224,
       64.906337
      ],
      [
       20.5850076,
       64.906188
      ],
      [
       20.5863033,
       64.9060562
      ],
      [
       20.587608,
       64.9059417
      ],
      [
       20.5889206,
       64.9058446
      ],
      [
       20.5902398,
       64.905765
      ],
      [
       20.5915641,
       64.905703
      ],
      [
       20.5928924,
       64.9056587
      ],
      [
       20.5942233,
       64.9056321
      ],
      [
       20.5955556,
       64.9056233
      ],
      [
       20.5968878,
       64.9056321
      ],
      [
       20.5982187,
       64.9056587
      ],
      [
       20.599547,
       64.905703
      ],
      [
       20.6008714,
       64.905765
      ],
      [
       20.6021905,
       64.9058446
      ],
      [
       20.6035031,
       64.9059417
      ],
      [
       20.6048078,
       64.9060562
      ],
      [
       20.6061035,
       64.906188
      ],
      [
       20.6073888,
       64.906337
      ],
      [
       20.6086624,
       64.9065031
      ],
      [
       20.6099231,
       64.906686
      ],
      [
       20.6111696,
       64.9068856
      ],
      [
       20.6124008,
       64.9071017
      ],
      [
       20.6136153,
       64.9073341
      ],
      [
       20.6148121,
       64.9075826
      ],
      [
       20.6159899,
       64.9078468
      ],
      [
       20.6171476,
       64.9081267
      ],
      [
       20.618284,
       64.9084217
      ],
      [
       20.619398,
       64.9087318
      ],
      [
       20.6204885,
       64.9090566
      ],
      [
       20.6215545,
       64.9093957
      ],
      [
       20.6225948,
       64.9097488
      ],
      [
       20.6236085,
       64.9101156
      ],
      [
       20.6245946,
       64.9104957
      ],
      [
       20.625552,
       64.9108888
      ],
      [
       20.6264799,
       64.9112944
      ],
      [
       20.6273773,
       64.9117121
      ],
      [
       20.6282434,
       64.9121416
      ],
      [
       20.6290772,
       64.9125825
      ],
      [
       20.629878,
       64.9130342
      ],
      [
       20.6306449,
       64.9134963
      ],
      [
       20.6313773,
       64.9139684
      ],
      [
       20.6320743,
       64.9144501
      ],
      [
       20.6327354,
       64.9149408
      ],
      [
       20.6333597,
       64.91544
      ],
      [
       20.6339469,
       64.9159473
      ],
      [
       20.6344961,
       64.9164622
      ],
      [
       20.635007,
       64.9169841
      ],
      [
       20.6354789,
       64.9175126
      ],
      [
       20.6359115,
       64.9180471
      ],
      [
       20.6363043,
       64.9185871
      ],
      [
       20.6366569,
       64.9191321
      ],
      [
       20.6369689,
       64.9196814
      ],
      [
       20.6372401,
       64.9202347
      ],
      [
       20.6374702,
       64.9207913
      ],
      [
       20.6376589,
       64.9213507
      ],
      [
       20.6378061,
       64.9219123
      ],
      [
       20.6379116,
       64.9224756
      ],
      [
       20.6379753,
       64.9230401
      ],
      [
       20.6379971,
       64.9236051
      ],
      [
       20.6379771,
       64.9241701
      ],
      [
       20.6379151,
       64.9247346
      ],
      [
       20.6378114,
       64.9252979
      ],
      [
       20.637666,
       64.9258596
      ],
      [
       20.637479,
       64.9264191
      ],
      [
       20.6372506,
       64.9269759
      ],
      [
       20.636981,
       64.9275293
      ],
      [
       20.6366706,
       64.9280788
      ],
      [
       20.6363195,
       64.928624
      ],
      [
       20.6359282,
       64.9291642
      ],
      [
       20.6354971,
       64.9296989
      ],
      [
       20.6350265,
       64.9302277
      ],
      [
       20.6345169,
       64.9307499
      ],
      [
       20.6339688,
       64.931265
      ],
      [
       20.6333828,
       64.9317726
      ],
      [
       20.6327594,
       64.9322722
      ],
      [
       20.6320993,
       64.9327632
      ],
      [
       20.631403,
       64.9332452
      ],
      [
       20.6306714,
       64.9337177
      ],
      [
       20.629905,
       64.9341802
      ],
      [
       20.6291048,
       64.9346322
      ],
      [
       20.6282713,
       64.9350734
      ],
      [
       20.6274056,
       64.9355033
      ],
      [
       20.6265083,
       64.9359214
      ],
      [
       20.6255805,
       64.9363274
      ],
      [
       20.624623,
       64.9367209
      ],
      [
       20.6236368,
       64.9371014
      ],
      [
       20.6226228,
       64.9374685
      ],
      [
       20.6215821,
       64.937822
      ],
      [
       20.6205156,
       64.9381615
      ],
      [
       20.6194245,
       64.9384866
      ],
      [
       20.6183098,
       64.938797
      ],
      [
       20.6171726,
       64.9390924
      ],
      [
       20.616014,
       64.9393726
      ],
      [
       20.6148351,
       64.9396372
      ],
      [
       20.6136373,
       64.9398859
      ],
      [
       20.6124215,
       64.9401186
      ],
      [
       20.6111891,
       64.940335
      ],
      [
       20.6099412,
       64.9405348
      ],
      [
       20.6086791,
       64.940718
      ],
      [
       20.607404,
       64.9408843
      ],
      [
       20.6061172,
       64.9410335
      ],
      [
       20.60482,
       64.9411655
      ],
      [
       20.6035136,
       64.9412801
      ],
      [
       20.6021993,
       64.9413773
      ],
      [
       20.6008784,
       64.941457
      ],
      [
       20.5995523,
       64.9415191
      ],
      [
       20.5982223,
       64.9415634
      ],
      [
       20.5968896,
       64.9415901
      ],
      [
       20.5955556,
       64.941599
      ]
     ]
    ]
   }
  },
  {
   "type": "Feature",
   "properties": {
    "ll": {
     "value": 0,
     "unit": 1,
     "referenceDatum": 0
    },
    "ul": {
     "value": 4500,
     "unit": 1,
     "referenceDatum": 1
    },
    "_id": "63065d3d4d63a1d54f543beb",
    "name": "ES-D178 SALA",
    "type": 2,
    "icao": 8,
    "bnd": [
     [
      59.9038364,
      16.5574198
     ],
     [
      59.9128303,
      16.575358
     ]
    ]
   },
   "geometry": {
    "type": "Polygon",
    "coordinates": [
     [
      [
       16.5663889,
       59.9128303
      ],
      [
       16.5661071,
       59.9128281
      ],
      [
       16.5658256,
       59.9128214
      ],
      [
       16.5655447,
       59.9128103
      ],
      [
       16.5652646,
       59.9127948
      ],
      [
       16.5649856,
       59.9127749
      ],
      [
       16.564708,
       59.9127506
      ],
      [
       16.5644321,
       59.912722
      ],
      [
       16.5641581,
       59.912689
      ],
      [
       16.5638863,
       59.9126517
      ],
      [
       16.5636169,
       59.9126102
      ],
      [
       16.5633503,
       59.9125644
      ],
      [
       16.5630867,
       59.9125145
      ],
      [
       16.5628264,
       59.9124604
      ],
      [
       16.5625696,
       59.9124023
      ],
      [
       16.5623165,
       59.9123401
      ],
      [
       16.5620675,
       59.912274
      ],
      [
       16.5618227,
       59.912204
      ],
      [
       16.5615825,
       59.9121302
      ],
      [
       16.561347,
       59.9120526
      ],
      [
       16.5611164,
       59.9119713
      ],
      [
       16.5608911,
       59.9118865
      ],
      [
       16.5606712,
       59.9117982
      ],
      [
       16.5604569,
       59.9117064
      ],
      [
       16.5602485,
       59.9116113
      ],
      [
       16.5600462,
       59.911513
      ],
      [
       16.5598501,
       59.9114116
      ],
      [
       16.5596605,
       59.9113071
      ],
      [
       16.5594775,
       59.9111996
      ],
      [
       16.5593013,
       59.9110894
      ],
      [
       16.5591322,
       59.9109764
      ],
      [
       16.5589702,
       59.9108608
      ],
      [
       16.5588155,
       59.9107427
      ],
      [
       16.5586683,
       59.9106222
      ],
      [
       16.5585287,
       59.9104995
      ],
      [
       16.5583969,
       59.9103747
      ],
      [
       16.558273,
       59.9102478
      ],
      [
       16.558157,
       59.910119
      ],
      [
       16.5580492,
       59.9099885
      ],
      [
       16.5579497,
       59.9098564
      ],
      [
       16.5578584,
       59.9097227
      ],
      [
       16.5577756,
       59.9095877
      ],
      [
       16.5577013,
       59.9094514
      ],
      [
       16.5576356,
       59.909314
      ],
      [
       16.5575785,
       59.9091757
      ],
      [
       16.55753,
       59.9090365
      ],
      [
       16.5574904,
       59.9088967
      ],
      [
       16.5574595,
       59.9087562
      ],
      [
       16.5574374,
       59.9086154
      ],
      [
       16.5574242,
       59.9084743
      ],
      [
       16.5574198,
       59.908333
      ],
      [
       16.5574243,
       59.9081918
      ],
      [
       16.5574376,
       59.9080507
      ],
      [
       16.5574597,
       59.9079098
      ],
      [
       16.5574907,
       59.9077694
      ],
      [
       16.5575304,
       59.9076296
      ],
      [
       16.5575789,
       59.9074904
      ],
      [
       16.5576361,
       59.9073521
      ],
      [
       16.5577019,
       59.9072147
      ],
      [
       16.5577763,
       59.9070784
      ],
      [
       16.5578591,
       59.9069434
      ],
      [
       16.5579504,
       59.9068098
      ],
      [
       16.5580501,
       59.9066776
      ],
      [
       16.5581579,
       59.9065471
      ],
      [
       16.5582739,
       59.9064184
      ],
      [
       16.5583979,
       59.9062915
      ],
      [
       16.5585297,
       59.9061667
      ],
      [
       16.5586694,
       59.906044
      ],
      [
       16.5588166,
       59.9059235
      ],
      [
       16.5589713,
       59.9058055
      ],
      [
       16.5591333,
       59.9056899
      ],
      [
       16.5593025,
       59.9055769
      ],
      [
       16.5594787,
       59.9054667
      ],
      [
       16.5596617,
       59.9053593
      ],
      [
       16.5598513,
       59.9052548
      ],
      [
       16.5600474,
       59.9051533
      ],
      [
       16.5602497,
       59.905055
      ],
      [
       16.5604581,
       59.90496
      ],
      [
       16.5606724,
       59.9048682
      ],
      [
       16.5608923,
       59.9047799
      ],
      [
       16.5611176,
       59.9046951
      ],
      [
       16.5613481,
       59.9046139
      ],
      [
       16.5615836,
       59.9045363
      ],
      [
       16.5618238,
       59.9044625
      ],
      [
       16.5620685,
       59.9043925
      ],
      [
       16.5623175,
       59.9043264
      ],
      [
       16.5625705,
       59.9042643
      ],
      [
       16.5628273,
       59.9042062
      ],
      [
       16.5630876,
       59.9041521
      ],
      [
       16.5633511,
       59.9041022
      ],
      [
       16.5636176,
       59.9040564
      ],
      [
       16.5638869,
       59.9040149
      ],
      [
       16.5641587,
       59.9039776
      ],
      [
       16.5644326,
       59.9039447
      ],
      [
       16.5647085,
       59.903916
      ],
      [
       16.564986,
       59.9038917
      ],
      [
       16.5652649,
       59.9038718
      ],
      [
       16.5655449,
       59.9038563
      ],
      [
       16.5658258,
       59.9038452
      ],
      [
       16.5661072,
       59.9038386
      ],
      [
       16.5663889,
       59.9038364
      ],
      [
       16.5666706,
       59.9038386
      ],
      [
       16.566952,
       59.9038452
      ],
      [
       16.5672328,
       59.9038563
      ],
      [
       16.5675129,
       59.9038718
      ],
      [
       16.5677918,
       59.9038917
      ],
      [
       16.5680693,
       59.903916
      ],
      [
       16.5683452,
       59.9039447
      ],
      [
       16.5686191,
       59.9039776
      ],
      [
       16.5688909,
       59.9040149
      ],
      [
       16.5691601,
       59.9040564
      ],
      [
       16.5694267,
       59.9041022
      ],
      [
       16.5696902,
       59.9041521
      ],
      [
       16.5699505,
       59.9042062
      ],
      [
       16.5702073,
       59.9042643
      ],
      [
       16.5704603,
       59.9043264
      ],
      [
       16.5707093,
       59.9043925
      ],
      [
       16.570954,
       59.9044625
      ],
      [
       16.5711942,
       59.9045363
      ],
      [
       16.5714297,
       59.9046139
      ],
      [
       16.5716602,
       59.9046951
      ],
      [
       16.5718855,
       59.9047799
      ],
      [
       16.5721054,
       59.9048682
      ],
      [
       16.5723196,
       59.90496
      ],
      [
       16.572528,
       59.905055
      ],
      [
       16.5727304,
       59.9051533
      ],
      [
       16.5729265,
       59.9052548
      ],
      [
       16.5731161,
       59.9053593
      ],
      [
       16.5732991,
       59.9054667
      ],
      [
       16.5734753,
       59.9055769
      ],
      [
       16.5736444,
       59.9056899
      ],
      [
       16.5738065,
       59.9058055
      ],
      [
       16.5739612,
       59.9059235
      ],
      [
       16.5741084,
       59.906044
      ],
      [
       16.574248,
       59.9061667
      ],
      [
       16.5743799,
       59.9062915
      ],
      [
       16.5745039,
       59.9064184
      ],
      [
       16.5746199,
       59.9065471
      ],
      [
       16.5747277,
       59.9066776
      ],
      [
       16.5748273,
       59.9068098
      ],
      [
       16.5749186,
       59.9069434
      ],
      [
       16.5750015,
       59.9070784
      ],
      [
       16.5750759,
       59.9072147
      ],
      [
       16.5751417,
       59.9073521
      ],
      [
       16.5751989,
       59.9074904
      ],
      [
       16.5752474,
       59.9076296
      ],
      [
       16.5752871,
       59.9077694
      ],
      [
       16.5753181,
       59.9079098
      ],
      [
       16.5753402,
       59.9080507
      ],
      [
       16.5753535,
       59.9081918
      ],
      [
       16.575358,
       59.908333
      ],
      [
       16.5753536,
       59.9084743
      ],
      [
       16.5753403,
       59.9086154
      ],
      [
       16.5753183,
       59.9087562
      ],
      [
       16.5752874,
       59.9088967
      ],
      [
       16.5752477,
       59.9090365
      ],
      [
       16.5751993,
       59.9091757
      ],
      [
       16.5751422,
       59.909314
      ],
      [
       16.5750765,
       59.9094514
      ],
      [
       16.5750022,
       59.9095877
      ],
      [
       16.5749193,
       59.9097227
      ],
      [
       16.5748281,
       59.9098564
      ],
      [
       16.5747285,
       59.9099885
      ],
      [
       16.5746207,
       59.910119
      ],
      [
       16.5745048,
       59.9102478
      ],
      [
       16.5743809,
       59.9103747
      ],
      [
       16.5742491,
       59.9104995
      ],
      [
       16.5741095,
       59.9106222
      ],
      [
       16.5739623,
       59.9107427
      ],
      [
       16.5738076,
       59.9108608
      ],
      [
       16.5736456,
       59.9109764
      ],
      [
       16.5734764,
       59.9110894
      ],
      [
       16.5733003,
       59.9111996
      ],
      [
       16.5731173,
       59.9113071
      ],
      [
       16.5729277,
       59.9114116
      ],
      [
       16.5727316,
       59.911513
      ],
      [
       16.5725293,
       59.9116113
      ],
      [
       16.5723209,
       59.9117064
      ],
      [
       16.5721066,
       59.9117982
      ],
      [
       16.5718867,
       59.9118865
      ],
      [
       16.5716614,
       59.9119713
      ],
      [
       16.5714308,
       59.9120526
      ],
      [
       16.5711953,
       59.9121302
      ],
      [
       16.5709551,
       59.912204
      ],
      [
       16.5707103,
       59.912274
      ],
      [
       16.5704613,
       59.9123401
      ],
      [
       16.5702082,
       59.9124023
      ],
      [
       16.5699514,
       59.9124604
      ],
      [
       16.569691,
       59.9125145
      ],
      [
       16.5694274,
       59.9125644
      ],
      [
       16.5691608,
       59.9126102
      ],
      [
       16.5688915,
       59.9126517
      ],
      [
       16.5686197,
       59.912689
      ],
      [
       16.5683457,
       59.912722
      ],
      [
       16.5680698,
       59.9127506
      ],
      [
       16.5677921,
       59.9127749
      ],
      [
       16.5675132,
       59.9127948
      ],
      [
       16.5672331,
       59.9128103
      ],
      [
       16.5669521,
       59.9128214
      ],
      [
       16.5666707,
       59.9128281
      ],
      [
       16.5663889,
       59.9128303
      ]
     ]
    ]
   }
  },
  {
   "type": "Feature",
   "properties": {
    "ll": {
     "value": 0,
     "unit": 1,
     "referenceDatum": 0
    },
    "ul": {
     "value": 3000,
     "unit": 1,
     "referenceDatum": 1
    },
    "_id": "63065da84d63a1d54f543c05",
    "name": "ES-D179 GRUVBERGET/ SVAPPAVAARA",
    "type": 2,
    "icao": 8,
    "bnd": [
     [
      67.6255556,
      20.97
     ],
     [
      67.6586111,
      21.0411111
     ]
    ]
   },
   "geometry": {
    "type": "Polygon",
    "coordinates": [
     [
      [
       20.9877778,
       67.6586111
      ],
      [
       21.0011111,
       67.6586111
      ],
      [
       21.0080556,
       67.6572222
      ],
      [
       21.0141667,
       67.6547222
      ],
      [
       21.0411111,
       67.6366667
      ],
      [
       21.0272222,
       67.6255556
      ],
      [
       21.0061111,
       67.6294444
      ],
      [
       20.9722222,
       67.6458333
      ],
      [
       20.97,
       67.6505556
      ],
      [
       20.975,
       67.6555556
      ],
      [
       20.9877778,
       67.6586111
      ]
     ]
    ]
   }
  },
  {
   "type": "Feature",
   "properties": {
    "ll": {
     "value": 0,
     "unit": 1,
     "referenceDatum": 0
    },
    "ul": {
     "value": 4500,
     "unit": 1,
     "referenceDatum": 1
    },
    "_id": "63065e014d63a1d54f544714",
    "name": "ES-D180 KAUNISVAARA",
    "type": 2,
    "icao": 8,
    "bnd": [
     [
      67.3925,
      23.2641667
     ],
     [
      67.4425,
      23.4019444
     ]
    ]
   },
   "geometry": {
    "type": "Polygon",
    "coordinates": [
     [
      [
       23.3058333,
       67.4425
      ],
      [
       23.4019444,
       67.4275
      ],
      [
       23.3527778,
       67.3925
      ],
      [
       23.2641667,
       67.4072222
      ],
      [
       23.3058333,
       67.4425
      ]
     ]
    ]
   }
  },
  {
   "type": "Feature",
   "properties": {
    "ll": {
     "value": 0,
     "unit": 1,
     "referenceDatum": 0
    },
    "ul": {
     "value": 4000,
     "unit": 1,
     "referenceDatum": 1
    },
    "_id": "63065e544d63a1d54f54473a",
    "name": "ES-D181 MERTAINEN-KIRUNA",
    "type": 2,
    "icao": 8,
    "bnd": [
     [
      67.6894557,
      20.7441513
     ],
     [
      67.7227665,
      20.8319598
     ]
    ]
   },
   "geometry": {
    "type": "Polygon",
    "coordinates": [
     [
      [
       20.7880556,
       67.7227665
      ],
      [
       20.7866755,
       67.7227583
      ],
      [
       20.7852968,
       67.7227336
      ],
      [
       20.7839209,
       67.7226926
      ],
      [
       20.782549,
       67.7226351
      ],
      [
       20.7811826,
       67.7225613
      ],
      [
       20.779823,
       67.7224713
      ],
      [
       20.7784715,
       67.7223651
      ],
      [
       20.7771295,
       67.7222429
      ],
      [
       20.7757983,
       67.7221047
      ],
      [
       20.7744792,
       67.7219508
      ],
      [
       20.7731736,
       67.7217812
      ],
      [
       20.7718827,
       67.7215961
      ],
      [
       20.7706077,
       67.7213958
      ],
      [
       20.76935,
       67.7211803
      ],
      [
       20.7681108,
       67.72095
      ],
      [
       20.7668914,
       67.720705
      ],
      [
       20.7656928,
       67.7204456
      ],
      [
       20.7645164,
       67.720172
      ],
      [
       20.7633632,
       67.7198846
      ],
      [
       20.7622345,
       67.7195836
      ],
      [
       20.7611312,
       67.7192692
      ],
      [
       20.7600546,
       67.7189419
      ],
      [
       20.7590057,
       67.7186019
      ],
      [
       20.7579855,
       67.7182496
      ],
      [
       20.756995,
       67.7178853
      ],
      [
       20.7560352,
       67.7175094
      ],
      [
       20.755107,
       67.7171222
      ],
      [
       20.7542114,
       67.7167242
      ],
      [
       20.7533493,
       67.7163156
      ],
      [
       20.7525214,
       67.7158971
      ],
      [
       20.7517287,
       67.7154688
      ],
      [
       20.7509719,
       67.7150313
      ],
      [
       20.7502517,
       67.714585
      ],
      [
       20.7495688,
       67.7141304
      ],
      [
       20.748924,
       67.7136678
      ],
      [
       20.7483178,
       67.7131978
      ],
      [
       20.7477509,
       67.7127208
      ],
      [
       20.7472237,
       67.7122373
      ],
      [
       20.746737,
       67.7117477
      ],
      [
       20.746291,
       67.7112526
      ],
      [
       20.7458862,
       67.7107524
      ],
      [
       20.7455231,
       67.7102476
      ],
      [
       20.745202,
       67.7097388
      ],
      [
       20.7449232,
       67.7092263
      ],
      [
       20.744687,
       67.7087108
      ],
      [
       20.7444936,
       67.7081928
      ],
      [
       20.7443432,
       67.7076727
      ],
      [
       20.744236,
       67.707151
      ],
      [
       20.744172,
       67.7066284
      ],
      [
       20.7441513,
       67.7061052
      ],
      [
       20.7441739,
       67.7055821
      ],
      [
       20.7442399,
       67.7050594
      ],
      [
       20.7443491,
       67.7045378
      ],
      [
       20.7445014,
       67.7040178
      ],
      [
       20.7446966,
       67.7034999
      ],
      [
       20.7449347,
       67.7029845
      ],
      [
       20.7452153,
       67.7024722
      ],
      [
       20.7455381,
       67.7019635
      ],
      [
       20.7459029,
       67.701459
      ],
      [
       20.7463093,
       67.700959
      ],
      [
       20.7467568,
       67.7004641
      ],
      [
       20.7472451,
       67.6999747
      ],
      [
       20.7477736,
       67.6994915
      ],
      [
       20.7483418,
       67.6990147
      ],
      [
       20.7489492,
       67.698545
      ],
      [
       20.7495951,
       67.6980828
      ],
      [
       20.7502789,
       67.6976284
      ],
      [
       20.751,
       67.6971825
      ],
      [
       20.7517577,
       67.6967453
      ],
      [
       20.7525511,
       67.6963174
      ],
      [
       20.7533794,
       67.6958992
      ],
      [
       20.754242,
       67.695491
      ],
      [
       20.7551379,
       67.6950934
      ],
      [
       20.7560662,
       67.6947066
      ],
      [
       20.7570261,
       67.694331
      ],
      [
       20.7580165,
       67.6939671
      ],
      [
       20.7590366,
       67.6936151
      ],
      [
       20.7600852,
       67.6932755
      ],
      [
       20.7611614,
       67.6929485
      ],
      [
       20.7622641,
       67.6926346
      ],
      [
       20.7633922,
       67.6923339
      ],
      [
       20.7645445,
       67.6920468
      ],
      [
       20.7657201,
       67.6917736
      ],
      [
       20.7669176,
       67.6915145
      ],
      [
       20.768136,
       67.6912698
      ],
      [
       20.769374,
       67.6910398
      ],
      [
       20.7706304,
       67.6908246
      ],
      [
       20.771904,
       67.6906245
      ],
      [
       20.7731934,
       67.6904397
      ],
      [
       20.7744975,
       67.6902703
      ],
      [
       20.775815,
       67.6901166
      ],
      [
       20.7771445,
       67.6899786
      ],
      [
       20.7784848,
       67.6898565
      ],
      [
       20.7798344,
       67.6897505
      ],
      [
       20.7811922,
       67.6896606
      ],
      [
       20.7825568,
       67.6895869
      ],
      [
       20.7839267,
       67.6895296
      ],
      [
       20.7853007,
       67.6894885
      ],
      [
       20.7866775,
       67.6894639
      ],
      [
       20.7880556,
       67.6894557
      ],
      [
       20.7894336,
       67.6894639
      ],
      [
       20.7908104,
       67.6894885
      ],
      [
       20.7921844,
       67.6895296
      ],
      [
       20.7935544,
       67.6895869
      ],
      [
       20.7949189,
       67.6896606
      ],
      [
       20.7962767,
       67.6897505
      ],
      [
       20.7976264,
       67.6898565
      ],
      [
       20.7989666,
       67.6899786
      ],
      [
       20.8002961,
       67.6901166
      ],
      [
       20.8016136,
       67.6902703
      ],
      [
       20.8029177,
       67.6904397
      ],
      [
       20.8042071,
       67.6906245
      ],
      [
       20.8054807,
       67.6908246
      ],
      [
       20.8067371,
       67.6910398
      ],
      [
       20.8079751,
       67.6912698
      ],
      [
       20.8091935,
       67.6915145
      ],
      [
       20.810391,
       67.6917736
      ],
      [
       20.8115666,
       67.6920468
      ],
      [
       20.812719,
       67.6923339
      ],
      [
       20.813847,
       67.6926346
      ],
      [
       20.8149497,
       67.6929485
      ],
      [
       20.8160259,
       67.6932755
      ],
      [
       20.8170745,
       67.6936151
      ],
      [
       20.8180946,
       67.6939671
      ],
      [
       20.819085,
       67.694331
      ],
      [
       20.8200449,
       67.6947066
      ],
      [
       20.8209732,
       67.6950934
      ],
      [
       20.8218691,
       67.695491
      ],
      [
       20.8227317,
       67.6958992
      ],
      [
       20.8235601,
       67.6963174
      ],
      [
       20.8243535,
       67.6967453
      ],
      [
       20.8251111,
       67.6971825
      ],
      [
       20.8258322,
       67.6976284
      ],
      [
       20.826516,
       67.6980828
      ],
      [
       20.827162,
       67.698545
      ],
      [
       20.8277693,
       67.6990147
      ],
      [
       20.8283376,
       67.6994915
      ],
      [
       20.8288661,
       67.6999747
      ],
      [
       20.8293543,
       67.7004641
      ],
      [
       20.8298018,
       67.700959
      ],
      [
       20.8302082,
       67.701459
      ],
      [
       20.830573,
       67.7019635
      ],
      [
       20.8308958,
       67.7024722
      ],
      [
       20.8311764,
       67.7029845
      ],
      [
       20.8314145,
       67.7034999
      ],
      [
       20.8316098,
       67.7040178
      ],
      [
       20.8317621,
       67.7045378
      ],
      [
       20.8318712,
       67.7050594
      ],
      [
       20.8319372,
       67.7055821
      ],
      [
       20.8319598,
       67.7061052
      ],
      [
       20.8319391,
       67.7066284
      ],
      [
       20.8318751,
       67.707151
      ],
      [
       20.8317679,
       67.7076727
      ],
      [
       20.8316175,
       67.7081928
      ],
      [
       20.8314241,
       67.7087108
      ],
      [
       20.8311879,
       67.7092263
      ],
      [
       20.8309091,
       67.7097388
      ],
      [
       20.830588,
       67.7102476
      ],
      [
       20.8302249,
       67.7107524
      ],
      [
       20.8298201,
       67.7112526
      ],
      [
       20.8293742,
       67.7117477
      ],
      [
       20.8288874,
       67.7122373
      ],
      [
       20.8283602,
       67.7127208
      ],
      [
       20.8277933,
       67.7131978
      ],
      [
       20.8271871,
       67.7136678
      ],
      [
       20.8265423,
       67.7141304
      ],
      [
       20.8258594,
       67.714585
      ],
      [
       20.8251392,
       67.7150313
      ],
      [
       20.8243824,
       67.7154688
      ],
      [
       20.8235897,
       67.7158971
      ],
      [
       20.8227618,
       67.7163156
      ],
      [
       20.8218997,
       67.7167242
      ],
      [
       20.8210041,
       67.7171222
      ],
      [
       20.8200759,
       67.7175094
      ],
      [
       20.8191161,
       67.7178853
      ],
      [
       20.8181256,
       67.7182496
      ],
      [
       20.8171054,
       67.7186019
      ],
      [
       20.8160565,
       67.7189419
      ],
      [
       20.8149799,
       67.7192692
      ],
      [
       20.8138766,
       67.7195836
      ],
      [
       20.8127479,
       67.7198846
      ],
      [
       20.8115947,
       67.720172
      ],
      [
       20.8104183,
       67.7204456
      ],
      [
       20.8092197,
       67.720705
      ],
      [
       20.8080003,
       67.72095
      ],
      [
       20.8067611,
       67.7211803
      ],
      [
       20.8055034,
       67.7213958
      ],
      [
       20.8042285,
       67.7215961
      ],
      [
       20.8029375,
       67.7217812
      ],
      [
       20.8016319,
       67.7219508
      ],
      [
       20.8003128,
       67.7221047
      ],
      [
       20.7989816,
       67.7222429
      ],
      [
       20.7976396,
       67.7223651
      ],
      [
       20.7962881,
       67.7224713
      ],
      [
       20.7949285,
       67.7225613
      ],
      [
       20.7935621,
       67.7226351
      ],
      [
       20.7921902,
       67.7226926
      ],
      [
       20.7908143,
       67.7227336
      ],
      [
       20.7894356,
       67.7227583
      ],
      [
       20.7880556,
       67.7227665
      ]
     ]
    ]
   }
  },
  {
   "type": "Feature",
   "properties": {
    "ll": {
     "value": 0,
     "unit": 1,
     "referenceDatum": 0
    },
    "ul": {
     "value": 999,
     "unit": 6,
     "referenceDatum": 2
    },
    "_id": "63065ebc4d63a1d54f544782",
    "name": "ES-D182 SATTAVAARA",
    "type": 2,
    "icao": 8,
    "bnd": [
     [
      67.8617344,
      21.0169524
     ],
     [
      67.8977101,
      21.1124921
     ]
    ]
   },
   "geometry": {
    "type": "Polygon",
    "coordinates": [
     [
      [
       21.0647222,
       67.8977101
      ],
      [
       21.0632206,
       67.8977012
      ],
      [
       21.0617204,
       67.8976745
      ],
      [
       21.0602232,
       67.8976302
      ],
      [
       21.0587305,
       67.8975681
      ],
      [
       21.0572437,
       67.8974884
      ],
      [
       21.0557642,
       67.8973912
      ],
      [
       21.0542937,
       67.8972765
      ],
      [
       21.0528334,
       67.8971445
      ],
      [
       21.051385,
       67.8969953
      ],
      [
       21.0499497,
       67.896829
      ],
      [
       21.048529,
       67.8966458
      ],
      [
       21.0471243,
       67.896446
      ],
      [
       21.0457371,
       67.8962296
      ],
      [
       21.0443686,
       67.8959969
      ],
      [
       21.0430202,
       67.8957481
      ],
      [
       21.0416933,
       67.8954835
      ],
      [
       21.0403892,
       67.8952033
      ],
      [
       21.0391091,
       67.8949079
      ],
      [
       21.0378544,
       67.8945974
      ],
      [
       21.0366262,
       67.8942723
      ],
      [
       21.0354259,
       67.8939328
      ],
      [
       21.0342544,
       67.8935793
      ],
      [
       21.0331131,
       67.8932121
      ],
      [
       21.0320031,
       67.8928315
      ],
      [
       21.0309254,
       67.8924381
      ],
      [
       21.0298811,
       67.8920321
      ],
      [
       21.0288712,
       67.8916139
      ],
      [
       21.0278968,
       67.891184
      ],
      [
       21.0269587,
       67.8907428
      ],
      [
       21.026058,
       67.8902907
      ],
      [
       21.0251955,
       67.8898281
      ],
      [
       21.0243721,
       67.8893556
      ],
      [
       21.0235885,
       67.8888736
      ],
      [
       21.0228456,
       67.8883826
      ],
      [
       21.022144,
       67.887883
      ],
      [
       21.0214845,
       67.8873754
      ],
      [
       21.0208678,
       67.8868602
      ],
      [
       21.0202943,
       67.886338
      ],
      [
       21.0197647,
       67.8858092
      ],
      [
       21.0192795,
       67.8852745
      ],
      [
       21.0188392,
       67.8847343
      ],
      [
       21.0184443,
       67.8841891
      ],
      [
       21.018095,
       67.8836395
      ],
      [
       21.0177917,
       67.8830861
      ],
      [
       21.0175348,
       67.8825294
      ],
      [
       21.0173245,
       67.8819699
      ],
      [
       21.0171609,
       67.8814081
      ],
      [
       21.0170443,
       67.8808448
      ],
      [
       21.0169748,
       67.8802803
      ],
      [
       21.0169524,
       67.8797153
      ],
      [
       21.0169771,
       67.8791503
      ],
      [
       21.0170489,
       67.8785858
      ],
      [
       21.0171678,
       67.8780225
      ],
      [
       21.0173336,
       67.8774609
      ],
      [
       21.0175462,
       67.8769015
      ],
      [
       21.0178053,
       67.8763449
      ],
      [
       21.0181107,
       67.8757917
      ],
      [
       21.018462,
       67.8752423
      ],
      [
       21.018859,
       67.8746974
      ],
      [
       21.0193012,
       67.8741574
      ],
      [
       21.0197882,
       67.8736229
      ],
      [
       21.0203196,
       67.8730945
      ],
      [
       21.0208947,
       67.8725725
      ],
      [
       21.021513,
       67.8720577
      ],
      [
       21.0221739,
       67.8715504
      ],
      [
       21.0228767,
       67.8710512
      ],
      [
       21.0236209,
       67.8705605
      ],
      [
       21.0244055,
       67.8700789
      ],
      [
       21.0252298,
       67.8696068
      ],
      [
       21.0260931,
       67.8691447
      ],
      [
       21.0269945,
       67.868693
      ],
      [
       21.027933,
       67.8682522
      ],
      [
       21.0289078,
       67.8678227
      ],
      [
       21.0299179,
       67.867405
      ],
      [
       21.0309623,
       67.8669994
      ],
      [
       21.0320399,
       67.8666064
      ],
      [
       21.0331497,
       67.8662263
      ],
      [
       21.0342907,
       67.8658595
      ],
      [
       21.0354616,
       67.8655064
      ],
      [
       21.0366613,
       67.8651674
      ],
      [
       21.0378887,
       67.8648426
      ],
      [
       21.0391425,
       67.8645326
      ],
      [
       21.0404215,
       67.8642375
      ],
      [
       21.0417245,
       67.8639577
      ],
      [
       21.0430501,
       67.8636935
      ],
      [
       21.044397,
       67.8634451
      ],
      [
       21.045764,
       67.8632127
      ],
      [
       21.0471496,
       67.8629966
      ],
      [
       21.0485525,
       67.862797
      ],
      [
       21.0499714,
       67.8626141
      ],
      [
       21.0514047,
       67.8624481
      ],
      [
       21.0528512,
       67.8622991
      ],
      [
       21.0543094,
       67.8621673
      ],
      [
       21.0557778,
       67.8620527
      ],
      [
       21.0572551,
       67.8619557
      ],
      [
       21.0587397,
       67.8618761
      ],
      [
       21.0602301,
       67.8618141
      ],
      [
       21.061725,
       67.8617698
      ],
      [
       21.0632229,
       67.8617432
      ],
      [
       21.0647222,
       67.8617344
      ],
      [
       21.0662216,
       67.8617432
      ],
      [
       21.0677194,
       67.8617698
      ],
      [
       21.0692143,
       67.8618141
      ],
      [
       21.0707048,
       67.8618761
      ],
      [
       21.0721894,
       67.8619557
      ],
      [
       21.0736666,
       67.8620527
      ],
      [
       21.075135,
       67.8621673
      ],
      [
       21.0765932,
       67.8622991
      ],
      [
       21.0780397,
       67.8624481
      ],
      [
       21.0794731,
       67.8626141
      ],
      [
       21.0808919,
       67.862797
      ],
      [
       21.0822949,
       67.8629966
      ],
      [
       21.0836805,
       67.8632127
      ],
      [
       21.0850474,
       67.8634451
      ],
      [
       21.0863944,
       67.8636935
      ],
      [
       21.08772,
       67.8639577
      ],
      [
       21.0890229,
       67.8642375
      ],
      [
       21.0903019,
       67.8645326
      ],
      [
       21.0915557,
       67.8648426
      ],
      [
       21.0927831,
       67.8651674
      ],
      [
       21.0939829,
       67.8655064
      ],
      [
       21.0951538,
       67.8658595
      ],
      [
       21.0962947,
       67.8662263
      ],
      [
       21.0974045,
       67.8666064
      ],
      [
       21.0984822,
       67.8669994
      ],
      [
       21.0995266,
       67.867405
      ],
      [
       21.1005366,
       67.8678227
      ],
      [
       21.1015114,
       67.8682522
      ],
      [
       21.10245,
       67.868693
      ],
      [
       21.1033513,
       67.8691447
      ],
      [
       21.1042146,
       67.8696068
      ],
      [
       21.105039,
       67.8700789
      ],
      [
       21.1058236,
       67.8705605
      ],
      [
       21.1065677,
       67.8710512
      ],
      [
       21.1072706,
       67.8715504
      ],
      [
       21.1079315,
       67.8720577
      ],
      [
       21.1085498,
       67.8725725
      ],
      [
       21.1091249,
       67.8730945
      ],
      [
       21.1096562,
       67.8736229
      ],
      [
       21.1101432,
       67.8741574
      ],
      [
       21.1105854,
       67.8746974
      ],
      [
       21.1109824,
       67.8752423
      ],
      [
       21.1113338,
       67.8757917
      ],
      [
       21.1116392,
       67.8763449
      ],
      [
       21.1118983,
       67.8769015
      ],
      [
       21.1121108,
       67.8774609
      ],
      [
       21.1122766,
       67.8780225
      ],
      [
       21.1123955,
       67.8785858
      ],
      [
       21.1124673,
       67.8791503
      ],
      [
       21.1124921,
       67.8797153
      ],
      [
       21.1124697,
       67.8802803
      ],
      [
       21.1124001,
       67.8808448
      ],
      [
       21.1122835,
       67.8814081
      ],
      [
       21.11212,
       67.8819699
      ],
      [
       21.1119097,
       67.8825294
      ],
      [
       21.1116527,
       67.8830861
      ],
      [
       21.1113495,
       67.8836395
      ],
      [
       21.1110002,
       67.8841891
      ],
      [
       21.1106052,
       67.8847343
      ],
      [
       21.1101649,
       67.8852745
      ],
      [
       21.1096797,
       67.8858092
      ],
      [
       21.1091501,
       67.886338
      ],
      [
       21.1085767,
       67.8868602
      ],
      [
       21.1079599,
       67.8873754
      ],
      [
       21.1073004,
       67.887883
      ],
      [
       21.1065989,
       67.8883826
      ],
      [
       21.1058559,
       67.8888736
      ],
      [
       21.1050723,
       67.8893556
      ],
      [
       21.1042489,
       67.8898281
      ],
      [
       21.1033864,
       67.8902907
      ],
      [
       21.1024857,
       67.8907428
      ],
      [
       21.1015477,
       67.891184
      ],
      [
       21.1005732,
       67.8916139
      ],
      [
       21.0995634,
       67.8920321
      ],
      [
       21.0985191,
       67.8924381
      ],
      [
       21.0974414,
       67.8928315
      ],
      [
       21.0963313,
       67.8932121
      ],
      [
       21.09519,
       67.8935793
      ],
      [
       21.0940186,
       67.8939328
      ],
      [
       21.0928182,
       67.8942723
      ],
      [
       21.09159,
       67.8945974
      ],
      [
       21.0903353,
       67.8949079
      ],
      [
       21.0890552,
       67.8952033
      ],
      [
       21.0877511,
       67.8954835
      ],
      [
       21.0864242,
       67.8957481
      ],
      [
       21.0850759,
       67.8959969
      ],
      [
       21.0837074,
       67.8962296
      ],
      [
       21.0823201,
       67.896446
      ],
      [
       21.0809155,
       67.8966458
      ],
      [
       21.0794948,
       67.896829
      ],
      [
       21.0780595,
       67.8969953
      ],
      [
       21.076611,
       67.8971445
      ],
      [
       21.0751508,
       67.8972765
      ],
      [
       21.0736802,
       67.8973912
      ],
      [
       21.0722008,
       67.8974884
      ],
      [
       21.070714,
       67.8975681
      ],
      [
       21.0692212,
       67.8976302
      ],
      [
       21.067724,
       67.8976745
      ],
      [
       21.0662239,
       67.8977012
      ],
      [
       21.0647222,
       67.8977101
      ]
     ]
    ]
   }
  },
  {
   "type": "Feature",
   "properties": {
    "ll": {
     "value": 0,
     "unit": 1,
     "referenceDatum": 0
    },
    "ul": {
     "value": 660,
     "unit": 6,
     "referenceDatum": 2
    },
    "_id": "63065f5f4d63a1d54f5447af",
    "name": "ES-D184 BOTHNIA NORTH",
    "type": 2,
    "icao": 8,
    "bnd": [
     [
      63.9747222,
      21.2638889
     ],
     [
      65.4691667,
      23.9102778
     ]
    ]
   },
   "geometry": {
    "type": "Polygon",
    "coordinates": [
     [
      [
       23.1994444,
       65.4691667
      ],
      [
       23.9102778,
       65.3758333
      ],
      [
       22.9166667,
       64.6833333
      ],
      [
       21.9616667,
       63.9747222
      ],
      [
       21.2638889,
       63.9747222
      ],
      [
       22.1552778,
       65.0269444
      ],
      [
       22.3955556,
       64.9755556
      ],
      [
       23.0286111,
       65.4405556
      ],
      [
       23.1994444,
       65.4691667
      ]
     ]
    ]
   }
  },
  {
   "type": "Feature",
   "properties": {
    "ll": {
     "value": 0,
     "unit": 1,
     "referenceDatum": 0
    },
    "ul": {
     "value": 660,
     "unit": 6,
     "referenceDatum": 2
    },
    "_id": "63065fc14d63a1d54f5447d6",
    "name": "ES-D185 BOTHNIA SOUTH",
    "type": 2,
    "icao": 8,
    "bnd": [
     [
      63.6052778,
      21.0505556
     ],
     [
      63.9747222,
      21.9616667
     ]
    ]
   },
   "geometry": {
    "type": "Polygon",
    "coordinates": [
     [
      [
       21.9616667,
       63.9747222
      ],
      [
       21.5,
       63.6166667
      ],
      [
       21.4341667,
       63.6052778
      ],
      [
       21.0505556,
       63.7066667
      ],
      [
       21.2638889,
       63.9747222
      ],
      [
       21.9616667,
       63.9747222
      ]
     ]
    ]
   }
  },
  {
   "type": "Feature",
   "properties": {
    "ll": {
     "value": 0,
     "unit": 1,
     "referenceDatum": 0
    },
    "ul": {
     "value": 1000,
     "unit": 1,
     "referenceDatum": 1
    },
    "_id": "6306603d4d63a1d54f545206",
    "name": "ES-D186 TRÄNGSLETDAMMEN",
    "type": 2,
    "icao": 8,
    "bnd": [
     [
      61.369895,
      13.715113
     ],
     [
      61.3878828,
      13.7526647
     ]
    ]
   },
   "geometry": {
    "type": "Polygon",
    "coordinates": [
     [
      [
       13.7338889,
       61.3878828
      ],
      [
       13.733299,
       61.3878784
      ],
      [
       13.7327096,
       61.3878651
      ],
      [
       13.7321214,
       61.3878429
      ],
      [
       13.731535,
       61.3878119
      ],
      [
       13.7309509,
       61.3877721
      ],
      [
       13.7303696,
       61.3877235
      ],
      [
       13.7297919,
       61.3876661
      ],
      [
       13.7292182,
       61.3876002
      ],
      [
       13.7286491,
       61.3875256
      ],
      [
       13.7280852,
       61.3874425
      ],
      [
       13.7275271,
       61.3873509
      ],
      [
       13.7269752,
       61.3872511
      ],
      [
       13.7264301,
       61.3871429
      ],
      [
       13.7258924,
       61.3870266
      ],
      [
       13.7253626,
       61.3869023
      ],
      [
       13.7248413,
       61.38677
      ],
      [
       13.7243288,
       61.38663
      ],
      [
       13.7238258,
       61.3864823
      ],
      [
       13.7233328,
       61.3863272
      ],
      [
       13.7228501,
       61.3861647
      ],
      [
       13.7223784,
       61.385995
      ],
      [
       13.7219181,
       61.3858183
      ],
      [
       13.7214695,
       61.3856348
      ],
      [
       13.7210332,
       61.3854446
      ],
      [
       13.7206097,
       61.3852479
      ],
      [
       13.7201992,
       61.385045
      ],
      [
       13.7198022,
       61.3848359
      ],
      [
       13.7194192,
       61.3846211
      ],
      [
       13.7190504,
       61.3844005
      ],
      [
       13.7186963,
       61.3841745
      ],
      [
       13.7183572,
       61.3839433
      ],
      [
       13.7180335,
       61.3837072
      ],
      [
       13.7177254,
       61.3834662
      ],
      [
       13.7174332,
       61.3832208
      ],
      [
       13.7171573,
       61.382971
      ],
      [
       13.7168979,
       61.3827173
      ],
      [
       13.7166553,
       61.3824597
      ],
      [
       13.7164297,
       61.3821987
      ],
      [
       13.7162213,
       61.3819343
      ],
      [
       13.7160304,
       61.381667
      ],
      [
       13.7158571,
       61.3813969
      ],
      [
       13.7157016,
       61.3811244
      ],
      [
       13.7155641,
       61.3808496
      ],
      [
       13.7154446,
       61.3805729
      ],
      [
       13.7153434,
       61.3802946
      ],
      [
       13.7152604,
       61.3800149
      ],
      [
       13.7151959,
       61.379734
      ],
      [
       13.7151497,
       61.3794523
      ],
      [
       13.7151221,
       61.3791701
      ],
      [
       13.715113,
       61.3788876
      ],
      [
       13.7151225,
       61.3786051
      ],
      [
       13.7151504,
       61.3783229
      ],
      [
       13.7151969,
       61.3780412
      ],
      [
       13.7152618,
       61.3777604
      ],
      [
       13.715345,
       61.3774807
      ],
      [
       13.7154466,
       61.3772023
      ],
      [
       13.7155664,
       61.3769257
      ],
      [
       13.7157042,
       61.376651
      ],
      [
       13.71586,
       61.3763785
      ],
      [
       13.7160336,
       61.3761084
      ],
      [
       13.7162248,
       61.3758412
      ],
      [
       13.7164334,
       61.3755769
      ],
      [
       13.7166592,
       61.3753159
      ],
      [
       13.7169021,
       61.3750584
      ],
      [
       13.7171617,
       61.3748047
      ],
      [
       13.7174378,
       61.374555
      ],
      [
       13.7177301,
       61.3743097
      ],
      [
       13.7180384,
       61.3740688
      ],
      [
       13.7183623,
       61.3738327
      ],
      [
       13.7187015,
       61.3736015
      ],
      [
       13.7190557,
       61.3733756
      ],
      [
       13.7194245,
       61.3731552
      ],
      [
       13.7198076,
       61.3729404
      ],
      [
       13.7202046,
       61.3727314
      ],
      [
       13.7206151,
       61.3725286
      ],
      [
       13.7210386,
       61.372332
      ],
      [
       13.7214749,
       61.3721419
      ],
      [
       13.7219234,
       61.3719584
      ],
      [
       13.7223836,
       61.3717818
      ],
      [
       13.7228553,
       61.3716122
      ],
      [
       13.7233378,
       61.3714498
      ],
      [
       13.7238307,
       61.3712947
      ],
      [
       13.7243336,
       61.3711471
      ],
      [
       13.7248458,
       61.3710072
      ],
      [
       13.725367,
       61.370875
      ],
      [
       13.7258966,
       61.3707507
      ],
      [
       13.7264341,
       61.3706345
      ],
      [
       13.7269789,
       61.3705264
      ],
      [
       13.7275305,
       61.3704265
      ],
      [
       13.7280884,
       61.370335
      ],
      [
       13.728652,
       61.370252
      ],
      [
       13.7292208,
       61.3701774
      ],
      [
       13.7297942,
       61.3701115
      ],
      [
       13.7303716,
       61.3700542
      ],
      [
       13.7309525,
       61.3700057
      ],
      [
       13.7315363,
       61.3699659
      ],
      [
       13.7321224,
       61.3699349
      ],
      [
       13.7327103,
       61.3699127
      ],
      [
       13.7332993,
       61.3698994
      ],
      [
       13.7338889,
       61.369895
      ],
      [
       13.7344785,
       61.3698994
      ],
      [
       13.7350675,
       61.3699127
      ],
      [
       13.7356553,
       61.3699349
      ],
      [
       13.7362415,
       61.3699659
      ],
      [
       13.7368252,
       61.3700057
      ],
      [
       13.7374061,
       61.3700542
      ],
      [
       13.7379836,
       61.3701115
      ],
      [
       13.738557,
       61.3701774
      ],
      [
       13.7391257,
       61.370252
      ],
      [
       13.7396894,
       61.370335
      ],
      [
       13.7402473,
       61.3704265
      ],
      [
       13.7407989,
       61.3705264
      ],
      [
       13.7413437,
       61.3706345
      ],
      [
       13.7418812,
       61.3707507
      ],
      [
       13.7424108,
       61.370875
      ],
      [
       13.7429319,
       61.3710072
      ],
      [
       13.7434442,
       61.3711471
      ],
      [
       13.7439471,
       61.3712947
      ],
      [
       13.74444,
       61.3714498
      ],
      [
       13.7449225,
       61.3716122
      ],
      [
       13.7453941,
       61.3717818
      ],
      [
       13.7458544,
       61.3719584
      ],
      [
       13.7463029,
       61.3721419
      ],
      [
       13.7467392,
       61.372332
      ],
      [
       13.7471627,
       61.3725286
      ],
      [
       13.7475732,
       61.3727314
      ],
      [
       13.7479702,
       61.3729404
      ],
      [
       13.7483533,
       61.3731552
      ],
      [
       13.7487221,
       61.3733756
      ],
      [
       13.7490763,
       61.3736015
      ],
      [
       13.7494155,
       61.3738327
      ],
      [
       13.7497394,
       61.3740688
      ],
      [
       13.7500477,
       61.3743097
      ],
      [
       13.75034,
       61.374555
      ],
      [
       13.7506161,
       61.3748047
      ],
      [
       13.7508757,
       61.3750584
      ],
      [
       13.7511185,
       61.3753159
      ],
      [
       13.7513444,
       61.3755769
      ],
      [
       13.751553,
       61.3758412
      ],
      [
       13.7517442,
       61.3761084
      ],
      [
       13.7519178,
       61.3763785
      ],
      [
       13.7520736,
       61.376651
      ],
      [
       13.7522114,
       61.3769257
      ],
      [
       13.7523312,
       61.3772023
      ],
      [
       13.7524327,
       61.3774807
      ],
      [
       13.752516,
       61.3777604
      ],
      [
       13.7525809,
       61.3780412
      ],
      [
       13.7526274,
       61.3783229
      ],
      [
       13.7526553,
       61.3786051
      ],
      [
       13.7526647,
       61.3788876
      ],
      [
       13.7526556,
       61.3791701
      ],
      [
       13.752628,
       61.3794523
      ],
      [
       13.7525819,
       61.379734
      ],
      [
       13.7525174,
       61.3800149
      ],
      [
       13.7524344,
       61.3802946
      ],
      [
       13.7523332,
       61.3805729
      ],
      [
       13.7522137,
       61.3808496
      ],
      [
       13.7520762,
       61.3811244
      ],
      [
       13.7519207,
       61.3813969
      ],
      [
       13.7517474,
       61.381667
      ],
      [
       13.7515565,
       61.3819343
      ],
      [
       13.7513481,
       61.3821987
      ],
      [
       13.7511225,
       61.3824597
      ],
      [
       13.7508799,
       61.3827173
      ],
      [
       13.7506205,
       61.382971
      ],
      [
       13.7503446,
       61.3832208
      ],
      [
       13.7500524,
       61.3834662
      ],
      [
       13.7497443,
       61.3837072
      ],
      [
       13.7494205,
       61.3839433
      ],
      [
       13.7490814,
       61.3841745
      ],
      [
       13.7487273,
       61.3844005
      ],
      [
       13.7483586,
       61.3846211
      ],
      [
       13.7479755,
       61.3848359
      ],
      [
       13.7475786,
       61.385045
      ],
      [
       13.7471681,
       61.3852479
      ],
      [
       13.7467445,
       61.3854446
      ],
      [
       13.7463083,
       61.3856348
      ],
      [
       13.7458597,
       61.3858183
      ],
      [
       13.7453994,
       61.385995
      ],
      [
       13.7449276,
       61.3861647
      ],
      [
       13.744445,
       61.3863272
      ],
      [
       13.7439519,
       61.3864823
      ],
      [
       13.7434489,
       61.38663
      ],
      [
       13.7429365,
       61.38677
      ],
      [
       13.7424151,
       61.3869023
      ],
      [
       13.7418853,
       61.3870266
      ],
      [
       13.7413476,
       61.3871429
      ],
      [
       13.7408026,
       61.3872511
      ],
      [
       13.7402507,
       61.3873509
      ],
      [
       13.7396925,
       61.3874425
      ],
      [
       13.7391286,
       61.3875256
      ],
      [
       13.7385596,
       61.3876002
      ],
      [
       13.7379859,
       61.3876661
      ],
      [
       13.7374081,
       61.3877235
      ],
      [
       13.7368269,
       61.3877721
      ],
      [
       13.7362428,
       61.3878119
      ],
      [
       13.7356564,
       61.3878429
      ],
      [
       13.7350682,
       61.3878651
      ],
      [
       13.7344788,
       61.3878784
      ],
      [
       13.7338889,
       61.3878828
      ]
     ]
    ]
   }
  },
  {
   "type": "Feature",
   "properties": {
    "ll": {
     "value": 0,
     "unit": 1,
     "referenceDatum": 0
    },
    "ul": {
     "value": 1500,
     "unit": 1,
     "referenceDatum": 1
    },
    "_id": "6306609b4d63a1d54f54521f",
    "name": "ES-D187 HULTSFRED",
    "type": 2,
    "icao": 8,
    "bnd": [
     [
      57.5152778,
      15.7911111
     ],
     [
      57.5333333,
      15.8411111
     ]
    ]
   },
   "geometry": {
    "type": "Polygon",
    "coordinates": [
     [
      [
       15.8136111,
       57.5333333
      ],
      [
       15.8411111,
       57.5275
      ],
      [
       15.8386111,
       57.5152778
      ],
      [
       15.8036111,
       57.525
      ],
      [
       15.7911111,
       57.5294444
      ],
      [
       15.8016667,
       57.5319444
      ],
      [
       15.8136111,
       57.5333333
      ]
     ]
    ]
   }
  },
  {
   "type": "Feature",
   "properties": {
    "ll": {
     "value": 460,
     "unit": 0,
     "referenceDatum": 1
    },
    "ul": {
     "value": 1370,
     "unit": 0,
     "referenceDatum": 1
    },
    "_id": "62e0fb73fd421ae8bc07a4f1",
    "name": "ESKILSTUNA TIA",
    "type": 0,
    "icao": 4,
    "bnd": [
     [
      59.0938889,
      16.5516667
     ],
     [
      59.6063889,
      16.9291667
     ]
    ]
   },
   "geometry": {
    "type": "Polygon",
    "coordinates": [
     [
      [
       16.6233333,
       59.6063889
      ],
      [
       16.7594444,
       59.6047222
      ],
      [
       16.8630556,
       59.5122222
      ],
      [
       16.9291667,
       59.4086111
      ],
      [
       16.8691667,
       59.3033333
      ],
      [
       16.8394444,
       59.2508333
      ],
      [
       16.8619444,
       59.2169444
      ],
      [
       16.7891667,
       59.0969444
      ],
      [
       16.6444444,
       59.0938889
      ],
      [
       16.5719444,
       59.2008333
      ],
      [
       16.5516667,
       59.5016667
      ],
      [
       16.6233333,
       59.6063889
      ]
     ]
    ]
   }
  },
  {
   "type": "Feature",
   "properties": {
    "ll": {
     "value": 0,
     "unit": 1,
     "referenceDatum": 0
    },
    "ul": {
     "value": 460,
     "unit": 0,
     "referenceDatum": 1
    },
    "_id": "62e0fb73fd421ae8bc07a4fa",
    "name": "ESKILSTUNA TIZ",
    "type": 0,
    "icao": 5,
    "bnd": [
     [
      59.1591667,
      16.5697222
     ],
     [
      59.4652778,
      16.8691667
     ]
    ]
   },
   "geometry": {
    "type": "Polygon",
    "coordinates": [
     [
      [
       16.82,
       59.4652778
      ],
      [
       16.8497222,
       59.3927778
      ],
      [
       16.8691667,
       59.3033333
      ],
      [
       16.7894444,
       59.1619444
      ],
      [
       16.6613889,
       59.1591667
      ],
      [
       16.5697222,
       59.2797222
      ],
      [
       16.5805556,
       59.405
      ],
      [
       16.5875,
       59.4611111
      ],
      [
       16.82,
       59.4652778
      ]
     ]
    ]
   }
  },
  {
   "type": "Feature",
   "properties": {
    "ll": {
     "value": 460,
     "unit": 0,
     "referenceDatum": 1
    },
    "ul": {
     "value": 60,
     "unit": 6,
     "referenceDatum": 2
    },
    "_id": "62e0fb59fd421ae8bc079bac",
    "name": "FLOBY",
    "type": 21,
    "icao": 7,
    "bnd": [
     [
      58.0969444,
      12.785
     ],
     [
      58.2952778,
      13.3244444
     ]
    ]
   },
   "geometry": {
    "type": "Polygon",
    "coordinates": [
     [
      [
       13.3244444,
       58.2952778
      ],
      [
       13.2769444,
       58.0969444
      ],
      [
       12.785,
       58.1080556
      ],
      [
       13.3244444,
       58.2952778
      ]
     ]
    ]
   }
  },
  {
   "type": "Feature",
   "properties": {
    "ll": {
     "value": 300,
     "unit": 0,
     "referenceDatum": 0
    },
    "ul": {
     "value": 1520,
     "unit": 0,
     "referenceDatum": 1
    },
    "_id": "62e0fb73fd421ae8bc07a504",
    "name": "GÄLLIVARE TIA",
    "type": 0,
    "icao": 4,
    "bnd": [
     [
      66.85,
      20.2194444
     ],
     [
      67.3269444,
      21.8025
     ]
    ]
   },
   "geometry": {
    "type": "Polygon",
    "coordinates": [
     [
      [
       20.8027778,
       67.3269444
      ],
      [
       21.1875,
       67.2675
      ],
      [
       21.8025,
       67.0205556
      ],
      [
       21.4636111,
       66.85
      ],
      [
       20.8236111,
       66.9597222
      ],
      [
       20.2194444,
       67.1769444
      ],
      [
       20.3775,
       67.2961111
      ],
      [
       20.8027778,
       67.3269444
      ]
     ]
    ]
   }
  },
  {
   "type": "Feature",
   "properties": {
    "ll": {
     "value": 0,
     "unit": 1,
     "referenceDatum": 0
    },
    "ul": {
     "value": 300,
     "unit": 0,
     "referenceDatum": 0
    },
    "_id": "62e0fb73fd421ae8bc07a50e",
    "name": "GÄLLIVARE TIZ",
    "type": 0,
    "icao": 5,
    "bnd": [
     [
      67.0080556,
      20.3630556
     ],
     [
      67.245,
      21.2833333
     ]
    ]
   },
   "geometry": {
    "type": "Polygon",
    "coordinates": [
     [
      [
       20.4325,
       67.245
      ],
      [
       20.8586111,
       67.2102778
      ],
      [
       21.2833333,
       67.0825
      ],
      [
       21.1802778,
       67.0080556
      ],
      [
       20.505,
       67.0822222
      ],
      [
       20.3630556,
       67.1969444
      ],
      [
       20.4325,
       67.245
      ]
     ]
    ]
   }
  },
  {
   "type": "Feature",
   "properties": {
    "ll": {
     "value": 760,
     "unit": 0,
     "referenceDatum": 1
    },
    "ul": {
     "value": 1370,
     "unit": 0,
     "referenceDatum": 1
    },
    "_id": "62e0fb58fd421ae8bc079b34",
    "name": "GÖTEBORG A",
    "type": 0,
    "icao": 2,
    "bnd": [
     [
      57.2136111,
      11.1405556
     ],
     [
      58.2530556,
      12.785
     ]
    ]
   },
   "geometry": {
    "type": "Polygon",
    "coordinates": [
     [
      [
       12.0886111,
       58.2530556
      ],
      [
       12.3538889,
       58.1163889
      ],
      [
       12.785,
       58.1080556
      ],
      [
       12.7638889,
       57.4527778
      ],
      [
       12.5441667,
       57.3358333
      ],
      [
       11.5827778,
       57.2136111
      ],
      [
       11.1405556,
       57.7513889
      ],
      [
       11.4502778,
       58.1277778
      ],
      [
       12.0886111,
       58.2530556
      ]
     ]
    ]
   }
  },
  {
   "type": "Feature",
   "properties": {
    "ll": {
     "value": 460,
     "unit": 0,
     "referenceDatum": 1
    },
    "ul": {
     "value": 760,
     "unit": 0,
     "referenceDatum": 1
    },
    "_id": "62e0fb58fd421ae8bc079b3e",
    "name": "GÖTEBORG B",
    "type": 0,
    "icao": 2,
    "bnd": [
     [
      57.4497222,
      11.5225
     ],
     [
      58.0705556,
      12.6113889
     ]
    ]
   },
   "geometry": {
    "type": "Polygon",
    "coordinates": [
     [
      [
       11.785,
       58.0705556
      ],
      [
       12.6113889,
       57.8483333
      ],
      [
       12.5197222,
       57.6969444
      ],
      [
       12.4975,
       57.4747222
      ],
      [
       12.0808333,
       57.4497222
      ],
      [
       11.6566667,
       57.5202778
      ],
      [
       11.5225,
       57.7747222
      ],
      [
       11.5641667,
       57.9330556
      ],
      [
       11.785,
       58.0705556
      ]
     ]
    ]
   }
  },
  {
   "type": "Feature",
   "properties": {
    "ll": {
     "value": 1370,
     "unit": 0,
     "referenceDatum": 1
    },
    "ul": {
     "value": 95,
     "unit": 6,
     "referenceDatum": 2
    },
    "_id": "62e0fb58fd421ae8bc079b2a",
    "name": "GÖTEBORG TMA",
    "type": 0,
    "icao": 2,
    "bnd": [
     [
      56.9855556,
      11.1405556
     ],
     [
      58.7661111,
      13.3244444
     ]
    ]
   },
   "geometry": {
    "type": "Polygon",
    "coordinates": [
     [
      [
       12.4975,
       58.7661111
      ],
      [
       13.1638889,
       58.7327778
      ],
      [
       13.3244444,
       58.5169444
      ],
      [
       13.3244444,
       58.2952778
      ],
      [
       13.2769444,
       58.0969444
      ],
      [
       13.1991667,
       57.7672222
      ],
      [
       12.6958333,
       57.2275
      ],
      [
       11.7661111,
       56.9855556
      ],
      [
       11.5827778,
       57.2136111
      ],
      [
       11.1405556,
       57.7513889
      ],
      [
       11.4502778,
       58.1277778
      ],
      [
       11.9975,
       58.4652778
      ],
      [
       12.2955556,
       58.6455556
      ],
      [
       12.4975,
       58.7661111
      ]
     ]
    ]
   }
  },
  {
   "type": "Feature",
   "properties": {
    "ll": {
     "value": 520,
     "unit": 0,
     "referenceDatum": 1
    },
    "ul": {
     "value": 65,
     "unit": 6,
     "referenceDatum": 2
    },
    "_id": "62e0fb5cfd421ae8bc079caf",
    "name": "GREBY",
    "type": 21,
    "icao": 7,
    "bnd": [
     [
      58.3780556,
      13.8925
     ],
     [
      58.5858333,
      14.115
     ]
    ]
   },
   "geometry": {
    "type": "Polygon",
    "coordinates": [
     [
      [
       13.8925,
       58.5155556
      ],
      [
       14.115,
       58.5858333
      ],
      [
       14.1061111,
       58.4277778
      ],
      [
       14.0297222,
       58.3780556
      ],
      [
       13.8925,
       58.5155556
      ]
     ]
    ]
   }
  },
  {
   "type": "Feature",
   "properties": {
    "ll": {
     "value": 300,
     "unit": 0,
     "referenceDatum": 0
    },
    "ul": {
     "value": 1520,
     "unit": 0,
     "referenceDatum": 1
    },
    "_id": "62e0fb74fd421ae8bc07a518",
    "name": "HAGFORS TIA",
    "type": 0,
    "icao": 4,
    "bnd": [
     [
      59.7330556,
      13.3266667
     ],
     [
      60.3202778,
      13.8072222
     ]
    ]
   },
   "geometry": {
    "type": "Polygon",
    "coordinates": [
     [
      [
       13.7441667,
       60.3202778
      ],
      [
       13.8072222,
       59.745
      ],
      [
       13.3969444,
       59.7330556
      ],
      [
       13.3266667,
       60.3083333
      ],
      [
       13.7441667,
       60.3202778
      ]
     ]
    ]
   }
  },
  {
   "type": "Feature",
   "properties": {
    "ll": {
     "value": 0,
     "unit": 1,
     "referenceDatum": 0
    },
    "ul": {
     "value": 300,
     "unit": 0,
     "referenceDatum": 0
    },
    "_id": "62e0fb74fd421ae8bc07a522",
    "name": "HAGFORS TIZ",
    "type": 0,
    "icao": 5,
    "bnd": [
     [
      59.8941667,
      13.4238889
     ],
     [
      60.1455556,
      13.735
     ]
    ]
   },
   "geometry": {
    "type": "Polygon",
    "coordinates": [
     [
      [
       13.6216667,
       60.1455556
      ],
      [
       13.735,
       60.0255556
      ],
      [
       13.6541667,
       59.8977778
      ],
      [
       13.5280556,
       59.8941667
      ],
      [
       13.4238889,
       60.0166667
      ],
      [
       13.5044444,
       60.1422222
      ],
      [
       13.6216667,
       60.1455556
      ]
     ]
    ]
   }
  },
  {
   "type": "Feature",
   "properties": {
    "ll": {
     "value": 610,
     "unit": 0,
     "referenceDatum": 1
    },
    "ul": {
     "value": 95,
     "unit": 6,
     "referenceDatum": 2
    },
    "_id": "62e0fb5afd421ae8bc079be1",
    "name": "HALMSTAD A",
    "type": 0,
    "icao": 2,
    "bnd": [
     [
      56.6177778,
      12.5469444
     ],
     [
      57.0541667,
      13.1522222
     ]
    ]
   },
   "geometry": {
    "type": "Polygon",
    "coordinates": [
     [
      [
       13.1294444,
       57.0541667
      ],
      [
       13.1522222,
       56.6702778
      ],
      [
       12.5538889,
       56.6177778
      ],
      [
       12.5469444,
       56.6511111
      ],
      [
       12.6486111,
       56.945
      ],
      [
       13.1294444,
       57.0541667
      ]
     ]
    ]
   }
  },
  {
   "type": "Feature",
   "properties": {
    "ll": {
     "value": 1370,
     "unit": 0,
     "referenceDatum": 1
    },
    "ul": {
     "value": 95,
     "unit": 6,
     "referenceDatum": 2
    },
    "_id": "62e0fb5afd421ae8bc079bea",
    "name": "HALMSTAD B",
    "type": 0,
    "icao": 2,
    "bnd": [
     [
      56.6702778,
      13.1294444
     ],
     [
      57.1216667,
      13.5133333
     ]
    ]
   },
   "geometry": {
    "type": "Polygon",
    "coordinates": [
     [
      [
       13.4322222,
       57.1216667
      ],
      [
       13.5133333,
       57.0075
      ],
      [
       13.2472222,
       56.7597222
      ],
      [
       13.1522222,
       56.6702778
      ],
      [
       13.1294444,
       57.0541667
      ],
      [
       13.4322222,
       57.1216667
      ]
     ]
    ]
   }
  },
  {
   "type": "Feature",
   "properties": {
    "ll": {
     "value": 460,
     "unit": 0,
     "referenceDatum": 1
    },
    "ul": {
     "value": 95,
     "unit": 6,
     "referenceDatum": 2
    },
    "_id": "62e0fb5afd421ae8bc079bf4",
    "name": "HALMSTAD C",
    "type": 0,
    "icao": 2,
    "bnd": [
     [
      56.5391667,
      12.5538889
     ],
     [
      56.6702778,
      13.1522222
     ]
    ]
   },
   "geometry": {
    "type": "Polygon",
    "coordinates": [
     [
      [
       13.1522222,
       56.6702778
      ],
      [
       13.0705556,
       56.5888889
      ],
      [
       12.7480556,
       56.5391667
      ],
      [
       12.5683333,
       56.5508333
      ],
      [
       12.5538889,
       56.6177778
      ],
      [
       13.1522222,
       56.6702778
      ]
     ]
    ]
   }
  },
  {
   "type": "Feature",
   "properties": {
    "ll": {
     "value": 0,
     "unit": 1,
     "referenceDatum": 0
    },
    "ul": {
     "value": 610,
     "unit": 0,
     "referenceDatum": 1
    },
    "_id": "62e0fb5afd421ae8bc079bfd",
    "name": "HALMSTAD CTR",
    "type": 4,
    "icao": 3,
    "bnd": [
     [
      56.5569444,
      12.6625
     ],
     [
      56.9141667,
      12.9727778
     ]
    ]
   },
   "geometry": {
    "type": "Polygon",
    "coordinates": [
     [
      [
       12.7363889,
       56.9141667
      ],
      [
       12.9513889,
       56.9072222
      ],
      [
       12.9727778,
       56.6916667
      ],
      [
       12.9652778,
       56.6566667
      ],
      [
       12.87,
       56.5569444
      ],
      [
       12.7422222,
       56.5611111
      ],
      [
       12.6625,
       56.6702778
      ],
      [
       12.6713889,
       56.7069444
      ],
      [
       12.7363889,
       56.9141667
      ]
     ]
    ]
   }
  },
  {
   "type": "Feature",
   "properties": {
    "ll": {
     "value": 610,
     "unit": 0,
     "referenceDatum": 1
    },
    "ul": {
     "value": 65,
     "unit": 6,
     "referenceDatum": 2
    },
    "_id": "62e0fb60fd421ae8bc079e1a",
    "name": "HEDEN",
    "type": 21,
    "icao": 7,
    "bnd": [
     [
      65.7036111,
      21.2186111
     ],
     [
      65.9486111,
      21.6986111
     ]
    ]
   },
   "geometry": {
    "type": "Polygon",
    "coordinates": [
     [
      [
       21.4955556,
       65.9486111
      ],
      [
       21.6986111,
       65.7586111
      ],
      [
       21.2186111,
       65.7036111
      ],
      [
       21.2455556,
       65.8986111
      ],
      [
       21.4955556,
       65.9486111
      ]
     ]
    ]
   }
  },
  {
   "type": "Feature",
   "properties": {
    "ll": {
     "value": 1370,
     "unit": 0,
     "referenceDatum": 1
    },
    "ul": {
     "value": 60,
     "unit": 6,
     "referenceDatum": 2
    },
    "_id": "62e0fb68fd421ae8bc07a09d",
    "name": "HELLE E",
    "type": 21,
    "icao": 7,
    "bnd": [
     [
      59.0119444,
      16.2677778
     ],
     [
      59.2336111,
      16.8283333
     ]
    ]
   },
   "geometry": {
    "type": "Polygon",
    "coordinates": [
     [
      [
       16.5069444,
       59.2336111
      ],
      [
       16.6613889,
       59.1591667
      ],
      [
       16.7894444,
       59.1619444
      ],
      [
       16.8283333,
       59.1613889
      ],
      [
       16.7891667,
       59.0969444
      ],
      [
       16.7536111,
       59.0961111
      ],
      [
       16.7077778,
       59.0119444
      ],
      [
       16.2677778,
       59.0494444
      ],
      [
       16.5069444,
       59.2336111
      ]
     ]
    ]
   }
  },
  {
   "type": "Feature",
   "properties": {
    "ll": {
     "value": 1370,
     "unit": 0,
     "referenceDatum": 1
    },
    "ul": {
     "value": 60,
     "unit": 6,
     "referenceDatum": 2
    },
    "_id": "62e0fb68fd421ae8bc07a095",
    "name": "HELLE W",
    "type": 21,
    "icao": 7,
    "bnd": [
     [
      59.0494444,
      16.2677778
     ],
     [
      59.3238889,
      16.5069444
     ]
    ]
   },
   "geometry": {
    "type": "Polygon",
    "coordinates": [
     [
      [
       16.3183333,
       59.3238889
      ],
      [
       16.5069444,
       59.2336111
      ],
      [
       16.2677778,
       59.0494444
      ],
      [
       16.3183333,
       59.3238889
      ]
     ]
    ]
   }
  },
  {
   "type": "Feature",
   "properties": {
    "ll": {
     "value": 95,
     "unit": 6,
     "referenceDatum": 2
    },
    "ul": {
     "value": 280,
     "unit": 6,
     "referenceDatum": 2
    },
    "_id": "62e0fb84fd421ae8bc07ab03",
    "name": "HEMAVAN",
    "type": 21,
    "icao": 7,
    "bnd": [
     [
      65.4688889,
      14.6247222
     ],
     [
      66.0938889,
      15.9041667
     ]
    ]
   },
   "geometry": {
    "type": "Polygon",
    "coordinates": [
     [
      [
       14.9675,
       66.0938889
      ],
      [
       15.4736111,
       66.0294444
      ],
      [
       15.8947222,
       66.0002778
      ],
      [
       15.9041667,
       65.4688889
      ],
      [
       14.6247222,
       65.4688889
      ],
      [
       14.7561111,
       65.7511111
      ],
      [
       14.7502778,
       65.8280556
      ],
      [
       14.6736111,
       66.0811111
      ],
      [
       14.9675,
       66.0938889
      ]
     ]
    ]
   }
  },
  {
   "type": "Feature",
   "properties": {
    "ll": {
     "value": 300,
     "unit": 0,
     "referenceDatum": 0
    },
    "ul": {
     "value": 95,
     "unit": 6,
     "referenceDatum": 2
    },
    "_id": "62e0fb74fd421ae8bc07a52d",
    "name": "HEMAVAN TIA",
    "type": 0,
    "icao": 4,
    "bnd": [
     [
      65.5066667,
      14.5927778
     ],
     [
      66.0208333,
      15.6241667
     ]
    ]
   },
   "geometry": {
    "type": "Polygon",
    "coordinates": [
     [
      [
       15.0561111,
       66.0208333
      ],
      [
       15.6241667,
       65.6025
      ],
      [
       15.1738889,
       65.5066667
      ],
      [
       14.5927778,
       65.9211111
      ],
      [
       15.0561111,
       66.0208333
      ]
     ]
    ]
   }
  },
  {
   "type": "Feature",
   "properties": {
    "ll": {
     "value": 0,
     "unit": 1,
     "referenceDatum": 0
    },
    "ul": {
     "value": 300,
     "unit": 0,
     "referenceDatum": 0
    },
    "_id": "62e0fb74fd421ae8bc07a536",
    "name": "HEMAVAN TIZ",
    "type": 0,
    "icao": 5,
    "bnd": [
     [
      65.5686111,
      14.7830556
     ],
     [
      65.9341667,
      15.5147222
     ]
    ]
   },
   "geometry": {
    "type": "Polygon",
    "coordinates": [
     [
      [
       15.0522222,
       65.9341667
      ],
      [
       15.5147222,
       65.6455556
      ],
      [
       15.1536111,
       65.5686111
      ],
      [
       14.7830556,
       65.8763889
      ],
      [
       15.0522222,
       65.9341667
      ]
     ]
    ]
   }
  },
  {
   "type": "Feature",
   "properties": {
    "ll": {
     "value": 1370,
     "unit": 0,
     "referenceDatum": 1
    },
    "ul": {
     "value": 60,
     "unit": 6,
     "referenceDatum": 2
    },
    "_id": "62e0fb59fd421ae8bc079b98",
    "name": "HERRLJUNGA",
    "type": 21,
    "icao": 7,
    "bnd": [
     [
      57.8769444,
      12.7780556
     ],
     [
      58.1080556,
      13.2769444
     ]
    ]
   },
   "geometry": {
    "type": "Polygon",
    "coordinates": [
     [
      [
       12.785,
       58.1080556
      ],
      [
       13.2769444,
       58.0969444
      ],
      [
       13.2247222,
       57.8769444
      ],
      [
       12.7780556,
       57.8927778
      ],
      [
       12.785,
       58.1080556
      ]
     ]
    ]
   }
  },
  {
   "type": "Feature",
   "properties": {
    "ll": {
     "value": 0,
     "unit": 1,
     "referenceDatum": 0
    },
    "ul": {
     "value": 90,
     "unit": 6,
     "referenceDatum": 2
    },
    "_id": "62e0fb70fd421ae8bc07a3e0",
    "name": "HIMMELSTALUND",
    "type": 21,
    "icao": 7,
    "bnd": [
     [
      58.5066667,
      16.0611111
     ],
     [
      58.65,
      16.235
     ]
    ]
   },
   "geometry": {
    "type": "Polygon",
    "coordinates": [
     [
      [
       16.0611111,
       58.65
      ],
      [
       16.1147222,
       58.6372222
      ],
      [
       16.1694444,
       58.6366667
      ],
      [
       16.2013889,
       58.6
      ],
      [
       16.235,
       58.5863889
      ],
      [
       16.1769444,
       58.5505556
      ],
      [
       16.1363889,
       58.5316667
      ],
      [
       16.0833333,
       58.5066667
      ],
      [
       16.0611111,
       58.65
      ]
     ]
    ]
   }
  },
  {
   "type": "Feature",
   "properties": {
    "ll": {
     "value": 1370,
     "unit": 0,
     "referenceDatum": 1
    },
    "ul": {
     "value": 60,
     "unit": 6,
     "referenceDatum": 2
    },
    "_id": "62e0fb62fd421ae8bc079ea8",
    "name": "HÖRBY NORD",
    "type": 21,
    "icao": 7,
    "bnd": [
     [
      55.8563889,
      13.6497222
     ],
     [
      56.01,
      13.8644444
     ]
    ]
   },
   "geometry": {
    "type": "Polygon",
    "coordinates": [
     [
      [
       13.7241667,
       56.01
      ],
      [
       13.8644444,
       56
      ],
      [
       13.8338889,
       55.8563889
      ],
      [
       13.6772222,
       55.8855556
      ],
      [
       13.6497222,
       55.975
      ],
      [
       13.7241667,
       56.01
      ]
     ]
    ]
   }
  },
  {
   "type": "Feature",
   "properties": {
    "ll": {
     "value": 760,
     "unit": 0,
     "referenceDatum": 1
    },
    "ul": {
     "value": 60,
     "unit": 6,
     "referenceDatum": 2
    },
    "_id": "62e0fb62fd421ae8bc079eb1",
    "name": "HÖRBY SYD",
    "type": 21,
    "icao": 7,
    "bnd": [
     [
      55.7894444,
      13.6772222
     ],
     [
      55.8855556,
      13.8338889
     ]
    ]
   },
   "geometry": {
    "type": "Polygon",
    "coordinates": [
     [
      [
       13.6772222,
       55.8855556
      ],
      [
       13.8338889,
       55.8563889
      ],
      [
       13.7069444,
       55.7894444
      ],
      [
       13.6772222,
       55.8855556
      ]
     ]
    ]
   }
  },
  {
   "type": "Feature",
   "properties": {
    "ll": {
     "value": 0,
     "unit": 1,
     "referenceDatum": 0
    },
    "ul": {
     "value": 90,
     "unit": 6,
     "referenceDatum": 2
    },
    "_id": "62e0fb71fd421ae8bc07a41d",
    "name": "HORN",
    "type": 21,
    "icao": 7,
    "bnd": [
     [
      58.6011111,
      15.8105556
     ],
     [
      58.6963889,
      16.1791667
     ]
    ]
   },
   "geometry": {
    "type": "Polygon",
    "coordinates": [
     [
      [
       15.825,
       58.6963889
      ],
      [
       16.1791667,
       58.6011111
      ],
      [
       15.8105556,
       58.6311111
      ],
      [
       15.825,
       58.6963889
      ]
     ]
    ]
   }
  },
  {
   "type": "Feature",
   "properties": {
    "ll": {
     "value": 460,
     "unit": 0,
     "referenceDatum": 1
    },
    "ul": {
     "value": 60,
     "unit": 6,
     "referenceDatum": 2
    },
    "_id": "62e0fb5afd421ae8bc079bcc",
    "name": "HOVBY",
    "type": 21,
    "icao": 7,
    "bnd": [
     [
      58.38,
      13.0894444
     ],
     [
      58.5169444,
      13.3244444
     ]
    ]
   },
   "geometry": {
    "type": "Polygon",
    "coordinates": [
     [
      [
       13.3244444,
       58.5169444
      ],
      [
       13.1611111,
       58.5091667
      ],
      [
       13.0894444,
       58.4505556
      ],
      [
       13.1466667,
       58.38
      ],
      [
       13.3233333,
       58.4316667
      ],
      [
       13.3244444,
       58.5169444
      ]
     ]
    ]
   }
  },
  {
   "type": "Feature",
   "properties": {
    "ll": {
     "value": 0,
     "unit": 1,
     "referenceDatum": 0
    },
    "ul": {
     "value": 60,
     "unit": 6,
     "referenceDatum": 2
    },
    "_id": "62e0fb67fd421ae8bc07a04e",
    "name": "JOHANNISBERG",
    "type": 21,
    "icao": 7,
    "bnd": [
     [
      59.5191667,
      16.3769444
     ],
     [
      59.7138889,
      16.5611111
     ]
    ]
   },
   "geometry": {
    "type": "Polygon",
    "coordinates": [
     [
      [
       16.4358333,
       59.7138889
      ],
      [
       16.5611111,
       59.5805556
      ],
      [
       16.5166667,
       59.5263889
      ],
      [
       16.3769444,
       59.5191667
      ],
      [
       16.4358333,
       59.7138889
      ]
     ]
    ]
   }
  },
  {
   "type": "Feature",
   "properties": {
    "ll": {
     "value": 670,
     "unit": 0,
     "referenceDatum": 1
    },
    "ul": {
     "value": 95,
     "unit": 6,
     "referenceDatum": 2
    },
    "_id": "62e0fb5bfd421ae8bc079c2d",
    "name": "JÖNKÖPING A",
    "type": 0,
    "icao": 2,
    "bnd": [
     [
      57.4308333,
      13.6072222
     ],
     [
      58.0641667,
      14.4780556
     ]
    ]
   },
   "geometry": {
    "type": "Polygon",
    "coordinates": [
     [
      [
       14.3216667,
       58.0641667
      ],
      [
       14.4530556,
       57.8869444
      ],
      [
       14.4780556,
       57.6630556
      ],
      [
       14.4202778,
       57.6502778
      ],
      [
       14.1052778,
       57.4308333
      ],
      [
       13.6072222,
       57.5366667
      ],
      [
       13.9677778,
       58.0338889
      ],
      [
       14.3216667,
       58.0641667
      ]
     ]
    ]
   }
  },
  {
   "type": "Feature",
   "properties": {
    "ll": {
     "value": 1370,
     "unit": 0,
     "referenceDatum": 1
    },
    "ul": {
     "value": 95,
     "unit": 6,
     "referenceDatum": 2
    },
    "_id": "62e0fb5bfd421ae8bc079c37",
    "name": "JÖNKÖPING B",
    "type": 0,
    "icao": 2,
    "bnd": [
     [
      57.6630556,
      14.3216667
     ],
     [
      58.1077778,
      14.9377778
     ]
    ]
   },
   "geometry": {
    "type": "Polygon",
    "coordinates": [
     [
      [
       14.8480556,
       58.1077778
      ],
      [
       14.9377778,
       57.9680556
      ],
      [
       14.7094444,
       57.7141667
      ],
      [
       14.4780556,
       57.6630556
      ],
      [
       14.4530556,
       57.8869444
      ],
      [
       14.3216667,
       58.0641667
      ],
      [
       14.8480556,
       58.1077778
      ]
     ]
    ]
   }
  },
  {
   "type": "Feature",
   "properties": {
    "ll": {
     "value": 1370,
     "unit": 0,
     "referenceDatum": 1
    },
    "ul": {
     "value": 95,
     "unit": 6,
     "referenceDatum": 2
    },
    "_id": "62e0fb5bfd421ae8bc079c41",
    "name": "JÖNKÖPING C",
    "type": 0,
    "icao": 2,
    "bnd": [
     [
      57.2119444,
      13.6072222
     ],
     [
      57.5366667,
      14.1052778
     ]
    ]
   },
   "geometry": {
    "type": "Polygon",
    "coordinates": [
     [
      [
       13.6072222,
       57.5366667
      ],
      [
       14.1052778,
       57.4308333
      ],
      [
       14.0533333,
       57.2119444
      ],
      [
       13.8002778,
       57.2211111
      ],
      [
       13.6072222,
       57.5366667
      ]
     ]
    ]
   }
  },
  {
   "type": "Feature",
   "properties": {
    "ll": {
     "value": 0,
     "unit": 1,
     "referenceDatum": 0
    },
    "ul": {
     "value": 670,
     "unit": 0,
     "referenceDatum": 1
    },
    "_id": "62e0fb5bfd421ae8bc079c4b",
    "name": "JÖNKÖPING CTR",
    "type": 4,
    "icao": 3,
    "bnd": [
     [
      57.5761111,
      13.8691667
     ],
     [
      57.9463889,
      14.2883333
     ]
    ]
   },
   "geometry": {
    "type": "Polygon",
    "coordinates": [
     [
      [
       14.0822222,
       57.9463889
      ],
      [
       14.2633333,
       57.9163889
      ],
      [
       14.2883333,
       57.8519444
      ],
      [
       14.1722222,
       57.6736111
      ],
      [
       14.0561111,
       57.5761111
      ],
      [
       13.8844444,
       57.6058333
      ],
      [
       13.8691667,
       57.6988889
      ],
      [
       13.9669444,
       57.8627778
      ],
      [
       14.0822222,
       57.9463889
      ]
     ]
    ]
   }
  },
  {
   "type": "Feature",
   "properties": {
    "ll": {
     "value": 0,
     "unit": 1,
     "referenceDatum": 0
    },
    "ul": {
     "value": 490,
     "unit": 0,
     "referenceDatum": 1
    },
    "_id": "62e0fb60fd421ae8bc079e0f",
    "name": "KALLAX CTR",
    "type": 4,
    "icao": 3,
    "bnd": [
     [
      65.3627778,
      21.7038889
     ],
     [
      65.7225,
      22.5363889
     ]
    ]
   },
   "geometry": {
    "type": "Polygon",
    "coordinates": [
     [
      [
       21.8872222,
       65.7225
      ],
      [
       22.315,
       65.5955556
      ],
      [
       22.5363889,
       65.4322222
      ],
      [
       22.3536111,
       65.3627778
      ],
      [
       21.9622222,
       65.4688889
      ],
      [
       21.7038889,
       65.6522222
      ],
      [
       21.8872222,
       65.7225
      ]
     ]
    ]
   }
  },
  {
   "type": "Feature",
   "properties": {
    "ll": {
     "value": 460,
     "unit": 0,
     "referenceDatum": 1
    },
    "ul": {
     "value": 95,
     "unit": 6,
     "referenceDatum": 2
    },
    "_id": "62e0fb5bfd421ae8bc079c69",
    "name": "KALMAR A",
    "type": 0,
    "icao": 2,
    "bnd": [
     [
      56.3858333,
      15.8416667
     ],
     [
      56.9788889,
      16.675
     ]
    ]
   },
   "geometry": {
    "type": "Polygon",
    "coordinates": [
     [
      [
       15.9275,
       56.9788889
      ],
      [
       16.5705556,
       56.9633333
      ],
      [
       16.675,
       56.7005556
      ],
      [
       16.6636111,
       56.4997222
      ],
      [
       16.3255556,
       56.4033333
      ],
      [
       16.0913889,
       56.3858333
      ],
      [
       15.8416667,
       56.6583333
      ],
      [
       15.9275,
       56.9788889
      ]
     ]
    ]
   }
  },
  {
   "type": "Feature",
   "properties": {
    "ll": {
     "value": 1370,
     "unit": 0,
     "referenceDatum": 1
    },
    "ul": {
     "value": 95,
     "unit": 6,
     "referenceDatum": 2
    },
    "_id": "62e0fb5cfd421ae8bc079c73",
    "name": "KALMAR B",
    "type": 0,
    "icao": 2,
    "bnd": [
     [
      56.9633333,
      15.9275
     ],
     [
      57.2233333,
      16.5705556
     ]
    ]
   },
   "geometry": {
    "type": "Polygon",
    "coordinates": [
     [
      [
       16.1913889,
       57.2233333
      ],
      [
       16.4686111,
       57.2161111
      ],
      [
       16.5705556,
       56.9633333
      ],
      [
       15.9275,
       56.9788889
      ],
      [
       16.1913889,
       57.2233333
      ]
     ]
    ]
   }
  },
  {
   "type": "Feature",
   "properties": {
    "ll": {
     "value": 0,
     "unit": 1,
     "referenceDatum": 0
    },
    "ul": {
     "value": 460,
     "unit": 0,
     "referenceDatum": 1
    },
    "_id": "62e0fb5cfd421ae8bc079c7f",
    "name": "KALMAR CTR",
    "type": 4,
    "icao": 3,
    "bnd": [
     [
      56.5394444,
      16.0475
     ],
     [
      56.8725,
      16.4927778
     ]
    ]
   },
   "geometry": {
    "type": "Polygon",
    "coordinates": [
     [
      [
       16.2077778,
       56.8725
      ],
      [
       16.4380556,
       56.7133333
      ],
      [
       16.4927778,
       56.5827778
      ],
      [
       16.3411111,
       56.5394444
      ],
      [
       16.1469444,
       56.6386111
      ],
      [
       16.0475,
       56.8275
      ],
      [
       16.2077778,
       56.8725
      ]
     ]
    ]
   }
  },
  {
   "type": "Feature",
   "properties": {
    "ll": {
     "value": 0,
     "unit": 1,
     "referenceDatum": 0
    },
    "ul": {
     "value": 520,
     "unit": 0,
     "referenceDatum": 1
    },
    "_id": "62e0fb5cfd421ae8bc079c91",
    "name": "KARLSBORG CTR",
    "type": 4,
    "icao": 3,
    "bnd": [
     [
      58.3933333,
      14.1513889
     ],
     [
      58.6230556,
      14.7622222
     ]
    ]
   },
   "geometry": {
    "type": "Polygon",
    "coordinates": [
     [
      [
       14.6536111,
       58.6230556
      ],
      [
       14.7622222,
       58.5119444
      ],
      [
       14.6119444,
       58.4233333
      ],
      [
       14.2194444,
       58.3933333
      ],
      [
       14.1513889,
       58.4713889
      ],
      [
       14.4522222,
       58.6166667
      ],
      [
       14.6536111,
       58.6230556
      ]
     ]
    ]
   }
  },
  {
   "type": "Feature",
   "properties": {
    "ll": {
     "value": 520,
     "unit": 0,
     "referenceDatum": 1
    },
    "ul": {
     "value": 95,
     "unit": 6,
     "referenceDatum": 2
    },
    "_id": "62e0fb5cfd421ae8bc079c87",
    "name": "KARLSBORG TMA",
    "type": 0,
    "icao": 2,
    "bnd": [
     [
      58.2430556,
      13.8925
     ],
     [
      58.8283333,
      15.2441667
     ]
    ]
   },
   "geometry": {
    "type": "Polygon",
    "coordinates": [
     [
      [
       14.7966667,
       58.8283333
      ],
      [
       14.9827778,
       58.7466667
      ],
      [
       15.2441667,
       58.6744444
      ],
      [
       15.0402778,
       58.4275
      ],
      [
       14.1638889,
       58.2430556
      ],
      [
       13.8925,
       58.5155556
      ],
      [
       14.5461111,
       58.7213889
      ],
      [
       14.7966667,
       58.8283333
      ]
     ]
    ]
   }
  },
  {
   "type": "Feature",
   "properties": {
    "ll": {
     "value": 610,
     "unit": 0,
     "referenceDatum": 1
    },
    "ul": {
     "value": 95,
     "unit": 6,
     "referenceDatum": 2
    },
    "_id": "62e0fb5cfd421ae8bc079cc3",
    "name": "KARLSTAD A",
    "type": 0,
    "icao": 2,
    "bnd": [
     [
      59.1172222,
      12.9091667
     ],
     [
      59.7788889,
      13.9638889
     ]
    ]
   },
   "geometry": {
    "type": "Polygon",
    "coordinates": [
     [
      [
       13.5936111,
       59.7788889
      ],
      [
       13.9638889,
       59.4283333
      ],
      [
       13.325,
       59.1172222
      ],
      [
       12.9091667,
       59.2244444
      ],
      [
       13.0236111,
       59.5213889
      ],
      [
       13.4255556,
       59.7761111
      ],
      [
       13.5936111,
       59.7788889
      ]
     ]
    ]
   }
  },
  {
   "type": "Feature",
   "properties": {
    "ll": {
     "value": 1370,
     "unit": 0,
     "referenceDatum": 1
    },
    "ul": {
     "value": 95,
     "unit": 6,
     "referenceDatum": 2
    },
    "_id": "62e0fb5dfd421ae8bc079ccc",
    "name": "KARLSTAD B",
    "type": 0,
    "icao": 2,
    "bnd": [
     [
      59.4283333,
      13.5936111
     ],
     [
      59.7866667,
      14.2933333
     ]
    ]
   },
   "geometry": {
    "type": "Polygon",
    "coordinates": [
     [
      [
       14.2013889,
       59.7866667
      ],
      [
       14.2933333,
       59.6541667
      ],
      [
       13.9638889,
       59.4283333
      ],
      [
       13.5936111,
       59.7788889
      ],
      [
       14.2013889,
       59.7866667
      ]
     ]
    ]
   }
  },
  {
   "type": "Feature",
   "properties": {
    "ll": {
     "value": 1370,
     "unit": 0,
     "referenceDatum": 1
    },
    "ul": {
     "value": 95,
     "unit": 6,
     "referenceDatum": 2
    },
    "_id": "62e0fb5dfd421ae8bc079cd7",
    "name": "KARLSTAD C",
    "type": 0,
    "icao": 2,
    "bnd": [
     [
      58.9097222,
      12.8305556
     ],
     [
      59.2244444,
      13.325
     ]
    ]
   },
   "geometry": {
    "type": "Polygon",
    "coordinates": [
     [
      [
       12.9091667,
       59.2244444
      ],
      [
       13.325,
       59.1172222
      ],
      [
       13.0847222,
       58.9097222
      ],
      [
       12.8305556,
       58.9380556
      ],
      [
       12.9091667,
       59.2244444
      ]
     ]
    ]
   }
  },
  {
   "type": "Feature",
   "properties": {
    "ll": {
     "value": 0,
     "unit": 1,
     "referenceDatum": 0
    },
    "ul": {
     "value": 610,
     "unit": 0,
     "referenceDatum": 1
    },
    "_id": "62e0fb5dfd421ae8bc079ce1",
    "name": "KARLSTAD CTR",
    "type": 4,
    "icao": 3,
    "bnd": [
     [
      59.2547222,
      13.1069444
     ],
     [
      59.6494444,
      13.5994444
     ]
    ]
   },
   "geometry": {
    "type": "Polygon",
    "coordinates": [
     [
      [
       13.4,
       59.6494444
      ],
      [
       13.5994444,
       59.6052778
      ],
      [
       13.5638889,
       59.4994444
      ],
      [
       13.4630556,
       59.3875
      ],
      [
       13.2830556,
       59.2547222
      ],
      [
       13.1069444,
       59.2944444
      ],
      [
       13.1638889,
       59.4425
      ],
      [
       13.2061111,
       59.4994444
      ],
      [
       13.4,
       59.6494444
      ]
     ]
    ]
   }
  },
  {
   "type": "Feature",
   "properties": {
    "ll": {
     "value": 0,
     "unit": 1,
     "referenceDatum": 0
    },
    "ul": {
     "value": 90,
     "unit": 6,
     "referenceDatum": 2
    },
    "_id": "62e0fb70fd421ae8bc07a3c2",
    "name": "KILA",
    "type": 21,
    "icao": 7,
    "bnd": [
     [
      58.6627778,
      16.3869444
     ],
     [
      58.8461111,
      16.8825
     ]
    ]
   },
   "geometry": {
    "type": "Polygon",
    "coordinates": [
     [
      [
       16.7375,
       58.8461111
      ],
      [
       16.8825,
       58.7866667
      ],
      [
       16.8041667,
       58.6972222
      ],
      [
       16.3869444,
       58.6627778
      ],
      [
       16.4258333,
       58.7530556
      ],
      [
       16.7375,
       58.8461111
      ]
     ]
    ]
   }
  },
  {
   "type": "Feature",
   "properties": {
    "ll": {
     "value": 940,
     "unit": 0,
     "referenceDatum": 1
    },
    "ul": {
     "value": 95,
     "unit": 6,
     "referenceDatum": 2
    },
    "_id": "62e0fb5dfd421ae8bc079cff",
    "name": "KIRUNA A",
    "type": 0,
    "icao": 2,
    "bnd": [
     [
      67.5152778,
      19.8291667
     ],
     [
      68.1619444,
      20.9177778
     ]
    ]
   },
   "geometry": {
    "type": "Polygon",
    "coordinates": [
     [
      [
       20.3988889,
       68.1619444
      ],
      [
       20.8122222,
       67.99
      ],
      [
       20.9122222,
       67.7902778
      ],
      [
       20.9177778,
       67.5152778
      ],
      [
       19.9183333,
       67.54
      ],
      [
       19.8291667,
       67.7486111
      ],
      [
       20.0388889,
       67.8569444
      ],
      [
       20.0797222,
       67.985
      ],
      [
       20.3988889,
       68.1619444
      ]
     ]
    ]
   }
  },
  {
   "type": "Feature",
   "properties": {
    "ll": {
     "value": 1370,
     "unit": 0,
     "referenceDatum": 1
    },
    "ul": {
     "value": 95,
     "unit": 6,
     "referenceDatum": 2
    },
    "_id": "62e0fb5dfd421ae8bc079d08",
    "name": "KIRUNA B",
    "type": 0,
    "icao": 2,
    "bnd": [
     [
      67.3319444,
      19.9183333
     ],
     [
      67.54,
      20.9177778
     ]
    ]
   },
   "geometry": {
    "type": "Polygon",
    "coordinates": [
     [
      [
       19.9183333,
       67.54
      ],
      [
       20.9177778,
       67.5152778
      ],
      [
       20.9177778,
       67.3986111
      ],
      [
       20.4955556,
       67.3319444
      ],
      [
       19.9958333,
       67.3569444
      ],
      [
       19.9183333,
       67.54
      ]
     ]
    ]
   }
  },
  {
   "type": "Feature",
   "properties": {
    "ll": {
     "value": 0,
     "unit": 1,
     "referenceDatum": 0
    },
    "ul": {
     "value": 940,
     "unit": 0,
     "referenceDatum": 1
    },
    "_id": "62e0fb5dfd421ae8bc079d13",
    "name": "KIRUNA CTR",
    "type": 4,
    "icao": 3,
    "bnd": [
     [
      67.6236111,
      19.9788889
     ],
     [
      68.015,
      20.7122222
     ]
    ]
   },
   "geometry": {
    "type": "Polygon",
    "coordinates": [
     [
      [
       20.4622222,
       68.015
      ],
      [
       20.7122222,
       67.965
      ],
      [
       20.5622222,
       67.7736111
      ],
      [
       20.2455556,
       67.6236111
      ],
      [
       19.9788889,
       67.6736111
      ],
      [
       20.1177778,
       67.865
      ],
      [
       20.4622222,
       68.015
      ]
     ]
    ]
   }
  },
  {
   "type": "Feature",
   "properties": {
    "ll": {
     "value": 0,
     "unit": 1,
     "referenceDatum": 0
    },
    "ul": {
     "value": 90,
     "unit": 6,
     "referenceDatum": 2
    },
    "_id": "62e0fb72fd421ae8bc07a480",
    "name": "KISA",
    "type": 21,
    "icao": 7,
    "bnd": [
     [
      57.9469444,
      15.3286111
     ],
     [
      58.2736111,
      15.7897222
     ]
    ]
   },
   "geometry": {
    "type": "Polygon",
    "coordinates": [
     [
      [
       15.4466667,
       58.2736111
      ],
      [
       15.7897222,
       58.1675
      ],
      [
       15.7547222,
       57.9469444
      ],
      [
       15.3286111,
       58.0380556
      ],
      [
       15.4466667,
       58.2736111
      ]
     ]
    ]
   }
  },
  {
   "type": "Feature",
   "properties": {
    "ll": {
     "value": 460,
     "unit": 0,
     "referenceDatum": 1
    },
    "ul": {
     "value": 60,
     "unit": 6,
     "referenceDatum": 2
    },
    "_id": "62e0fb6bfd421ae8bc07a1fe",
    "name": "KLIPPAN",
    "type": 21,
    "icao": 7,
    "bnd": [
     [
      56.1375,
      13.0255556
     ],
     [
      56.3222222,
      13.4122222
     ]
    ]
   },
   "geometry": {
    "type": "Polygon",
    "coordinates": [
     [
      [
       13.4122222,
       56.3222222
      ],
      [
       13.1927778,
       56.1375
      ],
      [
       13.0255556,
       56.155
      ],
      [
       13.4122222,
       56.3222222
      ]
     ]
    ]
   }
  },
  {
   "type": "Feature",
   "properties": {
    "ll": {
     "value": 460,
     "unit": 0,
     "referenceDatum": 1
    },
    "ul": {
     "value": 65,
     "unit": 6,
     "referenceDatum": 2
    },
    "_id": "62e0fb60fd421ae8bc079e23",
    "name": "KLÖVERTRÄSK",
    "type": 21,
    "icao": 7,
    "bnd": [
     [
      65.5325,
      21.1947222
     ],
     [
      65.7588889,
      21.6986111
     ]
    ]
   },
   "geometry": {
    "type": "Polygon",
    "coordinates": [
     [
      [
       21.6986111,
       65.7588889
      ],
      [
       21.1947222,
       65.5325
      ],
      [
       21.2186111,
       65.7036111
      ],
      [
       21.6986111,
       65.7588889
      ]
     ]
    ]
   }
  },
  {
   "type": "Feature",
   "properties": {
    "ll": {
     "value": 0,
     "unit": 1,
     "referenceDatum": 0
    },
    "ul": {
     "value": 90,
     "unit": 6,
     "referenceDatum": 2
    },
    "_id": "62e0fb71fd421ae8bc07a412",
    "name": "KOLMÅRDEN MITT",
    "type": 21,
    "icao": 7,
    "bnd": [
     [
      58.6236111,
      15.7766667
     ],
     [
      58.8597222,
      16.2186111
     ]
    ]
   },
   "geometry": {
    "type": "Polygon",
    "coordinates": [
     [
      [
       16.2183333,
       58.8597222
      ],
      [
       16.2186111,
       58.6241667
      ],
      [
       16.1833333,
       58.6236111
      ],
      [
       16.0666667,
       58.6583333
      ],
      [
       15.8680556,
       58.6847222
      ],
      [
       15.7766667,
       58.7769444
      ],
      [
       16.2183333,
       58.8597222
      ]
     ]
    ]
   }
  },
  {
   "type": "Feature",
   "properties": {
    "ll": {
     "value": 0,
     "unit": 1,
     "referenceDatum": 0
    },
    "ul": {
     "value": 90,
     "unit": 6,
     "referenceDatum": 2
    },
    "_id": "62e0fb71fd421ae8bc07a3fe",
    "name": "KOLMÅRDEN OST",
    "type": 21,
    "icao": 7,
    "bnd": [
     [
      58.6236111,
      16.1552778
     ],
     [
      58.9102778,
      16.4930556
     ]
    ]
   },
   "geometry": {
    "type": "Polygon",
    "coordinates": [
     [
      [
       16.4930556,
       58.9102778
      ],
      [
       16.3869444,
       58.6627778
      ],
      [
       16.3402778,
       58.6291667
      ],
      [
       16.1833333,
       58.6236111
      ],
      [
       16.1755556,
       58.6655556
      ],
      [
       16.1552778,
       58.8475
      ],
      [
       16.4930556,
       58.9102778
      ]
     ]
    ]
   }
  },
  {
   "type": "Feature",
   "properties": {
    "ll": {
     "value": 0,
     "unit": 1,
     "referenceDatum": 0
    },
    "ul": {
     "value": 90,
     "unit": 6,
     "referenceDatum": 2
    },
    "_id": "62e0fb71fd421ae8bc07a408",
    "name": "KOLMÅRDEN VÄST",
    "type": 21,
    "icao": 7,
    "bnd": [
     [
      58.5863889,
      15.6283333
     ],
     [
      58.8475,
      16.235
     ]
    ]
   },
   "geometry": {
    "type": "Polygon",
    "coordinates": [
     [
      [
       16.1552778,
       58.8475
      ],
      [
       16.1755556,
       58.6655556
      ],
      [
       16.1833333,
       58.6236111
      ],
      [
       16.2013889,
       58.6
      ],
      [
       16.235,
       58.5863889
      ],
      [
       15.6283333,
       58.7486111
      ],
      [
       16.1552778,
       58.8475
      ]
     ]
    ]
   }
  },
  {
   "type": "Feature",
   "properties": {
    "ll": {
     "value": 1370,
     "unit": 0,
     "referenceDatum": 1
    },
    "ul": {
     "value": 60,
     "unit": 6,
     "referenceDatum": 2
    },
    "_id": "62e0fb6cfd421ae8bc07a276",
    "name": "KÖPING",
    "type": 21,
    "icao": 7,
    "bnd": [
     [
      59.4502778,
      15.6347222
     ],
     [
      59.5758333,
      15.9183333
     ]
    ]
   },
   "geometry": {
    "type": "Polygon",
    "coordinates": [
     [
      [
       15.8491667,
       59.5758333
      ],
      [
       15.9183333,
       59.5180556
      ],
      [
       15.7466667,
       59.4502778
      ],
      [
       15.6347222,
       59.5544444
      ],
      [
       15.8491667,
       59.5758333
      ]
     ]
    ]
   }
  },
  {
   "type": "Feature",
   "properties": {
    "ll": {
     "value": 730,
     "unit": 0,
     "referenceDatum": 1
    },
    "ul": {
     "value": 1520,
     "unit": 0,
     "referenceDatum": 1
    },
    "_id": "62e0fb74fd421ae8bc07a540",
    "name": "KRAMFORS TIA",
    "type": 0,
    "icao": 4,
    "bnd": [
     [
      62.7138889,
      17.4388889
     ],
     [
      63.3325,
      18.0608333
     ]
    ]
   },
   "geometry": {
    "type": "Polygon",
    "coordinates": [
     [
      [
       17.9752778,
       63.3325
      ],
      [
       18.0608333,
       62.9805556
      ],
      [
       18.0258333,
       62.7288889
      ],
      [
       17.7747222,
       62.7138889
      ],
      [
       17.6863889,
       62.7519444
      ],
      [
       17.5641667,
       63.0222222
      ],
      [
       17.4388889,
       63.2938889
      ],
      [
       17.9752778,
       63.3325
      ]
     ]
    ]
   }
  },
  {
   "type": "Feature",
   "properties": {
    "ll": {
     "value": 0,
     "unit": 1,
     "referenceDatum": 0
    },
    "ul": {
     "value": 730,
     "unit": 0,
     "referenceDatum": 1
    },
    "_id": "62e0fb74fd421ae8bc07a54b",
    "name": "KRAMFORS TIZ",
    "type": 0,
    "icao": 5,
    "bnd": [
     [
      62.8683333,
      17.5952778
     ],
     [
      63.2019444,
      17.9802778
     ]
    ]
   },
   "geometry": {
    "type": "Polygon",
    "coordinates": [
     [
      [
       17.7861111,
       63.2019444
      ],
      [
       17.9802778,
       63.0661111
      ],
      [
       17.8838889,
       62.8763889
      ],
      [
       17.7605556,
       62.8683333
      ],
      [
       17.5952778,
       63.0625
      ],
      [
       17.6441667,
       63.1913889
      ],
      [
       17.7861111,
       63.2019444
      ]
     ]
    ]
   }
  },
  {
   "type": "Feature",
   "properties": {
    "ll": {
     "value": 520,
     "unit": 0,
     "referenceDatum": 1
    },
    "ul": {
     "value": 95,
     "unit": 6,
     "referenceDatum": 2
    },
    "_id": "62e0fb5dfd421ae8bc079d1d",
    "name": "KRISTIANSTAD A",
    "type": 0,
    "icao": 2,
    "bnd": [
     [
      55.6775,
      13.9122222
     ],
     [
      56.2211111,
      14.3969444
     ]
    ]
   },
   "geometry": {
    "type": "Polygon",
    "coordinates": [
     [
      [
       13.9122222,
       56.2211111
      ],
      [
       14.3969444,
       56.2152778
      ],
      [
       14.2947222,
       55.6775
      ],
      [
       13.9122222,
       56.2211111
      ]
     ]
    ]
   }
  },
  {
   "type": "Feature",
   "properties": {
    "ll": {
     "value": 520,
     "unit": 0,
     "referenceDatum": 1
    },
    "ul": {
     "value": 65,
     "unit": 6,
     "referenceDatum": 2
    },
    "_id": "62e0fb5efd421ae8bc079d27",
    "name": "KRISTIANSTAD B",
    "type": 0,
    "icao": 2,
    "bnd": [
     [
      55.6261111,
      13.8016667
     ],
     [
      56.2211111,
      14.2947222
     ]
    ]
   },
   "geometry": {
    "type": "Polygon",
    "coordinates": [
     [
      [
       13.9122222,
       56.2211111
      ],
      [
       14.2947222,
       55.6775
      ],
      [
       14.0186111,
       55.6261111
      ],
      [
       13.8016667,
       55.7044444
      ],
      [
       13.8338889,
       55.8563889
      ],
      [
       13.8644444,
       56
      ],
      [
       13.9122222,
       56.2211111
      ]
     ]
    ]
   }
  },
  {
   "type": "Feature",
   "properties": {
    "ll": {
     "value": 1370,
     "unit": 0,
     "referenceDatum": 1
    },
    "ul": {
     "value": 95,
     "unit": 6,
     "referenceDatum": 2
    },
    "_id": "62e0fb5efd421ae8bc079d31",
    "name": "KRISTIANSTAD C",
    "type": 0,
    "icao": 2,
    "bnd": [
     [
      56.2152778,
      13.9122222
     ],
     [
      56.4772222,
      14.3969444
     ]
    ]
   },
   "geometry": {
    "type": "Polygon",
    "coordinates": [
     [
      [
       14.3208333,
       56.4772222
      ],
      [
       14.3969444,
       56.2152778
      ],
      [
       13.9122222,
       56.2211111
      ],
      [
       13.9341667,
       56.4769444
      ],
      [
       14.3208333,
       56.4772222
      ]
     ]
    ]
   }
  },
  {
   "type": "Feature",
   "properties": {
    "ll": {
     "value": 0,
     "unit": 1,
     "referenceDatum": 0
    },
    "ul": {
     "value": 520,
     "unit": 0,
     "referenceDatum": 1
    },
    "_id": "62e0fb5efd421ae8bc079d3b",
    "name": "KRISTIANSTAD CTR",
    "type": 4,
    "icao": 3,
    "bnd": [
     [
      55.7305556,
      13.9266667
     ],
     [
      56.1333333,
      14.2666667
     ]
    ]
   },
   "geometry": {
    "type": "Polygon",
    "coordinates": [
     [
      [
       14.0305556,
       56.1333333
      ],
      [
       14.2430556,
       56.125
      ],
      [
       14.2666667,
       55.9105556
      ],
      [
       14.1416667,
       55.7305556
      ],
      [
       13.9555556,
       55.7383333
      ],
      [
       13.9266667,
       55.9377778
      ],
      [
       14.0305556,
       56.1333333
      ]
     ]
    ]
   }
  },
  {
   "type": "Feature",
   "properties": {
    "ll": {
     "value": 520,
     "unit": 0,
     "referenceDatum": 1
    },
    "ul": {
     "value": 60,
     "unit": 6,
     "referenceDatum": 2
    },
    "_id": "62e0fb5efd421ae8bc079d45",
    "name": "KRISTIANSTAD NORD",
    "type": 21,
    "icao": 7,
    "bnd": [
     [
      55.9933333,
      13.8644444
     ],
     [
      56.2211111,
      14.0061111
     ]
    ]
   },
   "geometry": {
    "type": "Polygon",
    "coordinates": [
     [
      [
       13.9122222,
       56.2211111
      ],
      [
       14.0061111,
       56.0875
      ],
      [
       13.9561111,
       55.9933333
      ],
      [
       13.8644444,
       56
      ],
      [
       13.9122222,
       56.2211111
      ]
     ]
    ]
   }
  },
  {
   "type": "Feature",
   "properties": {
    "ll": {
     "value": 520,
     "unit": 0,
     "referenceDatum": 1
    },
    "ul": {
     "value": 60,
     "unit": 6,
     "referenceDatum": 2
    },
    "_id": "62e0fb5efd421ae8bc079d58",
    "name": "KRISTIANSTAD SYD",
    "type": 21,
    "icao": 7,
    "bnd": [
     [
      55.6261111,
      13.8016667
     ],
     [
      55.7383333,
      14.2947222
     ]
    ]
   },
   "geometry": {
    "type": "Polygon",
    "coordinates": [
     [
      [
       13.8016667,
       55.7044444
      ],
      [
       13.9555556,
       55.7383333
      ],
      [
       14.1416667,
       55.7305556
      ],
      [
       14.2947222,
       55.6775
      ],
      [
       14.0186111,
       55.6261111
      ],
      [
       13.8016667,
       55.7044444
      ]
     ]
    ]
   }
  },
  {
   "type": "Feature",
   "properties": {
    "ll": {
     "value": 520,
     "unit": 0,
     "referenceDatum": 1
    },
    "ul": {
     "value": 60,
     "unit": 6,
     "referenceDatum": 2
    },
    "_id": "62e0fb5efd421ae8bc079d4f",
    "name": "KRISTIANSTAD VÄST",
    "type": 21,
    "icao": 7,
    "bnd": [
     [
      55.7044444,
      13.8016667
     ],
     [
      56,
      13.9561111
     ]
    ]
   },
   "geometry": {
    "type": "Polygon",
    "coordinates": [
     [
      [
       13.8644444,
       56
      ],
      [
       13.9561111,
       55.9933333
      ],
      [
       13.9266667,
       55.9377778
      ],
      [
       13.9555556,
       55.7383333
      ],
      [
       13.8016667,
       55.7044444
      ],
      [
       13.8338889,
       55.8563889
      ],
      [
       13.8644444,
       56
      ]
     ]
    ]
   }
  },
  {
   "type": "Feature",
   "properties": {
    "ll": {
     "value": 610,
     "unit": 0,
     "referenceDatum": 1
    },
    "ul": {
     "value": 95,
     "unit": 6,
     "referenceDatum": 2
    },
    "_id": "62e0fb5efd421ae8bc079d62",
    "name": "KRONOBERG A",
    "type": 0,
    "icao": 2,
    "bnd": [
     [
      56.6341667,
      14.4072222
     ],
     [
      57.2275,
      15.0741667
     ]
    ]
   },
   "geometry": {
    "type": "Polygon",
    "coordinates": [
     [
      [
       14.6286111,
       57.2275
      ],
      [
       15.0741667,
       57.1691667
      ],
      [
       15.0025,
       57.1177778
      ],
      [
       14.7972222,
       56.6905556
      ],
      [
       14.5336111,
       56.6341667
      ],
      [
       14.4072222,
       56.8213889
      ],
      [
       14.4247222,
       56.9997222
      ],
      [
       14.6286111,
       57.2275
      ]
     ]
    ]
   }
  },
  {
   "type": "Feature",
   "properties": {
    "ll": {
     "value": 1370,
     "unit": 0,
     "referenceDatum": 1
    },
    "ul": {
     "value": 95,
     "unit": 6,
     "referenceDatum": 2
    },
    "_id": "62e0fb5efd421ae8bc079d70",
    "name": "KRONOBERG B",
    "type": 0,
    "icao": 2,
    "bnd": [
     [
      57.1691667,
      14.6286111
     ],
     [
      57.4816667,
      15.1697222
     ]
    ]
   },
   "geometry": {
    "type": "Polygon",
    "coordinates": [
     [
      [
       14.8594444,
       57.4816667
      ],
      [
       15.1019444,
       57.4483333
      ],
      [
       15.1697222,
       57.2377778
      ],
      [
       15.0741667,
       57.1691667
      ],
      [
       14.6286111,
       57.2275
      ],
      [
       14.8594444,
       57.4816667
      ]
     ]
    ]
   }
  },
  {
   "type": "Feature",
   "properties": {
    "ll": {
     "value": 1370,
     "unit": 0,
     "referenceDatum": 1
    },
    "ul": {
     "value": 95,
     "unit": 6,
     "referenceDatum": 2
    },
    "_id": "62e0fb5ffd421ae8bc079d78",
    "name": "KRONOBERG C",
    "type": 0,
    "icao": 2,
    "bnd": [
     [
      56.5075,
      13.9252778
     ],
     [
      56.9997222,
      14.5336111
     ]
    ]
   },
   "geometry": {
    "type": "Polygon",
    "coordinates": [
     [
      [
       14.4247222,
       56.9997222
      ],
      [
       14.4072222,
       56.8213889
      ],
      [
       14.5336111,
       56.6341667
      ],
      [
       14.3555556,
       56.5955556
      ],
      [
       14.1638889,
       56.5075
      ],
      [
       13.9252778,
       56.6113889
      ],
      [
       14.0772222,
       56.8780556
      ],
      [
       14.4247222,
       56.9997222
      ]
     ]
    ]
   }
  },
  {
   "type": "Feature",
   "properties": {
    "ll": {
     "value": 0,
     "unit": 1,
     "referenceDatum": 0
    },
    "ul": {
     "value": 610,
     "unit": 0,
     "referenceDatum": 1
    },
    "_id": "62e0fb5ffd421ae8bc079d85",
    "name": "KRONOBERG CTR",
    "type": 4,
    "icao": 3,
    "bnd": [
     [
      56.735,
      14.5569444
     ],
     [
      57.1158333,
      14.8958333
     ]
    ]
   },
   "geometry": {
    "type": "Polygon",
    "coordinates": [
     [
      [
       14.72,
       57.1158333
      ],
      [
       14.8958333,
       57.0933333
      ],
      [
       14.8813889,
       56.9033333
      ],
      [
       14.7330556,
       56.735
      ],
      [
       14.5569444,
       56.7563889
      ],
      [
       14.5780556,
       56.9355556
      ],
      [
       14.72,
       57.1158333
      ]
     ]
    ]
   }
  },
  {
   "type": "Feature",
   "properties": {
    "ll": {
     "value": 610,
     "unit": 0,
     "referenceDatum": 1
    },
    "ul": {
     "value": 90,
     "unit": 6,
     "referenceDatum": 2
    },
    "_id": "62e0fb5ffd421ae8bc079d8d",
    "name": "KRONOBERGSHED",
    "type": 21,
    "icao": 7,
    "bnd": [
     [
      56.8902778,
      14.3341667
     ],
     [
      57.0597222,
      14.5888889
     ]
    ]
   },
   "geometry": {
    "type": "Polygon",
    "coordinates": [
     [
      [
       14.4805556,
       57.0597222
      ],
      [
       14.5222222,
       57.0361111
      ],
      [
       14.5833333,
       57.0361111
      ],
      [
       14.5888889,
       56.95
      ],
      [
       14.5611111,
       56.8902778
      ],
      [
       14.4416667,
       56.9
      ],
      [
       14.3708333,
       56.9277778
      ],
      [
       14.3341667,
       56.9675
      ],
      [
       14.4275,
       57
      ],
      [
       14.4805556,
       57.0597222
      ]
     ]
    ]
   }
  },
  {
   "type": "Feature",
   "properties": {
    "ll": {
     "value": 0,
     "unit": 1,
     "referenceDatum": 0
    },
    "ul": {
     "value": 490,
     "unit": 0,
     "referenceDatum": 1
    },
    "_id": "62e0fb6ffd421ae8bc07a368",
    "name": "KUNGSÄNGEN CTR",
    "type": 4,
    "icao": 3,
    "bnd": [
     [
      58.4913889,
      15.9136111
     ],
     [
      58.6744444,
      16.63
     ]
    ]
   },
   "geometry": {
    "type": "Polygon",
    "coordinates": [
     [
      [
       16.2636111,
       58.6744444
      ],
      [
       16.63,
       58.6411111
      ],
      [
       16.6244444,
       58.5275
      ],
      [
       16.2469444,
       58.4913889
      ],
      [
       15.9136111,
       58.5497222
      ],
      [
       15.9136111,
       58.6577778
      ],
      [
       16.2636111,
       58.6744444
      ]
     ]
    ]
   }
  },
  {
   "type": "Feature",
   "properties": {
    "ll": {
     "value": 0,
     "unit": 1,
     "referenceDatum": 0
    },
    "ul": {
     "value": 90,
     "unit": 6,
     "referenceDatum": 2
    },
    "_id": "62e0fb70fd421ae8bc07a3cc",
    "name": "KUNGSÄNGEN NÄRSEKTOR",
    "type": 21,
    "icao": 7,
    "bnd": [
     [
      58.5861111,
      16.1694444
     ],
     [
      58.6366667,
      16.3402778
     ]
    ]
   },
   "geometry": {
    "type": "Polygon",
    "coordinates": [
     [
      [
       16.2688889,
       58.5861111
      ],
      [
       16.3402778,
       58.6291667
      ],
      [
       16.3238889,
       58.6363889
      ],
      [
       16.1694444,
       58.6366667
      ],
      [
       16.2013889,
       58.6
      ],
      [
       16.235,
       58.5863889
      ],
      [
       16.2688889,
       58.5861111
      ]
     ]
    ]
   }
  },
  {
   "type": "Feature",
   "properties": {
    "ll": {
     "value": 460,
     "unit": 0,
     "referenceDatum": 1
    },
    "ul": {
     "value": 60,
     "unit": 6,
     "referenceDatum": 2
    },
    "_id": "62e0fb5afd421ae8bc079bd6",
    "name": "KVÄNUM",
    "type": 21,
    "icao": 7,
    "bnd": [
     [
      58.1677778,
      13.1166667
     ],
     [
      58.4316667,
      13.3244444
     ]
    ]
   },
   "geometry": {
    "type": "Polygon",
    "coordinates": [
     [
      [
       13.1466667,
       58.38
      ],
      [
       13.3233333,
       58.4316667
      ],
      [
       13.3244444,
       58.2952778
      ],
      [
       13.2944444,
       58.1677778
      ],
      [
       13.1166667,
       58.3280556
      ],
      [
       13.1466667,
       58.38
      ]
     ]
    ]
   }
  },
  {
   "type": "Feature",
   "properties": {
    "ll": {
     "value": 490,
     "unit": 0,
     "referenceDatum": 1
    },
    "ul": {
     "value": 90,
     "unit": 6,
     "referenceDatum": 2
    },
    "_id": "62e0fb73fd421ae8bc07a4bd",
    "name": "KVARN",
    "type": 21,
    "icao": 7,
    "bnd": [
     [
      58.5666667,
      15.2216667
     ],
     [
      58.7155556,
      15.6208333
     ]
    ]
   },
   "geometry": {
    "type": "Polygon",
    "coordinates": [
     [
      [
       15.4572222,
       58.7155556
      ],
      [
       15.6208333,
       58.6444444
      ],
      [
       15.5333333,
       58.5908333
      ],
      [
       15.2777778,
       58.5666667
      ],
      [
       15.2216667,
       58.6469444
      ],
      [
       15.2447222,
       58.6744444
      ],
      [
       15.4572222,
       58.7155556
      ]
     ]
    ]
   }
  },
  {
   "type": "Feature",
   "properties": {
    "ll": {
     "value": 610,
     "unit": 0,
     "referenceDatum": 1
    },
    "ul": {
     "value": 90,
     "unit": 6,
     "referenceDatum": 2
    },
    "_id": "62e0fb5ffd421ae8bc079d97",
    "name": "LAMMHULT",
    "type": 21,
    "icao": 7,
    "bnd": [
     [
      57.0361111,
      14.4805556
     ],
     [
      57.1805556,
      14.6166667
     ]
    ]
   },
   "geometry": {
    "type": "Polygon",
    "coordinates": [
     [
      [
       14.5888889,
       57.1805556
      ],
      [
       14.6166667,
       57.0888889
      ],
      [
       14.5833333,
       57.0361111
      ],
      [
       14.5222222,
       57.0361111
      ],
      [
       14.4805556,
       57.0597222
      ],
      [
       14.5888889,
       57.1805556
      ]
     ]
    ]
   }
  },
  {
   "type": "Feature",
   "properties": {
    "ll": {
     "value": 0,
     "unit": 1,
     "referenceDatum": 0
    },
    "ul": {
     "value": 460,
     "unit": 0,
     "referenceDatum": 1
    },
    "_id": "62e0fb58fd421ae8bc079b5d",
    "name": "LANDVETTER CTR",
    "type": 4,
    "icao": 3,
    "bnd": [
     [
      57.4997222,
      12.0766667
     ],
     [
      57.8330556,
      12.5022222
     ]
    ]
   },
   "geometry": {
    "type": "Polygon",
    "coordinates": [
     [
      [
       12.3308333,
       57.8330556
      ],
      [
       12.5022222,
       57.7877778
      ],
      [
       12.4641667,
       57.6302778
      ],
      [
       12.2141667,
       57.4997222
      ],
      [
       12.0766667,
       57.5372222
      ],
      [
       12.1030556,
       57.7080556
      ],
      [
       12.3308333,
       57.8330556
      ]
     ]
    ]
   }
  },
  {
   "type": "Feature",
   "properties": {
    "ll": {
     "value": 460,
     "unit": 0,
     "referenceDatum": 1
    },
    "ul": {
     "value": 65,
     "unit": 6,
     "referenceDatum": 2
    },
    "_id": "62e0fb61fd421ae8bc079e2d",
    "name": "LÅNGNÄS",
    "type": 21,
    "icao": 7,
    "bnd": [
     [
      65.1658333,
      21.155
     ],
     [
      65.6702778,
      21.5005556
     ]
    ]
   },
   "geometry": {
    "type": "Polygon",
    "coordinates": [
     [
      [
       21.5005556,
       65.6702778
      ],
      [
       21.4997222,
       65.1658333
      ],
      [
       21.155,
       65.2369444
      ],
      [
       21.1947222,
       65.5325
      ],
      [
       21.5005556,
       65.6702778
      ]
     ]
    ]
   }
  },
  {
   "type": "Feature",
   "properties": {
    "ll": {
     "value": 370,
     "unit": 0,
     "referenceDatum": 1
    },
    "ul": {
     "value": 80,
     "unit": 6,
     "referenceDatum": 2
    },
    "_id": "62e0fb66fd421ae8bc079fea",
    "name": "LÅNGTORA NORD",
    "type": 21,
    "icao": 7,
    "bnd": [
     [
      59.7894444,
      16.795
     ],
     [
      59.9777778,
      17.16
     ]
    ]
   },
   "geometry": {
    "type": "Polygon",
    "coordinates": [
     [
      [
       16.795,
       59.8980556
      ],
      [
       16.9830556,
       59.9777778
      ],
      [
       17.1083333,
       59.8486111
      ],
      [
       17.16,
       59.8269444
      ],
      [
       16.9716667,
       59.7894444
      ],
      [
       16.93,
       59.8166667
      ],
      [
       16.9033333,
       59.83
      ],
      [
       16.8466667,
       59.8377778
      ],
      [
       16.795,
       59.8980556
      ]
     ]
    ]
   }
  },
  {
   "type": "Feature",
   "properties": {
    "ll": {
     "value": 370,
     "unit": 0,
     "referenceDatum": 1
    },
    "ul": {
     "value": 60,
     "unit": 6,
     "referenceDatum": 2
    },
    "_id": "62e0fb66fd421ae8bc079ff4",
    "name": "LÅNGTORA SYD",
    "type": 21,
    "icao": 7,
    "bnd": [
     [
      59.6916667,
      16.9716667
     ],
     [
      59.8269444,
      17.3416667
     ]
    ]
   },
   "geometry": {
    "type": "Polygon",
    "coordinates": [
     [
      [
       16.9716667,
       59.7894444
      ],
      [
       17.16,
       59.8269444
      ],
      [
       17.3416667,
       59.75
      ],
      [
       17.3222222,
       59.7341667
      ],
      [
       17.0966667,
       59.6994444
      ],
      [
       17.0166667,
       59.6916667
      ],
      [
       16.9716667,
       59.7894444
      ]
     ]
    ]
   }
  },
  {
   "type": "Feature",
   "properties": {
    "ll": {
     "value": 490,
     "unit": 0,
     "referenceDatum": 1
    },
    "ul": {
     "value": 90,
     "unit": 6,
     "referenceDatum": 2
    },
    "_id": "62e0fb70fd421ae8bc07a39a",
    "name": "LID",
    "type": 21,
    "icao": 7,
    "bnd": [
     [
      58.8766667,
      16.905
     ],
     [
      58.9955556,
      17.2591667
     ]
    ]
   },
   "geometry": {
    "type": "Polygon",
    "coordinates": [
     [
      [
       16.9652778,
       58.9955556
      ],
      [
       17.2591667,
       58.9761111
      ],
      [
       17.0825,
       58.8766667
      ],
      [
       16.905,
       58.8925
      ],
      [
       16.9652778,
       58.9955556
      ]
     ]
    ]
   }
  },
  {
   "type": "Feature",
   "properties": {
    "ll": {
     "value": 460,
     "unit": 0,
     "referenceDatum": 1
    },
    "ul": {
     "value": 65,
     "unit": 6,
     "referenceDatum": 2
    },
    "_id": "62e0fb5ffd421ae8bc079dab",
    "name": "LJUNGBYHED A",
    "type": 0,
    "icao": 2,
    "bnd": [
     [
      56.01,
      13.0461111
     ],
     [
      56.3222222,
      13.7241667
     ]
    ]
   },
   "geometry": {
    "type": "Polygon",
    "coordinates": [
     [
      [
       13.4122222,
       56.3222222
      ],
      [
       13.7241667,
       56.01
      ],
      [
       13.0461111,
       56.0602778
      ],
      [
       13.175,
       56.1227778
      ],
      [
       13.4122222,
       56.3222222
      ]
     ]
    ]
   }
  },
  {
   "type": "Feature",
   "properties": {
    "ll": {
     "value": 460,
     "unit": 0,
     "referenceDatum": 1
    },
    "ul": {
     "value": 65,
     "unit": 6,
     "referenceDatum": 2
    },
    "_id": "62e0fb5ffd421ae8bc079db5",
    "name": "LJUNGBYHED B",
    "type": 0,
    "icao": 2,
    "bnd": [
     [
      55.9761111,
      12.8077778
     ],
     [
      56.1966667,
      13.0461111
     ]
    ]
   },
   "geometry": {
    "type": "Polygon",
    "coordinates": [
     [
      [
       12.8077778,
       56.1966667
      ],
      [
       12.9825,
       56.0872222
      ],
      [
       13.0461111,
       56.0602778
      ],
      [
       12.8655556,
       55.9761111
      ],
      [
       12.8077778,
       56.1966667
      ]
     ]
    ]
   }
  },
  {
   "type": "Feature",
   "properties": {
    "ll": {
     "value": 460,
     "unit": 0,
     "referenceDatum": 1
    },
    "ul": {
     "value": 1370,
     "unit": 0,
     "referenceDatum": 1
    },
    "_id": "62e0fb5ffd421ae8bc079dbe",
    "name": "LJUNGBYHED C",
    "type": 0,
    "icao": 2,
    "bnd": [
     [
      55.9144444,
      12.8655556
     ],
     [
      56.0602778,
      13.7241667
     ]
    ]
   },
   "geometry": {
    "type": "Polygon",
    "coordinates": [
     [
      [
       13.0461111,
       56.0602778
      ],
      [
       13.7241667,
       56.01
      ],
      [
       13.5208333,
       55.9144444
      ],
      [
       13.4638889,
       55.925
      ],
      [
       13.1072222,
       55.9355556
      ],
      [
       12.8655556,
       55.9761111
      ],
      [
       13.0461111,
       56.0602778
      ]
     ]
    ]
   }
  },
  {
   "type": "Feature",
   "properties": {
    "ll": {
     "value": 0,
     "unit": 1,
     "referenceDatum": 0
    },
    "ul": {
     "value": 460,
     "unit": 0,
     "referenceDatum": 1
    },
    "_id": "62e0fb5ffd421ae8bc079dc9",
    "name": "LJUNGBYHED CTR",
    "type": 4,
    "icao": 3,
    "bnd": [
     [
      55.9841667,
      12.9825
     ],
     [
      56.155,
      13.4525
     ]
    ]
   },
   "geometry": {
    "type": "Polygon",
    "coordinates": [
     [
      [
       13.0255556,
       56.155
      ],
      [
       13.3138889,
       56.125
      ],
      [
       13.4525,
       56.0841667
      ],
      [
       13.3583333,
       55.9841667
      ],
      [
       13.1305556,
       56.025
      ],
      [
       12.9825,
       56.0872222
      ],
      [
       13.0255556,
       56.155
      ]
     ]
    ]
   }
  },
  {
   "type": "Feature",
   "properties": {
    "ll": {
     "value": 460,
     "unit": 0,
     "referenceDatum": 1
    },
    "ul": {
     "value": 60,
     "unit": 6,
     "referenceDatum": 2
    },
    "_id": "62e0fb6bfd421ae8bc07a1ea",
    "name": "LJUNGBYHED VÄST",
    "type": 21,
    "icao": 7,
    "bnd": [
     [
      56.0602778,
      12.9825
     ],
     [
      56.155,
      13.1927778
     ]
    ]
   },
   "geometry": {
    "type": "Polygon",
    "coordinates": [
     [
      [
       13.0255556,
       56.155
      ],
      [
       13.1927778,
       56.1375
      ],
      [
       13.175,
       56.1227778
      ],
      [
       13.0461111,
       56.0602778
      ],
      [
       12.9825,
       56.0872222
      ],
      [
       13.0255556,
       56.155
      ]
     ]
    ]
   }
  },
  {
   "type": "Feature",
   "properties": {
    "ll": {
     "value": 490,
     "unit": 0,
     "referenceDatum": 1
    },
    "ul": {
     "value": 90,
     "unit": 6,
     "referenceDatum": 2
    },
    "_id": "62e0fb72fd421ae8bc07a4b4",
    "name": "LOTORP",
    "type": 21,
    "icao": 7,
    "bnd": [
     [
      58.6444444,
      15.4572222
     ],
     [
      58.7777778,
      15.8333333
     ]
    ]
   },
   "geometry": {
    "type": "Polygon",
    "coordinates": [
     [
      [
       15.7833333,
       58.7777778
      ],
      [
       15.8333333,
       58.7333333
      ],
      [
       15.6208333,
       58.6444444
      ],
      [
       15.4572222,
       58.7155556
      ],
      [
       15.7833333,
       58.7777778
      ]
     ]
    ]
   }
  },
  {
   "type": "Feature",
   "properties": {
    "ll": {
     "value": 370,
     "unit": 0,
     "referenceDatum": 1
    },
    "ul": {
     "value": 95,
     "unit": 6,
     "referenceDatum": 2
    },
    "_id": "62e0fb60fd421ae8bc079ddd",
    "name": "LULEÅ A",
    "type": 0,
    "icao": 2,
    "bnd": [
     [
      65.0697222,
      21.6758333
     ],
     [
      65.7766667,
      23.0286111
     ]
    ]
   },
   "geometry": {
    "type": "Polygon",
    "coordinates": [
     [
      [
       22.4516667,
       65.7766667
      ],
      [
       23.0286111,
       65.4405556
      ],
      [
       22.5697222,
       65.105
      ],
      [
       22.3791667,
       65.0697222
      ],
      [
       21.6758333,
       65.3644444
      ],
      [
       21.9622222,
       65.4688889
      ],
      [
       22.315,
       65.5955556
      ],
      [
       22.4516667,
       65.7766667
      ]
     ]
    ]
   }
  },
  {
   "type": "Feature",
   "properties": {
    "ll": {
     "value": 490,
     "unit": 0,
     "referenceDatum": 1
    },
    "ul": {
     "value": 95,
     "unit": 6,
     "referenceDatum": 2
    },
    "_id": "62e0fb60fd421ae8bc079de6",
    "name": "LULEÅ B",
    "type": 0,
    "icao": 2,
    "bnd": [
     [
      65.3644444,
      21.1986111
     ],
     [
      65.9586111,
      22.4516667
     ]
    ]
   },
   "geometry": {
    "type": "Polygon",
    "coordinates": [
     [
      [
       22.1316667,
       65.9586111
      ],
      [
       22.4516667,
       65.7766667
      ],
      [
       22.315,
       65.5955556
      ],
      [
       21.9622222,
       65.4688889
      ],
      [
       21.6758333,
       65.3644444
      ],
      [
       21.1986111,
       65.5591667
      ],
      [
       21.2047222,
       65.6061111
      ],
      [
       22.1316667,
       65.9586111
      ]
     ]
    ]
   }
  },
  {
   "type": "Feature",
   "properties": {
    "ll": {
     "value": 610,
     "unit": 0,
     "referenceDatum": 1
    },
    "ul": {
     "value": 95,
     "unit": 6,
     "referenceDatum": 2
    },
    "_id": "62e0fb60fd421ae8bc079df1",
    "name": "LULEÅ C",
    "type": 0,
    "icao": 2,
    "bnd": [
     [
      65.6061111,
      21.2047222
     ],
     [
      66.0069444,
      22.1316667
     ]
    ]
   },
   "geometry": {
    "type": "Polygon",
    "coordinates": [
     [
      [
       22.0455556,
       66.0069444
      ],
      [
       22.1316667,
       65.9586111
      ],
      [
       21.2047222,
       65.6061111
      ],
      [
       21.2455556,
       65.8986111
      ],
      [
       21.4955556,
       65.9486111
      ],
      [
       22.0455556,
       66.0069444
      ]
     ]
    ]
   }
  },
  {
   "type": "Feature",
   "properties": {
    "ll": {
     "value": 610,
     "unit": 0,
     "referenceDatum": 1
    },
    "ul": {
     "value": 95,
     "unit": 6,
     "referenceDatum": 2
    },
    "_id": "62e0fb60fd421ae8bc079dfb",
    "name": "LULEÅ D",
    "type": 0,
    "icao": 2,
    "bnd": [
     [
      65.0269444,
      21.155
     ],
     [
      65.5591667,
      22.3791667
     ]
    ]
   },
   "geometry": {
    "type": "Polygon",
    "coordinates": [
     [
      [
       21.1986111,
       65.5591667
      ],
      [
       21.6758333,
       65.3644444
      ],
      [
       22.3791667,
       65.0697222
      ],
      [
       22.1552778,
       65.0269444
      ],
      [
       21.155,
       65.2369444
      ],
      [
       21.1986111,
       65.5591667
      ]
     ]
    ]
   }
  },
  {
   "type": "Feature",
   "properties": {
    "ll": {
     "value": 1370,
     "unit": 0,
     "referenceDatum": 1
    },
    "ul": {
     "value": 95,
     "unit": 6,
     "referenceDatum": 2
    },
    "_id": "62e0fb60fd421ae8bc079e05",
    "name": "LULEÅ E",
    "type": 0,
    "icao": 2,
    "bnd": [
     [
      64.8741667,
      20.9480556
     ],
     [
      65.2369444,
      22.1552778
     ]
    ]
   },
   "geometry": {
    "type": "Polygon",
    "coordinates": [
     [
      [
       21.155,
       65.2369444
      ],
      [
       22.1552778,
       65.0269444
      ],
      [
       21.8661111,
       64.8741667
      ],
      [
       20.9480556,
       65.0816667
      ],
      [
       21.155,
       65.2369444
      ]
     ]
    ]
   }
  },
  {
   "type": "Feature",
   "properties": {
    "ll": {
     "value": 820,
     "unit": 0,
     "referenceDatum": 1
    },
    "ul": {
     "value": 1520,
     "unit": 0,
     "referenceDatum": 1
    },
    "_id": "62e0fb74fd421ae8bc07a554",
    "name": "LYCKSELE TIA",
    "type": 0,
    "icao": 4,
    "bnd": [
     [
      64.2302778,
      18.0338889
     ],
     [
      64.8663889,
      19.3680556
     ]
    ]
   },
   "geometry": {
    "type": "Polygon",
    "coordinates": [
     [
      [
       18.5444444,
       64.8663889
      ],
      [
       19.3680556,
       64.3947222
      ],
      [
       18.8608333,
       64.2302778
      ],
      [
       18.0338889,
       64.6997222
      ],
      [
       18.5444444,
       64.8663889
      ]
     ]
    ]
   }
  },
  {
   "type": "Feature",
   "properties": {
    "ll": {
     "value": 0,
     "unit": 1,
     "referenceDatum": 0
    },
    "ul": {
     "value": 820,
     "unit": 0,
     "referenceDatum": 1
    },
    "_id": "62e0fb74fd421ae8bc07a55e",
    "name": "LYCKSELE TIZ",
    "type": 0,
    "icao": 5,
    "bnd": [
     [
      64.3994444,
      18.5177778
     ],
     [
      64.6530556,
      18.9905556
     ]
    ]
   },
   "geometry": {
    "type": "Polygon",
    "coordinates": [
     [
      [
       18.5819444,
       64.6530556
      ],
      [
       18.8491667,
       64.6047222
      ],
      [
       18.9905556,
       64.4275
      ],
      [
       18.9027778,
       64.3994444
      ],
      [
       18.5541667,
       64.5102778
      ],
      [
       18.5177778,
       64.6327778
      ],
      [
       18.5819444,
       64.6530556
      ]
     ]
    ]
   }
  },
  {
   "type": "Feature",
   "properties": {
    "ll": {
     "value": 1370,
     "unit": 0,
     "referenceDatum": 1
    },
    "ul": {
     "value": 90,
     "unit": 6,
     "referenceDatum": 2
    },
    "_id": "62e0fb5bfd421ae8bc079c23",
    "name": "MAHULT",
    "type": 21,
    "icao": 7,
    "bnd": [
     [
      56.6963889,
      13.1447222
     ],
     [
      56.9033333,
      13.4016667
     ]
    ]
   },
   "geometry": {
    "type": "Polygon",
    "coordinates": [
     [
      [
       13.1447222,
       56.7963889
      ],
      [
       13.4016667,
       56.9033333
      ],
      [
       13.2,
       56.715
      ],
      [
       13.1508333,
       56.6963889
      ],
      [
       13.1447222,
       56.7963889
      ]
     ]
    ]
   }
  },
  {
   "type": "Feature",
   "properties": {
    "ll": {
     "value": 0,
     "unit": 1,
     "referenceDatum": 0
    },
    "ul": {
     "value": 490,
     "unit": 0,
     "referenceDatum": 1
    },
    "_id": "62e0fb6ffd421ae8bc07a371",
    "name": "MALMEN CTR",
    "type": 4,
    "icao": 3,
    "bnd": [
     [
      58.2280556,
      15.3163889
     ],
     [
      58.4288889,
      15.6219444
     ]
    ]
   },
   "geometry": {
    "type": "Polygon",
    "coordinates": [
     [
      [
       15.3163889,
       58.4288889
      ],
      [
       15.6219444,
       58.3280556
      ],
      [
       15.4969444,
       58.2280556
      ],
      [
       15.34,
       58.2575
      ],
      [
       15.3163889,
       58.4288889
      ]
     ]
    ]
   }
  },
  {
   "type": "Feature",
   "properties": {
    "ll": {
     "value": 1500,
     "unit": 1,
     "referenceDatum": 1
    },
    "ul": {
     "value": 65,
     "unit": 6,
     "referenceDatum": 2
    },
    "_id": "62e0fb61fd421ae8bc079e3a",
    "name": "MALMÖ A",
    "type": 7,
    "icao": 2,
    "bnd": [
     [
      55.0944444,
      12.9988889
     ],
     [
      55.8269444,
      13.7888889
     ]
    ]
   },
   "geometry": {
    "type": "Polygon",
    "coordinates": [
     [
      [
       13.61,
       55.8269444
      ],
      [
       13.6472222,
       55.5833333
      ],
      [
       13.7888889,
       55.4388889
      ],
      [
       13.7888889,
       55.1208333
      ],
      [
       12.9994444,
       55.0944444
      ],
      [
       12.9988889,
       55.2494444
      ],
      [
       13.1155556,
       55.7327778
      ],
      [
       13.11,
       55.8158333
      ],
      [
       13.61,
       55.8269444
      ]
     ]
    ]
   }
  },
  {
   "type": "Feature",
   "properties": {
    "ll": {
     "value": 4500,
     "unit": 1,
     "referenceDatum": 1
    },
    "ul": {
     "value": 65,
     "unit": 6,
     "referenceDatum": 2
    },
    "_id": "62e0fb61fd421ae8bc079e44",
    "name": "MALMÖ B",
    "type": 7,
    "icao": 2,
    "bnd": [
     [
      55.8563889,
      12.8655556
     ],
     [
      56.0602778,
      13.8644444
     ]
    ]
   },
   "geometry": {
    "type": "Polygon",
    "coordinates": [
     [
      [
       13.0461111,
       56.0602778
      ],
      [
       13.7241667,
       56.01
      ],
      [
       13.8644444,
       56
      ],
      [
       13.8338889,
       55.8563889
      ],
      [
       13.5208333,
       55.9144444
      ],
      [
       13.4638889,
       55.925
      ],
      [
       13.1072222,
       55.9355556
      ],
      [
       12.8655556,
       55.9761111
      ],
      [
       13.0461111,
       56.0602778
      ]
     ]
    ]
   }
  },
  {
   "type": "Feature",
   "properties": {
    "ll": {
     "value": 2500,
     "unit": 1,
     "referenceDatum": 1
    },
    "ul": {
     "value": 65,
     "unit": 6,
     "referenceDatum": 2
    },
    "_id": "62e0fb61fd421ae8bc079e4e",
    "name": "MALMÖ C",
    "type": 7,
    "icao": 2,
    "bnd": [
     [
      55.4388889,
      12.8655556
     ],
     [
      55.9761111,
      13.8338889
     ]
    ],
    "freq": [
     {
      "name": "SWEDEN CONTROL",
      "val": "134.980"
     }
    ]
   },
   "geometry": {
    "type": "Polygon",
    "coordinates": [
     [
      [
       12.8655556,
       55.9761111
      ],
      [
       13.1072222,
       55.9355556
      ],
      [
       13.4638889,
       55.925
      ],
      [
       13.5208333,
       55.9144444
      ],
      [
       13.8338889,
       55.8563889
      ],
      [
       13.8016667,
       55.7044444
      ],
      [
       13.7888889,
       55.4388889
      ],
      [
       13.6472222,
       55.5833333
      ],
      [
       13.61,
       55.8269444
      ],
      [
       13.11,
       55.8158333
      ],
      [
       13.1155556,
       55.7327778
      ],
      [
       12.8655556,
       55.9761111
      ]
     ]
    ]
   }
  },
  {
   "type": "Feature",
   "properties": {
    "ll": {
     "value": 3500,
     "unit": 1,
     "referenceDatum": 1
    },
    "ul": {
     "value": 65,
     "unit": 6,
     "referenceDatum": 2
    },
    "_id": "62e0fb61fd421ae8bc079e58",
    "name": "MALMÖ D",
    "type": 7,
    "icao": 2,
    "bnd": [
     [
      54.9166667,
      12.9994444
     ],
     [
      55.4388889,
      14.3077778
     ]
    ],
    "freq": [
     {
      "name": "SWEDEN CONTROL",
      "val": "134.980"
     }
    ]
   },
   "geometry": {
    "type": "Polygon",
    "coordinates": [
     [
      [
       13.7888889,
       55.4388889
      ],
      [
       14.3077778,
       55.2905556
      ],
      [
       14.1666667,
       55.1758333
      ],
      [
       14.1666667,
       54.9166667
      ],
      [
       13,
       54.9166667
      ],
      [
       12.9994444,
       55.0944444
      ],
      [
       13.7888889,
       55.1208333
      ],
      [
       13.7888889,
       55.4388889
      ]
     ]
    ]
   }
  },
  {
   "type": "Feature",
   "properties": {
    "ll": {
     "value": 65,
     "unit": 6,
     "referenceDatum": 2
    },
    "ul": {
     "value": 95,
     "unit": 6,
     "referenceDatum": 2
    },
    "_id": "62e0fb61fd421ae8bc079e62",
    "name": "MALMÖ E",
    "type": 7,
    "icao": 2,
    "bnd": [
     [
      54.9166667,
      12.44
     ],
     [
      56.3866667,
      14.3077778
     ]
    ],
    "freq": [
     {
      "name": "SWEDEN CONTROL",
      "val": "134.980"
     }
    ]
   },
   "geometry": {
    "type": "Polygon",
    "coordinates": [
     [
      [
       12.4427778,
       56.3866667
      ],
      [
       13.4122222,
       56.3222222
      ],
      [
       13.9122222,
       56.2211111
      ],
      [
       14.2947222,
       55.6775
      ],
      [
       14.3077778,
       55.2905556
      ],
      [
       14.1666667,
       55.1758333
      ],
      [
       14.1666667,
       54.9166667
      ],
      [
       13,
       54.9166667
      ],
      [
       12.9988889,
       55.2494444
      ],
      [
       13.1155556,
       55.7327778
      ],
      [
       12.8655556,
       55.9761111
      ],
      [
       12.7322222,
       55.9994444
      ],
      [
       12.6794444,
       56.0327778
      ],
      [
       12.6569444,
       56.0327778
      ],
      [
       12.44,
       56.1641667
      ],
      [
       12.4427778,
       56.3866667
      ]
     ]
    ]
   }
  },
  {
   "type": "Feature",
   "properties": {
    "ll": {
     "value": 4500,
     "unit": 1,
     "referenceDatum": 1
    },
    "ul": {
     "value": 65,
     "unit": 6,
     "referenceDatum": 2
    },
    "_id": "62e0fb61fd421ae8bc079e6c",
    "name": "MALMÖ F",
    "type": 7,
    "icao": 2,
    "bnd": [
     [
      55.2905556,
      13.7888889
     ],
     [
      55.7044444,
      14.3077778
     ]
    ],
    "freq": [
     {
      "name": "SWEDEN CONTROL",
      "val": "134.980"
     }
    ]
   },
   "geometry": {
    "type": "Polygon",
    "coordinates": [
     [
      [
       13.8016667,
       55.7044444
      ],
      [
       14.0186111,
       55.6261111
      ],
      [
       14.2947222,
       55.6775
      ],
      [
       14.3077778,
       55.2905556
      ],
      [
       13.7888889,
       55.4388889
      ],
      [
       13.8016667,
       55.7044444
      ]
     ]
    ]
   }
  },
  {
   "type": "Feature",
   "properties": {
    "ll": {
     "value": 0,
     "unit": 1,
     "referenceDatum": 0
    },
    "ul": {
     "value": 60,
     "unit": 6,
     "referenceDatum": 2
    },
    "_id": "62e0fb6cfd421ae8bc07a23a",
    "name": "MARIEBERG",
    "type": 21,
    "icao": 7,
    "bnd": [
     [
      59.1530556,
      15.0852778
     ],
     [
      59.2966667,
      15.1663889
     ]
    ]
   },
   "geometry": {
    "type": "Polygon",
    "coordinates": [
     [
      [
       15.0941667,
       59.2413889
      ],
      [
       15.1658333,
       59.2966667
      ],
      [
       15.1663889,
       59.1530556
      ],
      [
       15.1108333,
       59.1658333
      ],
      [
       15.0852778,
       59.2033333
      ],
      [
       15.0941667,
       59.2413889
      ]
     ]
    ]
   }
  },
  {
   "type": "Feature",
   "properties": {
    "ll": {
     "value": 0,
     "unit": 1,
     "referenceDatum": 0
    },
    "ul": {
     "value": 1350,
     "unit": 0,
     "referenceDatum": 1
    },
    "_id": "62e0fb5afd421ae8bc079c05",
    "name": "MITT",
    "type": 21,
    "icao": 7,
    "bnd": [
     [
      56.6405556,
      12.7297222
     ],
     [
      56.7202778,
      12.9041667
     ]
    ]
   },
   "geometry": {
    "type": "Polygon",
    "coordinates": [
     [
      [
       12.7688889,
       56.7202778
      ],
      [
       12.9041667,
       56.7177778
      ],
      [
       12.8783333,
       56.6905556
      ],
      [
       12.8927778,
       56.6727778
      ],
      [
       12.7297222,
       56.6405556
      ],
      [
       12.7594444,
       56.6780556
      ],
      [
       12.7688889,
       56.7202778
      ]
     ]
    ]
   }
  },
  {
   "type": "Feature",
   "properties": {
    "ll": {
     "value": 880,
     "unit": 0,
     "referenceDatum": 0
    },
    "ul": {
     "value": 1520,
     "unit": 0,
     "referenceDatum": 1
    },
    "_id": "62e0fb74fd421ae8bc07a568",
    "name": "MORA TIA",
    "type": 0,
    "icao": 4,
    "bnd": [
     [
      60.5533333,
      14.1780556
     ],
     [
      61.2669444,
      14.9177778
     ]
    ]
   },
   "geometry": {
    "type": "Polygon",
    "coordinates": [
     [
      [
       14.5233333,
       61.2669444
      ],
      [
       14.8822222,
       61.0138889
      ],
      [
       14.9177778,
       60.6419444
      ],
      [
       14.6161111,
       60.5533333
      ],
      [
       14.1780556,
       60.9080556
      ],
      [
       14.2213889,
       61.2172222
      ],
      [
       14.5233333,
       61.2669444
      ]
     ]
    ]
   }
  },
  {
   "type": "Feature",
   "properties": {
    "ll": {
     "value": 0,
     "unit": 1,
     "referenceDatum": 0
    },
    "ul": {
     "value": 880,
     "unit": 0,
     "referenceDatum": 0
    },
    "_id": "62e0fb74fd421ae8bc07a571",
    "name": "MORA TIZ",
    "type": 0,
    "icao": 5,
    "bnd": [
     [
      60.7333333,
      14.3094444
     ],
     [
      61.1641667,
      14.7552778
     ]
    ]
   },
   "geometry": {
    "type": "Polygon",
    "coordinates": [
     [
      [
       14.4319444,
       61.1641667
      ],
      [
       14.6875,
       60.9941667
      ],
      [
       14.7552778,
       60.7633333
      ],
      [
       14.5777778,
       60.7333333
      ],
      [
       14.3263889,
       60.9319444
      ],
      [
       14.3094444,
       61.1438889
      ],
      [
       14.4319444,
       61.1641667
      ]
     ]
    ]
   }
  },
  {
   "type": "Feature",
   "properties": {
    "ll": {
     "value": 490,
     "unit": 0,
     "referenceDatum": 1
    },
    "ul": {
     "value": 90,
     "unit": 6,
     "referenceDatum": 2
    },
    "_id": "62e0fb72fd421ae8bc07a46d",
    "name": "MOTALA",
    "type": 21,
    "icao": 7,
    "bnd": [
     [
      58.2875,
      14.9263889
     ],
     [
      58.6469444,
      15.2863889
     ]
    ]
   },
   "geometry": {
    "type": "Polygon",
    "coordinates": [
     [
      [
       15.2216667,
       58.6469444
      ],
      [
       15.2777778,
       58.5666667
      ],
      [
       15.2863889,
       58.4016667
      ],
      [
       15.2236111,
       58.3555556
      ],
      [
       14.9263889,
       58.2875
      ],
      [
       15.2216667,
       58.6469444
      ]
     ]
    ]
   }
  },
  {
   "type": "Feature",
   "properties": {
    "ll": {
     "value": 520,
     "unit": 0,
     "referenceDatum": 1
    },
    "ul": {
     "value": 65,
     "unit": 6,
     "referenceDatum": 2
    },
    "_id": "62e0fb5cfd421ae8bc079c9b",
    "name": "MOTALA VÄST",
    "type": 21,
    "icao": 7,
    "bnd": [
     [
      58.3469444,
      14.6530556
     ],
     [
      58.7466667,
      15.2441667
     ]
    ]
   },
   "geometry": {
    "type": "Polygon",
    "coordinates": [
     [
      [
       14.9827778,
       58.7466667
      ],
      [
       15.2441667,
       58.6744444
      ],
      [
       15.0402778,
       58.4275
      ],
      [
       14.6530556,
       58.3469444
      ],
      [
       14.7683333,
       58.4283333
      ],
      [
       14.8261111,
       58.4763889
      ],
      [
       14.9775,
       58.5422222
      ],
      [
       14.9827778,
       58.7466667
      ]
     ]
    ]
   }
  },
  {
   "type": "Feature",
   "properties": {
    "ll": {
     "value": 0,
     "unit": 1,
     "referenceDatum": 0
    },
    "ul": {
     "value": 80,
     "unit": 6,
     "referenceDatum": 2
    },
    "_id": "62e0fb66fd421ae8bc07a026",
    "name": "NÄRSEKTOR SUNDBRO",
    "type": 21,
    "icao": 7,
    "bnd": [
     [
      59.9125,
      17.3958333
     ],
     [
      60.0066667,
      17.5855556
     ]
    ]
   },
   "geometry": {
    "type": "Polygon",
    "coordinates": [
     [
      [
       17.545,
       60.0066667
      ],
      [
       17.5855556,
       59.94
      ],
      [
       17.5694444,
       59.9155556
      ],
      [
       17.5622222,
       59.9125
      ],
      [
       17.5247222,
       59.9127778
      ],
      [
       17.3958333,
       59.9522222
      ],
      [
       17.545,
       60.0066667
      ]
     ]
    ]
   }
  },
  {
   "type": "Feature",
   "properties": {
    "ll": {
     "value": 0,
     "unit": 1,
     "referenceDatum": 0
    },
    "ul": {
     "value": 80,
     "unit": 6,
     "referenceDatum": 2
    },
    "_id": "62e0fb66fd421ae8bc07a031",
    "name": "NÄRSEKTOR SUNDBRO OST",
    "type": 21,
    "icao": 7,
    "bnd": [
     [
      59.9125,
      17.4125
     ],
     [
      60.0066667,
      17.5855556
     ]
    ]
   },
   "geometry": {
    "type": "Polygon",
    "coordinates": [
     [
      [
       17.545,
       60.0066667
      ],
      [
       17.5855556,
       59.94
      ],
      [
       17.5694444,
       59.9155556
      ],
      [
       17.5622222,
       59.9125
      ],
      [
       17.5419444,
       59.9127778
      ],
      [
       17.4125,
       59.9583333
      ],
      [
       17.545,
       60.0066667
      ]
     ]
    ]
   }
  },
  {
   "type": "Feature",
   "properties": {
    "ll": {
     "value": 0,
     "unit": 1,
     "referenceDatum": 0
    },
    "ul": {
     "value": 80,
     "unit": 6,
     "referenceDatum": 2
    },
    "_id": "62e0fb67fd421ae8bc07a039",
    "name": "NÄRSEKTOR SUNDBRO VÄST",
    "type": 21,
    "icao": 7,
    "bnd": [
     [
      59.9125,
      17.3958333
     ],
     [
      60.0033333,
      17.5766667
     ]
    ]
   },
   "geometry": {
    "type": "Polygon",
    "coordinates": [
     [
      [
       17.5358333,
       60.0033333
      ],
      [
       17.5766667,
       59.9266667
      ],
      [
       17.5694444,
       59.9155556
      ],
      [
       17.5622222,
       59.9125
      ],
      [
       17.5247222,
       59.9127778
      ],
      [
       17.3958333,
       59.9522222
      ],
      [
       17.5358333,
       60.0033333
      ]
     ]
    ]
   }
  },
  {
   "type": "Feature",
   "properties": {
    "ll": {
     "value": 0,
     "unit": 1,
     "referenceDatum": 0
    },
    "ul": {
     "value": 90,
     "unit": 6,
     "referenceDatum": 2
    },
    "_id": "62e0fb5dfd421ae8bc079ceb",
    "name": "NÄRSEKTORN",
    "type": 21,
    "icao": 7,
    "bnd": [
     [
      59.4436111,
      13.2769444
     ],
     [
      59.4686111,
      13.3427778
     ]
    ]
   },
   "geometry": {
    "type": "Polygon",
    "coordinates": [
     [
      [
       13.3427778,
       59.4577778
      ],
      [
       13.3291667,
       59.4436111
      ],
      [
       13.2769444,
       59.4488889
      ],
      [
       13.2925,
       59.4602778
      ],
      [
       13.2911111,
       59.4686111
      ],
      [
       13.3288889,
       59.4675
      ],
      [
       13.3427778,
       59.4577778
      ]
     ]
    ]
   }
  },
  {
   "type": "Feature",
   "properties": {
    "ll": {
     "value": 760,
     "unit": 0,
     "referenceDatum": 1
    },
    "ul": {
     "value": 90,
     "unit": 6,
     "referenceDatum": 2
    },
    "_id": "62e0fb57fd421ae8bc079b15",
    "name": "NUTCRACKER",
    "type": 21,
    "icao": 7,
    "bnd": [
     [
      60.4966667,
      15.0008333
     ],
     [
      60.6836111,
      15.4141667
     ]
    ]
   },
   "geometry": {
    "type": "Polygon",
    "coordinates": [
     [
      [
       15.1433333,
       60.6836111
      ],
      [
       15.4141667,
       60.6788889
      ],
      [
       15.0738889,
       60.4966667
      ],
      [
       15.0052778,
       60.5133333
      ],
      [
       15.0008333,
       60.6119444
      ],
      [
       15.1433333,
       60.6836111
      ]
     ]
    ]
   }
  },
  {
   "type": "Feature",
   "properties": {
    "ll": {
     "value": 670,
     "unit": 0,
     "referenceDatum": 1
    },
    "ul": {
     "value": 90,
     "unit": 6,
     "referenceDatum": 2
    },
    "_id": "62e0fb5bfd421ae8bc079c56",
    "name": "ÖDESTUGU",
    "type": 21,
    "icao": 7,
    "bnd": [
     [
      57.4308333,
      14.1052778
     ],
     [
      57.6811111,
      14.4780556
     ]
    ]
   },
   "geometry": {
    "type": "Polygon",
    "coordinates": [
     [
      [
       14.1052778,
       57.4308333
      ],
      [
       14.1302778,
       57.5494444
      ],
      [
       14.1847222,
       57.6238889
      ],
      [
       14.4766667,
       57.6811111
      ],
      [
       14.4780556,
       57.6630556
      ],
      [
       14.4202778,
       57.6502778
      ],
      [
       14.1052778,
       57.4308333
      ]
     ]
    ]
   }
  },
  {
   "type": "Feature",
   "properties": {
    "ll": {
     "value": 610,
     "unit": 0,
     "referenceDatum": 1
    },
    "ul": {
     "value": 95,
     "unit": 6,
     "referenceDatum": 2
    },
    "_id": "62e0fb6bfd421ae8bc07a208",
    "name": "ÖREBRO A",
    "type": 0,
    "icao": 2,
    "bnd": [
     [
      58.9002778,
      14.4936111
     ],
     [
      59.5222222,
      15.5402778
     ]
    ]
   },
   "geometry": {
    "type": "Polygon",
    "coordinates": [
     [
      [
       15.3077778,
       59.5222222
      ],
      [
       15.5402778,
       59.2041667
      ],
      [
       15.1066667,
       58.9594444
      ],
      [
       14.9661111,
       58.9002778
      ],
      [
       14.4936111,
       59.1005556
      ],
      [
       14.8477778,
       59.2338889
      ],
      [
       14.9477778,
       59.485
      ],
      [
       15.3077778,
       59.5222222
      ]
     ]
    ]
   }
  },
  {
   "type": "Feature",
   "properties": {
    "ll": {
     "value": 1370,
     "unit": 0,
     "referenceDatum": 1
    },
    "ul": {
     "value": 95,
     "unit": 6,
     "referenceDatum": 2
    },
    "_id": "62e0fb6bfd421ae8bc07a212",
    "name": "ÖREBRO B",
    "type": 0,
    "icao": 2,
    "bnd": [
     [
      59.2041667,
      15.3077778
     ],
     [
      59.5758333,
      15.9866667
     ]
    ]
   },
   "geometry": {
    "type": "Polygon",
    "coordinates": [
     [
      [
       15.8491667,
       59.5758333
      ],
      [
       15.9866667,
       59.4608333
      ],
      [
       15.5402778,
       59.2041667
      ],
      [
       15.3077778,
       59.5222222
      ],
      [
       15.8491667,
       59.5758333
      ]
     ]
    ]
   }
  },
  {
   "type": "Feature",
   "properties": {
    "ll": {
     "value": 1370,
     "unit": 0,
     "referenceDatum": 1
    },
    "ul": {
     "value": 95,
     "unit": 6,
     "referenceDatum": 2
    },
    "_id": "62e0fb6bfd421ae8bc07a21c",
    "name": "ÖREBRO C",
    "type": 0,
    "icao": 2,
    "bnd": [
     [
      58.7213889,
      14.2705556
     ],
     [
      59.1005556,
      14.9661111
     ]
    ]
   },
   "geometry": {
    "type": "Polygon",
    "coordinates": [
     [
      [
       14.4936111,
       59.1005556
      ],
      [
       14.9661111,
       58.9002778
      ],
      [
       14.7966667,
       58.8283333
      ],
      [
       14.5461111,
       58.7213889
      ],
      [
       14.3477778,
       58.8055556
      ],
      [
       14.2705556,
       59.0152778
      ],
      [
       14.4936111,
       59.1005556
      ]
     ]
    ]
   }
  },
  {
   "type": "Feature",
   "properties": {
    "ll": {
     "value": 0,
     "unit": 1,
     "referenceDatum": 0
    },
    "ul": {
     "value": 610,
     "unit": 0,
     "referenceDatum": 1
    },
    "_id": "62e0fb6cfd421ae8bc07a227",
    "name": "ÖREBRO CTR",
    "type": 4,
    "icao": 3,
    "bnd": [
     [
      59.0333333,
      14.8702778
     ],
     [
      59.4261111,
      15.2236111
     ]
    ]
   },
   "geometry": {
    "type": "Polygon",
    "coordinates": [
     [
      [
       15.0302778,
       59.4261111
      ],
      [
       15.2236111,
       59.4094444
      ],
      [
       15.2077778,
       59.2066667
      ],
      [
       15.0586111,
       59.0333333
      ],
      [
       14.8702778,
       59.0491667
      ],
      [
       14.8711111,
       59.2452778
      ],
      [
       15.0302778,
       59.4261111
      ]
     ]
    ]
   }
  },
  {
   "type": "Feature",
   "properties": {
    "ll": {
     "value": 0,
     "unit": 1,
     "referenceDatum": 0
    },
    "ul": {
     "value": 60,
     "unit": 6,
     "referenceDatum": 2
    },
    "_id": "62e0fb6cfd421ae8bc07a24e",
    "name": "ÖREBRO NORD",
    "type": 21,
    "icao": 7,
    "bnd": [
     [
      59.2966667,
      15.1658333
     ],
     [
      59.4063889,
      15.4119444
     ]
    ]
   },
   "geometry": {
    "type": "Polygon",
    "coordinates": [
     [
      [
       15.3925,
       59.4063889
      ],
      [
       15.4119444,
       59.3802778
      ],
      [
       15.1658333,
       59.2966667
      ],
      [
       15.2675,
       59.3883333
      ],
      [
       15.3925,
       59.4063889
      ]
     ]
    ]
   }
  },
  {
   "type": "Feature",
   "properties": {
    "ll": {
     "value": 0,
     "unit": 1,
     "referenceDatum": 0
    },
    "ul": {
     "value": 60,
     "unit": 6,
     "referenceDatum": 2
    },
    "_id": "62e0fb6cfd421ae8bc07a243",
    "name": "ÖREBRO SYD",
    "type": 21,
    "icao": 7,
    "bnd": [
     [
      59.1530556,
      15.1658333
     ],
     [
      59.3802778,
      15.4727778
     ]
    ]
   },
   "geometry": {
    "type": "Polygon",
    "coordinates": [
     [
      [
       15.4119444,
       59.3802778
      ],
      [
       15.4727778,
       59.2963889
      ],
      [
       15.1663889,
       59.1530556
      ],
      [
       15.1658333,
       59.2966667
      ],
      [
       15.4119444,
       59.3802778
      ]
     ]
    ]
   }
  },
  {
   "type": "Feature",
   "properties": {
    "ll": {
     "value": 460,
     "unit": 0,
     "referenceDatum": 1
    },
    "ul": {
     "value": 60,
     "unit": 6,
     "referenceDatum": 2
    },
    "_id": "62e0fb59fd421ae8bc079bb7",
    "name": "ÖRESJÖ",
    "type": 21,
    "icao": 7,
    "bnd": [
     [
      58.2155556,
      11.9975
     ],
     [
      58.3661111,
      12.35
     ]
    ]
   },
   "geometry": {
    "type": "Polygon",
    "coordinates": [
     [
      [
       11.9975,
       58.3661111
      ],
      [
       12.3352778,
       58.3238889
      ],
      [
       12.35,
       58.3127778
      ],
      [
       12.1619444,
       58.2155556
      ],
      [
       11.9975,
       58.2997222
      ],
      [
       11.9975,
       58.3661111
      ]
     ]
    ]
   }
  },
  {
   "type": "Feature",
   "properties": {
    "ll": {
     "value": 730,
     "unit": 0,
     "referenceDatum": 1
    },
    "ul": {
     "value": 95,
     "unit": 6,
     "referenceDatum": 2
    },
    "_id": "62e0fb6dfd421ae8bc07a294",
    "name": "ÖRNSKÖLDSVIK A",
    "type": 0,
    "icao": 2,
    "bnd": [
     [
      63.2180556,
      18.2547222
     ],
     [
      63.6686111,
      19.1719444
     ]
    ]
   },
   "geometry": {
    "type": "Polygon",
    "coordinates": [
     [
      [
       18.6811111,
       63.6686111
      ],
      [
       19.1719444,
       63.5425
      ],
      [
       18.7277778,
       63.2180556
      ],
      [
       18.2547222,
       63.3469444
      ],
      [
       18.6811111,
       63.6686111
      ]
     ]
    ]
   }
  },
  {
   "type": "Feature",
   "properties": {
    "ll": {
     "value": 520,
     "unit": 0,
     "referenceDatum": 1
    },
    "ul": {
     "value": 95,
     "unit": 6,
     "referenceDatum": 2
    },
    "_id": "62e0fb6dfd421ae8bc07a29e",
    "name": "ÖRNSKÖLDSVIK B",
    "type": 0,
    "icao": 2,
    "bnd": [
     [
      63.0697222,
      18.7277778
     ],
     [
      63.5425,
      19.7177778
     ]
    ]
   },
   "geometry": {
    "type": "Polygon",
    "coordinates": [
     [
      [
       19.1719444,
       63.5425
      ],
      [
       19.7177778,
       63.3988889
      ],
      [
       19.2608333,
       63.0697222
      ],
      [
       18.7277778,
       63.2180556
      ],
      [
       19.1719444,
       63.5425
      ]
     ]
    ]
   }
  },
  {
   "type": "Feature",
   "properties": {
    "ll": {
     "value": 1370,
     "unit": 0,
     "referenceDatum": 1
    },
    "ul": {
     "value": 95,
     "unit": 6,
     "referenceDatum": 2
    },
    "_id": "62e0fb6dfd421ae8bc07a2a8",
    "name": "ÖRNSKÖLDSVIK C",
    "type": 0,
    "icao": 2,
    "bnd": [
     [
      63.3988889,
      18.6811111
     ],
     [
      63.7355556,
      19.7177778
     ]
    ]
   },
   "geometry": {
    "type": "Polygon",
    "coordinates": [
     [
      [
       19.0480556,
       63.7355556
      ],
      [
       19.7177778,
       63.3988889
      ],
      [
       19.1719444,
       63.5425
      ],
      [
       18.6811111,
       63.6686111
      ],
      [
       19.0480556,
       63.7355556
      ]
     ]
    ]
   }
  },
  {
   "type": "Feature",
   "properties": {
    "ll": {
     "value": 0,
     "unit": 1,
     "referenceDatum": 0
    },
    "ul": {
     "value": 730,
     "unit": 0,
     "referenceDatum": 1
    },
    "_id": "62e0fb6dfd421ae8bc07a2bc",
    "name": "ÖRNSKÖLDSVIK CTR",
    "type": 4,
    "icao": 3,
    "bnd": [
     [
      63.2997222,
      18.6758333
     ],
     [
      63.5152778,
      19.3297222
     ]
    ]
   },
   "geometry": {
    "type": "Polygon",
    "coordinates": [
     [
      [
       18.7663889,
       63.5152778
      ],
      [
       19.1052778,
       63.4941667
      ],
      [
       19.3297222,
       63.3502778
      ],
      [
       19.2597222,
       63.2997222
      ],
      [
       18.8716667,
       63.3241667
      ],
      [
       18.6758333,
       63.4488889
      ],
      [
       18.7663889,
       63.5152778
      ]
     ]
    ]
   }
  },
  {
   "type": "Feature",
   "properties": {
    "ll": {
     "value": 1370,
     "unit": 0,
     "referenceDatum": 1
    },
    "ul": {
     "value": 95,
     "unit": 6,
     "referenceDatum": 2
    },
    "_id": "62e0fb6dfd421ae8bc07a2b2",
    "name": "ÖRNSKÖLDSVIK D",
    "type": 0,
    "icao": 2,
    "bnd": [
     [
      62.8377778,
      18.2547222
     ],
     [
      63.3469444,
      19.2608333
     ]
    ]
   },
   "geometry": {
    "type": "Polygon",
    "coordinates": [
     [
      [
       18.2547222,
       63.3469444
      ],
      [
       18.7277778,
       63.2180556
      ],
      [
       19.2608333,
       63.0697222
      ],
      [
       18.9930556,
       62.8377778
      ],
      [
       18.6563889,
       62.845
      ],
      [
       18.2547222,
       63.3469444
      ]
     ]
    ]
   }
  },
  {
   "type": "Feature",
   "properties": {
    "ll": {
     "value": 1200,
     "unit": 0,
     "referenceDatum": 1
    },
    "ul": {
     "value": 60,
     "unit": 6,
     "referenceDatum": 2
    },
    "_id": "62e0fb59fd421ae8bc079b8e",
    "name": "ÖSTAD",
    "type": 21,
    "icao": 7,
    "bnd": [
     [
      57.8927778,
      12.44
     ],
     [
      58.1138889,
      12.785
     ]
    ]
   },
   "geometry": {
    "type": "Polygon",
    "coordinates": [
     [
      [
       12.785,
       58.1080556
      ],
      [
       12.7780556,
       57.8927778
      ],
      [
       12.7216667,
       57.9986111
      ],
      [
       12.44,
       58.0686111
      ],
      [
       12.4972222,
       58.1138889
      ],
      [
       12.785,
       58.1080556
      ]
     ]
    ]
   }
  },
  {
   "type": "Feature",
   "properties": {
    "ll": {
     "value": 1370,
     "unit": 0,
     "referenceDatum": 1
    },
    "ul": {
     "value": 60,
     "unit": 6,
     "referenceDatum": 2
    },
    "_id": "62e0fb63fd421ae8bc079ee3",
    "name": "ÖSTERLÉN",
    "type": 21,
    "icao": 7,
    "bnd": [
     [
      55.2905556,
      13.7888889
     ],
     [
      55.7044444,
      14.3077778
     ]
    ]
   },
   "geometry": {
    "type": "Polygon",
    "coordinates": [
     [
      [
       13.8016667,
       55.7044444
      ],
      [
       14.0186111,
       55.6261111
      ],
      [
       14.2947222,
       55.6775
      ],
      [
       14.3077778,
       55.2905556
      ],
      [
       13.7888889,
       55.4388889
      ],
      [
       13.8016667,
       55.7044444
      ]
     ]
    ]
   }
  },
  {
   "type": "Feature",
   "properties": {
    "ll": {
     "value": 700,
     "unit": 0,
     "referenceDatum": 1
    },
    "ul": {
     "value": 95,
     "unit": 6,
     "referenceDatum": 2
    },
    "_id": "62e0fb6dfd421ae8bc07a2c6",
    "name": "ÖSTERSUND A",
    "type": 0,
    "icao": 2,
    "bnd": [
     [
      62.855,
      13.8933333
     ],
     [
      63.4847222,
      15.2783333
     ]
    ]
   },
   "geometry": {
    "type": "Polygon",
    "coordinates": [
     [
      [
       14.4883333,
       63.4847222
      ],
      [
       15.2783333,
       63.3397222
      ],
      [
       15.1969444,
       63.0572222
      ],
      [
       14.8225,
       62.855
      ],
      [
       14.3597222,
       62.9661111
      ],
      [
       14.0327778,
       63.1519444
      ],
      [
       13.8933333,
       63.2302778
      ],
      [
       14.0138889,
       63.3327778
      ],
      [
       14.4883333,
       63.4847222
      ]
     ]
    ]
   }
  },
  {
   "type": "Feature",
   "properties": {
    "ll": {
     "value": 1010,
     "unit": 0,
     "referenceDatum": 1
    },
    "ul": {
     "value": 95,
     "unit": 6,
     "referenceDatum": 2
    },
    "_id": "62e0fb6dfd421ae8bc07a2d2",
    "name": "ÖSTERSUND B",
    "type": 0,
    "icao": 2,
    "bnd": [
     [
      62.6875,
      14.0325
     ],
     [
      63.3397222,
      15.5975
     ]
    ]
   },
   "geometry": {
    "type": "Polygon",
    "coordinates": [
     [
      [
       15.2783333,
       63.3397222
      ],
      [
       15.5975,
       63.2794444
      ],
      [
       15.3008333,
       62.7611111
      ],
      [
       15.0519444,
       62.6875
      ],
      [
       14.0325,
       62.9786111
      ],
      [
       14.0327778,
       63.1519444
      ],
      [
       14.3597222,
       62.9661111
      ],
      [
       14.8225,
       62.855
      ],
      [
       15.1969444,
       63.0572222
      ],
      [
       15.2783333,
       63.3397222
      ]
     ]
    ]
   }
  },
  {
   "type": "Feature",
   "properties": {
    "ll": {
     "value": 1010,
     "unit": 0,
     "referenceDatum": 1
    },
    "ul": {
     "value": 95,
     "unit": 6,
     "referenceDatum": 2
    },
    "_id": "62e0fb6dfd421ae8bc07a2dc",
    "name": "ÖSTERSUND C",
    "type": 0,
    "icao": 2,
    "bnd": [
     [
      63.2302778,
      13.53
     ],
     [
      63.5977778,
      14.4883333
     ]
    ]
   },
   "geometry": {
    "type": "Polygon",
    "coordinates": [
     [
      [
       13.8491667,
       63.5977778
      ],
      [
       14.4883333,
       63.4847222
      ],
      [
       14.0138889,
       63.3327778
      ],
      [
       13.8933333,
       63.2302778
      ],
      [
       13.53,
       63.3258333
      ],
      [
       13.8491667,
       63.5977778
      ]
     ]
    ]
   }
  },
  {
   "type": "Feature",
   "properties": {
    "ll": {
     "value": 0,
     "unit": 1,
     "referenceDatum": 0
    },
    "ul": {
     "value": 930,
     "unit": 0,
     "referenceDatum": 1
    },
    "_id": "62e0fb6efd421ae8bc07a2fa",
    "name": "ÖSTERSUND CTR",
    "type": 4,
    "icao": 3,
    "bnd": [
     [
      63.0688889,
      14.1691667
     ],
     [
      63.2877778,
      14.8636111
     ]
    ]
   },
   "geometry": {
    "type": "Polygon",
    "coordinates": [
     [
      [
       14.2469444,
       63.2877778
      ],
      [
       14.4969444,
       63.285
      ],
      [
       14.8636111,
       63.2288889
      ],
      [
       14.7302778,
       63.11
      ],
      [
       14.6302778,
       63.0688889
      ],
      [
       14.3525,
       63.1322222
      ],
      [
       14.1691667,
       63.21
      ],
      [
       14.2469444,
       63.2877778
      ]
     ]
    ]
   }
  },
  {
   "type": "Feature",
   "properties": {
    "ll": {
     "value": 1520,
     "unit": 0,
     "referenceDatum": 1
    },
    "ul": {
     "value": 95,
     "unit": 6,
     "referenceDatum": 2
    },
    "_id": "62e0fb6efd421ae8bc07a2e6",
    "name": "ÖSTERSUND D",
    "type": 0,
    "icao": 2,
    "bnd": [
     [
      62.9786111,
      13.3472222
     ],
     [
      63.3258333,
      14.0327778
     ]
    ]
   },
   "geometry": {
    "type": "Polygon",
    "coordinates": [
     [
      [
       13.53,
       63.3258333
      ],
      [
       13.8933333,
       63.2302778
      ],
      [
       14.0327778,
       63.1519444
      ],
      [
       14.0325,
       62.9786111
      ],
      [
       13.3472222,
       63.1672222
      ],
      [
       13.53,
       63.3258333
      ]
     ]
    ]
   }
  },
  {
   "type": "Feature",
   "properties": {
    "ll": {
     "value": 65,
     "unit": 6,
     "referenceDatum": 2
    },
    "ul": {
     "value": 95,
     "unit": 6,
     "referenceDatum": 2
    },
    "_id": "62e0fb6efd421ae8bc07a2f1",
    "name": "ÖSTERSUND E",
    "type": 0,
    "icao": 2,
    "bnd": [
     [
      62.6875,
      14.0325
     ],
     [
      62.9786111,
      15.0519444
     ]
    ]
   },
   "geometry": {
    "type": "Polygon",
    "coordinates": [
     [
      [
       14.0325,
       62.9786111
      ],
      [
       15.0519444,
       62.6875
      ],
      [
       14.2780556,
       62.7158333
      ],
      [
       14.0325,
       62.9786111
      ]
     ]
    ]
   }
  },
  {
   "type": "Feature",
   "properties": {
    "ll": {
     "value": 490,
     "unit": 0,
     "referenceDatum": 1
    },
    "ul": {
     "value": 95,
     "unit": 6,
     "referenceDatum": 2
    },
    "_id": "62e0fb6efd421ae8bc07a32c",
    "name": "ÖSTGÖTA A",
    "type": 0,
    "icao": 2,
    "bnd": [
     [
      57.9419444,
      14.8597222
     ],
     [
      59.0119444,
      17.4569444
     ]
    ]
   },
   "geometry": {
    "type": "Polygon",
    "coordinates": [
     [
      [
       16.7077778,
       59.0119444
      ],
      [
       17.2233333,
       58.9786111
      ],
      [
       17.4077778,
       58.9661111
      ],
      [
       17.4569444,
       58.6163889
      ],
      [
       16.6252778,
       58.3205556
      ],
      [
       16.2447222,
       58.1830556
      ],
      [
       15.7775,
       57.9419444
      ],
      [
       14.8597222,
       58.1361111
      ],
      [
       14.8886111,
       58.2413889
      ],
      [
       15.0402778,
       58.4275
      ],
      [
       15.2441667,
       58.6744444
      ],
      [
       15.8977778,
       58.7997222
      ],
      [
       16.2011111,
       58.8563889
      ],
      [
       16.6716667,
       58.9425
      ],
      [
       16.7077778,
       59.0119444
      ]
     ]
    ]
   }
  },
  {
   "type": "Feature",
   "properties": {
    "ll": {
     "value": 1370,
     "unit": 0,
     "referenceDatum": 1
    },
    "ul": {
     "value": 95,
     "unit": 6,
     "referenceDatum": 2
    },
    "_id": "62e0fb6efd421ae8bc07a336",
    "name": "ÖSTGÖTA B",
    "type": 0,
    "icao": 2,
    "bnd": [
     [
      57.8694444,
      15.7775
     ],
     [
      58.6163889,
      17.4569444
     ]
    ]
   },
   "geometry": {
    "type": "Polygon",
    "coordinates": [
     [
      [
       17.4569444,
       58.6163889
      ],
      [
       17.215,
       58.3663889
      ],
      [
       17.0477778,
       58.2616667
      ],
      [
       16.4322222,
       58.1244444
      ],
      [
       16.0769444,
       57.8694444
      ],
      [
       15.7775,
       57.9419444
      ],
      [
       16.2447222,
       58.1830556
      ],
      [
       16.6252778,
       58.3205556
      ],
      [
       17.4569444,
       58.6163889
      ]
     ]
    ]
   }
  },
  {
   "type": "Feature",
   "properties": {
    "ll": {
     "value": 340,
     "unit": 0,
     "referenceDatum": 1
    },
    "ul": {
     "value": 90,
     "unit": 6,
     "referenceDatum": 2
    },
    "_id": "62e0fb6afd421ae8bc07a1a4",
    "name": "OTHEM",
    "type": 21,
    "icao": 7,
    "bnd": [
     [
      57.6297222,
      18.5447222
     ],
     [
      57.9066667,
      18.9127778
     ]
    ]
   },
   "geometry": {
    "type": "Polygon",
    "coordinates": [
     [
      [
       18.7858333,
       57.9066667
      ],
      [
       18.9127778,
       57.7069444
      ],
      [
       18.8402778,
       57.6297222
      ],
      [
       18.5447222,
       57.6505556
      ],
      [
       18.7858333,
       57.9066667
      ]
     ]
    ]
   }
  },
  {
   "type": "Feature",
   "properties": {
    "ll": {
     "value": 1520,
     "unit": 0,
     "referenceDatum": 1
    },
    "ul": {
     "value": 280,
     "unit": 6,
     "referenceDatum": 2
    },
    "_id": "62e0fb84fd421ae8bc07ab0a",
    "name": "OTTSJÖ",
    "type": 21,
    "icao": 7,
    "bnd": [
     [
      62.8208333,
      12.12
     ],
     [
      63.7480556,
      13.8491667
     ]
    ]
   },
   "geometry": {
    "type": "Polygon",
    "coordinates": [
     [
      [
       12.7347222,
       63.7480556
      ],
      [
       13.2555556,
       63.7461111
      ],
      [
       13.8491667,
       63.5977778
      ],
      [
       13.3475,
       63.1666667
      ],
      [
       13.8111111,
       63.04
      ],
      [
       13.3838889,
       62.8208333
      ],
      [
       12.3177778,
       63.0583333
      ],
      [
       12.12,
       63.2697222
      ],
      [
       12.7347222,
       63.7480556
      ]
     ]
    ]
   }
  },
  {
   "type": "Feature",
   "properties": {
    "ll": {
     "value": 610,
     "unit": 0,
     "referenceDatum": 1
    },
    "ul": {
     "value": 1520,
     "unit": 0,
     "referenceDatum": 1
    },
    "_id": "62e0fb75fd421ae8bc07a57c",
    "name": "PAJALA TIA",
    "type": 0,
    "icao": 4,
    "bnd": [
     [
      66.9691667,
      22.2688889
     ],
     [
      67.4752778,
      23.6694444
     ]
    ]
   },
   "geometry": {
    "type": "Polygon",
    "coordinates": [
     [
      [
       22.6013889,
       67.4752778
      ],
      [
       23.5436111,
       67.2805556
      ],
      [
       23.5469444,
       67.17
      ],
      [
       23.6694444,
       67.0697222
      ],
      [
       23.5283333,
       66.9691667
      ],
      [
       22.2688889,
       67.2305556
      ],
      [
       22.6013889,
       67.4752778
      ]
     ]
    ]
   }
  },
  {
   "type": "Feature",
   "properties": {
    "ll": {
     "value": 0,
     "unit": 1,
     "referenceDatum": 0
    },
    "ul": {
     "value": 610,
     "unit": 0,
     "referenceDatum": 1
    },
    "_id": "62e0fb75fd421ae8bc07a586",
    "name": "PAJALA TIZ",
    "type": 0,
    "icao": 5,
    "bnd": [
     [
      67.1463889,
      22.6441667
     ],
     [
      67.3447222,
      23.4391667
     ]
    ]
   },
   "geometry": {
    "type": "Polygon",
    "coordinates": [
     [
      [
       23.1502778,
       67.3447222
      ],
      [
       23.4391667,
       67.2308333
      ],
      [
       23.3208333,
       67.1463889
      ],
      [
       22.9402778,
       67.1552778
      ],
      [
       22.6441667,
       67.2930556
      ],
      [
       22.6897222,
       67.3341667
      ],
      [
       23.1502778,
       67.3447222
      ]
     ]
    ]
   }
  },
  {
   "type": "Feature",
   "properties": {
    "ll": {
     "value": 1520,
     "unit": 0,
     "referenceDatum": 1
    },
    "ul": {
     "value": 280,
     "unit": 6,
     "referenceDatum": 2
    },
    "_id": "62e0fb84fd421ae8bc07ab18",
    "name": "PIRTTIVUOPIO",
    "type": 21,
    "icao": 7,
    "bnd": [
     [
      67.6166667,
      18.2833333
     ],
     [
      68.05,
      19.3666667
     ]
    ]
   },
   "geometry": {
    "type": "Polygon",
    "coordinates": [
     [
      [
       19.3666667,
       68.05
      ],
      [
       19.3666667,
       67.6166667
      ],
      [
       18.2833333,
       67.6166667
      ],
      [
       18.2833333,
       68.05
      ],
      [
       19.3666667,
       68.05
      ]
     ]
    ]
   }
  },
  {
   "type": "Feature",
   "properties": {
    "ll": {
     "value": 0,
     "unit": 1,
     "referenceDatum": 0
    },
    "ul": {
     "value": 999,
     "unit": 6,
     "referenceDatum": 2
    },
    "_id": "62e0fb75fd421ae8bc07a5cb",
    "name": "R01 ESRANGE (KIRUNA)",
    "type": 1,
    "icao": 7,
    "bnd": [
     [
      67.79,
      19.9211111
     ],
     [
      69.06,
      21.9930556
     ]
    ]
   },
   "geometry": {
    "type": "Polygon",
    "coordinates": [
     [
      [
       20.5486111,
       69.06
      ],
      [
       21.9930556,
       68.5322222
      ],
      [
       21.77,
       68.2958333
      ],
      [
       21.465,
       67.99
      ],
      [
       21.2702778,
       67.79
      ],
      [
       20.9119444,
       67.79
      ],
      [
       20.8119444,
       67.99
      ],
      [
       19.9211111,
       68.3558333
      ],
      [
       19.9802778,
       68.3863889
      ],
      [
       20.2313889,
       68.4894444
      ],
      [
       20.0258333,
       68.5311111
      ],
      [
       19.9472222,
       68.5566667
      ],
      [
       19.9963889,
       68.575
      ],
      [
       20.0558333,
       68.5894444
      ],
      [
       20.2080556,
       68.6625
      ],
      [
       20.2033333,
       68.6663889
      ],
      [
       20.23,
       68.6836111
      ],
      [
       20.3444444,
       68.8008333
      ],
      [
       20.3311111,
       68.8466667
      ],
      [
       20.3125,
       68.9
      ],
      [
       20.3066667,
       68.9261111
      ],
      [
       20.06,
       69.0458333
      ],
      [
       20.5486111,
       69.06
      ]
     ]
    ]
   }
  },
  {
   "type": "Feature",
   "properties": {
    "ll": {
     "value": 0,
     "unit": 1,
     "referenceDatum": 0
    },
    "ul": {
     "value": 999,
     "unit": 6,
     "referenceDatum": 2
    },
    "_id": "62e0fb75fd421ae8bc07a5d5",
    "name": "R01A ESRANGE (KIRUNA)",
    "type": 1,
    "icao": 7,
    "bnd": [
     [
      67.79,
      20.8119444
     ],
     [
      67.99,
      21.465
     ]
    ]
   },
   "geometry": {
    "type": "Polygon",
    "coordinates": [
     [
      [
       20.8119444,
       67.99
      ],
      [
       21.465,
       67.99
      ],
      [
       21.2702778,
       67.79
      ],
      [
       20.9119444,
       67.79
      ],
      [
       20.8119444,
       67.99
      ]
     ]
    ]
   }
  },
  {
   "type": "Feature",
   "properties": {
    "ll": {
     "value": 0,
     "unit": 1,
     "referenceDatum": 0
    },
    "ul": {
     "value": 999,
     "unit": 6,
     "referenceDatum": 2
    },
    "_id": "62e0fb76fd421ae8bc07a5e0",
    "name": "R02A VIDSEL",
    "type": 1,
    "icao": 7,
    "bnd": [
     [
      65.9230556,
      17.8794444
     ],
     [
      66.915,
      20.3788889
     ]
    ]
   },
   "geometry": {
    "type": "Polygon",
    "coordinates": [
     [
      [
       18.5791667,
       66.915
      ],
      [
       19.2183333,
       66.7575
      ],
      [
       20.2975,
       66.1652778
      ],
      [
       20.3475,
       66.1608333
      ],
      [
       20.3788889,
       66.1319444
      ],
      [
       20.3716667,
       66.1230556
      ],
      [
       20.3358333,
       66.0797222
      ],
      [
       19.3108333,
       65.9230556
      ],
      [
       17.8794444,
       66.5152778
      ],
      [
       18.5791667,
       66.915
      ]
     ]
    ]
   }
  },
  {
   "type": "Feature",
   "properties": {
    "ll": {
     "value": 0,
     "unit": 1,
     "referenceDatum": 0
    },
    "ul": {
     "value": 999,
     "unit": 6,
     "referenceDatum": 2
    },
    "_id": "62e0fb76fd421ae8bc07a5e9",
    "name": "R02B VIDSEL",
    "type": 1,
    "icao": 7,
    "bnd": [
     [
      65.8652778,
      19.3108333
     ],
     [
      66.0797222,
      20.3358333
     ]
    ]
   },
   "geometry": {
    "type": "Polygon",
    "coordinates": [
     [
      [
       20.3358333,
       66.0797222
      ],
      [
       20.1622222,
       65.8652778
      ],
      [
       19.4458333,
       65.8652778
      ],
      [
       19.3108333,
       65.9230556
      ],
      [
       20.3358333,
       66.0797222
      ]
     ]
    ]
   }
  },
  {
   "type": "Feature",
   "properties": {
    "ll": {
     "value": 0,
     "unit": 1,
     "referenceDatum": 0
    },
    "ul": {
     "value": 999,
     "unit": 6,
     "referenceDatum": 2
    },
    "_id": "62e0fb76fd421ae8bc07a5f4",
    "name": "R02C VIDSEL",
    "type": 1,
    "icao": 7,
    "bnd": [
     [
      66.1608333,
      19.2183333
     ],
     [
      66.7575,
      20.3475
     ]
    ]
   },
   "geometry": {
    "type": "Polygon",
    "coordinates": [
     [
      [
       19.2183333,
       66.7575
      ],
      [
       19.8622222,
       66.5986111
      ],
      [
       20.3475,
       66.1608333
      ],
      [
       20.2975,
       66.1652778
      ],
      [
       19.2183333,
       66.7575
      ]
     ]
    ]
   }
  },
  {
   "type": "Feature",
   "properties": {
    "ll": {
     "value": 0,
     "unit": 1,
     "referenceDatum": 0
    },
    "ul": {
     "value": 999,
     "unit": 6,
     "referenceDatum": 2
    },
    "_id": "62e0fb76fd421ae8bc07a5fd",
    "name": "R03 LOWER PART OF RIVER KALIX",
    "type": 1,
    "icao": 7,
    "bnd": [
     [
      65.7819444,
      22.4452778
     ],
     [
      66.5986111,
      23.7283333
     ]
    ]
   },
   "geometry": {
    "type": "Polygon",
    "coordinates": [
     [
      [
       22.7452778,
       66.5986111
      ],
      [
       23.2616667,
       66.5652778
      ],
      [
       23.7283333,
       65.9652778
      ],
      [
       22.4952778,
       65.7819444
      ],
      [
       22.4452778,
       65.8486111
      ],
      [
       22.8286111,
       66.3319444
      ],
      [
       22.7452778,
       66.5986111
      ]
     ]
    ]
   }
  },
  {
   "type": "Feature",
   "properties": {
    "ll": {
     "value": 0,
     "unit": 1,
     "referenceDatum": 0
    },
    "ul": {
     "value": 999,
     "unit": 6,
     "referenceDatum": 2
    },
    "_id": "62e0fb76fd421ae8bc07a608",
    "name": "R04 BODEN",
    "type": 1,
    "icao": 7,
    "bnd": [
     [
      65.7152778,
      21.1788889
     ],
     [
      66.0986111,
      22.1619444
     ]
    ]
   },
   "geometry": {
    "type": "Polygon",
    "coordinates": [
     [
      [
       21.4122222,
       66.0986111
      ],
      [
       22.1286111,
       65.8736111
      ],
      [
       22.1619444,
       65.7819444
      ],
      [
       21.8119444,
       65.7152778
      ],
      [
       21.7202778,
       65.8319444
      ],
      [
       21.5455556,
       65.8319444
      ],
      [
       21.4122222,
       65.8652778
      ],
      [
       21.1788889,
       66.0152778
      ],
      [
       21.4122222,
       66.0986111
      ]
     ]
    ]
   }
  },
  {
   "type": "Feature",
   "properties": {
    "ll": {
     "value": 0,
     "unit": 1,
     "referenceDatum": 0
    },
    "ul": {
     "value": 9750,
     "unit": 0,
     "referenceDatum": 1
    },
    "_id": "62e0fb76fd421ae8bc07a613",
    "name": "R05 BODEN SÖDRA",
    "type": 1,
    "icao": 7,
    "bnd": [
     [
      65.6402778,
      21.2122222
     ],
     [
      65.8097222,
      21.6955556
     ]
    ]
   },
   "geometry": {
    "type": "Polygon",
    "coordinates": [
     [
      [
       21.6044444,
       65.8097222
      ],
      [
       21.6622222,
       65.7902778
      ],
      [
       21.6955556,
       65.7569444
      ],
      [
       21.6038889,
       65.7319444
      ],
      [
       21.5538889,
       65.6652778
      ],
      [
       21.3122222,
       65.6402778
      ],
      [
       21.2122222,
       65.6652778
      ],
      [
       21.3122222,
       65.7569444
      ],
      [
       21.5122222,
       65.7652778
      ],
      [
       21.6044444,
       65.8097222
      ]
     ]
    ]
   }
  },
  {
   "type": "Feature",
   "properties": {
    "ll": {
     "value": 0,
     "unit": 1,
     "referenceDatum": 0
    },
    "ul": {
     "value": 3350,
     "unit": 0,
     "referenceDatum": 1
    },
    "_id": "62e0fb76fd421ae8bc07a61c",
    "name": "R07 UMEÅ",
    "type": 1,
    "icao": 7,
    "bnd": [
     [
      63.8366667,
      20.1622222
     ],
     [
      63.9461111,
      20.3208333
     ]
    ]
   },
   "geometry": {
    "type": "Polygon",
    "coordinates": [
     [
      [
       20.3041667,
       63.9461111
      ],
      [
       20.3208333,
       63.8836111
      ],
      [
       20.3036111,
       63.8602778
      ],
      [
       20.2725,
       63.8383333
      ],
      [
       20.2475,
       63.8366667
      ],
      [
       20.1941667,
       63.8633333
      ],
      [
       20.1622222,
       63.9383333
      ],
      [
       20.3041667,
       63.9461111
      ]
     ]
    ]
   }
  },
  {
   "type": "Feature",
   "properties": {
    "ll": {
     "value": 0,
     "unit": 1,
     "referenceDatum": 0
    },
    "ul": {
     "value": 8690,
     "unit": 0,
     "referenceDatum": 1
    },
    "_id": "62e0fb76fd421ae8bc07a626",
    "name": "R08 DAGSÅDALEN",
    "type": 1,
    "icao": 7,
    "bnd": [
     [
      63.2022222,
      14.655
     ],
     [
      63.2655556,
      14.7716667
     ]
    ]
   },
   "geometry": {
    "type": "Polygon",
    "coordinates": [
     [
      [
       14.7355556,
       63.2655556
      ],
      [
       14.7716667,
       63.2405556
      ],
      [
       14.68,
       63.2022222
      ],
      [
       14.655,
       63.2283333
      ],
      [
       14.6938889,
       63.2586111
      ],
      [
       14.7355556,
       63.2655556
      ]
     ]
    ]
   }
  },
  {
   "type": "Feature",
   "properties": {
    "ll": {
     "value": 0,
     "unit": 1,
     "referenceDatum": 0
    },
    "ul": {
     "value": 6100,
     "unit": 0,
     "referenceDatum": 1
    },
    "_id": "62e0fb76fd421ae8bc07a62f",
    "name": "R09 SALUBÖLE",
    "type": 1,
    "icao": 7,
    "bnd": [
     [
      63.37,
      19.2577778
     ],
     [
      63.4497222,
      19.4341667
     ]
    ]
   },
   "geometry": {
    "type": "Polygon",
    "coordinates": [
     [
      [
       19.2577778,
       63.4497222
      ],
      [
       19.4341667,
       63.4238889
      ],
      [
       19.4323199,
       63.4214949
      ],
      [
       19.4303063,
       63.419128
      ],
      [
       19.4281279,
       63.4167905
      ],
      [
       19.4257868,
       63.4144848
      ],
      [
       19.4232855,
       63.4122131
      ],
      [
       19.4206263,
       63.4099776
      ],
      [
       19.417812,
       63.4077805
      ],
      [
       19.4148454,
       63.4056241
      ],
      [
       19.4117294,
       63.4035103
      ],
      [
       19.4084671,
       63.4014414
      ],
      [
       19.4050617,
       63.3994192
      ],
      [
       19.4015166,
       63.3974459
      ],
      [
       19.3978354,
       63.3955233
      ],
      [
       19.3940216,
       63.3936534
      ],
      [
       19.390079,
       63.3918379
      ],
      [
       19.3860115,
       63.3900786
      ],
      [
       19.3818232,
       63.3883773
      ],
      [
       19.3775182,
       63.3867357
      ],
      [
       19.3731006,
       63.3851553
      ],
      [
       19.3685749,
       63.3836377
      ],
      [
       19.3639455,
       63.3821844
      ],
      [
       19.3592169,
       63.3807969
      ],
      [
       19.3543938,
       63.3794763
      ],
      [
       19.349481,
       63.3782242
      ],
      [
       19.3444833,
       63.3770416
      ],
      [
       19.3394055,
       63.3759298
      ],
      [
       19.3342527,
       63.3748898
      ],
      [
       19.3290299,
       63.3739227
      ],
      [
       19.3237422,
       63.3730294
      ],
      [
       19.3183948,
       63.3722108
      ],
      [
       19.312993,
       63.3714676
      ],
      [
       19.307542,
       63.3708007
      ],
      [
       19.3020472,
       63.3702106
      ],
      [
       19.3008333,
       63.37
      ],
      [
       19.2588889,
       63.4458333
      ],
      [
       19.2577778,
       63.4497222
      ]
     ]
    ]
   }
  },
  {
   "type": "Feature",
   "properties": {
    "ll": {
     "value": 0,
     "unit": 1,
     "referenceDatum": 0
    },
    "ul": {
     "value": 3510,
     "unit": 0,
     "referenceDatum": 1
    },
    "_id": "62e0fb76fd421ae8bc07a63a",
    "name": "R10 TJÄRNMYREN",
    "type": 1,
    "icao": 7,
    "bnd": [
     [
      63.0988889,
      17.2297222
     ],
     [
      63.1627778,
      17.4130556
     ]
    ]
   },
   "geometry": {
    "type": "Polygon",
    "coordinates": [
     [
      [
       17.3130556,
       63.1627778
      ],
      [
       17.4130556,
       63.1155556
      ],
      [
       17.2297222,
       63.0988889
      ],
      [
       17.2436111,
       63.1322222
      ],
      [
       17.3130556,
       63.1627778
      ]
     ]
    ]
   }
  },
  {
   "type": "Feature",
   "properties": {
    "ll": {
     "value": 0,
     "unit": 1,
     "referenceDatum": 0
    },
    "ul": {
     "value": 610,
     "unit": 0,
     "referenceDatum": 1
    },
    "_id": "62e0fb81fd421ae8bc07aa07",
    "name": "R100 SALTVIK",
    "type": 1,
    "icao": 7,
    "bnd": [
     [
      62.6355679,
      17.8553945
     ],
     [
      62.6722098,
      17.935161
     ]
    ]
   },
   "geometry": {
    "type": "Polygon",
    "coordinates": [
     [
      [
       17.8952778,
       62.6722098
      ],
      [
       17.8940242,
       62.6722008
      ],
      [
       17.8927719,
       62.6721737
      ],
      [
       17.8915221,
       62.6721285
      ],
      [
       17.890276,
       62.6720653
      ],
      [
       17.8890348,
       62.6719841
      ],
      [
       17.8877999,
       62.6718851
      ],
      [
       17.8865723,
       62.6717683
      ],
      [
       17.8853533,
       62.6716339
      ],
      [
       17.8841441,
       62.6714819
      ],
      [
       17.8829459,
       62.6713126
      ],
      [
       17.8817599,
       62.6711261
      ],
      [
       17.8805873,
       62.6709225
      ],
      [
       17.8794292,
       62.6707021
      ],
      [
       17.8782868,
       62.6704652
      ],
      [
       17.8771612,
       62.6702118
      ],
      [
       17.8760535,
       62.6699423
      ],
      [
       17.8749647,
       62.669657
      ],
      [
       17.8738961,
       62.6693562
      ],
      [
       17.8728486,
       62.66904
      ],
      [
       17.8718233,
       62.6687089
      ],
      [
       17.8708211,
       62.6683632
      ],
      [
       17.8698431,
       62.6680031
      ],
      [
       17.8688903,
       62.6676292
      ],
      [
       17.8679635,
       62.6672416
      ],
      [
       17.8670637,
       62.6668409
      ],
      [
       17.8661918,
       62.6664274
      ],
      [
       17.8653487,
       62.6660016
      ],
      [
       17.8645351,
       62.6655637
      ],
      [
       17.8637519,
       62.6651144
      ],
      [
       17.8629998,
       62.664654
      ],
      [
       17.8622796,
       62.6641829
      ],
      [
       17.8615921,
       62.6637017
      ],
      [
       17.8609378,
       62.6632108
      ],
      [
       17.8603174,
       62.6627107
      ],
      [
       17.8597316,
       62.6622019
      ],
      [
       17.8591808,
       62.6616849
      ],
      [
       17.8586657,
       62.6611602
      ],
      [
       17.8581868,
       62.6606284
      ],
      [
       17.8577445,
       62.6600899
      ],
      [
       17.8573393,
       62.6595453
      ],
      [
       17.8569715,
       62.658995
      ],
      [
       17.8566416,
       62.6584398
      ],
      [
       17.8563498,
       62.6578801
      ],
      [
       17.8560964,
       62.6573164
      ],
      [
       17.8558817,
       62.6567494
      ],
      [
       17.855706,
       62.6561795
      ],
      [
       17.8555692,
       62.6556074
      ],
      [
       17.8554717,
       62.6550336
      ],
      [
       17.8554134,
       62.6544587
      ],
      [
       17.8553945,
       62.6538832
      ],
      [
       17.855415,
       62.6533078
      ],
      [
       17.8554748,
       62.6527329
      ],
      [
       17.8555738,
       62.6521591
      ],
      [
       17.8557121,
       62.6515871
      ],
      [
       17.8558894,
       62.6510173
      ],
      [
       17.8561055,
       62.6504504
      ],
      [
       17.8563603,
       62.6498869
      ],
      [
       17.8566535,
       62.6493273
      ],
      [
       17.8569847,
       62.6487723
      ],
      [
       17.8573538,
       62.6482223
      ],
      [
       17.8577603,
       62.6476779
      ],
      [
       17.8582037,
       62.6471396
      ],
      [
       17.8586837,
       62.646608
      ],
      [
       17.8591998,
       62.6460836
      ],
      [
       17.8597515,
       62.6455669
      ],
      [
       17.8603382,
       62.6450584
      ],
      [
       17.8609594,
       62.6445586
      ],
      [
       17.8616144,
       62.644068
      ],
      [
       17.8623026,
       62.6435871
      ],
      [
       17.8630233,
       62.6431164
      ],
      [
       17.8637758,
       62.6426563
      ],
      [
       17.8645593,
       62.6422073
      ],
      [
       17.8653731,
       62.6417698
      ],
      [
       17.8662164,
       62.6413443
      ],
      [
       17.8670884,
       62.6409312
      ],
      [
       17.8679881,
       62.6405308
      ],
      [
       17.8689147,
       62.6401437
      ],
      [
       17.8698673,
       62.6397701
      ],
      [
       17.870845,
       62.6394104
      ],
      [
       17.8718467,
       62.639065
      ],
      [
       17.8728715,
       62.6387342
      ],
      [
       17.8739184,
       62.6384184
      ],
      [
       17.8749863,
       62.6381178
      ],
      [
       17.8760743,
       62.6378328
      ],
      [
       17.8771811,
       62.6375636
      ],
      [
       17.8783058,
       62.6373106
      ],
      [
       17.8794472,
       62.6370739
      ],
      [
       17.8806042,
       62.6368537
      ],
      [
       17.8817757,
       62.6366504
      ],
      [
       17.8829604,
       62.6364641
      ],
      [
       17.8841573,
       62.636295
      ],
      [
       17.8853652,
       62.6361432
      ],
      [
       17.8865828,
       62.6360089
      ],
      [
       17.8878089,
       62.6358923
      ],
      [
       17.8890425,
       62.6357934
      ],
      [
       17.8902821,
       62.6357123
      ],
      [
       17.8915267,
       62.6356492
      ],
      [
       17.892775,
       62.6356041
      ],
      [
       17.8940258,
       62.635577
      ],
      [
       17.8952778,
       62.6355679
      ],
      [
       17.8965298,
       62.635577
      ],
      [
       17.8977805,
       62.6356041
      ],
      [
       17.8990288,
       62.6356492
      ],
      [
       17.9002734,
       62.6357123
      ],
      [
       17.9015131,
       62.6357934
      ],
      [
       17.9027466,
       62.6358923
      ],
      [
       17.9039728,
       62.6360089
      ],
      [
       17.9051904,
       62.6361432
      ],
      [
       17.9063982,
       62.636295
      ],
      [
       17.9075951,
       62.6364641
      ],
      [
       17.9087799,
       62.6366504
      ],
      [
       17.9099513,
       62.6368537
      ],
      [
       17.9111083,
       62.6370739
      ],
      [
       17.9122497,
       62.6373106
      ],
      [
       17.9133744,
       62.6375636
      ],
      [
       17.9144813,
       62.6378328
      ],
      [
       17.9155692,
       62.6381178
      ],
      [
       17.9166371,
       62.6384184
      ],
      [
       17.917684,
       62.6387342
      ],
      [
       17.9187088,
       62.639065
      ],
      [
       17.9197106,
       62.6394104
      ],
      [
       17.9206882,
       62.6397701
      ],
      [
       17.9216408,
       62.6401437
      ],
      [
       17.9225674,
       62.6405308
      ],
      [
       17.9234672,
       62.6409312
      ],
      [
       17.9243391,
       62.6413443
      ],
      [
       17.9251824,
       62.6417698
      ],
      [
       17.9259962,
       62.6422073
      ],
      [
       17.9267798,
       62.6426563
      ],
      [
       17.9275323,
       62.6431164
      ],
      [
       17.928253,
       62.6435871
      ],
      [
       17.9289412,
       62.644068
      ],
      [
       17.9295962,
       62.6445586
      ],
      [
       17.9302173,
       62.6450584
      ],
      [
       17.930804,
       62.6455669
      ],
      [
       17.9313557,
       62.6460836
      ],
      [
       17.9318718,
       62.646608
      ],
      [
       17.9323518,
       62.6471396
      ],
      [
       17.9327953,
       62.6476779
      ],
      [
       17.9332018,
       62.6482223
      ],
      [
       17.9335708,
       62.6487723
      ],
      [
       17.9339021,
       62.6493273
      ],
      [
       17.9341953,
       62.6498869
      ],
      [
       17.93445,
       62.6504504
      ],
      [
       17.9346662,
       62.6510173
      ],
      [
       17.9348435,
       62.6515871
      ],
      [
       17.9349817,
       62.6521591
      ],
      [
       17.9350808,
       62.6527329
      ],
      [
       17.9351406,
       62.6533078
      ],
      [
       17.935161,
       62.6538832
      ],
      [
       17.9351421,
       62.6544587
      ],
      [
       17.9350839,
       62.6550336
      ],
      [
       17.9349863,
       62.6556074
      ],
      [
       17.9348496,
       62.6561795
      ],
      [
       17.9346738,
       62.6567494
      ],
      [
       17.9344591,
       62.6573164
      ],
      [
       17.9342058,
       62.6578801
      ],
      [
       17.933914,
       62.6584398
      ],
      [
       17.933584,
       62.658995
      ],
      [
       17.9332163,
       62.6595453
      ],
      [
       17.932811,
       62.6600899
      ],
      [
       17.9323687,
       62.6606284
      ],
      [
       17.9318898,
       62.6611602
      ],
      [
       17.9313747,
       62.6616849
      ],
      [
       17.930824,
       62.6622019
      ],
      [
       17.9302382,
       62.6627107
      ],
      [
       17.9296178,
       62.6632108
      ],
      [
       17.9289635,
       62.6637017
      ],
      [
       17.9282759,
       62.6641829
      ],
      [
       17.9275557,
       62.664654
      ],
      [
       17.9268037,
       62.6651144
      ],
      [
       17.9260205,
       62.6655637
      ],
      [
       17.9252069,
       62.6660016
      ],
      [
       17.9243637,
       62.6664274
      ],
      [
       17.9234918,
       62.6668409
      ],
      [
       17.9225921,
       62.6672416
      ],
      [
       17.9216653,
       62.6676292
      ],
      [
       17.9207124,
       62.6680031
      ],
      [
       17.9197345,
       62.6683632
      ],
      [
       17.9187323,
       62.6687089
      ],
      [
       17.917707,
       62.66904
      ],
      [
       17.9166595,
       62.6693562
      ],
      [
       17.9155908,
       62.669657
      ],
      [
       17.9145021,
       62.6699423
      ],
      [
       17.9133944,
       62.6702118
      ],
      [
       17.9122687,
       62.6704652
      ],
      [
       17.9111263,
       62.6707021
      ],
      [
       17.9099682,
       62.6709225
      ],
      [
       17.9087956,
       62.6711261
      ],
      [
       17.9076096,
       62.6713126
      ],
      [
       17.9064115,
       62.6714819
      ],
      [
       17.9052023,
       62.6716339
      ],
      [
       17.9039833,
       62.6717683
      ],
      [
       17.9027557,
       62.6718851
      ],
      [
       17.9015207,
       62.6719841
      ],
      [
       17.9002795,
       62.6720653
      ],
      [
       17.8990334,
       62.6721285
      ],
      [
       17.8977836,
       62.6721737
      ],
      [
       17.8965313,
       62.6722008
      ],
      [
       17.8952778,
       62.6722098
      ]
     ]
    ]
   }
  },
  {
   "type": "Feature",
   "properties": {
    "ll": {
     "value": 0,
     "unit": 1,
     "referenceDatum": 0
    },
    "ul": {
     "value": 610,
     "unit": 0,
     "referenceDatum": 1
    },
    "_id": "62e0fb81fd421ae8bc07aa12",
    "name": "R101 NORRTÄLJE",
    "type": 1,
    "icao": 7,
    "bnd": [
     [
      59.751679,
      18.670833
     ],
     [
      59.788321,
      18.7436114
     ]
    ]
   },
   "geometry": {
    "type": "Polygon",
    "coordinates": [
     [
      [
       18.7072222,
       59.788321
      ],
      [
       18.7060786,
       59.7883119
      ],
      [
       18.7049361,
       59.7882848
      ],
      [
       18.7037958,
       59.7882396
      ],
      [
       18.702659,
       59.7881764
      ],
      [
       18.7015266,
       59.7880953
      ],
      [
       18.7003999,
       59.7879963
      ],
      [
       18.6992799,
       59.7878795
      ],
      [
       18.6981678,
       59.7877451
      ],
      [
       18.6970646,
       59.7875931
      ],
      [
       18.6959715,
       59.7874238
      ],
      [
       18.6948895,
       59.7872373
      ],
      [
       18.6938196,
       59.7870337
      ],
      [
       18.692763,
       59.7868133
      ],
      [
       18.6917208,
       59.7865764
      ],
      [
       18.6906938,
       59.7863231
      ],
      [
       18.6896832,
       59.7860536
      ],
      [
       18.6886899,
       59.7857683
      ],
      [
       18.6877149,
       59.7854674
      ],
      [
       18.6867592,
       59.7851513
      ],
      [
       18.6858237,
       59.7848202
      ],
      [
       18.6849094,
       59.7844745
      ],
      [
       18.6840171,
       59.7841145
      ],
      [
       18.6831477,
       59.7837406
      ],
      [
       18.6823021,
       59.783353
      ],
      [
       18.6814812,
       59.7829524
      ],
      [
       18.6806857,
       59.7825389
      ],
      [
       18.6799164,
       59.782113
      ],
      [
       18.6791741,
       59.7816752
      ],
      [
       18.6784594,
       59.7812259
      ],
      [
       18.6777733,
       59.7807655
      ],
      [
       18.6771161,
       59.7802945
      ],
      [
       18.6764888,
       59.7798133
      ],
      [
       18.6758918,
       59.7793224
      ],
      [
       18.6753257,
       59.7788223
      ],
      [
       18.6747911,
       59.7783135
      ],
      [
       18.6742886,
       59.7777966
      ],
      [
       18.6738186,
       59.7772719
      ],
      [
       18.6733816,
       59.77674
      ],
      [
       18.672978,
       59.7762016
      ],
      [
       18.6726082,
       59.7756569
      ],
      [
       18.6722726,
       59.7751067
      ],
      [
       18.6719715,
       59.7745515
      ],
      [
       18.6717052,
       59.7739918
      ],
      [
       18.6714739,
       59.7734282
      ],
      [
       18.671278,
       59.7728611
      ],
      [
       18.6711175,
       59.7722913
      ],
      [
       18.6709927,
       59.7717192
      ],
      [
       18.6709036,
       59.7711454
      ],
      [
       18.6708504,
       59.7705705
      ],
      [
       18.670833,
       59.769995
      ],
      [
       18.6708516,
       59.7694195
      ],
      [
       18.6709061,
       59.7688446
      ],
      [
       18.6709964,
       59.7682709
      ],
      [
       18.6711225,
       59.7676988
      ],
      [
       18.6712841,
       59.7671291
      ],
      [
       18.6714813,
       59.7665621
      ],
      [
       18.6717137,
       59.7659986
      ],
      [
       18.6719811,
       59.765439
      ],
      [
       18.6722833,
       59.764884
      ],
      [
       18.6726199,
       59.764334
      ],
      [
       18.6729907,
       59.7637895
      ],
      [
       18.6733952,
       59.7632513
      ],
      [
       18.6738332,
       59.7627196
      ],
      [
       18.674304,
       59.7621952
      ],
      [
       18.6748073,
       59.7616785
      ],
      [
       18.6753426,
       59.76117
      ],
      [
       18.6759093,
       59.7606702
      ],
      [
       18.6765068,
       59.7601796
      ],
      [
       18.6771347,
       59.7596987
      ],
      [
       18.6777922,
       59.7592279
      ],
      [
       18.6784788,
       59.7587678
      ],
      [
       18.6791937,
       59.7583188
      ],
      [
       18.6799362,
       59.7578813
      ],
      [
       18.6807056,
       59.7574558
      ],
      [
       18.6815012,
       59.7570426
      ],
      [
       18.6823221,
       59.7566422
      ],
      [
       18.6831675,
       59.7562551
      ],
      [
       18.6840367,
       59.7558814
      ],
      [
       18.6849287,
       59.7555217
      ],
      [
       18.6858427,
       59.7551763
      ],
      [
       18.6867777,
       59.7548455
      ],
      [
       18.6877329,
       59.7545297
      ],
      [
       18.6887074,
       59.7542291
      ],
      [
       18.6897,
       59.7539441
      ],
      [
       18.6907099,
       59.7536749
      ],
      [
       18.6917361,
       59.7534218
      ],
      [
       18.6927776,
       59.7531851
      ],
      [
       18.6938333,
       59.7529649
      ],
      [
       18.6949022,
       59.7527616
      ],
      [
       18.6959832,
       59.7525753
      ],
      [
       18.6970753,
       59.7524061
      ],
      [
       18.6981774,
       59.7522543
      ],
      [
       18.6992884,
       59.75212
      ],
      [
       18.7004072,
       59.7520034
      ],
      [
       18.7015328,
       59.7519045
      ],
      [
       18.7026639,
       59.7518234
      ],
      [
       18.7037996,
       59.7517603
      ],
      [
       18.7049386,
       59.7517152
      ],
      [
       18.7060798,
       59.7516881
      ],
      [
       18.7072222,
       59.751679
      ],
      [
       18.7083646,
       59.7516881
      ],
      [
       18.7095059,
       59.7517152
      ],
      [
       18.7106449,
       59.7517603
      ],
      [
       18.7117805,
       59.7518234
      ],
      [
       18.7129117,
       59.7519045
      ],
      [
       18.7140372,
       59.7520034
      ],
      [
       18.715156,
       59.75212
      ],
      [
       18.716267,
       59.7522543
      ],
      [
       18.7173691,
       59.7524061
      ],
      [
       18.7184612,
       59.7525753
      ],
      [
       18.7195423,
       59.7527616
      ],
      [
       18.7206111,
       59.7529649
      ],
      [
       18.7216668,
       59.7531851
      ],
      [
       18.7227083,
       59.7534218
      ],
      [
       18.7237345,
       59.7536749
      ],
      [
       18.7247444,
       59.7539441
      ],
      [
       18.7257371,
       59.7542291
      ],
      [
       18.7267115,
       59.7545297
      ],
      [
       18.7276667,
       59.7548455
      ],
      [
       18.7286018,
       59.7551763
      ],
      [
       18.7295157,
       59.7555217
      ],
      [
       18.7304078,
       59.7558814
      ],
      [
       18.7312769,
       59.7562551
      ],
      [
       18.7321224,
       59.7566422
      ],
      [
       18.7329433,
       59.7570426
      ],
      [
       18.7337388,
       59.7574558
      ],
      [
       18.7345083,
       59.7578813
      ],
      [
       18.7352508,
       59.7583188
      ],
      [
       18.7359657,
       59.7587678
      ],
      [
       18.7366522,
       59.7592279
      ],
      [
       18.7373097,
       59.7596987
      ],
      [
       18.7379376,
       59.7601796
      ],
      [
       18.7385352,
       59.7606702
      ],
      [
       18.7391019,
       59.76117
      ],
      [
       18.7396372,
       59.7616785
      ],
      [
       18.7401405,
       59.7621952
      ],
      [
       18.7406113,
       59.7627196
      ],
      [
       18.7410492,
       59.7632513
      ],
      [
       18.7414537,
       59.7637895
      ],
      [
       18.7418245,
       59.764334
      ],
      [
       18.7421612,
       59.764884
      ],
      [
       18.7424634,
       59.765439
      ],
      [
       18.7427308,
       59.7659986
      ],
      [
       18.7429632,
       59.7665621
      ],
      [
       18.7431603,
       59.7671291
      ],
      [
       18.743322,
       59.7676988
      ],
      [
       18.743448,
       59.7682709
      ],
      [
       18.7435384,
       59.7688446
      ],
      [
       18.7435928,
       59.7694195
      ],
      [
       18.7436114,
       59.769995
      ],
      [
       18.7435941,
       59.7705705
      ],
      [
       18.7435409,
       59.7711454
      ],
      [
       18.7434518,
       59.7717192
      ],
      [
       18.743327,
       59.7722913
      ],
      [
       18.7431665,
       59.7728611
      ],
      [
       18.7429705,
       59.7734282
      ],
      [
       18.7427393,
       59.7739918
      ],
      [
       18.742473,
       59.7745515
      ],
      [
       18.7421719,
       59.7751067
      ],
      [
       18.7418363,
       59.7756569
      ],
      [
       18.7414665,
       59.7762016
      ],
      [
       18.7410629,
       59.77674
      ],
      [
       18.7406258,
       59.7772719
      ],
      [
       18.7401558,
       59.7777966
      ],
      [
       18.7396533,
       59.7783135
      ],
      [
       18.7391187,
       59.7788223
      ],
      [
       18.7385527,
       59.7793224
      ],
      [
       18.7379557,
       59.7798133
      ],
      [
       18.7373283,
       59.7802945
      ],
      [
       18.7366712,
       59.7807655
      ],
      [
       18.735985,
       59.7812259
      ],
      [
       18.7352704,
       59.7816752
      ],
      [
       18.7345281,
       59.782113
      ],
      [
       18.7337588,
       59.7825389
      ],
      [
       18.7329633,
       59.7829524
      ],
      [
       18.7321423,
       59.783353
      ],
      [
       18.7312967,
       59.7837406
      ],
      [
       18.7304274,
       59.7841145
      ],
      [
       18.7295351,
       59.7844745
      ],
      [
       18.7286208,
       59.7848202
      ],
      [
       18.7276853,
       59.7851513
      ],
      [
       18.7267296,
       59.7854674
      ],
      [
       18.7257546,
       59.7857683
      ],
      [
       18.7247613,
       59.7860536
      ],
      [
       18.7237507,
       59.7863231
      ],
      [
       18.7227237,
       59.7865764
      ],
      [
       18.7216814,
       59.7868133
      ],
      [
       18.7206248,
       59.7870337
      ],
      [
       18.719555,
       59.7872373
      ],
      [
       18.718473,
       59.7874238
      ],
      [
       18.7173798,
       59.7875931
      ],
      [
       18.7162767,
       59.7877451
      ],
      [
       18.7151645,
       59.7878795
      ],
      [
       18.7140446,
       59.7879963
      ],
      [
       18.7129178,
       59.7880953
      ],
      [
       18.7117855,
       59.7881764
      ],
      [
       18.7106486,
       59.7882396
      ],
      [
       18.7095084,
       59.7882848
      ],
      [
       18.7083659,
       59.7883119
      ],
      [
       18.7072222,
       59.788321
      ]
     ]
    ]
   }
  },
  {
   "type": "Feature",
   "properties": {
    "ll": {
     "value": 0,
     "unit": 1,
     "referenceDatum": 0
    },
    "ul": {
     "value": 610,
     "unit": 0,
     "referenceDatum": 1
    },
    "_id": "62e0fb81fd421ae8bc07aa1c",
    "name": "R102 HAGA",
    "type": 1,
    "icao": 7,
    "bnd": [
     [
      59.3538956,
      18.0192783
     ],
     [
      59.3738821,
      18.0584995
     ]
    ]
   },
   "geometry": {
    "type": "Polygon",
    "coordinates": [
     [
      [
       18.0388889,
       59.3738821
      ],
      [
       18.0382727,
       59.3738772
      ],
      [
       18.0376572,
       59.3738624
      ],
      [
       18.0370428,
       59.3738378
      ],
      [
       18.0364303,
       59.3738033
      ],
      [
       18.0358202,
       59.3737591
      ],
      [
       18.0352132,
       59.3737051
      ],
      [
       18.0346097,
       59.3736414
      ],
      [
       18.0340105,
       59.3735681
      ],
      [
       18.0334162,
       59.3734852
      ],
      [
       18.0328272,
       59.3733929
      ],
      [
       18.0322442,
       59.3732912
      ],
      [
       18.0316678,
       59.3731802
      ],
      [
       18.0310985,
       59.37306
      ],
      [
       18.0305369,
       59.3729308
      ],
      [
       18.0299835,
       59.3727926
      ],
      [
       18.029439,
       59.3726457
      ],
      [
       18.0289037,
       59.3724901
      ],
      [
       18.0283784,
       59.372326
      ],
      [
       18.0278634,
       59.3721536
      ],
      [
       18.0273593,
       59.3719731
      ],
      [
       18.0268666,
       59.3717846
      ],
      [
       18.0263858,
       59.3715882
      ],
      [
       18.0259173,
       59.3713843
      ],
      [
       18.0254616,
       59.371173
      ],
      [
       18.0250192,
       59.3709544
      ],
      [
       18.0245905,
       59.370729
      ],
      [
       18.0241759,
       59.3704967
      ],
      [
       18.0237758,
       59.370258
      ],
      [
       18.0233907,
       59.3700129
      ],
      [
       18.0230208,
       59.3697618
      ],
      [
       18.0226667,
       59.3695049
      ],
      [
       18.0223285,
       59.3692425
      ],
      [
       18.0220067,
       59.3689748
      ],
      [
       18.0217015,
       59.368702
      ],
      [
       18.0214134,
       59.3684246
      ],
      [
       18.0211425,
       59.3681426
      ],
      [
       18.0208891,
       59.3678564
      ],
      [
       18.0206534,
       59.3675664
      ],
      [
       18.0204358,
       59.3672727
      ],
      [
       18.0202364,
       59.3669756
      ],
      [
       18.0200554,
       59.3666756
      ],
      [
       18.019893,
       59.3663727
      ],
      [
       18.0197493,
       59.3660674
      ],
      [
       18.0196246,
       59.36576
      ],
      [
       18.0195188,
       59.3654507
      ],
      [
       18.0194322,
       59.3651399
      ],
      [
       18.0193648,
       59.3648279
      ],
      [
       18.0193166,
       59.3645149
      ],
      [
       18.0192878,
       59.3642013
      ],
      [
       18.0192783,
       59.3638874
      ],
      [
       18.0192881,
       59.3635735
      ],
      [
       18.0193173,
       59.3632599
      ],
      [
       18.0193659,
       59.362947
      ],
      [
       18.0194336,
       59.362635
      ],
      [
       18.0195206,
       59.3623242
      ],
      [
       18.0196267,
       59.3620149
      ],
      [
       18.0197518,
       59.3617075
      ],
      [
       18.0198958,
       59.3614023
      ],
      [
       18.0200585,
       59.3610995
      ],
      [
       18.0202398,
       59.3607995
      ],
      [
       18.0204395,
       59.3605025
      ],
      [
       18.0206574,
       59.3602089
      ],
      [
       18.0208933,
       59.3599189
      ],
      [
       18.0211469,
       59.3596328
      ],
      [
       18.021418,
       59.3593509
      ],
      [
       18.0217064,
       59.3590735
      ],
      [
       18.0220117,
       59.3588008
      ],
      [
       18.0223337,
       59.3585332
      ],
      [
       18.022672,
       59.3582708
      ],
      [
       18.0230263,
       59.358014
      ],
      [
       18.0233963,
       59.357763
      ],
      [
       18.0237815,
       59.3575181
      ],
      [
       18.0241816,
       59.3572794
      ],
      [
       18.0245963,
       59.3570473
      ],
      [
       18.025025,
       59.3568219
      ],
      [
       18.0254674,
       59.3566034
      ],
      [
       18.025923,
       59.3563922
      ],
      [
       18.0263915,
       59.3561884
      ],
      [
       18.0268722,
       59.3559921
      ],
      [
       18.0273648,
       59.3558037
      ],
      [
       18.0278688,
       59.3556232
      ],
      [
       18.0283836,
       59.3554509
      ],
      [
       18.0289088,
       59.3552869
      ],
      [
       18.0294438,
       59.3551314
      ],
      [
       18.0299882,
       59.3549845
      ],
      [
       18.0305413,
       59.3548465
      ],
      [
       18.0311027,
       59.3547173
      ],
      [
       18.0316717,
       59.3545972
      ],
      [
       18.0322479,
       59.3544863
      ],
      [
       18.0328306,
       59.3543846
      ],
      [
       18.0334193,
       59.3542923
      ],
      [
       18.0340133,
       59.3542095
      ],
      [
       18.0346122,
       59.3541362
      ],
      [
       18.0352153,
       59.3540726
      ],
      [
       18.035822,
       59.3540186
      ],
      [
       18.0364317,
       59.3539744
      ],
      [
       18.0370439,
       59.35394
      ],
      [
       18.0376579,
       59.3539154
      ],
      [
       18.0382731,
       59.3539006
      ],
      [
       18.0388889,
       59.3538956
      ],
      [
       18.0395047,
       59.3539006
      ],
      [
       18.0401199,
       59.3539154
      ],
      [
       18.0407339,
       59.35394
      ],
      [
       18.041346,
       59.3539744
      ],
      [
       18.0419558,
       59.3540186
      ],
      [
       18.0425625,
       59.3540726
      ],
      [
       18.0431656,
       59.3541362
      ],
      [
       18.0437645,
       59.3542095
      ],
      [
       18.0443585,
       59.3542923
      ],
      [
       18.0449472,
       59.3543846
      ],
      [
       18.0455299,
       59.3544863
      ],
      [
       18.0461061,
       59.3545972
      ],
      [
       18.0466751,
       59.3547173
      ],
      [
       18.0472365,
       59.3548465
      ],
      [
       18.0477896,
       59.3549845
      ],
      [
       18.0483339,
       59.3551314
      ],
      [
       18.048869,
       59.3552869
      ],
      [
       18.0493942,
       59.3554509
      ],
      [
       18.049909,
       59.3556232
      ],
      [
       18.050413,
       59.3558037
      ],
      [
       18.0509056,
       59.3559921
      ],
      [
       18.0513863,
       59.3561884
      ],
      [
       18.0518548,
       59.3563922
      ],
      [
       18.0523104,
       59.3566034
      ],
      [
       18.0527528,
       59.3568219
      ],
      [
       18.0531815,
       59.3570473
      ],
      [
       18.0535962,
       59.3572794
      ],
      [
       18.0539963,
       59.3575181
      ],
      [
       18.0543815,
       59.357763
      ],
      [
       18.0547515,
       59.358014
      ],
      [
       18.0551058,
       59.3582708
      ],
      [
       18.0554441,
       59.3585332
      ],
      [
       18.055766,
       59.3588008
      ],
      [
       18.0560714,
       59.3590735
      ],
      [
       18.0563597,
       59.3593509
      ],
      [
       18.0566309,
       59.3596328
      ],
      [
       18.0568845,
       59.3599189
      ],
      [
       18.0571204,
       59.3602089
      ],
      [
       18.0573383,
       59.3605025
      ],
      [
       18.057538,
       59.3607995
      ],
      [
       18.0577193,
       59.3610995
      ],
      [
       18.057882,
       59.3614023
      ],
      [
       18.058026,
       59.3617075
      ],
      [
       18.0581511,
       59.3620149
      ],
      [
       18.0582572,
       59.3623242
      ],
      [
       18.0583441,
       59.362635
      ],
      [
       18.0584119,
       59.362947
      ],
      [
       18.0584604,
       59.3632599
      ],
      [
       18.0584896,
       59.3635735
      ],
      [
       18.0584995,
       59.3638874
      ],
      [
       18.05849,
       59.3642013
      ],
      [
       18.0584612,
       59.3645149
      ],
      [
       18.058413,
       59.3648279
      ],
      [
       18.0583456,
       59.3651399
      ],
      [
       18.0582589,
       59.3654507
      ],
      [
       18.0581532,
       59.36576
      ],
      [
       18.0580284,
       59.3660674
      ],
      [
       18.0578848,
       59.3663727
      ],
      [
       18.0577224,
       59.3666756
      ],
      [
       18.0575414,
       59.3669756
      ],
      [
       18.057342,
       59.3672727
      ],
      [
       18.0571243,
       59.3675664
      ],
      [
       18.0568887,
       59.3678564
      ],
      [
       18.0566353,
       59.3681426
      ],
      [
       18.0563644,
       59.3684246
      ],
      [
       18.0560762,
       59.368702
      ],
      [
       18.0557711,
       59.3689748
      ],
      [
       18.0554493,
       59.3692425
      ],
      [
       18.0551111,
       59.3695049
      ],
      [
       18.054757,
       59.3697618
      ],
      [
       18.0543871,
       59.3700129
      ],
      [
       18.054002,
       59.370258
      ],
      [
       18.0536019,
       59.3704967
      ],
      [
       18.0531873,
       59.370729
      ],
      [
       18.0527586,
       59.3709544
      ],
      [
       18.0523162,
       59.371173
      ],
      [
       18.0518605,
       59.3713843
      ],
      [
       18.051392,
       59.3715882
      ],
      [
       18.0509112,
       59.3717846
      ],
      [
       18.0504185,
       59.3719731
      ],
      [
       18.0499144,
       59.3721536
      ],
      [
       18.0493994,
       59.372326
      ],
      [
       18.048874,
       59.3724901
      ],
      [
       18.0483388,
       59.3726457
      ],
      [
       18.0477943,
       59.3727926
      ],
      [
       18.0472409,
       59.3729308
      ],
      [
       18.0466793,
       59.37306
      ],
      [
       18.04611,
       59.3731802
      ],
      [
       18.0455336,
       59.3732912
      ],
      [
       18.0449506,
       59.3733929
      ],
      [
       18.0443616,
       59.3734852
      ],
      [
       18.0437672,
       59.3735681
      ],
      [
       18.043168,
       59.3736414
      ],
      [
       18.0425646,
       59.3737051
      ],
      [
       18.0419576,
       59.3737591
      ],
      [
       18.0413475,
       59.3738033
      ],
      [
       18.040735,
       59.3738378
      ],
      [
       18.0401206,
       59.3738624
      ],
      [
       18.0395051,
       59.3738772
      ],
      [
       18.0388889,
       59.3738821
      ]
     ]
    ]
   }
  },
  {
   "type": "Feature",
   "properties": {
    "ll": {
     "value": 0,
     "unit": 1,
     "referenceDatum": 0
    },
    "ul": {
     "value": 1980,
     "unit": 0,
     "referenceDatum": 1
    },
    "_id": "62e0fb81fd421ae8bc07aa26",
    "name": "R103 REMMENE",
    "type": 1,
    "icao": 7,
    "bnd": [
     [
      58.0030556,
      12.8822222
     ],
     [
      58.0713889,
      13.0038889
     ]
    ]
   },
   "geometry": {
    "type": "Polygon",
    "coordinates": [
     [
      [
       12.9988889,
       58.0713889
      ],
      [
       13.0038889,
       58.0236111
      ],
      [
       12.9430556,
       58.0030556
      ],
      [
       12.9011111,
       58.0122222
      ],
      [
       12.8822222,
       58.0422222
      ],
      [
       12.9988889,
       58.0713889
      ]
     ]
    ]
   }
  },
  {
   "type": "Feature",
   "properties": {
    "ll": {
     "value": 0,
     "unit": 1,
     "referenceDatum": 0
    },
    "ul": {
     "value": 760,
     "unit": 0,
     "referenceDatum": 1
    },
    "_id": "62e0fb81fd421ae8bc07aa30",
    "name": "R104 KÄNSÖ",
    "type": 1,
    "icao": 7,
    "bnd": [
     [
      57.4661111,
      11.4808333
     ],
     [
      57.6494444,
      11.7805556
     ]
    ]
   },
   "geometry": {
    "type": "Polygon",
    "coordinates": [
     [
      [
       11.4808333,
       57.6494444
      ],
      [
       11.7305556,
       57.6494444
      ],
      [
       11.7805556,
       57.5827778
      ],
      [
       11.6975,
       57.4661111
      ],
      [
       11.4808333,
       57.4827778
      ],
      [
       11.4808333,
       57.6494444
      ]
     ]
    ]
   }
  },
  {
   "type": "Feature",
   "properties": {
    "ll": {
     "value": 0,
     "unit": 1,
     "referenceDatum": 0
    },
    "ul": {
     "value": 610,
     "unit": 0,
     "referenceDatum": 1
    },
    "_id": "62e0fb81fd421ae8bc07aa3b",
    "name": "R105 TUMBA",
    "type": 1,
    "icao": 7,
    "bnd": [
     [
      59.1913956,
      17.8054828
     ],
     [
      59.2113821,
      17.8445172
     ]
    ]
   },
   "geometry": {
    "type": "Polygon",
    "coordinates": [
     [
      [
       17.825,
       59.2113821
      ],
      [
       17.8243868,
       59.2113772
      ],
      [
       17.8237741,
       59.2113624
      ],
      [
       17.8231627,
       59.2113378
      ],
      [
       17.8225531,
       59.2113033
      ],
      [
       17.821946,
       59.2112591
      ],
      [
       17.8213418,
       59.2112051
      ],
      [
       17.8207412,
       59.2111414
      ],
      [
       17.8201449,
       59.2110681
      ],
      [
       17.8195533,
       59.2109852
      ],
      [
       17.8189672,
       59.2108929
      ],
      [
       17.818387,
       59.2107912
      ],
      [
       17.8178133,
       59.2106802
      ],
      [
       17.8172467,
       59.21056
      ],
      [
       17.8166878,
       59.2104308
      ],
      [
       17.8161371,
       59.2102926
      ],
      [
       17.8155951,
       59.2101457
      ],
      [
       17.8150624,
       59.2099901
      ],
      [
       17.8145396,
       59.209826
      ],
      [
       17.814027,
       59.2096536
      ],
      [
       17.8135253,
       59.2094731
      ],
      [
       17.813035,
       59.2092846
      ],
      [
       17.8125564,
       59.2090882
      ],
      [
       17.8120902,
       59.2088843
      ],
      [
       17.8116367,
       59.208673
      ],
      [
       17.8111964,
       59.2084545
      ],
      [
       17.8107697,
       59.208229
      ],
      [
       17.8103571,
       59.2079967
      ],
      [
       17.8099589,
       59.207758
      ],
      [
       17.8095756,
       59.2075129
      ],
      [
       17.8092075,
       59.2072618
      ],
      [
       17.808855,
       59.2070049
      ],
      [
       17.8085185,
       59.2067425
      ],
      [
       17.8081982,
       59.2064748
      ],
      [
       17.8078945,
       59.206202
      ],
      [
       17.8076077,
       59.2059246
      ],
      [
       17.8073381,
       59.2056426
      ],
      [
       17.8070859,
       59.2053565
      ],
      [
       17.8068514,
       59.2050664
      ],
      [
       17.8066348,
       59.2047727
      ],
      [
       17.8064363,
       59.2044756
      ],
      [
       17.8062562,
       59.2041756
      ],
      [
       17.8060946,
       59.2038727
      ],
      [
       17.8059516,
       59.2035675
      ],
      [
       17.8058274,
       59.20326
      ],
      [
       17.8057222,
       59.2029508
      ],
      [
       17.805636,
       59.2026399
      ],
      [
       17.8055689,
       59.2023279
      ],
      [
       17.8055209,
       59.2020149
      ],
      [
       17.8054922,
       59.2017013
      ],
      [
       17.8054828,
       59.2013874
      ],
      [
       17.8054926,
       59.2010735
      ],
      [
       17.8055216,
       59.20076
      ],
      [
       17.8055699,
       59.200447
      ],
      [
       17.8056374,
       59.200135
      ],
      [
       17.805724,
       59.1998242
      ],
      [
       17.8058295,
       59.1995149
      ],
      [
       17.805954,
       59.1992075
      ],
      [
       17.8060973,
       59.1989023
      ],
      [
       17.8062593,
       59.1985995
      ],
      [
       17.8064397,
       59.1982995
      ],
      [
       17.8066384,
       59.1980025
      ],
      [
       17.8068553,
       59.1977089
      ],
      [
       17.8070901,
       59.1974189
      ],
      [
       17.8073425,
       59.1971328
      ],
      [
       17.8076123,
       59.1968509
      ],
      [
       17.8078993,
       59.1965735
      ],
      [
       17.8082032,
       59.1963008
      ],
      [
       17.8085236,
       59.1960332
      ],
      [
       17.8088603,
       59.1957709
      ],
      [
       17.809213,
       59.195514
      ],
      [
       17.8095811,
       59.195263
      ],
      [
       17.8099645,
       59.1950181
      ],
      [
       17.8103627,
       59.1947794
      ],
      [
       17.8107754,
       59.1945473
      ],
      [
       17.8112021,
       59.1943219
      ],
      [
       17.8116424,
       59.1941034
      ],
      [
       17.8120959,
       59.1938922
      ],
      [
       17.8125621,
       59.1936884
      ],
      [
       17.8130405,
       59.1934921
      ],
      [
       17.8135308,
       59.1933037
      ],
      [
       17.8140323,
       59.1931232
      ],
      [
       17.8145447,
       59.1929509
      ],
      [
       17.8150674,
       59.1927869
      ],
      [
       17.8155999,
       59.1926314
      ],
      [
       17.8161417,
       59.1924845
      ],
      [
       17.8166922,
       59.1923465
      ],
      [
       17.8172509,
       59.1922173
      ],
      [
       17.8178172,
       59.1920972
      ],
      [
       17.8183906,
       59.1919863
      ],
      [
       17.8189705,
       59.1918846
      ],
      [
       17.8195564,
       59.1917923
      ],
      [
       17.8201476,
       59.1917095
      ],
      [
       17.8207437,
       59.1916362
      ],
      [
       17.8213439,
       59.1915726
      ],
      [
       17.8219477,
       59.1915186
      ],
      [
       17.8225546,
       59.1914744
      ],
      [
       17.8231638,
       59.19144
      ],
      [
       17.8237749,
       59.1914154
      ],
      [
       17.8243871,
       59.1914006
      ],
      [
       17.825,
       59.1913956
      ],
      [
       17.8256129,
       59.1914006
      ],
      [
       17.8262251,
       59.1914154
      ],
      [
       17.8268362,
       59.19144
      ],
      [
       17.8274454,
       59.1914744
      ],
      [
       17.8280523,
       59.1915186
      ],
      [
       17.8286561,
       59.1915726
      ],
      [
       17.8292563,
       59.1916362
      ],
      [
       17.8298524,
       59.1917095
      ],
      [
       17.8304436,
       59.1917923
      ],
      [
       17.8310295,
       59.1918846
      ],
      [
       17.8316094,
       59.1919863
      ],
      [
       17.8321828,
       59.1920972
      ],
      [
       17.8327491,
       59.1922173
      ],
      [
       17.8333078,
       59.1923465
      ],
      [
       17.8338583,
       59.1924845
      ],
      [
       17.8344001,
       59.1926314
      ],
      [
       17.8349326,
       59.1927869
      ],
      [
       17.8354553,
       59.1929509
      ],
      [
       17.8359677,
       59.1931232
      ],
      [
       17.8364692,
       59.1933037
      ],
      [
       17.8369595,
       59.1934921
      ],
      [
       17.8374379,
       59.1936884
      ],
      [
       17.8379041,
       59.1938922
      ],
      [
       17.8383576,
       59.1941034
      ],
      [
       17.8387979,
       59.1943219
      ],
      [
       17.8392246,
       59.1945473
      ],
      [
       17.8396373,
       59.1947794
      ],
      [
       17.8400355,
       59.1950181
      ],
      [
       17.8404189,
       59.195263
      ],
      [
       17.840787,
       59.195514
      ],
      [
       17.8411397,
       59.1957709
      ],
      [
       17.8414764,
       59.1960332
      ],
      [
       17.8417968,
       59.1963008
      ],
      [
       17.8421007,
       59.1965735
      ],
      [
       17.8423877,
       59.1968509
      ],
      [
       17.8426575,
       59.1971328
      ],
      [
       17.8429099,
       59.1974189
      ],
      [
       17.8431447,
       59.1977089
      ],
      [
       17.8433616,
       59.1980025
      ],
      [
       17.8435603,
       59.1982995
      ],
      [
       17.8437407,
       59.1985995
      ],
      [
       17.8439027,
       59.1989023
      ],
      [
       17.844046,
       59.1992075
      ],
      [
       17.8441705,
       59.1995149
      ],
      [
       17.844276,
       59.1998242
      ],
      [
       17.8443626,
       59.200135
      ],
      [
       17.8444301,
       59.200447
      ],
      [
       17.8444784,
       59.20076
      ],
      [
       17.8445074,
       59.2010735
      ],
      [
       17.8445172,
       59.2013874
      ],
      [
       17.8445078,
       59.2017013
      ],
      [
       17.8444791,
       59.2020149
      ],
      [
       17.8444311,
       59.2023279
      ],
      [
       17.844364,
       59.2026399
      ],
      [
       17.8442778,
       59.2029508
      ],
      [
       17.8441726,
       59.20326
      ],
      [
       17.8440484,
       59.2035675
      ],
      [
       17.8439054,
       59.2038727
      ],
      [
       17.8437438,
       59.2041756
      ],
      [
       17.8435637,
       59.2044756
      ],
      [
       17.8433652,
       59.2047727
      ],
      [
       17.8431486,
       59.2050664
      ],
      [
       17.8429141,
       59.2053565
      ],
      [
       17.8426619,
       59.2056426
      ],
      [
       17.8423923,
       59.2059246
      ],
      [
       17.8421055,
       59.206202
      ],
      [
       17.8418018,
       59.2064748
      ],
      [
       17.8414815,
       59.2067425
      ],
      [
       17.841145,
       59.2070049
      ],
      [
       17.8407925,
       59.2072618
      ],
      [
       17.8404244,
       59.2075129
      ],
      [
       17.8400411,
       59.207758
      ],
      [
       17.8396429,
       59.2079967
      ],
      [
       17.8392303,
       59.208229
      ],
      [
       17.8388036,
       59.2084545
      ],
      [
       17.8383633,
       59.208673
      ],
      [
       17.8379098,
       59.2088843
      ],
      [
       17.8374436,
       59.2090882
      ],
      [
       17.836965,
       59.2092846
      ],
      [
       17.8364747,
       59.2094731
      ],
      [
       17.835973,
       59.2096536
      ],
      [
       17.8354604,
       59.209826
      ],
      [
       17.8349376,
       59.2099901
      ],
      [
       17.8344049,
       59.2101457
      ],
      [
       17.8338629,
       59.2102926
      ],
      [
       17.8333122,
       59.2104308
      ],
      [
       17.8327533,
       59.21056
      ],
      [
       17.8321867,
       59.2106802
      ],
      [
       17.831613,
       59.2107912
      ],
      [
       17.8310328,
       59.2108929
      ],
      [
       17.8304467,
       59.2109852
      ],
      [
       17.8298551,
       59.2110681
      ],
      [
       17.8292588,
       59.2111414
      ],
      [
       17.8286582,
       59.2112051
      ],
      [
       17.828054,
       59.2112591
      ],
      [
       17.8274469,
       59.2113033
      ],
      [
       17.8268373,
       59.2113378
      ],
      [
       17.8262259,
       59.2113624
      ],
      [
       17.8256132,
       59.2113772
      ],
      [
       17.825,
       59.2113821
      ]
     ]
    ]
   }
  },
  {
   "type": "Feature",
   "properties": {
    "ll": {
     "value": 0,
     "unit": 1,
     "referenceDatum": 0
    },
    "ul": {
     "value": 490,
     "unit": 0,
     "referenceDatum": 1
    },
    "_id": "62e0fb81fd421ae8bc07aa44",
    "name": "R106 VÄXJÖ",
    "type": 1,
    "icao": 7,
    "bnd": [
     [
      56.8575068,
      14.8103278
     ],
     [
      56.8774932,
      14.8468944
     ]
    ]
   },
   "geometry": {
    "type": "Polygon",
    "coordinates": [
     [
      [
       14.8286111,
       56.8774932
      ],
      [
       14.8280367,
       56.8774883
      ],
      [
       14.8274628,
       56.8774735
      ],
      [
       14.82689,
       56.8774489
      ],
      [
       14.826319,
       56.8774144
      ],
      [
       14.8257502,
       56.8773702
      ],
      [
       14.8251843,
       56.8773162
      ],
      [
       14.8246217,
       56.8772525
      ],
      [
       14.8240631,
       56.8771792
      ],
      [
       14.8235089,
       56.8770963
      ],
      [
       14.8229598,
       56.877004
      ],
      [
       14.8224163,
       56.8769023
      ],
      [
       14.8218789,
       56.8767913
      ],
      [
       14.8213481,
       56.8766711
      ],
      [
       14.8208246,
       56.8765419
      ],
      [
       14.8203087,
       56.8764038
      ],
      [
       14.819801,
       56.8762568
      ],
      [
       14.819302,
       56.8761013
      ],
      [
       14.8188122,
       56.8759372
      ],
      [
       14.8183321,
       56.8757648
      ],
      [
       14.8178621,
       56.8755842
      ],
      [
       14.8174028,
       56.8753957
      ],
      [
       14.8169545,
       56.8751994
      ],
      [
       14.8165177,
       56.8749955
      ],
      [
       14.8160929,
       56.8747841
      ],
      [
       14.8156804,
       56.8745656
      ],
      [
       14.8152807,
       56.8743401
      ],
      [
       14.8148942,
       56.8741079
      ],
      [
       14.8145212,
       56.8738691
      ],
      [
       14.8141621,
       56.8736241
      ],
      [
       14.8138173,
       56.873373
      ],
      [
       14.8134871,
       56.8731161
      ],
      [
       14.8131718,
       56.8728537
      ],
      [
       14.8128717,
       56.872586
      ],
      [
       14.8125872,
       56.8723133
      ],
      [
       14.8123186,
       56.8720358
      ],
      [
       14.812066,
       56.8717538
      ],
      [
       14.8118297,
       56.8714677
      ],
      [
       14.81161,
       56.8711776
      ],
      [
       14.8114071,
       56.8708839
      ],
      [
       14.8112212,
       56.8705869
      ],
      [
       14.8110524,
       56.8702868
      ],
      [
       14.810901,
       56.869984
      ],
      [
       14.8107671,
       56.8696787
      ],
      [
       14.8106507,
       56.8693713
      ],
      [
       14.8105521,
       56.869062
      ],
      [
       14.8104713,
       56.8687512
      ],
      [
       14.8104085,
       56.8684391
      ],
      [
       14.8103636,
       56.8681262
      ],
      [
       14.8103367,
       56.8678126
      ],
      [
       14.8103278,
       56.8674987
      ],
      [
       14.810337,
       56.8671848
      ],
      [
       14.8103642,
       56.8668712
      ],
      [
       14.8104094,
       56.8665582
      ],
      [
       14.8104726,
       56.8662462
      ],
      [
       14.8105536,
       56.8659354
      ],
      [
       14.8106525,
       56.8656262
      ],
      [
       14.8107691,
       56.8653188
      ],
      [
       14.8109034,
       56.8650135
      ],
      [
       14.8110551,
       56.8647107
      ],
      [
       14.8112241,
       56.8644107
      ],
      [
       14.8114102,
       56.8641137
      ],
      [
       14.8116134,
       56.8638201
      ],
      [
       14.8118333,
       56.8635301
      ],
      [
       14.8120697,
       56.863244
      ],
      [
       14.8123225,
       56.8629621
      ],
      [
       14.8125914,
       56.8626847
      ],
      [
       14.812876,
       56.862412
      ],
      [
       14.8131762,
       56.8621444
      ],
      [
       14.8134916,
       56.861882
      ],
      [
       14.8138219,
       56.8616252
      ],
      [
       14.8141668,
       56.8613742
      ],
      [
       14.814526,
       56.8611293
      ],
      [
       14.814899,
       56.8608906
      ],
      [
       14.8152856,
       56.8606584
      ],
      [
       14.8156853,
       56.860433
      ],
      [
       14.8160977,
       56.8602146
      ],
      [
       14.8165226,
       56.8600034
      ],
      [
       14.8169593,
       56.8597995
      ],
      [
       14.8174075,
       56.8596033
      ],
      [
       14.8178668,
       56.8594148
      ],
      [
       14.8183366,
       56.8592344
      ],
      [
       14.8188166,
       56.859062
      ],
      [
       14.8193063,
       56.858898
      ],
      [
       14.8198051,
       56.8587425
      ],
      [
       14.8203126,
       56.8585957
      ],
      [
       14.8208283,
       56.8584576
      ],
      [
       14.8213517,
       56.8583284
      ],
      [
       14.8218822,
       56.8582083
      ],
      [
       14.8224194,
       56.8580974
      ],
      [
       14.8229627,
       56.8579957
      ],
      [
       14.8235115,
       56.8579034
      ],
      [
       14.8240654,
       56.8578206
      ],
      [
       14.8246238,
       56.8577474
      ],
      [
       14.8251861,
       56.8576837
      ],
      [
       14.8257517,
       56.8576298
      ],
      [
       14.8263202,
       56.8575855
      ],
      [
       14.826891,
       56.8575511
      ],
      [
       14.8274634,
       56.8575265
      ],
      [
       14.828037,
       56.8575117
      ],
      [
       14.8286111,
       56.8575068
      ],
      [
       14.8291853,
       56.8575117
      ],
      [
       14.8297588,
       56.8575265
      ],
      [
       14.8303313,
       56.8575511
      ],
      [
       14.830902,
       56.8575855
      ],
      [
       14.8314705,
       56.8576298
      ],
      [
       14.8320362,
       56.8576837
      ],
      [
       14.8325985,
       56.8577474
      ],
      [
       14.8331568,
       56.8578206
      ],
      [
       14.8337107,
       56.8579034
      ],
      [
       14.8342595,
       56.8579957
      ],
      [
       14.8348028,
       56.8580974
      ],
      [
       14.83534,
       56.8582083
      ],
      [
       14.8358705,
       56.8583284
      ],
      [
       14.8363939,
       56.8584576
      ],
      [
       14.8369096,
       56.8585957
      ],
      [
       14.8374171,
       56.8587425
      ],
      [
       14.8379159,
       56.858898
      ],
      [
       14.8384056,
       56.859062
      ],
      [
       14.8388856,
       56.8592344
      ],
      [
       14.8393555,
       56.8594148
      ],
      [
       14.8398147,
       56.8596033
      ],
      [
       14.8402629,
       56.8597995
      ],
      [
       14.8406997,
       56.8600034
      ],
      [
       14.8411245,
       56.8602146
      ],
      [
       14.8415369,
       56.860433
      ],
      [
       14.8419366,
       56.8606584
      ],
      [
       14.8423232,
       56.8608906
      ],
      [
       14.8426963,
       56.8611293
      ],
      [
       14.8430554,
       56.8613742
      ],
      [
       14.8434003,
       56.8616252
      ],
      [
       14.8437306,
       56.861882
      ],
      [
       14.844046,
       56.8621444
      ],
      [
       14.8443462,
       56.862412
      ],
      [
       14.8446309,
       56.8626847
      ],
      [
       14.8448997,
       56.8629621
      ],
      [
       14.8451525,
       56.863244
      ],
      [
       14.8453889,
       56.8635301
      ],
      [
       14.8456088,
       56.8638201
      ],
      [
       14.845812,
       56.8641137
      ],
      [
       14.8459982,
       56.8644107
      ],
      [
       14.8461672,
       56.8647107
      ],
      [
       14.8463189,
       56.8650135
      ],
      [
       14.8464531,
       56.8653188
      ],
      [
       14.8465697,
       56.8656262
      ],
      [
       14.8466686,
       56.8659354
      ],
      [
       14.8467497,
       56.8662462
      ],
      [
       14.8468128,
       56.8665582
      ],
      [
       14.8468581,
       56.8668712
      ],
      [
       14.8468853,
       56.8671848
      ],
      [
       14.8468944,
       56.8674987
      ],
      [
       14.8468856,
       56.8678126
      ],
      [
       14.8468587,
       56.8681262
      ],
      [
       14.8468138,
       56.8684391
      ],
      [
       14.8467509,
       56.8687512
      ],
      [
       14.8466701,
       56.869062
      ],
      [
       14.8465715,
       56.8693713
      ],
      [
       14.8464552,
       56.8696787
      ],
      [
       14.8463212,
       56.869984
      ],
      [
       14.8461698,
       56.8702868
      ],
      [
       14.846001,
       56.8705869
      ],
      [
       14.8458151,
       56.8708839
      ],
      [
       14.8456122,
       56.8711776
      ],
      [
       14.8453925,
       56.8714677
      ],
      [
       14.8451562,
       56.8717538
      ],
      [
       14.8449037,
       56.8720358
      ],
      [
       14.844635,
       56.8723133
      ],
      [
       14.8443505,
       56.872586
      ],
      [
       14.8440504,
       56.8728537
      ],
      [
       14.8437352,
       56.8731161
      ],
      [
       14.843405,
       56.873373
      ],
      [
       14.8430601,
       56.8736241
      ],
      [
       14.8427011,
       56.8738691
      ],
      [
       14.8423281,
       56.8741079
      ],
      [
       14.8419415,
       56.8743401
      ],
      [
       14.8415418,
       56.8745656
      ],
      [
       14.8411293,
       56.8747841
      ],
      [
       14.8407045,
       56.8749955
      ],
      [
       14.8402677,
       56.8751994
      ],
      [
       14.8398195,
       56.8753957
      ],
      [
       14.8393601,
       56.8755842
      ],
      [
       14.8388901,
       56.8757648
      ],
      [
       14.83841,
       56.8759372
      ],
      [
       14.8379202,
       56.8761013
      ],
      [
       14.8374212,
       56.8762568
      ],
      [
       14.8369135,
       56.8764038
      ],
      [
       14.8363977,
       56.8765419
      ],
      [
       14.8358741,
       56.8766711
      ],
      [
       14.8353433,
       56.8767913
      ],
      [
       14.8348059,
       56.8769023
      ],
      [
       14.8342624,
       56.877004
      ],
      [
       14.8337133,
       56.8770963
      ],
      [
       14.8331592,
       56.8771792
      ],
      [
       14.8326005,
       56.8772525
      ],
      [
       14.832038,
       56.8773162
      ],
      [
       14.831472,
       56.8773702
      ],
      [
       14.8309032,
       56.8774144
      ],
      [
       14.8303322,
       56.8774489
      ],
      [
       14.8297594,
       56.8774735
      ],
      [
       14.8291856,
       56.8774883
      ],
      [
       14.8286111,
       56.8774932
      ]
     ]
    ]
   }
  },
  {
   "type": "Feature",
   "properties": {
    "ll": {
     "value": 0,
     "unit": 1,
     "referenceDatum": 0
    },
    "ul": {
     "value": 610,
     "unit": 0,
     "referenceDatum": 1
    },
    "_id": "62e0fb81fd421ae8bc07aa4f",
    "name": "R107 FORSMARK",
    "type": 1,
    "icao": 7,
    "bnd": [
     [
      60.3866779,
      18.1412772
     ],
     [
      60.4199887,
      18.2087228
     ]
    ]
   },
   "geometry": {
    "type": "Polygon",
    "coordinates": [
     [
      [
       18.175,
       60.4199887
      ],
      [
       18.1739402,
       60.4199805
      ],
      [
       18.1728814,
       60.4199559
      ],
      [
       18.1718248,
       60.4199148
      ],
      [
       18.1707713,
       60.4198573
      ],
      [
       18.1697219,
       60.4197836
      ],
      [
       18.1686778,
       60.4196936
      ],
      [
       18.1676399,
       60.4195874
      ],
      [
       18.1666093,
       60.4194652
      ],
      [
       18.165587,
       60.4193271
      ],
      [
       18.164574,
       60.4191732
      ],
      [
       18.1635713,
       60.4190036
      ],
      [
       18.1625799,
       60.4188186
      ],
      [
       18.1616008,
       60.4186182
      ],
      [
       18.1606349,
       60.4184028
      ],
      [
       18.1596832,
       60.4181725
      ],
      [
       18.1587466,
       60.4179276
      ],
      [
       18.1578261,
       60.4176682
      ],
      [
       18.1569226,
       60.4173947
      ],
      [
       18.1560369,
       60.4171074
      ],
      [
       18.15517,
       60.4168064
      ],
      [
       18.1543227,
       60.4164921
      ],
      [
       18.1534958,
       60.4161648
      ],
      [
       18.1526901,
       60.4158249
      ],
      [
       18.1519065,
       60.4154726
      ],
      [
       18.1511457,
       60.4151084
      ],
      [
       18.1504085,
       60.4147325
      ],
      [
       18.1496956,
       60.4143454
      ],
      [
       18.1490076,
       60.4139474
      ],
      [
       18.1483454,
       60.4135389
      ],
      [
       18.1477094,
       60.4131203
      ],
      [
       18.1471005,
       60.4126921
      ],
      [
       18.1465191,
       60.4122547
      ],
      [
       18.1459658,
       60.4118085
      ],
      [
       18.1454412,
       60.4113539
      ],
      [
       18.1449458,
       60.4108913
      ],
      [
       18.14448,
       60.4104214
      ],
      [
       18.1440444,
       60.4099444
      ],
      [
       18.1436394,
       60.4094609
      ],
      [
       18.1432653,
       60.4089714
      ],
      [
       18.1429226,
       60.4084763
      ],
      [
       18.1426116,
       60.4079761
      ],
      [
       18.1423325,
       60.4074714
      ],
      [
       18.1420857,
       60.4069625
      ],
      [
       18.1418713,
       60.4064501
      ],
      [
       18.1416897,
       60.4059347
      ],
      [
       18.1415409,
       60.4054166
      ],
      [
       18.1414252,
       60.4048965
      ],
      [
       18.1413426,
       60.4043749
      ],
      [
       18.1412933,
       60.4038522
      ],
      [
       18.1412772,
       60.4033291
      ],
      [
       18.1412944,
       60.4028059
      ],
      [
       18.1413448,
       60.4022833
      ],
      [
       18.1414284,
       60.4017617
      ],
      [
       18.1415452,
       60.4012417
      ],
      [
       18.141695,
       60.4007237
      ],
      [
       18.1418777,
       60.4002083
      ],
      [
       18.142093,
       60.399696
      ],
      [
       18.1423408,
       60.3991873
      ],
      [
       18.1426208,
       60.3986827
      ],
      [
       18.1429328,
       60.3981827
      ],
      [
       18.1432763,
       60.3976877
      ],
      [
       18.1436512,
       60.3971984
      ],
      [
       18.144057,
       60.3967151
      ],
      [
       18.1444933,
       60.3962383
      ],
      [
       18.1449597,
       60.3957686
      ],
      [
       18.1454557,
       60.3953063
      ],
      [
       18.1459809,
       60.3948519
      ],
      [
       18.1465347,
       60.3944059
      ],
      [
       18.1471165,
       60.3939687
      ],
      [
       18.1477259,
       60.3935407
      ],
      [
       18.1483621,
       60.3931225
      ],
      [
       18.1490246,
       60.3927142
      ],
      [
       18.1497127,
       60.3923165
      ],
      [
       18.1504257,
       60.3919297
      ],
      [
       18.151163,
       60.391554
      ],
      [
       18.1519237,
       60.3911901
      ],
      [
       18.1527072,
       60.3908381
      ],
      [
       18.1535127,
       60.3904984
      ],
      [
       18.1543394,
       60.3901714
      ],
      [
       18.1551864,
       60.3898573
      ],
      [
       18.156053,
       60.3895566
      ],
      [
       18.1569382,
       60.3892695
      ],
      [
       18.1578412,
       60.3889962
      ],
      [
       18.1587612,
       60.3887371
      ],
      [
       18.1596971,
       60.3884924
      ],
      [
       18.1606482,
       60.3882623
      ],
      [
       18.1616133,
       60.3880471
      ],
      [
       18.1625917,
       60.3878469
      ],
      [
       18.1635823,
       60.3876621
      ],
      [
       18.1645841,
       60.3874927
      ],
      [
       18.1655963,
       60.3873389
      ],
      [
       18.1666176,
       60.3872009
      ],
      [
       18.1676473,
       60.3870788
      ],
      [
       18.1686841,
       60.3869728
      ],
      [
       18.1697273,
       60.3868829
      ],
      [
       18.1707756,
       60.3868092
      ],
      [
       18.171828,
       60.3867518
      ],
      [
       18.1728836,
       60.3867108
      ],
      [
       18.1739413,
       60.3866861
      ],
      [
       18.175,
       60.3866779
      ],
      [
       18.1760587,
       60.3866861
      ],
      [
       18.1771164,
       60.3867108
      ],
      [
       18.178172,
       60.3867518
      ],
      [
       18.1792244,
       60.3868092
      ],
      [
       18.1802727,
       60.3868829
      ],
      [
       18.1813159,
       60.3869728
      ],
      [
       18.1823527,
       60.3870788
      ],
      [
       18.1833824,
       60.3872009
      ],
      [
       18.1844037,
       60.3873389
      ],
      [
       18.1854159,
       60.3874927
      ],
      [
       18.1864177,
       60.3876621
      ],
      [
       18.1874083,
       60.3878469
      ],
      [
       18.1883867,
       60.3880471
      ],
      [
       18.1893518,
       60.3882623
      ],
      [
       18.1903029,
       60.3884924
      ],
      [
       18.1912388,
       60.3887371
      ],
      [
       18.1921588,
       60.3889962
      ],
      [
       18.1930618,
       60.3892695
      ],
      [
       18.193947,
       60.3895566
      ],
      [
       18.1948136,
       60.3898573
      ],
      [
       18.1956606,
       60.3901714
      ],
      [
       18.1964873,
       60.3904984
      ],
      [
       18.1972928,
       60.3908381
      ],
      [
       18.1980763,
       60.3911901
      ],
      [
       18.198837,
       60.391554
      ],
      [
       18.1995743,
       60.3919297
      ],
      [
       18.2002873,
       60.3923165
      ],
      [
       18.2009754,
       60.3927142
      ],
      [
       18.2016379,
       60.3931225
      ],
      [
       18.2022741,
       60.3935407
      ],
      [
       18.2028835,
       60.3939687
      ],
      [
       18.2034653,
       60.3944059
      ],
      [
       18.2040191,
       60.3948519
      ],
      [
       18.2045443,
       60.3953063
      ],
      [
       18.2050403,
       60.3957686
      ],
      [
       18.2055067,
       60.3962383
      ],
      [
       18.205943,
       60.3967151
      ],
      [
       18.2063488,
       60.3971984
      ],
      [
       18.2067237,
       60.3976877
      ],
      [
       18.2070672,
       60.3981827
      ],
      [
       18.2073792,
       60.3986827
      ],
      [
       18.2076592,
       60.3991873
      ],
      [
       18.207907,
       60.399696
      ],
      [
       18.2081223,
       60.4002083
      ],
      [
       18.208305,
       60.4007237
      ],
      [
       18.2084548,
       60.4012417
      ],
      [
       18.2085716,
       60.4017617
      ],
      [
       18.2086552,
       60.4022833
      ],
      [
       18.2087056,
       60.4028059
      ],
      [
       18.2087228,
       60.4033291
      ],
      [
       18.2087067,
       60.4038522
      ],
      [
       18.2086574,
       60.4043749
      ],
      [
       18.2085748,
       60.4048965
      ],
      [
       18.2084591,
       60.4054166
      ],
      [
       18.2083103,
       60.4059347
      ],
      [
       18.2081287,
       60.4064501
      ],
      [
       18.2079143,
       60.4069625
      ],
      [
       18.2076675,
       60.4074714
      ],
      [
       18.2073884,
       60.4079761
      ],
      [
       18.2070774,
       60.4084763
      ],
      [
       18.2067347,
       60.4089714
      ],
      [
       18.2063606,
       60.4094609
      ],
      [
       18.2059556,
       60.4099444
      ],
      [
       18.20552,
       60.4104214
      ],
      [
       18.2050542,
       60.4108913
      ],
      [
       18.2045588,
       60.4113539
      ],
      [
       18.2040342,
       60.4118085
      ],
      [
       18.2034809,
       60.4122547
      ],
      [
       18.2028995,
       60.4126921
      ],
      [
       18.2022906,
       60.4131203
      ],
      [
       18.2016546,
       60.4135389
      ],
      [
       18.2009924,
       60.4139474
      ],
      [
       18.2003044,
       60.4143454
      ],
      [
       18.1995915,
       60.4147325
      ],
      [
       18.1988543,
       60.4151084
      ],
      [
       18.1980935,
       60.4154726
      ],
      [
       18.1973099,
       60.4158249
      ],
      [
       18.1965042,
       60.4161648
      ],
      [
       18.1956773,
       60.4164921
      ],
      [
       18.19483,
       60.4168064
      ],
      [
       18.1939631,
       60.4171074
      ],
      [
       18.1930774,
       60.4173947
      ],
      [
       18.1921739,
       60.4176682
      ],
      [
       18.1912534,
       60.4179276
      ],
      [
       18.1903168,
       60.4181725
      ],
      [
       18.1893651,
       60.4184028
      ],
      [
       18.1883992,
       60.4186182
      ],
      [
       18.1874201,
       60.4188186
      ],
      [
       18.1864287,
       60.4190036
      ],
      [
       18.185426,
       60.4191732
      ],
      [
       18.184413,
       60.4193271
      ],
      [
       18.1833907,
       60.4194652
      ],
      [
       18.1823601,
       60.4195874
      ],
      [
       18.1813222,
       60.4196936
      ],
      [
       18.1802781,
       60.4197836
      ],
      [
       18.1792287,
       60.4198573
      ],
      [
       18.1781752,
       60.4199148
      ],
      [
       18.1771186,
       60.4199559
      ],
      [
       18.1760598,
       60.4199805
      ],
      [
       18.175,
       60.4199887
      ]
     ]
    ]
   }
  },
  {
   "type": "Feature",
   "properties": {
    "ll": {
     "value": 0,
     "unit": 1,
     "referenceDatum": 0
    },
    "ul": {
     "value": 610,
     "unit": 0,
     "referenceDatum": 1
    },
    "_id": "62e0fb82fd421ae8bc07aa5a",
    "name": "R108 OSKARSHAMN",
    "type": 1,
    "icao": 7,
    "bnd": [
     [
      57.3983446,
      16.6407403
     ],
     [
      57.4316554,
      16.7025931
     ]
    ]
   },
   "geometry": {
    "type": "Polygon",
    "coordinates": [
     [
      [
       16.6716667,
       57.4316554
      ],
      [
       16.6706948,
       57.4316472
      ],
      [
       16.6697239,
       57.4316225
      ],
      [
       16.6687549,
       57.4315815
      ],
      [
       16.6677888,
       57.431524
      ],
      [
       16.6668265,
       57.4314503
      ],
      [
       16.665869,
       57.4313603
      ],
      [
       16.6649173,
       57.4312541
      ],
      [
       16.6639722,
       57.4311319
      ],
      [
       16.6630347,
       57.4309938
      ],
      [
       16.6621058,
       57.4308399
      ],
      [
       16.6611862,
       57.4306703
      ],
      [
       16.6602771,
       57.4304853
      ],
      [
       16.6593792,
       57.430285
      ],
      [
       16.6584934,
       57.4300696
      ],
      [
       16.6576207,
       57.4298393
      ],
      [
       16.6567618,
       57.4295944
      ],
      [
       16.6559177,
       57.429335
      ],
      [
       16.6550891,
       57.4290615
      ],
      [
       16.6542769,
       57.4287742
      ],
      [
       16.6534819,
       57.4284732
      ],
      [
       16.6527049,
       57.4281589
      ],
      [
       16.6519465,
       57.4278317
      ],
      [
       16.6512077,
       57.4274918
      ],
      [
       16.6504891,
       57.4271395
      ],
      [
       16.6497914,
       57.4267753
      ],
      [
       16.6491153,
       57.4263994
      ],
      [
       16.6484615,
       57.4260123
      ],
      [
       16.6478306,
       57.4256143
      ],
      [
       16.6472232,
       57.4252059
      ],
      [
       16.64664,
       57.4247873
      ],
      [
       16.6460815,
       57.4243591
      ],
      [
       16.6455483,
       57.4239217
      ],
      [
       16.6450409,
       57.4234755
      ],
      [
       16.6445597,
       57.4230209
      ],
      [
       16.6441054,
       57.4225584
      ],
      [
       16.6436782,
       57.4220884
      ],
      [
       16.6432787,
       57.4216115
      ],
      [
       16.6429072,
       57.421128
      ],
      [
       16.6425641,
       57.4206385
      ],
      [
       16.6422498,
       57.4201434
      ],
      [
       16.6419645,
       57.4196432
      ],
      [
       16.6417085,
       57.4191385
      ],
      [
       16.6414821,
       57.4186297
      ],
      [
       16.6412855,
       57.4181173
      ],
      [
       16.6411189,
       57.4176018
      ],
      [
       16.6409824,
       57.4170837
      ],
      [
       16.6408762,
       57.4165637
      ],
      [
       16.6408004,
       57.416042
      ],
      [
       16.6407551,
       57.4155194
      ],
      [
       16.6407403,
       57.4149962
      ],
      [
       16.640756,
       57.4144731
      ],
      [
       16.6408022,
       57.4139504
      ],
      [
       16.6408789,
       57.4134288
      ],
      [
       16.6409859,
       57.4129088
      ],
      [
       16.6411232,
       57.4123908
      ],
      [
       16.6412907,
       57.4118754
      ],
      [
       16.6414881,
       57.4113631
      ],
      [
       16.6417153,
       57.4108544
      ],
      [
       16.641972,
       57.4103498
      ],
      [
       16.6422581,
       57.4098498
      ],
      [
       16.6425731,
       57.4093548
      ],
      [
       16.6429169,
       57.4088655
      ],
      [
       16.643289,
       57.4083821
      ],
      [
       16.6436891,
       57.4079054
      ],
      [
       16.6441167,
       57.4074356
      ],
      [
       16.6445716,
       57.4069733
      ],
      [
       16.6450532,
       57.4065189
      ],
      [
       16.645561,
       57.4060729
      ],
      [
       16.6460946,
       57.4056357
      ],
      [
       16.6466534,
       57.4052077
      ],
      [
       16.6472368,
       57.4047894
      ],
      [
       16.6478444,
       57.4043812
      ],
      [
       16.6484754,
       57.4039834
      ],
      [
       16.6491293,
       57.4035966
      ],
      [
       16.6498054,
       57.403221
      ],
      [
       16.6505031,
       57.402857
      ],
      [
       16.6512217,
       57.4025049
      ],
      [
       16.6519604,
       57.4021652
      ],
      [
       16.6527185,
       57.4018382
      ],
      [
       16.6534953,
       57.4015242
      ],
      [
       16.65429,
       57.4012234
      ],
      [
       16.6551018,
       57.4009363
      ],
      [
       16.65593,
       57.400663
      ],
      [
       16.6567737,
       57.4004039
      ],
      [
       16.6576321,
       57.4001591
      ],
      [
       16.6585043,
       57.399929
      ],
      [
       16.6593894,
       57.3997138
      ],
      [
       16.6602867,
       57.3995137
      ],
      [
       16.6611952,
       57.3993288
      ],
      [
       16.662114,
       57.3991594
      ],
      [
       16.6630422,
       57.3990056
      ],
      [
       16.663979,
       57.3988676
      ],
      [
       16.6649233,
       57.3987455
      ],
      [
       16.6658742,
       57.3986395
      ],
      [
       16.6668309,
       57.3985495
      ],
      [
       16.6677923,
       57.3984759
      ],
      [
       16.6687576,
       57.3984185
      ],
      [
       16.6697257,
       57.3983774
      ],
      [
       16.6706957,
       57.3983528
      ],
      [
       16.6716667,
       57.3983446
      ],
      [
       16.6726376,
       57.3983528
      ],
      [
       16.6736077,
       57.3983774
      ],
      [
       16.6745758,
       57.3984185
      ],
      [
       16.675541,
       57.3984759
      ],
      [
       16.6765024,
       57.3985495
      ],
      [
       16.6774591,
       57.3986395
      ],
      [
       16.6784101,
       57.3987455
      ],
      [
       16.6793544,
       57.3988676
      ],
      [
       16.6802911,
       57.3990056
      ],
      [
       16.6812193,
       57.3991594
      ],
      [
       16.6821381,
       57.3993288
      ],
      [
       16.6830466,
       57.3995137
      ],
      [
       16.6839439,
       57.3997138
      ],
      [
       16.6848291,
       57.399929
      ],
      [
       16.6857013,
       57.4001591
      ],
      [
       16.6865596,
       57.4004039
      ],
      [
       16.6874033,
       57.400663
      ],
      [
       16.6882315,
       57.4009363
      ],
      [
       16.6890433,
       57.4012234
      ],
      [
       16.6898381,
       57.4015242
      ],
      [
       16.6906149,
       57.4018382
      ],
      [
       16.691373,
       57.4021652
      ],
      [
       16.6921117,
       57.4025049
      ],
      [
       16.6928302,
       57.402857
      ],
      [
       16.6935279,
       57.403221
      ],
      [
       16.694204,
       57.4035966
      ],
      [
       16.6948579,
       57.4039834
      ],
      [
       16.695489,
       57.4043812
      ],
      [
       16.6960965,
       57.4047894
      ],
      [
       16.69668,
       57.4052077
      ],
      [
       16.6972387,
       57.4056357
      ],
      [
       16.6977723,
       57.4060729
      ],
      [
       16.6982801,
       57.4065189
      ],
      [
       16.6987617,
       57.4069733
      ],
      [
       16.6992166,
       57.4074356
      ],
      [
       16.6996443,
       57.4079054
      ],
      [
       16.7000444,
       57.4083821
      ],
      [
       16.7004165,
       57.4088655
      ],
      [
       16.7007602,
       57.4093548
      ],
      [
       16.7010753,
       57.4098498
      ],
      [
       16.7013613,
       57.4103498
      ],
      [
       16.7016181,
       57.4108544
      ],
      [
       16.7018453,
       57.4113631
      ],
      [
       16.7020427,
       57.4118754
      ],
      [
       16.7022101,
       57.4123908
      ],
      [
       16.7023474,
       57.4129088
      ],
      [
       16.7024545,
       57.4134288
      ],
      [
       16.7025311,
       57.4139504
      ],
      [
       16.7025774,
       57.4144731
      ],
      [
       16.7025931,
       57.4149962
      ],
      [
       16.7025782,
       57.4155194
      ],
      [
       16.7025329,
       57.416042
      ],
      [
       16.7024571,
       57.4165637
      ],
      [
       16.7023509,
       57.4170837
      ],
      [
       16.7022145,
       57.4176018
      ],
      [
       16.7020479,
       57.4181173
      ],
      [
       16.7018512,
       57.4186297
      ],
      [
       16.7016248,
       57.4191385
      ],
      [
       16.7013688,
       57.4196432
      ],
      [
       16.7010835,
       57.4201434
      ],
      [
       16.7007692,
       57.4206385
      ],
      [
       16.7004261,
       57.421128
      ],
      [
       16.7000546,
       57.4216115
      ],
      [
       16.6996551,
       57.4220884
      ],
      [
       16.699228,
       57.4225584
      ],
      [
       16.6987736,
       57.4230209
      ],
      [
       16.6982925,
       57.4234755
      ],
      [
       16.697785,
       57.4239217
      ],
      [
       16.6972518,
       57.4243591
      ],
      [
       16.6966933,
       57.4247873
      ],
      [
       16.6961101,
       57.4252059
      ],
      [
       16.6955028,
       57.4256143
      ],
      [
       16.6948719,
       57.4260123
      ],
      [
       16.6942181,
       57.4263994
      ],
      [
       16.693542,
       57.4267753
      ],
      [
       16.6928443,
       57.4271395
      ],
      [
       16.6921256,
       57.4274918
      ],
      [
       16.6913868,
       57.4278317
      ],
      [
       16.6906285,
       57.4281589
      ],
      [
       16.6898514,
       57.4284732
      ],
      [
       16.6890564,
       57.4287742
      ],
      [
       16.6882442,
       57.4290615
      ],
      [
       16.6874156,
       57.429335
      ],
      [
       16.6865715,
       57.4295944
      ],
      [
       16.6857126,
       57.4298393
      ],
      [
       16.6848399,
       57.4300696
      ],
      [
       16.6839541,
       57.430285
      ],
      [
       16.6830562,
       57.4304853
      ],
      [
       16.6821471,
       57.4306703
      ],
      [
       16.6812276,
       57.4308399
      ],
      [
       16.6802986,
       57.4309938
      ],
      [
       16.6793611,
       57.4311319
      ],
      [
       16.678416,
       57.4312541
      ],
      [
       16.6774643,
       57.4313603
      ],
      [
       16.6765068,
       57.4314503
      ],
      [
       16.6755445,
       57.431524
      ],
      [
       16.6745784,
       57.4315815
      ],
      [
       16.6736094,
       57.4316225
      ],
      [
       16.6726385,
       57.4316472
      ],
      [
       16.6716667,
       57.4316554
      ]
     ]
    ]
   }
  },
  {
   "type": "Feature",
   "properties": {
    "ll": {
     "value": 0,
     "unit": 1,
     "referenceDatum": 0
    },
    "ul": {
     "value": 610,
     "unit": 0,
     "referenceDatum": 1
    },
    "_id": "62e0fb82fd421ae8bc07aa65",
    "name": "R109 RINGHALS",
    "type": 1,
    "icao": 7,
    "bnd": [
     [
      57.2416779,
      12.0792052
     ],
     [
      57.2749887,
      12.1407948
     ]
    ]
   },
   "geometry": {
    "type": "Polygon",
    "coordinates": [
     [
      [
       12.11,
       57.2749887
      ],
      [
       12.1090323,
       57.2749805
      ],
      [
       12.1080655,
       57.2749559
      ],
      [
       12.1071007,
       57.2749148
      ],
      [
       12.1061387,
       57.2748574
      ],
      [
       12.1051805,
       57.2747836
      ],
      [
       12.1042271,
       57.2746936
      ],
      [
       12.1032794,
       57.2745875
      ],
      [
       12.1023383,
       57.2744653
      ],
      [
       12.1014048,
       57.2743271
      ],
      [
       12.1004798,
       57.2741732
      ],
      [
       12.0995642,
       57.2740037
      ],
      [
       12.0986589,
       57.2738186
      ],
      [
       12.0977648,
       57.2736183
      ],
      [
       12.0968829,
       57.2734029
      ],
      [
       12.0960138,
       57.2731726
      ],
      [
       12.0951586,
       57.2729277
      ],
      [
       12.0943181,
       57.2726684
      ],
      [
       12.093493,
       57.2723949
      ],
      [
       12.0926843,
       57.2721075
      ],
      [
       12.0918927,
       57.2718065
      ],
      [
       12.0911189,
       57.2714923
      ],
      [
       12.0903638,
       57.271165
      ],
      [
       12.0896282,
       57.2708251
      ],
      [
       12.0889126,
       57.2704728
      ],
      [
       12.0882179,
       57.2701086
      ],
      [
       12.0875446,
       57.2697327
      ],
      [
       12.0868936,
       57.2693456
      ],
      [
       12.0862654,
       57.2689477
      ],
      [
       12.0856606,
       57.2685392
      ],
      [
       12.0850799,
       57.2681207
      ],
      [
       12.0845238,
       57.2676925
      ],
      [
       12.0839928,
       57.2672551
      ],
      [
       12.0834876,
       57.2668088
      ],
      [
       12.0830085,
       57.2663542
      ],
      [
       12.082556,
       57.2658917
      ],
      [
       12.0821307,
       57.2654218
      ],
      [
       12.0817329,
       57.2649448
      ],
      [
       12.081363,
       57.2644613
      ],
      [
       12.0810214,
       57.2639718
      ],
      [
       12.0807084,
       57.2634767
      ],
      [
       12.0804243,
       57.2629766
      ],
      [
       12.0801694,
       57.2624718
      ],
      [
       12.0799439,
       57.261963
      ],
      [
       12.0797481,
       57.2614506
      ],
      [
       12.0795822,
       57.2609351
      ],
      [
       12.0794463,
       57.2604171
      ],
      [
       12.0793406,
       57.259897
      ],
      [
       12.0792651,
       57.2593754
      ],
      [
       12.07922,
       57.2588527
      ],
      [
       12.0792052,
       57.2583296
      ],
      [
       12.0792209,
       57.2578064
      ],
      [
       12.0792669,
       57.2572838
      ],
      [
       12.0793432,
       57.2567622
      ],
      [
       12.0794498,
       57.2562422
      ],
      [
       12.0795865,
       57.2557242
      ],
      [
       12.0797533,
       57.2552088
      ],
      [
       12.0799498,
       57.2546965
      ],
      [
       12.0801761,
       57.2541878
      ],
      [
       12.0804317,
       57.2536831
      ],
      [
       12.0807165,
       57.2531831
      ],
      [
       12.0810302,
       57.2526882
      ],
      [
       12.0813725,
       57.2521988
      ],
      [
       12.081743,
       57.2517155
      ],
      [
       12.0821414,
       57.2512387
      ],
      [
       12.0825673,
       57.2507689
      ],
      [
       12.0830202,
       57.2503066
      ],
      [
       12.0834998,
       57.2498522
      ],
      [
       12.0840054,
       57.2494062
      ],
      [
       12.0845367,
       57.248969
      ],
      [
       12.0850931,
       57.2485411
      ],
      [
       12.0856741,
       57.2481228
      ],
      [
       12.0862791,
       57.2477145
      ],
      [
       12.0869074,
       57.2473168
      ],
      [
       12.0875585,
       57.2469299
      ],
      [
       12.0882318,
       57.2465543
      ],
      [
       12.0889265,
       57.2461903
      ],
      [
       12.089642,
       57.2458383
      ],
      [
       12.0903775,
       57.2454986
      ],
      [
       12.0911324,
       57.2451716
      ],
      [
       12.0919059,
       57.2448575
      ],
      [
       12.0926972,
       57.2445568
      ],
      [
       12.0935056,
       57.2442696
      ],
      [
       12.0943303,
       57.2439963
      ],
      [
       12.0951704,
       57.2437372
      ],
      [
       12.0960251,
       57.2434925
      ],
      [
       12.0968936,
       57.2432624
      ],
      [
       12.097775,
       57.2430472
      ],
      [
       12.0986685,
       57.242847
      ],
      [
       12.0995731,
       57.2426621
      ],
      [
       12.100488,
       57.2424927
      ],
      [
       12.1014123,
       57.242339
      ],
      [
       12.102345,
       57.2422009
      ],
      [
       12.1032853,
       57.2420789
      ],
      [
       12.1042322,
       57.2419728
      ],
      [
       12.1051848,
       57.2418829
      ],
      [
       12.1061421,
       57.2418092
      ],
      [
       12.1071033,
       57.2417518
      ],
      [
       12.1080673,
       57.2417108
      ],
      [
       12.1090331,
       57.2416861
      ],
      [
       12.11,
       57.2416779
      ],
      [
       12.1109669,
       57.2416861
      ],
      [
       12.1119327,
       57.2417108
      ],
      [
       12.1128967,
       57.2417518
      ],
      [
       12.1138579,
       57.2418092
      ],
      [
       12.1148152,
       57.2418829
      ],
      [
       12.1157678,
       57.2419728
      ],
      [
       12.1167147,
       57.2420789
      ],
      [
       12.117655,
       57.2422009
      ],
      [
       12.1185877,
       57.242339
      ],
      [
       12.119512,
       57.2424927
      ],
      [
       12.1204269,
       57.2426621
      ],
      [
       12.1213315,
       57.242847
      ],
      [
       12.122225,
       57.2430472
      ],
      [
       12.1231064,
       57.2432624
      ],
      [
       12.1239749,
       57.2434925
      ],
      [
       12.1248296,
       57.2437372
      ],
      [
       12.1256697,
       57.2439963
      ],
      [
       12.1264944,
       57.2442696
      ],
      [
       12.1273028,
       57.2445568
      ],
      [
       12.1280941,
       57.2448575
      ],
      [
       12.1288676,
       57.2451716
      ],
      [
       12.1296225,
       57.2454986
      ],
      [
       12.130358,
       57.2458383
      ],
      [
       12.1310735,
       57.2461903
      ],
      [
       12.1317682,
       57.2465543
      ],
      [
       12.1324415,
       57.2469299
      ],
      [
       12.1330926,
       57.2473168
      ],
      [
       12.1337209,
       57.2477145
      ],
      [
       12.1343259,
       57.2481228
      ],
      [
       12.1349069,
       57.2485411
      ],
      [
       12.1354633,
       57.248969
      ],
      [
       12.1359946,
       57.2494062
      ],
      [
       12.1365002,
       57.2498522
      ],
      [
       12.1369798,
       57.2503066
      ],
      [
       12.1374327,
       57.2507689
      ],
      [
       12.1378586,
       57.2512387
      ],
      [
       12.138257,
       57.2517155
      ],
      [
       12.1386275,
       57.2521988
      ],
      [
       12.1389698,
       57.2526882
      ],
      [
       12.1392835,
       57.2531831
      ],
      [
       12.1395683,
       57.2536831
      ],
      [
       12.1398239,
       57.2541878
      ],
      [
       12.1400502,
       57.2546965
      ],
      [
       12.1402467,
       57.2552088
      ],
      [
       12.1404135,
       57.2557242
      ],
      [
       12.1405502,
       57.2562422
      ],
      [
       12.1406568,
       57.2567622
      ],
      [
       12.1407331,
       57.2572838
      ],
      [
       12.1407791,
       57.2578064
      ],
      [
       12.1407948,
       57.2583296
      ],
      [
       12.14078,
       57.2588527
      ],
      [
       12.1407349,
       57.2593754
      ],
      [
       12.1406594,
       57.259897
      ],
      [
       12.1405537,
       57.2604171
      ],
      [
       12.1404178,
       57.2609351
      ],
      [
       12.1402519,
       57.2614506
      ],
      [
       12.1400561,
       57.261963
      ],
      [
       12.1398306,
       57.2624718
      ],
      [
       12.1395757,
       57.2629766
      ],
      [
       12.1392916,
       57.2634767
      ],
      [
       12.1389786,
       57.2639718
      ],
      [
       12.138637,
       57.2644613
      ],
      [
       12.1382671,
       57.2649448
      ],
      [
       12.1378693,
       57.2654218
      ],
      [
       12.137444,
       57.2658917
      ],
      [
       12.1369915,
       57.2663542
      ],
      [
       12.1365124,
       57.2668088
      ],
      [
       12.1360072,
       57.2672551
      ],
      [
       12.1354762,
       57.2676925
      ],
      [
       12.1349201,
       57.2681207
      ],
      [
       12.1343394,
       57.2685392
      ],
      [
       12.1337346,
       57.2689477
      ],
      [
       12.1331064,
       57.2693456
      ],
      [
       12.1324554,
       57.2697327
      ],
      [
       12.1317821,
       57.2701086
      ],
      [
       12.1310874,
       57.2704728
      ],
      [
       12.1303718,
       57.2708251
      ],
      [
       12.1296362,
       57.271165
      ],
      [
       12.1288811,
       57.2714923
      ],
      [
       12.1281073,
       57.2718065
      ],
      [
       12.1273157,
       57.2721075
      ],
      [
       12.126507,
       57.2723949
      ],
      [
       12.1256819,
       57.2726684
      ],
      [
       12.1248414,
       57.2729277
      ],
      [
       12.1239862,
       57.2731726
      ],
      [
       12.1231171,
       57.2734029
      ],
      [
       12.1222352,
       57.2736183
      ],
      [
       12.1213411,
       57.2738186
      ],
      [
       12.1204358,
       57.2740037
      ],
      [
       12.1195202,
       57.2741732
      ],
      [
       12.1185952,
       57.2743271
      ],
      [
       12.1176617,
       57.2744653
      ],
      [
       12.1167206,
       57.2745875
      ],
      [
       12.1157729,
       57.2746936
      ],
      [
       12.1148195,
       57.2747836
      ],
      [
       12.1138613,
       57.2748574
      ],
      [
       12.1128993,
       57.2749148
      ],
      [
       12.1119345,
       57.2749559
      ],
      [
       12.1109677,
       57.2749805
      ],
      [
       12.11,
       57.2749887
      ]
     ]
    ]
   }
  },
  {
   "type": "Feature",
   "properties": {
    "ll": {
     "value": 0,
     "unit": 1,
     "referenceDatum": 0
    },
    "ul": {
     "value": 999,
     "unit": 6,
     "referenceDatum": 2
    },
    "_id": "62e0fb77fd421ae8bc07a644",
    "name": "R11 MOUTH OF ÅNGERMANÄLVEN",
    "type": 1,
    "icao": 7,
    "bnd": [
     [
      62.6405556,
      17.9630556
     ],
     [
      62.8738889,
      18.3961111
     ]
    ]
   },
   "geometry": {
    "type": "Polygon",
    "coordinates": [
     [
      [
       18.0794444,
       62.8738889
      ],
      [
       18.3961111,
       62.7072222
      ],
      [
       18.2961111,
       62.6405556
      ],
      [
       17.9630556,
       62.6405556
      ],
      [
       18.0297222,
       62.8322222
      ],
      [
       18.0794444,
       62.8738889
      ]
     ]
    ]
   }
  },
  {
   "type": "Feature",
   "properties": {
    "ll": {
     "value": 0,
     "unit": 1,
     "referenceDatum": 0
    },
    "ul": {
     "value": 460,
     "unit": 0,
     "referenceDatum": 1
    },
    "_id": "62e0fb82fd421ae8bc07aa6e",
    "name": "R110 HUDDINGE",
    "type": 1,
    "icao": 7,
    "bnd": [
     [
      59.2044512,
      17.9129753
     ],
     [
      59.2244377,
      17.9520247
     ]
    ]
   },
   "geometry": {
    "type": "Polygon",
    "coordinates": [
     [
      [
       17.9325,
       59.2244377
      ],
      [
       17.9318865,
       59.2244328
      ],
      [
       17.9312737,
       59.224418
      ],
      [
       17.930662,
       59.2243933
      ],
      [
       17.9300522,
       59.2243589
      ],
      [
       17.9294448,
       59.2243146
      ],
      [
       17.9288404,
       59.2242606
      ],
      [
       17.9282396,
       59.224197
      ],
      [
       17.927643,
       59.2241236
      ],
      [
       17.9270513,
       59.2240408
      ],
      [
       17.9264649,
       59.2239484
      ],
      [
       17.9258844,
       59.2238467
      ],
      [
       17.9253105,
       59.2237357
      ],
      [
       17.9247437,
       59.2236156
      ],
      [
       17.9241846,
       59.2234863
      ],
      [
       17.9236337,
       59.2233482
      ],
      [
       17.9230915,
       59.2232013
      ],
      [
       17.9225586,
       59.2230457
      ],
      [
       17.9220356,
       59.2228816
      ],
      [
       17.9215228,
       59.2227092
      ],
      [
       17.921021,
       59.2225286
      ],
      [
       17.9205304,
       59.2223401
      ],
      [
       17.9200517,
       59.2221438
      ],
      [
       17.9195853,
       59.2219399
      ],
      [
       17.9191316,
       59.2217285
      ],
      [
       17.9186911,
       59.22151
      ],
      [
       17.9182643,
       59.2212845
      ],
      [
       17.9178515,
       59.2210523
      ],
      [
       17.9174532,
       59.2208135
      ],
      [
       17.9170697,
       59.2205685
      ],
      [
       17.9167015,
       59.2203174
      ],
      [
       17.9163489,
       59.2200605
      ],
      [
       17.9160122,
       59.2197981
      ],
      [
       17.9156918,
       59.2195303
      ],
      [
       17.915388,
       59.2192576
      ],
      [
       17.9151011,
       59.2189801
      ],
      [
       17.9148313,
       59.2186982
      ],
      [
       17.914579,
       59.218412
      ],
      [
       17.9143444,
       59.2181219
      ],
      [
       17.9141278,
       59.2178282
      ],
      [
       17.9139292,
       59.2175312
      ],
      [
       17.913749,
       59.2172311
      ],
      [
       17.9135873,
       59.2169283
      ],
      [
       17.9134443,
       59.216623
      ],
      [
       17.9133201,
       59.2163156
      ],
      [
       17.9132148,
       59.2160063
      ],
      [
       17.9131286,
       59.2156955
      ],
      [
       17.9130614,
       59.2153834
      ],
      [
       17.9130135,
       59.2150705
      ],
      [
       17.9129848,
       59.2147569
      ],
      [
       17.9129753,
       59.214443
      ],
      [
       17.9129851,
       59.2141291
      ],
      [
       17.9130142,
       59.2138155
      ],
      [
       17.9130625,
       59.2135025
      ],
      [
       17.91313,
       59.2131905
      ],
      [
       17.9132166,
       59.2128797
      ],
      [
       17.9133222,
       59.2125705
      ],
      [
       17.9134467,
       59.2122631
      ],
      [
       17.9135901,
       59.2119579
      ],
      [
       17.9137521,
       59.2116551
      ],
      [
       17.9139326,
       59.211355
      ],
      [
       17.9141314,
       59.2110581
      ],
      [
       17.9143484,
       59.2107644
      ],
      [
       17.9145832,
       59.2104744
      ],
      [
       17.9148357,
       59.2101883
      ],
      [
       17.9151057,
       59.2099064
      ],
      [
       17.9153928,
       59.209629
      ],
      [
       17.9156968,
       59.2093564
      ],
      [
       17.9160173,
       59.2090888
      ],
      [
       17.9163542,
       59.2088264
      ],
      [
       17.9167069,
       59.2085696
      ],
      [
       17.9170752,
       59.2083186
      ],
      [
       17.9174588,
       59.2080736
      ],
      [
       17.9178572,
       59.207835
      ],
      [
       17.91827,
       59.2076028
      ],
      [
       17.9186968,
       59.2073774
      ],
      [
       17.9191373,
       59.207159
      ],
      [
       17.9195909,
       59.2069478
      ],
      [
       17.9200573,
       59.2067439
      ],
      [
       17.9205359,
       59.2065477
      ],
      [
       17.9210264,
       59.2063592
      ],
      [
       17.9215282,
       59.2061788
      ],
      [
       17.9220407,
       59.2060064
      ],
      [
       17.9225636,
       59.2058425
      ],
      [
       17.9230963,
       59.205687
      ],
      [
       17.9236383,
       59.2055401
      ],
      [
       17.924189,
       59.205402
      ],
      [
       17.9247479,
       59.2052729
      ],
      [
       17.9253144,
       59.2051528
      ],
      [
       17.9258881,
       59.2050418
      ],
      [
       17.9264682,
       59.2049402
      ],
      [
       17.9270543,
       59.2048479
      ],
      [
       17.9276458,
       59.2047651
      ],
      [
       17.928242,
       59.2046918
      ],
      [
       17.9288425,
       59.2046282
      ],
      [
       17.9294465,
       59.2045742
      ],
      [
       17.9300536,
       59.20453
      ],
      [
       17.9306631,
       59.2044955
      ],
      [
       17.9312744,
       59.2044709
      ],
      [
       17.9318869,
       59.2044561
      ],
      [
       17.9325,
       59.2044512
      ],
      [
       17.9331131,
       59.2044561
      ],
      [
       17.9337256,
       59.2044709
      ],
      [
       17.9343369,
       59.2044955
      ],
      [
       17.9349464,
       59.20453
      ],
      [
       17.9355535,
       59.2045742
      ],
      [
       17.9361575,
       59.2046282
      ],
      [
       17.936758,
       59.2046918
      ],
      [
       17.9373542,
       59.2047651
      ],
      [
       17.9379457,
       59.2048479
      ],
      [
       17.9385318,
       59.2049402
      ],
      [
       17.9391119,
       59.2050418
      ],
      [
       17.9396856,
       59.2051528
      ],
      [
       17.9402521,
       59.2052729
      ],
      [
       17.940811,
       59.205402
      ],
      [
       17.9413617,
       59.2055401
      ],
      [
       17.9419037,
       59.205687
      ],
      [
       17.9424364,
       59.2058425
      ],
      [
       17.9429593,
       59.2060064
      ],
      [
       17.9434718,
       59.2061788
      ],
      [
       17.9439736,
       59.2063592
      ],
      [
       17.9444641,
       59.2065477
      ],
      [
       17.9449427,
       59.2067439
      ],
      [
       17.9454091,
       59.2069478
      ],
      [
       17.9458627,
       59.207159
      ],
      [
       17.9463032,
       59.2073774
      ],
      [
       17.94673,
       59.2076028
      ],
      [
       17.9471428,
       59.207835
      ],
      [
       17.9475412,
       59.2080736
      ],
      [
       17.9479248,
       59.2083186
      ],
      [
       17.9482931,
       59.2085696
      ],
      [
       17.9486458,
       59.2088264
      ],
      [
       17.9489827,
       59.2090888
      ],
      [
       17.9493032,
       59.2093564
      ],
      [
       17.9496072,
       59.209629
      ],
      [
       17.9498943,
       59.2099064
      ],
      [
       17.9501643,
       59.2101883
      ],
      [
       17.9504168,
       59.2104744
      ],
      [
       17.9506516,
       59.2107644
      ],
      [
       17.9508686,
       59.2110581
      ],
      [
       17.9510674,
       59.211355
      ],
      [
       17.9512479,
       59.2116551
      ],
      [
       17.9514099,
       59.2119579
      ],
      [
       17.9515533,
       59.2122631
      ],
      [
       17.9516778,
       59.2125705
      ],
      [
       17.9517834,
       59.2128797
      ],
      [
       17.95187,
       59.2131905
      ],
      [
       17.9519375,
       59.2135025
      ],
      [
       17.9519858,
       59.2138155
      ],
      [
       17.9520149,
       59.2141291
      ],
      [
       17.9520247,
       59.214443
      ],
      [
       17.9520152,
       59.2147569
      ],
      [
       17.9519865,
       59.2150705
      ],
      [
       17.9519386,
       59.2153834
      ],
      [
       17.9518714,
       59.2156955
      ],
      [
       17.9517852,
       59.2160063
      ],
      [
       17.9516799,
       59.2163156
      ],
      [
       17.9515557,
       59.216623
      ],
      [
       17.9514127,
       59.2169283
      ],
      [
       17.951251,
       59.2172311
      ],
      [
       17.9510708,
       59.2175312
      ],
      [
       17.9508722,
       59.2178282
      ],
      [
       17.9506556,
       59.2181219
      ],
      [
       17.950421,
       59.218412
      ],
      [
       17.9501687,
       59.2186982
      ],
      [
       17.9498989,
       59.2189801
      ],
      [
       17.949612,
       59.2192576
      ],
      [
       17.9493082,
       59.2195303
      ],
      [
       17.9489878,
       59.2197981
      ],
      [
       17.9486511,
       59.2200605
      ],
      [
       17.9482985,
       59.2203174
      ],
      [
       17.9479303,
       59.2205685
      ],
      [
       17.9475468,
       59.2208135
      ],
      [
       17.9471485,
       59.2210523
      ],
      [
       17.9467357,
       59.2212845
      ],
      [
       17.9463089,
       59.22151
      ],
      [
       17.9458684,
       59.2217285
      ],
      [
       17.9454147,
       59.2219399
      ],
      [
       17.9449483,
       59.2221438
      ],
      [
       17.9444696,
       59.2223401
      ],
      [
       17.943979,
       59.2225286
      ],
      [
       17.9434772,
       59.2227092
      ],
      [
       17.9429644,
       59.2228816
      ],
      [
       17.9424414,
       59.2230457
      ],
      [
       17.9419085,
       59.2232013
      ],
      [
       17.9413663,
       59.2233482
      ],
      [
       17.9408154,
       59.2234863
      ],
      [
       17.9402563,
       59.2236156
      ],
      [
       17.9396895,
       59.2237357
      ],
      [
       17.9391156,
       59.2238467
      ],
      [
       17.9385351,
       59.2239484
      ],
      [
       17.9379487,
       59.2240408
      ],
      [
       17.937357,
       59.2241236
      ],
      [
       17.9367604,
       59.224197
      ],
      [
       17.9361596,
       59.2242606
      ],
      [
       17.9355552,
       59.2243146
      ],
      [
       17.9349478,
       59.2243589
      ],
      [
       17.934338,
       59.2243933
      ],
      [
       17.9337263,
       59.224418
      ],
      [
       17.9331135,
       59.2244328
      ],
      [
       17.9325,
       59.2244377
      ]
     ]
    ]
   }
  },
  {
   "type": "Feature",
   "properties": {
    "ll": {
     "value": 0,
     "unit": 1,
     "referenceDatum": 0
    },
    "ul": {
     "value": 610,
     "unit": 0,
     "referenceDatum": 1
    },
    "_id": "62e0fb82fd421ae8bc07aa77",
    "name": "R111 SÖRENTORP",
    "type": 1,
    "icao": 7,
    "bnd": [
     [
      59.3866734,
      17.9717593
     ],
     [
      59.4066599,
      18.0110185
     ]
    ]
   },
   "geometry": {
    "type": "Polygon",
    "coordinates": [
     [
      [
       17.9913889,
       59.4066599
      ],
      [
       17.9907721,
       59.406655
      ],
      [
       17.990156,
       59.4066402
      ],
      [
       17.989541,
       59.4066156
      ],
      [
       17.9889279,
       59.4065811
      ],
      [
       17.9883173,
       59.4065368
      ],
      [
       17.9877096,
       59.4064829
      ],
      [
       17.9871056,
       59.4064192
      ],
      [
       17.9865058,
       59.4063459
      ],
      [
       17.9859109,
       59.406263
      ],
      [
       17.9853213,
       59.4061707
      ],
      [
       17.9847378,
       59.406069
      ],
      [
       17.9841608,
       59.405958
      ],
      [
       17.9835909,
       59.4058378
      ],
      [
       17.9830288,
       59.4057086
      ],
      [
       17.9824749,
       59.4055704
      ],
      [
       17.9819298,
       59.4054235
      ],
      [
       17.9813941,
       59.4052679
      ],
      [
       17.9808682,
       59.4051038
      ],
      [
       17.9803527,
       59.4049314
      ],
      [
       17.9798482,
       59.4047509
      ],
      [
       17.979355,
       59.4045623
      ],
      [
       17.9788737,
       59.404366
      ],
      [
       17.9784047,
       59.4041621
      ],
      [
       17.9779486,
       59.4039507
      ],
      [
       17.9775058,
       59.4037322
      ],
      [
       17.9770767,
       59.4035067
      ],
      [
       17.9766617,
       59.4032745
      ],
      [
       17.9762612,
       59.4030357
      ],
      [
       17.9758757,
       59.4027907
      ],
      [
       17.9755055,
       59.4025396
      ],
      [
       17.975151,
       59.4022827
      ],
      [
       17.9748125,
       59.4020203
      ],
      [
       17.9744904,
       59.4017526
      ],
      [
       17.9741849,
       59.4014798
      ],
      [
       17.9738965,
       59.4012023
      ],
      [
       17.9736253,
       59.4009204
      ],
      [
       17.9733716,
       59.4006342
      ],
      [
       17.9731358,
       59.4003442
      ],
      [
       17.972918,
       59.4000505
      ],
      [
       17.9727184,
       59.3997534
      ],
      [
       17.9725372,
       59.3994533
      ],
      [
       17.9723746,
       59.3991505
      ],
      [
       17.9722308,
       59.3988452
      ],
      [
       17.9721059,
       59.3985378
      ],
      [
       17.9720001,
       59.3982285
      ],
      [
       17.9719134,
       59.3979177
      ],
      [
       17.9718459,
       59.3976057
      ],
      [
       17.9717977,
       59.3972927
      ],
      [
       17.9717688,
       59.3969791
      ],
      [
       17.9717593,
       59.3966652
      ],
      [
       17.9717692,
       59.3963513
      ],
      [
       17.9717984,
       59.3960377
      ],
      [
       17.971847,
       59.3957248
      ],
      [
       17.9719148,
       59.3954127
      ],
      [
       17.9720019,
       59.3951019
      ],
      [
       17.9721081,
       59.3947927
      ],
      [
       17.9722333,
       59.3944853
      ],
      [
       17.9723774,
       59.3941801
      ],
      [
       17.9725403,
       59.3938773
      ],
      [
       17.9727218,
       59.3935773
      ],
      [
       17.9729216,
       59.3932803
      ],
      [
       17.9731398,
       59.3929866
      ],
      [
       17.9733759,
       59.3926966
      ],
      [
       17.9736298,
       59.3924105
      ],
      [
       17.9739012,
       59.3921287
      ],
      [
       17.9741898,
       59.3918513
      ],
      [
       17.9744954,
       59.3915786
      ],
      [
       17.9748177,
       59.391311
      ],
      [
       17.9751563,
       59.3910486
      ],
      [
       17.975511,
       59.3907918
      ],
      [
       17.9758813,
       59.3905408
      ],
      [
       17.9762669,
       59.3902959
      ],
      [
       17.9766674,
       59.3900572
      ],
      [
       17.9770824,
       59.389825
      ],
      [
       17.9775116,
       59.3895996
      ],
      [
       17.9779544,
       59.3893812
      ],
      [
       17.9784105,
       59.38917
      ],
      [
       17.9788794,
       59.3889661
      ],
      [
       17.9793606,
       59.3887699
      ],
      [
       17.9798537,
       59.3885815
      ],
      [
       17.9803581,
       59.388401
      ],
      [
       17.9808735,
       59.3882287
      ],
      [
       17.9813992,
       59.3880647
      ],
      [
       17.9819347,
       59.3879092
      ],
      [
       17.9824796,
       59.3877623
      ],
      [
       17.9830333,
       59.3876242
      ],
      [
       17.9835952,
       59.3874951
      ],
      [
       17.9841647,
       59.387375
      ],
      [
       17.9847415,
       59.387264
      ],
      [
       17.9853247,
       59.3871624
      ],
      [
       17.985914,
       59.3870701
      ],
      [
       17.9865086,
       59.3869873
      ],
      [
       17.9871081,
       59.386914
      ],
      [
       17.9877117,
       59.3868504
      ],
      [
       17.988319,
       59.3867964
      ],
      [
       17.9889294,
       59.3867522
      ],
      [
       17.9895421,
       59.3867178
      ],
      [
       17.9901567,
       59.3866931
      ],
      [
       17.9907725,
       59.3866783
      ],
      [
       17.9913889,
       59.3866734
      ],
      [
       17.9920053,
       59.3866783
      ],
      [
       17.9926211,
       59.3866931
      ],
      [
       17.9932357,
       59.3867178
      ],
      [
       17.9938484,
       59.3867522
      ],
      [
       17.9944587,
       59.3867964
      ],
      [
       17.995066,
       59.3868504
      ],
      [
       17.9956697,
       59.386914
      ],
      [
       17.9962692,
       59.3869873
      ],
      [
       17.9968638,
       59.3870701
      ],
      [
       17.9974531,
       59.3871624
      ],
      [
       17.9980363,
       59.387264
      ],
      [
       17.998613,
       59.387375
      ],
      [
       17.9991826,
       59.3874951
      ],
      [
       17.9997445,
       59.3876242
      ],
      [
       18.0002982,
       59.3877623
      ],
      [
       18.0008431,
       59.3879092
      ],
      [
       18.0013786,
       59.3880647
      ],
      [
       18.0019043,
       59.3882287
      ],
      [
       18.0024197,
       59.388401
      ],
      [
       18.0029241,
       59.3885815
      ],
      [
       18.0034172,
       59.3887699
      ],
      [
       18.0038984,
       59.3889661
      ],
      [
       18.0043673,
       59.38917
      ],
      [
       18.0048234,
       59.3893812
      ],
      [
       18.0052662,
       59.3895996
      ],
      [
       18.0056953,
       59.389825
      ],
      [
       18.0061104,
       59.3900572
      ],
      [
       18.0065109,
       59.3902959
      ],
      [
       18.0068965,
       59.3905408
      ],
      [
       18.0072668,
       59.3907918
      ],
      [
       18.0076214,
       59.3910486
      ],
      [
       18.0079601,
       59.391311
      ],
      [
       18.0082824,
       59.3915786
      ],
      [
       18.008588,
       59.3918513
      ],
      [
       18.0088766,
       59.3921287
      ],
      [
       18.009148,
       59.3924105
      ],
      [
       18.0094019,
       59.3926966
      ],
      [
       18.009638,
       59.3929866
      ],
      [
       18.0098561,
       59.3932803
      ],
      [
       18.010056,
       59.3935773
      ],
      [
       18.0102375,
       59.3938773
      ],
      [
       18.0104004,
       59.3941801
      ],
      [
       18.0105445,
       59.3944853
      ],
      [
       18.0106697,
       59.3947927
      ],
      [
       18.0107759,
       59.3951019
      ],
      [
       18.010863,
       59.3954127
      ],
      [
       18.0109308,
       59.3957248
      ],
      [
       18.0109794,
       59.3960377
      ],
      [
       18.0110086,
       59.3963513
      ],
      [
       18.0110185,
       59.3966652
      ],
      [
       18.011009,
       59.3969791
      ],
      [
       18.0109801,
       59.3972927
      ],
      [
       18.0109319,
       59.3976057
      ],
      [
       18.0108644,
       59.3979177
      ],
      [
       18.0107777,
       59.3982285
      ],
      [
       18.0106718,
       59.3985378
      ],
      [
       18.0105469,
       59.3988452
      ],
      [
       18.0104032,
       59.3991505
      ],
      [
       18.0102406,
       59.3994533
      ],
      [
       18.0100594,
       59.3997534
      ],
      [
       18.0098598,
       59.4000505
      ],
      [
       18.009642,
       59.4003442
      ],
      [
       18.0094061,
       59.4006342
      ],
      [
       18.0091525,
       59.4009204
      ],
      [
       18.0088813,
       59.4012023
      ],
      [
       18.0085929,
       59.4014798
      ],
      [
       18.0082874,
       59.4017526
      ],
      [
       18.0079653,
       59.4020203
      ],
      [
       18.0076268,
       59.4022827
      ],
      [
       18.0072723,
       59.4025396
      ],
      [
       18.0069021,
       59.4027907
      ],
      [
       18.0065166,
       59.4030357
      ],
      [
       18.0061161,
       59.4032745
      ],
      [
       18.0057011,
       59.4035067
      ],
      [
       18.005272,
       59.4037322
      ],
      [
       18.0048291,
       59.4039507
      ],
      [
       18.004373,
       59.4041621
      ],
      [
       18.0039041,
       59.404366
      ],
      [
       18.0034228,
       59.4045623
      ],
      [
       18.0029296,
       59.4047509
      ],
      [
       18.002425,
       59.4049314
      ],
      [
       18.0019096,
       59.4051038
      ],
      [
       18.0013837,
       59.4052679
      ],
      [
       18.000848,
       59.4054235
      ],
      [
       18.0003029,
       59.4055704
      ],
      [
       17.999749,
       59.4057086
      ],
      [
       17.9991868,
       59.4058378
      ],
      [
       17.998617,
       59.405958
      ],
      [
       17.99804,
       59.406069
      ],
      [
       17.9974565,
       59.4061707
      ],
      [
       17.9968669,
       59.406263
      ],
      [
       17.996272,
       59.4063459
      ],
      [
       17.9956722,
       59.4064192
      ],
      [
       17.9950682,
       59.4064829
      ],
      [
       17.9944605,
       59.4065368
      ],
      [
       17.9938498,
       59.4065811
      ],
      [
       17.9932367,
       59.4066156
      ],
      [
       17.9926218,
       59.4066402
      ],
      [
       17.9920057,
       59.406655
      ],
      [
       17.9913889,
       59.4066599
      ]
     ]
    ]
   }
  },
  {
   "type": "Feature",
   "properties": {
    "ll": {
     "value": 0,
     "unit": 1,
     "referenceDatum": 0
    },
    "ul": {
     "value": 610,
     "unit": 0,
     "referenceDatum": 1
    },
    "_id": "62e0fb82fd421ae8bc07aa83",
    "name": "R112 VÄLLINGE",
    "type": 1,
    "icao": 7,
    "bnd": [
     [
      59.2319647,
      17.6227332
     ],
     [
      59.2919242,
      17.7400446
     ]
    ]
   },
   "geometry": {
    "type": "Polygon",
    "coordinates": [
     [
      [
       17.6813889,
       59.2919242
      ],
      [
       17.6795448,
       59.2919094
      ],
      [
       17.6777026,
       59.291865
      ],
      [
       17.6758641,
       59.291791
      ],
      [
       17.674031,
       59.2916876
      ],
      [
       17.6722051,
       59.2915548
      ],
      [
       17.6703884,
       59.2913927
      ],
      [
       17.6685825,
       59.2912016
      ],
      [
       17.6667894,
       59.2909815
      ],
      [
       17.6650106,
       59.2907328
      ],
      [
       17.6632481,
       59.2904556
      ],
      [
       17.6615035,
       59.2901503
      ],
      [
       17.6597786,
       59.2898171
      ],
      [
       17.6580751,
       59.2894564
      ],
      [
       17.6563946,
       59.2890685
      ],
      [
       17.6547389,
       59.2886539
      ],
      [
       17.6531095,
       59.2882128
      ],
      [
       17.6515081,
       59.2877458
      ],
      [
       17.6499362,
       59.2872534
      ],
      [
       17.6483955,
       59.2867359
      ],
      [
       17.6468874,
       59.286194
      ],
      [
       17.6454134,
       59.2856281
      ],
      [
       17.643975,
       59.2850389
      ],
      [
       17.6425736,
       59.2844268
      ],
      [
       17.6412105,
       59.2837926
      ],
      [
       17.6398872,
       59.2831367
      ],
      [
       17.638605,
       59.28246
      ],
      [
       17.637365,
       59.281763
      ],
      [
       17.6361685,
       59.2810464
      ],
      [
       17.6350168,
       59.280311
      ],
      [
       17.6339109,
       59.2795575
      ],
      [
       17.6328519,
       59.2787865
      ],
      [
       17.6318409,
       59.277999
      ],
      [
       17.6308788,
       59.2771956
      ],
      [
       17.6299667,
       59.2763772
      ],
      [
       17.6291054,
       59.2755445
      ],
      [
       17.6282957,
       59.2746984
      ],
      [
       17.6275385,
       59.2738397
      ],
      [
       17.6268345,
       59.2729693
      ],
      [
       17.6261844,
       59.272088
      ],
      [
       17.6255888,
       59.2711968
      ],
      [
       17.6250484,
       59.2702964
      ],
      [
       17.6245635,
       59.2693877
      ],
      [
       17.6241348,
       59.2684718
      ],
      [
       17.6237627,
       59.2675494
      ],
      [
       17.6234474,
       59.2666214
      ],
      [
       17.6231893,
       59.2656889
      ],
      [
       17.6229887,
       59.2647527
      ],
      [
       17.6228457,
       59.2638137
      ],
      [
       17.6227605,
       59.262873
      ],
      [
       17.6227332,
       59.2619313
      ],
      [
       17.6227638,
       59.2609896
      ],
      [
       17.6228522,
       59.2600489
      ],
      [
       17.6229984,
       59.25911
      ],
      [
       17.6232021,
       59.258174
      ],
      [
       17.6234633,
       59.2572417
      ],
      [
       17.6237817,
       59.2563141
      ],
      [
       17.6241568,
       59.255392
      ],
      [
       17.6245884,
       59.2544764
      ],
      [
       17.625076,
       59.2535682
      ],
      [
       17.6256192,
       59.2526683
      ],
      [
       17.6262173,
       59.2517775
      ],
      [
       17.6268699,
       59.2508968
      ],
      [
       17.6275762,
       59.2500269
      ],
      [
       17.6283355,
       59.2491689
      ],
      [
       17.6291472,
       59.2483235
      ],
      [
       17.6300103,
       59.2474915
      ],
      [
       17.6309241,
       59.2466737
      ],
      [
       17.6318876,
       59.2458711
      ],
      [
       17.6328999,
       59.2450843
      ],
      [
       17.63396,
       59.2443142
      ],
      [
       17.6350668,
       59.2435614
      ],
      [
       17.6362192,
       59.2428268
      ],
      [
       17.6374162,
       59.2421111
      ],
      [
       17.6386565,
       59.2414149
      ],
      [
       17.6399388,
       59.240739
      ],
      [
       17.641262,
       59.240084
      ],
      [
       17.6426248,
       59.2394505
      ],
      [
       17.6440257,
       59.2388393
      ],
      [
       17.6454634,
       59.2382508
      ],
      [
       17.6469365,
       59.2376858
      ],
      [
       17.6484435,
       59.2371446
      ],
      [
       17.6499829,
       59.2366279
      ],
      [
       17.6515533,
       59.2361362
      ],
      [
       17.6531531,
       59.2356699
      ],
      [
       17.6547806,
       59.2352296
      ],
      [
       17.6564344,
       59.2348156
      ],
      [
       17.6581127,
       59.2344283
      ],
      [
       17.6598139,
       59.2340682
      ],
      [
       17.6615364,
       59.2337356
      ],
      [
       17.6632784,
       59.2334308
      ],
      [
       17.6650383,
       59.2331541
      ],
      [
       17.6668142,
       59.2329058
      ],
      [
       17.6686045,
       59.2326861
      ],
      [
       17.6704074,
       59.2324953
      ],
      [
       17.6722211,
       59.2323335
      ],
      [
       17.6740438,
       59.2322009
      ],
      [
       17.6758737,
       59.2320976
      ],
      [
       17.6777091,
       59.2320238
      ],
      [
       17.6795481,
       59.2319795
      ],
      [
       17.6813889,
       59.2319647
      ],
      [
       17.6832297,
       59.2319795
      ],
      [
       17.6850687,
       59.2320238
      ],
      [
       17.686904,
       59.2320976
      ],
      [
       17.688734,
       59.2322009
      ],
      [
       17.6905567,
       59.2323335
      ],
      [
       17.6923704,
       59.2324953
      ],
      [
       17.6941733,
       59.2326861
      ],
      [
       17.6959635,
       59.2329058
      ],
      [
       17.6977395,
       59.2331541
      ],
      [
       17.6994993,
       59.2334308
      ],
      [
       17.7012414,
       59.2337356
      ],
      [
       17.7029638,
       59.2340682
      ],
      [
       17.7046651,
       59.2344283
      ],
      [
       17.7063434,
       59.2348156
      ],
      [
       17.7079972,
       59.2352296
      ],
      [
       17.7096247,
       59.2356699
      ],
      [
       17.7112245,
       59.2361362
      ],
      [
       17.7127949,
       59.2366279
      ],
      [
       17.7143343,
       59.2371446
      ],
      [
       17.7158413,
       59.2376858
      ],
      [
       17.7173144,
       59.2382508
      ],
      [
       17.7187521,
       59.2388393
      ],
      [
       17.720153,
       59.2394505
      ],
      [
       17.7215157,
       59.240084
      ],
      [
       17.7228389,
       59.240739
      ],
      [
       17.7241213,
       59.2414149
      ],
      [
       17.7253616,
       59.2421111
      ],
      [
       17.7265585,
       59.2428268
      ],
      [
       17.727711,
       59.2435614
      ],
      [
       17.7288178,
       59.2443142
      ],
      [
       17.7298779,
       59.2450843
      ],
      [
       17.7308902,
       59.2458711
      ],
      [
       17.7318537,
       59.2466737
      ],
      [
       17.7327675,
       59.2474915
      ],
      [
       17.7336306,
       59.2483235
      ],
      [
       17.7344423,
       59.2491689
      ],
      [
       17.7352016,
       59.2500269
      ],
      [
       17.7359079,
       59.2508968
      ],
      [
       17.7365605,
       59.2517775
      ],
      [
       17.7371586,
       59.2526683
      ],
      [
       17.7377017,
       59.2535682
      ],
      [
       17.7381894,
       59.2544764
      ],
      [
       17.738621,
       59.255392
      ],
      [
       17.7389961,
       59.2563141
      ],
      [
       17.7393145,
       59.2572417
      ],
      [
       17.7395756,
       59.258174
      ],
      [
       17.7397794,
       59.25911
      ],
      [
       17.7399256,
       59.2600489
      ],
      [
       17.740014,
       59.2609896
      ],
      [
       17.7400446,
       59.2619313
      ],
      [
       17.7400172,
       59.262873
      ],
      [
       17.7399321,
       59.2638137
      ],
      [
       17.7397891,
       59.2647527
      ],
      [
       17.7395885,
       59.2656889
      ],
      [
       17.7393304,
       59.2666214
      ],
      [
       17.7390151,
       59.2675494
      ],
      [
       17.7386429,
       59.2684718
      ],
      [
       17.7382142,
       59.2693877
      ],
      [
       17.7377294,
       59.2702964
      ],
      [
       17.7371889,
       59.2711968
      ],
      [
       17.7365933,
       59.272088
      ],
      [
       17.7359432,
       59.2729693
      ],
      [
       17.7352392,
       59.2738397
      ],
      [
       17.734482,
       59.2746984
      ],
      [
       17.7336724,
       59.2755445
      ],
      [
       17.7328111,
       59.2763772
      ],
      [
       17.7318989,
       59.2771956
      ],
      [
       17.7309369,
       59.277999
      ],
      [
       17.7299259,
       59.2787865
      ],
      [
       17.7288669,
       59.2795575
      ],
      [
       17.727761,
       59.280311
      ],
      [
       17.7266092,
       59.2810464
      ],
      [
       17.7254128,
       59.281763
      ],
      [
       17.7241728,
       59.28246
      ],
      [
       17.7228905,
       59.2831367
      ],
      [
       17.7215672,
       59.2837926
      ],
      [
       17.7202042,
       59.2844268
      ],
      [
       17.7188028,
       59.2850389
      ],
      [
       17.7173644,
       59.2856281
      ],
      [
       17.7158904,
       59.286194
      ],
      [
       17.7143823,
       59.2867359
      ],
      [
       17.7128416,
       59.2872534
      ],
      [
       17.7112697,
       59.2877458
      ],
      [
       17.7096683,
       59.2882128
      ],
      [
       17.7080389,
       59.2886539
      ],
      [
       17.7063832,
       59.2890685
      ],
      [
       17.7047027,
       59.2894564
      ],
      [
       17.7029992,
       59.2898171
      ],
      [
       17.7012743,
       59.2901503
      ],
      [
       17.6995297,
       59.2904556
      ],
      [
       17.6977671,
       59.2907328
      ],
      [
       17.6959884,
       59.2909815
      ],
      [
       17.6941952,
       59.2912016
      ],
      [
       17.6923894,
       59.2913927
      ],
      [
       17.6905726,
       59.2915548
      ],
      [
       17.6887468,
       59.2916876
      ],
      [
       17.6869137,
       59.291791
      ],
      [
       17.6850751,
       59.291865
      ],
      [
       17.6832329,
       59.2919094
      ],
      [
       17.6813889,
       59.2919242
      ]
     ]
    ]
   }
  },
  {
   "type": "Feature",
   "properties": {
    "ll": {
     "value": 0,
     "unit": 1,
     "referenceDatum": 0
    },
    "ul": {
     "value": 300,
     "unit": 0,
     "referenceDatum": 1
    },
    "_id": "62e0fb82fd421ae8bc07aa8c",
    "name": "R113 STOCKHOLM",
    "type": 1,
    "icao": 7,
    "bnd": [
     [
      59.3205556,
      18.0280556
     ],
     [
      59.3375,
      18.0858333
     ]
    ]
   },
   "geometry": {
    "type": "Polygon",
    "coordinates": [
     [
      [
       18.0333333,
       59.3375
      ],
      [
       18.0858333,
       59.3361111
      ],
      [
       18.0747222,
       59.3205556
      ],
      [
       18.0280556,
       59.3277778
      ],
      [
       18.0333333,
       59.3375
      ]
     ]
    ]
   }
  },
  {
   "type": "Feature",
   "properties": {
    "ll": {
     "value": 0,
     "unit": 1,
     "referenceDatum": 0
    },
    "ul": {
     "value": 370,
     "unit": 0,
     "referenceDatum": 1
    },
    "_id": "62e0fb82fd421ae8bc07aa95",
    "name": "R114 DJURÖ",
    "type": 1,
    "icao": 7,
    "bnd": [
     [
      58.8233333,
      13.4052778
     ],
     [
      58.8763889,
      13.5144444
     ]
    ]
   },
   "geometry": {
    "type": "Polygon",
    "coordinates": [
     [
      [
       13.4663889,
       58.8763889
      ],
      [
       13.4880556,
       58.8755556
      ],
      [
       13.5144444,
       58.8547222
      ],
      [
       13.5097222,
       58.8355556
      ],
      [
       13.4675,
       58.8258333
      ],
      [
       13.4091667,
       58.8233333
      ],
      [
       13.4052778,
       58.8313889
      ],
      [
       13.4663889,
       58.8763889
      ]
     ]
    ]
   }
  },
  {
   "type": "Feature",
   "properties": {
    "ll": {
     "value": 0,
     "unit": 1,
     "referenceDatum": 0
    },
    "ul": {
     "value": 70,
     "unit": 6,
     "referenceDatum": 2
    },
    "_id": "62e0fb82fd421ae8bc07aaa0",
    "name": "R115 FULUFJÄLLET",
    "type": 1,
    "icao": 7,
    "bnd": [
     [
      61.3877778,
      12.5041667
     ],
     [
      61.6761111,
      12.9252778
     ]
    ]
   },
   "geometry": {
    "type": "Polygon",
    "coordinates": [
     [
      [
       12.6280556,
       61.6761111
      ],
      [
       12.9175,
       61.5777778
      ],
      [
       12.9252778,
       61.4097222
      ],
      [
       12.8280556,
       61.3877778
      ],
      [
       12.5691667,
       61.5686111
      ],
      [
       12.5236111,
       61.5686111
      ],
      [
       12.5041667,
       61.6588889
      ],
      [
       12.6280556,
       61.6761111
      ]
     ]
    ]
   }
  },
  {
   "type": "Feature",
   "properties": {
    "ll": {
     "value": 0,
     "unit": 1,
     "referenceDatum": 0
    },
    "ul": {
     "value": 370,
     "unit": 0,
     "referenceDatum": 1
    },
    "_id": "62e0fb83fd421ae8bc07aaaa",
    "name": "R116 FÄRNEBOFJÄRDEN",
    "type": 1,
    "icao": 7,
    "bnd": [
     [
      60.0980556,
      16.6422222
     ],
     [
      60.2955556,
      16.9130556
     ]
    ]
   },
   "geometry": {
    "type": "Polygon",
    "coordinates": [
     [
      [
       16.84,
       60.2955556
      ],
      [
       16.8772222,
       60.2919444
      ],
      [
       16.8827778,
       60.2752778
      ],
      [
       16.9130556,
       60.2630556
      ],
      [
       16.8961111,
       60.2394444
      ],
      [
       16.8608333,
       60.2611111
      ],
      [
       16.8280556,
       60.25
      ],
      [
       16.8663889,
       60.2216667
      ],
      [
       16.7761111,
       60.175
      ],
      [
       16.8152778,
       60.1444444
      ],
      [
       16.7241667,
       60.0980556
      ],
      [
       16.6947222,
       60.1313889
      ],
      [
       16.7394444,
       60.1477778
      ],
      [
       16.7030556,
       60.1952778
      ],
      [
       16.6547222,
       60.1833333
      ],
      [
       16.6422222,
       60.1888889
      ],
      [
       16.6941667,
       60.1997222
      ],
      [
       16.6902778,
       60.2175
      ],
      [
       16.7516667,
       60.2355556
      ],
      [
       16.7955556,
       60.2141667
      ],
      [
       16.8113889,
       60.2875
      ],
      [
       16.84,
       60.2955556
      ]
     ]
    ]
   }
  },
  {
   "type": "Feature",
   "properties": {
    "ll": {
     "value": 0,
     "unit": 1,
     "referenceDatum": 0
    },
    "ul": {
     "value": 10820,
     "unit": 0,
     "referenceDatum": 1
    },
    "_id": "62e0fb77fd421ae8bc07a64e",
    "name": "R13 ÄLVDALEN",
    "type": 1,
    "icao": 7,
    "bnd": [
     [
      61.2727778,
      13.3572222
     ],
     [
      61.6572222,
      14.2088889
     ]
    ]
   },
   "geometry": {
    "type": "Polygon",
    "coordinates": [
     [
      [
       13.5980556,
       61.6572222
      ],
      [
       13.9780556,
       61.6219444
      ],
      [
       14.2088889,
       61.5438889
      ],
      [
       14.14,
       61.3980556
      ],
      [
       13.7683333,
       61.2727778
      ],
      [
       13.5863889,
       61.33
      ],
      [
       13.3572222,
       61.5327778
      ],
      [
       13.4627778,
       61.6075
      ],
      [
       13.5980556,
       61.6572222
      ]
     ]
    ]
   }
  },
  {
   "type": "Feature",
   "properties": {
    "ll": {
     "value": 0,
     "unit": 1,
     "referenceDatum": 0
    },
    "ul": {
     "value": 999,
     "unit": 6,
     "referenceDatum": 2
    },
    "_id": "62e0fb77fd421ae8bc07a657",
    "name": "R14 ARCHIPELAGO OF ÖREGRUND",
    "type": 1,
    "icao": 7,
    "bnd": [
     [
      60.1241667,
      18.6047222
     ],
     [
      60.3658333,
      18.9963889
     ]
    ]
   },
   "geometry": {
    "type": "Polygon",
    "coordinates": [
     [
      [
       18.6047222,
       60.3658333
      ],
      [
       18.9961111,
       60.3658333
      ],
      [
       18.9963889,
       60.1241667
      ],
      [
       18.7797222,
       60.1241667
      ],
      [
       18.6213889,
       60.1825
      ],
      [
       18.6047222,
       60.3658333
      ]
     ]
    ]
   }
  },
  {
   "type": "Feature",
   "properties": {
    "ll": {
     "value": 0,
     "unit": 1,
     "referenceDatum": 0
    },
    "ul": {
     "value": 12340,
     "unit": 0,
     "referenceDatum": 1
    },
    "_id": "62e0fb77fd421ae8bc07a662",
    "name": "R15A VÄDDÖ",
    "type": 1,
    "icao": 7,
    "bnd": [
     [
      59.8438889,
      18.8432994
     ],
     [
      60.142086,
      19.2912397
     ]
    ]
   },
   "geometry": {
    "type": "Polygon",
    "coordinates": [
     [
      [
       18.8441667,
       60.1377778
      ],
      [
       18.8432994,
       60.1405884
      ],
      [
       18.8558383,
       60.1412596
      ],
      [
       18.8684137,
       60.1417333
      ],
      [
       18.881013,
       60.1420088
      ],
      [
       18.8936236,
       60.142086
      ],
      [
       18.9062327,
       60.1419647
      ],
      [
       18.9188278,
       60.1416451
      ],
      [
       18.9313962,
       60.1411275
      ],
      [
       18.9439252,
       60.1404125
      ],
      [
       18.9564022,
       60.1395007
      ],
      [
       18.9688148,
       60.138393
      ],
      [
       18.9811504,
       60.1370906
      ],
      [
       18.9933967,
       60.1355949
      ],
      [
       19.0055414,
       60.1339071
      ],
      [
       19.0175723,
       60.1320292
      ],
      [
       19.0294774,
       60.1299629
      ],
      [
       19.0412446,
       60.1277104
      ],
      [
       19.0528623,
       60.1252739
      ],
      [
       19.0643188,
       60.1226558
      ],
      [
       19.0756027,
       60.1198588
      ],
      [
       19.0867027,
       60.1168856
      ],
      [
       19.0976077,
       60.1137394
      ],
      [
       19.1083068,
       60.1104231
      ],
      [
       19.1187894,
       60.1069402
      ],
      [
       19.1290451,
       60.1032941
      ],
      [
       19.1390635,
       60.0994884
      ],
      [
       19.148835,
       60.0955271
      ],
      [
       19.1583496,
       60.091414
      ],
      [
       19.167598,
       60.0871533
      ],
      [
       19.1765711,
       60.0827492
      ],
      [
       19.1852599,
       60.0782061
      ],
      [
       19.193656,
       60.0735286
      ],
      [
       19.2017511,
       60.0687214
      ],
      [
       19.2095372,
       60.0637892
      ],
      [
       19.2170066,
       60.0587369
      ],
      [
       19.2241522,
       60.0535697
      ],
      [
       19.2309669,
       60.0482926
      ],
      [
       19.237444,
       60.042911
      ],
      [
       19.2435774,
       60.0374301
      ],
      [
       19.249361,
       60.0318555
      ],
      [
       19.2547894,
       60.0261926
      ],
      [
       19.2598572,
       60.0204472
      ],
      [
       19.2645596,
       60.0146248
      ],
      [
       19.2688921,
       60.0087314
      ],
      [
       19.2728508,
       60.0027728
      ],
      [
       19.2764317,
       59.9967548
      ],
      [
       19.2796316,
       59.9906835
      ],
      [
       19.2824475,
       59.9845649
      ],
      [
       19.2848769,
       59.9784049
      ],
      [
       19.2869175,
       59.9722099
      ],
      [
       19.2885675,
       59.9659857
      ],
      [
       19.2898256,
       59.9597387
      ],
      [
       19.2906907,
       59.953475
      ],
      [
       19.2911621,
       59.9472008
      ],
      [
       19.2912397,
       59.9409222
      ],
      [
       19.2909236,
       59.9346455
      ],
      [
       19.2902143,
       59.9283769
      ],
      [
       19.2891128,
       59.9221226
      ],
      [
       19.2876202,
       59.9158886
      ],
      [
       19.2857385,
       59.9096812
      ],
      [
       19.2834695,
       59.9035065
      ],
      [
       19.2808158,
       59.8973705
      ],
      [
       19.2777802,
       59.8912792
      ],
      [
       19.2743658,
       59.8852388
      ],
      [
       19.2705763,
       59.8792549
      ],
      [
       19.2664155,
       59.8733337
      ],
      [
       19.2618877,
       59.8674808
      ],
      [
       19.2569976,
       59.861702
      ],
      [
       19.2517501,
       59.856003
      ],
      [
       19.2461506,
       59.8503893
      ],
      [
       19.2322222,
       59.8438889
      ],
      [
       18.8922222,
       59.9422222
      ],
      [
       18.8441667,
       60.1377778
      ]
     ]
    ]
   }
  },
  {
   "type": "Feature",
   "properties": {
    "ll": {
     "value": 0,
     "unit": 1,
     "referenceDatum": 0
    },
    "ul": {
     "value": 1370,
     "unit": 0,
     "referenceDatum": 1
    },
    "_id": "62e0fb77fd421ae8bc07a66d",
    "name": "R15B VÄDDÖ",
    "type": 1,
    "icao": 7,
    "bnd": [
     [
      59.8438889,
      18.6463889
     ],
     [
      60.2158333,
      19.2322222
     ]
    ]
   },
   "geometry": {
    "type": "Polygon",
    "coordinates": [
     [
      [
       18.7297222,
       60.2158333
      ],
      [
       18.8441667,
       60.1377778
      ],
      [
       18.8922222,
       59.9422222
      ],
      [
       19.2322222,
       59.8438889
      ],
      [
       18.7963889,
       59.8661111
      ],
      [
       18.6463889,
       60.0658333
      ],
      [
       18.7297222,
       60.2158333
      ]
     ]
    ]
   }
  },
  {
   "type": "Feature",
   "properties": {
    "ll": {
     "value": 0,
     "unit": 1,
     "referenceDatum": 0
    },
    "ul": {
     "value": 490,
     "unit": 0,
     "referenceDatum": 1
    },
    "_id": "62e0fb77fd421ae8bc07a677",
    "name": "R16A KUNGSÄNGEN",
    "type": 1,
    "icao": 7,
    "bnd": [
     [
      59.58,
      17.7344444
     ],
     [
      59.5941667,
      17.7880556
     ]
    ]
   },
   "geometry": {
    "type": "Polygon",
    "coordinates": [
     [
      [
       17.7530556,
       59.5941667
      ],
      [
       17.7694444,
       59.59
      ],
      [
       17.7869444,
       59.5811111
      ],
      [
       17.7880556,
       59.58
      ],
      [
       17.7344444,
       59.5922222
      ],
      [
       17.7530556,
       59.5941667
      ]
     ]
    ]
   }
  },
  {
   "type": "Feature",
   "properties": {
    "ll": {
     "value": 0,
     "unit": 1,
     "referenceDatum": 0
    },
    "ul": {
     "value": 490,
     "unit": 0,
     "referenceDatum": 1
    },
    "_id": "62e0fb77fd421ae8bc07a681",
    "name": "R16B KUNGSÄNGEN",
    "type": 1,
    "icao": 7,
    "bnd": [
     [
      59.5483333,
      17.6763889
     ],
     [
      59.6011111,
      17.7972222
     ]
    ]
   },
   "geometry": {
    "type": "Polygon",
    "coordinates": [
     [
      [
       17.6994444,
       59.6011111
      ],
      [
       17.7011111,
       59.6011111
      ],
      [
       17.705,
       59.6008333
      ],
      [
       17.7141667,
       59.5969444
      ],
      [
       17.7344444,
       59.5922222
      ],
      [
       17.7880556,
       59.58
      ],
      [
       17.7922222,
       59.5758333
      ],
      [
       17.7925,
       59.5719444
      ],
      [
       17.7972222,
       59.5663889
      ],
      [
       17.7333333,
       59.5483333
      ],
      [
       17.7022222,
       59.5619444
      ],
      [
       17.6866667,
       59.5686111
      ],
      [
       17.6763889,
       59.59
      ],
      [
       17.6994444,
       59.6011111
      ]
     ]
    ]
   }
  },
  {
   "type": "Feature",
   "properties": {
    "ll": {
     "value": 0,
     "unit": 1,
     "referenceDatum": 0
    },
    "ul": {
     "value": 490,
     "unit": 0,
     "referenceDatum": 1
    },
    "_id": "62e0fb77fd421ae8bc07a68a",
    "name": "R16C KUNGSÄNGEN",
    "type": 1,
    "icao": 7,
    "bnd": [
     [
      59.5336111,
      17.7333333
     ],
     [
      59.5663889,
      17.8044444
     ]
    ]
   },
   "geometry": {
    "type": "Polygon",
    "coordinates": [
     [
      [
       17.7972222,
       59.5663889
      ],
      [
       17.7997222,
       59.565
      ],
      [
       17.8019444,
       59.5622222
      ],
      [
       17.8041667,
       59.5544444
      ],
      [
       17.8044444,
       59.5511111
      ],
      [
       17.8036111,
       59.55
      ],
      [
       17.7672222,
       59.5336111
      ],
      [
       17.7333333,
       59.5483333
      ],
      [
       17.7972222,
       59.5663889
      ]
     ]
    ]
   }
  },
  {
   "type": "Feature",
   "properties": {
    "ll": {
     "value": 0,
     "unit": 1,
     "referenceDatum": 0
    },
    "ul": {
     "value": 999,
     "unit": 6,
     "referenceDatum": 2
    },
    "_id": "62e0fb77fd421ae8bc07a696",
    "name": "R18A BOFORS, VILLINGSBERG",
    "type": 1,
    "icao": 7,
    "bnd": [
     [
      59.2533333,
      14.5802778
     ],
     [
      59.4427778,
      14.9902778
     ]
    ]
   },
   "geometry": {
    "type": "Polygon",
    "coordinates": [
     [
      [
       14.9036111,
       59.4427778
      ],
      [
       14.9902778,
       59.405
      ],
      [
       14.9658333,
       59.3516667
      ],
      [
       14.9161111,
       59.2947222
      ],
      [
       14.8311111,
       59.2533333
      ],
      [
       14.7730556,
       59.2763889
      ],
      [
       14.6925,
       59.2822222
      ],
      [
       14.6766667,
       59.295
      ],
      [
       14.5802778,
       59.3269444
      ],
      [
       14.5802778,
       59.3472222
      ],
      [
       14.9036111,
       59.4427778
      ]
     ]
    ]
   }
  },
  {
   "type": "Feature",
   "properties": {
    "ll": {
     "value": 0,
     "unit": 1,
     "referenceDatum": 0
    },
    "ul": {
     "value": 999,
     "unit": 6,
     "referenceDatum": 2
    },
    "_id": "62e0fb78fd421ae8bc07a6a0",
    "name": "R18B BOFORS, VILLINGSBERG",
    "type": 1,
    "icao": 7,
    "bnd": [
     [
      59.3472222,
      14.5802778
     ],
     [
      59.4813889,
      15.0141667
     ]
    ]
   },
   "geometry": {
    "type": "Polygon",
    "coordinates": [
     [
      [
       15.0016667,
       59.4813889
      ],
      [
       15.0141667,
       59.4594444
      ],
      [
       14.9902778,
       59.405
      ],
      [
       14.9036111,
       59.4427778
      ],
      [
       14.5802778,
       59.3472222
      ],
      [
       14.5802778,
       59.3977778
      ],
      [
       14.8838889,
       59.4772222
      ],
      [
       15.0016667,
       59.4813889
      ]
     ]
    ]
   }
  },
  {
   "type": "Feature",
   "properties": {
    "ll": {
     "value": 0,
     "unit": 1,
     "referenceDatum": 0
    },
    "ul": {
     "value": 999,
     "unit": 6,
     "referenceDatum": 2
    },
    "_id": "62e0fb78fd421ae8bc07a6aa",
    "name": "R18C BOFORS, VILLINGSBERG",
    "type": 1,
    "icao": 7,
    "bnd": [
     [
      59.2263889,
      14.5802778
     ],
     [
      59.3269444,
      14.8311111
     ]
    ]
   },
   "geometry": {
    "type": "Polygon",
    "coordinates": [
     [
      [
       14.5802778,
       59.3269444
      ],
      [
       14.6766667,
       59.295
      ],
      [
       14.6925,
       59.2822222
      ],
      [
       14.7730556,
       59.2763889
      ],
      [
       14.8311111,
       59.2533333
      ],
      [
       14.6597222,
       59.2263889
      ],
      [
       14.5802778,
       59.2844444
      ],
      [
       14.5802778,
       59.3269444
      ]
     ]
    ]
   }
  },
  {
   "type": "Feature",
   "properties": {
    "ll": {
     "value": 0,
     "unit": 1,
     "referenceDatum": 0
    },
    "ul": {
     "value": 999,
     "unit": 6,
     "referenceDatum": 2
    },
    "_id": "62e0fb78fd421ae8bc07a6b3",
    "name": "R19 SANDHAMN",
    "type": 1,
    "icao": 7,
    "bnd": [
     [
      59.1244444,
      18.6380556
     ],
     [
      59.4161111,
      19.3794444
     ]
    ]
   },
   "geometry": {
    "type": "Polygon",
    "coordinates": [
     [
      [
       19.0130556,
       59.4161111
      ],
      [
       19.3794444,
       59.2994444
      ],
      [
       19.0713889,
       59.1244444
      ],
      [
       18.6380556,
       59.3744444
      ],
      [
       19.0130556,
       59.4161111
      ]
     ]
    ]
   }
  },
  {
   "type": "Feature",
   "properties": {
    "ll": {
     "value": 1520,
     "unit": 0,
     "referenceDatum": 1
    },
    "ul": {
     "value": 195,
     "unit": 6,
     "referenceDatum": 2
    },
    "_id": "62e0fb83fd421ae8bc07aab4",
    "name": "R200A TORSBY",
    "type": 1,
    "icao": 7,
    "bnd": [
     [
      60.2333333,
      12.8333333
     ],
     [
      60.7166667,
      13.85
     ]
    ]
   },
   "geometry": {
    "type": "Polygon",
    "coordinates": [
     [
      [
       13.6166667,
       60.7166667
      ],
      [
       13.85,
       60.2333333
      ],
      [
       13.0333333,
       60.2333333
      ],
      [
       12.8333333,
       60.4666667
      ],
      [
       13.6166667,
       60.7166667
      ]
     ]
    ]
   }
  },
  {
   "type": "Feature",
   "properties": {
    "ll": {
     "value": 1520,
     "unit": 0,
     "referenceDatum": 1
    },
    "ul": {
     "value": 195,
     "unit": 6,
     "referenceDatum": 2
    },
    "_id": "62e0fb83fd421ae8bc07aabe",
    "name": "R200B TORSBY",
    "type": 1,
    "icao": 7,
    "bnd": [
     [
      60.2333333,
      13.6166667
     ],
     [
      60.7666667,
      14.7833333
     ]
    ]
   },
   "geometry": {
    "type": "Polygon",
    "coordinates": [
     [
      [
       14.3333333,
       60.7666667
      ],
      [
       14.7833333,
       60.2333333
      ],
      [
       13.85,
       60.2333333
      ],
      [
       13.6166667,
       60.7166667
      ],
      [
       14.3333333,
       60.7666667
      ]
     ]
    ]
   }
  },
  {
   "type": "Feature",
   "properties": {
    "ll": {
     "value": 910,
     "unit": 0,
     "referenceDatum": 1
    },
    "ul": {
     "value": 195,
     "unit": 6,
     "referenceDatum": 2
    },
    "_id": "62e0fb83fd421ae8bc07aac8",
    "name": "R204A ÅLLEBERG EXTENDED",
    "type": 1,
    "icao": 7,
    "bnd": [
     [
      57.915,
      13.2580556
     ],
     [
      58.2438889,
      13.9677778
     ]
    ]
   },
   "geometry": {
    "type": "Polygon",
    "coordinates": [
     [
      [
       13.7561111,
       58.2438889
      ],
      [
       13.9527778,
       58.1830556
      ],
      [
       13.9677778,
       58.0338889
      ],
      [
       13.8816667,
       57.915
      ],
      [
       13.2580556,
       58.0166667
      ],
      [
       13.7561111,
       58.2438889
      ]
     ]
    ]
   }
  },
  {
   "type": "Feature",
   "properties": {
    "ll": {
     "value": 910,
     "unit": 0,
     "referenceDatum": 1
    },
    "ul": {
     "value": 195,
     "unit": 6,
     "referenceDatum": 2
    },
    "_id": "62e0fb83fd421ae8bc07aad2",
    "name": "R204B ÅLLEBERG EXTENDED",
    "type": 1,
    "icao": 7,
    "bnd": [
     [
      57.7672222,
      13.1991667
     ],
     [
      58.0166667,
      13.8816667
     ]
    ]
   },
   "geometry": {
    "type": "Polygon",
    "coordinates": [
     [
      [
       13.2580556,
       58.0166667
      ],
      [
       13.8816667,
       57.915
      ],
      [
       13.8,
       57.8044444
      ],
      [
       13.1991667,
       57.7672222
      ],
      [
       13.2580556,
       58.0166667
      ]
     ]
    ]
   }
  },
  {
   "type": "Feature",
   "properties": {
    "ll": {
     "value": 910,
     "unit": 0,
     "referenceDatum": 1
    },
    "ul": {
     "value": 195,
     "unit": 6,
     "referenceDatum": 2
    },
    "_id": "62e0fb83fd421ae8bc07aadc",
    "name": "R208A KATRINEHOLM",
    "type": 1,
    "icao": 7,
    "bnd": [
     [
      58.7166667,
      15.1666667
     ],
     [
      59.0202778,
      15.6555556
     ]
    ]
   },
   "geometry": {
    "type": "Polygon",
    "coordinates": [
     [
      [
       15.6555556,
       59.0202778
      ],
      [
       15.6555556,
       58.8077778
      ],
      [
       15.1666667,
       58.7166667
      ],
      [
       15.1666667,
       58.8166667
      ],
      [
       15.6555556,
       59.0202778
      ]
     ]
    ]
   }
  },
  {
   "type": "Feature",
   "properties": {
    "ll": {
     "value": 910,
     "unit": 0,
     "referenceDatum": 1
    },
    "ul": {
     "value": 195,
     "unit": 6,
     "referenceDatum": 2
    },
    "_id": "62e0fb83fd421ae8bc07aae5",
    "name": "R208B KATRINEHOLM",
    "type": 1,
    "icao": 7,
    "bnd": [
     [
      58.8077778,
      15.6555556
     ],
     [
      59.0666667,
      16.15
     ]
    ]
   },
   "geometry": {
    "type": "Polygon",
    "coordinates": [
     [
      [
       15.7666667,
       59.0666667
      ],
      [
       16.15,
       59.0666667
      ],
      [
       16.15,
       58.9
      ],
      [
       15.6555556,
       58.8077778
      ],
      [
       15.6555556,
       59.0202778
      ],
      [
       15.7666667,
       59.0666667
      ]
     ]
    ]
   }
  },
  {
   "type": "Feature",
   "properties": {
    "ll": {
     "value": 910,
     "unit": 0,
     "referenceDatum": 1
    },
    "ul": {
     "value": 195,
     "unit": 6,
     "referenceDatum": 2
    },
    "_id": "62e0fb83fd421ae8bc07aaf0",
    "name": "R209A BORLÄNGE",
    "type": 1,
    "icao": 7,
    "bnd": [
     [
      60.5547222,
      15.6338889
     ],
     [
      61,
      16.8333333
     ]
    ]
   },
   "geometry": {
    "type": "Polygon",
    "coordinates": [
     [
      [
       15.8,
       61
      ],
      [
       16.8333333,
       61
      ],
      [
       16.8333333,
       60.5547222
      ],
      [
       15.6338889,
       60.8497222
      ],
      [
       15.8,
       61
      ]
     ]
    ]
   }
  },
  {
   "type": "Feature",
   "properties": {
    "ll": {
     "value": 910,
     "unit": 0,
     "referenceDatum": 1
    },
    "ul": {
     "value": 195,
     "unit": 6,
     "referenceDatum": 2
    },
    "_id": "62e0fb83fd421ae8bc07aaf9",
    "name": "R209B BORLÄNGE",
    "type": 1,
    "icao": 7,
    "bnd": [
     [
      60.2,
      15.45
     ],
     [
      60.8497222,
      16.8333333
     ]
    ]
   },
   "geometry": {
    "type": "Polygon",
    "coordinates": [
     [
      [
       15.6338889,
       60.8497222
      ],
      [
       16.8333333,
       60.5547222
      ],
      [
       16.8333333,
       60.2
      ],
      [
       15.45,
       60.6833333
      ],
      [
       15.6338889,
       60.8497222
      ]
     ]
    ]
   }
  },
  {
   "type": "Feature",
   "properties": {
    "ll": {
     "value": 0,
     "unit": 1,
     "referenceDatum": 0
    },
    "ul": {
     "value": 999,
     "unit": 6,
     "referenceDatum": 2
    },
    "_id": "62e0fb78fd421ae8bc07a6be",
    "name": "R21 SOUTHERN PART OF THE STOCKHOLM ARCHIPELAGO",
    "type": 1,
    "icao": 7,
    "bnd": [
     [
      58.6661111,
      17.7005556
     ],
     [
      59.1661111,
      18.8547222
     ]
    ]
   },
   "geometry": {
    "type": "Polygon",
    "coordinates": [
     [
      [
       18.1630556,
       59.1661111
      ],
      [
       18.5630556,
       59.1661111
      ],
      [
       18.8547222,
       58.9994444
      ],
      [
       18.6630556,
       58.8994444
      ],
      [
       18.2463889,
       58.7327778
      ],
      [
       17.8547222,
       58.6661111
      ],
      [
       17.7005556,
       58.8911111
      ],
      [
       17.9130556,
       59.0827778
      ],
      [
       18.1630556,
       59.1661111
      ]
     ]
    ]
   }
  },
  {
   "type": "Feature",
   "properties": {
    "ll": {
     "value": 0,
     "unit": 1,
     "referenceDatum": 0
    },
    "ul": {
     "value": 6400,
     "unit": 0,
     "referenceDatum": 1
    },
    "_id": "62e0fb78fd421ae8bc07a6c8",
    "name": "R22A VÄTTERN",
    "type": 1,
    "icao": 7,
    "bnd": [
     [
      58.2697222,
      14.2819444
     ],
     [
      58.7522222,
      14.9827778
     ]
    ]
   },
   "geometry": {
    "type": "Polygon",
    "coordinates": [
     [
      [
       14.7952778,
       58.7522222
      ],
      [
       14.9827778,
       58.7466667
      ],
      [
       14.9775,
       58.5422222
      ],
      [
       14.8261111,
       58.4763889
      ],
      [
       14.8008333,
       58.4705556
      ],
      [
       14.7738889,
       58.4591667
      ],
      [
       14.7683333,
       58.4283333
      ],
      [
       14.7566667,
       58.4280556
      ],
      [
       14.6972222,
       58.3952778
      ],
      [
       14.6625,
       58.375
      ],
      [
       14.6555556,
       58.3619444
      ],
      [
       14.6530556,
       58.3469444
      ],
      [
       14.2883333,
       58.2697222
      ],
      [
       14.2847222,
       58.2822222
      ],
      [
       14.2819444,
       58.2908333
      ],
      [
       14.2863889,
       58.2994444
      ],
      [
       14.3180556,
       58.4783333
      ],
      [
       14.3983333,
       58.6586111
      ],
      [
       14.7952778,
       58.7522222
      ]
     ]
    ]
   }
  },
  {
   "type": "Feature",
   "properties": {
    "ll": {
     "value": 0,
     "unit": 1,
     "referenceDatum": 0
    },
    "ul": {
     "value": 1370,
     "unit": 0,
     "referenceDatum": 1
    },
    "_id": "62e0fb78fd421ae8bc07a6d1",
    "name": "R22B VÄTTERN",
    "type": 1,
    "icao": 7,
    "bnd": [
     [
      58.1327778,
      14.2327778
     ],
     [
      58.3469444,
      14.7052778
     ]
    ]
   },
   "geometry": {
    "type": "Polygon",
    "coordinates": [
     [
      [
       14.6530556,
       58.3469444
      ],
      [
       14.7052778,
       58.2827778
      ],
      [
       14.7052778,
       58.2161111
      ],
      [
       14.5511111,
       58.1994444
      ],
      [
       14.4636111,
       58.1327778
      ],
      [
       14.2327778,
       58.2025
      ],
      [
       14.2883333,
       58.2697222
      ],
      [
       14.6530556,
       58.3469444
      ]
     ]
    ]
   }
  },
  {
   "type": "Feature",
   "properties": {
    "ll": {
     "value": 0,
     "unit": 1,
     "referenceDatum": 0
    },
    "ul": {
     "value": 5490,
     "unit": 0,
     "referenceDatum": 1
    },
    "_id": "62e0fb78fd421ae8bc07a6dd",
    "name": "R22C VÄTTERN",
    "type": 1,
    "icao": 7,
    "bnd": [
     [
      58.3480556,
      14.4502778
     ],
     [
      58.5058333,
      14.7630556
     ]
    ]
   },
   "geometry": {
    "type": "Polygon",
    "coordinates": [
     [
      [
       14.6188889,
       58.5058333
      ],
      [
       14.7630556,
       58.4891667
      ],
      [
       14.7513889,
       58.4530556
      ],
      [
       14.7241667,
       58.4188889
      ],
      [
       14.68,
       58.3883333
      ],
      [
       14.5575,
       58.3516667
      ],
      [
       14.4713889,
       58.3480556
      ],
      [
       14.4741667,
       58.4433333
      ],
      [
       14.4555556,
       58.4763889
      ],
      [
       14.4502778,
       58.4813889
      ],
      [
       14.475,
       58.4941667
      ],
      [
       14.5202778,
       58.5055556
      ],
      [
       14.6188889,
       58.5058333
      ]
     ]
    ]
   }
  },
  {
   "type": "Feature",
   "properties": {
    "ll": {
     "value": 0,
     "unit": 1,
     "referenceDatum": 0
    },
    "ul": {
     "value": 6400,
     "unit": 0,
     "referenceDatum": 1
    },
    "_id": "62e0fb78fd421ae8bc07a6e5",
    "name": "R22D VÄTTERN",
    "type": 1,
    "icao": 7,
    "bnd": [
     [
      58.495,
      14.5069444
     ],
     [
      58.6788889,
      14.8505556
     ]
    ]
   },
   "geometry": {
    "type": "Polygon",
    "coordinates": [
     [
      [
       14.7755556,
       58.6788889
      ],
      [
       14.8127778,
       58.6497222
      ],
      [
       14.8352778,
       58.6269444
      ],
      [
       14.8505556,
       58.5991667
      ],
      [
       14.8286111,
       58.5280556
      ],
      [
       14.7680556,
       58.495
      ],
      [
       14.5561111,
       58.5280556
      ],
      [
       14.5205556,
       58.5552778
      ],
      [
       14.51,
       58.5633333
      ],
      [
       14.5069444,
       58.5888889
      ],
      [
       14.5188889,
       58.5969444
      ],
      [
       14.5866667,
       58.6222222
      ],
      [
       14.6366667,
       58.6522222
      ],
      [
       14.7755556,
       58.6788889
      ]
     ]
    ]
   }
  },
  {
   "type": "Feature",
   "properties": {
    "ll": {
     "value": 0,
     "unit": 1,
     "referenceDatum": 0
    },
    "ul": {
     "value": 5490,
     "unit": 0,
     "referenceDatum": 1
    },
    "_id": "62e0fb78fd421ae8bc07a6ef",
    "name": "R23 PRÄSTTOMTA",
    "type": 1,
    "icao": 7,
    "bnd": [
     [
      58.5747222,
      15.2961111
     ],
     [
      58.6816667,
      15.4613889
     ]
    ]
   },
   "geometry": {
    "type": "Polygon",
    "coordinates": [
     [
      [
       15.3855556,
       58.6816667
      ],
      [
       15.4344444,
       58.6430556
      ],
      [
       15.4613889,
       58.5972222
      ],
      [
       15.3913889,
       58.5747222
      ],
      [
       15.3130556,
       58.5869444
      ],
      [
       15.2961111,
       58.6494444
      ],
      [
       15.3855556,
       58.6816667
      ]
     ]
    ]
   }
  },
  {
   "type": "Feature",
   "properties": {
    "ll": {
     "value": 0,
     "unit": 1,
     "referenceDatum": 0
    },
    "ul": {
     "value": 610,
     "unit": 0,
     "referenceDatum": 1
    },
    "_id": "62e0fb78fd421ae8bc07a6fa",
    "name": "R24 DROTTNINGHOLM",
    "type": 1,
    "icao": 7,
    "bnd": [
     [
      59.3039013,
      17.8390913
     ],
     [
      59.3405432,
      17.9109087
     ]
    ]
   },
   "geometry": {
    "type": "Polygon",
    "coordinates": [
     [
      [
       17.875,
       59.3405432
      ],
      [
       17.8738715,
       59.3405341
      ],
      [
       17.8727441,
       59.340507
      ],
      [
       17.8716189,
       59.3404618
      ],
      [
       17.870497,
       59.3403986
      ],
      [
       17.8693796,
       59.3403175
      ],
      [
       17.8682678,
       59.3402185
      ],
      [
       17.8671626,
       59.3401017
      ],
      [
       17.8660652,
       59.3399673
      ],
      [
       17.8649766,
       59.3398153
      ],
      [
       17.8638979,
       59.339646
      ],
      [
       17.8628302,
       59.3394595
      ],
      [
       17.8617745,
       59.3392559
      ],
      [
       17.8607319,
       59.3390356
      ],
      [
       17.8597034,
       59.3387986
      ],
      [
       17.85869,
       59.3385453
      ],
      [
       17.8576927,
       59.3382759
      ],
      [
       17.8567125,
       59.3379906
      ],
      [
       17.8557504,
       59.3376897
      ],
      [
       17.8548073,
       59.3373736
      ],
      [
       17.8538842,
       59.3370425
      ],
      [
       17.8529819,
       59.3366968
      ],
      [
       17.8521014,
       59.3363368
      ],
      [
       17.8512435,
       59.3359628
      ],
      [
       17.8504091,
       59.3355753
      ],
      [
       17.849599,
       59.3351746
      ],
      [
       17.848814,
       59.3347612
      ],
      [
       17.8480549,
       59.3343353
      ],
      [
       17.8473224,
       59.3338975
      ],
      [
       17.8466172,
       59.3334482
      ],
      [
       17.84594,
       59.3329878
      ],
      [
       17.8452916,
       59.3325167
      ],
      [
       17.8446725,
       59.3320356
      ],
      [
       17.8440834,
       59.3315447
      ],
      [
       17.8435248,
       59.3310446
      ],
      [
       17.8429973,
       59.3305358
      ],
      [
       17.8425014,
       59.3300189
      ],
      [
       17.8420376,
       59.3294942
      ],
      [
       17.8416063,
       59.3289623
      ],
      [
       17.841208,
       59.3284239
      ],
      [
       17.8408431,
       59.3278792
      ],
      [
       17.8405119,
       59.3273291
      ],
      [
       17.8402148,
       59.3267738
      ],
      [
       17.839952,
       59.3262141
      ],
      [
       17.8397238,
       59.3256505
      ],
      [
       17.8395304,
       59.3250834
      ],
      [
       17.839372,
       59.3245136
      ],
      [
       17.8392489,
       59.3239415
      ],
      [
       17.839161,
       59.3233677
      ],
      [
       17.8391084,
       59.3227928
      ],
      [
       17.8390913,
       59.3222173
      ],
      [
       17.8391096,
       59.3216418
      ],
      [
       17.8391634,
       59.3210669
      ],
      [
       17.8392525,
       59.3204932
      ],
      [
       17.8393769,
       59.3199211
      ],
      [
       17.8395364,
       59.3193514
      ],
      [
       17.8397309,
       59.3187845
      ],
      [
       17.8399602,
       59.3182209
      ],
      [
       17.8402241,
       59.3176614
      ],
      [
       17.8405223,
       59.3171063
      ],
      [
       17.8408545,
       59.3165563
      ],
      [
       17.8412204,
       59.3160119
      ],
      [
       17.8416196,
       59.3154736
      ],
      [
       17.8420517,
       59.3149419
      ],
      [
       17.8425163,
       59.3144175
      ],
      [
       17.8430129,
       59.3139008
      ],
      [
       17.8435411,
       59.3133922
      ],
      [
       17.8441004,
       59.3128924
      ],
      [
       17.84469,
       59.3124018
      ],
      [
       17.8453096,
       59.3119209
      ],
      [
       17.8459585,
       59.3114502
      ],
      [
       17.8466359,
       59.3109901
      ],
      [
       17.8473414,
       59.3105411
      ],
      [
       17.8480741,
       59.3101036
      ],
      [
       17.8488333,
       59.309678
      ],
      [
       17.8496184,
       59.3092649
      ],
      [
       17.8504285,
       59.3088645
      ],
      [
       17.8512628,
       59.3084773
      ],
      [
       17.8521204,
       59.3081037
      ],
      [
       17.8530007,
       59.307744
      ],
      [
       17.8539026,
       59.3073986
      ],
      [
       17.8548253,
       59.3070678
      ],
      [
       17.8557679,
       59.3067519
      ],
      [
       17.8567295,
       59.3064513
      ],
      [
       17.857709,
       59.3061663
      ],
      [
       17.8587056,
       59.3058971
      ],
      [
       17.8597183,
       59.305644
      ],
      [
       17.860746,
       59.3054073
      ],
      [
       17.8617877,
       59.3051872
      ],
      [
       17.8628425,
       59.3049838
      ],
      [
       17.8639093,
       59.3047975
      ],
      [
       17.864987,
       59.3046283
      ],
      [
       17.8660745,
       59.3044765
      ],
      [
       17.8671709,
       59.3043423
      ],
      [
       17.8682749,
       59.3042256
      ],
      [
       17.8693856,
       59.3041267
      ],
      [
       17.8705019,
       59.3040457
      ],
      [
       17.8716225,
       59.3039825
      ],
      [
       17.8727465,
       59.3039374
      ],
      [
       17.8738727,
       59.3039103
      ],
      [
       17.875,
       59.3039013
      ],
      [
       17.8761273,
       59.3039103
      ],
      [
       17.8772535,
       59.3039374
      ],
      [
       17.8783775,
       59.3039825
      ],
      [
       17.8794981,
       59.3040457
      ],
      [
       17.8806144,
       59.3041267
      ],
      [
       17.8817251,
       59.3042256
      ],
      [
       17.8828291,
       59.3043423
      ],
      [
       17.8839255,
       59.3044765
      ],
      [
       17.885013,
       59.3046283
      ],
      [
       17.8860907,
       59.3047975
      ],
      [
       17.8871575,
       59.3049838
      ],
      [
       17.8882123,
       59.3051872
      ],
      [
       17.889254,
       59.3054073
      ],
      [
       17.8902817,
       59.305644
      ],
      [
       17.8912944,
       59.3058971
      ],
      [
       17.892291,
       59.3061663
      ],
      [
       17.8932705,
       59.3064513
      ],
      [
       17.8942321,
       59.3067519
      ],
      [
       17.8951747,
       59.3070678
      ],
      [
       17.8960974,
       59.3073986
      ],
      [
       17.8969993,
       59.307744
      ],
      [
       17.8978796,
       59.3081037
      ],
      [
       17.8987372,
       59.3084773
      ],
      [
       17.8995715,
       59.3088645
      ],
      [
       17.9003816,
       59.3092649
      ],
      [
       17.9011667,
       59.309678
      ],
      [
       17.9019259,
       59.3101036
      ],
      [
       17.9026586,
       59.3105411
      ],
      [
       17.9033641,
       59.3109901
      ],
      [
       17.9040415,
       59.3114502
      ],
      [
       17.9046904,
       59.3119209
      ],
      [
       17.90531,
       59.3124018
      ],
      [
       17.9058996,
       59.3128924
      ],
      [
       17.9064589,
       59.3133922
      ],
      [
       17.9069871,
       59.3139008
      ],
      [
       17.9074837,
       59.3144175
      ],
      [
       17.9079483,
       59.3149419
      ],
      [
       17.9083804,
       59.3154736
      ],
      [
       17.9087796,
       59.3160119
      ],
      [
       17.9091455,
       59.3165563
      ],
      [
       17.9094777,
       59.3171063
      ],
      [
       17.9097759,
       59.3176614
      ],
      [
       17.9100398,
       59.3182209
      ],
      [
       17.9102691,
       59.3187845
      ],
      [
       17.9104636,
       59.3193514
      ],
      [
       17.9106231,
       59.3199211
      ],
      [
       17.9107475,
       59.3204932
      ],
      [
       17.9108366,
       59.3210669
      ],
      [
       17.9108904,
       59.3216418
      ],
      [
       17.9109087,
       59.3222173
      ],
      [
       17.9108916,
       59.3227928
      ],
      [
       17.910839,
       59.3233677
      ],
      [
       17.9107511,
       59.3239415
      ],
      [
       17.910628,
       59.3245136
      ],
      [
       17.9104696,
       59.3250834
      ],
      [
       17.9102762,
       59.3256505
      ],
      [
       17.910048,
       59.3262141
      ],
      [
       17.9097852,
       59.3267738
      ],
      [
       17.9094881,
       59.3273291
      ],
      [
       17.9091569,
       59.3278792
      ],
      [
       17.908792,
       59.3284239
      ],
      [
       17.9083937,
       59.3289623
      ],
      [
       17.9079624,
       59.3294942
      ],
      [
       17.9074986,
       59.3300189
      ],
      [
       17.9070027,
       59.3305358
      ],
      [
       17.9064752,
       59.3310446
      ],
      [
       17.9059166,
       59.3315447
      ],
      [
       17.9053275,
       59.3320356
      ],
      [
       17.9047084,
       59.3325167
      ],
      [
       17.90406,
       59.3329878
      ],
      [
       17.9033828,
       59.3334482
      ],
      [
       17.9026776,
       59.3338975
      ],
      [
       17.9019451,
       59.3343353
      ],
      [
       17.901186,
       59.3347612
      ],
      [
       17.900401,
       59.3351746
      ],
      [
       17.8995909,
       59.3355753
      ],
      [
       17.8987565,
       59.3359628
      ],
      [
       17.8978986,
       59.3363368
      ],
      [
       17.8970181,
       59.3366968
      ],
      [
       17.8961158,
       59.3370425
      ],
      [
       17.8951927,
       59.3373736
      ],
      [
       17.8942496,
       59.3376897
      ],
      [
       17.8932875,
       59.3379906
      ],
      [
       17.8923073,
       59.3382759
      ],
      [
       17.89131,
       59.3385453
      ],
      [
       17.8902966,
       59.3387986
      ],
      [
       17.8892681,
       59.3390356
      ],
      [
       17.8882255,
       59.3392559
      ],
      [
       17.8871698,
       59.3394595
      ],
      [
       17.8861021,
       59.339646
      ],
      [
       17.8850234,
       59.3398153
      ],
      [
       17.8839348,
       59.3399673
      ],
      [
       17.8828374,
       59.3401017
      ],
      [
       17.8817322,
       59.3402185
      ],
      [
       17.8806204,
       59.3403175
      ],
      [
       17.879503,
       59.3403986
      ],
      [
       17.8783811,
       59.3404618
      ],
      [
       17.8772559,
       59.340507
      ],
      [
       17.8761285,
       59.3405341
      ],
      [
       17.875,
       59.3405432
      ]
     ]
    ]
   }
  },
  {
   "type": "Feature",
   "properties": {
    "ll": {
     "value": 910,
     "unit": 0,
     "referenceDatum": 1
    },
    "ul": {
     "value": 195,
     "unit": 6,
     "referenceDatum": 2
    },
    "_id": "62e0fb79fd421ae8bc07a703",
    "name": "R25 ÅLLEBERG",
    "type": 1,
    "icao": 7,
    "bnd": [
     [
      58.0428385,
      13.4268678
     ],
     [
      58.222717,
      13.7675766
     ]
    ]
   },
   "geometry": {
    "type": "Polygon",
    "coordinates": [
     [
      [
       13.5972222,
       58.222717
      ],
      [
       13.5918577,
       58.2226725
      ],
      [
       13.5864985,
       58.2225391
      ],
      [
       13.58115,
       58.2223168
      ],
      [
       13.5758175,
       58.222006
      ],
      [
       13.5705062,
       58.2216069
      ],
      [
       13.5652215,
       58.2211199
      ],
      [
       13.5599687,
       58.2205456
      ],
      [
       13.5547528,
       58.2198844
      ],
      [
       13.5495792,
       58.219137
      ],
      [
       13.544453,
       58.2183042
      ],
      [
       13.5393792,
       58.2173868
      ],
      [
       13.5343628,
       58.2163857
      ],
      [
       13.529409,
       58.215302
      ],
      [
       13.5245226,
       58.2141366
      ],
      [
       13.5197084,
       58.2128908
      ],
      [
       13.5149712,
       58.2115657
      ],
      [
       13.5103157,
       58.2101628
      ],
      [
       13.5057466,
       58.2086833
      ],
      [
       13.5012683,
       58.2071288
      ],
      [
       13.4968853,
       58.2055008
      ],
      [
       13.4926019,
       58.203801
      ],
      [
       13.4884224,
       58.2020309
      ],
      [
       13.4843509,
       58.2001924
      ],
      [
       13.4803914,
       58.1982873
      ],
      [
       13.4765478,
       58.1963175
      ],
      [
       13.472824,
       58.194285
      ],
      [
       13.4692236,
       58.1921916
      ],
      [
       13.4657501,
       58.1900397
      ],
      [
       13.462407,
       58.1878311
      ],
      [
       13.4591976,
       58.1855683
      ],
      [
       13.456125,
       58.1832533
      ],
      [
       13.4531923,
       58.1808886
      ],
      [
       13.4504022,
       58.1784763
      ],
      [
       13.4477576,
       58.176019
      ],
      [
       13.4452611,
       58.1735191
      ],
      [
       13.442915,
       58.170979
      ],
      [
       13.4407217,
       58.1684012
      ],
      [
       13.4386833,
       58.1657883
      ],
      [
       13.4368018,
       58.163143
      ],
      [
       13.435079,
       58.1604677
      ],
      [
       13.4335166,
       58.1577652
      ],
      [
       13.4321161,
       58.1550381
      ],
      [
       13.4308789,
       58.1522892
      ],
      [
       13.429806,
       58.1495211
      ],
      [
       13.4288987,
       58.1467365
      ],
      [
       13.4281576,
       58.1439383
      ],
      [
       13.4275836,
       58.1411292
      ],
      [
       13.427177,
       58.138312
      ],
      [
       13.4269384,
       58.1354894
      ],
      [
       13.4268678,
       58.1326642
      ],
      [
       13.4269654,
       58.1298393
      ],
      [
       13.4272309,
       58.1270174
      ],
      [
       13.4276642,
       58.1242012
      ],
      [
       13.4282646,
       58.1213937
      ],
      [
       13.4290316,
       58.1185975
      ],
      [
       13.4299644,
       58.1158153
      ],
      [
       13.431062,
       58.1130501
      ],
      [
       13.4323233,
       58.1103043
      ],
      [
       13.4337471,
       58.1075809
      ],
      [
       13.4353318,
       58.1048824
      ],
      [
       13.437076,
       58.1022115
      ],
      [
       13.4389777,
       58.0995709
      ],
      [
       13.4410352,
       58.0969631
      ],
      [
       13.4432464,
       58.0943907
      ],
      [
       13.4456091,
       58.0918562
      ],
      [
       13.4481208,
       58.0893621
      ],
      [
       13.4507792,
       58.086911
      ],
      [
       13.4535815,
       58.0845051
      ],
      [
       13.456525,
       58.0821469
      ],
      [
       13.4596067,
       58.0798386
      ],
      [
       13.4628237,
       58.0775826
      ],
      [
       13.4661727,
       58.0753811
      ],
      [
       13.4696504,
       58.0732361
      ],
      [
       13.4732533,
       58.0711499
      ],
      [
       13.476978,
       58.0691245
      ],
      [
       13.4808207,
       58.0671618
      ],
      [
       13.4847776,
       58.0652638
      ],
      [
       13.4888449,
       58.0634324
      ],
      [
       13.4930185,
       58.0616693
      ],
      [
       13.4972944,
       58.0599763
      ],
      [
       13.5016682,
       58.058355
      ],
      [
       13.5061358,
       58.056807
      ],
      [
       13.5106927,
       58.0553339
      ],
      [
       13.5153344,
       58.0539371
      ],
      [
       13.5200564,
       58.052618
      ],
      [
       13.524854,
       58.0513778
      ],
      [
       13.5297226,
       58.0502178
      ],
      [
       13.5346573,
       58.049139
      ],
      [
       13.5396534,
       58.0481427
      ],
      [
       13.5447058,
       58.0472297
      ],
      [
       13.5498097,
       58.0464009
      ],
      [
       13.5549601,
       58.0456571
      ],
      [
       13.5601518,
       58.0449992
      ],
      [
       13.5653799,
       58.0444276
      ],
      [
       13.5706391,
       58.0439431
      ],
      [
       13.5759244,
       58.043546
      ],
      [
       13.5812306,
       58.0432367
      ],
      [
       13.5865524,
       58.0430156
      ],
      [
       13.5918847,
       58.0428828
      ],
      [
       13.5972222,
       58.0428385
      ],
      [
       13.6025597,
       58.0428828
      ],
      [
       13.607892,
       58.0430156
      ],
      [
       13.6132138,
       58.0432367
      ],
      [
       13.61852,
       58.043546
      ],
      [
       13.6238053,
       58.0439431
      ],
      [
       13.6290646,
       58.0444276
      ],
      [
       13.6342926,
       58.0449992
      ],
      [
       13.6394844,
       58.0456571
      ],
      [
       13.6446347,
       58.0464009
      ],
      [
       13.6497386,
       58.0472297
      ],
      [
       13.6547911,
       58.0481427
      ],
      [
       13.6597871,
       58.049139
      ],
      [
       13.6647219,
       58.0502178
      ],
      [
       13.6695904,
       58.0513778
      ],
      [
       13.6743881,
       58.052618
      ],
      [
       13.6791101,
       58.0539371
      ],
      [
       13.6837518,
       58.0553339
      ],
      [
       13.6883087,
       58.056807
      ],
      [
       13.6927762,
       58.058355
      ],
      [
       13.6971501,
       58.0599763
      ],
      [
       13.7014259,
       58.0616693
      ],
      [
       13.7055995,
       58.0634324
      ],
      [
       13.7096668,
       58.0652638
      ],
      [
       13.7136237,
       58.0671618
      ],
      [
       13.7174664,
       58.0691245
      ],
      [
       13.7211911,
       58.0711499
      ],
      [
       13.7247941,
       58.0732361
      ],
      [
       13.7282718,
       58.0753811
      ],
      [
       13.7316207,
       58.0775826
      ],
      [
       13.7348377,
       58.0798386
      ],
      [
       13.7379195,
       58.0821469
      ],
      [
       13.740863,
       58.0845051
      ],
      [
       13.7436653,
       58.086911
      ],
      [
       13.7463236,
       58.0893621
      ],
      [
       13.7488354,
       58.0918562
      ],
      [
       13.751198,
       58.0943907
      ],
      [
       13.7534092,
       58.0969631
      ],
      [
       13.7554667,
       58.0995709
      ],
      [
       13.7573685,
       58.1022115
      ],
      [
       13.7591126,
       58.1048824
      ],
      [
       13.7606973,
       58.1075809
      ],
      [
       13.7621211,
       58.1103043
      ],
      [
       13.7633824,
       58.1130501
      ],
      [
       13.76448,
       58.1158153
      ],
      [
       13.7654128,
       58.1185975
      ],
      [
       13.7661799,
       58.1213937
      ],
      [
       13.7667803,
       58.1242012
      ],
      [
       13.7672135,
       58.1270174
      ],
      [
       13.7674791,
       58.1298393
      ],
      [
       13.7675766,
       58.1326642
      ],
      [
       13.7675061,
       58.1354894
      ],
      [
       13.7672674,
       58.138312
      ],
      [
       13.7668609,
       58.1411292
      ],
      [
       13.7662868,
       58.1439383
      ],
      [
       13.7655458,
       58.1467365
      ],
      [
       13.7646384,
       58.1495211
      ],
      [
       13.7635656,
       58.1522892
      ],
      [
       13.7623283,
       58.1550381
      ],
      [
       13.7609278,
       58.1577652
      ],
      [
       13.7593654,
       58.1604677
      ],
      [
       13.7576427,
       58.163143
      ],
      [
       13.7557612,
       58.1657883
      ],
      [
       13.7537228,
       58.1684012
      ],
      [
       13.7515295,
       58.170979
      ],
      [
       13.7491834,
       58.1735191
      ],
      [
       13.7466868,
       58.176019
      ],
      [
       13.7440422,
       58.1784763
      ],
      [
       13.7412522,
       58.1808886
      ],
      [
       13.7383194,
       58.1832533
      ],
      [
       13.7352468,
       58.1855683
      ],
      [
       13.7320374,
       58.1878311
      ],
      [
       13.7286943,
       58.1900397
      ],
      [
       13.7252208,
       58.1921916
      ],
      [
       13.7216204,
       58.194285
      ],
      [
       13.7178966,
       58.1963175
      ],
      [
       13.7140531,
       58.1982873
      ],
      [
       13.7100936,
       58.2001924
      ],
      [
       13.7060221,
       58.2020309
      ],
      [
       13.7018426,
       58.203801
      ],
      [
       13.6975592,
       58.2055008
      ],
      [
       13.6931762,
       58.2071288
      ],
      [
       13.6886979,
       58.2086833
      ],
      [
       13.6841287,
       58.2101628
      ],
      [
       13.6794733,
       58.2115657
      ],
      [
       13.6747361,
       58.2128908
      ],
      [
       13.6699219,
       58.2141366
      ],
      [
       13.6650354,
       58.215302
      ],
      [
       13.6600816,
       58.2163857
      ],
      [
       13.6550653,
       58.2173868
      ],
      [
       13.6499915,
       58.2183042
      ],
      [
       13.6448652,
       58.219137
      ],
      [
       13.6396916,
       58.2198844
      ],
      [
       13.6344758,
       58.2205456
      ],
      [
       13.6292229,
       58.2211199
      ],
      [
       13.6239382,
       58.2216069
      ],
      [
       13.618627,
       58.222006
      ],
      [
       13.6132944,
       58.2223168
      ],
      [
       13.6079459,
       58.2225391
      ],
      [
       13.6025867,
       58.2226725
      ],
      [
       13.5972222,
       58.222717
      ]
     ]
    ]
   }
  },
  {
   "type": "Feature",
   "properties": {
    "ll": {
     "value": 0,
     "unit": 1,
     "referenceDatum": 0
    },
    "ul": {
     "value": 999,
     "unit": 6,
     "referenceDatum": 2
    },
    "_id": "62e0fb79fd421ae8bc07a70d",
    "name": "R26 NORTHERN GOTLAND AND FÅRÖ",
    "type": 1,
    "icao": 7,
    "bnd": [
     [
      57.5830556,
      18.6297222
     ],
     [
      58.0494444,
      19.4797222
     ]
    ]
   },
   "geometry": {
    "type": "Polygon",
    "coordinates": [
     [
      [
       19.0630556,
       58.0494444
      ],
      [
       19.4797222,
       58.0494444
      ],
      [
       19.4797222,
       57.9411111
      ],
      [
       18.9963889,
       57.5830556
      ],
      [
       18.7963889,
       57.6497222
      ],
      [
       18.6297222,
       57.7827778
      ],
      [
       18.9463889,
       58.0327778
      ],
      [
       19.0630556,
       58.0494444
      ]
     ]
    ]
   }
  },
  {
   "type": "Feature",
   "properties": {
    "ll": {
     "value": 0,
     "unit": 1,
     "referenceDatum": 0
    },
    "ul": {
     "value": 8380,
     "unit": 0,
     "referenceDatum": 1
    },
    "_id": "62e0fb79fd421ae8bc07a718",
    "name": "R28A TOFTA",
    "type": 1,
    "icao": 7,
    "bnd": [
     [
      57.4747222,
      17.9655556
     ],
     [
      57.6283333,
      18.2088889
     ]
    ]
   },
   "geometry": {
    "type": "Polygon",
    "coordinates": [
     [
      [
       18.1813889,
       57.6283333
      ],
      [
       18.1816667,
       57.59
      ],
      [
       18.2088889,
       57.575
      ],
      [
       18.2019444,
       57.5494444
      ],
      [
       18.1297222,
       57.4830556
      ],
      [
       18.0047222,
       57.4747222
      ],
      [
       17.9655556,
       57.4933333
      ],
      [
       17.9713889,
       57.5538889
      ],
      [
       18.0297222,
       57.6052778
      ],
      [
       18.1130556,
       57.6180556
      ],
      [
       18.1813889,
       57.6283333
      ]
     ]
    ]
   }
  },
  {
   "type": "Feature",
   "properties": {
    "ll": {
     "value": 0,
     "unit": 1,
     "referenceDatum": 0
    },
    "ul": {
     "value": 8380,
     "unit": 0,
     "referenceDatum": 1
    },
    "_id": "62e0fb79fd421ae8bc07a722",
    "name": "R28B TOFTA",
    "type": 1,
    "icao": 7,
    "bnd": [
     [
      57.4580556,
      17.8380556
     ],
     [
      57.6827778,
      18.1130556
     ]
    ]
   },
   "geometry": {
    "type": "Polygon",
    "coordinates": [
     [
      [
       17.9547222,
       57.6827778
      ],
      [
       18.1130556,
       57.6180556
      ],
      [
       18.0297222,
       57.6052778
      ],
      [
       17.9713889,
       57.5538889
      ],
      [
       17.9655556,
       57.4933333
      ],
      [
       18.0047222,
       57.4747222
      ],
      [
       17.8380556,
       57.4580556
      ],
      [
       17.8463889,
       57.5911111
      ],
      [
       17.9547222,
       57.6827778
      ]
     ]
    ]
   }
  },
  {
   "type": "Feature",
   "properties": {
    "ll": {
     "value": 0,
     "unit": 1,
     "referenceDatum": 0
    },
    "ul": {
     "value": 8380,
     "unit": 0,
     "referenceDatum": 1
    },
    "_id": "62e0fb79fd421ae8bc07a72c",
    "name": "R28C TOFTA",
    "type": 1,
    "icao": 7,
    "bnd": [
     [
      57.6180556,
      17.9547222
     ],
     [
      57.7013889,
      18.1816667
     ]
    ]
   },
   "geometry": {
    "type": "Polygon",
    "coordinates": [
     [
      [
       18.1816667,
       57.7013889
      ],
      [
       18.1813889,
       57.6283333
      ],
      [
       18.1130556,
       57.6180556
      ],
      [
       17.9547222,
       57.6827778
      ],
      [
       18.1816667,
       57.7013889
      ]
     ]
    ]
   }
  },
  {
   "type": "Feature",
   "properties": {
    "ll": {
     "value": 0,
     "unit": 1,
     "referenceDatum": 0
    },
    "ul": {
     "value": 7470,
     "unit": 0,
     "referenceDatum": 1
    },
    "_id": "62e0fb79fd421ae8bc07a736",
    "name": "R30A SKILLINGARYD",
    "type": 1,
    "icao": 7,
    "bnd": [
     [
      57.3494444,
      14.0880556
     ],
     [
      57.5113889,
      14.2386111
     ]
    ]
   },
   "geometry": {
    "type": "Polygon",
    "coordinates": [
     [
      [
       14.1027778,
       57.5113889
      ],
      [
       14.2386111,
       57.4911111
      ],
      [
       14.1802778,
       57.3577778
      ],
      [
       14.0886111,
       57.3494444
      ],
      [
       14.0880556,
       57.4861111
      ],
      [
       14.1027778,
       57.5113889
      ]
     ]
    ]
   }
  },
  {
   "type": "Feature",
   "properties": {
    "ll": {
     "value": 0,
     "unit": 1,
     "referenceDatum": 0
    },
    "ul": {
     "value": 7470,
     "unit": 0,
     "referenceDatum": 1
    },
    "_id": "62e0fb79fd421ae8bc07a741",
    "name": "R30B SKILLINGARYD",
    "type": 1,
    "icao": 7,
    "bnd": [
     [
      57.2830556,
      14.0802778
     ],
     [
      57.3577778,
      14.1802778
     ]
    ]
   },
   "geometry": {
    "type": "Polygon",
    "coordinates": [
     [
      [
       14.1802778,
       57.3577778
      ],
      [
       14.1552778,
       57.2830556
      ],
      [
       14.0802778,
       57.2830556
      ],
      [
       14.0886111,
       57.3494444
      ],
      [
       14.1802778,
       57.3577778
      ]
     ]
    ]
   }
  },
  {
   "type": "Feature",
   "properties": {
    "ll": {
     "value": 0,
     "unit": 1,
     "referenceDatum": 0
    },
    "ul": {
     "value": 85,
     "unit": 6,
     "referenceDatum": 2
    },
    "_id": "62e0fb79fd421ae8bc07a74a",
    "name": "R31 STORA AND LILLA KARLSÖ",
    "type": 1,
    "icao": 7,
    "bnd": [
     [
      57.1664789,
      17.7497547
     ],
     [
      57.4329655,
      18.243023
     ]
    ]
   },
   "geometry": {
    "type": "Polygon",
    "coordinates": [
     [
      [
       17.9963889,
       57.4329655
      ],
      [
       17.9886137,
       57.4328995
      ],
      [
       17.9808463,
       57.4327016
      ],
      [
       17.9730944,
       57.432372
      ],
      [
       17.9653658,
       57.4319111
      ],
      [
       17.957668,
       57.4313192
      ],
      [
       17.950009,
       57.4305969
      ],
      [
       17.9423961,
       57.4297451
      ],
      [
       17.9348372,
       57.4287645
      ],
      [
       17.9273396,
       57.4276561
      ],
      [
       17.9199108,
       57.426421
      ],
      [
       17.9125584,
       57.4250605
      ],
      [
       17.9052895,
       57.4235759
      ],
      [
       17.8981114,
       57.4219687
      ],
      [
       17.8910313,
       57.4202405
      ],
      [
       17.8840562,
       57.418393
      ],
      [
       17.8771931,
       57.416428
      ],
      [
       17.8704486,
       57.4143476
      ],
      [
       17.8638297,
       57.4121537
      ],
      [
       17.8573428,
       57.4098487
      ],
      [
       17.8509943,
       57.4074347
      ],
      [
       17.8447906,
       57.4049141
      ],
      [
       17.8387378,
       57.4022896
      ],
      [
       17.8328418,
       57.3995636
      ],
      [
       17.8271086,
       57.396739
      ],
      [
       17.8215438,
       57.3938185
      ],
      [
       17.8161529,
       57.3908049
      ],
      [
       17.8109411,
       57.3877014
      ],
      [
       17.8059137,
       57.3845111
      ],
      [
       17.8010756,
       57.3812369
      ],
      [
       17.7964315,
       57.3778823
      ],
      [
       17.791986,
       57.3744506
      ],
      [
       17.7877434,
       57.3709451
      ],
      [
       17.783708,
       57.3673694
      ],
      [
       17.7798836,
       57.363727
      ],
      [
       17.776274,
       57.3600215
      ],
      [
       17.7728827,
       57.3562565
      ],
      [
       17.7697129,
       57.3524359
      ],
      [
       17.7667679,
       57.3485634
      ],
      [
       17.7640503,
       57.3446428
      ],
      [
       17.7615629,
       57.3406781
      ],
      [
       17.759308,
       57.3366731
      ],
      [
       17.7572877,
       57.3326319
      ],
      [
       17.7555041,
       57.3285583
      ],
      [
       17.7539587,
       57.3244565
      ],
      [
       17.7526531,
       57.3203305
      ],
      [
       17.7515884,
       57.3161844
      ],
      [
       17.7507656,
       57.3120222
      ],
      [
       17.7501854,
       57.3078482
      ],
      [
       17.7498484,
       57.3036664
      ],
      [
       17.7497547,
       57.2994809
      ],
      [
       17.7499045,
       57.2952959
      ],
      [
       17.7502974,
       57.2911155
      ],
      [
       17.750933,
       57.2869438
      ],
      [
       17.7518105,
       57.282785
      ],
      [
       17.7529291,
       57.2786431
      ],
      [
       17.7542876,
       57.2745222
      ],
      [
       17.7558845,
       57.2704265
      ],
      [
       17.7577181,
       57.2663598
      ],
      [
       17.7597867,
       57.2623262
      ],
      [
       17.762088,
       57.2583298
      ],
      [
       17.7646198,
       57.2543743
      ],
      [
       17.7673794,
       57.2504638
      ],
      [
       17.7703642,
       57.246602
      ],
      [
       17.773571,
       57.2427928
      ],
      [
       17.7769968,
       57.2390398
      ],
      [
       17.7806379,
       57.2353468
      ],
      [
       17.7844909,
       57.2317174
      ],
      [
       17.7885518,
       57.2281552
      ],
      [
       17.7928167,
       57.2246637
      ],
      [
       17.7972812,
       57.2212462
      ],
      [
       17.8019409,
       57.2179062
      ],
      [
       17.8067913,
       57.2146468
      ],
      [
       17.8118275,
       57.2114714
      ],
      [
       17.8170445,
       57.208383
      ],
      [
       17.8224372,
       57.2053847
      ],
      [
       17.8280003,
       57.2024793
      ],
      [
       17.8337282,
       57.1996697
      ],
      [
       17.8396153,
       57.1969587
      ],
      [
       17.8456559,
       57.194349
      ],
      [
       17.851844,
       57.191843
      ],
      [
       17.8581734,
       57.1894433
      ],
      [
       17.8646381,
       57.1871521
      ],
      [
       17.8712315,
       57.1849718
      ],
      [
       17.8779474,
       57.1829044
      ],
      [
       17.884779,
       57.180952
      ],
      [
       17.8917197,
       57.1791165
      ],
      [
       17.8987627,
       57.1773996
      ],
      [
       17.9059011,
       57.1758032
      ],
      [
       17.9131279,
       57.1743286
      ],
      [
       17.920436,
       57.1729774
      ],
      [
       17.9278183,
       57.1717508
      ],
      [
       17.9352676,
       57.1706501
      ],
      [
       17.9427765,
       57.1696764
      ],
      [
       17.9503378,
       57.1688306
      ],
      [
       17.9579441,
       57.1681135
      ],
      [
       17.9655879,
       57.1675258
      ],
      [
       17.9732618,
       57.1670681
      ],
      [
       17.9809583,
       57.1667409
      ],
      [
       17.9886698,
       57.1665444
      ],
      [
       17.9963889,
       57.1664789
      ],
      [
       18.004108,
       57.1665444
      ],
      [
       18.0118195,
       57.1667409
      ],
      [
       18.019516,
       57.1670681
      ],
      [
       18.0271898,
       57.1675258
      ],
      [
       18.0348337,
       57.1681135
      ],
      [
       18.0424399,
       57.1688306
      ],
      [
       18.0500013,
       57.1696764
      ],
      [
       18.0575102,
       57.1706501
      ],
      [
       18.0649595,
       57.1717508
      ],
      [
       18.0723418,
       57.1729774
      ],
      [
       18.0796499,
       57.1743286
      ],
      [
       18.0868767,
       57.1758032
      ],
      [
       18.0940151,
       57.1773996
      ],
      [
       18.1010581,
       57.1791165
      ],
      [
       18.1079988,
       57.180952
      ],
      [
       18.1148304,
       57.1829044
      ],
      [
       18.1215462,
       57.1849718
      ],
      [
       18.1281397,
       57.1871521
      ],
      [
       18.1346043,
       57.1894433
      ],
      [
       18.1409338,
       57.191843
      ],
      [
       18.1471219,
       57.194349
      ],
      [
       18.1531624,
       57.1969587
      ],
      [
       18.1590496,
       57.1996697
      ],
      [
       18.1647775,
       57.2024793
      ],
      [
       18.1703406,
       57.2053847
      ],
      [
       18.1757333,
       57.208383
      ],
      [
       18.1809503,
       57.2114714
      ],
      [
       18.1859865,
       57.2146468
      ],
      [
       18.1908369,
       57.2179062
      ],
      [
       18.1954966,
       57.2212462
      ],
      [
       18.1999611,
       57.2246637
      ],
      [
       18.204226,
       57.2281552
      ],
      [
       18.2082869,
       57.2317174
      ],
      [
       18.2121399,
       57.2353468
      ],
      [
       18.215781,
       57.2390398
      ],
      [
       18.2192067,
       57.2427928
      ],
      [
       18.2224136,
       57.246602
      ],
      [
       18.2253983,
       57.2504638
      ],
      [
       18.228158,
       57.2543743
      ],
      [
       18.2306898,
       57.2583298
      ],
      [
       18.2329911,
       57.2623262
      ],
      [
       18.2350597,
       57.2663598
      ],
      [
       18.2368933,
       57.2704265
      ],
      [
       18.2384902,
       57.2745222
      ],
      [
       18.2398486,
       57.2786431
      ],
      [
       18.2409672,
       57.282785
      ],
      [
       18.2418448,
       57.2869438
      ],
      [
       18.2424804,
       57.2911155
      ],
      [
       18.2428733,
       57.2952959
      ],
      [
       18.243023,
       57.2994809
      ],
      [
       18.2429294,
       57.3036664
      ],
      [
       18.2425924,
       57.3078482
      ],
      [
       18.2420122,
       57.3120222
      ],
      [
       18.2411894,
       57.3161844
      ],
      [
       18.2401247,
       57.3203305
      ],
      [
       18.2388191,
       57.3244565
      ],
      [
       18.2372737,
       57.3285583
      ],
      [
       18.2354901,
       57.3326319
      ],
      [
       18.2334698,
       57.3366731
      ],
      [
       18.2312149,
       57.3406781
      ],
      [
       18.2287275,
       57.3446428
      ],
      [
       18.2260099,
       57.3485634
      ],
      [
       18.2230648,
       57.3524359
      ],
      [
       18.2198951,
       57.3562565
      ],
      [
       18.2165038,
       57.3600215
      ],
      [
       18.2128942,
       57.363727
      ],
      [
       18.2090698,
       57.3673694
      ],
      [
       18.2050343,
       57.3709451
      ],
      [
       18.2007918,
       57.3744506
      ],
      [
       18.1963463,
       57.3778823
      ],
      [
       18.1917022,
       57.3812369
      ],
      [
       18.186864,
       57.3845111
      ],
      [
       18.1818366,
       57.3877014
      ],
      [
       18.1766249,
       57.3908049
      ],
      [
       18.171234,
       57.3938185
      ],
      [
       18.1656691,
       57.396739
      ],
      [
       18.1599359,
       57.3995636
      ],
      [
       18.15404,
       57.4022896
      ],
      [
       18.1479872,
       57.4049141
      ],
      [
       18.1417835,
       57.4074347
      ],
      [
       18.135435,
       57.4098487
      ],
      [
       18.1289481,
       57.4121537
      ],
      [
       18.1223291,
       57.4143476
      ],
      [
       18.1155847,
       57.416428
      ],
      [
       18.1087216,
       57.418393
      ],
      [
       18.1017465,
       57.4202405
      ],
      [
       18.0946664,
       57.4219687
      ],
      [
       18.0874883,
       57.4235759
      ],
      [
       18.0802194,
       57.4250605
      ],
      [
       18.0728669,
       57.426421
      ],
      [
       18.0654382,
       57.4276561
      ],
      [
       18.0579406,
       57.4287645
      ],
      [
       18.0503817,
       57.4297451
      ],
      [
       18.0427688,
       57.4305969
      ],
      [
       18.0351097,
       57.4313192
      ],
      [
       18.027412,
       57.4319111
      ],
      [
       18.0196834,
       57.432372
      ],
      [
       18.0119315,
       57.4327016
      ],
      [
       18.0041641,
       57.4328995
      ],
      [
       17.9963889,
       57.4329655
      ]
     ]
    ]
   }
  },
  {
   "type": "Feature",
   "properties": {
    "ll": {
     "value": 0,
     "unit": 1,
     "referenceDatum": 0
    },
    "ul": {
     "value": 2900,
     "unit": 0,
     "referenceDatum": 1
    },
    "_id": "62e0fb79fd421ae8bc07a753",
    "name": "R32 NYÅRSÅSEN",
    "type": 1,
    "icao": 7,
    "bnd": [
     [
      56.7163889,
      12.7638889
     ],
     [
      56.7497222,
      12.8305556
     ]
    ]
   },
   "geometry": {
    "type": "Polygon",
    "coordinates": [
     [
      [
       12.7805556,
       56.7497222
      ],
      [
       12.8138889,
       56.7497222
      ],
      [
       12.8305556,
       56.7330556
      ],
      [
       12.8138889,
       56.7163889
      ],
      [
       12.7638889,
       56.7247222
      ],
      [
       12.7805556,
       56.7497222
      ]
     ]
    ]
   }
  },
  {
   "type": "Feature",
   "properties": {
    "ll": {
     "value": 0,
     "unit": 1,
     "referenceDatum": 0
    },
    "ul": {
     "value": 999,
     "unit": 6,
     "referenceDatum": 2
    },
    "_id": "62e0fb7afd421ae8bc07a75d",
    "name": "R33 ARCHIPELAGO OF BLEKINGE",
    "type": 1,
    "icao": 7,
    "bnd": [
     [
      55.9497222,
      15.3052778
     ],
     [
      56.2663889,
      15.9802778
     ]
    ]
   },
   "geometry": {
    "type": "Polygon",
    "coordinates": [
     [
      [
       15.6136111,
       56.2663889
      ],
      [
       15.9636111,
       56.1830556
      ],
      [
       15.9802778,
       56.0747222
      ],
      [
       15.8636111,
       55.9497222
      ],
      [
       15.6969444,
       55.9497222
      ],
      [
       15.3052778,
       56.0497222
      ],
      [
       15.3052778,
       56.1247222
      ],
      [
       15.3636111,
       56.2163889
      ],
      [
       15.6136111,
       56.2663889
      ]
     ]
    ]
   }
  },
  {
   "type": "Feature",
   "properties": {
    "ll": {
     "value": 0,
     "unit": 1,
     "referenceDatum": 0
    },
    "ul": {
     "value": 5180,
     "unit": 0,
     "referenceDatum": 1
    },
    "_id": "62e0fb7afd421ae8bc07a768",
    "name": "R34 RAVLUNDA",
    "type": 1,
    "icao": 7,
    "bnd": [
     [
      55.5686111,
      14.1386111
     ],
     [
      55.9397222,
      14.5846499
     ]
    ]
   },
   "geometry": {
    "type": "Polygon",
    "coordinates": [
     [
      [
       14.3744444,
       55.9397222
      ],
      [
       14.3858717,
       55.935867
      ],
      [
       14.3970748,
       55.9318116
      ],
      [
       14.4080426,
       55.9275601
      ],
      [
       14.4187641,
       55.9231168
      ],
      [
       14.4292288,
       55.918486
      ],
      [
       14.4394262,
       55.9136726
      ],
      [
       14.4493462,
       55.9086812
      ],
      [
       14.458979,
       55.9035168
      ],
      [
       14.4683151,
       55.8981847
      ],
      [
       14.4773453,
       55.8926901
      ],
      [
       14.4860607,
       55.8870386
      ],
      [
       14.4944527,
       55.8812358
      ],
      [
       14.5025131,
       55.8752874
      ],
      [
       14.5102341,
       55.8691995
      ],
      [
       14.517608,
       55.862978
      ],
      [
       14.5246277,
       55.8566293
      ],
      [
       14.5312864,
       55.8501595
      ],
      [
       14.5375775,
       55.8435753
      ],
      [
       14.5434952,
       55.836883
      ],
      [
       14.5490336,
       55.8300894
      ],
      [
       14.5541874,
       55.8232013
      ],
      [
       14.5589518,
       55.8162254
      ],
      [
       14.5633222,
       55.8091687
      ],
      [
       14.5672944,
       55.8020383
      ],
      [
       14.5708648,
       55.7948411
      ],
      [
       14.5740301,
       55.7875844
      ],
      [
       14.5767873,
       55.7802752
      ],
      [
       14.579134,
       55.772921
      ],
      [
       14.5810679,
       55.7655289
      ],
      [
       14.5825876,
       55.7581062
      ],
      [
       14.5836916,
       55.7506603
      ],
      [
       14.5843792,
       55.7431986
      ],
      [
       14.5846499,
       55.7357284
      ],
      [
       14.5845037,
       55.7282571
      ],
      [
       14.583941,
       55.7207921
      ],
      [
       14.5829624,
       55.7133407
      ],
      [
       14.5815694,
       55.7059103
      ],
      [
       14.5797634,
       55.6985081
      ],
      [
       14.5775465,
       55.6911416
      ],
      [
       14.5749211,
       55.6838179
      ],
      [
       14.57189,
       55.6765442
      ],
      [
       14.5684564,
       55.6693277
      ],
      [
       14.5646239,
       55.6621754
      ],
      [
       14.5603965,
       55.6550945
      ],
      [
       14.5557785,
       55.6480918
      ],
      [
       14.5507746,
       55.6411742
      ],
      [
       14.5453901,
       55.6343484
      ],
      [
       14.5396303,
       55.6276213
      ],
      [
       14.5335011,
       55.6209993
      ],
      [
       14.5270087,
       55.6144889
      ],
      [
       14.5201596,
       55.6080965
      ],
      [
       14.5129606,
       55.6018284
      ],
      [
       14.505419,
       55.5956907
      ],
      [
       14.4975423,
       55.5896893
      ],
      [
       14.4893383,
       55.5838301
      ],
      [
       14.4808152,
       55.578119
      ],
      [
       14.4719814,
       55.5725613
      ],
      [
       14.4647222,
       55.5686111
      ],
      [
       14.1961111,
       55.7236111
      ],
      [
       14.1552778,
       55.7219444
      ],
      [
       14.1386111,
       55.7538889
      ],
      [
       14.165,
       55.7691667
      ],
      [
       14.1955556,
       55.7622222
      ],
      [
       14.3744444,
       55.9397222
      ]
     ]
    ]
   }
  },
  {
   "type": "Feature",
   "properties": {
    "ll": {
     "value": 0,
     "unit": 1,
     "referenceDatum": 0
    },
    "ul": {
     "value": 3200,
     "unit": 0,
     "referenceDatum": 1
    },
    "_id": "62e0fb7afd421ae8bc07a772",
    "name": "R35 RAVLUNDA VÄST",
    "type": 1,
    "icao": 7,
    "bnd": [
     [
      55.7011111,
      14.0661111
     ],
     [
      55.7755556,
      14.1961111
     ]
    ]
   },
   "geometry": {
    "type": "Polygon",
    "coordinates": [
     [
      [
       14.0963889,
       55.7755556
      ],
      [
       14.165,
       55.7691667
      ],
      [
       14.1386111,
       55.7538889
      ],
      [
       14.1552778,
       55.7219444
      ],
      [
       14.1961111,
       55.7236111
      ],
      [
       14.1213889,
       55.7011111
      ],
      [
       14.0661111,
       55.7519444
      ],
      [
       14.0963889,
       55.7755556
      ]
     ]
    ]
   }
  },
  {
   "type": "Feature",
   "properties": {
    "ll": {
     "value": 0,
     "unit": 1,
     "referenceDatum": 0
    },
    "ul": {
     "value": 3200,
     "unit": 0,
     "referenceDatum": 1
    },
    "_id": "62e0fb7afd421ae8bc07a77c",
    "name": "R37 HÄRAD",
    "type": 1,
    "icao": 7,
    "bnd": [
     [
      59.3122222,
      16.9022222
     ],
     [
      59.3661111,
      17.03
     ]
    ]
   },
   "geometry": {
    "type": "Polygon",
    "coordinates": [
     [
      [
       16.9633333,
       59.3661111
      ],
      [
       17.03,
       59.3477778
      ],
      [
       16.9966667,
       59.3122222
      ],
      [
       16.9216667,
       59.3122222
      ],
      [
       16.9022222,
       59.3411111
      ],
      [
       16.905,
       59.3577778
      ],
      [
       16.9633333,
       59.3661111
      ]
     ]
    ]
   }
  },
  {
   "type": "Feature",
   "properties": {
    "ll": {
     "value": 0,
     "unit": 1,
     "referenceDatum": 0
    },
    "ul": {
     "value": 5180,
     "unit": 0,
     "referenceDatum": 1
    },
    "_id": "62e0fb7afd421ae8bc07a786",
    "name": "R38A RINKABY",
    "type": 1,
    "icao": 7,
    "bnd": [
     [
      55.8913889,
      14.2636111
     ],
     [
      55.9913889,
      14.4802778
     ]
    ]
   },
   "geometry": {
    "type": "Polygon",
    "coordinates": [
     [
      [
       14.2719444,
       55.9913889
      ],
      [
       14.3386111,
       55.9747222
      ],
      [
       14.4802778,
       55.9663889
      ],
      [
       14.3636111,
       55.8913889
      ],
      [
       14.3219444,
       55.9413889
      ],
      [
       14.2636111,
       55.9663889
      ],
      [
       14.2719444,
       55.9913889
      ]
     ]
    ]
   }
  },
  {
   "type": "Feature",
   "properties": {
    "ll": {
     "value": 0,
     "unit": 1,
     "referenceDatum": 0
    },
    "ul": {
     "value": 5180,
     "unit": 0,
     "referenceDatum": 1
    },
    "_id": "62e0fb7afd421ae8bc07a790",
    "name": "R38B RINKABY",
    "type": 1,
    "icao": 7,
    "bnd": [
     [
      55.9747222,
      14.2719444
     ],
     [
      56.0163889,
      14.3386111
     ]
    ]
   },
   "geometry": {
    "type": "Polygon",
    "coordinates": [
     [
      [
       14.2802778,
       56.0163889
      ],
      [
       14.3219444,
       56.0163889
      ],
      [
       14.3386111,
       55.9747222
      ],
      [
       14.2719444,
       55.9913889
      ],
      [
       14.2802778,
       56.0163889
      ]
     ]
    ]
   }
  },
  {
   "type": "Feature",
   "properties": {
    "ll": {
     "value": 0,
     "unit": 1,
     "referenceDatum": 0
    },
    "ul": {
     "value": 3350,
     "unit": 0,
     "referenceDatum": 1
    },
    "_id": "62e0fb7afd421ae8bc07a79a",
    "name": "R39 EKSJÖ",
    "type": 1,
    "icao": 7,
    "bnd": [
     [
      57.6561291,
      14.8429305
     ],
     [
      57.7094264,
      14.942625
     ]
    ]
   },
   "geometry": {
    "type": "Polygon",
    "coordinates": [
     [
      [
       14.8927778,
       57.7094264
      ],
      [
       14.8912109,
       57.7094133
      ],
      [
       14.8896455,
       57.7093738
      ],
      [
       14.8880833,
       57.7093081
      ],
      [
       14.8865257,
       57.7092162
      ],
      [
       14.8849743,
       57.7090981
      ],
      [
       14.8834306,
       57.7089541
      ],
      [
       14.8818961,
       57.7087842
      ],
      [
       14.8803724,
       57.7085886
      ],
      [
       14.878861,
       57.7083676
      ],
      [
       14.8773633,
       57.7081212
      ],
      [
       14.8758809,
       57.7078499
      ],
      [
       14.8744152,
       57.7075537
      ],
      [
       14.8729677,
       57.7072332
      ],
      [
       14.8715397,
       57.7068884
      ],
      [
       14.8701328,
       57.7065199
      ],
      [
       14.8687482,
       57.7061279
      ],
      [
       14.8673874,
       57.7057129
      ],
      [
       14.8660517,
       57.7052752
      ],
      [
       14.8647424,
       57.7048153
      ],
      [
       14.8634609,
       57.7043336
      ],
      [
       14.8622083,
       57.7038307
      ],
      [
       14.8609859,
       57.7033069
      ],
      [
       14.859795,
       57.7027629
      ],
      [
       14.8586367,
       57.7021992
      ],
      [
       14.8575121,
       57.7016163
      ],
      [
       14.8564224,
       57.7010148
      ],
      [
       14.8553686,
       57.7003953
      ],
      [
       14.8543518,
       57.6997585
      ],
      [
       14.853373,
       57.6991048
      ],
      [
       14.8524331,
       57.6984351
      ],
      [
       14.851533,
       57.6977498
      ],
      [
       14.8506738,
       57.6970499
      ],
      [
       14.8498561,
       57.6963358
      ],
      [
       14.8490808,
       57.6956083
      ],
      [
       14.8483487,
       57.6948682
      ],
      [
       14.8476605,
       57.6941162
      ],
      [
       14.8470169,
       57.693353
      ],
      [
       14.8464184,
       57.6925793
      ],
      [
       14.8458658,
       57.691796
      ],
      [
       14.8453595,
       57.6910038
      ],
      [
       14.8449,
       57.6902035
      ],
      [
       14.8444877,
       57.6893958
      ],
      [
       14.8441232,
       57.6885817
      ],
      [
       14.8438067,
       57.6877618
      ],
      [
       14.8435386,
       57.686937
      ],
      [
       14.843319,
       57.6861081
      ],
      [
       14.8431483,
       57.6852759
      ],
      [
       14.8430266,
       57.6844413
      ],
      [
       14.842954,
       57.683605
      ],
      [
       14.8429305,
       57.682768
      ],
      [
       14.8429563,
       57.6819309
      ],
      [
       14.8430312,
       57.6810947
      ],
      [
       14.8431552,
       57.6802602
      ],
      [
       14.8433281,
       57.6794282
      ],
      [
       14.8435499,
       57.6785995
      ],
      [
       14.8438202,
       57.6777749
      ],
      [
       14.8441388,
       57.6769552
      ],
      [
       14.8445054,
       57.6761413
      ],
      [
       14.8449196,
       57.675334
      ],
      [
       14.845381,
       57.674534
      ],
      [
       14.8458891,
       57.6737422
      ],
      [
       14.8464435,
       57.6729593
      ],
      [
       14.8470436,
       57.6721861
      ],
      [
       14.8476888,
       57.6714233
      ],
      [
       14.8483784,
       57.6706718
      ],
      [
       14.8491118,
       57.6699322
      ],
      [
       14.8498882,
       57.6692053
      ],
      [
       14.8507069,
       57.6684917
      ],
      [
       14.8515671,
       57.6677923
      ],
      [
       14.8524679,
       57.6671077
      ],
      [
       14.8534085,
       57.6664385
      ],
      [
       14.8543878,
       57.6657855
      ],
      [
       14.855405,
       57.6651492
      ],
      [
       14.856459,
       57.6645303
      ],
      [
       14.8575488,
       57.6639294
      ],
      [
       14.8586733,
       57.6633472
      ],
      [
       14.8598314,
       57.662784
      ],
      [
       14.8610219,
       57.6622407
      ],
      [
       14.8622438,
       57.6617175
      ],
      [
       14.8634957,
       57.6612152
      ],
      [
       14.8647765,
       57.6607341
      ],
      [
       14.8660849,
       57.6602748
      ],
      [
       14.8674195,
       57.6598376
      ],
      [
       14.8687791,
       57.6594231
      ],
      [
       14.8701624,
       57.6590316
      ],
      [
       14.871568,
       57.6586636
      ],
      [
       14.8729944,
       57.6583193
      ],
      [
       14.8744403,
       57.6579992
      ],
      [
       14.8759043,
       57.6577034
      ],
      [
       14.8773849,
       57.6574325
      ],
      [
       14.8788806,
       57.6571865
      ],
      [
       14.8803901,
       57.6569657
      ],
      [
       14.8819117,
       57.6567704
      ],
      [
       14.8834441,
       57.6566008
      ],
      [
       14.8849856,
       57.656457
      ],
      [
       14.8865348,
       57.6563391
      ],
      [
       14.8880902,
       57.6562473
      ],
      [
       14.8896501,
       57.6561817
      ],
      [
       14.8912132,
       57.6561423
      ],
      [
       14.8927778,
       57.6561291
      ],
      [
       14.8943424,
       57.6561423
      ],
      [
       14.8959054,
       57.6561817
      ],
      [
       14.8974654,
       57.6562473
      ],
      [
       14.8990207,
       57.6563391
      ],
      [
       14.9005699,
       57.656457
      ],
      [
       14.9021115,
       57.6566008
      ],
      [
       14.9036438,
       57.6567704
      ],
      [
       14.9051655,
       57.6569657
      ],
      [
       14.9066749,
       57.6571865
      ],
      [
       14.9081707,
       57.6574325
      ],
      [
       14.9096513,
       57.6577034
      ],
      [
       14.9111152,
       57.6579992
      ],
      [
       14.9125612,
       57.6583193
      ],
      [
       14.9139876,
       57.6586636
      ],
      [
       14.9153931,
       57.6590316
      ],
      [
       14.9167764,
       57.6594231
      ],
      [
       14.918136,
       57.6598376
      ],
      [
       14.9194707,
       57.6602748
      ],
      [
       14.9207791,
       57.6607341
      ],
      [
       14.9220598,
       57.6612152
      ],
      [
       14.9233118,
       57.6617175
      ],
      [
       14.9245336,
       57.6622407
      ],
      [
       14.9257242,
       57.662784
      ],
      [
       14.9268823,
       57.6633472
      ],
      [
       14.9280068,
       57.6639294
      ],
      [
       14.9290966,
       57.6645303
      ],
      [
       14.9301506,
       57.6651492
      ],
      [
       14.9311678,
       57.6657855
      ],
      [
       14.9321471,
       57.6664385
      ],
      [
       14.9330876,
       57.6671077
      ],
      [
       14.9339884,
       57.6677923
      ],
      [
       14.9348486,
       57.6684917
      ],
      [
       14.9356673,
       57.6692053
      ],
      [
       14.9364438,
       57.6699322
      ],
      [
       14.9371772,
       57.6706718
      ],
      [
       14.9378668,
       57.6714233
      ],
      [
       14.938512,
       57.6721861
      ],
      [
       14.939112,
       57.6729593
      ],
      [
       14.9396664,
       57.6737422
      ],
      [
       14.9401746,
       57.674534
      ],
      [
       14.940636,
       57.675334
      ],
      [
       14.9410502,
       57.6761413
      ],
      [
       14.9414167,
       57.6769552
      ],
      [
       14.9417353,
       57.6777749
      ],
      [
       14.9420057,
       57.6785995
      ],
      [
       14.9422274,
       57.6794282
      ],
      [
       14.9424004,
       57.6802602
      ],
      [
       14.9425244,
       57.6810947
      ],
      [
       14.9425993,
       57.6819309
      ],
      [
       14.942625,
       57.682768
      ],
      [
       14.9426016,
       57.683605
      ],
      [
       14.942529,
       57.6844413
      ],
      [
       14.9424072,
       57.6852759
      ],
      [
       14.9422365,
       57.6861081
      ],
      [
       14.942017,
       57.686937
      ],
      [
       14.9417488,
       57.6877618
      ],
      [
       14.9414323,
       57.6885817
      ],
      [
       14.9410678,
       57.6893958
      ],
      [
       14.9406556,
       57.6902035
      ],
      [
       14.9401961,
       57.6910038
      ],
      [
       14.9396898,
       57.691796
      ],
      [
       14.9391371,
       57.6925793
      ],
      [
       14.9385387,
       57.693353
      ],
      [
       14.937895,
       57.6941162
      ],
      [
       14.9372068,
       57.6948682
      ],
      [
       14.9364747,
       57.6956083
      ],
      [
       14.9356995,
       57.6963358
      ],
      [
       14.9348818,
       57.6970499
      ],
      [
       14.9340225,
       57.6977498
      ],
      [
       14.9331225,
       57.6984351
      ],
      [
       14.9321826,
       57.6991048
      ],
      [
       14.9312038,
       57.6997585
      ],
      [
       14.9301869,
       57.7003953
      ],
      [
       14.9291332,
       57.7010148
      ],
      [
       14.9280434,
       57.7016163
      ],
      [
       14.9269189,
       57.7021992
      ],
      [
       14.9257605,
       57.7027629
      ],
      [
       14.9245696,
       57.7033069
      ],
      [
       14.9233473,
       57.7038307
      ],
      [
       14.9220947,
       57.7043336
      ],
      [
       14.9208131,
       57.7048153
      ],
      [
       14.9195039,
       57.7052752
      ],
      [
       14.9181682,
       57.7057129
      ],
      [
       14.9168074,
       57.7061279
      ],
      [
       14.9154228,
       57.7065199
      ],
      [
       14.9140158,
       57.7068884
      ],
      [
       14.9125879,
       57.7072332
      ],
      [
       14.9111403,
       57.7075537
      ],
      [
       14.9096746,
       57.7078499
      ],
      [
       14.9081922,
       57.7081212
      ],
      [
       14.9066945,
       57.7083676
      ],
      [
       14.9051831,
       57.7085886
      ],
      [
       14.9036594,
       57.7087842
      ],
      [
       14.902125,
       57.7089541
      ],
      [
       14.9005813,
       57.7090981
      ],
      [
       14.8990299,
       57.7092162
      ],
      [
       14.8974723,
       57.7093081
      ],
      [
       14.89591,
       57.7093738
      ],
      [
       14.8943447,
       57.7094133
      ],
      [
       14.8927778,
       57.7094264
      ]
     ]
    ]
   }
  },
  {
   "type": "Feature",
   "properties": {
    "ll": {
     "value": 0,
     "unit": 1,
     "referenceDatum": 0
    },
    "ul": {
     "value": 5640,
     "unit": 0,
     "referenceDatum": 1
    },
    "_id": "62e0fb7afd421ae8bc07a7a5",
    "name": "R40 KOSTA",
    "type": 1,
    "icao": 7,
    "bnd": [
     [
      56.8330556,
      15.4552778
     ],
     [
      56.9080556,
      15.5636111
     ]
    ]
   },
   "geometry": {
    "type": "Polygon",
    "coordinates": [
     [
      [
       15.5386111,
       56.9080556
      ],
      [
       15.5636111,
       56.8747222
      ],
      [
       15.5136111,
       56.8330556
      ],
      [
       15.4552778,
       56.8397222
      ],
      [
       15.4552778,
       56.8830556
      ],
      [
       15.5386111,
       56.9080556
      ]
     ]
    ]
   }
  },
  {
   "type": "Feature",
   "properties": {
    "ll": {
     "value": 0,
     "unit": 1,
     "referenceDatum": 0
    },
    "ul": {
     "value": 12340,
     "unit": 0,
     "referenceDatum": 1
    },
    "_id": "62e0fb7afd421ae8bc07a7ae",
    "name": "R41A RINGENÄS",
    "type": 1,
    "icao": 7,
    "bnd": [
     [
      56.5663889,
      12.4972222
     ],
     [
      56.7663889,
      12.7361111
     ]
    ]
   },
   "geometry": {
    "type": "Polygon",
    "coordinates": [
     [
      [
       12.5638889,
       56.7663889
      ],
      [
       12.6805556,
       56.6997222
      ],
      [
       12.7277778,
       56.6997222
      ],
      [
       12.7361111,
       56.6886111
      ],
      [
       12.7055556,
       56.6719444
      ],
      [
       12.7055556,
       56.5663889
      ],
      [
       12.5527778,
       56.5997222
      ],
      [
       12.4972222,
       56.6663889
      ],
      [
       12.4972222,
       56.7163889
      ],
      [
       12.5638889,
       56.7663889
      ]
     ]
    ]
   }
  },
  {
   "type": "Feature",
   "properties": {
    "ll": {
     "value": 0,
     "unit": 1,
     "referenceDatum": 0
    },
    "ul": {
     "value": 1070,
     "unit": 0,
     "referenceDatum": 1
    },
    "_id": "62e0fb7afd421ae8bc07a7b8",
    "name": "R41B RINGENÄS",
    "type": 1,
    "icao": 7,
    "bnd": [
     [
      56.5663889,
      12.5638889
     ],
     [
      56.7663889,
      12.7472222
     ]
    ]
   },
   "geometry": {
    "type": "Polygon",
    "coordinates": [
     [
      [
       12.5638889,
       56.7663889
      ],
      [
       12.6972222,
       56.7247222
      ],
      [
       12.7472222,
       56.6886111
      ],
      [
       12.7055556,
       56.5663889
      ],
      [
       12.7055556,
       56.6719444
      ],
      [
       12.7361111,
       56.6886111
      ],
      [
       12.7277778,
       56.6997222
      ],
      [
       12.6805556,
       56.6997222
      ],
      [
       12.5638889,
       56.7663889
      ]
     ]
    ]
   }
  },
  {
   "type": "Feature",
   "properties": {
    "ll": {
     "value": 0,
     "unit": 1,
     "referenceDatum": 0
    },
    "ul": {
     "value": 3810,
     "unit": 0,
     "referenceDatum": 1
    },
    "_id": "62e0fb7bfd421ae8bc07a7c2",
    "name": "R43 SÅGEBACKEN",
    "type": 1,
    "icao": 7,
    "bnd": [
     [
      58.3541667,
      11.7986111
     ],
     [
      58.4636111,
      12.0305556
     ]
    ]
   },
   "geometry": {
    "type": "Polygon",
    "coordinates": [
     [
      [
       11.9202778,
       58.4636111
      ],
      [
       12.0241667,
       58.4608333
      ],
      [
       12.0305556,
       58.4161111
      ],
      [
       11.9630556,
       58.3541667
      ],
      [
       11.8219444,
       58.3805556
      ],
      [
       11.7986111,
       58.4127778
      ],
      [
       11.9202778,
       58.4636111
      ]
     ]
    ]
   }
  },
  {
   "type": "Feature",
   "properties": {
    "ll": {
     "value": 0,
     "unit": 1,
     "referenceDatum": 0
    },
    "ul": {
     "value": 4270,
     "unit": 0,
     "referenceDatum": 1
    },
    "_id": "62e0fb7bfd421ae8bc07a7cd",
    "name": "R45 MARMA",
    "type": 1,
    "icao": 7,
    "bnd": [
     [
      60.4525,
      17.4219444
     ],
     [
      60.5641667,
      17.5483333
     ]
    ]
   },
   "geometry": {
    "type": "Polygon",
    "coordinates": [
     [
      [
       17.445,
       60.5641667
      ],
      [
       17.5483333,
       60.5452778
      ],
      [
       17.5136111,
       60.5030556
      ],
      [
       17.4219444,
       60.4525
      ],
      [
       17.445,
       60.5641667
      ]
     ]
    ]
   }
  },
  {
   "type": "Feature",
   "properties": {
    "ll": {
     "value": 0,
     "unit": 1,
     "referenceDatum": 0
    },
    "ul": {
     "value": 1830,
     "unit": 0,
     "referenceDatum": 1
    },
    "_id": "62e0fb7bfd421ae8bc07a7d6",
    "name": "R46 JUNKÖN",
    "type": 1,
    "icao": 7,
    "bnd": [
     [
      65.3319444,
      22.1119444
     ],
     [
      65.5402778,
      22.5452778
     ]
    ]
   },
   "geometry": {
    "type": "Polygon",
    "coordinates": [
     [
      [
       22.3286111,
       65.5402778
      ],
      [
       22.5452778,
       65.3986111
      ],
      [
       22.3286111,
       65.3319444
      ],
      [
       22.1119444,
       65.4736111
      ],
      [
       22.3286111,
       65.5402778
      ]
     ]
    ]
   }
  },
  {
   "type": "Feature",
   "properties": {
    "ll": {
     "value": 0,
     "unit": 1,
     "referenceDatum": 0
    },
    "ul": {
     "value": 1830,
     "unit": 0,
     "referenceDatum": 1
    },
    "_id": "62e0fb7bfd421ae8bc07a7df",
    "name": "R46A JUNKÖN",
    "type": 1,
    "icao": 7,
    "bnd": [
     [
      65.3875,
      22.2661111
     ],
     [
      65.4644444,
      22.4355556
     ]
    ]
   },
   "geometry": {
    "type": "Polygon",
    "coordinates": [
     [
      [
       22.3408333,
       65.4644444
      ],
      [
       22.3486111,
       65.4452778
      ],
      [
       22.4355556,
       65.4158333
      ],
      [
       22.2997222,
       65.3875
      ],
      [
       22.2966667,
       65.4252778
      ],
      [
       22.2813889,
       65.4311111
      ],
      [
       22.2661111,
       65.4544444
      ],
      [
       22.3408333,
       65.4644444
      ]
     ]
    ]
   }
  },
  {
   "type": "Feature",
   "properties": {
    "ll": {
     "value": 0,
     "unit": 1,
     "referenceDatum": 0
    },
    "ul": {
     "value": 100,
     "unit": 6,
     "referenceDatum": 2
    },
    "_id": "62e0fb7bfd421ae8bc07a7ea",
    "name": "R47 SAREK",
    "type": 1,
    "icao": 7,
    "bnd": [
     [
      67.0386111,
      17.0783333
     ],
     [
      67.5538889,
      18.305
     ]
    ]
   },
   "geometry": {
    "type": "Polygon",
    "coordinates": [
     [
      [
       17.2030556,
       67.5538889
      ],
      [
       17.4019444,
       67.5191667
      ],
      [
       17.5772222,
       67.5516667
      ],
      [
       17.76,
       67.5180556
      ],
      [
       17.9780556,
       67.39
      ],
      [
       18.0875,
       67.4022222
      ],
      [
       18.1375,
       67.3858333
      ],
      [
       18.305,
       67.1825
      ],
      [
       18.2625,
       67.0566667
      ],
      [
       18.0163889,
       67.0386111
      ],
      [
       17.6211111,
       67.065
      ],
      [
       17.1405556,
       67.1761111
      ],
      [
       17.0783333,
       67.4069444
      ],
      [
       17.2030556,
       67.5538889
      ]
     ]
    ]
   }
  },
  {
   "type": "Feature",
   "properties": {
    "ll": {
     "value": 0,
     "unit": 1,
     "referenceDatum": 0
    },
    "ul": {
     "value": 2290,
     "unit": 0,
     "referenceDatum": 1
    },
    "_id": "62e0fb7bfd421ae8bc07a7f4",
    "name": "R49A SÅTENÄS",
    "type": 1,
    "icao": 7,
    "bnd": [
     [
      58.3827778,
      12.6555556
     ],
     [
      58.5161111,
      12.9138889
     ]
    ]
   },
   "geometry": {
    "type": "Polygon",
    "coordinates": [
     [
      [
       12.6805556,
       58.5161111
      ],
      [
       12.7638889,
       58.5161111
      ],
      [
       12.9138889,
       58.4161111
      ],
      [
       12.8027778,
       58.3827778
      ],
      [
       12.7080556,
       58.4494444
      ],
      [
       12.6738889,
       58.4661111
      ],
      [
       12.6555556,
       58.4911111
      ],
      [
       12.6805556,
       58.5161111
      ]
     ]
    ]
   }
  },
  {
   "type": "Feature",
   "properties": {
    "ll": {
     "value": 0,
     "unit": 1,
     "referenceDatum": 0
    },
    "ul": {
     "value": 2290,
     "unit": 0,
     "referenceDatum": 1
    },
    "_id": "62e0fb7bfd421ae8bc07a7fe",
    "name": "R49B SÅTENÄS",
    "type": 1,
    "icao": 7,
    "bnd": [
     [
      58.3661111,
      12.6305556
     ],
     [
      58.4911111,
      12.8027778
     ]
    ]
   },
   "geometry": {
    "type": "Polygon",
    "coordinates": [
     [
      [
       12.6555556,
       58.4911111
      ],
      [
       12.6738889,
       58.4661111
      ],
      [
       12.7080556,
       58.4494444
      ],
      [
       12.8027778,
       58.3827778
      ],
      [
       12.7472222,
       58.3661111
      ],
      [
       12.6305556,
       58.4661111
      ],
      [
       12.6555556,
       58.4911111
      ]
     ]
    ]
   }
  },
  {
   "type": "Feature",
   "properties": {
    "ll": {
     "value": 0,
     "unit": 1,
     "referenceDatum": 0
    },
    "ul": {
     "value": 2290,
     "unit": 0,
     "referenceDatum": 1
    },
    "_id": "62e0fb7bfd421ae8bc07a808",
    "name": "R49C SÅTENÄS",
    "type": 1,
    "icao": 7,
    "bnd": [
     [
      58.445,
      12.6738889
     ],
     [
      58.4927778,
      12.7647222
     ]
    ]
   },
   "geometry": {
    "type": "Polygon",
    "coordinates": [
     [
      [
       12.6872222,
       58.4927778
      ],
      [
       12.7436111,
       58.4927778
      ],
      [
       12.7647222,
       58.4494444
      ],
      [
       12.7388889,
       58.445
      ],
      [
       12.7080556,
       58.4494444
      ],
      [
       12.6738889,
       58.4661111
      ],
      [
       12.6872222,
       58.4927778
      ]
     ]
    ]
   }
  },
  {
   "type": "Feature",
   "properties": {
    "ll": {
     "value": 0,
     "unit": 1,
     "referenceDatum": 0
    },
    "ul": {
     "value": 3350,
     "unit": 0,
     "referenceDatum": 1
    },
    "_id": "62e0fb7bfd421ae8bc07a812",
    "name": "R50 MÄSTOCKA",
    "type": 1,
    "icao": 7,
    "bnd": [
     [
      56.5497222,
      13.0138889
     ],
     [
      56.7247222,
      13.3805556
     ]
    ]
   },
   "geometry": {
    "type": "Polygon",
    "coordinates": [
     [
      [
       13.1138889,
       56.7247222
      ],
      [
       13.3805556,
       56.7247222
      ],
      [
       13.3638889,
       56.6163889
      ],
      [
       13.2638889,
       56.5497222
      ],
      [
       13.0138889,
       56.6608333
      ],
      [
       13.1138889,
       56.7247222
      ]
     ]
    ]
   }
  },
  {
   "type": "Feature",
   "properties": {
    "ll": {
     "value": 0,
     "unit": 1,
     "referenceDatum": 0
    },
    "ul": {
     "value": 4270,
     "unit": 0,
     "referenceDatum": 1
    },
    "_id": "62e0fb7cfd421ae8bc07a81c",
    "name": "R51A KALIXFORS",
    "type": 1,
    "icao": 7,
    "bnd": [
     [
      67.6686111,
      20.3383333
     ],
     [
      67.7830556,
      20.6286111
     ]
    ]
   },
   "geometry": {
    "type": "Polygon",
    "coordinates": [
     [
      [
       20.3455556,
       67.7830556
      ],
      [
       20.5122222,
       67.765
      ],
      [
       20.6144444,
       67.7230556
      ],
      [
       20.6286111,
       67.6686111
      ],
      [
       20.4194444,
       67.7022222
      ],
      [
       20.3383333,
       67.7347222
      ],
      [
       20.3455556,
       67.7830556
      ]
     ]
    ]
   }
  },
  {
   "type": "Feature",
   "properties": {
    "ll": {
     "value": 0,
     "unit": 1,
     "referenceDatum": 0
    },
    "ul": {
     "value": 4270,
     "unit": 0,
     "referenceDatum": 1
    },
    "_id": "62e0fb7cfd421ae8bc07a826",
    "name": "R51B KALIXFORS",
    "type": 1,
    "icao": 7,
    "bnd": [
     [
      67.7344444,
      20.2408333
     ],
     [
      67.7958333,
      20.3455556
     ]
    ]
   },
   "geometry": {
    "type": "Polygon",
    "coordinates": [
     [
      [
       20.2861111,
       67.7958333
      ],
      [
       20.3455556,
       67.7830556
      ],
      [
       20.3383333,
       67.7347222
      ],
      [
       20.2408333,
       67.7344444
      ],
      [
       20.2538889,
       67.7927778
      ],
      [
       20.2861111,
       67.7958333
      ]
     ]
    ]
   }
  },
  {
   "type": "Feature",
   "properties": {
    "ll": {
     "value": 0,
     "unit": 1,
     "referenceDatum": 0
    },
    "ul": {
     "value": 610,
     "unit": 0,
     "referenceDatum": 1
    },
    "_id": "62e0fb7cfd421ae8bc07a830",
    "name": "R52 SOLLIDEN",
    "type": 1,
    "icao": 7,
    "bnd": [
     [
      56.8469444,
      16.5966667
     ],
     [
      56.8772222,
      16.6533333
     ]
    ]
   },
   "geometry": {
    "type": "Polygon",
    "coordinates": [
     [
      [
       16.6202778,
       56.8772222
      ],
      [
       16.6533333,
       56.8652778
      ],
      [
       16.6472222,
       56.8572222
      ],
      [
       16.6272222,
       56.8469444
      ],
      [
       16.5966667,
       56.8580556
      ],
      [
       16.5966667,
       56.8761111
      ],
      [
       16.6202778,
       56.8772222
      ]
     ]
    ]
   }
  },
  {
   "type": "Feature",
   "properties": {
    "ll": {
     "value": 0,
     "unit": 1,
     "referenceDatum": 0
    },
    "ul": {
     "value": 95,
     "unit": 6,
     "referenceDatum": 2
    },
    "_id": "62e0fb7cfd421ae8bc07a83a",
    "name": "R53 STORA SJÖFALLET",
    "type": 1,
    "icao": 7,
    "bnd": [
     [
      67.3672222,
      17.1838889
     ],
     [
      67.8013889,
      18.8208333
     ]
    ]
   },
   "geometry": {
    "type": "Polygon",
    "coordinates": [
     [
      [
       17.6186111,
       67.8013889
      ],
      [
       18.1602778,
       67.6913889
      ],
      [
       18.8208333,
       67.4458333
      ],
      [
       18.72,
       67.3983333
      ],
      [
       18.4708333,
       67.3672222
      ],
      [
       18.2402778,
       67.4425
      ],
      [
       18.0875,
       67.4022222
      ],
      [
       17.9780556,
       67.39
      ],
      [
       17.76,
       67.5180556
      ],
      [
       17.5772222,
       67.5516667
      ],
      [
       17.4019444,
       67.5191667
      ],
      [
       17.2030556,
       67.5538889
      ],
      [
       17.1838889,
       67.5677778
      ],
      [
       17.6186111,
       67.8013889
      ]
     ]
    ]
   }
  },
  {
   "type": "Feature",
   "properties": {
    "ll": {
     "value": 0,
     "unit": 1,
     "referenceDatum": 0
    },
    "ul": {
     "value": 8380,
     "unit": 0,
     "referenceDatum": 1
    },
    "_id": "62e0fb7cfd421ae8bc07a844",
    "name": "R55 KABUSA",
    "type": 1,
    "icao": 7,
    "bnd": [
     [
      55.2830556,
      13.7972222
     ],
     [
      55.4413889,
      14.1052778
     ]
    ]
   },
   "geometry": {
    "type": "Polygon",
    "coordinates": [
     [
      [
       13.9638889,
       55.4413889
      ],
      [
       13.9969444,
       55.4413889
      ],
      [
       14.1052778,
       55.2830556
      ],
      [
       13.9305556,
       55.2830556
      ],
      [
       13.7972222,
       55.3566667
      ],
      [
       13.9638889,
       55.4413889
      ]
     ]
    ]
   }
  },
  {
   "type": "Feature",
   "properties": {
    "ll": {
     "value": 0,
     "unit": 1,
     "referenceDatum": 0
    },
    "ul": {
     "value": 2440,
     "unit": 0,
     "referenceDatum": 1
    },
    "_id": "62e0fb7cfd421ae8bc07a84e",
    "name": "R56 FALUN",
    "type": 1,
    "icao": 7,
    "bnd": [
     [
      60.6075,
      15.6633333
     ],
     [
      60.6491667,
      15.7633333
     ]
    ]
   },
   "geometry": {
    "type": "Polygon",
    "coordinates": [
     [
      [
       15.6633333,
       60.6491667
      ],
      [
       15.7633333,
       60.6491667
      ],
      [
       15.7633333,
       60.6075
      ],
      [
       15.6633333,
       60.6075
      ],
      [
       15.6633333,
       60.6491667
      ]
     ]
    ]
   }
  },
  {
   "type": "Feature",
   "properties": {
    "ll": {
     "value": 0,
     "unit": 1,
     "referenceDatum": 0
    },
    "ul": {
     "value": 90,
     "unit": 6,
     "referenceDatum": 2
    },
    "_id": "62e0fb7cfd421ae8bc07a857",
    "name": "R57 PADJELANTA",
    "type": 1,
    "icao": 7,
    "bnd": [
     [
      67.1038889,
      16.0897222
     ],
     [
      67.7425,
      17.2030556
     ]
    ]
   },
   "geometry": {
    "type": "Polygon",
    "coordinates": [
     [
      [
       16.6222222,
       67.7425
      ],
      [
       17.1838889,
       67.5677778
      ],
      [
       17.2030556,
       67.5538889
      ],
      [
       17.0783333,
       67.4069444
      ],
      [
       17.1405556,
       67.1761111
      ],
      [
       17.1627778,
       67.1038889
      ],
      [
       16.7930556,
       67.1738889
      ],
      [
       16.6461111,
       67.1475
      ],
      [
       16.5627778,
       67.245
      ],
      [
       16.3838889,
       67.2197222
      ],
      [
       16.345,
       67.25
      ],
      [
       16.0897222,
       67.4352778
      ],
      [
       16.1083333,
       67.4577778
      ],
      [
       16.1580556,
       67.5191667
      ],
      [
       16.2855556,
       67.5280556
      ],
      [
       16.4063889,
       67.5338889
      ],
      [
       16.495,
       67.5944444
      ],
      [
       16.5563889,
       67.6472222
      ],
      [
       16.6222222,
       67.7425
      ]
     ]
    ]
   }
  },
  {
   "type": "Feature",
   "properties": {
    "ll": {
     "value": 0,
     "unit": 1,
     "referenceDatum": 0
    },
    "ul": {
     "value": 12340,
     "unit": 0,
     "referenceDatum": 1
    },
    "_id": "62e0fb7cfd421ae8bc07a862",
    "name": "R58A TÅME",
    "type": 1,
    "icao": 7,
    "bnd": [
     [
      64.8097222,
      21.2538889
     ],
     [
      65.0569444,
      21.7455556
     ]
    ]
   },
   "geometry": {
    "type": "Polygon",
    "coordinates": [
     [
      [
       21.7122222,
       65.0569444
      ],
      [
       21.7455556,
       64.9152778
      ],
      [
       21.4955556,
       64.8097222
      ],
      [
       21.2538889,
       64.8197222
      ],
      [
       21.3122222,
       64.9902778
      ],
      [
       21.7122222,
       65.0569444
      ]
     ]
    ]
   }
  },
  {
   "type": "Feature",
   "properties": {
    "ll": {
     "value": 0,
     "unit": 1,
     "referenceDatum": 0
    },
    "ul": {
     "value": 1070,
     "unit": 0,
     "referenceDatum": 1
    },
    "_id": "62e0fb7cfd421ae8bc07a86f",
    "name": "R58B TÅME",
    "type": 1,
    "icao": 7,
    "bnd": [
     [
      64.8986111,
      21.1622222
     ],
     [
      65.0486111,
      21.4955556
     ]
    ]
   },
   "geometry": {
    "type": "Polygon",
    "coordinates": [
     [
      [
       21.3788889,
       65.0486111
      ],
      [
       21.4955556,
       65.0208333
      ],
      [
       21.3122222,
       64.9902778
      ],
      [
       21.2805556,
       64.8986111
      ],
      [
       21.1622222,
       64.9486111
      ],
      [
       21.2125,
       65.0322222
      ],
      [
       21.3788889,
       65.0486111
      ]
     ]
    ]
   }
  },
  {
   "type": "Feature",
   "properties": {
    "ll": {
     "value": 0,
     "unit": 1,
     "referenceDatum": 0
    },
    "ul": {
     "value": 4720,
     "unit": 0,
     "referenceDatum": 1
    },
    "_id": "62e0fb7cfd421ae8bc07a878",
    "name": "R59 KUSTRÄSK",
    "type": 1,
    "icao": 7,
    "bnd": [
     [
      65.8652778,
      21.3455556
     ],
     [
      65.9486111,
      21.5955556
     ]
    ]
   },
   "geometry": {
    "type": "Polygon",
    "coordinates": [
     [
      [
       21.4955556,
       65.9486111
      ],
      [
       21.5955556,
       65.9319444
      ],
      [
       21.5955556,
       65.8736111
      ],
      [
       21.4122222,
       65.8652778
      ],
      [
       21.3455556,
       65.9152778
      ],
      [
       21.4955556,
       65.9486111
      ]
     ]
    ]
   }
  },
  {
   "type": "Feature",
   "properties": {
    "ll": {
     "value": 0,
     "unit": 1,
     "referenceDatum": 0
    },
    "ul": {
     "value": 12340,
     "unit": 0,
     "referenceDatum": 1
    },
    "_id": "62e0fb7dfd421ae8bc07a882",
    "name": "R60 LYSEKIL",
    "type": 1,
    "icao": 7,
    "bnd": [
     [
      57.8994444,
      10.7058333
     ],
     [
      58.4161111,
      11.3725
     ]
    ]
   },
   "geometry": {
    "type": "Polygon",
    "coordinates": [
     [
      [
       10.7058333,
       58.4161111
      ],
      [
       11.1975,
       58.4161111
      ],
      [
       11.3725,
       58.1744444
      ],
      [
       11.3141667,
       57.8994444
      ],
      [
       11.0475,
       57.8994444
      ],
      [
       10.8475,
       58.2577778
      ],
      [
       10.7058333,
       58.4161111
      ]
     ]
    ]
   }
  },
  {
   "type": "Feature",
   "properties": {
    "ll": {
     "value": 0,
     "unit": 1,
     "referenceDatum": 0
    },
    "ul": {
     "value": 70,
     "unit": 6,
     "referenceDatum": 2
    },
    "_id": "62e0fb7dfd421ae8bc07a88c",
    "name": "R61 SÅNFJÄLLET",
    "type": 1,
    "icao": 7,
    "bnd": [
     [
      62.2238889,
      13.4052778
     ],
     [
      62.3405556,
      13.6969444
     ]
    ]
   },
   "geometry": {
    "type": "Polygon",
    "coordinates": [
     [
      [
       13.4802778,
       62.3405556
      ],
      [
       13.6719444,
       62.3405556
      ],
      [
       13.6969444,
       62.2655556
      ],
      [
       13.5969444,
       62.2238889
      ],
      [
       13.4219444,
       62.2238889
      ],
      [
       13.4052778,
       62.2488889
      ],
      [
       13.4802778,
       62.3405556
      ]
     ]
    ]
   }
  },
  {
   "type": "Feature",
   "properties": {
    "ll": {
     "value": 0,
     "unit": 1,
     "referenceDatum": 0
    },
    "ul": {
     "value": 550,
     "unit": 0,
     "referenceDatum": 1
    },
    "_id": "62e0fb7dfd421ae8bc07a896",
    "name": "R62 SISJÖN",
    "type": 1,
    "icao": 7,
    "bnd": [
     [
      57.5827778,
      11.9388889
     ],
     [
      57.6513889,
      12.0472222
     ]
    ]
   },
   "geometry": {
    "type": "Polygon",
    "coordinates": [
     [
      [
       11.9972222,
       57.6513889
      ],
      [
       12.0472222,
       57.6161111
      ],
      [
       11.9972222,
       57.5827778
      ],
      [
       11.9388889,
       57.6077778
      ],
      [
       11.9972222,
       57.6513889
      ]
     ]
    ]
   }
  },
  {
   "type": "Feature",
   "properties": {
    "ll": {
     "value": 0,
     "unit": 1,
     "referenceDatum": 0
    },
    "ul": {
     "value": 12340,
     "unit": 0,
     "referenceDatum": 1
    },
    "_id": "62e0fb7dfd421ae8bc07a8a0",
    "name": "R63A STURKÖ NORD",
    "type": 1,
    "icao": 7,
    "bnd": [
     [
      55.8997222,
      15.3969444
     ],
     [
      56.1163889,
      15.7886111
     ]
    ]
   },
   "geometry": {
    "type": "Polygon",
    "coordinates": [
     [
      [
       15.4802778,
       56.1163889
      ],
      [
       15.6219444,
       56.1163889
      ],
      [
       15.7886111,
       56.0636111
      ],
      [
       15.7886111,
       55.9497222
      ],
      [
       15.6636111,
       55.8997222
      ],
      [
       15.6636111,
       55.9997222
      ],
      [
       15.6011111,
       56.0413889
      ],
      [
       15.3969444,
       56.0711111
      ],
      [
       15.4802778,
       56.1163889
      ]
     ]
    ]
   }
  },
  {
   "type": "Feature",
   "properties": {
    "ll": {
     "value": 0,
     "unit": 1,
     "referenceDatum": 0
    },
    "ul": {
     "value": 12340,
     "unit": 0,
     "referenceDatum": 1
    },
    "_id": "62e0fb7dfd421ae8bc07a8aa",
    "name": "R63B STURKÖ SYD",
    "type": 1,
    "icao": 7,
    "bnd": [
     [
      55.8997222,
      15.3969444
     ],
     [
      56.0711111,
      15.6636111
     ]
    ]
   },
   "geometry": {
    "type": "Polygon",
    "coordinates": [
     [
      [
       15.3969444,
       56.0711111
      ],
      [
       15.6011111,
       56.0413889
      ],
      [
       15.6636111,
       55.9997222
      ],
      [
       15.6636111,
       55.8997222
      ],
      [
       15.5636111,
       55.9080556
      ],
      [
       15.4636111,
       55.9663889
      ],
      [
       15.3969444,
       56.0711111
      ]
     ]
    ]
   }
  },
  {
   "type": "Feature",
   "properties": {
    "ll": {
     "value": 0,
     "unit": 1,
     "referenceDatum": 0
    },
    "ul": {
     "value": 1070,
     "unit": 0,
     "referenceDatum": 1
    },
    "_id": "62e0fb7dfd421ae8bc07a8b4",
    "name": "R63C STURKÖ INRE",
    "type": 1,
    "icao": 7,
    "bnd": [
     [
      56.0636111,
      15.4802778
     ],
     [
      56.1897222,
      15.8080556
     ]
    ]
   },
   "geometry": {
    "type": "Polygon",
    "coordinates": [
     [
      [
       15.5075,
       56.1897222
      ],
      [
       15.8080556,
       56.1647222
      ],
      [
       15.7886111,
       56.0636111
      ],
      [
       15.6219444,
       56.1163889
      ],
      [
       15.4802778,
       56.1163889
      ],
      [
       15.5075,
       56.1897222
      ]
     ]
    ]
   }
  },
  {
   "type": "Feature",
   "properties": {
    "ll": {
     "value": 0,
     "unit": 1,
     "referenceDatum": 0
    },
    "ul": {
     "value": 670,
     "unit": 0,
     "referenceDatum": 1
    },
    "_id": "62e0fb7dfd421ae8bc07a8be",
    "name": "R63D STURKÖ POTTNEHOLMEN",
    "type": 1,
    "icao": 7,
    "bnd": [
     [
      56.1416667,
      15.6555556
     ],
     [
      56.1483333,
      15.665
     ]
    ]
   },
   "geometry": {
    "type": "Polygon",
    "coordinates": [
     [
      [
       15.6555556,
       56.1483333
      ],
      [
       15.665,
       56.1483333
      ],
      [
       15.665,
       56.1416667
      ],
      [
       15.6555556,
       56.1416667
      ],
      [
       15.6555556,
       56.1483333
      ]
     ]
    ]
   }
  },
  {
   "type": "Feature",
   "properties": {
    "ll": {
     "value": 0,
     "unit": 1,
     "referenceDatum": 0
    },
    "ul": {
     "value": 670,
     "unit": 0,
     "referenceDatum": 1
    },
    "_id": "62e0fb7dfd421ae8bc07a8c8",
    "name": "R63E STURKÖ AU RUTA",
    "type": 1,
    "icao": 7,
    "bnd": [
     [
      55.9661111,
      15.55
     ],
     [
      56,
      15.6166667
     ]
    ]
   },
   "geometry": {
    "type": "Polygon",
    "coordinates": [
     [
      [
       15.55,
       56
      ],
      [
       15.6166667,
       56
      ],
      [
       15.6166667,
       55.9661111
      ],
      [
       15.55,
       55.9661111
      ],
      [
       15.55,
       56
      ]
     ]
    ]
   }
  },
  {
   "type": "Feature",
   "properties": {
    "ll": {
     "value": 0,
     "unit": 1,
     "referenceDatum": 0
    },
    "ul": {
     "value": 6550,
     "unit": 0,
     "referenceDatum": 1
    },
    "_id": "62e0fb7dfd421ae8bc07a8d3",
    "name": "R64M TORHAMN",
    "type": 1,
    "icao": 7,
    "bnd": [
     [
      55.9497222,
      15.8302778
     ],
     [
      56.1330556,
      16.28
     ]
    ]
   },
   "geometry": {
    "type": "Polygon",
    "coordinates": [
     [
      [
       16.28,
       56.1330556
      ],
      [
       16.1133333,
       55.9497222
      ],
      [
       15.8441667,
       56.0775
      ],
      [
       15.8302778,
       56.0830556
      ],
      [
       16.28,
       56.1330556
      ]
     ]
    ]
   }
  },
  {
   "type": "Feature",
   "properties": {
    "ll": {
     "value": 0,
     "unit": 1,
     "referenceDatum": 0
    },
    "ul": {
     "value": 12340,
     "unit": 0,
     "referenceDatum": 1
    },
    "_id": "62e0fb7dfd421ae8bc07a8db",
    "name": "R64S TORHAMN",
    "type": 1,
    "icao": 7,
    "bnd": [
     [
      55.8330556,
      15.7886111
     ],
     [
      56.2497222,
      16.4966667
     ]
    ]
   },
   "geometry": {
    "type": "Polygon",
    "coordinates": [
     [
      [
       16.0466667,
       56.2497222
      ],
      [
       16.4966667,
       56.1663889
      ],
      [
       16.4966667,
       56.0830556
      ],
      [
       15.7886111,
       55.8330556
      ],
      [
       15.7886111,
       56.0636111
      ],
      [
       16.0466667,
       56.2497222
      ]
     ]
    ]
   }
  },
  {
   "type": "Feature",
   "properties": {
    "ll": {
     "value": 0,
     "unit": 1,
     "referenceDatum": 0
    },
    "ul": {
     "value": 2290,
     "unit": 0,
     "referenceDatum": 1
    },
    "_id": "62e0fb7efd421ae8bc07a8e6",
    "name": "R66 ASKÖ",
    "type": 1,
    "icao": 7,
    "bnd": [
     [
      58.6344444,
      17.5630556
     ],
     [
      58.9161111,
      17.8830556
     ]
    ]
   },
   "geometry": {
    "type": "Polygon",
    "coordinates": [
     [
      [
       17.6880556,
       58.9161111
      ],
      [
       17.8713889,
       58.8661111
      ],
      [
       17.8830556,
       58.6344444
      ],
      [
       17.5963889,
       58.7327778
      ],
      [
       17.5630556,
       58.7911111
      ],
      [
       17.5797222,
       58.8661111
      ],
      [
       17.6880556,
       58.9161111
      ]
     ]
    ]
   }
  },
  {
   "type": "Feature",
   "properties": {
    "ll": {
     "value": 0,
     "unit": 1,
     "referenceDatum": 0
    },
    "ul": {
     "value": 610,
     "unit": 0,
     "referenceDatum": 1
    },
    "_id": "62e0fb7efd421ae8bc07a8f0",
    "name": "R67 VECKHOLM",
    "type": 1,
    "icao": 7,
    "bnd": [
     [
      59.4613889,
      17.395
     ],
     [
      59.5183333,
      17.4975
     ]
    ]
   },
   "geometry": {
    "type": "Polygon",
    "coordinates": [
     [
      [
       17.4005556,
       59.5183333
      ],
      [
       17.4975,
       59.5133333
      ],
      [
       17.4919444,
       59.4877778
      ],
      [
       17.4638889,
       59.4613889
      ],
      [
       17.395,
       59.4972222
      ],
      [
       17.4005556,
       59.5183333
      ]
     ]
    ]
   }
  },
  {
   "type": "Feature",
   "properties": {
    "ll": {
     "value": 0,
     "unit": 1,
     "referenceDatum": 0
    },
    "ul": {
     "value": 610,
     "unit": 0,
     "referenceDatum": 1
    },
    "_id": "62e0fb7efd421ae8bc07a8fa",
    "name": "R68 GRINDSJÖN",
    "type": 1,
    "icao": 7,
    "bnd": [
     [
      59.0494444,
      17.7963889
     ],
     [
      59.0911111,
      17.8825
     ]
    ]
   },
   "geometry": {
    "type": "Polygon",
    "coordinates": [
     [
      [
       17.8297222,
       59.0911111
      ],
      [
       17.8825,
       59.0911111
      ],
      [
       17.8463889,
       59.0494444
      ],
      [
       17.7963889,
       59.0744444
      ],
      [
       17.8297222,
       59.0911111
      ]
     ]
    ]
   }
  },
  {
   "type": "Feature",
   "properties": {
    "ll": {
     "value": 0,
     "unit": 1,
     "referenceDatum": 0
    },
    "ul": {
     "value": 8530,
     "unit": 0,
     "referenceDatum": 1
    },
    "_id": "62e0fb7efd421ae8bc07a904",
    "name": "R70A HÄRNÖN",
    "type": 1,
    "icao": 7,
    "bnd": [
     [
      62.4488889,
      17.9463889
     ],
     [
      62.7822222,
      18.6627778
     ]
    ]
   },
   "geometry": {
    "type": "Polygon",
    "coordinates": [
     [
      [
       18.1961111,
       62.7822222
      ],
      [
       18.6627778,
       62.7822222
      ],
      [
       18.6627778,
       62.6433333
      ],
      [
       18.3461111,
       62.4488889
      ],
      [
       17.9463889,
       62.4488889
      ],
      [
       17.9797222,
       62.5655556
      ],
      [
       18.1961111,
       62.7822222
      ]
     ]
    ]
   }
  },
  {
   "type": "Feature",
   "properties": {
    "ll": {
     "value": 0,
     "unit": 1,
     "referenceDatum": 0
    },
    "ul": {
     "value": 1370,
     "unit": 0,
     "referenceDatum": 1
    },
    "_id": "62e0fb7efd421ae8bc07a90d",
    "name": "R70B PRÄSTHUS",
    "type": 1,
    "icao": 7,
    "bnd": [
     [
      62.6655556,
      18.0088889
     ],
     [
      62.7655556,
      18.1808333
     ]
    ]
   },
   "geometry": {
    "type": "Polygon",
    "coordinates": [
     [
      [
       18.1294444,
       62.7655556
      ],
      [
       18.1808333,
       62.7655556
      ],
      [
       18.0797222,
       62.6655556
      ],
      [
       18.0088889,
       62.6655556
      ],
      [
       18.0130556,
       62.6905556
      ],
      [
       18.1294444,
       62.7655556
      ]
     ]
    ]
   }
  },
  {
   "type": "Feature",
   "properties": {
    "ll": {
     "value": 0,
     "unit": 1,
     "referenceDatum": 0
    },
    "ul": {
     "value": 5030,
     "unit": 0,
     "referenceDatum": 1
    },
    "_id": "62e0fb7efd421ae8bc07a917",
    "name": "R70C VANGSTA",
    "type": 1,
    "icao": 7,
    "bnd": [
     [
      62.5988889,
      17.9963889
     ],
     [
      62.6655556,
      18.1627778
     ]
    ]
   },
   "geometry": {
    "type": "Polygon",
    "coordinates": [
     [
      [
       18.0088889,
       62.6655556
      ],
      [
       18.1627778,
       62.6655556
      ],
      [
       18.0963889,
       62.5988889
      ],
      [
       17.9963889,
       62.5988889
      ],
      [
       18.0088889,
       62.6655556
      ]
     ]
    ]
   }
  },
  {
   "type": "Feature",
   "properties": {
    "ll": {
     "value": 0,
     "unit": 1,
     "referenceDatum": 0
    },
    "ul": {
     "value": 1370,
     "unit": 0,
     "referenceDatum": 1
    },
    "_id": "62e0fb7efd421ae8bc07a922",
    "name": "R70D SKÄRSVIKEN",
    "type": 1,
    "icao": 7,
    "bnd": [
     [
      62.5322222,
      17.8797222
     ],
     [
      62.5988889,
      18.0130556
     ]
    ]
   },
   "geometry": {
    "type": "Polygon",
    "coordinates": [
     [
      [
       17.9630556,
       62.5988889
      ],
      [
       18.0130556,
       62.5988889
      ],
      [
       17.9797222,
       62.5655556
      ],
      [
       17.9686111,
       62.5322222
      ],
      [
       17.8797222,
       62.5655556
      ],
      [
       17.9630556,
       62.5988889
      ]
     ]
    ]
   }
  },
  {
   "type": "Feature",
   "properties": {
    "ll": {
     "value": 0,
     "unit": 1,
     "referenceDatum": 0
    },
    "ul": {
     "value": 12340,
     "unit": 0,
     "referenceDatum": 1
    },
    "_id": "62e0fb7efd421ae8bc07a92c",
    "name": "R71A NÅTTARÖ",
    "type": 1,
    "icao": 7,
    "bnd": [
     [
      58.5830556,
      17.8713889
     ],
     [
      58.9161111,
      18.2344444
     ]
    ]
   },
   "geometry": {
    "type": "Polygon",
    "coordinates": [
     [
      [
       18.1233333,
       58.9161111
      ],
      [
       18.2344444,
       58.7280556
      ],
      [
       17.9158333,
       58.5830556
      ],
      [
       17.8830556,
       58.6344444
      ],
      [
       17.8713889,
       58.8661111
      ],
      [
       17.9630556,
       58.8716667
      ],
      [
       18.1233333,
       58.9161111
      ]
     ]
    ]
   }
  },
  {
   "type": "Feature",
   "properties": {
    "ll": {
     "value": 0,
     "unit": 1,
     "referenceDatum": 0
    },
    "ul": {
     "value": 12340,
     "unit": 0,
     "referenceDatum": 1
    },
    "_id": "62e0fb7efd421ae8bc07a936",
    "name": "R71B NÅTTARÖ",
    "type": 1,
    "icao": 7,
    "bnd": [
     [
      58.7280556,
      18.1233333
     ],
     [
      58.9161111,
      18.43
     ]
    ]
   },
   "geometry": {
    "type": "Polygon",
    "coordinates": [
     [
      [
       18.1233333,
       58.9161111
      ],
      [
       18.43,
       58.8161111
      ],
      [
       18.3075,
       58.7611111
      ],
      [
       18.2344444,
       58.7280556
      ],
      [
       18.1233333,
       58.9161111
      ]
     ]
    ]
   }
  },
  {
   "type": "Feature",
   "properties": {
    "ll": {
     "value": 0,
     "unit": 1,
     "referenceDatum": 0
    },
    "ul": {
     "value": 12340,
     "unit": 0,
     "referenceDatum": 1
    },
    "_id": "62e0fb7efd421ae8bc07a940",
    "name": "R71C NÅTTARÖ",
    "type": 1,
    "icao": 7,
    "bnd": [
     [
      58.8161111,
      18.1233333
     ],
     [
      59.0161111,
      18.5130556
     ]
    ]
   },
   "geometry": {
    "type": "Polygon",
    "coordinates": [
     [
      [
       18.4880556,
       59.0161111
      ],
      [
       18.5130556,
       58.8994444
      ],
      [
       18.43,
       58.8161111
      ],
      [
       18.1233333,
       58.9161111
      ],
      [
       18.4880556,
       59.0161111
      ]
     ]
    ]
   }
  },
  {
   "type": "Feature",
   "properties": {
    "ll": {
     "value": 0,
     "unit": 1,
     "referenceDatum": 0
    },
    "ul": {
     "value": 12340,
     "unit": 0,
     "referenceDatum": 1
    },
    "_id": "62e0fb7ffd421ae8bc07a94a",
    "name": "R71D NÅTTARÖ",
    "type": 1,
    "icao": 7,
    "bnd": [
     [
      58.4952778,
      17.9158333
     ],
     [
      58.7611111,
      18.5066667
     ]
    ]
   },
   "geometry": {
    "type": "Polygon",
    "coordinates": [
     [
      [
       18.3075,
       58.7611111
      ],
      [
       18.5066667,
       58.6730556
      ],
      [
       18.1963889,
       58.5452778
      ],
      [
       17.9713889,
       58.4952778
      ],
      [
       17.9158333,
       58.5830556
      ],
      [
       18.2344444,
       58.7280556
      ],
      [
       18.3075,
       58.7611111
      ]
     ]
    ]
   }
  },
  {
   "type": "Feature",
   "properties": {
    "ll": {
     "value": 0,
     "unit": 1,
     "referenceDatum": 0
    },
    "ul": {
     "value": 12340,
     "unit": 0,
     "referenceDatum": 1
    },
    "_id": "62e0fb7ffd421ae8bc07a953",
    "name": "R71E NÅTTARÖ",
    "type": 1,
    "icao": 7,
    "bnd": [
     [
      58.6730556,
      18.3075
     ],
     [
      59.0161111,
      19.0255556
     ]
    ]
   },
   "geometry": {
    "type": "Polygon",
    "coordinates": [
     [
      [
       18.4880556,
       59.0161111
      ],
      [
       19.0255556,
       58.9022222
      ],
      [
       18.8380556,
       58.8077778
      ],
      [
       18.5066667,
       58.6730556
      ],
      [
       18.3075,
       58.7611111
      ],
      [
       18.43,
       58.8161111
      ],
      [
       18.5130556,
       58.8994444
      ],
      [
       18.4880556,
       59.0161111
      ]
     ]
    ]
   }
  },
  {
   "type": "Feature",
   "properties": {
    "ll": {
     "value": 0,
     "unit": 1,
     "referenceDatum": 0
    },
    "ul": {
     "value": 4720,
     "unit": 0,
     "referenceDatum": 1
    },
    "_id": "62e0fb7ffd421ae8bc07a95e",
    "name": "R74 ARVIDSJAUR",
    "type": 1,
    "icao": 7,
    "bnd": [
     [
      65.4736111,
      19.0375
     ],
     [
      65.5902778,
      19.2541667
     ]
    ]
   },
   "geometry": {
    "type": "Polygon",
    "coordinates": [
     [
      [
       19.0541667,
       65.5902778
      ],
      [
       19.1458333,
       65.5902778
      ],
      [
       19.2125,
       65.5652778
      ],
      [
       19.2541667,
       65.5236111
      ],
      [
       19.2375,
       65.4986111
      ],
      [
       19.0625,
       65.4736111
      ],
      [
       19.0375,
       65.5486111
      ],
      [
       19.0541667,
       65.5902778
      ]
     ]
    ]
   }
  },
  {
   "type": "Feature",
   "properties": {
    "ll": {
     "value": 0,
     "unit": 1,
     "referenceDatum": 0
    },
    "ul": {
     "value": 4720,
     "unit": 0,
     "referenceDatum": 1
    },
    "_id": "62e0fb7ffd421ae8bc07a968",
    "name": "R74A ARVIDSJAUR",
    "type": 1,
    "icao": 7,
    "bnd": [
     [
      65.4736111,
      19.0375
     ],
     [
      65.5902778,
      19.2541667
     ]
    ]
   },
   "geometry": {
    "type": "Polygon",
    "coordinates": [
     [
      [
       19.0541667,
       65.5902778
      ],
      [
       19.2541667,
       65.5236111
      ],
      [
       19.2375,
       65.4986111
      ],
      [
       19.0625,
       65.4736111
      ],
      [
       19.0375,
       65.5486111
      ],
      [
       19.0541667,
       65.5902778
      ]
     ]
    ]
   }
  },
  {
   "type": "Feature",
   "properties": {
    "ll": {
     "value": 0,
     "unit": 1,
     "referenceDatum": 0
    },
    "ul": {
     "value": 4720,
     "unit": 0,
     "referenceDatum": 1
    },
    "_id": "62e0fb7ffd421ae8bc07a972",
    "name": "R74B ARVIDSJAUR",
    "type": 1,
    "icao": 7,
    "bnd": [
     [
      65.5236111,
      19.0541667
     ],
     [
      65.5902778,
      19.2541667
     ]
    ]
   },
   "geometry": {
    "type": "Polygon",
    "coordinates": [
     [
      [
       19.0541667,
       65.5902778
      ],
      [
       19.1458333,
       65.5902778
      ],
      [
       19.2125,
       65.5652778
      ],
      [
       19.2541667,
       65.5236111
      ],
      [
       19.0541667,
       65.5902778
      ]
     ]
    ]
   }
  },
  {
   "type": "Feature",
   "properties": {
    "ll": {
     "value": 0,
     "unit": 1,
     "referenceDatum": 0
    },
    "ul": {
     "value": 3050,
     "unit": 0,
     "referenceDatum": 1
    },
    "_id": "62e0fb7ffd421ae8bc07a97c",
    "name": "R75 SKÖVDE",
    "type": 1,
    "icao": 7,
    "bnd": [
     [
      58.2577778,
      13.8302778
     ],
     [
      58.3244444,
      13.9302778
     ]
    ]
   },
   "geometry": {
    "type": "Polygon",
    "coordinates": [
     [
      [
       13.8636111,
       58.3244444
      ],
      [
       13.9302778,
       58.3161111
      ],
      [
       13.9136111,
       58.2577778
      ],
      [
       13.8302778,
       58.2661111
      ],
      [
       13.8636111,
       58.3244444
      ]
     ]
    ]
   }
  },
  {
   "type": "Feature",
   "properties": {
    "ll": {
     "value": 0,
     "unit": 1,
     "referenceDatum": 0
    },
    "ul": {
     "value": 4420,
     "unit": 0,
     "referenceDatum": 1
    },
    "_id": "62e0fb7ffd421ae8bc07a986",
    "name": "R76 LOMBEN",
    "type": 1,
    "icao": 7,
    "bnd": [
     [
      66.1152778,
      22.9286111
     ],
     [
      66.2486111,
      23.2116667
     ]
    ]
   },
   "geometry": {
    "type": "Polygon",
    "coordinates": [
     [
      [
       23.145,
       66.2486111
      ],
      [
       23.2116667,
       66.1652778
      ],
      [
       23.195,
       66.1152778
      ],
      [
       22.9286111,
       66.1652778
      ],
      [
       22.9452778,
       66.2319444
      ],
      [
       23.145,
       66.2486111
      ]
     ]
    ]
   }
  },
  {
   "type": "Feature",
   "properties": {
    "ll": {
     "value": 0,
     "unit": 1,
     "referenceDatum": 0
    },
    "ul": {
     "value": 1070,
     "unit": 0,
     "referenceDatum": 1
    },
    "_id": "62e0fb7ffd421ae8bc07a990",
    "name": "R77 SKOGSTIBBLE",
    "type": 1,
    "icao": 7,
    "bnd": [
     [
      59.7827778,
      17.2297222
     ],
     [
      59.8241667,
      17.3130556
     ]
    ]
   },
   "geometry": {
    "type": "Polygon",
    "coordinates": [
     [
      [
       17.2963889,
       59.8241667
      ],
      [
       17.3130556,
       59.7827778
      ],
      [
       17.2297222,
       59.7827778
      ],
      [
       17.2297222,
       59.8158333
      ],
      [
       17.2963889,
       59.8241667
      ]
     ]
    ]
   }
  },
  {
   "type": "Feature",
   "properties": {
    "ll": {
     "value": 0,
     "unit": 1,
     "referenceDatum": 0
    },
    "ul": {
     "value": 2590,
     "unit": 0,
     "referenceDatum": 1
    },
    "_id": "62e0fb7ffd421ae8bc07a99b",
    "name": "R78 HORSSJÖN",
    "type": 1,
    "icao": 7,
    "bnd": [
     [
      59.6963889,
      13.7136111
     ],
     [
      59.7825,
      13.8302778
     ]
    ]
   },
   "geometry": {
    "type": "Polygon",
    "coordinates": [
     [
      [
       13.7386111,
       59.7825
      ],
      [
       13.8302778,
       59.7658333
      ],
      [
       13.8302778,
       59.6963889
      ],
      [
       13.7469444,
       59.6991667
      ],
      [
       13.7136111,
       59.7325
      ],
      [
       13.7386111,
       59.7825
      ]
     ]
    ]
   }
  },
  {
   "type": "Feature",
   "properties": {
    "ll": {
     "value": 0,
     "unit": 1,
     "referenceDatum": 0
    },
    "ul": {
     "value": 999,
     "unit": 6,
     "referenceDatum": 2
    },
    "_id": "62e0fb7ffd421ae8bc07a9a3",
    "name": "R85 HOLMÖGADD",
    "type": 1,
    "icao": 7,
    "bnd": [
     [
      63.5322222,
      20.6708333
     ],
     [
      63.6822222,
      20.9208333
     ]
    ]
   },
   "geometry": {
    "type": "Polygon",
    "coordinates": [
     [
      [
       20.8458333,
       63.6822222
      ],
      [
       20.9208333,
       63.6822222
      ],
      [
       20.7708333,
       63.5322222
      ],
      [
       20.6708333,
       63.5822222
      ],
      [
       20.8458333,
       63.6822222
      ]
     ]
    ]
   }
  },
  {
   "type": "Feature",
   "properties": {
    "ll": {
     "value": 0,
     "unit": 1,
     "referenceDatum": 0
    },
    "ul": {
     "value": 999,
     "unit": 6,
     "referenceDatum": 2
    },
    "_id": "62e0fb80fd421ae8bc07a9ae",
    "name": "R87 SÖDERARM",
    "type": 1,
    "icao": 7,
    "bnd": [
     [
      59.6577778,
      19.0463889
     ],
     [
      59.8786111,
      19.4127778
     ]
    ]
   },
   "geometry": {
    "type": "Polygon",
    "coordinates": [
     [
      [
       19.1097222,
       59.8786111
      ],
      [
       19.2322222,
       59.8438889
      ],
      [
       19.3711111,
       59.7911111
      ],
      [
       19.4127778,
       59.7411111
      ],
      [
       19.1961111,
       59.6577778
      ],
      [
       19.0463889,
       59.7827778
      ],
      [
       19.1097222,
       59.8786111
      ]
     ]
    ]
   }
  },
  {
   "type": "Feature",
   "properties": {
    "ll": {
     "value": 0,
     "unit": 1,
     "referenceDatum": 0
    },
    "ul": {
     "value": 999,
     "unit": 6,
     "referenceDatum": 2
    },
    "_id": "62e0fb80fd421ae8bc07a9b8",
    "name": "R88 LANDSORT",
    "type": 1,
    "icao": 7,
    "bnd": [
     [
      58.6661111,
      17.6308333
     ],
     [
      58.8911111,
      17.8547222
     ]
    ]
   },
   "geometry": {
    "type": "Polygon",
    "coordinates": [
     [
      [
       17.7005556,
       58.8911111
      ],
      [
       17.8547222,
       58.6661111
      ],
      [
       17.6308333,
       58.8108333
      ],
      [
       17.7005556,
       58.8911111
      ]
     ]
    ]
   }
  },
  {
   "type": "Feature",
   "properties": {
    "ll": {
     "value": 0,
     "unit": 1,
     "referenceDatum": 0
    },
    "ul": {
     "value": 999,
     "unit": 6,
     "referenceDatum": 2
    },
    "_id": "62e0fb80fd421ae8bc07a9c1",
    "name": "R91 STÄRNÖ",
    "type": 1,
    "icao": 7,
    "bnd": [
     [
      56.1147402,
      14.7991137
     ],
     [
      56.1680375,
      14.8947751
     ]
    ]
   },
   "geometry": {
    "type": "Polygon",
    "coordinates": [
     [
      [
       14.8469444,
       56.1680375
      ],
      [
       14.845441,
       56.1680244
      ],
      [
       14.843939,
       56.1679849
      ],
      [
       14.8424401,
       56.1679192
      ],
      [
       14.8409455,
       56.1678273
      ],
      [
       14.8394569,
       56.1677092
      ],
      [
       14.8379758,
       56.1675652
      ],
      [
       14.8365034,
       56.1673953
      ],
      [
       14.8350414,
       56.1671998
      ],
      [
       14.8335912,
       56.1669787
      ],
      [
       14.8321542,
       56.1667324
      ],
      [
       14.8307318,
       56.166461
      ],
      [
       14.8293254,
       56.1661649
      ],
      [
       14.8279365,
       56.1658444
      ],
      [
       14.8265663,
       56.1654996
      ],
      [
       14.8252163,
       56.1651311
      ],
      [
       14.8238878,
       56.1647391
      ],
      [
       14.8225821,
       56.1643241
      ],
      [
       14.8213005,
       56.1638864
      ],
      [
       14.8200442,
       56.1634266
      ],
      [
       14.8188145,
       56.1629449
      ],
      [
       14.8176126,
       56.162442
      ],
      [
       14.8164397,
       56.1619183
      ],
      [
       14.815297,
       56.1613743
      ],
      [
       14.8141855,
       56.1608106
      ],
      [
       14.8131064,
       56.1602277
      ],
      [
       14.8120608,
       56.1596262
      ],
      [
       14.8110496,
       56.1590068
      ],
      [
       14.810074,
       56.1583699
      ],
      [
       14.8091347,
       56.1577163
      ],
      [
       14.8082328,
       56.1570465
      ],
      [
       14.8073692,
       56.1563613
      ],
      [
       14.8065446,
       56.1556614
      ],
      [
       14.80576,
       56.1549473
      ],
      [
       14.8050161,
       56.1542199
      ],
      [
       14.8043136,
       56.1534798
      ],
      [
       14.8036531,
       56.1527278
      ],
      [
       14.8030355,
       56.1519646
      ],
      [
       14.8024612,
       56.1511909
      ],
      [
       14.8019309,
       56.1504076
      ],
      [
       14.801445,
       56.1496154
      ],
      [
       14.801004,
       56.1488151
      ],
      [
       14.8006084,
       56.1480075
      ],
      [
       14.8002586,
       56.1471933
      ],
      [
       14.7999548,
       56.1463734
      ],
      [
       14.7996975,
       56.1455486
      ],
      [
       14.7994868,
       56.1447198
      ],
      [
       14.7993229,
       56.1438876
      ],
      [
       14.799206,
       56.143053
      ],
      [
       14.7991363,
       56.1422167
      ],
      [
       14.7991137,
       56.1413797
      ],
      [
       14.7991384,
       56.1405426
      ],
      [
       14.7992102,
       56.1397064
      ],
      [
       14.7993291,
       56.1388719
      ],
      [
       14.799495,
       56.1380398
      ],
      [
       14.7997077,
       56.1372111
      ],
      [
       14.7999671,
       56.1363865
      ],
      [
       14.8002727,
       56.1355669
      ],
      [
       14.8006244,
       56.134753
      ],
      [
       14.8010218,
       56.1339456
      ],
      [
       14.8014645,
       56.1331456
      ],
      [
       14.801952,
       56.1323538
      ],
      [
       14.8024839,
       56.1315709
      ],
      [
       14.8030597,
       56.1307977
      ],
      [
       14.8036787,
       56.1300349
      ],
      [
       14.8043404,
       56.1292833
      ],
      [
       14.8050441,
       56.1285437
      ],
      [
       14.8057891,
       56.1278168
      ],
      [
       14.8065746,
       56.1271032
      ],
      [
       14.8074,
       56.1264038
      ],
      [
       14.8082643,
       56.1257192
      ],
      [
       14.8091668,
       56.12505
      ],
      [
       14.8101065,
       56.1243969
      ],
      [
       14.8110825,
       56.1237606
      ],
      [
       14.8120939,
       56.1231417
      ],
      [
       14.8131396,
       56.1225408
      ],
      [
       14.8142186,
       56.1219585
      ],
      [
       14.8153299,
       56.1213954
      ],
      [
       14.8164723,
       56.120852
      ],
      [
       14.8176447,
       56.1203288
      ],
      [
       14.818846,
       56.1198265
      ],
      [
       14.820075,
       56.1193454
      ],
      [
       14.8213305,
       56.118886
      ],
      [
       14.8226111,
       56.1184489
      ],
      [
       14.8239158,
       56.1180343
      ],
      [
       14.8252432,
       56.1176429
      ],
      [
       14.8265919,
       56.1172748
      ],
      [
       14.8279607,
       56.1169305
      ],
      [
       14.8293481,
       56.1166103
      ],
      [
       14.8307529,
       56.1163146
      ],
      [
       14.8321737,
       56.1160436
      ],
      [
       14.833609,
       56.1157976
      ],
      [
       14.8350574,
       56.1155769
      ],
      [
       14.8365176,
       56.1153816
      ],
      [
       14.837988,
       56.1152119
      ],
      [
       14.8394672,
       56.1150681
      ],
      [
       14.8409538,
       56.1149502
      ],
      [
       14.8424463,
       56.1148584
      ],
      [
       14.8439432,
       56.1147928
      ],
      [
       14.8454431,
       56.1147534
      ],
      [
       14.8469444,
       56.1147402
      ],
      [
       14.8484458,
       56.1147534
      ],
      [
       14.8499457,
       56.1147928
      ],
      [
       14.8514426,
       56.1148584
      ],
      [
       14.8529351,
       56.1149502
      ],
      [
       14.8544217,
       56.1150681
      ],
      [
       14.8559009,
       56.1152119
      ],
      [
       14.8573713,
       56.1153816
      ],
      [
       14.8588315,
       56.1155769
      ],
      [
       14.8602799,
       56.1157976
      ],
      [
       14.8617152,
       56.1160436
      ],
      [
       14.863136,
       56.1163146
      ],
      [
       14.8645408,
       56.1166103
      ],
      [
       14.8659282,
       56.1169305
      ],
      [
       14.867297,
       56.1172748
      ],
      [
       14.8686457,
       56.1176429
      ],
      [
       14.8699731,
       56.1180343
      ],
      [
       14.8712777,
       56.1184489
      ],
      [
       14.8725584,
       56.118886
      ],
      [
       14.8738139,
       56.1193454
      ],
      [
       14.8750429,
       56.1198265
      ],
      [
       14.8762442,
       56.1203288
      ],
      [
       14.8774166,
       56.120852
      ],
      [
       14.878559,
       56.1213954
      ],
      [
       14.8796703,
       56.1219585
      ],
      [
       14.8807493,
       56.1225408
      ],
      [
       14.881795,
       56.1231417
      ],
      [
       14.8828063,
       56.1237606
      ],
      [
       14.8837824,
       56.1243969
      ],
      [
       14.8847221,
       56.12505
      ],
      [
       14.8856245,
       56.1257192
      ],
      [
       14.8864889,
       56.1264038
      ],
      [
       14.8873143,
       56.1271032
      ],
      [
       14.8880998,
       56.1278168
      ],
      [
       14.8888448,
       56.1285437
      ],
      [
       14.8895485,
       56.1292833
      ],
      [
       14.8902102,
       56.1300349
      ],
      [
       14.8908292,
       56.1307977
      ],
      [
       14.891405,
       56.1315709
      ],
      [
       14.8919369,
       56.1323538
      ],
      [
       14.8924244,
       56.1331456
      ],
      [
       14.8928671,
       56.1339456
      ],
      [
       14.8932645,
       56.134753
      ],
      [
       14.8936162,
       56.1355669
      ],
      [
       14.8939218,
       56.1363865
      ],
      [
       14.8941812,
       56.1372111
      ],
      [
       14.8943939,
       56.1380398
      ],
      [
       14.8945598,
       56.1388719
      ],
      [
       14.8946787,
       56.1397064
      ],
      [
       14.8947505,
       56.1405426
      ],
      [
       14.8947751,
       56.1413797
      ],
      [
       14.8947526,
       56.1422167
      ],
      [
       14.8946828,
       56.143053
      ],
      [
       14.894566,
       56.1438876
      ],
      [
       14.8944021,
       56.1447198
      ],
      [
       14.8941914,
       56.1455486
      ],
      [
       14.893934,
       56.1463734
      ],
      [
       14.8936303,
       56.1471933
      ],
      [
       14.8932804,
       56.1480075
      ],
      [
       14.8928849,
       56.1488151
      ],
      [
       14.8924439,
       56.1496154
      ],
      [
       14.891958,
       56.1504076
      ],
      [
       14.8914277,
       56.1511909
      ],
      [
       14.8908534,
       56.1519646
      ],
      [
       14.8902357,
       56.1527278
      ],
      [
       14.8895753,
       56.1534798
      ],
      [
       14.8888728,
       56.1542199
      ],
      [
       14.8881289,
       56.1549473
      ],
      [
       14.8873443,
       56.1556614
      ],
      [
       14.8865197,
       56.1563613
      ],
      [
       14.8856561,
       56.1570465
      ],
      [
       14.8847542,
       56.1577163
      ],
      [
       14.8838149,
       56.1583699
      ],
      [
       14.8828392,
       56.1590068
      ],
      [
       14.8818281,
       56.1596262
      ],
      [
       14.8807825,
       56.1602277
      ],
      [
       14.8797034,
       56.1608106
      ],
      [
       14.8785919,
       56.1613743
      ],
      [
       14.8774492,
       56.1619183
      ],
      [
       14.8762763,
       56.162442
      ],
      [
       14.8750744,
       56.1629449
      ],
      [
       14.8738447,
       56.1634266
      ],
      [
       14.8725884,
       56.1638864
      ],
      [
       14.8713068,
       56.1643241
      ],
      [
       14.8700011,
       56.1647391
      ],
      [
       14.8686726,
       56.1651311
      ],
      [
       14.8673226,
       56.1654996
      ],
      [
       14.8659524,
       56.1658444
      ],
      [
       14.8645635,
       56.1661649
      ],
      [
       14.8631571,
       56.166461
      ],
      [
       14.8617347,
       56.1667324
      ],
      [
       14.8602977,
       56.1669787
      ],
      [
       14.8588475,
       56.1671998
      ],
      [
       14.8573855,
       56.1673953
      ],
      [
       14.8559131,
       56.1675652
      ],
      [
       14.8544319,
       56.1677092
      ],
      [
       14.8529433,
       56.1678273
      ],
      [
       14.8514488,
       56.1679192
      ],
      [
       14.8499498,
       56.1679849
      ],
      [
       14.8484479,
       56.1680244
      ],
      [
       14.8469444,
       56.1680375
      ]
     ]
    ]
   }
  },
  {
   "type": "Feature",
   "properties": {
    "ll": {
     "value": 0,
     "unit": 1,
     "referenceDatum": 0
    },
    "ul": {
     "value": 999,
     "unit": 6,
     "referenceDatum": 2
    },
    "_id": "62e0fb80fd421ae8bc07a9cc",
    "name": "R93 STYRSÖ",
    "type": 1,
    "icao": 7,
    "bnd": [
     [
      57.5827778,
      11.7138889
     ],
     [
      57.655,
      11.8236111
     ]
    ]
   },
   "geometry": {
    "type": "Polygon",
    "coordinates": [
     [
      [
       11.7213889,
       57.655
      ],
      [
       11.7836111,
       57.655
      ],
      [
       11.7930556,
       57.6225
      ],
      [
       11.8222222,
       57.6122222
      ],
      [
       11.8236111,
       57.5911111
      ],
      [
       11.7138889,
       57.5827778
      ],
      [
       11.7213889,
       57.655
      ]
     ]
    ]
   }
  },
  {
   "type": "Feature",
   "properties": {
    "ll": {
     "value": 0,
     "unit": 1,
     "referenceDatum": 0
    },
    "ul": {
     "value": 999,
     "unit": 6,
     "referenceDatum": 2
    },
    "_id": "62e0fb80fd421ae8bc07a9d6",
    "name": "R95 MARSTRAND",
    "type": 1,
    "icao": 7,
    "bnd": [
     [
      57.9097222,
      11.6438889
     ],
     [
      57.9530556,
      11.7472222
     ]
    ]
   },
   "geometry": {
    "type": "Polygon",
    "coordinates": [
     [
      [
       11.7183333,
       57.9530556
      ],
      [
       11.7472222,
       57.9397222
      ],
      [
       11.7061111,
       57.9097222
      ],
      [
       11.6438889,
       57.9161111
      ],
      [
       11.7183333,
       57.9530556
      ]
     ]
    ]
   }
  },
  {
   "type": "Feature",
   "properties": {
    "ll": {
     "value": 0,
     "unit": 1,
     "referenceDatum": 0
    },
    "ul": {
     "value": 670,
     "unit": 0,
     "referenceDatum": 1
    },
    "_id": "62e0fb80fd421ae8bc07a9e0",
    "name": "R96 BERGA",
    "type": 1,
    "icao": 7,
    "bnd": [
     [
      59.0630556,
      18.07
     ],
     [
      59.0933333,
      18.1477778
     ]
    ]
   },
   "geometry": {
    "type": "Polygon",
    "coordinates": [
     [
      [
       18.135,
       59.0933333
      ],
      [
       18.1477778,
       59.0805556
      ],
      [
       18.1111111,
       59.0705556
      ],
      [
       18.1097222,
       59.0683333
      ],
      [
       18.09,
       59.0630556
      ],
      [
       18.07,
       59.0741667
      ],
      [
       18.135,
       59.0933333
      ]
     ]
    ]
   }
  },
  {
   "type": "Feature",
   "properties": {
    "ll": {
     "value": 0,
     "unit": 1,
     "referenceDatum": 0
    },
    "ul": {
     "value": 610,
     "unit": 0,
     "referenceDatum": 1
    },
    "_id": "62e0fb80fd421ae8bc07a9e9",
    "name": "R97 KUMLA",
    "type": 1,
    "icao": 7,
    "bnd": [
     [
      59.1025124,
      15.0859693
     ],
     [
      59.1391543,
      15.1573641
     ]
    ]
   },
   "geometry": {
    "type": "Polygon",
    "coordinates": [
     [
      [
       15.1216667,
       59.1391543
      ],
      [
       15.1205448,
       59.1391452
      ],
      [
       15.119424,
       59.1391181
      ],
      [
       15.1183055,
       59.1390729
      ],
      [
       15.1171902,
       59.1390097
      ],
      [
       15.1160794,
       59.1389286
      ],
      [
       15.1149741,
       59.1388296
      ],
      [
       15.1138755,
       59.1387128
      ],
      [
       15.1127845,
       59.1385784
      ],
      [
       15.1117023,
       59.1384264
      ],
      [
       15.1106299,
       59.1382571
      ],
      [
       15.1095685,
       59.1380706
      ],
      [
       15.108519,
       59.1378671
      ],
      [
       15.1074826,
       59.1376467
      ],
      [
       15.1064601,
       59.1374097
      ],
      [
       15.1054527,
       59.1371564
      ],
      [
       15.1044612,
       59.136887
      ],
      [
       15.1034868,
       59.1366017
      ],
      [
       15.1025304,
       59.1363008
      ],
      [
       15.1015929,
       59.1359847
      ],
      [
       15.1006752,
       59.1356536
      ],
      [
       15.0997782,
       59.1353079
      ],
      [
       15.0989029,
       59.1349479
      ],
      [
       15.0980501,
       59.1345739
      ],
      [
       15.0972206,
       59.1341864
      ],
      [
       15.0964152,
       59.1337858
      ],
      [
       15.0956348,
       59.1333723
      ],
      [
       15.0948802,
       59.1329464
      ],
      [
       15.094152,
       59.1325086
      ],
      [
       15.0934509,
       59.1320593
      ],
      [
       15.0927778,
       59.1315989
      ],
      [
       15.0921332,
       59.1311279
      ],
      [
       15.0915177,
       59.1306467
      ],
      [
       15.090932,
       59.1301558
      ],
      [
       15.0903767,
       59.1296558
      ],
      [
       15.0898523,
       59.129147
      ],
      [
       15.0893593,
       59.12863
      ],
      [
       15.0888982,
       59.1281053
      ],
      [
       15.0884695,
       59.1275735
      ],
      [
       15.0880736,
       59.127035
      ],
      [
       15.0877108,
       59.1264904
      ],
      [
       15.0873816,
       59.1259402
      ],
      [
       15.0870862,
       59.125385
      ],
      [
       15.0868249,
       59.1248253
      ],
      [
       15.086598,
       59.1242616
      ],
      [
       15.0864058,
       59.1236946
      ],
      [
       15.0862484,
       59.1231247
      ],
      [
       15.0861259,
       59.1225526
      ],
      [
       15.0860385,
       59.1219788
      ],
      [
       15.0859863,
       59.1214039
      ],
      [
       15.0859693,
       59.1208284
      ],
      [
       15.0859875,
       59.120253
      ],
      [
       15.0860409,
       59.1196781
      ],
      [
       15.0861295,
       59.1191043
      ],
      [
       15.0862531,
       59.1185323
      ],
      [
       15.0864117,
       59.1179625
      ],
      [
       15.0866051,
       59.1173956
      ],
      [
       15.086833,
       59.1168321
      ],
      [
       15.0870954,
       59.1162725
      ],
      [
       15.0873918,
       59.1157174
      ],
      [
       15.087722,
       59.1151674
      ],
      [
       15.0880857,
       59.114623
      ],
      [
       15.0884826,
       59.1140847
      ],
      [
       15.0889122,
       59.1135531
      ],
      [
       15.089374,
       59.1130286
      ],
      [
       15.0898678,
       59.1125119
      ],
      [
       15.0903928,
       59.1120034
      ],
      [
       15.0909488,
       59.1115036
      ],
      [
       15.091535,
       59.111013
      ],
      [
       15.0921509,
       59.1105321
      ],
      [
       15.0927959,
       59.1100613
      ],
      [
       15.0934694,
       59.1096012
      ],
      [
       15.0941707,
       59.1091522
      ],
      [
       15.0948991,
       59.1087147
      ],
      [
       15.0956539,
       59.1082892
      ],
      [
       15.0964343,
       59.107876
      ],
      [
       15.0972396,
       59.1074756
      ],
      [
       15.098069,
       59.1070884
      ],
      [
       15.0989217,
       59.1067148
      ],
      [
       15.0997967,
       59.1063551
      ],
      [
       15.1006933,
       59.1060097
      ],
      [
       15.1016106,
       59.1056789
      ],
      [
       15.1025477,
       59.105363
      ],
      [
       15.1035036,
       59.1050624
      ],
      [
       15.1044774,
       59.1047774
      ],
      [
       15.1054681,
       59.1045082
      ],
      [
       15.1064748,
       59.1042552
      ],
      [
       15.1074965,
       59.1040184
      ],
      [
       15.1085321,
       59.1037983
      ],
      [
       15.1095807,
       59.1035949
      ],
      [
       15.1106412,
       59.1034086
      ],
      [
       15.1117125,
       59.1032395
      ],
      [
       15.1127937,
       59.1030877
      ],
      [
       15.1138836,
       59.1029534
      ],
      [
       15.1149812,
       59.1028367
      ],
      [
       15.1160853,
       59.1027378
      ],
      [
       15.117195,
       59.1026568
      ],
      [
       15.118309,
       59.1025936
      ],
      [
       15.1194264,
       59.1025485
      ],
      [
       15.120546,
       59.1025214
      ],
      [
       15.1216667,
       59.1025124
      ],
      [
       15.1227874,
       59.1025214
      ],
      [
       15.1239069,
       59.1025485
      ],
      [
       15.1250243,
       59.1025936
      ],
      [
       15.1261384,
       59.1026568
      ],
      [
       15.127248,
       59.1027378
      ],
      [
       15.1283522,
       59.1028367
      ],
      [
       15.1294498,
       59.1029534
      ],
      [
       15.1305397,
       59.1030877
      ],
      [
       15.1316208,
       59.1032395
      ],
      [
       15.1326922,
       59.1034086
      ],
      [
       15.1337527,
       59.1035949
      ],
      [
       15.1348012,
       59.1037983
      ],
      [
       15.1358369,
       59.1040184
      ],
      [
       15.1368585,
       59.1042552
      ],
      [
       15.1378652,
       59.1045082
      ],
      [
       15.138856,
       59.1047774
      ],
      [
       15.1398298,
       59.1050624
      ],
      [
       15.1407857,
       59.105363
      ],
      [
       15.1417227,
       59.1056789
      ],
      [
       15.14264,
       59.1060097
      ],
      [
       15.1435366,
       59.1063551
      ],
      [
       15.1444117,
       59.1067148
      ],
      [
       15.1452643,
       59.1070884
      ],
      [
       15.1460937,
       59.1074756
      ],
      [
       15.146899,
       59.107876
      ],
      [
       15.1476794,
       59.1082892
      ],
      [
       15.1484342,
       59.1087147
      ],
      [
       15.1491626,
       59.1091522
      ],
      [
       15.1498639,
       59.1096012
      ],
      [
       15.1505374,
       59.1100613
      ],
      [
       15.1511824,
       59.1105321
      ],
      [
       15.1517984,
       59.111013
      ],
      [
       15.1523846,
       59.1115036
      ],
      [
       15.1529405,
       59.1120034
      ],
      [
       15.1534656,
       59.1125119
      ],
      [
       15.1539593,
       59.1130286
      ],
      [
       15.1544212,
       59.1135531
      ],
      [
       15.1548507,
       59.1140847
      ],
      [
       15.1552476,
       59.114623
      ],
      [
       15.1556113,
       59.1151674
      ],
      [
       15.1559415,
       59.1157174
      ],
      [
       15.156238,
       59.1162725
      ],
      [
       15.1565003,
       59.1168321
      ],
      [
       15.1567283,
       59.1173956
      ],
      [
       15.1569216,
       59.1179625
      ],
      [
       15.1570802,
       59.1185323
      ],
      [
       15.1572039,
       59.1191043
      ],
      [
       15.1572924,
       59.1196781
      ],
      [
       15.1573459,
       59.120253
      ],
      [
       15.1573641,
       59.1208284
      ],
      [
       15.1573471,
       59.1214039
      ],
      [
       15.1572948,
       59.1219788
      ],
      [
       15.1572074,
       59.1225526
      ],
      [
       15.157085,
       59.1231247
      ],
      [
       15.1569275,
       59.1236946
      ],
      [
       15.1567353,
       59.1242616
      ],
      [
       15.1565084,
       59.1248253
      ],
      [
       15.1562472,
       59.125385
      ],
      [
       15.1559518,
       59.1259402
      ],
      [
       15.1556225,
       59.1264904
      ],
      [
       15.1552598,
       59.127035
      ],
      [
       15.1548638,
       59.1275735
      ],
      [
       15.1544351,
       59.1281053
      ],
      [
       15.153974,
       59.12863
      ],
      [
       15.153481,
       59.129147
      ],
      [
       15.1529566,
       59.1296558
      ],
      [
       15.1524013,
       59.1301558
      ],
      [
       15.1518156,
       59.1306467
      ],
      [
       15.1512002,
       59.1311279
      ],
      [
       15.1505556,
       59.1315989
      ],
      [
       15.1498824,
       59.1320593
      ],
      [
       15.1491814,
       59.1325086
      ],
      [
       15.1484532,
       59.1329464
      ],
      [
       15.1476985,
       59.1333723
      ],
      [
       15.1469181,
       59.1337858
      ],
      [
       15.1461128,
       59.1341864
      ],
      [
       15.1452833,
       59.1345739
      ],
      [
       15.1444304,
       59.1349479
      ],
      [
       15.1435551,
       59.1353079
      ],
      [
       15.1426582,
       59.1356536
      ],
      [
       15.1417405,
       59.1359847
      ],
      [
       15.1408029,
       59.1363008
      ],
      [
       15.1398465,
       59.1366017
      ],
      [
       15.1388721,
       59.136887
      ],
      [
       15.1378807,
       59.1371564
      ],
      [
       15.1368732,
       59.1374097
      ],
      [
       15.1358508,
       59.1376467
      ],
      [
       15.1348143,
       59.1378671
      ],
      [
       15.1337648,
       59.1380706
      ],
      [
       15.1327034,
       59.1382571
      ],
      [
       15.131631,
       59.1384264
      ],
      [
       15.1305489,
       59.1385784
      ],
      [
       15.1294579,
       59.1387128
      ],
      [
       15.1283592,
       59.1388296
      ],
      [
       15.1272539,
       59.1389286
      ],
      [
       15.1261431,
       59.1390097
      ],
      [
       15.1250279,
       59.1390729
      ],
      [
       15.1239093,
       59.1391181
      ],
      [
       15.1227885,
       59.1391452
      ],
      [
       15.1216667,
       59.1391543
      ]
     ]
    ]
   }
  },
  {
   "type": "Feature",
   "properties": {
    "ll": {
     "value": 0,
     "unit": 1,
     "referenceDatum": 0
    },
    "ul": {
     "value": 610,
     "unit": 0,
     "referenceDatum": 1
    },
    "_id": "62e0fb80fd421ae8bc07a9f4",
    "name": "R98 HALL",
    "type": 1,
    "icao": 7,
    "bnd": [
     [
      59.1444568,
      17.6473144
     ],
     [
      59.1810987,
      17.7187967
     ]
    ]
   },
   "geometry": {
    "type": "Polygon",
    "coordinates": [
     [
      [
       17.6830556,
       59.1810987
      ],
      [
       17.6819323,
       59.1810897
      ],
      [
       17.6808101,
       59.1810626
      ],
      [
       17.6796902,
       59.1810174
      ],
      [
       17.6785736,
       59.1809542
      ],
      [
       17.6774614,
       59.1808731
      ],
      [
       17.6763548,
       59.180774
      ],
      [
       17.6752548,
       59.1806573
      ],
      [
       17.6741625,
       59.1805228
      ],
      [
       17.673079,
       59.1803709
      ],
      [
       17.6720053,
       59.1802016
      ],
      [
       17.6709426,
       59.180015
      ],
      [
       17.6698918,
       59.1798115
      ],
      [
       17.668854,
       59.1795911
      ],
      [
       17.6678303,
       59.1793542
      ],
      [
       17.6668217,
       59.1791009
      ],
      [
       17.665829,
       59.1788314
      ],
      [
       17.6648534,
       59.1785461
      ],
      [
       17.6638958,
       59.1782453
      ],
      [
       17.6629571,
       59.1779291
      ],
      [
       17.6620383,
       59.177598
      ],
      [
       17.6611403,
       59.1772523
      ],
      [
       17.6602639,
       59.1768923
      ],
      [
       17.65941,
       59.1765184
      ],
      [
       17.6585795,
       59.1761309
      ],
      [
       17.6577732,
       59.1757302
      ],
      [
       17.6569918,
       59.1753167
      ],
      [
       17.6562362,
       59.1748909
      ],
      [
       17.6555071,
       59.1744531
      ],
      [
       17.6548052,
       59.1740038
      ],
      [
       17.6541312,
       59.1735434
      ],
      [
       17.6534858,
       59.1730723
      ],
      [
       17.6528696,
       59.1725911
      ],
      [
       17.6522832,
       59.1721003
      ],
      [
       17.6517272,
       59.1716002
      ],
      [
       17.6512022,
       59.1710914
      ],
      [
       17.6507086,
       59.1705744
      ],
      [
       17.6502469,
       59.1700498
      ],
      [
       17.6498177,
       59.1695179
      ],
      [
       17.6494213,
       59.1689794
      ],
      [
       17.6490581,
       59.1684348
      ],
      [
       17.6487284,
       59.1678846
      ],
      [
       17.6484326,
       59.1673294
      ],
      [
       17.6481711,
       59.1667697
      ],
      [
       17.6479439,
       59.166206
      ],
      [
       17.6477515,
       59.165639
      ],
      [
       17.6475938,
       59.1650692
      ],
      [
       17.6474712,
       59.1644971
      ],
      [
       17.6473837,
       59.1639233
      ],
      [
       17.6473314,
       59.1633484
      ],
      [
       17.6473144,
       59.1627729
      ],
      [
       17.6473326,
       59.1621974
      ],
      [
       17.6473861,
       59.1616225
      ],
      [
       17.6474748,
       59.1610488
      ],
      [
       17.6475986,
       59.1604767
      ],
      [
       17.6477574,
       59.159907
      ],
      [
       17.647951,
       59.15934
      ],
      [
       17.6481792,
       59.1587765
      ],
      [
       17.6484419,
       59.1582169
      ],
      [
       17.6487387,
       59.1576619
      ],
      [
       17.6490693,
       59.1571119
      ],
      [
       17.6494335,
       59.1565674
      ],
      [
       17.6498308,
       59.1560291
      ],
      [
       17.6502609,
       59.1554975
      ],
      [
       17.6507233,
       59.1549731
      ],
      [
       17.6512177,
       59.1544563
      ],
      [
       17.6517434,
       59.1539478
      ],
      [
       17.6523,
       59.153448
      ],
      [
       17.6528869,
       59.1529574
      ],
      [
       17.6535036,
       59.1524765
      ],
      [
       17.6541494,
       59.1520058
      ],
      [
       17.6548238,
       59.1515457
      ],
      [
       17.6555259,
       59.1510967
      ],
      [
       17.6562552,
       59.1506592
      ],
      [
       17.6570109,
       59.1502336
      ],
      [
       17.6577923,
       59.1498205
      ],
      [
       17.6585986,
       59.1494201
      ],
      [
       17.659429,
       59.1490329
      ],
      [
       17.6602827,
       59.1486592
      ],
      [
       17.6611588,
       59.1482995
      ],
      [
       17.6620565,
       59.1479541
      ],
      [
       17.6629749,
       59.1476233
      ],
      [
       17.6639131,
       59.1473075
      ],
      [
       17.6648702,
       59.1470069
      ],
      [
       17.6658452,
       59.1467219
      ],
      [
       17.6668371,
       59.1464527
      ],
      [
       17.6678451,
       59.1461996
      ],
      [
       17.668868,
       59.1459629
      ],
      [
       17.6699049,
       59.1457427
      ],
      [
       17.6709548,
       59.1455394
      ],
      [
       17.6720165,
       59.145353
      ],
      [
       17.6730892,
       59.1451839
      ],
      [
       17.6741717,
       59.1450321
      ],
      [
       17.6752629,
       59.1448978
      ],
      [
       17.6763618,
       59.1447812
      ],
      [
       17.6774674,
       59.1446823
      ],
      [
       17.6785784,
       59.1446012
      ],
      [
       17.6796938,
       59.1445381
      ],
      [
       17.6808125,
       59.144493
      ],
      [
       17.6819335,
       59.1444659
      ],
      [
       17.6830556,
       59.1444568
      ],
      [
       17.6841776,
       59.1444659
      ],
      [
       17.6852986,
       59.144493
      ],
      [
       17.6864173,
       59.1445381
      ],
      [
       17.6875327,
       59.1446012
      ],
      [
       17.6886438,
       59.1446823
      ],
      [
       17.6897493,
       59.1447812
      ],
      [
       17.6908482,
       59.1448978
      ],
      [
       17.6919394,
       59.1450321
      ],
      [
       17.6930219,
       59.1451839
      ],
      [
       17.6940946,
       59.145353
      ],
      [
       17.6951563,
       59.1455394
      ],
      [
       17.6962062,
       59.1457427
      ],
      [
       17.6972431,
       59.1459629
      ],
      [
       17.698266,
       59.1461996
      ],
      [
       17.699274,
       59.1464527
      ],
      [
       17.7002659,
       59.1467219
      ],
      [
       17.7012409,
       59.1470069
      ],
      [
       17.702198,
       59.1473075
      ],
      [
       17.7031362,
       59.1476233
      ],
      [
       17.7040546,
       59.1479541
      ],
      [
       17.7049523,
       59.1482995
      ],
      [
       17.7058284,
       59.1486592
      ],
      [
       17.7066821,
       59.1490329
      ],
      [
       17.7075125,
       59.1494201
      ],
      [
       17.7083188,
       59.1498205
      ],
      [
       17.7091002,
       59.1502336
      ],
      [
       17.7098559,
       59.1506592
      ],
      [
       17.7105852,
       59.1510967
      ],
      [
       17.7112874,
       59.1515457
      ],
      [
       17.7119617,
       59.1520058
      ],
      [
       17.7126075,
       59.1524765
      ],
      [
       17.7132242,
       59.1529574
      ],
      [
       17.7138111,
       59.153448
      ],
      [
       17.7143677,
       59.1539478
      ],
      [
       17.7148934,
       59.1544563
      ],
      [
       17.7153878,
       59.1549731
      ],
      [
       17.7158502,
       59.1554975
      ],
      [
       17.7162803,
       59.1560291
      ],
      [
       17.7166776,
       59.1565674
      ],
      [
       17.7170418,
       59.1571119
      ],
      [
       17.7173724,
       59.1576619
      ],
      [
       17.7176692,
       59.1582169
      ],
      [
       17.7179319,
       59.1587765
      ],
      [
       17.7181601,
       59.15934
      ],
      [
       17.7183537,
       59.159907
      ],
      [
       17.7185125,
       59.1604767
      ],
      [
       17.7186363,
       59.1610488
      ],
      [
       17.718725,
       59.1616225
      ],
      [
       17.7187785,
       59.1621974
      ],
      [
       17.7187967,
       59.1627729
      ],
      [
       17.7187797,
       59.1633484
      ],
      [
       17.7187274,
       59.1639233
      ],
      [
       17.7186399,
       59.1644971
      ],
      [
       17.7185173,
       59.1650692
      ],
      [
       17.7183597,
       59.165639
      ],
      [
       17.7181672,
       59.166206
      ],
      [
       17.71794,
       59.1667697
      ],
      [
       17.7176785,
       59.1673294
      ],
      [
       17.7173827,
       59.1678846
      ],
      [
       17.7170531,
       59.1684348
      ],
      [
       17.7166898,
       59.1689794
      ],
      [
       17.7162934,
       59.1695179
      ],
      [
       17.7158642,
       59.1700498
      ],
      [
       17.7154025,
       59.1705744
      ],
      [
       17.7149089,
       59.1710914
      ],
      [
       17.7143839,
       59.1716002
      ],
      [
       17.7138279,
       59.1721003
      ],
      [
       17.7132415,
       59.1725911
      ],
      [
       17.7126253,
       59.1730723
      ],
      [
       17.7119799,
       59.1735434
      ],
      [
       17.7113059,
       59.1740038
      ],
      [
       17.710604,
       59.1744531
      ],
      [
       17.7098749,
       59.1748909
      ],
      [
       17.7091193,
       59.1753167
      ],
      [
       17.708338,
       59.1757302
      ],
      [
       17.7075316,
       59.1761309
      ],
      [
       17.7067011,
       59.1765184
      ],
      [
       17.7058472,
       59.1768923
      ],
      [
       17.7049708,
       59.1772523
      ],
      [
       17.7040728,
       59.177598
      ],
      [
       17.703154,
       59.1779291
      ],
      [
       17.7022153,
       59.1782453
      ],
      [
       17.7012577,
       59.1785461
      ],
      [
       17.7002821,
       59.1788314
      ],
      [
       17.6992895,
       59.1791009
      ],
      [
       17.6982808,
       59.1793542
      ],
      [
       17.6972571,
       59.1795911
      ],
      [
       17.6962193,
       59.1798115
      ],
      [
       17.6951686,
       59.180015
      ],
      [
       17.6941058,
       59.1802016
      ],
      [
       17.6930322,
       59.1803709
      ],
      [
       17.6919486,
       59.1805228
      ],
      [
       17.6908563,
       59.1806573
      ],
      [
       17.6897563,
       59.180774
      ],
      [
       17.6886497,
       59.1808731
      ],
      [
       17.6875375,
       59.1809542
      ],
      [
       17.6864209,
       59.1810174
      ],
      [
       17.685301,
       59.1810626
      ],
      [
       17.6841788,
       59.1810897
      ],
      [
       17.6830556,
       59.1810987
      ]
     ]
    ]
   }
  },
  {
   "type": "Feature",
   "properties": {
    "ll": {
     "value": 0,
     "unit": 1,
     "referenceDatum": 0
    },
    "ul": {
     "value": 610,
     "unit": 0,
     "referenceDatum": 1
    },
    "_id": "62e0fb80fd421ae8bc07a9fe",
    "name": "R99 TIDAHOLM",
    "type": 1,
    "icao": 7,
    "bnd": [
     [
      58.1602902,
      13.8980312
     ],
     [
      58.1969321,
      13.9675244
     ]
    ]
   },
   "geometry": {
    "type": "Polygon",
    "coordinates": [
     [
      [
       13.9327778,
       58.1969321
      ],
      [
       13.9316858,
       58.196923
      ],
      [
       13.9305949,
       58.1968959
      ],
      [
       13.9295062,
       58.1968507
      ],
      [
       13.9284206,
       58.1967875
      ],
      [
       13.9273394,
       58.1967064
      ],
      [
       13.9262636,
       58.1966074
      ],
      [
       13.9251942,
       58.1964906
      ],
      [
       13.9241323,
       58.1963562
      ],
      [
       13.923079,
       58.1962042
      ],
      [
       13.9220352,
       58.1960349
      ],
      [
       13.9210021,
       58.1958484
      ],
      [
       13.9199806,
       58.1956449
      ],
      [
       13.9189717,
       58.1954245
      ],
      [
       13.9179765,
       58.1951876
      ],
      [
       13.9169959,
       58.1949342
      ],
      [
       13.9160309,
       58.1946648
      ],
      [
       13.9150825,
       58.1943795
      ],
      [
       13.9141515,
       58.1940786
      ],
      [
       13.913239,
       58.1937625
      ],
      [
       13.9123457,
       58.1934314
      ],
      [
       13.9114727,
       58.1930857
      ],
      [
       13.9106207,
       58.1927257
      ],
      [
       13.9097905,
       58.1923518
      ],
      [
       13.9089831,
       58.1919643
      ],
      [
       13.9081993,
       58.1915636
      ],
      [
       13.9074396,
       58.1911502
      ],
      [
       13.9067051,
       58.1907243
      ],
      [
       13.9059963,
       58.1902865
      ],
      [
       13.9053139,
       58.1898372
      ],
      [
       13.9046587,
       58.1893768
      ],
      [
       13.9040312,
       58.1889058
      ],
      [
       13.9034321,
       58.1884246
      ],
      [
       13.9028621,
       58.1879337
      ],
      [
       13.9023215,
       58.1874337
      ],
      [
       13.9018111,
       58.1869249
      ],
      [
       13.9013312,
       58.1864079
      ],
      [
       13.9008824,
       58.1858833
      ],
      [
       13.9004651,
       58.1853514
      ],
      [
       13.9000796,
       58.1848129
      ],
      [
       13.8997265,
       58.1842683
      ],
      [
       13.899406,
       58.1837181
      ],
      [
       13.8991185,
       58.1831629
      ],
      [
       13.8988642,
       58.1826032
      ],
      [
       13.8986433,
       58.1820396
      ],
      [
       13.8984562,
       58.1814725
      ],
      [
       13.8983029,
       58.1809027
      ],
      [
       13.8981837,
       58.1803306
      ],
      [
       13.8980986,
       58.1797568
      ],
      [
       13.8980477,
       58.1791819
      ],
      [
       13.8980312,
       58.1786064
      ],
      [
       13.8980489,
       58.1780309
      ],
      [
       13.8981008,
       58.177456
      ],
      [
       13.898187,
       58.1768823
      ],
      [
       13.8983074,
       58.1763102
      ],
      [
       13.8984617,
       58.1757405
      ],
      [
       13.8986499,
       58.1751736
      ],
      [
       13.8988718,
       58.17461
      ],
      [
       13.8991271,
       58.1740504
      ],
      [
       13.8994156,
       58.1734954
      ],
      [
       13.899737,
       58.1729454
      ],
      [
       13.9000911,
       58.1724009
      ],
      [
       13.9004773,
       58.1718626
      ],
      [
       13.9008954,
       58.171331
      ],
      [
       13.901345,
       58.1708066
      ],
      [
       13.9018256,
       58.1702898
      ],
      [
       13.9023366,
       58.1697813
      ],
      [
       13.9028777,
       58.1692815
      ],
      [
       13.9034483,
       58.1687909
      ],
      [
       13.9040478,
       58.16831
      ],
      [
       13.9046757,
       58.1678392
      ],
      [
       13.9053312,
       58.1673791
      ],
      [
       13.9060138,
       58.1669301
      ],
      [
       13.9067228,
       58.1664926
      ],
      [
       13.9074575,
       58.166067
      ],
      [
       13.9082172,
       58.1656539
      ],
      [
       13.909001,
       58.1652535
      ],
      [
       13.9098083,
       58.1648663
      ],
      [
       13.9106382,
       58.1644927
      ],
      [
       13.91149,
       58.1641329
      ],
      [
       13.9123627,
       58.1637875
      ],
      [
       13.9132556,
       58.1634567
      ],
      [
       13.9141677,
       58.1631409
      ],
      [
       13.9150982,
       58.1628403
      ],
      [
       13.916046,
       58.1625552
      ],
      [
       13.9170104,
       58.162286
      ],
      [
       13.9179903,
       58.162033
      ],
      [
       13.9189848,
       58.1617962
      ],
      [
       13.9199928,
       58.1615761
      ],
      [
       13.9210135,
       58.1613727
      ],
      [
       13.9220457,
       58.1611864
      ],
      [
       13.9230886,
       58.1610172
      ],
      [
       13.924141,
       58.1608655
      ],
      [
       13.9252018,
       58.1607312
      ],
      [
       13.9262702,
       58.1606145
      ],
      [
       13.927345,
       58.1605156
      ],
      [
       13.9284251,
       58.1604345
      ],
      [
       13.9295095,
       58.1603714
      ],
      [
       13.9305971,
       58.1603263
      ],
      [
       13.9316869,
       58.1602992
      ],
      [
       13.9327778,
       58.1602902
      ],
      [
       13.9338686,
       58.1602992
      ],
      [
       13.9349584,
       58.1603263
      ],
      [
       13.936046,
       58.1603714
      ],
      [
       13.9371305,
       58.1604345
      ],
      [
       13.9382106,
       58.1605156
      ],
      [
       13.9392854,
       58.1606145
      ],
      [
       13.9403537,
       58.1607312
      ],
      [
       13.9414146,
       58.1608655
      ],
      [
       13.942467,
       58.1610172
      ],
      [
       13.9435098,
       58.1611864
      ],
      [
       13.9445421,
       58.1613727
      ],
      [
       13.9455627,
       58.1615761
      ],
      [
       13.9465708,
       58.1617962
      ],
      [
       13.9475653,
       58.162033
      ],
      [
       13.9485452,
       58.162286
      ],
      [
       13.9495095,
       58.1625552
      ],
      [
       13.9504574,
       58.1628403
      ],
      [
       13.9513878,
       58.1631409
      ],
      [
       13.9523,
       58.1634567
      ],
      [
       13.9531928,
       58.1637875
      ],
      [
       13.9540656,
       58.1641329
      ],
      [
       13.9549173,
       58.1644927
      ],
      [
       13.9557472,
       58.1648663
      ],
      [
       13.9565545,
       58.1652535
      ],
      [
       13.9573384,
       58.1656539
      ],
      [
       13.958098,
       58.166067
      ],
      [
       13.9588327,
       58.1664926
      ],
      [
       13.9595417,
       58.1669301
      ],
      [
       13.9602243,
       58.1673791
      ],
      [
       13.9608799,
       58.1678392
      ],
      [
       13.9615077,
       58.16831
      ],
      [
       13.9621072,
       58.1687909
      ],
      [
       13.9626778,
       58.1692815
      ],
      [
       13.9632189,
       58.1697813
      ],
      [
       13.96373,
       58.1702898
      ],
      [
       13.9642106,
       58.1708066
      ],
      [
       13.9646601,
       58.171331
      ],
      [
       13.9650782,
       58.1718626
      ],
      [
       13.9654645,
       58.1724009
      ],
      [
       13.9658185,
       58.1729454
      ],
      [
       13.9661399,
       58.1734954
      ],
      [
       13.9664285,
       58.1740504
      ],
      [
       13.9666838,
       58.17461
      ],
      [
       13.9669056,
       58.1751736
      ],
      [
       13.9670938,
       58.1757405
      ],
      [
       13.9672482,
       58.1763102
      ],
      [
       13.9673685,
       58.1768823
      ],
      [
       13.9674547,
       58.177456
      ],
      [
       13.9675067,
       58.1780309
      ],
      [
       13.9675244,
       58.1786064
      ],
      [
       13.9675078,
       58.1791819
      ],
      [
       13.967457,
       58.1797568
      ],
      [
       13.9673719,
       58.1803306
      ],
      [
       13.9672526,
       58.1809027
      ],
      [
       13.9670994,
       58.1814725
      ],
      [
       13.9669122,
       58.1820396
      ],
      [
       13.9666914,
       58.1826032
      ],
      [
       13.9664371,
       58.1831629
      ],
      [
       13.9661495,
       58.1837181
      ],
      [
       13.965829,
       58.1842683
      ],
      [
       13.9654759,
       58.1848129
      ],
      [
       13.9650905,
       58.1853514
      ],
      [
       13.9646732,
       58.1858833
      ],
      [
       13.9642244,
       58.1864079
      ],
      [
       13.9637445,
       58.1869249
      ],
      [
       13.963234,
       58.1874337
      ],
      [
       13.9626935,
       58.1879337
      ],
      [
       13.9621234,
       58.1884246
      ],
      [
       13.9615244,
       58.1889058
      ],
      [
       13.9608969,
       58.1893768
      ],
      [
       13.9602417,
       58.1898372
      ],
      [
       13.9595593,
       58.1902865
      ],
      [
       13.9588505,
       58.1907243
      ],
      [
       13.9581159,
       58.1911502
      ],
      [
       13.9573563,
       58.1915636
      ],
      [
       13.9565724,
       58.1919643
      ],
      [
       13.955765,
       58.1923518
      ],
      [
       13.9549349,
       58.1927257
      ],
      [
       13.9540829,
       58.1930857
      ],
      [
       13.9532098,
       58.1934314
      ],
      [
       13.9523166,
       58.1937625
      ],
      [
       13.9514041,
       58.1940786
      ],
      [
       13.9504731,
       58.1943795
      ],
      [
       13.9495247,
       58.1946648
      ],
      [
       13.9485597,
       58.1949342
      ],
      [
       13.9475791,
       58.1951876
      ],
      [
       13.9465839,
       58.1954245
      ],
      [
       13.945575,
       58.1956449
      ],
      [
       13.9445535,
       58.1958484
      ],
      [
       13.9435203,
       58.1960349
      ],
      [
       13.9424766,
       58.1962042
      ],
      [
       13.9414232,
       58.1963562
      ],
      [
       13.9403613,
       58.1964906
      ],
      [
       13.9392919,
       58.1966074
      ],
      [
       13.9382161,
       58.1967064
      ],
      [
       13.9371349,
       58.1967875
      ],
      [
       13.9360494,
       58.1968507
      ],
      [
       13.9349607,
       58.1968959
      ],
      [
       13.9338698,
       58.196923
      ],
      [
       13.9327778,
       58.1969321
      ]
     ]
    ]
   }
  },
  {
   "type": "Feature",
   "properties": {
    "ll": {
     "value": 1500,
     "unit": 1,
     "referenceDatum": 1
    },
    "ul": {
     "value": 95,
     "unit": 6,
     "referenceDatum": 2
    },
    "_id": "62e0fb63fd421ae8bc079eee",
    "name": "RONNEBY",
    "type": 7,
    "icao": 2,
    "bnd": [
     [
      55.9083333,
      14.8138889
     ],
     [
      56.6888889,
      16.0913889
     ]
    ],
    "freq": [
     {
      "name": "Ronneby APP",
      "val": "128.450"
     }
    ]
   },
   "geometry": {
    "type": "Polygon",
    "coordinates": [
     [
      [
       15.1161111,
       56.6888889
      ],
      [
       15.8416667,
       56.6583333
      ],
      [
       16.0913889,
       56.3858333
      ],
      [
       15.6441667,
       56.1944444
      ],
      [
       15.5636111,
       55.9083333
      ],
      [
       14.8138889,
       55.9694444
      ],
      [
       14.8972222,
       56.5591667
      ],
      [
       15.1161111,
       56.6888889
      ]
     ]
    ]
   }
  },
  {
   "type": "Feature",
   "properties": {
    "ll": {
     "value": 0,
     "unit": 1,
     "referenceDatum": 0
    },
    "ul": {
     "value": 460,
     "unit": 0,
     "referenceDatum": 1
    },
    "_id": "62e0fb63fd421ae8bc079ef7",
    "name": "RONNEBY CTR",
    "type": 4,
    "icao": 3,
    "bnd": [
     [
      56.1047222,
      15.0977778
     ],
     [
      56.4741667,
      15.475
     ]
    ]
   },
   "geometry": {
    "type": "Polygon",
    "coordinates": [
     [
      [
       15.1541667,
       56.4741667
      ],
      [
       15.475,
       56.4502778
      ],
      [
       15.4147222,
       56.2022222
      ],
      [
       15.3319444,
       56.1047222
      ],
      [
       15.115,
       56.1211111
      ],
      [
       15.0977778,
       56.2255556
      ],
      [
       15.1541667,
       56.4741667
      ]
     ]
    ]
   }
  },
  {
   "type": "Feature",
   "properties": {
    "ll": {
     "value": 1370,
     "unit": 0,
     "referenceDatum": 1
    },
    "ul": {
     "value": 60,
     "unit": 6,
     "referenceDatum": 2
    },
    "_id": "62e0fb62fd421ae8bc079e9f",
    "name": "RÖSTÅNGA",
    "type": 21,
    "icao": 7,
    "bnd": [
     [
      55.9288889,
      12.8655556
     ],
     [
      56.0602778,
      13.7241667
     ]
    ]
   },
   "geometry": {
    "type": "Polygon",
    "coordinates": [
     [
      [
       13.0461111,
       56.0602778
      ],
      [
       13.7241667,
       56.01
      ],
      [
       13.6497222,
       55.975
      ],
      [
       13.3327778,
       55.9288889
      ],
      [
       13.1072222,
       55.9355556
      ],
      [
       12.8655556,
       55.9761111
      ],
      [
       13.0461111,
       56.0602778
      ]
     ]
    ]
   }
  },
  {
   "type": "Feature",
   "properties": {
    "ll": {
     "value": 610,
     "unit": 0,
     "referenceDatum": 1
    },
    "ul": {
     "value": 90,
     "unit": 6,
     "referenceDatum": 2
    },
    "_id": "62e0fb5ffd421ae8bc079da1",
    "name": "RYSSBY",
    "type": 21,
    "icao": 7,
    "bnd": [
     [
      56.85,
      14.0638889
     ],
     [
      56.9675,
      14.4416667
     ]
    ]
   },
   "geometry": {
    "type": "Polygon",
    "coordinates": [
     [
      [
       14.3341667,
       56.9675
      ],
      [
       14.3708333,
       56.9277778
      ],
      [
       14.4416667,
       56.9
      ],
      [
       14.0638889,
       56.85
      ],
      [
       14.08,
       56.8783333
      ],
      [
       14.3341667,
       56.9675
      ]
     ]
    ]
   }
  },
  {
   "type": "Feature",
   "properties": {
    "ll": {
     "value": 0,
     "unit": 1,
     "referenceDatum": 0
    },
    "ul": {
     "value": 60,
     "unit": 6,
     "referenceDatum": 2
    },
    "_id": "62e0fb67fd421ae8bc07a058",
    "name": "RYTTERNE",
    "type": 21,
    "icao": 7,
    "bnd": [
     [
      59.4666667,
      16.3611111
     ],
     [
      59.5263889,
      16.5166667
     ]
    ]
   },
   "geometry": {
    "type": "Polygon",
    "coordinates": [
     [
      [
       16.5166667,
       59.5263889
      ],
      [
       16.4638889,
       59.4805556
      ],
      [
       16.3611111,
       59.4666667
      ],
      [
       16.3769444,
       59.5191667
      ],
      [
       16.5166667,
       59.5263889
      ]
     ]
    ]
   }
  },
  {
   "type": "Feature",
   "properties": {
    "ll": {
     "value": 0,
     "unit": 1,
     "referenceDatum": 0
    },
    "ul": {
     "value": 490,
     "unit": 0,
     "referenceDatum": 1
    },
    "_id": "62e0fb6ffd421ae8bc07a37c",
    "name": "SAAB CTR A",
    "type": 4,
    "icao": 3,
    "bnd": [
     [
      58.2897222,
      15.6197222
     ],
     [
      58.4997222,
      16.0552778
     ]
    ]
   },
   "geometry": {
    "type": "Polygon",
    "coordinates": [
     [
      [
       15.7058333,
       58.4997222
      ],
      [
       16.0552778,
       58.3855556
      ],
      [
       15.9736111,
       58.2897222
      ],
      [
       15.6219444,
       58.3280556
      ],
      [
       15.6197222,
       58.445
      ],
      [
       15.7058333,
       58.4997222
      ]
     ]
    ]
   }
  },
  {
   "type": "Feature",
   "properties": {
    "ll": {
     "value": 0,
     "unit": 1,
     "referenceDatum": 0
    },
    "ul": {
     "value": 490,
     "unit": 0,
     "referenceDatum": 1
    },
    "_id": "62e0fb6ffd421ae8bc07a386",
    "name": "SAAB CTR B",
    "type": 4,
    "icao": 3,
    "bnd": [
     [
      58.3280556,
      15.3163889
     ],
     [
      58.5247222,
      15.7058333
     ]
    ]
   },
   "geometry": {
    "type": "Polygon",
    "coordinates": [
     [
      [
       15.3858333,
       58.5247222
      ],
      [
       15.7058333,
       58.4997222
      ],
      [
       15.6197222,
       58.445
      ],
      [
       15.6219444,
       58.3280556
      ],
      [
       15.3163889,
       58.4288889
      ],
      [
       15.3858333,
       58.5247222
      ]
     ]
    ]
   }
  },
  {
   "type": "Feature",
   "properties": {
    "ll": {
     "value": 1280,
     "unit": 0,
     "referenceDatum": 1
    },
    "ul": {
     "value": 95,
     "unit": 6,
     "referenceDatum": 2
    },
    "_id": "62e0fb68fd421ae8bc07a0ef",
    "name": "SÄLEN A",
    "type": 0,
    "icao": 2,
    "bnd": [
     [
      60.7369444,
      12.5808333
     ],
     [
      61.4780556,
      13.5172222
     ]
    ]
   },
   "geometry": {
    "type": "Polygon",
    "coordinates": [
     [
      [
       12.8138889,
       61.4780556
      ],
      [
       13.3513889,
       61.3080556
      ],
      [
       13.46,
       61.2288889
      ],
      [
       13.5172222,
       61.0077778
      ],
      [
       12.6741667,
       60.7369444
      ],
      [
       12.5808333,
       61.0477778
      ],
      [
       12.6069444,
       61.0463889
      ],
      [
       12.6644444,
       61.0541667
      ],
      [
       12.6816667,
       61.06
      ],
      [
       12.6966667,
       61.0963889
      ],
      [
       12.7069444,
       61.1427778
      ],
      [
       12.7911111,
       61.1972222
      ],
      [
       12.8347222,
       61.2594444
      ],
      [
       12.8394444,
       61.2752778
      ],
      [
       12.8708333,
       61.3561111
      ],
      [
       12.7122222,
       61.4702778
      ],
      [
       12.8138889,
       61.4780556
      ]
     ]
    ]
   }
  },
  {
   "type": "Feature",
   "properties": {
    "ll": {
     "value": 1280,
     "unit": 0,
     "referenceDatum": 1
    },
    "ul": {
     "value": 95,
     "unit": 6,
     "referenceDatum": 2
    },
    "_id": "62e0fb69fd421ae8bc07a0fb",
    "name": "SÄLEN B",
    "type": 0,
    "icao": 2,
    "bnd": [
     [
      61.0463889,
      12.2394444
     ],
     [
      61.4702778,
      12.8708333
     ]
    ]
   },
   "geometry": {
    "type": "Polygon",
    "coordinates": [
     [
      [
       12.7122222,
       61.4702778
      ],
      [
       12.8708333,
       61.3561111
      ],
      [
       12.8394444,
       61.2752778
      ],
      [
       12.8347222,
       61.2594444
      ],
      [
       12.7911111,
       61.1972222
      ],
      [
       12.7069444,
       61.1427778
      ],
      [
       12.6966667,
       61.0963889
      ],
      [
       12.6816667,
       61.06
      ],
      [
       12.6644444,
       61.0541667
      ],
      [
       12.6069444,
       61.0463889
      ],
      [
       12.5808333,
       61.0477778
      ],
      [
       12.2394444,
       61.2891667
      ],
      [
       12.3338889,
       61.3716667
      ],
      [
       12.6163889,
       61.4630556
      ],
      [
       12.7122222,
       61.4702778
      ]
     ]
    ]
   }
  },
  {
   "type": "Feature",
   "properties": {
    "ll": {
     "value": 1370,
     "unit": 0,
     "referenceDatum": 1
    },
    "ul": {
     "value": 95,
     "unit": 6,
     "referenceDatum": 2
    },
    "_id": "62e0fb69fd421ae8bc07a103",
    "name": "SÄLEN C",
    "type": 0,
    "icao": 2,
    "bnd": [
     [
      60.5711111,
      12.6741667
     ],
     [
      61.0077778,
      13.5919444
     ]
    ]
   },
   "geometry": {
    "type": "Polygon",
    "coordinates": [
     [
      [
       13.5172222,
       61.0077778
      ],
      [
       13.5919444,
       60.7188889
      ],
      [
       13.1333333,
       60.5711111
      ],
      [
       12.6741667,
       60.7369444
      ],
      [
       13.5172222,
       61.0077778
      ]
     ]
    ]
   }
  },
  {
   "type": "Feature",
   "properties": {
    "ll": {
     "value": 0,
     "unit": 1,
     "referenceDatum": 0
    },
    "ul": {
     "value": 1280,
     "unit": 0,
     "referenceDatum": 1
    },
    "_id": "62e0fb69fd421ae8bc07a10e",
    "name": "SÄLEN CTR A",
    "type": 4,
    "icao": 3,
    "bnd": [
     [
      61.0038889,
      12.6966667
     ],
     [
      61.2752778,
      13.0783333
     ]
    ]
   },
   "geometry": {
    "type": "Polygon",
    "coordinates": [
     [
      [
       12.8394444,
       61.2752778
      ],
      [
       13.0102778,
       61.2208333
      ],
      [
       13.0783333,
       61.0327778
      ],
      [
       12.9877778,
       61.0038889
      ],
      [
       12.6966667,
       61.0963889
      ],
      [
       12.7069444,
       61.1427778
      ],
      [
       12.7911111,
       61.1972222
      ],
      [
       12.8347222,
       61.2594444
      ],
      [
       12.8394444,
       61.2752778
      ]
     ]
    ]
   }
  },
  {
   "type": "Feature",
   "properties": {
    "ll": {
     "value": 0,
     "unit": 1,
     "referenceDatum": 0
    },
    "ul": {
     "value": 1280,
     "unit": 0,
     "referenceDatum": 1
    },
    "_id": "62e0fb69fd421ae8bc07a118",
    "name": "SÄLEN CTR B",
    "type": 4,
    "icao": 3,
    "bnd": [
     [
      61.0963889,
      12.5858333
     ],
     [
      61.3266667,
      12.8394444
     ]
    ]
   },
   "geometry": {
    "type": "Polygon",
    "coordinates": [
     [
      [
       12.6772222,
       61.3266667
      ],
      [
       12.8394444,
       61.2752778
      ],
      [
       12.8347222,
       61.2594444
      ],
      [
       12.7911111,
       61.1972222
      ],
      [
       12.7069444,
       61.1427778
      ],
      [
       12.6966667,
       61.0963889
      ],
      [
       12.6580556,
       61.1083333
      ],
      [
       12.5858333,
       61.2975
      ],
      [
       12.6772222,
       61.3266667
      ]
     ]
    ]
   }
  },
  {
   "type": "Feature",
   "properties": {
    "ll": {
     "value": 0,
     "unit": 1,
     "referenceDatum": 0
    },
    "ul": {
     "value": 460,
     "unit": 0,
     "referenceDatum": 1
    },
    "_id": "62e0fb58fd421ae8bc079b70",
    "name": "SÅTENÄS CTR",
    "type": 4,
    "icao": 3,
    "bnd": [
     [
      58.1875,
      12.3886111
     ],
     [
      58.6383333,
      12.9736111
     ]
    ]
   },
   "geometry": {
    "type": "Polygon",
    "coordinates": [
     [
      [
       12.6666667,
       58.6383333
      ],
      [
       12.8372222,
       58.6291667
      ],
      [
       12.9736111,
       58.38
      ],
      [
       12.7305556,
       58.1875
      ],
      [
       12.6197222,
       58.1933333
      ],
      [
       12.4747222,
       58.3736111
      ],
      [
       12.3886111,
       58.4111111
      ],
      [
       12.475,
       58.4877778
      ],
      [
       12.6666667,
       58.6383333
      ]
     ]
    ]
   }
  },
  {
   "type": "Feature",
   "properties": {
    "ll": {
     "value": 0,
     "unit": 1,
     "referenceDatum": 0
    },
    "ul": {
     "value": 460,
     "unit": 0,
     "referenceDatum": 1
    },
    "_id": "62e0fb58fd421ae8bc079b66",
    "name": "SÄVE CTR",
    "type": 4,
    "icao": 3,
    "bnd": [
     [
      57.6266667,
      11.6780556
     ],
     [
      57.9536111,
      12.0697222
     ]
    ]
   },
   "geometry": {
    "type": "Polygon",
    "coordinates": [
     [
      [
       11.8358333,
       57.9536111
      ],
      [
       11.9638889,
       57.9491667
      ],
      [
       12.0697222,
       57.7622222
      ],
      [
       11.9147222,
       57.6266667
      ],
      [
       11.7638889,
       57.6302778
      ],
      [
       11.6780556,
       57.7886111
      ],
      [
       11.8358333,
       57.9536111
      ]
     ]
    ]
   }
  },
  {
   "type": "Feature",
   "properties": {
    "ll": {
     "value": 460,
     "unit": 0,
     "referenceDatum": 1
    },
    "ul": {
     "value": 65,
     "unit": 6,
     "referenceDatum": 2
    },
    "_id": "62e0fb6bfd421ae8bc07a1d6",
    "name": "SECTOR KLIPPAN",
    "type": 0,
    "icao": 2,
    "bnd": [
     [
      56.0602778,
      12.8077778
     ],
     [
      56.3222222,
      13.4122222
     ]
    ]
   },
   "geometry": {
    "type": "Polygon",
    "coordinates": [
     [
      [
       13.4122222,
       56.3222222
      ],
      [
       13.175,
       56.1227778
      ],
      [
       13.0461111,
       56.0602778
      ],
      [
       12.9825,
       56.0872222
      ],
      [
       12.8077778,
       56.1966667
      ],
      [
       13.4122222,
       56.3222222
      ]
     ]
    ]
   }
  },
  {
   "type": "Feature",
   "properties": {
    "ll": {
     "value": 460,
     "unit": 0,
     "referenceDatum": 1
    },
    "ul": {
     "value": 95,
     "unit": 6,
     "referenceDatum": 2
    },
    "_id": "62e0fb6bfd421ae8bc07a1cc",
    "name": "SECTOR LAHOLM",
    "type": 0,
    "icao": 2,
    "bnd": [
     [
      56.4380556,
      12.5683333
     ],
     [
      56.5888889,
      13.0705556
     ]
    ]
   },
   "geometry": {
    "type": "Polygon",
    "coordinates": [
     [
      [
       13.0705556,
       56.5888889
      ],
      [
       12.9588889,
       56.4766667
      ],
      [
       12.7669444,
       56.4380556
      ],
      [
       12.6230556,
       56.4652778
      ],
      [
       12.5683333,
       56.5508333
      ],
      [
       12.7480556,
       56.5391667
      ],
      [
       13.0705556,
       56.5888889
      ]
     ]
    ]
   }
  },
  {
   "type": "Feature",
   "properties": {
    "ll": {
     "value": 490,
     "unit": 0,
     "referenceDatum": 1
    },
    "ul": {
     "value": 1370,
     "unit": 0,
     "referenceDatum": 1
    },
    "_id": "62e0fb6ffd421ae8bc07a354",
    "name": "SECTOR LINKÖPING",
    "type": 0,
    "icao": 2,
    "bnd": [
     [
      57.9419444,
      14.8597222
     ],
     [
      58.7997222,
      16.6252778
     ]
    ]
   },
   "geometry": {
    "type": "Polygon",
    "coordinates": [
     [
      [
       15.8977778,
       58.7997222
      ],
      [
       15.7402778,
       58.5288889
      ],
      [
       16.6252778,
       58.3205556
      ],
      [
       16.2447222,
       58.1830556
      ],
      [
       15.7775,
       57.9419444
      ],
      [
       14.8597222,
       58.1361111
      ],
      [
       14.8886111,
       58.2413889
      ],
      [
       15.0402778,
       58.4275
      ],
      [
       15.2441667,
       58.6744444
      ],
      [
       15.8977778,
       58.7997222
      ]
     ]
    ]
   }
  },
  {
   "type": "Feature",
   "properties": {
    "ll": {
     "value": 490,
     "unit": 0,
     "referenceDatum": 1
    },
    "ul": {
     "value": 1370,
     "unit": 0,
     "referenceDatum": 1
    },
    "_id": "62e0fb6ffd421ae8bc07a34b",
    "name": "SECTOR NORRKÖPING",
    "type": 0,
    "icao": 2,
    "bnd": [
     [
      58.3205556,
      15.7402778
     ],
     [
      58.8563889,
      17.4569444
     ]
    ]
   },
   "geometry": {
    "type": "Polygon",
    "coordinates": [
     [
      [
       16.2011111,
       58.8563889
      ],
      [
       16.3441667,
       58.6908333
      ],
      [
       16.8591667,
       58.6775
      ],
      [
       17.4569444,
       58.6163889
      ],
      [
       16.6252778,
       58.3205556
      ],
      [
       15.7402778,
       58.5288889
      ],
      [
       15.8977778,
       58.7997222
      ],
      [
       16.2011111,
       58.8563889
      ]
     ]
    ]
   }
  },
  {
   "type": "Feature",
   "properties": {
    "ll": {
     "value": 490,
     "unit": 0,
     "referenceDatum": 1
    },
    "ul": {
     "value": 1370,
     "unit": 0,
     "referenceDatum": 1
    },
    "_id": "62e0fb6ffd421ae8bc07a340",
    "name": "SECTOR NYKÖPING",
    "type": 0,
    "icao": 2,
    "bnd": [
     [
      58.6163889,
      16.2011111
     ],
     [
      59.0119444,
      17.4569444
     ]
    ]
   },
   "geometry": {
    "type": "Polygon",
    "coordinates": [
     [
      [
       16.7077778,
       59.0119444
      ],
      [
       17.2233333,
       58.9786111
      ],
      [
       17.4077778,
       58.9661111
      ],
      [
       17.4569444,
       58.6163889
      ],
      [
       16.8591667,
       58.6775
      ],
      [
       16.3441667,
       58.6908333
      ],
      [
       16.2011111,
       58.8563889
      ],
      [
       16.6716667,
       58.9425
      ],
      [
       16.7077778,
       59.0119444
      ]
     ]
    ]
   }
  },
  {
   "type": "Feature",
   "properties": {
    "ll": {
     "value": 460,
     "unit": 0,
     "referenceDatum": 1
    },
    "ul": {
     "value": 1370,
     "unit": 0,
     "referenceDatum": 1
    },
    "_id": "62e0fb58fd421ae8bc079b48",
    "name": "SECTOR SÅTENÄS",
    "type": 0,
    "icao": 2,
    "bnd": [
     [
      58.0969444,
      12.2955556
     ],
     [
      58.7661111,
      13.3244444
     ]
    ]
   },
   "geometry": {
    "type": "Polygon",
    "coordinates": [
     [
      [
       12.4975,
       58.7661111
      ],
      [
       13.1638889,
       58.7327778
      ],
      [
       13.3244444,
       58.5169444
      ],
      [
       13.3244444,
       58.2952778
      ],
      [
       13.2769444,
       58.0969444
      ],
      [
       13.1291667,
       58.1002778
      ],
      [
       12.2955556,
       58.6455556
      ],
      [
       12.4975,
       58.7661111
      ]
     ]
    ]
   }
  },
  {
   "type": "Feature",
   "properties": {
    "ll": {
     "value": 460,
     "unit": 0,
     "referenceDatum": 1
    },
    "ul": {
     "value": 1370,
     "unit": 0,
     "referenceDatum": 1
    },
    "_id": "62e0fb58fd421ae8bc079b52",
    "name": "SECTOR TROLLHÄTTAN",
    "type": 0,
    "icao": 2,
    "bnd": [
     [
      58.1002778,
      11.9975
     ],
     [
      58.6455556,
      13.1291667
     ]
    ]
   },
   "geometry": {
    "type": "Polygon",
    "coordinates": [
     [
      [
       12.2955556,
       58.6455556
      ],
      [
       13.1291667,
       58.1002778
      ],
      [
       12.785,
       58.1080556
      ],
      [
       12.3538889,
       58.1163889
      ],
      [
       12.0886111,
       58.2530556
      ],
      [
       11.9975,
       58.2997222
      ],
      [
       11.9975,
       58.4652778
      ],
      [
       12.2955556,
       58.6455556
      ]
     ]
    ]
   }
  },
  {
   "type": "Feature",
   "properties": {
    "ll": {
     "value": 370,
     "unit": 0,
     "referenceDatum": 1
    },
    "ul": {
     "value": 1370,
     "unit": 0,
     "referenceDatum": 1
    },
    "_id": "62e0fb65fd421ae8bc079f9a",
    "name": "SECTOR UPPSALA",
    "type": 0,
    "icao": 2,
    "bnd": [
     [
      59.6994444,
      16.8911111
     ],
     [
      60.2994444,
      18.2130556
     ]
    ]
   },
   "geometry": {
    "type": "Polygon",
    "coordinates": [
     [
      [
       18.2130556,
       60.2994444
      ],
      [
       17.5194444,
       59.7644444
      ],
      [
       17.0966667,
       59.6994444
      ],
      [
       16.8911111,
       59.9388889
      ],
      [
       17.5966667,
       60.2327778
      ],
      [
       18.2130556,
       60.2994444
      ]
     ]
    ]
   }
  },
  {
   "type": "Feature",
   "properties": {
    "ll": {
     "value": 460,
     "unit": 0,
     "referenceDatum": 1
    },
    "ul": {
     "value": 1370,
     "unit": 0,
     "referenceDatum": 1
    },
    "_id": "62e0fb65fd421ae8bc079fa4",
    "name": "SECTOR VÄSTERÅS",
    "type": 0,
    "icao": 2,
    "bnd": [
     [
      59.1591667,
      16.3183333
     ],
     [
      59.9388889,
      17.0966667
     ]
    ]
   },
   "geometry": {
    "type": "Polygon",
    "coordinates": [
     [
      [
       16.8911111,
       59.9388889
      ],
      [
       17.0966667,
       59.6994444
      ],
      [
       16.7894444,
       59.1619444
      ],
      [
       16.6613889,
       59.1591667
      ],
      [
       16.3183333,
       59.3238889
      ],
      [
       16.4466667,
       59.7494444
      ],
      [
       16.8911111,
       59.9388889
      ]
     ]
    ]
   }
  },
  {
   "type": "Feature",
   "properties": {
    "ll": {
     "value": 460,
     "unit": 0,
     "referenceDatum": 1
    },
    "ul": {
     "value": 1200,
     "unit": 0,
     "referenceDatum": 1
    },
    "_id": "62e0fb60fd421ae8bc079dd4",
    "name": "SIMMELSBERGA",
    "type": 21,
    "icao": 7,
    "bnd": [
     [
      55.9288889,
      12.8461111
     ],
     [
      56.05,
      13.3525
     ]
    ]
   },
   "geometry": {
    "type": "Polygon",
    "coordinates": [
     [
      [
       12.8461111,
       56.05
      ],
      [
       13.3525,
       55.9716667
      ],
      [
       13.3327778,
       55.9288889
      ],
      [
       13.1072222,
       55.9355556
      ],
      [
       12.8655556,
       55.9761111
      ],
      [
       12.8461111,
       56.05
      ]
     ]
    ]
   }
  },
  {
   "type": "Feature",
   "properties": {
    "ll": {
     "value": 460,
     "unit": 0,
     "referenceDatum": 1
    },
    "ul": {
     "value": 60,
     "unit": 6,
     "referenceDatum": 2
    },
    "_id": "62e0fb59fd421ae8bc079bc2",
    "name": "SJUNTORP",
    "type": 21,
    "icao": 7,
    "bnd": [
     [
      58.14,
      12.1619444
     ],
     [
      58.3127778,
      12.35
     ]
    ]
   },
   "geometry": {
    "type": "Polygon",
    "coordinates": [
     [
      [
       12.35,
       58.3127778
      ],
      [
       12.3094444,
       58.14
      ],
      [
       12.1619444,
       58.2155556
      ],
      [
       12.35,
       58.3127778
      ]
     ]
    ]
   }
  },
  {
   "type": "Feature",
   "properties": {
    "ll": {
     "value": 490,
     "unit": 0,
     "referenceDatum": 1
    },
    "ul": {
     "value": 90,
     "unit": 6,
     "referenceDatum": 2
    },
    "_id": "62e0fb72fd421ae8bc07a462",
    "name": "SKÄRSTAD",
    "type": 21,
    "icao": 7,
    "bnd": [
     [
      58.3916667,
      15.0233333
     ],
     [
      58.5597222,
      15.2166667
     ]
    ]
   },
   "geometry": {
    "type": "Polygon",
    "coordinates": [
     [
      [
       15.1491667,
       58.5597222
      ],
      [
       15.2052778,
       58.5427778
      ],
      [
       15.2166667,
       58.4666667
      ],
      [
       15.0933333,
       58.3916667
      ],
      [
       15.0233333,
       58.4066667
      ],
      [
       15.1491667,
       58.5597222
      ]
     ]
    ]
   }
  },
  {
   "type": "Feature",
   "properties": {
    "ll": {
     "value": 520,
     "unit": 0,
     "referenceDatum": 1
    },
    "ul": {
     "value": 65,
     "unit": 6,
     "referenceDatum": 2
    },
    "_id": "62e0fb5cfd421ae8bc079ca6",
    "name": "SKÄRSTAD VÄST",
    "type": 21,
    "icao": 7,
    "bnd": [
     [
      58.4155556,
      14.9775
     ],
     [
      58.5666667,
      15.1491667
     ]
    ]
   },
   "geometry": {
    "type": "Polygon",
    "coordinates": [
     [
      [
       15.1,
       58.5666667
      ],
      [
       15.1491667,
       58.5597222
      ],
      [
       15.0402778,
       58.4275
      ],
      [
       14.9833333,
       58.4155556
      ],
      [
       14.9775,
       58.5422222
      ],
      [
       15.1,
       58.5666667
      ]
     ]
    ]
   }
  },
  {
   "type": "Feature",
   "properties": {
    "ll": {
     "value": 0,
     "unit": 1,
     "referenceDatum": 0
    },
    "ul": {
     "value": 490,
     "unit": 0,
     "referenceDatum": 1
    },
    "_id": "62e0fb6ffd421ae8bc07a35e",
    "name": "SKAVSTA CTR",
    "type": 4,
    "icao": 3,
    "bnd": [
     [
      58.6925,
      16.6216667
     ],
     [
      58.8925,
      17.2688889
     ]
    ]
   },
   "geometry": {
    "type": "Polygon",
    "coordinates": [
     [
      [
       16.905,
       58.8925
      ],
      [
       17.2577778,
       58.8605556
      ],
      [
       17.2688889,
       58.7577778
      ],
      [
       16.9355556,
       58.6925
      ],
      [
       16.6272222,
       58.7036111
      ],
      [
       16.6216667,
       58.8563889
      ],
      [
       16.905,
       58.8925
      ]
     ]
    ]
   }
  },
  {
   "type": "Feature",
   "properties": {
    "ll": {
     "value": 610,
     "unit": 0,
     "referenceDatum": 1
    },
    "ul": {
     "value": 95,
     "unit": 6,
     "referenceDatum": 2
    },
    "_id": "62e0fb63fd421ae8bc079f03",
    "name": "SKELLEFTEÅ A",
    "type": 0,
    "icao": 2,
    "bnd": [
     [
      64.3447222,
      20.3411111
     ],
     [
      64.8461111,
      21.7905556
     ]
    ]
   },
   "geometry": {
    "type": "Polygon",
    "coordinates": [
     [
      [
       20.6394444,
       64.8461111
      ],
      [
       21.7905556,
       64.7091667
      ],
      [
       21.7797222,
       64.645
      ],
      [
       21.52,
       64.3447222
      ],
      [
       20.3411111,
       64.4811111
      ],
      [
       20.5655556,
       64.7888889
      ],
      [
       20.6394444,
       64.8461111
      ]
     ]
    ]
   }
  },
  {
   "type": "Feature",
   "properties": {
    "ll": {
     "value": 1370,
     "unit": 0,
     "referenceDatum": 1
    },
    "ul": {
     "value": 95,
     "unit": 6,
     "referenceDatum": 2
    },
    "_id": "62e0fb63fd421ae8bc079f0e",
    "name": "SKELLEFTEÅ B",
    "type": 0,
    "icao": 2,
    "bnd": [
     [
      64.1866667,
      20.1936111
     ],
     [
      64.4811111,
      21.52
     ]
    ]
   },
   "geometry": {
    "type": "Polygon",
    "coordinates": [
     [
      [
       20.3411111,
       64.4811111
      ],
      [
       21.52,
       64.3447222
      ],
      [
       21.3555556,
       64.1866667
      ],
      [
       20.1936111,
       64.2744444
      ],
      [
       20.3411111,
       64.4811111
      ]
     ]
    ]
   }
  },
  {
   "type": "Feature",
   "properties": {
    "ll": {
     "value": 1370,
     "unit": 0,
     "referenceDatum": 1
    },
    "ul": {
     "value": 95,
     "unit": 6,
     "referenceDatum": 2
    },
    "_id": "62e0fb63fd421ae8bc079f18",
    "name": "SKELLEFTEÅ C",
    "type": 0,
    "icao": 2,
    "bnd": [
     [
      64.7091667,
      20.6394444
     ],
     [
      65.0816667,
      21.8661111
     ]
    ]
   },
   "geometry": {
    "type": "Polygon",
    "coordinates": [
     [
      [
       20.9480556,
       65.0816667
      ],
      [
       21.8661111,
       64.8741667
      ],
      [
       21.7958333,
       64.8366667
      ],
      [
       21.7905556,
       64.7091667
      ],
      [
       20.6394444,
       64.8461111
      ],
      [
       20.9480556,
       65.0816667
      ]
     ]
    ]
   }
  },
  {
   "type": "Feature",
   "properties": {
    "ll": {
     "value": 0,
     "unit": 1,
     "referenceDatum": 0
    },
    "ul": {
     "value": 610,
     "unit": 0,
     "referenceDatum": 1
    },
    "_id": "62e0fb64fd421ae8bc079f22",
    "name": "SKELLEFTEÅ CTR",
    "type": 4,
    "icao": 3,
    "bnd": [
     [
      64.5266667,
      20.7677778
     ],
     [
      64.7216667,
      21.5261111
     ]
    ]
   },
   "geometry": {
    "type": "Polygon",
    "coordinates": [
     [
      [
       21.0791667,
       64.7216667
      ],
      [
       21.5261111,
       64.6288889
      ],
      [
       21.4625,
       64.5266667
      ],
      [
       20.9513889,
       64.5322222
      ],
      [
       20.7677778,
       64.6288889
      ],
      [
       20.8055556,
       64.6891667
      ],
      [
       21.0791667,
       64.7216667
      ]
     ]
    ]
   }
  },
  {
   "type": "Feature",
   "properties": {
    "ll": {
     "value": 520,
     "unit": 0,
     "referenceDatum": 1
    },
    "ul": {
     "value": 65,
     "unit": 6,
     "referenceDatum": 2
    },
    "_id": "62e0fb5cfd421ae8bc079cba",
    "name": "SKÖVDE NÄRSEKTOR",
    "type": 21,
    "icao": 7,
    "bnd": [
     [
      58.3961111,
      13.8925
     ],
     [
      58.5155556,
      14.075
     ]
    ]
   },
   "geometry": {
    "type": "Polygon",
    "coordinates": [
     [
      [
       13.8925,
       58.5155556
      ],
      [
       14.0388889,
       58.4888889
      ],
      [
       14.075,
       58.45
      ],
      [
       14.0119444,
       58.3961111
      ],
      [
       13.8925,
       58.5155556
      ]
     ]
    ]
   }
  },
  {
   "type": "Feature",
   "properties": {
    "ll": {
     "value": 490,
     "unit": 0,
     "referenceDatum": 1
    },
    "ul": {
     "value": 90,
     "unit": 6,
     "referenceDatum": 2
    },
    "_id": "62e0fb72fd421ae8bc07a4aa",
    "name": "SONSTORP",
    "type": 21,
    "icao": 7,
    "bnd": [
     [
      58.6730556,
      15.4572222
     ],
     [
      58.7516667,
      15.6888889
     ]
    ]
   },
   "geometry": {
    "type": "Polygon",
    "coordinates": [
     [
      [
       15.6458333,
       58.7516667
      ],
      [
       15.6888889,
       58.725
      ],
      [
       15.5541667,
       58.6730556
      ],
      [
       15.4572222,
       58.7155556
      ],
      [
       15.6458333,
       58.7516667
      ]
     ]
    ]
   }
  },
  {
   "type": "Feature",
   "properties": {
    "ll": {
     "value": 760,
     "unit": 0,
     "referenceDatum": 1
    },
    "ul": {
     "value": 60,
     "unit": 6,
     "referenceDatum": 2
    },
    "_id": "62e0fb62fd421ae8bc079ebc",
    "name": "SÖVDE",
    "type": 21,
    "icao": 7,
    "bnd": [
     [
      55.4388889,
      13.6463889
     ],
     [
      55.8563889,
      13.8338889
     ]
    ]
   },
   "geometry": {
    "type": "Polygon",
    "coordinates": [
     [
      [
       13.7183333,
       55.7955556
      ],
      [
       13.8338889,
       55.8563889
      ],
      [
       13.8016667,
       55.7044444
      ],
      [
       13.7888889,
       55.4388889
      ],
      [
       13.6472222,
       55.5833333
      ],
      [
       13.6463889,
       55.5883333
      ],
      [
       13.6863889,
       55.6272222
      ],
      [
       13.7183333,
       55.7955556
      ]
     ]
    ]
   }
  },
  {
   "type": "Feature",
   "properties": {
    "ll": {
     "value": 460,
     "unit": 0,
     "referenceDatum": 1
    },
    "ul": {
     "value": 900,
     "unit": 0,
     "referenceDatum": 1
    },
    "_id": "62e0fb63fd421ae8bc079ed1",
    "name": "SÖVDE VÄST",
    "type": 21,
    "icao": 7,
    "bnd": [
     [
      55.4388889,
      13.6238889
     ],
     [
      55.5883333,
      13.7888889
     ]
    ]
   },
   "geometry": {
    "type": "Polygon",
    "coordinates": [
     [
      [
       13.6463889,
       55.5883333
      ],
      [
       13.6472222,
       55.5833333
      ],
      [
       13.7888889,
       55.4388889
      ],
      [
       13.7283333,
       55.46
      ],
      [
       13.6238889,
       55.5663889
      ],
      [
       13.6463889,
       55.5883333
      ]
     ]
    ]
   }
  },
  {
   "type": "Feature",
   "properties": {
    "ll": {
     "value": 1370,
     "unit": 0,
     "referenceDatum": 1
    },
    "ul": {
     "value": 90,
     "unit": 6,
     "referenceDatum": 2
    },
    "_id": "62e0fb57fd421ae8bc079b03",
    "name": "SPARROW",
    "type": 21,
    "icao": 7,
    "bnd": [
     [
      59.8855556,
      15.0425
     ],
     [
      60.2202778,
      15.3980556
     ]
    ]
   },
   "geometry": {
    "type": "Polygon",
    "coordinates": [
     [
      [
       15.3980556,
       60.1869444
      ],
      [
       15.3611111,
       60.1486111
      ],
      [
       15.2863889,
       59.9280556
      ],
      [
       15.1602778,
       59.8855556
      ],
      [
       15.0425,
       59.9441667
      ],
      [
       15.1297222,
       60.2202778
      ],
      [
       15.3980556,
       60.1869444
      ]
     ]
    ]
   }
  },
  {
   "type": "Feature",
   "properties": {
    "ll": {
     "value": 370,
     "unit": 0,
     "referenceDatum": 1
    },
    "ul": {
     "value": 95,
     "unit": 6,
     "referenceDatum": 2
    },
    "_id": "62e0fb64fd421ae8bc079f2c",
    "name": "STOCKHOLM A",
    "type": 0,
    "icao": 2,
    "bnd": [
     [
      59.8655556,
      17.6486111
     ],
     [
      60.2994444,
      18.2463889
     ]
    ]
   },
   "geometry": {
    "type": "Polygon",
    "coordinates": [
     [
      [
       18.2130556,
       60.2994444
      ],
      [
       18.2463889,
       60.0952778
      ],
      [
       18.1130556,
       59.9133333
      ],
      [
       17.6486111,
       59.8655556
      ],
      [
       18.2130556,
       60.2994444
      ]
     ]
    ]
   }
  },
  {
   "type": "Feature",
   "properties": {
    "ll": {
     "value": 610,
     "unit": 0,
     "referenceDatum": 1
    },
    "ul": {
     "value": 95,
     "unit": 6,
     "referenceDatum": 2
    },
    "_id": "62e0fb64fd421ae8bc079f35",
    "name": "STOCKHOLM B",
    "type": 0,
    "icao": 2,
    "bnd": [
     [
      59.2494444,
      17.6966667
     ],
     [
      60.2994444,
      18.9963889
     ]
    ]
   },
   "geometry": {
    "type": "Polygon",
    "coordinates": [
     [
      [
       18.2130556,
       60.2994444
      ],
      [
       18.5547222,
       60.2661111
      ],
      [
       18.9963889,
       59.6827778
      ],
      [
       18.69,
       59.4061111
      ],
      [
       18.1633333,
       59.3827778
      ],
      [
       18.1633333,
       59.2494444
      ],
      [
       17.7466667,
       59.2494444
      ],
      [
       17.7466667,
       59.3244444
      ],
      [
       17.6966667,
       59.3244444
      ],
      [
       17.6966667,
       59.3661111
      ],
      [
       17.7466667,
       59.3661111
      ],
      [
       17.7466667,
       59.4411111
      ],
      [
       17.955,
       59.4411111
      ],
      [
       17.9633333,
       59.4911111
      ],
      [
       17.78,
       59.5077778
      ],
      [
       17.6966667,
       59.5577778
      ],
      [
       17.78,
       59.8161111
      ],
      [
       18.1797222,
       59.8161111
      ],
      [
       18.1130556,
       59.9133333
      ],
      [
       18.2463889,
       60.0952778
      ],
      [
       18.2130556,
       60.2994444
      ]
     ]
    ]
   }
  },
  {
   "type": "Feature",
   "properties": {
    "ll": {
     "value": 460,
     "unit": 0,
     "referenceDatum": 1
    },
    "ul": {
     "value": 95,
     "unit": 6,
     "referenceDatum": 2
    },
    "_id": "62e0fb64fd421ae8bc079f40",
    "name": "STOCKHOLM C",
    "type": 0,
    "icao": 2,
    "bnd": [
     [
      59.0375,
      17.9133333
     ],
     [
      59.4061111,
      18.69
     ]
    ]
   },
   "geometry": {
    "type": "Polygon",
    "coordinates": [
     [
      [
       18.69,
       59.4061111
      ],
      [
       18.4797222,
       59.2133333
      ],
      [
       18.1736111,
       59.0375
      ],
      [
       18.03,
       59.0827778
      ],
      [
       17.9133333,
       59.2494444
      ],
      [
       18.1633333,
       59.2494444
      ],
      [
       18.1633333,
       59.3827778
      ],
      [
       18.69,
       59.4061111
      ]
     ]
    ]
   }
  },
  {
   "type": "Feature",
   "properties": {
    "ll": {
     "value": 610,
     "unit": 0,
     "referenceDatum": 1
    },
    "ul": {
     "value": 95,
     "unit": 6,
     "referenceDatum": 2
    },
    "_id": "62e0fb64fd421ae8bc079f49",
    "name": "STOCKHOLM D",
    "type": 0,
    "icao": 2,
    "bnd": [
     [
      58.925,
      16.9291667
     ],
     [
      59.6994444,
      18.1736111
     ]
    ]
   },
   "geometry": {
    "type": "Polygon",
    "coordinates": [
     [
      [
       17.0966667,
       59.6994444
      ],
      [
       17.3633333,
       59.6411111
      ],
      [
       17.3633333,
       59.2494444
      ],
      [
       17.9133333,
       59.2494444
      ],
      [
       18.03,
       59.0827778
      ],
      [
       18.1736111,
       59.0375
      ],
      [
       17.9794444,
       58.925
      ],
      [
       17.3633333,
       59.0625
      ],
      [
       16.9291667,
       59.4086111
      ],
      [
       17.0966667,
       59.6994444
      ]
     ]
    ]
   }
  },
  {
   "type": "Feature",
   "properties": {
    "ll": {
     "value": 370,
     "unit": 0,
     "referenceDatum": 1
    },
    "ul": {
     "value": 95,
     "unit": 6,
     "referenceDatum": 2
    },
    "_id": "62e0fb64fd421ae8bc079f54",
    "name": "STOCKHOLM E",
    "type": 0,
    "icao": 2,
    "bnd": [
     [
      59.6411111,
      17.0966667
     ],
     [
      59.7644444,
      17.5194444
     ]
    ]
   },
   "geometry": {
    "type": "Polygon",
    "coordinates": [
     [
      [
       17.5194444,
       59.7644444
      ],
      [
       17.3633333,
       59.6411111
      ],
      [
       17.0966667,
       59.6994444
      ],
      [
       17.5194444,
       59.7644444
      ]
     ]
    ]
   }
  },
  {
   "type": "Feature",
   "properties": {
    "ll": {
     "value": 460,
     "unit": 0,
     "referenceDatum": 1
    },
    "ul": {
     "value": 95,
     "unit": 6,
     "referenceDatum": 2
    },
    "_id": "62e0fb64fd421ae8bc079f5e",
    "name": "STOCKHOLM F",
    "type": 0,
    "icao": 2,
    "bnd": [
     [
      59.2494444,
      17.3633333
     ],
     [
      59.9133333,
      18.1797222
     ]
    ]
   },
   "geometry": {
    "type": "Polygon",
    "coordinates": [
     [
      [
       18.1130556,
       59.9133333
      ],
      [
       18.1797222,
       59.8161111
      ],
      [
       17.78,
       59.8161111
      ],
      [
       17.58,
       59.6661111
      ],
      [
       17.58,
       59.4077778
      ],
      [
       17.7466667,
       59.3827778
      ],
      [
       17.7466667,
       59.3661111
      ],
      [
       17.6966667,
       59.3661111
      ],
      [
       17.6966667,
       59.3244444
      ],
      [
       17.7466667,
       59.3244444
      ],
      [
       17.7466667,
       59.2494444
      ],
      [
       17.3633333,
       59.2494444
      ],
      [
       17.3633333,
       59.6411111
      ],
      [
       17.6486111,
       59.8655556
      ],
      [
       18.1130556,
       59.9133333
      ]
     ]
    ]
   }
  },
  {
   "type": "Feature",
   "properties": {
    "ll": {
     "value": 370,
     "unit": 0,
     "referenceDatum": 1
    },
    "ul": {
     "value": 95,
     "unit": 6,
     "referenceDatum": 2
    },
    "_id": "62e0fb64fd421ae8bc079f69",
    "name": "STOCKHOLM G",
    "type": 0,
    "icao": 2,
    "bnd": [
     [
      59.3827778,
      17.58
     ],
     [
      59.8161111,
      17.9633333
     ]
    ]
   },
   "geometry": {
    "type": "Polygon",
    "coordinates": [
     [
      [
       17.78,
       59.8161111
      ],
      [
       17.6966667,
       59.5577778
      ],
      [
       17.78,
       59.5077778
      ],
      [
       17.9633333,
       59.4911111
      ],
      [
       17.955,
       59.4411111
      ],
      [
       17.7466667,
       59.4411111
      ],
      [
       17.7466667,
       59.3827778
      ],
      [
       17.58,
       59.4077778
      ],
      [
       17.58,
       59.6661111
      ],
      [
       17.78,
       59.8161111
      ]
     ]
    ]
   }
  },
  {
   "type": "Feature",
   "properties": {
    "ll": {
     "value": 1370,
     "unit": 0,
     "referenceDatum": 1
    },
    "ul": {
     "value": 95,
     "unit": 6,
     "referenceDatum": 2
    },
    "_id": "62e0fb64fd421ae8bc079f72",
    "name": "STOCKHOLM H",
    "type": 0,
    "icao": 2,
    "bnd": [
     [
      58.9786111,
      16.2677778
     ],
     [
      60.2994444,
      18.2130556
     ]
    ]
   },
   "geometry": {
    "type": "Polygon",
    "coordinates": [
     [
      [
       18.2130556,
       60.2994444
      ],
      [
       17.5194444,
       59.7644444
      ],
      [
       17.0966667,
       59.6994444
      ],
      [
       16.9291667,
       59.4086111
      ],
      [
       17.3633333,
       59.0625
      ],
      [
       17.2233333,
       58.9786111
      ],
      [
       16.7077778,
       59.0119444
      ],
      [
       16.2677778,
       59.0494444
      ],
      [
       16.3183333,
       59.3238889
      ],
      [
       16.4466667,
       59.7494444
      ],
      [
       17.5966667,
       60.2327778
      ],
      [
       18.2130556,
       60.2994444
      ]
     ]
    ]
   }
  },
  {
   "type": "Feature",
   "properties": {
    "ll": {
     "value": 910,
     "unit": 0,
     "referenceDatum": 1
    },
    "ul": {
     "value": 95,
     "unit": 6,
     "referenceDatum": 2
    },
    "_id": "62e0fb65fd421ae8bc079f7c",
    "name": "STOCKHOLM I",
    "type": 0,
    "icao": 2,
    "bnd": [
     [
      58.6163889,
      17.2233333
     ],
     [
      59.0625,
      17.9794444
     ]
    ]
   },
   "geometry": {
    "type": "Polygon",
    "coordinates": [
     [
      [
       17.3633333,
       59.0625
      ],
      [
       17.9794444,
       58.925
      ],
      [
       17.7716667,
       58.8027778
      ],
      [
       17.4569444,
       58.6163889
      ],
      [
       17.4077778,
       58.9661111
      ],
      [
       17.2233333,
       58.9786111
      ],
      [
       17.3633333,
       59.0625
      ]
     ]
    ]
   }
  },
  {
   "type": "Feature",
   "properties": {
    "ll": {
     "value": 65,
     "unit": 6,
     "referenceDatum": 2
    },
    "ul": {
     "value": 95,
     "unit": 6,
     "referenceDatum": 2
    },
    "_id": "62e0fb65fd421ae8bc079f86",
    "name": "STOCKHOLM K",
    "type": 0,
    "icao": 2,
    "bnd": [
     [
      59.5388889,
      18.8361111
     ],
     [
      60.0352778,
      19.8280556
     ]
    ]
   },
   "geometry": {
    "type": "Polygon",
    "coordinates": [
     [
      [
       19.3136111,
       60.0352778
      ],
      [
       19.8280556,
       59.6736111
      ],
      [
       19.2736111,
       59.5994444
      ],
      [
       18.8361111,
       59.5388889
      ],
      [
       18.9963889,
       59.6827778
      ],
      [
       18.8469444,
       59.8827778
      ],
      [
       19.3136111,
       60.0352778
      ]
     ]
    ]
   }
  },
  {
   "type": "Feature",
   "properties": {
    "ll": {
     "value": 1370,
     "unit": 0,
     "referenceDatum": 1
    },
    "ul": {
     "value": 95,
     "unit": 6,
     "referenceDatum": 2
    },
    "_id": "62e0fb65fd421ae8bc079f90",
    "name": "STOCKHOLM L",
    "type": 0,
    "icao": 2,
    "bnd": [
     [
      58.5830556,
      17.4569444
     ],
     [
      59.5994444,
      19.2736111
     ]
    ]
   },
   "geometry": {
    "type": "Polygon",
    "coordinates": [
     [
      [
       19.2736111,
       59.5994444
      ],
      [
       18.9683333,
       59.255
      ],
      [
       18.7547222,
       59.0419444
      ],
      [
       18.5394444,
       58.8325
      ],
      [
       18.4572222,
       58.7525
      ],
      [
       17.9327778,
       58.5830556
      ],
      [
       17.4569444,
       58.6163889
      ],
      [
       17.7716667,
       58.8027778
      ],
      [
       17.9794444,
       58.925
      ],
      [
       18.1736111,
       59.0375
      ],
      [
       18.4797222,
       59.2133333
      ],
      [
       18.69,
       59.4061111
      ],
      [
       18.8361111,
       59.5388889
      ],
      [
       19.2736111,
       59.5994444
      ]
     ]
    ]
   }
  },
  {
   "type": "Feature",
   "properties": {
    "ll": {
     "value": 0,
     "unit": 1,
     "referenceDatum": 0
    },
    "ul": {
     "value": 60,
     "unit": 6,
     "referenceDatum": 2
    },
    "_id": "62e0fb6cfd421ae8bc07a230",
    "name": "STRÅKET",
    "type": 21,
    "icao": 7,
    "bnd": [
     [
      59.2033333,
      15.0397222
     ],
     [
      59.2966667,
      15.1658333
     ]
    ]
   },
   "geometry": {
    "type": "Polygon",
    "coordinates": [
     [
      [
       15.0397222,
       59.21
      ],
      [
       15.0522222,
       59.2427778
      ],
      [
       15.1658333,
       59.2966667
      ],
      [
       15.0941667,
       59.2413889
      ],
      [
       15.0852778,
       59.2033333
      ],
      [
       15.0397222,
       59.21
      ]
     ]
    ]
   }
  },
  {
   "type": "Feature",
   "properties": {
    "ll": {
     "value": 0,
     "unit": 1,
     "referenceDatum": 0
    },
    "ul": {
     "value": 610,
     "unit": 0,
     "referenceDatum": 1
    },
    "_id": "62e0fb62fd421ae8bc079e80",
    "name": "STURUP CTR",
    "type": 4,
    "icao": 3,
    "bnd": [
     [
      55.3955556,
      13.2152778
     ],
     [
      55.6733333,
      13.5375
     ]
    ]
   },
   "geometry": {
    "type": "Polygon",
    "coordinates": [
     [
      [
       13.4530556,
       55.6733333
      ],
      [
       13.5375,
       55.5527778
      ],
      [
       13.5219444,
       55.41
      ],
      [
       13.3055556,
       55.3955556
      ],
      [
       13.2152778,
       55.5169444
      ],
      [
       13.2297222,
       55.6586111
      ],
      [
       13.4530556,
       55.6733333
      ]
     ]
    ]
   }
  },
  {
   "type": "Feature",
   "properties": {
    "ll": {
     "value": 370,
     "unit": 0,
     "referenceDatum": 1
    },
    "ul": {
     "value": 80,
     "unit": 6,
     "referenceDatum": 2
    },
    "_id": "62e0fb66fd421ae8bc07a007",
    "name": "SUNDBRO 1",
    "type": 21,
    "icao": 7,
    "bnd": [
     [
      59.9522222,
      17.1747222
     ],
     [
      60.1269444,
      17.545
     ]
    ]
   },
   "geometry": {
    "type": "Polygon",
    "coordinates": [
     [
      [
       17.34,
       60.1269444
      ],
      [
       17.545,
       60.0066667
      ],
      [
       17.3958333,
       59.9522222
      ],
      [
       17.1747222,
       60.0580556
      ],
      [
       17.34,
       60.1269444
      ]
     ]
    ]
   }
  },
  {
   "type": "Feature",
   "properties": {
    "ll": {
     "value": 0,
     "unit": 1,
     "referenceDatum": 0
    },
    "ul": {
     "value": 60,
     "unit": 6,
     "referenceDatum": 2
    },
    "_id": "62e0fb66fd421ae8bc07a012",
    "name": "SUNDBRO 2",
    "type": 21,
    "icao": 7,
    "bnd": [
     [
      59.75,
      16.9830556
     ],
     [
      60.0580556,
      17.5622222
     ]
    ]
   },
   "geometry": {
    "type": "Polygon",
    "coordinates": [
     [
      [
       17.1747222,
       60.0580556
      ],
      [
       17.3958333,
       59.9522222
      ],
      [
       17.5247222,
       59.9127778
      ],
      [
       17.5622222,
       59.9125
      ],
      [
       17.3416667,
       59.75
      ],
      [
       17.1083333,
       59.8486111
      ],
      [
       16.9830556,
       59.9777778
      ],
      [
       17.1747222,
       60.0580556
      ]
     ]
    ]
   }
  },
  {
   "type": "Feature",
   "properties": {
    "ll": {
     "value": 0,
     "unit": 1,
     "referenceDatum": 0
    },
    "ul": {
     "value": 60,
     "unit": 6,
     "referenceDatum": 2
    },
    "_id": "62e0fb66fd421ae8bc07a01b",
    "name": "SUNDBRO 2 NORR",
    "type": 21,
    "icao": 7,
    "bnd": [
     [
      59.9102778,
      16.9830556
     ],
     [
      60.0580556,
      17.5247222
     ]
    ]
   },
   "geometry": {
    "type": "Polygon",
    "coordinates": [
     [
      [
       17.1747222,
       60.0580556
      ],
      [
       17.3958333,
       59.9522222
      ],
      [
       17.5247222,
       59.9127778
      ],
      [
       17.0486111,
       59.9102778
      ],
      [
       16.9830556,
       59.9777778
      ],
      [
       17.1747222,
       60.0580556
      ]
     ]
    ]
   }
  },
  {
   "type": "Feature",
   "properties": {
    "ll": {
     "value": 760,
     "unit": 0,
     "referenceDatum": 1
    },
    "ul": {
     "value": 95,
     "unit": 6,
     "referenceDatum": 2
    },
    "_id": "62e0fb68fd421ae8bc07a0bc",
    "name": "SUNDSVALL A",
    "type": 0,
    "icao": 2,
    "bnd": [
     [
      62.4727778,
      16.6730556
     ],
     [
      63.0222222,
      18.2108333
     ]
    ]
   },
   "geometry": {
    "type": "Polygon",
    "coordinates": [
     [
      [
       17.5641667,
       63.0222222
      ],
      [
       17.6863889,
       62.7519444
      ],
      [
       17.7747222,
       62.7138889
      ],
      [
       18.2108333,
       62.6177778
      ],
      [
       16.76,
       62.4727778
      ],
      [
       16.6730556,
       62.6575
      ],
      [
       16.7161111,
       62.905
      ],
      [
       17.5641667,
       63.0222222
      ]
     ]
    ]
   }
  },
  {
   "type": "Feature",
   "properties": {
    "ll": {
     "value": 610,
     "unit": 0,
     "referenceDatum": 1
    },
    "ul": {
     "value": 95,
     "unit": 6,
     "referenceDatum": 2
    },
    "_id": "62e0fb68fd421ae8bc07a0c5",
    "name": "SUNDSVALL B",
    "type": 0,
    "icao": 2,
    "bnd": [
     [
      62.0680556,
      16.76
     ],
     [
      62.6177778,
      18.2108333
     ]
    ]
   },
   "geometry": {
    "type": "Polygon",
    "coordinates": [
     [
      [
       18.2108333,
       62.6177778
      ],
      [
       18.1433333,
       62.2047222
      ],
      [
       17.1402778,
       62.0680556
      ],
      [
       16.76,
       62.4727778
      ],
      [
       18.2108333,
       62.6177778
      ]
     ]
    ]
   }
  },
  {
   "type": "Feature",
   "properties": {
    "ll": {
     "value": 1370,
     "unit": 0,
     "referenceDatum": 1
    },
    "ul": {
     "value": 95,
     "unit": 6,
     "referenceDatum": 2
    },
    "_id": "62e0fb68fd421ae8bc07a0d0",
    "name": "SUNDSVALL C",
    "type": 0,
    "icao": 2,
    "bnd": [
     [
      62.6177778,
      17.5641667
     ],
     [
      63.0669444,
      18.2541667
     ]
    ]
   },
   "geometry": {
    "type": "Polygon",
    "coordinates": [
     [
      [
       17.8991667,
       63.0669444
      ],
      [
       18.0608333,
       62.9805556
      ],
      [
       18.2541667,
       62.8761111
      ],
      [
       18.2108333,
       62.6177778
      ],
      [
       17.7747222,
       62.7138889
      ],
      [
       17.6863889,
       62.7519444
      ],
      [
       17.5641667,
       63.0222222
      ],
      [
       17.8991667,
       63.0669444
      ]
     ]
    ]
   }
  },
  {
   "type": "Feature",
   "properties": {
    "ll": {
     "value": 0,
     "unit": 1,
     "referenceDatum": 0
    },
    "ul": {
     "value": 760,
     "unit": 0,
     "referenceDatum": 1
    },
    "_id": "62e0fb68fd421ae8bc07a0e4",
    "name": "SUNDSVALL CTR",
    "type": 4,
    "icao": 3,
    "bnd": [
     [
      62.3005556,
      17.2297222
     ],
     [
      62.6991667,
      17.6866667
     ]
    ]
   },
   "geometry": {
    "type": "Polygon",
    "coordinates": [
     [
      [
       17.4269444,
       62.6991667
      ],
      [
       17.6297222,
       62.5575
      ],
      [
       17.6866667,
       62.3358333
      ],
      [
       17.4486111,
       62.3005556
      ],
      [
       17.2466667,
       62.5088889
      ],
      [
       17.2297222,
       62.6686111
      ],
      [
       17.4269444,
       62.6991667
      ]
     ]
    ]
   }
  },
  {
   "type": "Feature",
   "properties": {
    "ll": {
     "value": 1370,
     "unit": 0,
     "referenceDatum": 1
    },
    "ul": {
     "value": 95,
     "unit": 6,
     "referenceDatum": 2
    },
    "_id": "62e0fb68fd421ae8bc07a0da",
    "name": "SUNDSVALL D",
    "type": 0,
    "icao": 2,
    "bnd": [
     [
      61.86,
      16.6288889
     ],
     [
      62.6575,
      18.1433333
     ]
    ]
   },
   "geometry": {
    "type": "Polygon",
    "coordinates": [
     [
      [
       16.6730556,
       62.6575
      ],
      [
       16.76,
       62.4727778
      ],
      [
       17.1402778,
       62.0680556
      ],
      [
       18.1433333,
       62.2047222
      ],
      [
       18.0444444,
       61.9286111
      ],
      [
       17.6325,
       61.8705556
      ],
      [
       17.4580556,
       61.86
      ],
      [
       16.9241667,
       62.0375
      ],
      [
       16.8122222,
       62.1005556
      ],
      [
       16.6288889,
       62.4044444
      ],
      [
       16.6730556,
       62.6575
      ]
     ]
    ]
   }
  },
  {
   "type": "Feature",
   "properties": {
    "ll": {
     "value": 0,
     "unit": 1,
     "referenceDatum": 0
    },
    "ul": {
     "value": 60,
     "unit": 6,
     "referenceDatum": 2
    },
    "_id": "62e0fb67fd421ae8bc07a08a",
    "name": "SUS",
    "type": 21,
    "icao": 7,
    "bnd": [
     [
      59.1591667,
      16.5069444
     ],
     [
      59.4175,
      16.9075
     ]
    ]
   },
   "geometry": {
    "type": "Polygon",
    "coordinates": [
     [
      [
       16.5572222,
       59.4175
      ],
      [
       16.9075,
       59.3708333
      ],
      [
       16.8394444,
       59.2508333
      ],
      [
       16.8619444,
       59.2169444
      ],
      [
       16.8283333,
       59.1613889
      ],
      [
       16.7894444,
       59.1619444
      ],
      [
       16.6613889,
       59.1591667
      ],
      [
       16.5069444,
       59.2336111
      ],
      [
       16.5666667,
       59.2791667
      ],
      [
       16.5572222,
       59.4175
      ]
     ]
    ]
   }
  },
  {
   "type": "Feature",
   "properties": {
    "ll": {
     "value": 760,
     "unit": 0,
     "referenceDatum": 1
    },
    "ul": {
     "value": 900,
     "unit": 0,
     "referenceDatum": 1
    },
    "_id": "62e0fb62fd421ae8bc079e94",
    "name": "SVALÖV",
    "type": 21,
    "icao": 7,
    "bnd": [
     [
      55.8972222,
      12.8655556
     ],
     [
      55.9761111,
      13.3327778
     ]
    ]
   },
   "geometry": {
    "type": "Polygon",
    "coordinates": [
     [
      [
       12.8655556,
       55.9761111
      ],
      [
       13.1072222,
       55.9355556
      ],
      [
       13.3327778,
       55.9288889
      ],
      [
       13.1941667,
       55.8972222
      ],
      [
       12.9188889,
       55.9244444
      ],
      [
       12.8655556,
       55.9761111
      ]
     ]
    ]
   }
  },
  {
   "type": "Feature",
   "properties": {
    "ll": {
     "value": 1070,
     "unit": 0,
     "referenceDatum": 0
    },
    "ul": {
     "value": 1830,
     "unit": 0,
     "referenceDatum": 1
    },
    "_id": "62e0fb75fd421ae8bc07a590",
    "name": "SVEG TIA",
    "type": 0,
    "icao": 4,
    "bnd": [
     [
      61.865,
      13.8047222
     ],
     [
      62.2047222,
      15.0366667
     ]
    ]
   },
   "geometry": {
    "type": "Polygon",
    "coordinates": [
     [
      [
       13.8047222,
       62.2047222
      ],
      [
       15.0366667,
       62.2044444
      ],
      [
       15.0294444,
       61.865
      ],
      [
       13.8113889,
       61.8652778
      ],
      [
       13.8047222,
       62.2047222
      ]
     ]
    ]
   }
  },
  {
   "type": "Feature",
   "properties": {
    "ll": {
     "value": 0,
     "unit": 1,
     "referenceDatum": 0
    },
    "ul": {
     "value": 1070,
     "unit": 0,
     "referenceDatum": 1
    },
    "_id": "62e0fb75fd421ae8bc07a59a",
    "name": "SVEG TIZ",
    "type": 0,
    "icao": 5,
    "bnd": [
     [
      61.9666667,
      14.0911111
     ],
     [
      62.1283333,
      14.7469444
     ]
    ]
   },
   "geometry": {
    "type": "Polygon",
    "coordinates": [
     [
      [
       14.4066667,
       62.1283333
      ],
      [
       14.7438889,
       62.0705556
      ],
      [
       14.7469444,
       62.04
      ],
      [
       14.4233333,
       61.9666667
      ],
      [
       14.0963889,
       62.0141667
      ],
      [
       14.0911111,
       62.0644444
      ],
      [
       14.4066667,
       62.1283333
      ]
     ]
    ]
   }
  },
  {
   "type": "Feature",
   "properties": {
    "ll": {
     "value": 0,
     "unit": 1,
     "referenceDatum": 0
    },
    "ul": {
     "value": 90,
     "unit": 6,
     "referenceDatum": 2
    },
    "_id": "62e0fb70fd421ae8bc07a3ea",
    "name": "TINGSTAD NORD",
    "type": 21,
    "icao": 7,
    "bnd": [
     [
      58.5311111,
      16.1363889
     ],
     [
      58.5863889,
      16.3497222
     ]
    ]
   },
   "geometry": {
    "type": "Polygon",
    "coordinates": [
     [
      [
       16.2727778,
       58.5861111
      ],
      [
       16.3497222,
       58.5311111
      ],
      [
       16.1363889,
       58.5316667
      ],
      [
       16.1769444,
       58.5505556
      ],
      [
       16.235,
       58.5863889
      ],
      [
       16.2727778,
       58.5861111
      ]
     ]
    ]
   }
  },
  {
   "type": "Feature",
   "properties": {
    "ll": {
     "value": 0,
     "unit": 1,
     "referenceDatum": 0
    },
    "ul": {
     "value": 90,
     "unit": 6,
     "referenceDatum": 2
    },
    "_id": "62e0fb70fd421ae8bc07a3f4",
    "name": "TINGSTAD SYD",
    "type": 21,
    "icao": 7,
    "bnd": [
     [
      58.4780556,
      16.0833333
     ],
     [
      58.5316667,
      16.4236111
     ]
    ]
   },
   "geometry": {
    "type": "Polygon",
    "coordinates": [
     [
      [
       16.3497222,
       58.5311111
      ],
      [
       16.4236111,
       58.4780556
      ],
      [
       16.0833333,
       58.5066667
      ],
      [
       16.1363889,
       58.5316667
      ],
      [
       16.3497222,
       58.5311111
      ]
     ]
    ]
   }
  },
  {
   "type": "Feature",
   "properties": {
    "ll": {
     "value": 490,
     "unit": 0,
     "referenceDatum": 1
    },
    "ul": {
     "value": 90,
     "unit": 6,
     "referenceDatum": 2
    },
    "_id": "62e0fb73fd421ae8bc07a4c8",
    "name": "TOLSKEPP",
    "type": 21,
    "icao": 7,
    "bnd": [
     [
      58.53,
      15.2777778
     ],
     [
      58.7333333,
      15.8333333
     ]
    ]
   },
   "geometry": {
    "type": "Polygon",
    "coordinates": [
     [
      [
       15.8333333,
       58.7333333
      ],
      [
       15.7880556,
       58.53
      ],
      [
       15.5877778,
       58.5338889
      ],
      [
       15.2777778,
       58.5666667
      ],
      [
       15.5333333,
       58.5908333
      ],
      [
       15.6208333,
       58.6444444
      ],
      [
       15.8333333,
       58.7333333
      ]
     ]
    ]
   }
  },
  {
   "type": "Feature",
   "properties": {
    "ll": {
     "value": 700,
     "unit": 0,
     "referenceDatum": 1
    },
    "ul": {
     "value": 90,
     "unit": 6,
     "referenceDatum": 2
    },
    "_id": "62e0fb6efd421ae8bc07a304",
    "name": "TORE1",
    "type": 21,
    "icao": 7,
    "bnd": [
     [
      63.0708333,
      14.755
     ],
     [
      63.2055556,
      15.1247222
     ]
    ]
   },
   "geometry": {
    "type": "Polygon",
    "coordinates": [
     [
      [
       14.8375,
       63.2055556
      ],
      [
       14.8680556,
       63.2052778
      ],
      [
       15.1247222,
       63.1044444
      ],
      [
       14.8463889,
       63.0708333
      ],
      [
       14.755,
       63.1322222
      ],
      [
       14.8375,
       63.2055556
      ]
     ]
    ]
   }
  },
  {
   "type": "Feature",
   "properties": {
    "ll": {
     "value": 700,
     "unit": 0,
     "referenceDatum": 1
    },
    "ul": {
     "value": 90,
     "unit": 6,
     "referenceDatum": 2
    },
    "_id": "62e0fb6efd421ae8bc07a30e",
    "name": "TORE2",
    "type": 21,
    "icao": 7,
    "bnd": [
     [
      62.7825,
      14.8463889
     ],
     [
      63.2052778,
      15.5372222
     ]
    ]
   },
   "geometry": {
    "type": "Polygon",
    "coordinates": [
     [
      [
       14.8680556,
       63.2052778
      ],
      [
       15.5372222,
       63.1738889
      ],
      [
       15.3130556,
       62.7825
      ],
      [
       14.8463889,
       63.0708333
      ],
      [
       15.1247222,
       63.1044444
      ],
      [
       14.8680556,
       63.2052778
      ]
     ]
    ]
   }
  },
  {
   "type": "Feature",
   "properties": {
    "ll": {
     "value": 700,
     "unit": 0,
     "referenceDatum": 1
    },
    "ul": {
     "value": 90,
     "unit": 6,
     "referenceDatum": 2
    },
    "_id": "62e0fb6efd421ae8bc07a318",
    "name": "TORE3",
    "type": 21,
    "icao": 7,
    "bnd": [
     [
      63.1738889,
      14.8044444
     ],
     [
      63.4266667,
      15.5975
     ]
    ]
   },
   "geometry": {
    "type": "Polygon",
    "coordinates": [
     [
      [
       14.8375,
       63.2055556
      ],
      [
       14.8644444,
       63.2305556
      ],
      [
       14.8044444,
       63.4266667
      ],
      [
       15.5975,
       63.2794444
      ],
      [
       15.5372222,
       63.1738889
      ],
      [
       14.8680556,
       63.2052778
      ],
      [
       14.8375,
       63.2055556
      ]
     ]
    ]
   }
  },
  {
   "type": "Feature",
   "properties": {
    "ll": {
     "value": 1010,
     "unit": 0,
     "referenceDatum": 1
    },
    "ul": {
     "value": 90,
     "unit": 6,
     "referenceDatum": 2
    },
    "_id": "62e0fb6efd421ae8bc07a322",
    "name": "TORE4",
    "type": 21,
    "icao": 7,
    "bnd": [
     [
      63.2302778,
      13.53
     ],
     [
      63.5977778,
      14.4883333
     ]
    ]
   },
   "geometry": {
    "type": "Polygon",
    "coordinates": [
     [
      [
       13.8491667,
       63.5977778
      ],
      [
       14.4883333,
       63.4847222
      ],
      [
       14.0138889,
       63.3327778
      ],
      [
       13.8933333,
       63.2302778
      ],
      [
       13.53,
       63.3258333
      ],
      [
       13.8491667,
       63.5977778
      ]
     ]
    ]
   }
  },
  {
   "type": "Feature",
   "properties": {
    "ll": {
     "value": 490,
     "unit": 0,
     "referenceDatum": 1
    },
    "ul": {
     "value": 90,
     "unit": 6,
     "referenceDatum": 2
    },
    "_id": "62e0fb70fd421ae8bc07a3a4",
    "name": "TORP",
    "type": 21,
    "icao": 7,
    "bnd": [
     [
      58.8652778,
      16.6219444
     ],
     [
      59.0116667,
      16.9652778
     ]
    ]
   },
   "geometry": {
    "type": "Polygon",
    "coordinates": [
     [
      [
       16.7080556,
       59.0116667
      ],
      [
       16.9652778,
       58.9955556
      ],
      [
       16.905,
       58.8925
      ],
      [
       16.6908333,
       58.8652778
      ],
      [
       16.6219444,
       58.9336111
      ],
      [
       16.6719444,
       58.9427778
      ],
      [
       16.7080556,
       59.0116667
      ]
     ]
    ]
   }
  },
  {
   "type": "Feature",
   "properties": {
    "ll": {
     "value": 300,
     "unit": 0,
     "referenceDatum": 0
    },
    "ul": {
     "value": 1520,
     "unit": 0,
     "referenceDatum": 1
    },
    "_id": "62e0fb75fd421ae8bc07a5a4",
    "name": "TORSBY TIA",
    "type": 0,
    "icao": 4,
    "bnd": [
     [
      59.8658333,
      12.6216667
     ],
     [
      60.4480556,
      13.3516667
     ]
    ]
   },
   "geometry": {
    "type": "Polygon",
    "coordinates": [
     [
      [
       12.9255556,
       60.4480556
      ],
      [
       13.3516667,
       59.9269444
      ],
      [
       13.0516667,
       59.8658333
      ],
      [
       12.6216667,
       60.3858333
      ],
      [
       12.9255556,
       60.4480556
      ]
     ]
    ]
   }
  },
  {
   "type": "Feature",
   "properties": {
    "ll": {
     "value": 0,
     "unit": 1,
     "referenceDatum": 0
    },
    "ul": {
     "value": 300,
     "unit": 0,
     "referenceDatum": 0
    },
    "_id": "62e0fb75fd421ae8bc07a5af",
    "name": "TORSBY TIZ",
    "type": 0,
    "icao": 5,
    "bnd": [
     [
      60.0563889,
      12.8522222
     ],
     [
      60.2777778,
      13.1163889
     ]
    ]
   },
   "geometry": {
    "type": "Polygon",
    "coordinates": [
     [
      [
       12.9480556,
       60.2777778
      ],
      [
       13.0711111,
       60.1797222
      ],
      [
       13.1163889,
       60.0783333
      ],
      [
       13.0083333,
       60.0563889
      ],
      [
       12.9038889,
       60.1452778
      ],
      [
       12.8522222,
       60.2583333
      ],
      [
       12.9480556,
       60.2777778
      ]
     ]
    ]
   }
  },
  {
   "type": "Feature",
   "properties": {
    "ll": {
     "value": 0,
     "unit": 1,
     "referenceDatum": 0
    },
    "ul": {
     "value": 460,
     "unit": 0,
     "referenceDatum": 1
    },
    "_id": "62e0fb59fd421ae8bc079b7b",
    "name": "TROLLHÄTTAN CTR",
    "type": 4,
    "icao": 3,
    "bnd": [
     [
      58.1411111,
      12.1022222
     ],
     [
      58.4802778,
      12.6197222
     ]
    ]
   },
   "geometry": {
    "type": "Polygon",
    "coordinates": [
     [
      [
       12.2288889,
       58.4802778
      ],
      [
       12.3886111,
       58.4111111
      ],
      [
       12.4747222,
       58.3736111
      ],
      [
       12.6197222,
       58.1933333
      ],
      [
       12.4683333,
       58.1411111
      ],
      [
       12.2016667,
       58.2752778
      ],
      [
       12.1022222,
       58.4344444
      ],
      [
       12.2288889,
       58.4802778
      ]
     ]
    ]
   }
  },
  {
   "type": "Feature",
   "properties": {
    "ll": {
     "value": 0,
     "unit": 1,
     "referenceDatum": 0
    },
    "ul": {
     "value": 60,
     "unit": 6,
     "referenceDatum": 2
    },
    "_id": "62e0fb67fd421ae8bc07a061",
    "name": "TUMBO",
    "type": 21,
    "icao": 7,
    "bnd": [
     [
      59.405,
      16.3425
     ],
     [
      59.4805556,
      16.4833333
     ]
    ]
   },
   "geometry": {
    "type": "Polygon",
    "coordinates": [
     [
      [
       16.4638889,
       59.4805556
      ],
      [
       16.4833333,
       59.425
      ],
      [
       16.3425,
       59.405
      ],
      [
       16.3611111,
       59.4666667
      ],
      [
       16.4638889,
       59.4805556
      ]
     ]
    ]
   }
  },
  {
   "type": "Feature",
   "properties": {
    "ll": {
     "value": 610,
     "unit": 0,
     "referenceDatum": 1
    },
    "ul": {
     "value": 95,
     "unit": 6,
     "referenceDatum": 2
    },
    "_id": "62e0fb69fd421ae8bc07a122",
    "name": "UMEÅ A",
    "type": 0,
    "icao": 2,
    "bnd": [
     [
      63.3788889,
      19.3336111
     ],
     [
      64.2358333,
      20.9441667
     ]
    ]
   },
   "geometry": {
    "type": "Polygon",
    "coordinates": [
     [
      [
       20.1097222,
       64.2358333
      ],
      [
       20.9441667,
       63.7830556
      ],
      [
       20.6463889,
       63.4811111
      ],
      [
       20.4233333,
       63.3788889
      ],
      [
       19.3336111,
       63.8725
      ],
      [
       20.1097222,
       64.2358333
      ]
     ]
    ]
   }
  },
  {
   "type": "Feature",
   "properties": {
    "ll": {
     "value": 1370,
     "unit": 0,
     "referenceDatum": 1
    },
    "ul": {
     "value": 95,
     "unit": 6,
     "referenceDatum": 2
    },
    "_id": "62e0fb69fd421ae8bc07a12c",
    "name": "UMEÅ B",
    "type": 0,
    "icao": 2,
    "bnd": [
     [
      63.7830556,
      20.1097222
     ],
     [
      64.2744444,
      21.3555556
     ]
    ]
   },
   "geometry": {
    "type": "Polygon",
    "coordinates": [
     [
      [
       20.1936111,
       64.2744444
      ],
      [
       21.3555556,
       64.1866667
      ],
      [
       20.9441667,
       63.7830556
      ],
      [
       20.1097222,
       64.2358333
      ],
      [
       20.1936111,
       64.2744444
      ]
     ]
    ]
   }
  },
  {
   "type": "Feature",
   "properties": {
    "ll": {
     "value": 1370,
     "unit": 0,
     "referenceDatum": 1
    },
    "ul": {
     "value": 95,
     "unit": 6,
     "referenceDatum": 2
    },
    "_id": "62e0fb69fd421ae8bc07a136",
    "name": "UMEÅ C",
    "type": 0,
    "icao": 2,
    "bnd": [
     [
      63.2044444,
      19.0480556
     ],
     [
      63.8725,
      20.4233333
     ]
    ]
   },
   "geometry": {
    "type": "Polygon",
    "coordinates": [
     [
      [
       19.3336111,
       63.8725
      ],
      [
       20.4233333,
       63.3788889
      ],
      [
       20.0944444,
       63.2044444
      ],
      [
       19.7177778,
       63.3988889
      ],
      [
       19.0480556,
       63.7355556
      ],
      [
       19.3336111,
       63.8725
      ]
     ]
    ]
   }
  },
  {
   "type": "Feature",
   "properties": {
    "ll": {
     "value": 0,
     "unit": 1,
     "referenceDatum": 0
    },
    "ul": {
     "value": 610,
     "unit": 0,
     "referenceDatum": 1
    },
    "_id": "62e0fb69fd421ae8bc07a140",
    "name": "UMEÅ CTR",
    "type": 4,
    "icao": 3,
    "bnd": [
     [
      63.62,
      19.8983333
     ],
     [
      63.9591667,
      20.6891667
     ]
    ]
   },
   "geometry": {
    "type": "Polygon",
    "coordinates": [
     [
      [
       20.0575,
       63.9591667
      ],
      [
       20.4319444,
       63.8572222
      ],
      [
       20.6891667,
       63.6825
      ],
      [
       20.5491667,
       63.62
      ],
      [
       20.2241667,
       63.6705556
      ],
      [
       19.9869444,
       63.7722222
      ],
      [
       19.8983333,
       63.8836111
      ],
      [
       20.0575,
       63.9591667
      ]
     ]
    ]
   }
  },
  {
   "type": "Feature",
   "properties": {
    "ll": {
     "value": 0,
     "unit": 1,
     "referenceDatum": 0
    },
    "ul": {
     "value": 610,
     "unit": 0,
     "referenceDatum": 1
    },
    "_id": "62e0fb65fd421ae8bc079fcd",
    "name": "UPPSALA CTR",
    "type": 4,
    "icao": 3,
    "bnd": [
     [
      59.7994444,
      17.2966667
     ],
     [
      60.0494444,
      17.83
     ]
    ]
   },
   "geometry": {
    "type": "Polygon",
    "coordinates": [
     [
      [
       17.6633333,
       60.0494444
      ],
      [
       17.83,
       59.9827778
      ],
      [
       17.7966667,
       59.8661111
      ],
      [
       17.58,
       59.7994444
      ],
      [
       17.3633333,
       59.7994444
      ],
      [
       17.2966667,
       59.9161111
      ],
      [
       17.6633333,
       60.0494444
      ]
     ]
    ]
   }
  },
  {
   "type": "Feature",
   "properties": {
    "ll": {
     "value": 340,
     "unit": 0,
     "referenceDatum": 1
    },
    "ul": {
     "value": 1500,
     "unit": 0,
     "referenceDatum": 1
    },
    "_id": "62e0fb6afd421ae8bc07a190",
    "name": "VÄNGE",
    "type": 21,
    "icao": 7,
    "bnd": [
     [
      57.3319444,
      18.3991667
     ],
     [
      57.5075,
      18.7005556
     ]
    ]
   },
   "geometry": {
    "type": "Polygon",
    "coordinates": [
     [
      [
       18.4480556,
       57.5075
      ],
      [
       18.7005556,
       57.4808333
      ],
      [
       18.5605556,
       57.3319444
      ],
      [
       18.3991667,
       57.3597222
      ],
      [
       18.4480556,
       57.5075
      ]
     ]
    ]
   }
  },
  {
   "type": "Feature",
   "properties": {
    "ll": {
     "value": 1370,
     "unit": 0,
     "referenceDatum": 1
    },
    "ul": {
     "value": 60,
     "unit": 6,
     "referenceDatum": 2
    },
    "_id": "62e0fb68fd421ae8bc07a0a8",
    "name": "VÄNGSÖ NORD",
    "type": 21,
    "icao": 7,
    "bnd": [
     [
      59.1325,
      16.8144444
     ],
     [
      59.3708333,
      17.2758333
     ]
    ]
   },
   "geometry": {
    "type": "Polygon",
    "coordinates": [
     [
      [
       16.8144444,
       59.1383333
      ],
      [
       16.8619444,
       59.2169444
      ],
      [
       16.8394444,
       59.2508333
      ],
      [
       16.9075,
       59.3708333
      ],
      [
       16.9922222,
       59.3588889
      ],
      [
       17.2758333,
       59.1325
      ],
      [
       17.0152778,
       59.1394444
      ],
      [
       16.8144444,
       59.1383333
      ]
     ]
    ]
   }
  },
  {
   "type": "Feature",
   "properties": {
    "ll": {
     "value": 1370,
     "unit": 0,
     "referenceDatum": 1
    },
    "ul": {
     "value": 60,
     "unit": 6,
     "referenceDatum": 2
    },
    "_id": "62e0fb68fd421ae8bc07a0b2",
    "name": "VÄNGSÖ SYD",
    "type": 21,
    "icao": 7,
    "bnd": [
     [
      58.9786111,
      16.7077778
     ],
     [
      59.1394444,
      17.3633333
     ]
    ]
   },
   "geometry": {
    "type": "Polygon",
    "coordinates": [
     [
      [
       16.8144444,
       59.1383333
      ],
      [
       17.0152778,
       59.1394444
      ],
      [
       17.2758333,
       59.1325
      ],
      [
       17.3633333,
       59.0625
      ],
      [
       17.2233333,
       58.9786111
      ],
      [
       16.9652778,
       58.9955556
      ],
      [
       16.7077778,
       59.0119444
      ],
      [
       16.7536111,
       59.0961111
      ],
      [
       16.7891667,
       59.0969444
      ],
      [
       16.8144444,
       59.1383333
      ]
     ]
    ]
   }
  },
  {
   "type": "Feature",
   "properties": {
    "ll": {
     "value": 0,
     "unit": 1,
     "referenceDatum": 0
    },
    "ul": {
     "value": 460,
     "unit": 0,
     "referenceDatum": 1
    },
    "_id": "62e0fb66fd421ae8bc079fd6",
    "name": "VÄSTERÅS CTR",
    "type": 4,
    "icao": 3,
    "bnd": [
     [
      59.3966667,
      16.4644444
     ],
     [
      59.7844444,
      16.8013889
     ]
    ]
   },
   "geometry": {
    "type": "Polygon",
    "coordinates": [
     [
      [
       16.6041667,
       59.7844444
      ],
      [
       16.8013889,
       59.7655556
      ],
      [
       16.7969444,
       59.5683333
      ],
      [
       16.6622222,
       59.3966667
      ],
      [
       16.4694444,
       59.415
      ],
      [
       16.4644444,
       59.6091667
      ],
      [
       16.6041667,
       59.7844444
      ]
     ]
    ]
   }
  },
  {
   "type": "Feature",
   "properties": {
    "ll": {
     "value": 760,
     "unit": 0,
     "referenceDatum": 1
    },
    "ul": {
     "value": 900,
     "unit": 0,
     "referenceDatum": 1
    },
    "_id": "62e0fb62fd421ae8bc079e8a",
    "name": "VIARP",
    "type": 21,
    "icao": 7,
    "bnd": [
     [
      55.9244444,
      12.7322222
     ],
     [
      55.9994444,
      12.9188889
     ]
    ]
   },
   "geometry": {
    "type": "Polygon",
    "coordinates": [
     [
      [
       12.7322222,
       55.9994444
      ],
      [
       12.8655556,
       55.9761111
      ],
      [
       12.9188889,
       55.9244444
      ],
      [
       12.7713889,
       55.9386111
      ],
      [
       12.7322222,
       55.9994444
      ]
     ]
    ]
   }
  },
  {
   "type": "Feature",
   "properties": {
    "ll": {
     "value": 910,
     "unit": 0,
     "referenceDatum": 1
    },
    "ul": {
     "value": 95,
     "unit": 6,
     "referenceDatum": 2
    },
    "_id": "62e0fb69fd421ae8bc07a14a",
    "name": "VIDSEL A",
    "type": 0,
    "icao": 2,
    "bnd": [
     [
      65.4963889,
      19.3552778
     ],
     [
      66.1744444,
      21.2455556
     ]
    ]
   },
   "geometry": {
    "type": "Polygon",
    "coordinates": [
     [
      [
       19.8861111,
       66.1744444
      ],
      [
       21.2455556,
       65.8986111
      ],
      [
       20.5791667,
       65.8652778
      ],
      [
       20.4125,
       65.7486111
      ],
      [
       20.7688889,
       65.4963889
      ],
      [
       19.3552778,
       65.7983333
      ],
      [
       19.5791667,
       65.9152778
      ],
      [
       19.7125,
       66.0319444
      ],
      [
       19.8861111,
       66.1744444
      ]
     ]
    ]
   }
  },
  {
   "type": "Feature",
   "properties": {
    "ll": {
     "value": 730,
     "unit": 0,
     "referenceDatum": 1
    },
    "ul": {
     "value": 95,
     "unit": 6,
     "referenceDatum": 2
    },
    "_id": "62e0fb69fd421ae8bc07a154",
    "name": "VIDSEL B",
    "type": 0,
    "icao": 2,
    "bnd": [
     [
      65.4963889,
      20.4125
     ],
     [
      65.8986111,
      21.2455556
     ]
    ]
   },
   "geometry": {
    "type": "Polygon",
    "coordinates": [
     [
      [
       21.2455556,
       65.8986111
      ],
      [
       20.7688889,
       65.4963889
      ],
      [
       20.4125,
       65.7486111
      ],
      [
       20.5791667,
       65.8652778
      ],
      [
       21.2455556,
       65.8986111
      ]
     ]
    ]
   }
  },
  {
   "type": "Feature",
   "properties": {
    "ll": {
     "value": 980,
     "unit": 0,
     "referenceDatum": 1
    },
    "ul": {
     "value": 95,
     "unit": 6,
     "referenceDatum": 2
    },
    "_id": "62e0fb6afd421ae8bc07a15f",
    "name": "VIDSEL C",
    "type": 0,
    "icao": 2,
    "bnd": [
     [
      65.7983333,
      19.1961111
     ],
     [
      66.2152778,
      19.8861111
     ]
    ]
   },
   "geometry": {
    "type": "Polygon",
    "coordinates": [
     [
      [
       19.6875,
       66.2152778
      ],
      [
       19.8861111,
       66.1744444
      ],
      [
       19.7125,
       66.0319444
      ],
      [
       19.5791667,
       65.9152778
      ],
      [
       19.3552778,
       65.7983333
      ],
      [
       19.1961111,
       65.8319444
      ],
      [
       19.6875,
       66.2152778
      ]
     ]
    ]
   }
  },
  {
   "type": "Feature",
   "properties": {
    "ll": {
     "value": 0,
     "unit": 1,
     "referenceDatum": 0
    },
    "ul": {
     "value": 910,
     "unit": 0,
     "referenceDatum": 1
    },
    "_id": "62e0fb6afd421ae8bc07a168",
    "name": "VIDSEL CTR",
    "type": 4,
    "icao": 3,
    "bnd": [
     [
      65.7486111,
      19.5791667
     ],
     [
      66.0319444,
      20.5791667
     ]
    ]
   },
   "geometry": {
    "type": "Polygon",
    "coordinates": [
     [
      [
       19.7125,
       66.0319444
      ],
      [
       20.1958333,
       65.9486111
      ],
      [
       20.5791667,
       65.8652778
      ],
      [
       20.4125,
       65.7486111
      ],
      [
       20.0291667,
       65.8152778
      ],
      [
       19.5791667,
       65.9152778
      ],
      [
       19.7125,
       66.0319444
      ]
     ]
    ]
   }
  },
  {
   "type": "Feature",
   "properties": {
    "ll": {
     "value": 300,
     "unit": 0,
     "referenceDatum": 0
    },
    "ul": {
     "value": 1520,
     "unit": 0,
     "referenceDatum": 1
    },
    "_id": "62e0fb75fd421ae8bc07a5b8",
    "name": "VILHELMINA TIA",
    "type": 0,
    "icao": 4,
    "bnd": [
     [
      64.3644444,
      16.1408333
     ],
     [
      64.7988889,
      17.53
     ]
    ]
   },
   "geometry": {
    "type": "Polygon",
    "coordinates": [
     [
      [
       16.2988889,
       64.7988889
      ],
      [
       17.53,
       64.6808333
      ],
      [
       17.3611111,
       64.3644444
      ],
      [
       16.1408333,
       64.4825
      ],
      [
       16.2988889,
       64.7988889
      ]
     ]
    ]
   }
  },
  {
   "type": "Feature",
   "properties": {
    "ll": {
     "value": 0,
     "unit": 1,
     "referenceDatum": 0
    },
    "ul": {
     "value": 300,
     "unit": 0,
     "referenceDatum": 0
    },
    "_id": "62e0fb75fd421ae8bc07a5c1",
    "name": "VILHELMINA TIZ",
    "type": 0,
    "icao": 5,
    "bnd": [
     [
      64.5019444,
      16.4430556
     ],
     [
      64.6611111,
      17.2247222
     ]
    ]
   },
   "geometry": {
    "type": "Polygon",
    "coordinates": [
     [
      [
       16.4869444,
       64.6611111
      ],
      [
       16.8752778,
       64.6605556
      ],
      [
       17.2247222,
       64.5897222
      ],
      [
       17.1777778,
       64.5019444
      ],
      [
       16.7938889,
       64.5025
      ],
      [
       16.4430556,
       64.5733333
      ],
      [
       16.4869444,
       64.6611111
      ]
     ]
    ]
   }
  },
  {
   "type": "Feature",
   "properties": {
    "ll": {
     "value": 340,
     "unit": 0,
     "referenceDatum": 1
    },
    "ul": {
     "value": 95,
     "unit": 6,
     "referenceDatum": 2
    },
    "_id": "62e0fb6afd421ae8bc07a171",
    "name": "VISBY A",
    "type": 0,
    "icao": 2,
    "bnd": [
     [
      57.3319444,
      17.8147222
     ],
     [
      58.0783333,
      18.9127778
     ]
    ]
   },
   "geometry": {
    "type": "Polygon",
    "coordinates": [
     [
      [
       18.6752778,
       58.0783333
      ],
      [
       18.9127778,
       57.7069444
      ],
      [
       18.5605556,
       57.3319444
      ],
      [
       17.8380556,
       57.4580556
      ],
      [
       17.8147222,
       57.9138889
      ],
      [
       18.6752778,
       58.0783333
      ]
     ]
    ]
   }
  },
  {
   "type": "Feature",
   "properties": {
    "ll": {
     "value": 1370,
     "unit": 0,
     "referenceDatum": 1
    },
    "ul": {
     "value": 95,
     "unit": 6,
     "referenceDatum": 2
    },
    "_id": "62e0fb6afd421ae8bc07a17c",
    "name": "VISBY B",
    "type": 0,
    "icao": 2,
    "bnd": [
     [
      57.9138889,
      17.8147222
     ],
     [
      58.2541667,
      18.6752778
     ]
    ]
   },
   "geometry": {
    "type": "Polygon",
    "coordinates": [
     [
      [
       18.5608333,
       58.2541667
      ],
      [
       18.6752778,
       58.0783333
      ],
      [
       17.8147222,
       57.9138889
      ],
      [
       17.8386111,
       58.1755556
      ],
      [
       18.5608333,
       58.2541667
      ]
     ]
    ]
   }
  },
  {
   "type": "Feature",
   "properties": {
    "ll": {
     "value": 0,
     "unit": 1,
     "referenceDatum": 0
    },
    "ul": {
     "value": 340,
     "unit": 0,
     "referenceDatum": 1
    },
    "_id": "62e0fb6afd421ae8bc07a186",
    "name": "VISBY CTR",
    "type": 4,
    "icao": 3,
    "bnd": [
     [
      57.4805556,
      18.1525
     ],
     [
      57.8402778,
      18.5422222
     ]
    ]
   },
   "geometry": {
    "type": "Polygon",
    "coordinates": [
     [
      [
       18.3658333,
       57.8402778
      ],
      [
       18.5422222,
       57.8155556
      ],
      [
       18.5188889,
       57.6372222
      ],
      [
       18.3269444,
       57.4805556
      ],
      [
       18.1525,
       57.5125
      ],
      [
       18.18,
       57.6913889
      ],
      [
       18.3658333,
       57.8402778
      ]
     ]
    ]
   }
  },
  {
   "type": "Feature",
   "properties": {
    "ll": {
     "value": 0,
     "unit": 1,
     "referenceDatum": 0
    },
    "ul": {
     "value": 1350,
     "unit": 0,
     "referenceDatum": 1
    },
    "_id": "62e0fb5afd421ae8bc079c0f",
    "name": "WEST",
    "type": 21,
    "icao": 7,
    "bnd": [
     [
      56.6405556,
      12.6777778
     ],
     [
      56.7744444,
      12.7688889
     ]
    ]
   },
   "geometry": {
    "type": "Polygon",
    "coordinates": [
     [
      [
       12.6925,
       56.7744444
      ],
      [
       12.7688889,
       56.7202778
      ],
      [
       12.7594444,
       56.6780556
      ],
      [
       12.7297222,
       56.6405556
      ],
      [
       12.6777778,
       56.7277778
      ],
      [
       12.6925,
       56.7744444
      ]
     ]
    ]
   }
  },
  {
   "type": "Feature",
   "properties": {
    "ll": {
     "value": 760,
     "unit": 0,
     "referenceDatum": 1
    },
    "ul": {
     "value": 90,
     "unit": 6,
     "referenceDatum": 2
    },
    "_id": "62e0fb58fd421ae8bc079b20",
    "name": "WOODPECKER",
    "type": 21,
    "icao": 7,
    "bnd": [
     [
      60.2202778,
      15.0052778
     ],
     [
      60.5133333,
      15.3813889
     ]
    ]
   },
   "geometry": {
    "type": "Polygon",
    "coordinates": [
     [
      [
       15.0052778,
       60.5133333
      ],
      [
       15.2225,
       60.4608333
      ],
      [
       15.3813889,
       60.3491667
      ],
      [
       15.1369444,
       60.2344444
      ],
      [
       15.1297222,
       60.2202778
      ],
      [
       15.0052778,
       60.5133333
      ]
     ]
    ]
   }
  },
  {
   "type": "Feature",
   "properties": {
    "ll": {
     "value": 0,
     "unit": 1,
     "referenceDatum": 0
    },
    "ul": {
     "value": 90,
     "unit": 6,
     "referenceDatum": 2
    },
    "_id": "62e0fb70fd421ae8bc07a3ae",
    "name": "YNGAREN NORD",
    "type": 21,
    "icao": 7,
    "bnd": [
     [
      58.8461111,
      16.4702778
     ],
     [
      58.9336111,
      16.7375
     ]
    ]
   },
   "geometry": {
    "type": "Polygon",
    "coordinates": [
     [
      [
       16.6219444,
       58.9336111
      ],
      [
       16.6908333,
       58.8652778
      ],
      [
       16.7375,
       58.8461111
      ],
      [
       16.4702778,
       58.8558333
      ],
      [
       16.4930556,
       58.9102778
      ],
      [
       16.6219444,
       58.9336111
      ]
     ]
    ]
   }
  },
  {
   "type": "Feature",
   "properties": {
    "ll": {
     "value": 0,
     "unit": 1,
     "referenceDatum": 0
    },
    "ul": {
     "value": 90,
     "unit": 6,
     "referenceDatum": 2
    },
    "_id": "62e0fb70fd421ae8bc07a3b9",
    "name": "YNGAREN SYD",
    "type": 21,
    "icao": 7,
    "bnd": [
     [
      58.7530556,
      16.4258333
     ],
     [
      58.8558333,
      16.7375
     ]
    ]
   },
   "geometry": {
    "type": "Polygon",
    "coordinates": [
     [
      [
       16.4702778,
       58.8558333
      ],
      [
       16.7375,
       58.8461111
      ],
      [
       16.4258333,
       58.7530556
      ],
      [
       16.4702778,
       58.8558333
      ]
     ]
    ]
   }
  },
  {
   "type": "Feature",
   "properties": {
    "ll": {
     "value": 0,
     "unit": 1,
     "referenceDatum": 0
    },
    "ul": {
     "value": 90,
     "unit": 6,
     "referenceDatum": 2
    },
    "_id": "62e0fb5dfd421ae8bc079cf5",
    "name": "YTTERSEKTORN",
    "type": 21,
    "icao": 7,
    "bnd": [
     [
      59.4,
      12.9769444
     ],
     [
      59.6355556,
      13.2925
     ]
    ]
   },
   "geometry": {
    "type": "Polygon",
    "coordinates": [
     [
      [
       13.2038889,
       59.6355556
      ],
      [
       13.2925,
       59.5075
      ],
      [
       13.2763889,
       59.4891667
      ],
      [
       13.2911111,
       59.4686111
      ],
      [
       13.2925,
       59.4602778
      ],
      [
       13.2769444,
       59.4488889
      ],
      [
       13.2455556,
       59.4427778
      ],
      [
       13.2022222,
       59.4433333
      ],
      [
       12.9769444,
       59.4
      ],
      [
       13.0236111,
       59.5213889
      ],
      [
       13.2038889,
       59.6355556
      ]
     ]
    ]
   }
  }
 ]
}