{
 "type": "FeatureCollection",
 "countryCode": "at",
 "features": [
  {
   "type": "Feature",
   "properties": {
    "ll": {
     "value": 15500,
     "unit": 1,
     "referenceDatum": 1
    },
    "ul": {
     "value": 195,
     "unit": 6,
     "referenceDatum": 2
    },
    "_id": "6319941ad9f1e6a2b5f8dd99",
    "name": "CTA ARLBERG",
    "type": 0,
    "icao": 3,
    "bnd": [
     [
      46.7669444,
      9.5308333
     ],
     [
      47.4083333,
      11.2566667
     ]
    ]
   },
   "geometry": {
    "type": "Polygon",
    "coordinates": [
     [
      [
       9.6519444,
       47.4083333
      ],
      [
       9.9247222,
       47.3366667
      ],
      [
       10.1666667,
       47.2677778
      ],
      [
       10.4719444,
       47.1911111
      ],
      [
       10.6816667,
       47.1330556
      ],
      [
       11.0511111,
       47.0313889
      ],
      [
       11.2566667,
       46.9741667
      ],
      [
       11.2363889,
       46.9691667
      ],
      [
       11.2088889,
       46.9636111
      ],
      [
       11.1825,
       46.9658333
      ],
      [
       11.1627778,
       46.95
      ],
      [
       11.1513889,
       46.9330556
      ],
      [
       11.1247222,
       46.9291667
      ],
      [
       11.1061111,
       46.9155556
      ],
      [
       11.0991667,
       46.8969444
      ],
      [
       11.0911111,
       46.8797222
      ],
      [
       11.0777778,
       46.8588889
      ],
      [
       11.0702778,
       46.8383333
      ],
      [
       11.0833333,
       46.8225
      ],
      [
       11.0569444,
       46.8080556
      ],
      [
       11.0375,
       46.7941667
      ],
      [
       11.0252778,
       46.7722222
      ],
      [
       10.9963889,
       46.7669444
      ],
      [
       10.9486111,
       46.775
      ],
      [
       10.9208333,
       46.7747222
      ],
      [
       10.8941667,
       46.7691667
      ],
      [
       10.8672222,
       46.7722222
      ],
      [
       10.8422222,
       46.7783333
      ],
      [
       10.8152778,
       46.7758333
      ],
      [
       10.7958333,
       46.7913889
      ],
      [
       10.7666667,
       46.7875
      ],
      [
       10.7375,
       46.7872222
      ],
      [
       10.7461111,
       46.8069444
      ],
      [
       10.7630556,
       46.8211111
      ],
      [
       10.7372222,
       46.8344444
      ],
      [
       10.7169444,
       46.8469444
      ],
      [
       10.6938889,
       46.8561111
      ],
      [
       10.6780556,
       46.8708333
      ],
      [
       10.6502778,
       46.8661111
      ],
      [
       10.6236111,
       46.8638889
      ],
      [
       10.5955556,
       46.8572222
      ],
      [
       10.5733333,
       46.8461111
      ],
      [
       10.5486111,
       46.8380556
      ],
      [
       10.5230556,
       46.8455556
      ],
      [
       10.4966667,
       46.8486111
      ],
      [
       10.4697222,
       46.855
      ],
      [
       10.4713889,
       46.8730556
      ],
      [
       10.4725,
       46.8925
      ],
      [
       10.4786111,
       46.9108333
      ],
      [
       10.4880556,
       46.9280556
      ],
      [
       10.4722222,
       46.9438889
      ],
      [
       10.4413889,
       46.9541667
      ],
      [
       10.4272222,
       46.9711111
      ],
      [
       10.4066667,
       46.9886111
      ],
      [
       10.3852778,
       47
      ],
      [
       10.3591667,
       46.9913889
      ],
      [
       10.3408333,
       46.9783333
      ],
      [
       10.3291667,
       46.9619444
      ],
      [
       10.3077778,
       46.9472222
      ],
      [
       10.3169444,
       46.9261111
      ],
      [
       10.29,
       46.9227778
      ],
      [
       10.2413889,
       46.9316667
      ],
      [
       10.2358333,
       46.9133333
      ],
      [
       10.2261111,
       46.8966667
      ],
      [
       10.2338889,
       46.8777778
      ],
      [
       10.2091667,
       46.8647222
      ],
      [
       10.1833333,
       46.8586111
      ],
      [
       10.1575,
       46.8477778
      ],
      [
       10.1230556,
       46.8486111
      ],
      [
       10.0961111,
       46.8497222
      ],
      [
       10.075,
       46.8619444
      ],
      [
       10.0505556,
       46.8686111
      ],
      [
       10.0377778,
       46.8866667
      ],
      [
       10.0177778,
       46.9016667
      ],
      [
       9.9902778,
       46.9025
      ],
      [
       9.9688889,
       46.9130556
      ],
      [
       9.9383333,
       46.9130556
      ],
      [
       9.9161111,
       46.9233333
      ],
      [
       9.8888889,
       46.9322222
      ],
      [
       9.875,
       46.9502778
      ],
      [
       9.8761111,
       46.97
      ],
      [
       9.8919444,
       46.9888889
      ],
      [
       9.8730556,
       47.0066667
      ],
      [
       9.8605556,
       47.0233333
      ],
      [
       9.8380556,
       47.0130556
      ],
      [
       9.8155556,
       47.0225
      ],
      [
       9.7919444,
       47.0316667
      ],
      [
       9.7672222,
       47.0388889
      ],
      [
       9.7386111,
       47.0419444
      ],
      [
       9.7094444,
       47.0472222
      ],
      [
       9.6822222,
       47.0588889
      ],
      [
       9.6541667,
       47.0583333
      ],
      [
       9.6275,
       47.0516667
      ],
      [
       9.6111111,
       47.0669444
      ],
      [
       9.6336111,
       47.0833333
      ],
      [
       9.63,
       47.1047222
      ],
      [
       9.6316667,
       47.1241667
      ],
      [
       9.6225,
       47.1413889
      ],
      [
       9.6030556,
       47.1536111
      ],
      [
       9.5794444,
       47.1711111
      ],
      [
       9.5725,
       47.1908333
      ],
      [
       9.5783333,
       47.2091667
      ],
      [
       9.5616667,
       47.2230556
      ],
      [
       9.5675,
       47.2408333
      ],
      [
       9.5488889,
       47.2569444
      ],
      [
       9.5308333,
       47.2705556
      ],
      [
       9.5513889,
       47.2869444
      ],
      [
       9.565,
       47.3036111
      ],
      [
       9.5888889,
       47.3183333
      ],
      [
       9.6,
       47.3458333
      ],
      [
       9.6244444,
       47.3661111
      ],
      [
       9.6538889,
       47.3680556
      ],
      [
       9.6730556,
       47.3811111
      ],
      [
       9.6588889,
       47.3986111
      ],
      [
       9.6519444,
       47.4083333
      ]
     ]
    ]
   }
  },
  {
   "type": "Feature",
   "properties": {
    "ll": {
     "value": 195,
     "unit": 6,
     "referenceDatum": 2
    },
    "ul": {
     "value": 245,
     "unit": 6,
     "referenceDatum": 2
    },
    "_id": "6319941ad9f1e6a2b5f8dda3",
    "name": "CTA ARLBERG",
    "type": 0,
    "icao": 2,
    "bnd": [
     [
      46.7669444,
      9.5308333
     ],
     [
      47.4083333,
      11.2566667
     ]
    ]
   },
   "geometry": {
    "type": "Polygon",
    "coordinates": [
     [
      [
       9.6519444,
       47.4083333
      ],
      [
       9.9247222,
       47.3366667
      ],
      [
       10.1666667,
       47.2677778
      ],
      [
       10.4719444,
       47.1911111
      ],
      [
       10.6816667,
       47.1330556
      ],
      [
       11.0511111,
       47.0313889
      ],
      [
       11.2566667,
       46.9741667
      ],
      [
       11.2363889,
       46.9691667
      ],
      [
       11.2088889,
       46.9636111
      ],
      [
       11.1825,
       46.9658333
      ],
      [
       11.1627778,
       46.95
      ],
      [
       11.1513889,
       46.9330556
      ],
      [
       11.1247222,
       46.9291667
      ],
      [
       11.1061111,
       46.9155556
      ],
      [
       11.0991667,
       46.8969444
      ],
      [
       11.0911111,
       46.8797222
      ],
      [
       11.0777778,
       46.8588889
      ],
      [
       11.0702778,
       46.8383333
      ],
      [
       11.0833333,
       46.8225
      ],
      [
       11.0569444,
       46.8080556
      ],
      [
       11.0375,
       46.7941667
      ],
      [
       11.0252778,
       46.7722222
      ],
      [
       10.9963889,
       46.7669444
      ],
      [
       10.9486111,
       46.775
      ],
      [
       10.9208333,
       46.7747222
      ],
      [
       10.8941667,
       46.7691667
      ],
      [
       10.8672222,
       46.7722222
      ],
      [
       10.8422222,
       46.7783333
      ],
      [
       10.8152778,
       46.7758333
      ],
      [
       10.7958333,
       46.7913889
      ],
      [
       10.7666667,
       46.7875
      ],
      [
       10.7375,
       46.7872222
      ],
      [
       10.7461111,
       46.8069444
      ],
      [
       10.7630556,
       46.8211111
      ],
      [
       10.7372222,
       46.8344444
      ],
      [
       10.7169444,
       46.8469444
      ],
      [
       10.6938889,
       46.8561111
      ],
      [
       10.6780556,
       46.8708333
      ],
      [
       10.6502778,
       46.8661111
      ],
      [
       10.6236111,
       46.8638889
      ],
      [
       10.5955556,
       46.8572222
      ],
      [
       10.5733333,
       46.8461111
      ],
      [
       10.5486111,
       46.8380556
      ],
      [
       10.5230556,
       46.8455556
      ],
      [
       10.4966667,
       46.8486111
      ],
      [
       10.4697222,
       46.855
      ],
      [
       10.4713889,
       46.8730556
      ],
      [
       10.4725,
       46.8925
      ],
      [
       10.4786111,
       46.9108333
      ],
      [
       10.4880556,
       46.9280556
      ],
      [
       10.4722222,
       46.9438889
      ],
      [
       10.4413889,
       46.9541667
      ],
      [
       10.4272222,
       46.9711111
      ],
      [
       10.4066667,
       46.9886111
      ],
      [
       10.3852778,
       47
      ],
      [
       10.3591667,
       46.9913889
      ],
      [
       10.3408333,
       46.9783333
      ],
      [
       10.3291667,
       46.9619444
      ],
      [
       10.3077778,
       46.9472222
      ],
      [
       10.3169444,
       46.9261111
      ],
      [
       10.29,
       46.9227778
      ],
      [
       10.2413889,
       46.9316667
      ],
      [
       10.2358333,
       46.9133333
      ],
      [
       10.2261111,
       46.8966667
      ],
      [
       10.2338889,
       46.8777778
      ],
      [
       10.2091667,
       46.8647222
      ],
      [
       10.1833333,
       46.8586111
      ],
      [
       10.1575,
       46.8477778
      ],
      [
       10.1230556,
       46.8486111
      ],
      [
       10.0961111,
       46.8497222
      ],
      [
       10.075,
       46.8619444
      ],
      [
       10.0505556,
       46.8686111
      ],
      [
       10.0377778,
       46.8866667
      ],
      [
       10.0177778,
       46.9016667
      ],
      [
       9.9902778,
       46.9025
      ],
      [
       9.9688889,
       46.9130556
      ],
      [
       9.9383333,
       46.9130556
      ],
      [
       9.9161111,
       46.9233333
      ],
      [
       9.8888889,
       46.9322222
      ],
      [
       9.875,
       46.9502778
      ],
      [
       9.8761111,
       46.97
      ],
      [
       9.8919444,
       46.9888889
      ],
      [
       9.8730556,
       47.0066667
      ],
      [
       9.8605556,
       47.0233333
      ],
      [
       9.8380556,
       47.0130556
      ],
      [
       9.8155556,
       47.0225
      ],
      [
       9.7919444,
       47.0316667
      ],
      [
       9.7672222,
       47.0388889
      ],
      [
       9.7386111,
       47.0419444
      ],
      [
       9.7094444,
       47.0472222
      ],
      [
       9.6822222,
       47.0588889
      ],
      [
       9.6541667,
       47.0583333
      ],
      [
       9.6275,
       47.0516667
      ],
      [
       9.6111111,
       47.0669444
      ],
      [
       9.6336111,
       47.0833333
      ],
      [
       9.63,
       47.1047222
      ],
      [
       9.6316667,
       47.1241667
      ],
      [
       9.6225,
       47.1413889
      ],
      [
       9.6030556,
       47.1536111
      ],
      [
       9.5794444,
       47.1711111
      ],
      [
       9.5725,
       47.1908333
      ],
      [
       9.5783333,
       47.2091667
      ],
      [
       9.5616667,
       47.2230556
      ],
      [
       9.5675,
       47.2408333
      ],
      [
       9.5488889,
       47.2569444
      ],
      [
       9.5308333,
       47.2705556
      ],
      [
       9.5513889,
       47.2869444
      ],
      [
       9.565,
       47.3036111
      ],
      [
       9.5888889,
       47.3183333
      ],
      [
       9.6,
       47.3458333
      ],
      [
       9.6244444,
       47.3661111
      ],
      [
       9.6538889,
       47.3680556
      ],
      [
       9.6730556,
       47.3811111
      ],
      [
       9.6588889,
       47.3986111
      ],
      [
       9.6519444,
       47.4083333
      ]
     ]
    ]
   }
  },
  {
   "type": "Feature",
   "properties": {
    "ll": {
     "value": 125,
     "unit": 6,
     "referenceDatum": 2
    },
    "ul": {
     "value": 195,
     "unit": 6,
     "referenceDatum": 2
    },
    "_id": "6319941bd9f1e6a2b5f8ddad",
    "name": "CTA C",
    "type": 0,
    "icao": 3,
    "bnd": [
     [
      46.5219444,
      9.5613889
     ],
     [
      47.8705556,
      15.5833333
     ]
    ]
   },
   "geometry": {
    "type": "Polygon",
    "coordinates": [
     [
      [
       11.7391667,
       47.5880556
      ],
      [
       11.7233333,
       47.5891667
      ],
      [
       11.6827778,
       47.5844444
      ],
      [
       11.6552778,
       47.5861111
      ],
      [
       11.6280556,
       47.5811111
      ],
      [
       11.6030556,
       47.5747222
      ],
      [
       11.5886111,
       47.5575
      ],
      [
       11.5875,
       47.5391667
      ],
      [
       11.5772222,
       47.5202778
      ],
      [
       11.5516667,
       47.5133333
      ],
      [
       11.5186111,
       47.5111111
      ],
      [
       11.4891667,
       47.5072222
      ],
      [
       11.4625,
       47.5088889
      ],
      [
       11.4372222,
       47.5158333
      ],
      [
       11.4166667,
       47.5022222
      ],
      [
       11.4005556,
       47.4872222
      ],
      [
       11.385,
       47.4713889
      ],
      [
       11.4102778,
       47.4630556
      ],
      [
       11.3955556,
       47.4477778
      ],
      [
       11.3622222,
       47.4466667
      ],
      [
       11.3341667,
       47.4469444
      ],
      [
       11.3158333,
       47.4319444
      ],
      [
       11.2994444,
       47.4305556
      ],
      [
       11.2919444,
       47.4211111
      ],
      [
       11.2847222,
       47.4027778
      ],
      [
       11.255,
       47.3986111
      ],
      [
       11.225,
       47.3952778
      ],
      [
       11.2347222,
       47.4130556
      ],
      [
       11.2366667,
       47.4322222
      ],
      [
       11.2055556,
       47.4338889
      ],
      [
       11.1763889,
       47.4241667
      ],
      [
       11.1505556,
       47.4194444
      ],
      [
       11.1241667,
       47.4083333
      ],
      [
       11.1002778,
       47.3944444
      ],
      [
       11.0733333,
       47.3961111
      ],
      [
       11.0458333,
       47.3944444
      ],
      [
       11.0183333,
       47.3966667
      ],
      [
       10.9883333,
       47.3955556
      ],
      [
       10.9688889,
       47.4119444
      ],
      [
       10.9836111,
       47.43
      ],
      [
       10.9605556,
       47.4486111
      ],
      [
       10.9394444,
       47.4625
      ],
      [
       10.9252778,
       47.4825
      ],
      [
       10.895,
       47.4827778
      ],
      [
       10.8711111,
       47.4908333
      ],
      [
       10.8869444,
       47.5058333
      ],
      [
       10.9008333,
       47.5211111
      ],
      [
       10.8869444,
       47.5369444
      ],
      [
       10.8530556,
       47.5333333
      ],
      [
       10.8244444,
       47.5275
      ],
      [
       10.8125,
       47.52
      ],
      [
       10.7986111,
       47.5202778
      ],
      [
       10.7727778,
       47.5155556
      ],
      [
       10.7586111,
       47.5344444
      ],
      [
       10.7316667,
       47.5380556
      ],
      [
       10.705,
       47.5441667
      ],
      [
       10.6808333,
       47.5555556
      ],
      [
       10.6519444,
       47.5586111
      ],
      [
       10.6222222,
       47.5655556
      ],
      [
       10.5958333,
       47.5672222
      ],
      [
       10.5822222,
       47.5502778
      ],
      [
       10.5588889,
       47.5372222
      ],
      [
       10.5244444,
       47.5352778
      ],
      [
       10.4888889,
       47.5402778
      ],
      [
       10.4627778,
       47.5630556
      ],
      [
       10.4558333,
       47.5827778
      ],
      [
       10.4347222,
       47.5694444
      ],
      [
       10.4544444,
       47.5558333
      ],
      [
       10.4386111,
       47.5236111
      ],
      [
       10.4313889,
       47.5038889
      ],
      [
       10.4541667,
       47.4841667
      ],
      [
       10.47,
       47.4686111
      ],
      [
       10.4672222,
       47.4502778
      ],
      [
       10.4727778,
       47.4316667
      ],
      [
       10.4727778,
       47.4316667
      ],
      [
       10.4386111,
       47.4136111
      ],
      [
       10.4297222,
       47.3941667
      ],
      [
       10.4133333,
       47.3786111
      ],
      [
       10.3886111,
       47.3697222
      ],
      [
       10.3775,
       47.3525
      ],
      [
       10.3569444,
       47.3369444
      ],
      [
       10.3452778,
       47.32
      ],
      [
       10.3302778,
       47.3047222
      ],
      [
       10.3013889,
       47.2986111
      ],
      [
       10.2791667,
       47.2880556
      ],
      [
       10.2547222,
       47.2808333
      ],
      [
       10.2322222,
       47.2705556
      ],
      [
       10.2011111,
       47.2763889
      ],
      [
       10.1758333,
       47.2819444
      ],
      [
       10.1980556,
       47.2977778
      ],
      [
       10.2161111,
       47.3111111
      ],
      [
       10.2075,
       47.3325
      ],
      [
       10.2175,
       47.3505556
      ],
      [
       10.2308333,
       47.3680556
      ],
      [
       10.2261111,
       47.3875
      ],
      [
       10.1983333,
       47.385
      ],
      [
       10.1694444,
       47.3858333
      ],
      [
       10.1497222,
       47.3672222
      ],
      [
       10.1194444,
       47.3755556
      ],
      [
       10.0925,
       47.3719444
      ],
      [
       10.0841667,
       47.3963889
      ],
      [
       10.0852778,
       47.4144444
      ],
      [
       10.1055556,
       47.4286111
      ],
      [
       10.0933333,
       47.4544444
      ],
      [
       10.0680556,
       47.4613889
      ],
      [
       10.0527778,
       47.4763889
      ],
      [
       10.0280556,
       47.4852778
      ],
      [
       10.0008333,
       47.4822222
      ],
      [
       9.9933333,
       47.5041667
      ],
      [
       9.9711111,
       47.5175
      ],
      [
       9.9572222,
       47.535
      ],
      [
       9.9294444,
       47.5316667
      ],
      [
       9.9066667,
       47.5419444
      ],
      [
       9.8802778,
       47.5477778
      ],
      [
       9.8675,
       47.5316667
      ],
      [
       9.8402778,
       47.5422222
      ],
      [
       9.8208333,
       47.5547222
      ],
      [
       9.8252778,
       47.5733333
      ],
      [
       9.8108333,
       47.5911111
      ],
      [
       9.7822222,
       47.5941667
      ],
      [
       9.7605556,
       47.5836111
      ],
      [
       9.7511111,
       47.5666667
      ],
      [
       9.7383333,
       47.5505556
      ],
      [
       9.7280556,
       47.5336111
      ],
      [
       9.7280556,
       47.5333333
      ],
      [
       9.5636111,
       47.5391667
      ],
      [
       9.5619444,
       47.5044444
      ],
      [
       9.5613889,
       47.5
      ],
      [
       9.5625,
       47.4955556
      ],
      [
       9.5833333,
       47.4811111
      ],
      [
       9.6088889,
       47.4705556
      ],
      [
       9.6269444,
       47.4566667
      ],
      [
       9.6580556,
       47.4477778
      ],
      [
       9.6497222,
       47.4227778
      ],
      [
       9.6519444,
       47.4083333
      ],
      [
       9.9247222,
       47.3366667
      ],
      [
       10.1666667,
       47.2677778
      ],
      [
       10.4719444,
       47.1911111
      ],
      [
       10.6816667,
       47.1330556
      ],
      [
       11.0511111,
       47.0313889
      ],
      [
       11.2566667,
       46.9741667
      ],
      [
       11.2588889,
       46.9783333
      ],
      [
       11.2866667,
       46.9841667
      ],
      [
       11.3125,
       46.9883333
      ],
      [
       11.3427778,
       46.9886111
      ],
      [
       11.3683333,
       46.9822222
      ],
      [
       11.3875,
       46.97
      ],
      [
       11.415,
       46.9672222
      ],
      [
       11.44,
       46.975
      ],
      [
       11.4547222,
       46.9927778
      ],
      [
       11.4741667,
       47.005
      ],
      [
       11.5008333,
       47.0072222
      ],
      [
       11.5252778,
       46.9961111
      ],
      [
       11.55,
       46.9891667
      ],
      [
       11.5772222,
       46.9955556
      ],
      [
       11.5994444,
       47.0055556
      ],
      [
       11.6252778,
       47.0130556
      ],
      [
       11.6447222,
       47.0008333
      ],
      [
       11.67,
       46.9933333
      ],
      [
       11.6969444,
       46.9933333
      ],
      [
       11.7208333,
       46.9825
      ],
      [
       11.7430556,
       46.97
      ],
      [
       11.7675,
       46.9788889
      ],
      [
       11.7816667,
       46.9925
      ],
      [
       12.0972222,
       47.2916667
      ],
      [
       12.4944444,
       47.3361111
      ],
      [
       12.9138889,
       47.3361111
      ],
      [
       13.2222222,
       47.2833333
      ],
      [
       13.5,
       47.2333333
      ],
      [
       13.6833333,
       47.0458333
      ],
      [
       13.3333333,
       46.8333333
      ],
      [
       13.3336111,
       46.5616667
      ],
      [
       13.3525,
       46.5663889
      ],
      [
       13.3725,
       46.5791667
      ],
      [
       13.4025,
       46.5719444
      ],
      [
       13.4233333,
       46.5588889
      ],
      [
       13.4508333,
       46.5588889
      ],
      [
       13.4780556,
       46.5605556
      ],
      [
       13.5066667,
       46.5622222
      ],
      [
       13.5266667,
       46.5488889
      ],
      [
       13.5575,
       46.5513889
      ],
      [
       13.5766667,
       46.5380556
      ],
      [
       13.6027778,
       46.5427778
      ],
      [
       13.6319444,
       46.5383333
      ],
      [
       13.6588889,
       46.5277778
      ],
      [
       13.6877778,
       46.5219444
      ],
      [
       13.7141667,
       46.5230556
      ],
      [
       13.6894444,
       46.6236111
      ],
      [
       13.6152778,
       46.7055556
      ],
      [
       13.6519444,
       46.8319444
      ],
      [
       13.9694444,
       47.1819444
      ],
      [
       14.0236111,
       47.1352778
      ],
      [
       14.0425,
       47.12
      ],
      [
       14.2125,
       46.9833333
      ],
      [
       14.7541667,
       47.1916667
      ],
      [
       15,
       47.4847222
      ],
      [
       15.095,
       47.4952778
      ],
      [
       15.4008333,
       47.5286111
      ],
      [
       15.4563889,
       47.5344444
      ],
      [
       15.5833333,
       47.8333333
      ],
      [
       14.6658333,
       47.8327778
      ],
      [
       14.8113889,
       47.7063889
      ],
      [
       14.5213889,
       47.7019444
      ],
      [
       14.3994444,
       47.8147222
      ],
      [
       14.2933333,
       47.87
      ],
      [
       13.5,
       47.8705556
      ],
      [
       13.3316667,
       47.87
      ],
      [
       13.3375,
       47.8622222
      ],
      [
       13.3244444,
       47.8038889
      ],
      [
       13.3177778,
       47.7744444
      ],
      [
       13.3125,
       47.75
      ],
      [
       13.3547222,
       47.7086111
      ],
      [
       13.405,
       47.6636111
      ],
      [
       13.44,
       47.5261111
      ],
      [
       13.3861111,
       47.5211111
      ],
      [
       13.3008333,
       47.5391667
      ],
      [
       13.2197222,
       47.5563889
      ],
      [
       13.2016667,
       47.5563889
      ],
      [
       13.1888889,
       47.5166667
      ],
      [
       13.1897222,
       47.4805556
      ],
      [
       13.1911111,
       47.4366667
      ],
      [
       13.1930556,
       47.3680556
      ],
      [
       13.1436111,
       47.3680556
      ],
      [
       13.1416667,
       47.4366667
      ],
      [
       13.1402778,
       47.4805556
      ],
      [
       13.1355556,
       47.5563889
      ],
      [
       13.1355556,
       47.6102778
      ],
      [
       13.0808333,
       47.6869444
      ],
      [
       13.0769444,
       47.6708333
      ],
      [
       13.0897222,
       47.6536111
      ],
      [
       13.0988889,
       47.6355556
      ],
      [
       13.0813889,
       47.6194444
      ],
      [
       13.0658333,
       47.6036111
      ],
      [
       13.0608333,
       47.5858333
      ],
      [
       13.0461111,
       47.5708333
      ],
      [
       13.0475,
       47.5513889
      ],
      [
       13.0316667,
       47.5355556
      ],
      [
       13.0433333,
       47.5188889
      ],
      [
       13.0477778,
       47.5008333
      ],
      [
       13.0288889,
       47.4869444
      ],
      [
       13.0147222,
       47.4705556
      ],
      [
       12.9894444,
       47.4775
      ],
      [
       12.9602778,
       47.4769444
      ],
      [
       12.9319444,
       47.4877778
      ],
      [
       12.9086111,
       47.4969444
      ],
      [
       12.8744444,
       47.5227778
      ],
      [
       12.85,
       47.5330556
      ],
      [
       12.8286111,
       47.5447222
      ],
      [
       12.8022222,
       47.5519444
      ],
      [
       12.7863889,
       47.5680556
      ],
      [
       12.7866667,
       47.5863889
      ],
      [
       12.7975,
       47.6038889
      ],
      [
       12.8108333,
       47.6213889
      ],
      [
       12.7808333,
       47.6327778
      ],
      [
       12.7677778,
       47.6555556
      ],
      [
       12.7783333,
       47.6719444
      ],
      [
       12.7519444,
       47.6691667
      ],
      [
       12.7297222,
       47.6791667
      ],
      [
       12.7008333,
       47.6797222
      ],
      [
       12.6705556,
       47.6805556
      ],
      [
       12.6483333,
       47.67
      ],
      [
       12.6219444,
       47.6733333
      ],
      [
       12.5969444,
       47.6661111
      ],
      [
       12.575,
       47.6322222
      ],
      [
       12.5252778,
       47.6308333
      ],
      [
       12.4905556,
       47.635
      ],
      [
       12.4702778,
       47.6475
      ],
      [
       12.4538889,
       47.6633333
      ],
      [
       12.4394444,
       47.6797222
      ],
      [
       12.44,
       47.6952778
      ],
      [
       12.2166667,
       47.5888889
      ],
      [
       12.1280556,
       47.3702778
      ],
      [
       11.8027778,
       47.3055556
      ],
      [
       11.4458333,
       47.2083333
      ],
      [
       11.4930556,
       47.1277778
      ],
      [
       11.4163889,
       47.1277778
      ],
      [
       11.3694444,
       47.1875
      ],
      [
       11.1680556,
       47.1319444
      ],
      [
       11.0125,
       47.1777778
      ],
      [
       11.0444444,
       47.2533333
      ],
      [
       11.0138889,
       47.2633333
      ],
      [
       10.8755556,
       47.2830556
      ],
      [
       10.795,
       47.2827778
      ],
      [
       10.6927778,
       47.2822222
      ],
      [
       10.6766667,
       47.29
      ],
      [
       10.6958333,
       47.3008333
      ],
      [
       10.7541667,
       47.3030556
      ],
      [
       10.7927778,
       47.3063889
      ],
      [
       10.8875,
       47.315
      ],
      [
       11.0236111,
       47.3213889
      ],
      [
       11.075,
       47.325
      ],
      [
       11.2205556,
       47.2897222
      ],
      [
       11.2894444,
       47.3069444
      ],
      [
       11.7388889,
       47.4166667
      ],
      [
       11.7391667,
       47.5880556
      ]
     ]
    ]
   }
  },
  {
   "type": "Feature",
   "properties": {
    "ll": {
     "value": 195,
     "unit": 6,
     "referenceDatum": 2
    },
    "ul": {
     "value": 245,
     "unit": 6,
     "referenceDatum": 2
    },
    "_id": "6319941bd9f1e6a2b5f8ddb9",
    "name": "CTA C",
    "type": 0,
    "icao": 2,
    "bnd": [
     [
      46.5219444,
      9.5613889
     ],
     [
      47.8705556,
      15.5833333
     ]
    ]
   },
   "geometry": {
    "type": "Polygon",
    "coordinates": [
     [
      [
       11.7391667,
       47.5880556
      ],
      [
       11.7233333,
       47.5891667
      ],
      [
       11.6827778,
       47.5844444
      ],
      [
       11.6552778,
       47.5861111
      ],
      [
       11.6280556,
       47.5811111
      ],
      [
       11.6030556,
       47.5747222
      ],
      [
       11.5886111,
       47.5575
      ],
      [
       11.5875,
       47.5391667
      ],
      [
       11.5772222,
       47.5202778
      ],
      [
       11.5516667,
       47.5133333
      ],
      [
       11.5186111,
       47.5111111
      ],
      [
       11.4891667,
       47.5072222
      ],
      [
       11.4625,
       47.5088889
      ],
      [
       11.4372222,
       47.5158333
      ],
      [
       11.4166667,
       47.5022222
      ],
      [
       11.4005556,
       47.4872222
      ],
      [
       11.385,
       47.4713889
      ],
      [
       11.4102778,
       47.4630556
      ],
      [
       11.3955556,
       47.4477778
      ],
      [
       11.3622222,
       47.4466667
      ],
      [
       11.3341667,
       47.4469444
      ],
      [
       11.3158333,
       47.4319444
      ],
      [
       11.2994444,
       47.4305556
      ],
      [
       11.2919444,
       47.4211111
      ],
      [
       11.2847222,
       47.4027778
      ],
      [
       11.255,
       47.3986111
      ],
      [
       11.225,
       47.3952778
      ],
      [
       11.2347222,
       47.4130556
      ],
      [
       11.2366667,
       47.4322222
      ],
      [
       11.2055556,
       47.4338889
      ],
      [
       11.1763889,
       47.4241667
      ],
      [
       11.1505556,
       47.4194444
      ],
      [
       11.1241667,
       47.4083333
      ],
      [
       11.1002778,
       47.3944444
      ],
      [
       11.0733333,
       47.3961111
      ],
      [
       11.0458333,
       47.3944444
      ],
      [
       11.0183333,
       47.3966667
      ],
      [
       10.9883333,
       47.3955556
      ],
      [
       10.9688889,
       47.4119444
      ],
      [
       10.9836111,
       47.43
      ],
      [
       10.9605556,
       47.4486111
      ],
      [
       10.9394444,
       47.4625
      ],
      [
       10.9252778,
       47.4825
      ],
      [
       10.895,
       47.4827778
      ],
      [
       10.8711111,
       47.4908333
      ],
      [
       10.8869444,
       47.5058333
      ],
      [
       10.9008333,
       47.5211111
      ],
      [
       10.8869444,
       47.5369444
      ],
      [
       10.8530556,
       47.5333333
      ],
      [
       10.8244444,
       47.5275
      ],
      [
       10.8125,
       47.52
      ],
      [
       10.7986111,
       47.5202778
      ],
      [
       10.7727778,
       47.5155556
      ],
      [
       10.7586111,
       47.5344444
      ],
      [
       10.7316667,
       47.5380556
      ],
      [
       10.705,
       47.5441667
      ],
      [
       10.6808333,
       47.5555556
      ],
      [
       10.6519444,
       47.5586111
      ],
      [
       10.6222222,
       47.5655556
      ],
      [
       10.5958333,
       47.5672222
      ],
      [
       10.5822222,
       47.5502778
      ],
      [
       10.5588889,
       47.5372222
      ],
      [
       10.5244444,
       47.5352778
      ],
      [
       10.4888889,
       47.5402778
      ],
      [
       10.4627778,
       47.5630556
      ],
      [
       10.4558333,
       47.5827778
      ],
      [
       10.4347222,
       47.5694444
      ],
      [
       10.4544444,
       47.5558333
      ],
      [
       10.4386111,
       47.5236111
      ],
      [
       10.4313889,
       47.5038889
      ],
      [
       10.4541667,
       47.4841667
      ],
      [
       10.47,
       47.4686111
      ],
      [
       10.4672222,
       47.4502778
      ],
      [
       10.4727778,
       47.4316667
      ],
      [
       10.4727778,
       47.4316667
      ],
      [
       10.4386111,
       47.4136111
      ],
      [
       10.4297222,
       47.3941667
      ],
      [
       10.4133333,
       47.3786111
      ],
      [
       10.3886111,
       47.3697222
      ],
      [
       10.3775,
       47.3525
      ],
      [
       10.3569444,
       47.3369444
      ],
      [
       10.3452778,
       47.32
      ],
      [
       10.3302778,
       47.3047222
      ],
      [
       10.3013889,
       47.2986111
      ],
      [
       10.2791667,
       47.2880556
      ],
      [
       10.2547222,
       47.2808333
      ],
      [
       10.2322222,
       47.2705556
      ],
      [
       10.2011111,
       47.2763889
      ],
      [
       10.1758333,
       47.2819444
      ],
      [
       10.1980556,
       47.2977778
      ],
      [
       10.2161111,
       47.3111111
      ],
      [
       10.2075,
       47.3325
      ],
      [
       10.2175,
       47.3505556
      ],
      [
       10.2308333,
       47.3680556
      ],
      [
       10.2261111,
       47.3875
      ],
      [
       10.1983333,
       47.385
      ],
      [
       10.1694444,
       47.3858333
      ],
      [
       10.1497222,
       47.3672222
      ],
      [
       10.1194444,
       47.3755556
      ],
      [
       10.0925,
       47.3719444
      ],
      [
       10.0841667,
       47.3963889
      ],
      [
       10.0852778,
       47.4144444
      ],
      [
       10.1055556,
       47.4286111
      ],
      [
       10.0933333,
       47.4544444
      ],
      [
       10.0680556,
       47.4613889
      ],
      [
       10.0527778,
       47.4763889
      ],
      [
       10.0280556,
       47.4852778
      ],
      [
       10.0008333,
       47.4822222
      ],
      [
       9.9933333,
       47.5041667
      ],
      [
       9.9711111,
       47.5175
      ],
      [
       9.9572222,
       47.535
      ],
      [
       9.9294444,
       47.5316667
      ],
      [
       9.9066667,
       47.5419444
      ],
      [
       9.8802778,
       47.5477778
      ],
      [
       9.8675,
       47.5316667
      ],
      [
       9.8402778,
       47.5422222
      ],
      [
       9.8208333,
       47.5547222
      ],
      [
       9.8252778,
       47.5733333
      ],
      [
       9.8108333,
       47.5911111
      ],
      [
       9.7822222,
       47.5941667
      ],
      [
       9.7605556,
       47.5836111
      ],
      [
       9.7511111,
       47.5666667
      ],
      [
       9.7383333,
       47.5505556
      ],
      [
       9.7280556,
       47.5336111
      ],
      [
       9.7280556,
       47.5333333
      ],
      [
       9.5636111,
       47.5391667
      ],
      [
       9.5619444,
       47.5044444
      ],
      [
       9.5613889,
       47.5
      ],
      [
       9.5625,
       47.4955556
      ],
      [
       9.5833333,
       47.4811111
      ],
      [
       9.6088889,
       47.4705556
      ],
      [
       9.6269444,
       47.4566667
      ],
      [
       9.6580556,
       47.4477778
      ],
      [
       9.6497222,
       47.4227778
      ],
      [
       9.6519444,
       47.4083333
      ],
      [
       9.9247222,
       47.3366667
      ],
      [
       10.1666667,
       47.2677778
      ],
      [
       10.4719444,
       47.1911111
      ],
      [
       10.6816667,
       47.1330556
      ],
      [
       11.0511111,
       47.0313889
      ],
      [
       11.2566667,
       46.9741667
      ],
      [
       11.2588889,
       46.9783333
      ],
      [
       11.2866667,
       46.9841667
      ],
      [
       11.3125,
       46.9883333
      ],
      [
       11.3427778,
       46.9886111
      ],
      [
       11.3683333,
       46.9822222
      ],
      [
       11.3875,
       46.97
      ],
      [
       11.415,
       46.9672222
      ],
      [
       11.44,
       46.975
      ],
      [
       11.4547222,
       46.9927778
      ],
      [
       11.4741667,
       47.005
      ],
      [
       11.5008333,
       47.0072222
      ],
      [
       11.5252778,
       46.9961111
      ],
      [
       11.55,
       46.9891667
      ],
      [
       11.5772222,
       46.9955556
      ],
      [
       11.5994444,
       47.0055556
      ],
      [
       11.6252778,
       47.0130556
      ],
      [
       11.6447222,
       47.0008333
      ],
      [
       11.67,
       46.9933333
      ],
      [
       11.6969444,
       46.9933333
      ],
      [
       11.7208333,
       46.9825
      ],
      [
       11.7430556,
       46.97
      ],
      [
       11.7675,
       46.9788889
      ],
      [
       11.7816667,
       46.9925
      ],
      [
       12.0972222,
       47.2916667
      ],
      [
       12.4944444,
       47.3361111
      ],
      [
       12.9138889,
       47.3361111
      ],
      [
       13.2222222,
       47.2833333
      ],
      [
       13.5,
       47.2333333
      ],
      [
       13.6833333,
       47.0458333
      ],
      [
       13.3333333,
       46.8333333
      ],
      [
       13.3336111,
       46.5616667
      ],
      [
       13.3525,
       46.5663889
      ],
      [
       13.3725,
       46.5791667
      ],
      [
       13.4025,
       46.5719444
      ],
      [
       13.4233333,
       46.5588889
      ],
      [
       13.4508333,
       46.5588889
      ],
      [
       13.4780556,
       46.5605556
      ],
      [
       13.5066667,
       46.5622222
      ],
      [
       13.5266667,
       46.5488889
      ],
      [
       13.5575,
       46.5513889
      ],
      [
       13.5766667,
       46.5380556
      ],
      [
       13.6027778,
       46.5427778
      ],
      [
       13.6319444,
       46.5383333
      ],
      [
       13.6588889,
       46.5277778
      ],
      [
       13.6877778,
       46.5219444
      ],
      [
       13.7141667,
       46.5230556
      ],
      [
       13.6894444,
       46.6236111
      ],
      [
       13.6152778,
       46.7055556
      ],
      [
       13.6519444,
       46.8319444
      ],
      [
       13.9694444,
       47.1819444
      ],
      [
       14.0236111,
       47.1352778
      ],
      [
       14.0425,
       47.12
      ],
      [
       14.2125,
       46.9833333
      ],
      [
       14.7541667,
       47.1916667
      ],
      [
       15,
       47.4847222
      ],
      [
       15.095,
       47.4952778
      ],
      [
       15.4008333,
       47.5286111
      ],
      [
       15.4563889,
       47.5344444
      ],
      [
       15.5833333,
       47.8333333
      ],
      [
       14.6658333,
       47.8327778
      ],
      [
       14.8113889,
       47.7063889
      ],
      [
       14.5213889,
       47.7019444
      ],
      [
       14.3994444,
       47.8147222
      ],
      [
       14.2933333,
       47.87
      ],
      [
       13.5,
       47.8705556
      ],
      [
       13.3316667,
       47.87
      ],
      [
       13.3375,
       47.8622222
      ],
      [
       13.3244444,
       47.8038889
      ],
      [
       13.3177778,
       47.7744444
      ],
      [
       13.3125,
       47.75
      ],
      [
       13.3547222,
       47.7086111
      ],
      [
       13.405,
       47.6636111
      ],
      [
       13.44,
       47.5261111
      ],
      [
       13.3861111,
       47.5211111
      ],
      [
       13.3008333,
       47.5391667
      ],
      [
       13.2197222,
       47.5563889
      ],
      [
       13.2016667,
       47.5563889
      ],
      [
       13.1888889,
       47.5166667
      ],
      [
       13.1897222,
       47.4805556
      ],
      [
       13.1911111,
       47.4366667
      ],
      [
       13.1930556,
       47.3680556
      ],
      [
       13.1436111,
       47.3680556
      ],
      [
       13.1416667,
       47.4366667
      ],
      [
       13.1402778,
       47.4805556
      ],
      [
       13.1355556,
       47.5563889
      ],
      [
       13.1355556,
       47.6102778
      ],
      [
       13.0808333,
       47.6869444
      ],
      [
       13.0769444,
       47.6708333
      ],
      [
       13.0897222,
       47.6536111
      ],
      [
       13.0988889,
       47.6355556
      ],
      [
       13.0813889,
       47.6194444
      ],
      [
       13.0658333,
       47.6036111
      ],
      [
       13.0608333,
       47.5858333
      ],
      [
       13.0461111,
       47.5708333
      ],
      [
       13.0475,
       47.5513889
      ],
      [
       13.0316667,
       47.5355556
      ],
      [
       13.0433333,
       47.5188889
      ],
      [
       13.0477778,
       47.5008333
      ],
      [
       13.0288889,
       47.4869444
      ],
      [
       13.0147222,
       47.4705556
      ],
      [
       12.9894444,
       47.4775
      ],
      [
       12.9602778,
       47.4769444
      ],
      [
       12.9319444,
       47.4877778
      ],
      [
       12.9086111,
       47.4969444
      ],
      [
       12.8744444,
       47.5227778
      ],
      [
       12.85,
       47.5330556
      ],
      [
       12.8286111,
       47.5447222
      ],
      [
       12.8022222,
       47.5519444
      ],
      [
       12.7863889,
       47.5680556
      ],
      [
       12.7866667,
       47.5863889
      ],
      [
       12.7975,
       47.6038889
      ],
      [
       12.8108333,
       47.6213889
      ],
      [
       12.7808333,
       47.6327778
      ],
      [
       12.7677778,
       47.6555556
      ],
      [
       12.7783333,
       47.6719444
      ],
      [
       12.7519444,
       47.6691667
      ],
      [
       12.7297222,
       47.6791667
      ],
      [
       12.7008333,
       47.6797222
      ],
      [
       12.6705556,
       47.6805556
      ],
      [
       12.6483333,
       47.67
      ],
      [
       12.6219444,
       47.6733333
      ],
      [
       12.5969444,
       47.6661111
      ],
      [
       12.575,
       47.6322222
      ],
      [
       12.5252778,
       47.6308333
      ],
      [
       12.4905556,
       47.635
      ],
      [
       12.4702778,
       47.6475
      ],
      [
       12.4538889,
       47.6633333
      ],
      [
       12.4394444,
       47.6797222
      ],
      [
       12.44,
       47.6952778
      ],
      [
       12.2166667,
       47.5888889
      ],
      [
       12.1280556,
       47.3702778
      ],
      [
       11.8027778,
       47.3055556
      ],
      [
       11.4458333,
       47.2083333
      ],
      [
       11.4930556,
       47.1277778
      ],
      [
       11.4163889,
       47.1277778
      ],
      [
       11.3694444,
       47.1875
      ],
      [
       11.1680556,
       47.1319444
      ],
      [
       11.0125,
       47.1777778
      ],
      [
       11.0444444,
       47.2533333
      ],
      [
       11.0138889,
       47.2633333
      ],
      [
       10.8755556,
       47.2830556
      ],
      [
       10.795,
       47.2827778
      ],
      [
       10.6927778,
       47.2822222
      ],
      [
       10.6766667,
       47.29
      ],
      [
       10.6958333,
       47.3008333
      ],
      [
       10.7541667,
       47.3030556
      ],
      [
       10.7927778,
       47.3063889
      ],
      [
       10.8875,
       47.315
      ],
      [
       11.0236111,
       47.3213889
      ],
      [
       11.075,
       47.325
      ],
      [
       11.2205556,
       47.2897222
      ],
      [
       11.2894444,
       47.3069444
      ],
      [
       11.7388889,
       47.4166667
      ],
      [
       11.7391667,
       47.5880556
      ]
     ]
    ]
   }
  },
  {
   "type": "Feature",
   "properties": {
    "ll": {
     "value": 14500,
     "unit": 1,
     "referenceDatum": 1
    },
    "ul": {
     "value": 195,
     "unit": 6,
     "referenceDatum": 2
    },
    "_id": "6319941bd9f1e6a2b5f8ddc3",
    "name": "CTA GLOCKNER",
    "type": 0,
    "icao": 3,
    "bnd": [
     [
      46.5561111,
      11.7816667
     ],
     [
      47.3361111,
      13.6833333
     ]
    ]
   },
   "geometry": {
    "type": "Polygon",
    "coordinates": [
     [
      [
       12.0972222,
       47.2916667
      ],
      [
       12.4944444,
       47.3361111
      ],
      [
       12.9138889,
       47.3361111
      ],
      [
       13.2222222,
       47.2833333
      ],
      [
       13.5,
       47.2333333
      ],
      [
       13.6833333,
       47.0458333
      ],
      [
       13.3333333,
       46.8333333
      ],
      [
       13.3336111,
       46.5616667
      ],
      [
       13.3277778,
       46.5580556
      ],
      [
       13.3005556,
       46.5583333
      ],
      [
       13.2744444,
       46.56
      ],
      [
       13.2461111,
       46.5561111
      ],
      [
       13.2211111,
       46.5655556
      ],
      [
       13.1927778,
       46.5725
      ],
      [
       13.1686111,
       46.585
      ],
      [
       13.1422222,
       46.5897222
      ],
      [
       13.1138889,
       46.5938889
      ],
      [
       13.0836111,
       46.6019444
      ],
      [
       13.0561111,
       46.5975
      ],
      [
       13.0275,
       46.5975
      ],
      [
       13.0016667,
       46.6022222
      ],
      [
       12.9741667,
       46.6027778
      ],
      [
       12.9338889,
       46.6083333
      ],
      [
       12.905,
       46.6075
      ],
      [
       12.8777778,
       46.6091667
      ],
      [
       12.8419444,
       46.6069444
      ],
      [
       12.8372222,
       46.6272222
      ],
      [
       12.8105556,
       46.6311111
      ],
      [
       12.7755556,
       46.6466667
      ],
      [
       12.7466667,
       46.6422222
      ],
      [
       12.7194444,
       46.6438889
      ],
      [
       12.6961111,
       46.6530556
      ],
      [
       12.6694444,
       46.6572222
      ],
      [
       12.6416667,
       46.6519444
      ],
      [
       12.6191667,
       46.6619444
      ],
      [
       12.5861111,
       46.6563889
      ],
      [
       12.5597222,
       46.6533333
      ],
      [
       12.5366667,
       46.6675
      ],
      [
       12.5158333,
       46.6786111
      ],
      [
       12.4875,
       46.6772222
      ],
      [
       12.4625,
       46.6866667
      ],
      [
       12.4369444,
       46.6919444
      ],
      [
       12.4138889,
       46.7008333
      ],
      [
       12.3938889,
       46.7125
      ],
      [
       12.3758333,
       46.7325
      ],
      [
       12.3666667,
       46.7497222
      ],
      [
       12.3591667,
       46.7677778
      ],
      [
       12.3372222,
       46.7786111
      ],
      [
       12.3088889,
       46.785
      ],
      [
       12.2805556,
       46.7894444
      ],
      [
       12.2888889,
       46.8086111
      ],
      [
       12.2955556,
       46.8263889
      ],
      [
       12.2955556,
       46.8463889
      ],
      [
       12.2902778,
       46.8641667
      ],
      [
       12.2775,
       46.88
      ],
      [
       12.2536111,
       46.8886111
      ],
      [
       12.2277778,
       46.8786111
      ],
      [
       12.2027778,
       46.8861111
      ],
      [
       12.1944444,
       46.9033333
      ],
      [
       12.1616667,
       46.9069444
      ],
      [
       12.1616667,
       46.9069444
      ],
      [
       12.1613889,
       46.9297222
      ],
      [
       12.1608333,
       46.9480556
      ],
      [
       12.1355556,
       46.9602778
      ],
      [
       12.1372222,
       46.9794444
      ],
      [
       12.1258333,
       46.9972222
      ],
      [
       12.1311111,
       47.0158333
      ],
      [
       12.1555556,
       47.0227778
      ],
      [
       12.1819444,
       47.025
      ],
      [
       12.2077778,
       47.0316667
      ],
      [
       12.2166667,
       47.05
      ],
      [
       12.2333333,
       47.0647222
      ],
      [
       12.2238889,
       47.0833333
      ],
      [
       12.1980556,
       47.0886111
      ],
      [
       12.1705556,
       47.0872222
      ],
      [
       12.1461111,
       47.0802778
      ],
      [
       12.1188889,
       47.0733333
      ],
      [
       12.0922222,
       47.0761111
      ],
      [
       12.0766667,
       47.0588889
      ],
      [
       12.0488889,
       47.0611111
      ],
      [
       12.0277778,
       47.05
      ],
      [
       11.9944444,
       47.0494444
      ],
      [
       11.9686111,
       47.0405556
      ],
      [
       11.9430556,
       47.0358333
      ],
      [
       11.9155556,
       47.0325
      ],
      [
       11.8952778,
       47.0205556
      ],
      [
       11.8716667,
       47.0105556
      ],
      [
       11.8475,
       47.0008333
      ],
      [
       11.8155556,
       46.99
      ],
      [
       11.7891667,
       46.9902778
      ],
      [
       11.7816667,
       46.9925
      ],
      [
       12.0972222,
       47.2916667
      ]
     ]
    ]
   }
  },
  {
   "type": "Feature",
   "properties": {
    "ll": {
     "value": 195,
     "unit": 6,
     "referenceDatum": 2
    },
    "ul": {
     "value": 245,
     "unit": 6,
     "referenceDatum": 2
    },
    "_id": "6319941bd9f1e6a2b5f8ddcd",
    "name": "CTA GLOCKNER",
    "type": 0,
    "icao": 2,
    "bnd": [
     [
      46.5561111,
      11.7816667
     ],
     [
      47.3361111,
      13.6833333
     ]
    ]
   },
   "geometry": {
    "type": "Polygon",
    "coordinates": [
     [
      [
       12.0972222,
       47.2916667
      ],
      [
       12.4944444,
       47.3361111
      ],
      [
       12.9138889,
       47.3361111
      ],
      [
       13.2222222,
       47.2833333
      ],
      [
       13.5,
       47.2333333
      ],
      [
       13.6833333,
       47.0458333
      ],
      [
       13.3333333,
       46.8333333
      ],
      [
       13.3336111,
       46.5616667
      ],
      [
       13.3277778,
       46.5580556
      ],
      [
       13.3005556,
       46.5583333
      ],
      [
       13.2744444,
       46.56
      ],
      [
       13.2461111,
       46.5561111
      ],
      [
       13.2211111,
       46.5655556
      ],
      [
       13.1927778,
       46.5725
      ],
      [
       13.1686111,
       46.585
      ],
      [
       13.1422222,
       46.5897222
      ],
      [
       13.1138889,
       46.5938889
      ],
      [
       13.0836111,
       46.6019444
      ],
      [
       13.0561111,
       46.5975
      ],
      [
       13.0275,
       46.5975
      ],
      [
       13.0016667,
       46.6022222
      ],
      [
       12.9741667,
       46.6027778
      ],
      [
       12.9338889,
       46.6083333
      ],
      [
       12.905,
       46.6075
      ],
      [
       12.8777778,
       46.6091667
      ],
      [
       12.8419444,
       46.6069444
      ],
      [
       12.8372222,
       46.6272222
      ],
      [
       12.8105556,
       46.6311111
      ],
      [
       12.7755556,
       46.6466667
      ],
      [
       12.7466667,
       46.6422222
      ],
      [
       12.7194444,
       46.6438889
      ],
      [
       12.6961111,
       46.6530556
      ],
      [
       12.6694444,
       46.6572222
      ],
      [
       12.6416667,
       46.6519444
      ],
      [
       12.6191667,
       46.6619444
      ],
      [
       12.5861111,
       46.6563889
      ],
      [
       12.5597222,
       46.6533333
      ],
      [
       12.5366667,
       46.6675
      ],
      [
       12.5158333,
       46.6786111
      ],
      [
       12.4875,
       46.6772222
      ],
      [
       12.4625,
       46.6866667
      ],
      [
       12.4369444,
       46.6919444
      ],
      [
       12.4138889,
       46.7008333
      ],
      [
       12.3938889,
       46.7125
      ],
      [
       12.3758333,
       46.7325
      ],
      [
       12.3666667,
       46.7497222
      ],
      [
       12.3591667,
       46.7677778
      ],
      [
       12.3372222,
       46.7786111
      ],
      [
       12.3088889,
       46.785
      ],
      [
       12.2805556,
       46.7894444
      ],
      [
       12.2888889,
       46.8086111
      ],
      [
       12.2955556,
       46.8263889
      ],
      [
       12.2955556,
       46.8463889
      ],
      [
       12.2902778,
       46.8641667
      ],
      [
       12.2775,
       46.88
      ],
      [
       12.2536111,
       46.8886111
      ],
      [
       12.2277778,
       46.8786111
      ],
      [
       12.2027778,
       46.8861111
      ],
      [
       12.1944444,
       46.9033333
      ],
      [
       12.1616667,
       46.9069444
      ],
      [
       12.1616667,
       46.9069444
      ],
      [
       12.1613889,
       46.9297222
      ],
      [
       12.1608333,
       46.9480556
      ],
      [
       12.1355556,
       46.9602778
      ],
      [
       12.1372222,
       46.9794444
      ],
      [
       12.1258333,
       46.9972222
      ],
      [
       12.1311111,
       47.0158333
      ],
      [
       12.1555556,
       47.0227778
      ],
      [
       12.1819444,
       47.025
      ],
      [
       12.2077778,
       47.0316667
      ],
      [
       12.2166667,
       47.05
      ],
      [
       12.2333333,
       47.0647222
      ],
      [
       12.2238889,
       47.0833333
      ],
      [
       12.1980556,
       47.0886111
      ],
      [
       12.1705556,
       47.0872222
      ],
      [
       12.1461111,
       47.0802778
      ],
      [
       12.1188889,
       47.0733333
      ],
      [
       12.0922222,
       47.0761111
      ],
      [
       12.0766667,
       47.0588889
      ],
      [
       12.0488889,
       47.0611111
      ],
      [
       12.0277778,
       47.05
      ],
      [
       11.9944444,
       47.0494444
      ],
      [
       11.9686111,
       47.0405556
      ],
      [
       11.9430556,
       47.0358333
      ],
      [
       11.9155556,
       47.0325
      ],
      [
       11.8952778,
       47.0205556
      ],
      [
       11.8716667,
       47.0105556
      ],
      [
       11.8475,
       47.0008333
      ],
      [
       11.8155556,
       46.99
      ],
      [
       11.7891667,
       46.9902778
      ],
      [
       11.7816667,
       46.9925
      ],
      [
       12.0972222,
       47.2916667
      ]
     ]
    ]
   }
  },
  {
   "type": "Feature",
   "properties": {
    "ll": {
     "value": 9500,
     "unit": 1,
     "referenceDatum": 1
    },
    "ul": {
     "value": 195,
     "unit": 6,
     "referenceDatum": 2
    },
    "_id": "6319941bd9f1e6a2b5f8ddd7",
    "name": "CTA N",
    "type": 0,
    "icao": 3,
    "bnd": [
     [
      47.7019444,
      13.1663889
     ],
     [
      49.0183333,
      15.9855556
     ]
    ]
   },
   "geometry": {
    "type": "Polygon",
    "coordinates": [
     [
      [
       15.9855556,
       48.7869444
      ],
      [
       15.9775,
       48.7908333
      ],
      [
       15.95,
       48.8052778
      ],
      [
       15.9561111,
       48.8238889
      ],
      [
       15.9302778,
       48.8344444
      ],
      [
       15.9038889,
       48.8411111
      ],
      [
       15.8733333,
       48.8538889
      ],
      [
       15.8461111,
       48.8583333
      ],
      [
       15.8366667,
       48.8763889
      ],
      [
       15.8080556,
       48.8725
      ],
      [
       15.7741667,
       48.8677778
      ],
      [
       15.7536111,
       48.8522222
      ],
      [
       15.7261111,
       48.8561111
      ],
      [
       15.6902778,
       48.8558333
      ],
      [
       15.6702778,
       48.8688889
      ],
      [
       15.6530556,
       48.8830556
      ],
      [
       15.6258333,
       48.8908333
      ],
      [
       15.5977778,
       48.8969444
      ],
      [
       15.5702778,
       48.8997222
      ],
      [
       15.5427778,
       48.9075
      ],
      [
       15.5063889,
       48.9194444
      ],
      [
       15.4986111,
       48.9386111
      ],
      [
       15.4730556,
       48.9475
      ],
      [
       15.4444444,
       48.9513889
      ],
      [
       15.4122222,
       48.9569444
      ],
      [
       15.3908333,
       48.9686111
      ],
      [
       15.3691667,
       48.9802778
      ],
      [
       15.3408333,
       48.9836111
      ],
      [
       15.3094444,
       48.9797222
      ],
      [
       15.2805556,
       48.9772222
      ],
      [
       15.2675,
       48.9572222
      ],
      [
       15.2386111,
       48.9575
      ],
      [
       15.2088889,
       48.9555556
      ],
      [
       15.1869444,
       48.9441667
      ],
      [
       15.1630556,
       48.9575
      ],
      [
       15.1630556,
       48.9758333
      ],
      [
       15.1558333,
       48.9933333
      ],
      [
       15.1216667,
       48.9975
      ],
      [
       15.0919444,
       48.9972222
      ],
      [
       15.0644444,
       48.9997222
      ],
      [
       15.0461111,
       49.0130556
      ],
      [
       15.0152778,
       49.0183333
      ],
      [
       14.9913889,
       49.0086111
      ],
      [
       14.9936111,
       48.9897222
      ],
      [
       14.9783333,
       48.9747222
      ],
      [
       14.9766667,
       48.9555556
      ],
      [
       14.9797222,
       48.9275
      ],
      [
       14.9908333,
       48.9086111
      ],
      [
       14.9836111,
       48.8908333
      ],
      [
       14.9727778,
       48.8633333
      ],
      [
       14.9719444,
       48.8419444
      ],
      [
       14.9697222,
       48.8238889
      ],
      [
       14.9605556,
       48.8044444
      ],
      [
       14.9641667,
       48.7858333
      ],
      [
       14.9741667,
       48.7683333
      ],
      [
       14.9469444,
       48.7619444
      ],
      [
       14.9194444,
       48.7683333
      ],
      [
       14.8930556,
       48.7725
      ],
      [
       14.8630556,
       48.7769444
      ],
      [
       14.835,
       48.7816667
      ],
      [
       14.8083333,
       48.7775
      ],
      [
       14.81,
       48.7591667
      ],
      [
       14.8033333,
       48.7416667
      ],
      [
       14.7913889,
       48.7247222
      ],
      [
       14.7730556,
       48.7113889
      ],
      [
       14.7408333,
       48.7013889
      ],
      [
       14.7258333,
       48.6830556
      ],
      [
       14.7177778,
       48.665
      ],
      [
       14.7222222,
       48.6383333
      ],
      [
       14.7141667,
       48.6175
      ],
      [
       14.7141667,
       48.5977778
      ],
      [
       14.6913889,
       48.585
      ],
      [
       14.6633333,
       48.5819444
      ],
      [
       14.6488889,
       48.6077778
      ],
      [
       14.6216667,
       48.6141667
      ],
      [
       14.6033333,
       48.6280556
      ],
      [
       14.5808333,
       48.6169444
      ],
      [
       14.5572222,
       48.6058333
      ],
      [
       14.5313889,
       48.6147222
      ],
      [
       14.5038889,
       48.6169444
      ],
      [
       14.4908333,
       48.6327778
      ],
      [
       14.4697222,
       48.6483333
      ],
      [
       14.4452778,
       48.6380556
      ],
      [
       14.4472222,
       48.6197222
      ],
      [
       14.4419444,
       48.6002778
      ],
      [
       14.4158333,
       48.5922222
      ],
      [
       14.3861111,
       48.5927778
      ],
      [
       14.3797222,
       48.5691667
      ],
      [
       14.3533333,
       48.5627778
      ],
      [
       14.3261111,
       48.5577778
      ],
      [
       14.2997222,
       48.5669444
      ],
      [
       14.2713889,
       48.5811111
      ],
      [
       14.2372222,
       48.5813889
      ],
      [
       14.2083333,
       48.5880556
      ],
      [
       14.18,
       48.5925
      ],
      [
       14.1530556,
       48.5958333
      ],
      [
       14.1230556,
       48.5930556
      ],
      [
       14.0972222,
       48.5997222
      ],
      [
       14.0691667,
       48.5955556
      ],
      [
       14.0516667,
       48.6094444
      ],
      [
       14.0480556,
       48.6275
      ],
      [
       14.0205556,
       48.6338889
      ],
      [
       14.0258333,
       48.6522222
      ],
      [
       14.0530556,
       48.6527778
      ],
      [
       14.0497222,
       48.6752778
      ],
      [
       14.0252778,
       48.6891667
      ],
      [
       14.0097222,
       48.7047222
      ],
      [
       13.9813889,
       48.7097222
      ],
      [
       13.9558333,
       48.7172222
      ],
      [
       13.9333333,
       48.7286111
      ],
      [
       13.9163889,
       48.7425
      ],
      [
       13.8955556,
       48.7569444
      ],
      [
       13.8683333,
       48.7697222
      ],
      [
       13.8394444,
       48.7716667
      ],
      [
       13.8205556,
       48.7430556
      ],
      [
       13.8080556,
       48.7261111
      ],
      [
       13.8119444,
       48.7072222
      ],
      [
       13.8375,
       48.7005556
      ],
      [
       13.8136111,
       48.6905556
      ],
      [
       13.8197222,
       48.6705556
      ],
      [
       13.8141667,
       48.65
      ],
      [
       13.8255556,
       48.6311111
      ],
      [
       13.8144444,
       48.6130556
      ],
      [
       13.8022222,
       48.5963889
      ],
      [
       13.8038889,
       48.5786111
      ],
      [
       13.7827778,
       48.5658333
      ],
      [
       13.7555556,
       48.565
      ],
      [
       13.7463889,
       48.5466667
      ],
      [
       13.7430556,
       48.5283333
      ],
      [
       13.7272222,
       48.5130556
      ],
      [
       13.6980556,
       48.5230556
      ],
      [
       13.6655556,
       48.5336111
      ],
      [
       13.6522222,
       48.5494444
      ],
      [
       13.6225,
       48.5555556
      ],
      [
       13.5925,
       48.5697222
      ],
      [
       13.5669444,
       48.5619444
      ],
      [
       13.5438889,
       48.5744444
      ],
      [
       13.5052778,
       48.5880556
      ],
      [
       13.4944444,
       48.5694444
      ],
      [
       13.4752778,
       48.5561111
      ],
      [
       13.45,
       48.5638889
      ],
      [
       13.44,
       48.5469444
      ],
      [
       13.445,
       48.5286111
      ],
      [
       13.4575,
       48.5102778
      ],
      [
       13.4466667,
       48.4911111
      ],
      [
       13.4302778,
       48.4638889
      ],
      [
       13.4344444,
       48.4447222
      ],
      [
       13.435,
       48.4241667
      ],
      [
       13.4208333,
       48.4022222
      ],
      [
       13.4141667,
       48.3780556
      ],
      [
       13.3916667,
       48.3647222
      ],
      [
       13.3655556,
       48.3519444
      ],
      [
       13.3477778,
       48.3361111
      ],
      [
       13.3211111,
       48.3191667
      ],
      [
       13.2922222,
       48.3075
      ],
      [
       13.2566667,
       48.2936111
      ],
      [
       13.2230556,
       48.2941667
      ],
      [
       13.1941667,
       48.2955556
      ],
      [
       13.1663889,
       48.2913889
      ],
      [
       13.1666667,
       48.1672222
      ],
      [
       13.3675,
       48.1672222
      ],
      [
       13.5,
       47.9369444
      ],
      [
       13.5,
       47.8705556
      ],
      [
       14.2933333,
       47.87
      ],
      [
       14.3994444,
       47.8147222
      ],
      [
       14.5213889,
       47.7019444
      ],
      [
       14.8113889,
       47.7063889
      ],
      [
       14.6658333,
       47.8327778
      ],
      [
       15.5833333,
       47.8333333
      ],
      [
       15.6594444,
       47.8738889
      ],
      [
       15.3863889,
       48.1266667
      ],
      [
       15.4077778,
       48.2863889
      ],
      [
       15.7247222,
       48.7338889
      ],
      [
       15.9855556,
       48.7869444
      ]
     ]
    ]
   }
  },
  {
   "type": "Feature",
   "properties": {
    "ll": {
     "value": 195,
     "unit": 6,
     "referenceDatum": 2
    },
    "ul": {
     "value": 245,
     "unit": 6,
     "referenceDatum": 2
    },
    "_id": "6319941bd9f1e6a2b5f8dde1",
    "name": "CTA N",
    "type": 0,
    "icao": 2,
    "bnd": [
     [
      47.7019444,
      13.1663889
     ],
     [
      49.0183333,
      15.9855556
     ]
    ]
   },
   "geometry": {
    "type": "Polygon",
    "coordinates": [
     [
      [
       15.9855556,
       48.7869444
      ],
      [
       15.9775,
       48.7908333
      ],
      [
       15.95,
       48.8052778
      ],
      [
       15.9561111,
       48.8238889
      ],
      [
       15.9302778,
       48.8344444
      ],
      [
       15.9038889,
       48.8411111
      ],
      [
       15.8733333,
       48.8538889
      ],
      [
       15.8461111,
       48.8583333
      ],
      [
       15.8366667,
       48.8763889
      ],
      [
       15.8080556,
       48.8725
      ],
      [
       15.7741667,
       48.8677778
      ],
      [
       15.7536111,
       48.8522222
      ],
      [
       15.7261111,
       48.8561111
      ],
      [
       15.6902778,
       48.8558333
      ],
      [
       15.6702778,
       48.8688889
      ],
      [
       15.6530556,
       48.8830556
      ],
      [
       15.6258333,
       48.8908333
      ],
      [
       15.5977778,
       48.8969444
      ],
      [
       15.5702778,
       48.8997222
      ],
      [
       15.5427778,
       48.9075
      ],
      [
       15.5063889,
       48.9194444
      ],
      [
       15.4986111,
       48.9386111
      ],
      [
       15.4730556,
       48.9475
      ],
      [
       15.4444444,
       48.9513889
      ],
      [
       15.4122222,
       48.9569444
      ],
      [
       15.3908333,
       48.9686111
      ],
      [
       15.3691667,
       48.9802778
      ],
      [
       15.3408333,
       48.9836111
      ],
      [
       15.3094444,
       48.9797222
      ],
      [
       15.2805556,
       48.9772222
      ],
      [
       15.2675,
       48.9572222
      ],
      [
       15.2386111,
       48.9575
      ],
      [
       15.2088889,
       48.9555556
      ],
      [
       15.1869444,
       48.9441667
      ],
      [
       15.1630556,
       48.9575
      ],
      [
       15.1630556,
       48.9758333
      ],
      [
       15.1558333,
       48.9933333
      ],
      [
       15.1216667,
       48.9975
      ],
      [
       15.0919444,
       48.9972222
      ],
      [
       15.0644444,
       48.9997222
      ],
      [
       15.0461111,
       49.0130556
      ],
      [
       15.0152778,
       49.0183333
      ],
      [
       14.9913889,
       49.0086111
      ],
      [
       14.9936111,
       48.9897222
      ],
      [
       14.9783333,
       48.9747222
      ],
      [
       14.9766667,
       48.9555556
      ],
      [
       14.9797222,
       48.9275
      ],
      [
       14.9908333,
       48.9086111
      ],
      [
       14.9836111,
       48.8908333
      ],
      [
       14.9727778,
       48.8633333
      ],
      [
       14.9719444,
       48.8419444
      ],
      [
       14.9697222,
       48.8238889
      ],
      [
       14.9605556,
       48.8044444
      ],
      [
       14.9641667,
       48.7858333
      ],
      [
       14.9741667,
       48.7683333
      ],
      [
       14.9469444,
       48.7619444
      ],
      [
       14.9194444,
       48.7683333
      ],
      [
       14.8930556,
       48.7725
      ],
      [
       14.8630556,
       48.7769444
      ],
      [
       14.835,
       48.7816667
      ],
      [
       14.8083333,
       48.7775
      ],
      [
       14.81,
       48.7591667
      ],
      [
       14.8033333,
       48.7416667
      ],
      [
       14.7913889,
       48.7247222
      ],
      [
       14.7730556,
       48.7113889
      ],
      [
       14.7408333,
       48.7013889
      ],
      [
       14.7258333,
       48.6830556
      ],
      [
       14.7177778,
       48.665
      ],
      [
       14.7222222,
       48.6383333
      ],
      [
       14.7141667,
       48.6175
      ],
      [
       14.7141667,
       48.5977778
      ],
      [
       14.6913889,
       48.585
      ],
      [
       14.6633333,
       48.5819444
      ],
      [
       14.6488889,
       48.6077778
      ],
      [
       14.6216667,
       48.6141667
      ],
      [
       14.6033333,
       48.6280556
      ],
      [
       14.5808333,
       48.6169444
      ],
      [
       14.5572222,
       48.6058333
      ],
      [
       14.5313889,
       48.6147222
      ],
      [
       14.5038889,
       48.6169444
      ],
      [
       14.4908333,
       48.6327778
      ],
      [
       14.4697222,
       48.6483333
      ],
      [
       14.4452778,
       48.6380556
      ],
      [
       14.4472222,
       48.6197222
      ],
      [
       14.4419444,
       48.6002778
      ],
      [
       14.4158333,
       48.5922222
      ],
      [
       14.3861111,
       48.5927778
      ],
      [
       14.3797222,
       48.5691667
      ],
      [
       14.3533333,
       48.5627778
      ],
      [
       14.3261111,
       48.5577778
      ],
      [
       14.2997222,
       48.5669444
      ],
      [
       14.2713889,
       48.5811111
      ],
      [
       14.2372222,
       48.5813889
      ],
      [
       14.2083333,
       48.5880556
      ],
      [
       14.18,
       48.5925
      ],
      [
       14.1530556,
       48.5958333
      ],
      [
       14.1230556,
       48.5930556
      ],
      [
       14.0972222,
       48.5997222
      ],
      [
       14.0691667,
       48.5955556
      ],
      [
       14.0516667,
       48.6094444
      ],
      [
       14.0480556,
       48.6275
      ],
      [
       14.0205556,
       48.6338889
      ],
      [
       14.0258333,
       48.6522222
      ],
      [
       14.0530556,
       48.6527778
      ],
      [
       14.0497222,
       48.6752778
      ],
      [
       14.0252778,
       48.6891667
      ],
      [
       14.0097222,
       48.7047222
      ],
      [
       13.9813889,
       48.7097222
      ],
      [
       13.9558333,
       48.7172222
      ],
      [
       13.9333333,
       48.7286111
      ],
      [
       13.9163889,
       48.7425
      ],
      [
       13.8955556,
       48.7569444
      ],
      [
       13.8683333,
       48.7697222
      ],
      [
       13.8394444,
       48.7716667
      ],
      [
       13.8205556,
       48.7430556
      ],
      [
       13.8080556,
       48.7261111
      ],
      [
       13.8119444,
       48.7072222
      ],
      [
       13.8375,
       48.7005556
      ],
      [
       13.8136111,
       48.6905556
      ],
      [
       13.8197222,
       48.6705556
      ],
      [
       13.8141667,
       48.65
      ],
      [
       13.8255556,
       48.6311111
      ],
      [
       13.8144444,
       48.6130556
      ],
      [
       13.8022222,
       48.5963889
      ],
      [
       13.8038889,
       48.5786111
      ],
      [
       13.7827778,
       48.5658333
      ],
      [
       13.7555556,
       48.565
      ],
      [
       13.7463889,
       48.5466667
      ],
      [
       13.7430556,
       48.5283333
      ],
      [
       13.7272222,
       48.5130556
      ],
      [
       13.6980556,
       48.5230556
      ],
      [
       13.6655556,
       48.5336111
      ],
      [
       13.6522222,
       48.5494444
      ],
      [
       13.6225,
       48.5555556
      ],
      [
       13.5925,
       48.5697222
      ],
      [
       13.5669444,
       48.5619444
      ],
      [
       13.5438889,
       48.5744444
      ],
      [
       13.5052778,
       48.5880556
      ],
      [
       13.4944444,
       48.5694444
      ],
      [
       13.4752778,
       48.5561111
      ],
      [
       13.45,
       48.5638889
      ],
      [
       13.44,
       48.5469444
      ],
      [
       13.445,
       48.5286111
      ],
      [
       13.4575,
       48.5102778
      ],
      [
       13.4466667,
       48.4911111
      ],
      [
       13.4302778,
       48.4638889
      ],
      [
       13.4344444,
       48.4447222
      ],
      [
       13.435,
       48.4241667
      ],
      [
       13.4208333,
       48.4022222
      ],
      [
       13.4141667,
       48.3780556
      ],
      [
       13.3916667,
       48.3647222
      ],
      [
       13.3655556,
       48.3519444
      ],
      [
       13.3477778,
       48.3361111
      ],
      [
       13.3211111,
       48.3191667
      ],
      [
       13.2922222,
       48.3075
      ],
      [
       13.2566667,
       48.2936111
      ],
      [
       13.2230556,
       48.2941667
      ],
      [
       13.1941667,
       48.2955556
      ],
      [
       13.1663889,
       48.2913889
      ],
      [
       13.1666667,
       48.1672222
      ],
      [
       13.3675,
       48.1672222
      ],
      [
       13.5,
       47.9369444
      ],
      [
       13.5,
       47.8705556
      ],
      [
       14.2933333,
       47.87
      ],
      [
       14.3994444,
       47.8147222
      ],
      [
       14.5213889,
       47.7019444
      ],
      [
       14.8113889,
       47.7063889
      ],
      [
       14.6658333,
       47.8327778
      ],
      [
       15.5833333,
       47.8333333
      ],
      [
       15.6594444,
       47.8738889
      ],
      [
       15.3863889,
       48.1266667
      ],
      [
       15.4077778,
       48.2863889
      ],
      [
       15.7247222,
       48.7338889
      ],
      [
       15.9855556,
       48.7869444
      ]
     ]
    ]
   }
  },
  {
   "type": "Feature",
   "properties": {
    "ll": {
     "value": 9500,
     "unit": 1,
     "referenceDatum": 1
    },
    "ul": {
     "value": 195,
     "unit": 6,
     "referenceDatum": 2
    },
    "_id": "6319941cd9f1e6a2b5f8ddeb",
    "name": "CTA S",
    "type": 0,
    "icao": 3,
    "bnd": [
     [
      46.3722222,
      13.6152778
     ],
     [
      47.8738889,
      16.5266667
     ]
    ]
   },
   "geometry": {
    "type": "Polygon",
    "coordinates": [
     [
      [
       16.4425,
       47.2369444
      ],
      [
       16.4347222,
       47.2394444
      ],
      [
       16.2683333,
       47.2938889
      ],
      [
       16.1047222,
       47.4511111
      ],
      [
       16.0502778,
       47.5027778
      ],
      [
       15.6594444,
       47.8738889
      ],
      [
       15.5833333,
       47.8333333
      ],
      [
       15.4563889,
       47.5344444
      ],
      [
       15.4008333,
       47.5286111
      ],
      [
       15.095,
       47.4952778
      ],
      [
       15,
       47.4847222
      ],
      [
       14.7541667,
       47.1916667
      ],
      [
       14.2125,
       46.9833333
      ],
      [
       14.0425,
       47.12
      ],
      [
       14.0236111,
       47.1352778
      ],
      [
       13.9694444,
       47.1819444
      ],
      [
       13.6519444,
       46.8319444
      ],
      [
       13.6152778,
       46.7055556
      ],
      [
       13.6894444,
       46.6236111
      ],
      [
       13.7141667,
       46.5230556
      ],
      [
       13.7466667,
       46.5163889
      ],
      [
       13.7780556,
       46.5172222
      ],
      [
       13.8011111,
       46.5066667
      ],
      [
       13.8275,
       46.5133333
      ],
      [
       13.8541667,
       46.5141667
      ],
      [
       13.8802778,
       46.52
      ],
      [
       13.9075,
       46.5197222
      ],
      [
       13.9319444,
       46.5136111
      ],
      [
       13.96,
       46.5030556
      ],
      [
       13.9836111,
       46.4944444
      ],
      [
       14.0066667,
       46.4811111
      ],
      [
       14.0347222,
       46.4908333
      ],
      [
       14.0655556,
       46.4894444
      ],
      [
       14.0913889,
       46.4858333
      ],
      [
       14.1175,
       46.4775
      ],
      [
       14.1330556,
       46.4611111
      ],
      [
       14.1480556,
       46.4433333
      ],
      [
       14.1730556,
       46.4341667
      ],
      [
       14.1977778,
       46.4408333
      ],
      [
       14.2277778,
       46.4352778
      ],
      [
       14.2538889,
       46.4369444
      ],
      [
       14.2786111,
       46.4430556
      ],
      [
       14.3025,
       46.4358333
      ],
      [
       14.3325,
       46.4319444
      ],
      [
       14.3569444,
       46.4388889
      ],
      [
       14.3861111,
       46.4402778
      ],
      [
       14.4116667,
       46.4455556
      ],
      [
       14.4383333,
       46.4430556
      ],
      [
       14.4419444,
       46.4241667
      ],
      [
       14.4677778,
       46.4213889
      ],
      [
       14.4941667,
       46.4152778
      ],
      [
       14.5219444,
       46.4247222
      ],
      [
       14.5408333,
       46.4063889
      ],
      [
       14.5544444,
       46.3905556
      ],
      [
       14.5652778,
       46.3722222
      ],
      [
       14.5825,
       46.3872222
      ],
      [
       14.5883333,
       46.4055556
      ],
      [
       14.5866667,
       46.4275
      ],
      [
       14.6075,
       46.4391667
      ],
      [
       14.6369444,
       46.4408333
      ],
      [
       14.6627778,
       46.4461111
      ],
      [
       14.6758333,
       46.4616667
      ],
      [
       14.7022222,
       46.4669444
      ],
      [
       14.7108333,
       46.4855556
      ],
      [
       14.7330556,
       46.4955556
      ],
      [
       14.7591667,
       46.5041667
      ],
      [
       14.7847222,
       46.4988889
      ],
      [
       14.8188889,
       46.5108333
      ],
      [
       14.8227778,
       46.5322222
      ],
      [
       14.8322222,
       46.5483333
      ],
      [
       14.8330556,
       46.5513889
      ],
      [
       14.8380556,
       46.5688889
      ],
      [
       14.8555556,
       46.5855556
      ],
      [
       14.8672222,
       46.6044444
      ],
      [
       14.8952778,
       46.6105556
      ],
      [
       14.9216667,
       46.6141667
      ],
      [
       14.9444444,
       46.6230556
      ],
      [
       14.9711111,
       46.6247222
      ],
      [
       14.98,
       46.6019444
      ],
      [
       14.9944444,
       46.6172222
      ],
      [
       15.0094444,
       46.6330556
      ],
      [
       15.03,
       46.6452778
      ],
      [
       15.0577778,
       46.6522222
      ],
      [
       15.0861111,
       46.6494444
      ],
      [
       15.1105556,
       46.6597222
      ],
      [
       15.1336111,
       46.6563889
      ],
      [
       15.1377778,
       46.6572222
      ],
      [
       15.1641667,
       46.6572222
      ],
      [
       15.1911111,
       46.6491667
      ],
      [
       15.2161111,
       46.6433333
      ],
      [
       15.2433333,
       46.6416667
      ],
      [
       15.2622222,
       46.6447222
      ],
      [
       15.2455556,
       46.7166667
      ],
      [
       15.1886111,
       46.9822222
      ],
      [
       15.1861111,
       46.995
      ],
      [
       15.1666667,
       47.0833333
      ],
      [
       15.1747222,
       47.0877778
      ],
      [
       15.2152778,
       47.1111111
      ],
      [
       15.2108333,
       47.1366667
      ],
      [
       15.205,
       47.17
      ],
      [
       15.1866667,
       47.275
      ],
      [
       15.245,
       47.3105556
      ],
      [
       15.2825,
       47.3152778
      ],
      [
       15.2561111,
       47.4283333
      ],
      [
       15.4202778,
       47.4461111
      ],
      [
       15.6327778,
       47.4688889
      ],
      [
       15.7397222,
       47.0847222
      ],
      [
       15.9211111,
       47.0591667
      ],
      [
       15.9855556,
       46.8272222
      ],
      [
       16.0138889,
       46.8361111
      ],
      [
       16.0411111,
       46.84
      ],
      [
       16.0658333,
       46.8461111
      ],
      [
       16.0875,
       46.8591667
      ],
      [
       16.1138889,
       46.8691667
      ],
      [
       16.1377778,
       46.8825
      ],
      [
       16.1558333,
       46.8963889
      ],
      [
       16.1788889,
       46.9066667
      ],
      [
       16.1897222,
       46.9283333
      ],
      [
       16.2113889,
       46.9405556
      ],
      [
       16.2366667,
       46.9461111
      ],
      [
       16.25,
       46.9616667
      ],
      [
       16.2775,
       46.9688889
      ],
      [
       16.2794444,
       46.9888889
      ],
      [
       16.3044444,
       46.9991667
      ],
      [
       16.3322222,
       46.9997222
      ],
      [
       16.3561111,
       47.0075
      ],
      [
       16.3833333,
       46.9986111
      ],
      [
       16.4122222,
       47.0044444
      ],
      [
       16.4347222,
       46.9933333
      ],
      [
       16.4594444,
       47.0016667
      ],
      [
       16.4833333,
       46.9938889
      ],
      [
       16.5063889,
       47.0058333
      ],
      [
       16.4836111,
       47.0180556
      ],
      [
       16.4663889,
       47.0316667
      ],
      [
       16.4408333,
       47.0363889
      ],
      [
       16.4713889,
       47.045
      ],
      [
       16.4980556,
       47.0486111
      ],
      [
       16.5205556,
       47.0616667
      ],
      [
       16.4966667,
       47.0702778
      ],
      [
       16.4708333,
       47.0775
      ],
      [
       16.4633333,
       47.095
      ],
      [
       16.4827778,
       47.1088889
      ],
      [
       16.5,
       47.1233333
      ],
      [
       16.5266667,
       47.1369444
      ],
      [
       16.5075,
       47.1494444
      ],
      [
       16.4805556,
       47.1461111
      ],
      [
       16.4541667,
       47.1422222
      ],
      [
       16.4602778,
       47.1613889
      ],
      [
       16.4602778,
       47.1613889
      ],
      [
       16.455,
       47.1875
      ],
      [
       16.455,
       47.1875
      ],
      [
       16.4194444,
       47.2008333
      ],
      [
       16.435,
       47.2155556
      ],
      [
       16.4425,
       47.2369444
      ]
     ]
    ]
   }
  },
  {
   "type": "Feature",
   "properties": {
    "ll": {
     "value": 195,
     "unit": 6,
     "referenceDatum": 2
    },
    "ul": {
     "value": 245,
     "unit": 6,
     "referenceDatum": 2
    },
    "_id": "6319941cd9f1e6a2b5f8ddf5",
    "name": "CTA S",
    "type": 0,
    "icao": 2,
    "bnd": [
     [
      46.3722222,
      13.6152778
     ],
     [
      47.8738889,
      16.5266667
     ]
    ]
   },
   "geometry": {
    "type": "Polygon",
    "coordinates": [
     [
      [
       16.4425,
       47.2369444
      ],
      [
       16.4347222,
       47.2394444
      ],
      [
       16.2683333,
       47.2938889
      ],
      [
       16.1047222,
       47.4511111
      ],
      [
       16.0502778,
       47.5027778
      ],
      [
       15.6594444,
       47.8738889
      ],
      [
       15.5833333,
       47.8333333
      ],
      [
       15.4563889,
       47.5344444
      ],
      [
       15.4008333,
       47.5286111
      ],
      [
       15.095,
       47.4952778
      ],
      [
       15,
       47.4847222
      ],
      [
       14.7541667,
       47.1916667
      ],
      [
       14.2125,
       46.9833333
      ],
      [
       14.0425,
       47.12
      ],
      [
       14.0236111,
       47.1352778
      ],
      [
       13.9694444,
       47.1819444
      ],
      [
       13.6519444,
       46.8319444
      ],
      [
       13.6152778,
       46.7055556
      ],
      [
       13.6894444,
       46.6236111
      ],
      [
       13.7141667,
       46.5230556
      ],
      [
       13.7466667,
       46.5163889
      ],
      [
       13.7780556,
       46.5172222
      ],
      [
       13.8011111,
       46.5066667
      ],
      [
       13.8275,
       46.5133333
      ],
      [
       13.8541667,
       46.5141667
      ],
      [
       13.8802778,
       46.52
      ],
      [
       13.9075,
       46.5197222
      ],
      [
       13.9319444,
       46.5136111
      ],
      [
       13.96,
       46.5030556
      ],
      [
       13.9836111,
       46.4944444
      ],
      [
       14.0066667,
       46.4811111
      ],
      [
       14.0347222,
       46.4908333
      ],
      [
       14.0655556,
       46.4894444
      ],
      [
       14.0913889,
       46.4858333
      ],
      [
       14.1175,
       46.4775
      ],
      [
       14.1330556,
       46.4611111
      ],
      [
       14.1480556,
       46.4433333
      ],
      [
       14.1730556,
       46.4341667
      ],
      [
       14.1977778,
       46.4408333
      ],
      [
       14.2277778,
       46.4352778
      ],
      [
       14.2538889,
       46.4369444
      ],
      [
       14.2786111,
       46.4430556
      ],
      [
       14.3025,
       46.4358333
      ],
      [
       14.3325,
       46.4319444
      ],
      [
       14.3569444,
       46.4388889
      ],
      [
       14.3861111,
       46.4402778
      ],
      [
       14.4116667,
       46.4455556
      ],
      [
       14.4383333,
       46.4430556
      ],
      [
       14.4419444,
       46.4241667
      ],
      [
       14.4677778,
       46.4213889
      ],
      [
       14.4941667,
       46.4152778
      ],
      [
       14.5219444,
       46.4247222
      ],
      [
       14.5408333,
       46.4063889
      ],
      [
       14.5544444,
       46.3905556
      ],
      [
       14.5652778,
       46.3722222
      ],
      [
       14.5825,
       46.3872222
      ],
      [
       14.5883333,
       46.4055556
      ],
      [
       14.5866667,
       46.4275
      ],
      [
       14.6075,
       46.4391667
      ],
      [
       14.6369444,
       46.4408333
      ],
      [
       14.6627778,
       46.4461111
      ],
      [
       14.6758333,
       46.4616667
      ],
      [
       14.7022222,
       46.4669444
      ],
      [
       14.7108333,
       46.4855556
      ],
      [
       14.7330556,
       46.4955556
      ],
      [
       14.7591667,
       46.5041667
      ],
      [
       14.7847222,
       46.4988889
      ],
      [
       14.8188889,
       46.5108333
      ],
      [
       14.8227778,
       46.5322222
      ],
      [
       14.8322222,
       46.5483333
      ],
      [
       14.8330556,
       46.5513889
      ],
      [
       14.8380556,
       46.5688889
      ],
      [
       14.8555556,
       46.5855556
      ],
      [
       14.8672222,
       46.6044444
      ],
      [
       14.8952778,
       46.6105556
      ],
      [
       14.9216667,
       46.6141667
      ],
      [
       14.9444444,
       46.6230556
      ],
      [
       14.9711111,
       46.6247222
      ],
      [
       14.98,
       46.6019444
      ],
      [
       14.9944444,
       46.6172222
      ],
      [
       15.0094444,
       46.6330556
      ],
      [
       15.03,
       46.6452778
      ],
      [
       15.0577778,
       46.6522222
      ],
      [
       15.0861111,
       46.6494444
      ],
      [
       15.1105556,
       46.6597222
      ],
      [
       15.1336111,
       46.6563889
      ],
      [
       15.1377778,
       46.6572222
      ],
      [
       15.1641667,
       46.6572222
      ],
      [
       15.1911111,
       46.6491667
      ],
      [
       15.2161111,
       46.6433333
      ],
      [
       15.2433333,
       46.6416667
      ],
      [
       15.2622222,
       46.6447222
      ],
      [
       15.2455556,
       46.7166667
      ],
      [
       15.1886111,
       46.9822222
      ],
      [
       15.1861111,
       46.995
      ],
      [
       15.1666667,
       47.0833333
      ],
      [
       15.1747222,
       47.0877778
      ],
      [
       15.2152778,
       47.1111111
      ],
      [
       15.2108333,
       47.1366667
      ],
      [
       15.205,
       47.17
      ],
      [
       15.1866667,
       47.275
      ],
      [
       15.245,
       47.3105556
      ],
      [
       15.2825,
       47.3152778
      ],
      [
       15.2561111,
       47.4283333
      ],
      [
       15.4202778,
       47.4461111
      ],
      [
       15.6327778,
       47.4688889
      ],
      [
       15.7397222,
       47.0847222
      ],
      [
       15.9211111,
       47.0591667
      ],
      [
       15.9855556,
       46.8272222
      ],
      [
       16.0138889,
       46.8361111
      ],
      [
       16.0411111,
       46.84
      ],
      [
       16.0658333,
       46.8461111
      ],
      [
       16.0875,
       46.8591667
      ],
      [
       16.1138889,
       46.8691667
      ],
      [
       16.1377778,
       46.8825
      ],
      [
       16.1558333,
       46.8963889
      ],
      [
       16.1788889,
       46.9066667
      ],
      [
       16.1897222,
       46.9283333
      ],
      [
       16.2113889,
       46.9405556
      ],
      [
       16.2366667,
       46.9461111
      ],
      [
       16.25,
       46.9616667
      ],
      [
       16.2775,
       46.9688889
      ],
      [
       16.2794444,
       46.9888889
      ],
      [
       16.3044444,
       46.9991667
      ],
      [
       16.3322222,
       46.9997222
      ],
      [
       16.3561111,
       47.0075
      ],
      [
       16.3833333,
       46.9986111
      ],
      [
       16.4122222,
       47.0044444
      ],
      [
       16.4347222,
       46.9933333
      ],
      [
       16.4594444,
       47.0016667
      ],
      [
       16.4833333,
       46.9938889
      ],
      [
       16.5063889,
       47.0058333
      ],
      [
       16.4836111,
       47.0180556
      ],
      [
       16.4663889,
       47.0316667
      ],
      [
       16.4408333,
       47.0363889
      ],
      [
       16.4713889,
       47.045
      ],
      [
       16.4980556,
       47.0486111
      ],
      [
       16.5205556,
       47.0616667
      ],
      [
       16.4966667,
       47.0702778
      ],
      [
       16.4708333,
       47.0775
      ],
      [
       16.4633333,
       47.095
      ],
      [
       16.4827778,
       47.1088889
      ],
      [
       16.5,
       47.1233333
      ],
      [
       16.5266667,
       47.1369444
      ],
      [
       16.5075,
       47.1494444
      ],
      [
       16.4805556,
       47.1461111
      ],
      [
       16.4541667,
       47.1422222
      ],
      [
       16.4602778,
       47.1613889
      ],
      [
       16.4602778,
       47.1613889
      ],
      [
       16.455,
       47.1875
      ],
      [
       16.455,
       47.1875
      ],
      [
       16.4194444,
       47.2008333
      ],
      [
       16.435,
       47.2155556
      ],
      [
       16.4425,
       47.2369444
      ]
     ]
    ]
   }
  },
  {
   "type": "Feature",
   "properties": {
    "ll": {
     "value": 0,
     "unit": 1,
     "referenceDatum": 0
    },
    "ul": {
     "value": 4500,
     "unit": 1,
     "referenceDatum": 1
    },
    "_id": "6319941cd9f1e6a2b5f8ddfc",
    "name": "CTR LOWG (GRAZ TOWER:118.200)",
    "type": 4,
    "icao": 3,
    "bnd": [
     [
      46.7277778,
      15.2488889
     ],
     [
      47.135,
      15.6736111
     ]
    ]
   },
   "geometry": {
    "type": "Polygon",
    "coordinates": [
     [
      [
       15.2488889,
       47.0977778
      ],
      [
       15.2955556,
       47.1038889
      ],
      [
       15.4944444,
       47.1297222
      ],
      [
       15.5338889,
       47.135
      ],
      [
       15.5761111,
       47.1230556
      ],
      [
       15.6736111,
       46.7694444
      ],
      [
       15.3527778,
       46.7277778
      ],
      [
       15.2808333,
       46.9847222
      ],
      [
       15.2488889,
       47.0977778
      ]
     ]
    ]
   }
  },
  {
   "type": "Feature",
   "properties": {
    "ll": {
     "value": 0,
     "unit": 1,
     "referenceDatum": 0
    },
    "ul": {
     "value": 7000,
     "unit": 1,
     "referenceDatum": 1
    },
    "_id": "6319941cd9f1e6a2b5f8de09",
    "name": "CTR LOWI (INNSBRUCK TOWER:120.100)",
    "type": 4,
    "icao": 3,
    "bnd": [
     [
      47.1319444,
      11.0016667
     ],
     [
      47.4166667,
      11.8027778
     ]
    ]
   },
   "geometry": {
    "type": "Polygon",
    "coordinates": [
     [
      [
       11.7388889,
       47.4166667
      ],
      [
       11.7475,
       47.4016667
      ],
      [
       11.7511111,
       47.3944444
      ],
      [
       11.7575,
       47.3844444
      ],
      [
       11.8027778,
       47.3055556
      ],
      [
       11.4458333,
       47.2083333
      ],
      [
       11.3694444,
       47.1875
      ],
      [
       11.1680556,
       47.1319444
      ],
      [
       11.0125,
       47.1777778
      ],
      [
       11.0444444,
       47.2533333
      ],
      [
       11.0138889,
       47.2633333
      ],
      [
       11.0016667,
       47.3025
      ],
      [
       11.0236111,
       47.3213889
      ],
      [
       11.075,
       47.325
      ],
      [
       11.2205556,
       47.2897222
      ],
      [
       11.2894444,
       47.3069444
      ],
      [
       11.7388889,
       47.4166667
      ]
     ]
    ]
   }
  },
  {
   "type": "Feature",
   "properties": {
    "ll": {
     "value": 0,
     "unit": 1,
     "referenceDatum": 0
    },
    "ul": {
     "value": 4500,
     "unit": 1,
     "referenceDatum": 1
    },
    "_id": "6319941cd9f1e6a2b5f8de17",
    "name": "CTR LOWK (KLAGENFURT TOWER:118.100)",
    "type": 4,
    "icao": 3,
    "bnd": [
     [
      46.5388889,
      14.1119444
     ],
     [
      46.7638889,
      14.755
     ]
    ]
   },
   "geometry": {
    "type": "Polygon",
    "coordinates": [
     [
      [
       14.1663889,
       46.7638889
      ],
      [
       14.6283333,
       46.6691667
      ],
      [
       14.7,
       46.6686111
      ],
      [
       14.755,
       46.5911111
      ],
      [
       14.6458333,
       46.5519444
      ],
      [
       14.6111111,
       46.5388889
      ],
      [
       14.3666667,
       46.5886111
      ],
      [
       14.1569444,
       46.5861111
      ],
      [
       14.1119444,
       46.6227778
      ],
      [
       14.1175,
       46.6375
      ],
      [
       14.1288889,
       46.6669444
      ],
      [
       14.1547222,
       46.7336111
      ],
      [
       14.1663889,
       46.7638889
      ]
     ]
    ]
   }
  },
  {
   "type": "Feature",
   "properties": {
    "ll": {
     "value": 0,
     "unit": 1,
     "referenceDatum": 0
    },
    "ul": {
     "value": 2500,
     "unit": 1,
     "referenceDatum": 1
    },
    "_id": "6319941cd9f1e6a2b5f8de21",
    "name": "CTR LOWL (LINZ TOWER:118.800)",
    "type": 4,
    "icao": 3,
    "bnd": [
     [
      48.1519444,
      13.9688889
     ],
     [
      48.2880556,
      14.4077778
     ]
    ]
   },
   "geometry": {
    "type": "Polygon",
    "coordinates": [
     [
      [
       14.325,
       48.2880556
      ],
      [
       14.3686111,
       48.2680556
      ],
      [
       14.4005556,
       48.2691667
      ],
      [
       14.4077778,
       48.1625
      ],
      [
       14.0894444,
       48.1519444
      ],
      [
       14.0861111,
       48.2013889
      ],
      [
       14.0138889,
       48.2013889
      ],
      [
       13.9744444,
       48.1975
      ],
      [
       13.9688889,
       48.2763889
      ],
      [
       14.2319444,
       48.285
      ],
      [
       14.325,
       48.2880556
      ]
     ]
    ]
   }
  },
  {
   "type": "Feature",
   "properties": {
    "ll": {
     "value": 0,
     "unit": 1,
     "referenceDatum": 0
    },
    "ul": {
     "value": 7000,
     "unit": 1,
     "referenceDatum": 1
    },
    "_id": "6319941cd9f1e6a2b5f8de2b",
    "name": "CTR LOWS (SALZBURG TOWER:118.100)",
    "type": 4,
    "icao": 3,
    "bnd": [
     [
      47.6869444,
      12.845
     ],
     [
      48.0219444,
      13.1827778
     ]
    ]
   },
   "geometry": {
    "type": "Polygon",
    "coordinates": [
     [
      [
       12.845,
       48.0202778
      ],
      [
       13.0483333,
       48.0219444
      ],
      [
       13.1527778,
       47.7838889
      ],
      [
       13.1827778,
       47.7144444
      ],
      [
       13.0808333,
       47.6869444
      ],
      [
       13.0741667,
       47.6919444
      ],
      [
       13.0544444,
       47.7047222
      ],
      [
       13.0308333,
       47.7169444
      ],
      [
       13.0127778,
       47.7225
      ],
      [
       12.9422222,
       47.7711111
      ],
      [
       12.9333333,
       47.7761111
      ],
      [
       12.9383333,
       47.7833333
      ],
      [
       12.9619444,
       47.7977778
      ],
      [
       12.9769444,
       47.8155556
      ],
      [
       12.9919444,
       47.8338889
      ],
      [
       13.0013889,
       47.8544444
      ],
      [
       12.9816667,
       47.8769444
      ],
      [
       12.9652778,
       47.9022222
      ],
      [
       12.9480556,
       47.9197222
      ],
      [
       12.9388889,
       47.9380556
      ],
      [
       12.9205556,
       47.9513889
      ],
      [
       12.89,
       47.9586111
      ],
      [
       12.86,
       47.9969444
      ],
      [
       12.845,
       48.0202778
      ]
     ]
    ]
   }
  },
  {
   "type": "Feature",
   "properties": {
    "ll": {
     "value": 0,
     "unit": 1,
     "referenceDatum": 0
    },
    "ul": {
     "value": 2500,
     "unit": 1,
     "referenceDatum": 1
    },
    "_id": "6319941cd9f1e6a2b5f8de35",
    "name": "CTR LOWW (WIEN TOWER:119.400)",
    "type": 4,
    "icao": 3,
    "bnd": [
     [
      47.8594444,
      16.2166667
     ],
     [
      48.3061111,
      16.8408333
     ]
    ]
   },
   "geometry": {
    "type": "Polygon",
    "coordinates": [
     [
      [
       16.3833333,
       48.2833333
      ],
      [
       16.4833333,
       48.2833333
      ],
      [
       16.6030556,
       48.3061111
      ],
      [
       16.8408333,
       48.0777778
      ],
      [
       16.7652778,
       47.9744444
      ],
      [
       16.5619444,
       47.8594444
      ],
      [
       16.2647222,
       48.1427778
      ],
      [
       16.2166667,
       48.1583333
      ],
      [
       16.2944444,
       48.2722222
      ],
      [
       16.3833333,
       48.2833333
      ]
     ]
    ]
   }
  },
  {
   "type": "Feature",
   "properties": {
    "ll": {
     "value": 0,
     "unit": 1,
     "referenceDatum": 0
    },
    "ul": {
     "value": 215,
     "unit": 6,
     "referenceDatum": 2
    },
    "_id": "6319941dd9f1e6a2b5f8de54",
    "name": "LOD21 (LIZUM)",
    "type": 2,
    "icao": 7,
    "bnd": [
     [
      47.125,
      11.575
     ],
     [
      47.225,
      11.6916667
     ]
    ]
   },
   "geometry": {
    "type": "Polygon",
    "coordinates": [
     [
      [
       11.6166667,
       47.225
      ],
      [
       11.6666667,
       47.2166667
      ],
      [
       11.6916667,
       47.1583333
      ],
      [
       11.65,
       47.125
      ],
      [
       11.6,
       47.1333333
      ],
      [
       11.575,
       47.1722222
      ],
      [
       11.5888889,
       47.2
      ],
      [
       11.6166667,
       47.225
      ]
     ]
    ]
   }
  },
  {
   "type": "Feature",
   "properties": {
    "ll": {
     "value": 0,
     "unit": 1,
     "referenceDatum": 0
    },
    "ul": {
     "value": 145,
     "unit": 6,
     "referenceDatum": 2
    },
    "_id": "6319941dd9f1e6a2b5f8de5d",
    "name": "LOD22 (HOCHFILZEN)",
    "type": 2,
    "icao": 7,
    "bnd": [
     [
      47.45,
      12.6
     ],
     [
      47.525,
      12.7222222
     ]
    ]
   },
   "geometry": {
    "type": "Polygon",
    "coordinates": [
     [
      [
       12.6,
       47.525
      ],
      [
       12.7222222,
       47.5
      ],
      [
       12.6916667,
       47.45
      ],
      [
       12.625,
       47.475
      ],
      [
       12.6,
       47.525
      ]
     ]
    ]
   }
  },
  {
   "type": "Feature",
   "properties": {
    "ll": {
     "value": 0,
     "unit": 1,
     "referenceDatum": 0
    },
    "ul": {
     "value": 215,
     "unit": 6,
     "referenceDatum": 2
    },
    "_id": "6319941dd9f1e6a2b5f8de67",
    "name": "LOD24 (SEETALERALPE)",
    "type": 2,
    "icao": 7,
    "bnd": [
     [
      47.0683333,
      14.5069444
     ],
     [
      47.1333333,
      14.6333333
     ]
    ]
   },
   "geometry": {
    "type": "Polygon",
    "coordinates": [
     [
      [
       14.5138889,
       47.1166667
      ],
      [
       14.5541667,
       47.0683333
      ],
      [
       14.6333333,
       47.1
      ],
      [
       14.6333333,
       47.1333333
      ],
      [
       14.6011111,
       47.1333333
      ],
      [
       14.5197222,
       47.1333333
      ],
      [
       14.5069444,
       47.125
      ],
      [
       14.5138889,
       47.1166667
      ]
     ]
    ]
   }
  },
  {
   "type": "Feature",
   "properties": {
    "ll": {
     "value": 0,
     "unit": 1,
     "referenceDatum": 0
    },
    "ul": {
     "value": 475,
     "unit": 6,
     "referenceDatum": 2
    },
    "_id": "6319941dd9f1e6a2b5f8de71",
    "name": "LOD25A (ALLENTSTEIG)",
    "type": 2,
    "icao": 7,
    "bnd": [
     [
      48.5916667,
      15.0833333
     ],
     [
      48.7583333,
      15.5652778
     ]
    ]
   },
   "geometry": {
    "type": "Polygon",
    "coordinates": [
     [
      [
       15.1833333,
       48.7583333
      ],
      [
       15.3666667,
       48.7416667
      ],
      [
       15.5236111,
       48.6930556
      ],
      [
       15.5652778,
       48.625
      ],
      [
       15.45,
       48.5916667
      ],
      [
       15.1666667,
       48.6083333
      ],
      [
       15.0833333,
       48.725
      ],
      [
       15.1833333,
       48.7583333
      ]
     ]
    ]
   }
  },
  {
   "type": "Feature",
   "properties": {
    "ll": {
     "value": 0,
     "unit": 1,
     "referenceDatum": 0
    },
    "ul": {
     "value": 3500,
     "unit": 1,
     "referenceDatum": 1
    },
    "_id": "6319941dd9f1e6a2b5f8de7b",
    "name": "LOD25B (ALLENTSTEIG)",
    "type": 2,
    "icao": 7,
    "bnd": [
     [
      48.5916667,
      15.45
     ],
     [
      48.6930556,
      15.6583333
     ]
    ]
   },
   "geometry": {
    "type": "Polygon",
    "coordinates": [
     [
      [
       15.5236111,
       48.6930556
      ],
      [
       15.6,
       48.6666667
      ],
      [
       15.6583333,
       48.6
      ],
      [
       15.45,
       48.5916667
      ],
      [
       15.5652778,
       48.625
      ],
      [
       15.5236111,
       48.6930556
      ]
     ]
    ]
   }
  },
  {
   "type": "Feature",
   "properties": {
    "ll": {
     "value": 0,
     "unit": 1,
     "referenceDatum": 0
    },
    "ul": {
     "value": 3500,
     "unit": 1,
     "referenceDatum": 1
    },
    "_id": "6319941dd9f1e6a2b5f8de85",
    "name": "LOD27 (GLAINACH)",
    "type": 2,
    "icao": 7,
    "bnd": [
     [
      46.5308361,
      14.3314471
     ],
     [
      46.5391639,
      14.3435529
     ]
    ]
   },
   "geometry": {
    "type": "Polygon",
    "coordinates": [
     [
      [
       14.3375,
       46.5391639
      ],
      [
       14.3373099,
       46.5391618
      ],
      [
       14.3371199,
       46.5391556
      ],
      [
       14.3369303,
       46.5391454
      ],
      [
       14.3367413,
       46.539131
      ],
      [
       14.336553,
       46.5391126
      ],
      [
       14.3363657,
       46.5390901
      ],
      [
       14.3361795,
       46.5390636
      ],
      [
       14.3359946,
       46.539033
      ],
      [
       14.3358112,
       46.5389985
      ],
      [
       14.3356294,
       46.53896
      ],
      [
       14.3354495,
       46.5389177
      ],
      [
       14.3352716,
       46.5388714
      ],
      [
       14.3350959,
       46.5388214
      ],
      [
       14.3349226,
       46.5387675
      ],
      [
       14.3347519,
       46.53871
      ],
      [
       14.3345838,
       46.5386488
      ],
      [
       14.3344186,
       46.538584
      ],
      [
       14.3342565,
       46.5385156
      ],
      [
       14.3340976,
       46.5384438
      ],
      [
       14.333942,
       46.5383686
      ],
      [
       14.3337899,
       46.53829
      ],
      [
       14.3336415,
       46.5382082
      ],
      [
       14.3334969,
       46.5381233
      ],
      [
       14.3333563,
       46.5380352
      ],
      [
       14.3332197,
       46.5379442
      ],
      [
       14.3330874,
       46.5378503
      ],
      [
       14.3329594,
       46.5377535
      ],
      [
       14.3328359,
       46.537654
      ],
      [
       14.3327171,
       46.537552
      ],
      [
       14.3326029,
       46.5374473
      ],
      [
       14.3324936,
       46.5373403
      ],
      [
       14.3323892,
       46.537231
      ],
      [
       14.3322898,
       46.5371195
      ],
      [
       14.3321956,
       46.5370058
      ],
      [
       14.3321066,
       46.5368902
      ],
      [
       14.332023,
       46.5367728
      ],
      [
       14.3319448,
       46.5366535
      ],
      [
       14.331872,
       46.5365327
      ],
      [
       14.3318048,
       46.5364103
      ],
      [
       14.3317432,
       46.5362866
      ],
      [
       14.3316873,
       46.5361615
      ],
      [
       14.3316372,
       46.5360354
      ],
      [
       14.3315928,
       46.5359082
      ],
      [
       14.3315542,
       46.5357801
      ],
      [
       14.3315216,
       46.5356512
      ],
      [
       14.3314948,
       46.5355217
      ],
      [
       14.3314739,
       46.5353917
      ],
      [
       14.331459,
       46.5352613
      ],
      [
       14.3314501,
       46.5351306
      ],
      [
       14.3314471,
       46.5349998
      ],
      [
       14.3314501,
       46.5348691
      ],
      [
       14.3314591,
       46.5347384
      ],
      [
       14.331474,
       46.534608
      ],
      [
       14.3314949,
       46.534478
      ],
      [
       14.3315217,
       46.5343485
      ],
      [
       14.3315544,
       46.5342196
      ],
      [
       14.331593,
       46.5340915
      ],
      [
       14.3316374,
       46.5339643
      ],
      [
       14.3316876,
       46.5338382
      ],
      [
       14.3317435,
       46.5337132
      ],
      [
       14.3318051,
       46.5335894
      ],
      [
       14.3318723,
       46.533467
      ],
      [
       14.3319451,
       46.5333462
      ],
      [
       14.3320234,
       46.533227
      ],
      [
       14.332107,
       46.5331095
      ],
      [
       14.332196,
       46.5329939
      ],
      [
       14.3322902,
       46.5328803
      ],
      [
       14.3323896,
       46.5327688
      ],
      [
       14.332494,
       46.5326595
      ],
      [
       14.3326033,
       46.5325524
      ],
      [
       14.3327175,
       46.5324478
      ],
      [
       14.3328364,
       46.5323458
      ],
      [
       14.3329599,
       46.5322463
      ],
      [
       14.3330879,
       46.5321496
      ],
      [
       14.3332202,
       46.5320556
      ],
      [
       14.3333567,
       46.5319646
      ],
      [
       14.3334974,
       46.5318766
      ],
      [
       14.333642,
       46.5317916
      ],
      [
       14.3337904,
       46.5317099
      ],
      [
       14.3339424,
       46.5316313
      ],
      [
       14.334098,
       46.5315561
      ],
      [
       14.3342569,
       46.5314843
      ],
      [
       14.334419,
       46.531416
      ],
      [
       14.3345842,
       46.5313512
      ],
      [
       14.3347522,
       46.5312899
      ],
      [
       14.334923,
       46.5312324
      ],
      [
       14.3350963,
       46.5311786
      ],
      [
       14.3352719,
       46.5311285
      ],
      [
       14.3354498,
       46.5310823
      ],
      [
       14.3356297,
       46.5310399
      ],
      [
       14.3358114,
       46.5310015
      ],
      [
       14.3359948,
       46.530967
      ],
      [
       14.3361797,
       46.5309364
      ],
      [
       14.3363659,
       46.5309099
      ],
      [
       14.3365532,
       46.5308874
      ],
      [
       14.3367414,
       46.530869
      ],
      [
       14.3369304,
       46.5308546
      ],
      [
       14.33712,
       46.5308444
      ],
      [
       14.3373099,
       46.5308382
      ],
      [
       14.3375,
       46.5308361
      ],
      [
       14.3376901,
       46.5308382
      ],
      [
       14.33788,
       46.5308444
      ],
      [
       14.3380696,
       46.5308546
      ],
      [
       14.3382586,
       46.530869
      ],
      [
       14.3384468,
       46.5308874
      ],
      [
       14.3386341,
       46.5309099
      ],
      [
       14.3388203,
       46.5309364
      ],
      [
       14.3390052,
       46.530967
      ],
      [
       14.3391886,
       46.5310015
      ],
      [
       14.3393703,
       46.5310399
      ],
      [
       14.3395502,
       46.5310823
      ],
      [
       14.3397281,
       46.5311285
      ],
      [
       14.3399037,
       46.5311786
      ],
      [
       14.340077,
       46.5312324
      ],
      [
       14.3402478,
       46.5312899
      ],
      [
       14.3404158,
       46.5313512
      ],
      [
       14.340581,
       46.531416
      ],
      [
       14.3407431,
       46.5314843
      ],
      [
       14.340902,
       46.5315561
      ],
      [
       14.3410576,
       46.5316313
      ],
      [
       14.3412096,
       46.5317099
      ],
      [
       14.341358,
       46.5317916
      ],
      [
       14.3415026,
       46.5318766
      ],
      [
       14.3416433,
       46.5319646
      ],
      [
       14.3417798,
       46.5320556
      ],
      [
       14.3419121,
       46.5321496
      ],
      [
       14.3420401,
       46.5322463
      ],
      [
       14.3421636,
       46.5323458
      ],
      [
       14.3422825,
       46.5324478
      ],
      [
       14.3423967,
       46.5325524
      ],
      [
       14.342506,
       46.5326595
      ],
      [
       14.3426104,
       46.5327688
      ],
      [
       14.3427098,
       46.5328803
      ],
      [
       14.342804,
       46.5329939
      ],
      [
       14.342893,
       46.5331095
      ],
      [
       14.3429766,
       46.533227
      ],
      [
       14.3430549,
       46.5333462
      ],
      [
       14.3431277,
       46.533467
      ],
      [
       14.3431949,
       46.5335894
      ],
      [
       14.3432565,
       46.5337132
      ],
      [
       14.3433124,
       46.5338382
      ],
      [
       14.3433626,
       46.5339643
      ],
      [
       14.343407,
       46.5340915
      ],
      [
       14.3434456,
       46.5342196
      ],
      [
       14.3434783,
       46.5343485
      ],
      [
       14.3435051,
       46.534478
      ],
      [
       14.343526,
       46.534608
      ],
      [
       14.3435409,
       46.5347384
      ],
      [
       14.3435499,
       46.5348691
      ],
      [
       14.3435529,
       46.5349998
      ],
      [
       14.3435499,
       46.5351306
      ],
      [
       14.343541,
       46.5352613
      ],
      [
       14.3435261,
       46.5353917
      ],
      [
       14.3435052,
       46.5355217
      ],
      [
       14.3434784,
       46.5356512
      ],
      [
       14.3434458,
       46.5357801
      ],
      [
       14.3434072,
       46.5359082
      ],
      [
       14.3433628,
       46.5360354
      ],
      [
       14.3433127,
       46.5361615
      ],
      [
       14.3432568,
       46.5362866
      ],
      [
       14.3431952,
       46.5364103
      ],
      [
       14.343128,
       46.5365327
      ],
      [
       14.3430552,
       46.5366535
      ],
      [
       14.342977,
       46.5367728
      ],
      [
       14.3428934,
       46.5368902
      ],
      [
       14.3428044,
       46.5370058
      ],
      [
       14.3427102,
       46.5371195
      ],
      [
       14.3426108,
       46.537231
      ],
      [
       14.3425064,
       46.5373403
      ],
      [
       14.3423971,
       46.5374473
      ],
      [
       14.3422829,
       46.537552
      ],
      [
       14.3421641,
       46.537654
      ],
      [
       14.3420406,
       46.5377535
      ],
      [
       14.3419126,
       46.5378503
      ],
      [
       14.3417803,
       46.5379442
      ],
      [
       14.3416437,
       46.5380352
      ],
      [
       14.3415031,
       46.5381233
      ],
      [
       14.3413585,
       46.5382082
      ],
      [
       14.3412101,
       46.53829
      ],
      [
       14.341058,
       46.5383686
      ],
      [
       14.3409024,
       46.5384438
      ],
      [
       14.3407435,
       46.5385156
      ],
      [
       14.3405814,
       46.538584
      ],
      [
       14.3404162,
       46.5386488
      ],
      [
       14.3402481,
       46.53871
      ],
      [
       14.3400774,
       46.5387675
      ],
      [
       14.3399041,
       46.5388214
      ],
      [
       14.3397284,
       46.5388714
      ],
      [
       14.3395505,
       46.5389177
      ],
      [
       14.3393706,
       46.53896
      ],
      [
       14.3391888,
       46.5389985
      ],
      [
       14.3390054,
       46.539033
      ],
      [
       14.3388205,
       46.5390636
      ],
      [
       14.3386343,
       46.5390901
      ],
      [
       14.338447,
       46.5391126
      ],
      [
       14.3382587,
       46.539131
      ],
      [
       14.3380697,
       46.5391454
      ],
      [
       14.3378801,
       46.5391556
      ],
      [
       14.3376901,
       46.5391618
      ],
      [
       14.3375,
       46.5391639
      ]
     ]
    ]
   }
  },
  {
   "type": "Feature",
   "properties": {
    "ll": {
     "value": 0,
     "unit": 1,
     "referenceDatum": 0
    },
    "ul": {
     "value": 7500,
     "unit": 1,
     "referenceDatum": 1
    },
    "_id": "6319941dd9f1e6a2b5f8de8f",
    "name": "LOD28 (MARWIESEN)",
    "type": 2,
    "icao": 7,
    "bnd": [
     [
      46.6666779,
      13.6090554
     ],
     [
      46.6999887,
      13.6576113
     ]
    ]
   },
   "geometry": {
    "type": "Polygon",
    "coordinates": [
     [
      [
       13.6333333,
       46.6999887
      ],
      [
       13.6325705,
       46.6999805
      ],
      [
       13.6318084,
       46.6999559
      ],
      [
       13.6310479,
       46.6999148
      ],
      [
       13.6302896,
       46.6998574
      ],
      [
       13.6295343,
       46.6997836
      ],
      [
       13.6287827,
       46.6996936
      ],
      [
       13.6280357,
       46.6995875
      ],
      [
       13.6272938,
       46.6994653
      ],
      [
       13.626558,
       46.6993272
      ],
      [
       13.6258288,
       46.6991733
      ],
      [
       13.6251071,
       46.6990038
      ],
      [
       13.6243935,
       46.6988188
      ],
      [
       13.6236887,
       46.6986185
      ],
      [
       13.6229934,
       46.6984031
      ],
      [
       13.6223083,
       46.6981729
      ],
      [
       13.6216342,
       46.697928
      ],
      [
       13.6209716,
       46.6976687
      ],
      [
       13.6203212,
       46.6973952
      ],
      [
       13.6196836,
       46.6971079
      ],
      [
       13.6190595,
       46.696807
      ],
      [
       13.6184496,
       46.6964927
      ],
      [
       13.6178543,
       46.6961655
      ],
      [
       13.6172743,
       46.6958256
      ],
      [
       13.6167102,
       46.6954734
      ],
      [
       13.6161625,
       46.6951092
      ],
      [
       13.6156317,
       46.6947334
      ],
      [
       13.6151184,
       46.6943463
      ],
      [
       13.6146232,
       46.6939484
      ],
      [
       13.6141464,
       46.69354
      ],
      [
       13.6136885,
       46.6931215
      ],
      [
       13.61325,
       46.6926933
      ],
      [
       13.6128314,
       46.6922559
      ],
      [
       13.612433,
       46.6918097
      ],
      [
       13.6120552,
       46.6913552
      ],
      [
       13.6116985,
       46.6908927
      ],
      [
       13.6113631,
       46.6904228
      ],
      [
       13.6110494,
       46.6899458
      ],
      [
       13.6107577,
       46.6894624
      ],
      [
       13.6104883,
       46.6889729
      ],
      [
       13.6102414,
       46.6884778
      ],
      [
       13.6100174,
       46.6879777
      ],
      [
       13.6098163,
       46.687473
      ],
      [
       13.6096385,
       46.6869642
      ],
      [
       13.609484,
       46.6864518
      ],
      [
       13.6093531,
       46.6859363
      ],
      [
       13.6092459,
       46.6854183
      ],
      [
       13.6091624,
       46.6848982
      ],
      [
       13.6091028,
       46.6843766
      ],
      [
       13.6090671,
       46.6838539
      ],
      [
       13.6090554,
       46.6833308
      ],
      [
       13.6090676,
       46.6828076
      ],
      [
       13.6091037,
       46.682285
      ],
      [
       13.6091638,
       46.6817634
      ],
      [
       13.6092477,
       46.6812433
      ],
      [
       13.6093554,
       46.6807253
      ],
      [
       13.6094868,
       46.6802099
      ],
      [
       13.6096417,
       46.6796976
      ],
      [
       13.6098199,
       46.6791889
      ],
      [
       13.6100214,
       46.6786843
      ],
      [
       13.6102458,
       46.6781842
      ],
      [
       13.610493,
       46.6776892
      ],
      [
       13.6107628,
       46.6771998
      ],
      [
       13.6110548,
       46.6767165
      ],
      [
       13.6113689,
       46.6762397
      ],
      [
       13.6117045,
       46.6757699
      ],
      [
       13.6120615,
       46.6753076
      ],
      [
       13.6124395,
       46.6748531
      ],
      [
       13.6128382,
       46.6744071
      ],
      [
       13.613257,
       46.6739698
      ],
      [
       13.6136956,
       46.6735418
      ],
      [
       13.6141536,
       46.6731235
      ],
      [
       13.6146305,
       46.6727152
      ],
      [
       13.6151259,
       46.6723175
      ],
      [
       13.6156392,
       46.6719306
      ],
      [
       13.61617,
       46.6715549
      ],
      [
       13.6167177,
       46.6711909
      ],
      [
       13.6172817,
       46.6708388
      ],
      [
       13.6178617,
       46.6704991
      ],
      [
       13.6184568,
       46.670172
      ],
      [
       13.6190667,
       46.6698579
      ],
      [
       13.6196906,
       46.6695572
      ],
      [
       13.6203279,
       46.66927
      ],
      [
       13.6209781,
       46.6689967
      ],
      [
       13.6216405,
       46.6687375
      ],
      [
       13.6223144,
       46.6684927
      ],
      [
       13.6229992,
       46.6682626
      ],
      [
       13.6236941,
       46.6680473
      ],
      [
       13.6243986,
       46.6678472
      ],
      [
       13.6251119,
       46.6676623
      ],
      [
       13.6258332,
       46.6674928
      ],
      [
       13.626562,
       46.667339
      ],
      [
       13.6272975,
       46.667201
      ],
      [
       13.6280389,
       46.6670789
      ],
      [
       13.6287855,
       46.6669728
      ],
      [
       13.6295366,
       46.6668829
      ],
      [
       13.6302914,
       46.6668092
      ],
      [
       13.6310493,
       46.6667518
      ],
      [
       13.6318094,
       46.6667108
      ],
      [
       13.632571,
       46.6666861
      ],
      [
       13.6333333,
       46.6666779
      ],
      [
       13.6340957,
       46.6666861
      ],
      [
       13.6348573,
       46.6667108
      ],
      [
       13.6356174,
       46.6667518
      ],
      [
       13.6363752,
       46.6668092
      ],
      [
       13.6371301,
       46.6668829
      ],
      [
       13.6378812,
       46.6669728
      ],
      [
       13.6386278,
       46.6670789
      ],
      [
       13.6393692,
       46.667201
      ],
      [
       13.6401047,
       46.667339
      ],
      [
       13.6408334,
       46.6674928
      ],
      [
       13.6415548,
       46.6676623
      ],
      [
       13.6422681,
       46.6678472
      ],
      [
       13.6429725,
       46.6680473
      ],
      [
       13.6436675,
       46.6682626
      ],
      [
       13.6443523,
       46.6684927
      ],
      [
       13.6450262,
       46.6687375
      ],
      [
       13.6456885,
       46.6689967
      ],
      [
       13.6463387,
       46.66927
      ],
      [
       13.6469761,
       46.6695572
      ],
      [
       13.6476,
       46.6698579
      ],
      [
       13.6482098,
       46.670172
      ],
      [
       13.648805,
       46.6704991
      ],
      [
       13.6493849,
       46.6708388
      ],
      [
       13.649949,
       46.6711909
      ],
      [
       13.6504967,
       46.6715549
      ],
      [
       13.6510275,
       46.6719306
      ],
      [
       13.6515408,
       46.6723175
      ],
      [
       13.6520362,
       46.6727152
      ],
      [
       13.6525131,
       46.6731235
      ],
      [
       13.6529711,
       46.6735418
      ],
      [
       13.6534097,
       46.6739698
      ],
      [
       13.6538285,
       46.6744071
      ],
      [
       13.6542271,
       46.6748531
      ],
      [
       13.6546051,
       46.6753076
      ],
      [
       13.6549621,
       46.6757699
      ],
      [
       13.6552978,
       46.6762397
      ],
      [
       13.6556118,
       46.6767165
      ],
      [
       13.6559039,
       46.6771998
      ],
      [
       13.6561736,
       46.6776892
      ],
      [
       13.6564209,
       46.6781842
      ],
      [
       13.6566453,
       46.6786843
      ],
      [
       13.6568468,
       46.6791889
      ],
      [
       13.657025,
       46.6796976
      ],
      [
       13.6571799,
       46.6802099
      ],
      [
       13.6573112,
       46.6807253
      ],
      [
       13.6574189,
       46.6812433
      ],
      [
       13.6575029,
       46.6817634
      ],
      [
       13.6575629,
       46.682285
      ],
      [
       13.6575991,
       46.6828076
      ],
      [
       13.6576113,
       46.6833308
      ],
      [
       13.6575996,
       46.6838539
      ],
      [
       13.6575639,
       46.6843766
      ],
      [
       13.6575043,
       46.6848982
      ],
      [
       13.6574208,
       46.6854183
      ],
      [
       13.6573136,
       46.6859363
      ],
      [
       13.6571826,
       46.6864518
      ],
      [
       13.6570282,
       46.6869642
      ],
      [
       13.6568504,
       46.687473
      ],
      [
       13.6566493,
       46.6879777
      ],
      [
       13.6564252,
       46.6884778
      ],
      [
       13.6561784,
       46.6889729
      ],
      [
       13.655909,
       46.6894624
      ],
      [
       13.6556173,
       46.6899458
      ],
      [
       13.6553036,
       46.6904228
      ],
      [
       13.6549682,
       46.6908927
      ],
      [
       13.6546114,
       46.6913552
      ],
      [
       13.6542337,
       46.6918097
      ],
      [
       13.6538353,
       46.6922559
      ],
      [
       13.6534166,
       46.6926933
      ],
      [
       13.6529782,
       46.6931215
      ],
      [
       13.6525203,
       46.69354
      ],
      [
       13.6520435,
       46.6939484
      ],
      [
       13.6515482,
       46.6943463
      ],
      [
       13.6510349,
       46.6947334
      ],
      [
       13.6505042,
       46.6951092
      ],
      [
       13.6499565,
       46.6954734
      ],
      [
       13.6493924,
       46.6958256
      ],
      [
       13.6488124,
       46.6961655
      ],
      [
       13.6482171,
       46.6964927
      ],
      [
       13.6476071,
       46.696807
      ],
      [
       13.6469831,
       46.6971079
      ],
      [
       13.6463455,
       46.6973952
      ],
      [
       13.6456951,
       46.6976687
      ],
      [
       13.6450325,
       46.697928
      ],
      [
       13.6443583,
       46.6981729
      ],
      [
       13.6436733,
       46.6984031
      ],
      [
       13.642978,
       46.6986185
      ],
      [
       13.6422732,
       46.6988188
      ],
      [
       13.6415596,
       46.6990038
      ],
      [
       13.6408378,
       46.6991733
      ],
      [
       13.6401087,
       46.6993272
      ],
      [
       13.6393728,
       46.6994653
      ],
      [
       13.638631,
       46.6995875
      ],
      [
       13.6378839,
       46.6996936
      ],
      [
       13.6371324,
       46.6997836
      ],
      [
       13.6363771,
       46.6998574
      ],
      [
       13.6356188,
       46.6999148
      ],
      [
       13.6348582,
       46.6999559
      ],
      [
       13.6340962,
       46.6999805
      ],
      [
       13.6333333,
       46.6999887
      ]
     ]
    ]
   }
  },
  {
   "type": "Feature",
   "properties": {
    "ll": {
     "value": 0,
     "unit": 1,
     "referenceDatum": 0
    },
    "ul": {
     "value": 135,
     "unit": 6,
     "referenceDatum": 2
    },
    "_id": "6319941dd9f1e6a2b5f8de99",
    "name": "LOD30 (RAMSAU)",
    "type": 2,
    "icao": 7,
    "bnd": [
     [
      47.7877778,
      14.2416667
     ],
     [
      47.8147222,
      14.2944444
     ]
    ]
   },
   "geometry": {
    "type": "Polygon",
    "coordinates": [
     [
      [
       14.2888889,
       47.7877778
      ],
      [
       14.2616667,
       47.7877778
      ],
      [
       14.2416667,
       47.8147222
      ],
      [
       14.2694444,
       47.8136111
      ],
      [
       14.2944444,
       47.8086111
      ],
      [
       14.2888889,
       47.7877778
      ]
     ]
    ]
   }
  },
  {
   "type": "Feature",
   "properties": {
    "ll": {
     "value": 0,
     "unit": 1,
     "referenceDatum": 0
    },
    "ul": {
     "value": 3500,
     "unit": 1,
     "referenceDatum": 1
    },
    "_id": "6319941fd9f1e6a2b5f8df40",
    "name": "LOR MISTELBACH (MILITARY RADAR 131.025 )",
    "type": 2,
    "icao": 7,
    "bnd": [
     [
      48.5772222,
      16.5430556
     ],
     [
      48.6294444,
      16.6405556
     ]
    ]
   },
   "geometry": {
    "type": "Polygon",
    "coordinates": [
     [
      [
       16.6030556,
       48.6294444
      ],
      [
       16.6405556,
       48.6258333
      ],
      [
       16.6205556,
       48.5772222
      ],
      [
       16.5625,
       48.5844444
      ],
      [
       16.5430556,
       48.6180556
      ],
      [
       16.6030556,
       48.6294444
      ]
     ]
    ]
   }
  },
  {
   "type": "Feature",
   "properties": {
    "ll": {
     "value": 0,
     "unit": 1,
     "referenceDatum": 0
    },
    "ul": {
     "value": 7500,
     "unit": 1,
     "referenceDatum": 1
    },
    "_id": "6319941fd9f1e6a2b5f8df4a",
    "name": "LOR SCHNEEALPE",
    "type": 2,
    "icao": 7,
    "bnd": [
     [
      47.6755556,
      15.4916667
     ],
     [
      47.7930556,
      15.7180556
     ]
    ]
   },
   "geometry": {
    "type": "Polygon",
    "coordinates": [
     [
      [
       15.4916667,
       47.6755556
      ],
      [
       15.7180556,
       47.6872222
      ],
      [
       15.685,
       47.7930556
      ],
      [
       15.5038889,
       47.7730556
      ],
      [
       15.4916667,
       47.6755556
      ]
     ]
    ]
   }
  },
  {
   "type": "Feature",
   "properties": {
    "ll": {
     "value": 0,
     "unit": 1,
     "referenceDatum": 0
    },
    "ul": {
     "value": 1500,
     "unit": 1,
     "referenceDatum": 1
    },
    "_id": "6319941dd9f1e6a2b5f8dea3",
    "name": "LOR1 (SEIBERSDORF)",
    "type": 1,
    "icao": 7,
    "bnd": [
     [
      47.9702778,
      16.5013889
     ],
     [
      47.9797222,
      16.5152778
     ]
    ]
   },
   "geometry": {
    "type": "Polygon",
    "coordinates": [
     [
      [
       16.5080556,
       47.9702778
      ],
      [
       16.5152778,
       47.9761111
      ],
      [
       16.51,
       47.9797222
      ],
      [
       16.5013889,
       47.975
      ],
      [
       16.5080556,
       47.9702778
      ]
     ]
    ]
   }
  },
  {
   "type": "Feature",
   "properties": {
    "ll": {
     "value": 0,
     "unit": 1,
     "referenceDatum": 0
    },
    "ul": {
     "value": 10000,
     "unit": 1,
     "referenceDatum": 1
    },
    "_id": "6319941ed9f1e6a2b5f8df0e",
    "name": "LOR15 (WIEN)",
    "type": 1,
    "icao": 7,
    "bnd": [
     [
      48.1375,
      16.2166667
     ],
     [
      48.2833333,
      16.55
     ]
    ]
   },
   "geometry": {
    "type": "Polygon",
    "coordinates": [
     [
      [
       16.2944444,
       48.2722222
      ],
      [
       16.3833333,
       48.2833333
      ],
      [
       16.4833333,
       48.2833333
      ],
      [
       16.55,
       48.2
      ],
      [
       16.4958333,
       48.1666667
      ],
      [
       16.4055556,
       48.1375
      ],
      [
       16.2166667,
       48.1583333
      ],
      [
       16.2944444,
       48.2722222
      ]
     ]
    ]
   }
  },
  {
   "type": "Feature",
   "properties": {
    "ll": {
     "value": 0,
     "unit": 1,
     "referenceDatum": 0
    },
    "ul": {
     "value": 1500,
     "unit": 1,
     "referenceDatum": 1
    },
    "_id": "6319941fd9f1e6a2b5f8df18",
    "name": "LOR16 (NEUSIEDLER-SEE)",
    "type": 1,
    "icao": 7,
    "bnd": [
     [
      47.6813889,
      16.6666667
     ],
     [
      47.9583333,
      16.9416667
     ]
    ]
   },
   "geometry": {
    "type": "Polygon",
    "coordinates": [
     [
      [
       16.8263889,
       47.9583333
      ],
      [
       16.9416667,
       47.8805556
      ],
      [
       16.9361111,
       47.725
      ],
      [
       16.9127778,
       47.6877778
      ],
      [
       16.8752778,
       47.6883333
      ],
      [
       16.8688889,
       47.7213889
      ],
      [
       16.8411111,
       47.7058333
      ],
      [
       16.8322222,
       47.6880556
      ],
      [
       16.7488889,
       47.6813889
      ],
      [
       16.7213889,
       47.7225
      ],
      [
       16.6716667,
       47.7405556
      ],
      [
       16.6669444,
       47.7413889
      ],
      [
       16.6666667,
       47.8916667
      ],
      [
       16.7430556,
       47.9388889
      ],
      [
       16.8263889,
       47.9583333
      ]
     ]
    ]
   }
  },
  {
   "type": "Feature",
   "properties": {
    "ll": {
     "value": 0,
     "unit": 1,
     "referenceDatum": 0
    },
    "ul": {
     "value": 3300,
     "unit": 1,
     "referenceDatum": 1
    },
    "_id": "6319941fd9f1e6a2b5f8df22",
    "name": "LOR18 (RHEINDELTA)",
    "type": 1,
    "icao": 7,
    "bnd": [
     [
      47.4469444,
      9.5613889
     ],
     [
      47.5258333,
      9.6719444
     ]
    ]
   },
   "geometry": {
    "type": "Polygon",
    "coordinates": [
     [
      [
       9.5613889,
       47.5
      ],
      [
       9.6461111,
       47.5258333
      ],
      [
       9.6633333,
       47.5111111
      ],
      [
       9.6719444,
       47.4919444
      ],
      [
       9.6708333,
       47.4705556
      ],
      [
       9.6588889,
       47.4469444
      ],
      [
       9.6580556,
       47.4477778
      ],
      [
       9.6269444,
       47.4566667
      ],
      [
       9.6088889,
       47.4705556
      ],
      [
       9.5833333,
       47.4811111
      ],
      [
       9.5625,
       47.4955556
      ],
      [
       9.5613889,
       47.5
      ]
     ]
    ]
   }
  },
  {
   "type": "Feature",
   "properties": {
    "ll": {
     "value": 0,
     "unit": 1,
     "referenceDatum": 0
    },
    "ul": {
     "value": 1800,
     "unit": 1,
     "referenceDatum": 1
    },
    "_id": "6319941ed9f1e6a2b5f8deae",
    "name": "LOR2A (FELIXDORF)",
    "type": 1,
    "icao": 7,
    "bnd": [
     [
      47.8733333,
      16.2802778
     ],
     [
      47.9002778,
      16.3316667
     ]
    ]
   },
   "geometry": {
    "type": "Polygon",
    "coordinates": [
     [
      [
       16.3258333,
       47.9002778
      ],
      [
       16.3316667,
       47.8863889
      ],
      [
       16.3194444,
       47.8733333
      ],
      [
       16.2813889,
       47.8791667
      ],
      [
       16.2802778,
       47.8913889
      ],
      [
       16.3258333,
       47.9002778
      ]
     ]
    ]
   }
  },
  {
   "type": "Feature",
   "properties": {
    "ll": {
     "value": 0,
     "unit": 1,
     "referenceDatum": 0
    },
    "ul": {
     "value": 200,
     "unit": 6,
     "referenceDatum": 2
    },
    "_id": "6319941ed9f1e6a2b5f8deb7",
    "name": "LOR2B (FELIXDORF)",
    "type": 1,
    "icao": 7,
    "bnd": [
     [
      47.8913889,
      16.2716667
     ],
     [
      47.9313889,
      16.3675
     ]
    ]
   },
   "geometry": {
    "type": "Polygon",
    "coordinates": [
     [
      [
       16.3252778,
       47.9313889
      ],
      [
       16.3380556,
       47.9308333
      ],
      [
       16.3675,
       47.9225
      ],
      [
       16.3488889,
       47.9047222
      ],
      [
       16.3258333,
       47.9002778
      ],
      [
       16.2802778,
       47.8913889
      ],
      [
       16.2716667,
       47.9038889
      ],
      [
       16.2958333,
       47.9166667
      ],
      [
       16.3252778,
       47.9313889
      ]
     ]
    ]
   }
  },
  {
   "type": "Feature",
   "properties": {
    "ll": {
     "value": 0,
     "unit": 1,
     "referenceDatum": 0
    },
    "ul": {
     "value": 200,
     "unit": 6,
     "referenceDatum": 2
    },
    "_id": "6319941ed9f1e6a2b5f8dec1",
    "name": "LOR2C (FELIXDORF)",
    "type": 1,
    "icao": 7,
    "bnd": [
     [
      47.8863889,
      16.2516667
     ],
     [
      47.9038889,
      16.2802778
     ]
    ]
   },
   "geometry": {
    "type": "Polygon",
    "coordinates": [
     [
      [
       16.2716667,
       47.9038889
      ],
      [
       16.2802778,
       47.8913889
      ],
      [
       16.2533333,
       47.8863889
      ],
      [
       16.2516667,
       47.8936111
      ],
      [
       16.2716667,
       47.9038889
      ]
     ]
    ]
   }
  },
  {
   "type": "Feature",
   "properties": {
    "ll": {
     "value": 0,
     "unit": 1,
     "referenceDatum": 0
    },
    "ul": {
     "value": 3000,
     "unit": 1,
     "referenceDatum": 1
    },
    "_id": "6319941ed9f1e6a2b5f8decb",
    "name": "LOR3 (ZELTWEG)",
    "type": 1,
    "icao": 7,
    "bnd": [
     [
      47.1958361,
      14.7455383
     ],
     [
      47.2041639,
      14.757795
     ]
    ]
   },
   "geometry": {
    "type": "Polygon",
    "coordinates": [
     [
      [
       14.7516667,
       47.2041639
      ],
      [
       14.7514742,
       47.2041618
      ],
      [
       14.7512818,
       47.2041556
      ],
      [
       14.7510899,
       47.2041454
      ],
      [
       14.7508985,
       47.204131
      ],
      [
       14.7507079,
       47.2041126
      ],
      [
       14.7505182,
       47.2040901
      ],
      [
       14.7503297,
       47.2040636
      ],
      [
       14.7501425,
       47.204033
      ],
      [
       14.7499568,
       47.2039985
      ],
      [
       14.7497728,
       47.20396
      ],
      [
       14.7495906,
       47.2039177
      ],
      [
       14.7494105,
       47.2038714
      ],
      [
       14.7492326,
       47.2038214
      ],
      [
       14.7490572,
       47.2037675
      ],
      [
       14.7488843,
       47.20371
      ],
      [
       14.7487141,
       47.2036488
      ],
      [
       14.7485469,
       47.203584
      ],
      [
       14.7483827,
       47.2035156
      ],
      [
       14.7482218,
       47.2034438
      ],
      [
       14.7480643,
       47.2033686
      ],
      [
       14.7479103,
       47.20329
      ],
      [
       14.7477601,
       47.2032082
      ],
      [
       14.7476137,
       47.2031233
      ],
      [
       14.7474713,
       47.2030352
      ],
      [
       14.747333,
       47.2029442
      ],
      [
       14.7471991,
       47.2028503
      ],
      [
       14.7470695,
       47.2027535
      ],
      [
       14.7469445,
       47.202654
      ],
      [
       14.7468241,
       47.202552
      ],
      [
       14.7467085,
       47.2024473
      ],
      [
       14.7465978,
       47.2023403
      ],
      [
       14.7464921,
       47.202231
      ],
      [
       14.7463915,
       47.2021195
      ],
      [
       14.7462962,
       47.2020058
      ],
      [
       14.7462061,
       47.2018902
      ],
      [
       14.7461214,
       47.2017727
      ],
      [
       14.7460422,
       47.2016535
      ],
      [
       14.7459685,
       47.2015327
      ],
      [
       14.7459005,
       47.2014103
      ],
      [
       14.7458381,
       47.2012866
      ],
      [
       14.7457815,
       47.2011615
      ],
      [
       14.7457307,
       47.2010354
      ],
      [
       14.7456858,
       47.2009082
      ],
      [
       14.7456468,
       47.2007801
      ],
      [
       14.7456137,
       47.2006512
      ],
      [
       14.7455866,
       47.2005217
      ],
      [
       14.7455655,
       47.2003917
      ],
      [
       14.7455504,
       47.2002613
      ],
      [
       14.7455413,
       47.2001306
      ],
      [
       14.7455383,
       47.1999998
      ],
      [
       14.7455414,
       47.199869
      ],
      [
       14.7455504,
       47.1997384
      ],
      [
       14.7455656,
       47.199608
      ],
      [
       14.7455867,
       47.199478
      ],
      [
       14.7456138,
       47.1993485
      ],
      [
       14.745647,
       47.1992196
      ],
      [
       14.745686,
       47.1990915
      ],
      [
       14.745731,
       47.1989643
      ],
      [
       14.7457818,
       47.1988382
      ],
      [
       14.7458384,
       47.1987132
      ],
      [
       14.7459008,
       47.1985894
      ],
      [
       14.7459688,
       47.198467
      ],
      [
       14.7460425,
       47.1983462
      ],
      [
       14.7461218,
       47.198227
      ],
      [
       14.7462065,
       47.1981095
      ],
      [
       14.7462966,
       47.1979939
      ],
      [
       14.746392,
       47.1978803
      ],
      [
       14.7464925,
       47.1977688
      ],
      [
       14.7465983,
       47.1976595
      ],
      [
       14.746709,
       47.1975524
      ],
      [
       14.7468246,
       47.1974478
      ],
      [
       14.7469449,
       47.1973458
      ],
      [
       14.74707,
       47.1972463
      ],
      [
       14.7471995,
       47.1971496
      ],
      [
       14.7473335,
       47.1970556
      ],
      [
       14.7474718,
       47.1969646
      ],
      [
       14.7476142,
       47.1968766
      ],
      [
       14.7477605,
       47.1967916
      ],
      [
       14.7479108,
       47.1967098
      ],
      [
       14.7480647,
       47.1966313
      ],
      [
       14.7482222,
       47.1965561
      ],
      [
       14.7483832,
       47.1964843
      ],
      [
       14.7485473,
       47.196416
      ],
      [
       14.7487145,
       47.1963511
      ],
      [
       14.7488846,
       47.1962899
      ],
      [
       14.7490575,
       47.1962324
      ],
      [
       14.749233,
       47.1961786
      ],
      [
       14.7494108,
       47.1961285
      ],
      [
       14.7495909,
       47.1960823
      ],
      [
       14.749773,
       47.1960399
      ],
      [
       14.749957,
       47.1960015
      ],
      [
       14.7501427,
       47.195967
      ],
      [
       14.7503299,
       47.1959364
      ],
      [
       14.7505184,
       47.1959099
      ],
      [
       14.7507081,
       47.1958874
      ],
      [
       14.7508986,
       47.195869
      ],
      [
       14.75109,
       47.1958546
      ],
      [
       14.7512819,
       47.1958444
      ],
      [
       14.7514742,
       47.1958382
      ],
      [
       14.7516667,
       47.1958361
      ],
      [
       14.7518591,
       47.1958382
      ],
      [
       14.7520514,
       47.1958444
      ],
      [
       14.7522434,
       47.1958546
      ],
      [
       14.7524347,
       47.195869
      ],
      [
       14.7526253,
       47.1958874
      ],
      [
       14.7528149,
       47.1959099
      ],
      [
       14.7530034,
       47.1959364
      ],
      [
       14.7531906,
       47.195967
      ],
      [
       14.7533763,
       47.1960015
      ],
      [
       14.7535603,
       47.1960399
      ],
      [
       14.7537424,
       47.1960823
      ],
      [
       14.7539225,
       47.1961285
      ],
      [
       14.7541004,
       47.1961786
      ],
      [
       14.7542758,
       47.1962324
      ],
      [
       14.7544487,
       47.1962899
      ],
      [
       14.7546188,
       47.1963511
      ],
      [
       14.754786,
       47.196416
      ],
      [
       14.7549502,
       47.1964843
      ],
      [
       14.7551111,
       47.1965561
      ],
      [
       14.7552686,
       47.1966313
      ],
      [
       14.7554225,
       47.1967098
      ],
      [
       14.7555728,
       47.1967916
      ],
      [
       14.7557192,
       47.1968766
      ],
      [
       14.7558616,
       47.1969646
      ],
      [
       14.7559998,
       47.1970556
      ],
      [
       14.7561338,
       47.1971496
      ],
      [
       14.7562634,
       47.1972463
      ],
      [
       14.7563884,
       47.1973458
      ],
      [
       14.7565088,
       47.1974478
      ],
      [
       14.7566244,
       47.1975524
      ],
      [
       14.7567351,
       47.1976595
      ],
      [
       14.7568408,
       47.1977688
      ],
      [
       14.7569414,
       47.1978803
      ],
      [
       14.7570368,
       47.1979939
      ],
      [
       14.7571269,
       47.1981095
      ],
      [
       14.7572116,
       47.198227
      ],
      [
       14.7572908,
       47.1983462
      ],
      [
       14.7573645,
       47.198467
      ],
      [
       14.7574326,
       47.1985894
      ],
      [
       14.7574949,
       47.1987132
      ],
      [
       14.7575516,
       47.1988382
      ],
      [
       14.7576024,
       47.1989643
      ],
      [
       14.7576473,
       47.1990915
      ],
      [
       14.7576864,
       47.1992196
      ],
      [
       14.7577195,
       47.1993485
      ],
      [
       14.7577466,
       47.199478
      ],
      [
       14.7577678,
       47.199608
      ],
      [
       14.7577829,
       47.1997384
      ],
      [
       14.757792,
       47.199869
      ],
      [
       14.757795,
       47.1999998
      ],
      [
       14.757792,
       47.2001306
      ],
      [
       14.757783,
       47.2002613
      ],
      [
       14.7577679,
       47.2003917
      ],
      [
       14.7577468,
       47.2005217
      ],
      [
       14.7577196,
       47.2006512
      ],
      [
       14.7576866,
       47.2007801
      ],
      [
       14.7576475,
       47.2009082
      ],
      [
       14.7576026,
       47.2010354
      ],
      [
       14.7575518,
       47.2011615
      ],
      [
       14.7574952,
       47.2012866
      ],
      [
       14.7574329,
       47.2014103
      ],
      [
       14.7573648,
       47.2015327
      ],
      [
       14.7572912,
       47.2016535
      ],
      [
       14.7572119,
       47.2017727
      ],
      [
       14.7571273,
       47.2018902
      ],
      [
       14.7570372,
       47.2020058
      ],
      [
       14.7569418,
       47.2021195
      ],
      [
       14.7568412,
       47.202231
      ],
      [
       14.7567355,
       47.2023403
      ],
      [
       14.7566248,
       47.2024473
      ],
      [
       14.7565092,
       47.202552
      ],
      [
       14.7563889,
       47.202654
      ],
      [
       14.7562638,
       47.2027535
      ],
      [
       14.7561343,
       47.2028503
      ],
      [
       14.7560003,
       47.2029442
      ],
      [
       14.7558621,
       47.2030352
      ],
      [
       14.7557197,
       47.2031233
      ],
      [
       14.7555733,
       47.2032082
      ],
      [
       14.755423,
       47.20329
      ],
      [
       14.755269,
       47.2033686
      ],
      [
       14.7551115,
       47.2034438
      ],
      [
       14.7549506,
       47.2035156
      ],
      [
       14.7547865,
       47.203584
      ],
      [
       14.7546192,
       47.2036488
      ],
      [
       14.7544491,
       47.20371
      ],
      [
       14.7542762,
       47.2037675
      ],
      [
       14.7541007,
       47.2038214
      ],
      [
       14.7539228,
       47.2038714
      ],
      [
       14.7537427,
       47.2039177
      ],
      [
       14.7535606,
       47.20396
      ],
      [
       14.7533766,
       47.2039985
      ],
      [
       14.7531908,
       47.204033
      ],
      [
       14.7530036,
       47.2040636
      ],
      [
       14.7528151,
       47.2040901
      ],
      [
       14.7526254,
       47.2041126
      ],
      [
       14.7524348,
       47.204131
      ],
      [
       14.7522434,
       47.2041454
      ],
      [
       14.7520515,
       47.2041556
      ],
      [
       14.7518592,
       47.2041618
      ],
      [
       14.7516667,
       47.2041639
      ]
     ]
    ]
   }
  },
  {
   "type": "Feature",
   "properties": {
    "ll": {
     "value": 0,
     "unit": 1,
     "referenceDatum": 0
    },
    "ul": {
     "value": 2500,
     "unit": 1,
     "referenceDatum": 1
    },
    "_id": "6319941ed9f1e6a2b5f8ded5",
    "name": "LOR4 (BRUCK)",
    "type": 1,
    "icao": 7,
    "bnd": [
     [
      47.9597222,
      16.7005556
     ],
     [
      48.0161111,
      16.8133333
     ]
    ]
   },
   "geometry": {
    "type": "Polygon",
    "coordinates": [
     [
      [
       16.7794444,
       48.0161111
      ],
      [
       16.8083333,
       48.0091667
      ],
      [
       16.8133333,
       47.9866667
      ],
      [
       16.7330556,
       47.9597222
      ],
      [
       16.7005556,
       47.9763889
      ],
      [
       16.7063889,
       47.9994444
      ],
      [
       16.7794444,
       48.0161111
      ]
     ]
    ]
   }
  },
  {
   "type": "Feature",
   "properties": {
    "ll": {
     "value": 0,
     "unit": 1,
     "referenceDatum": 0
    },
    "ul": {
     "value": 125,
     "unit": 6,
     "referenceDatum": 2
    },
    "_id": "6319941ed9f1e6a2b5f8dedf",
    "name": "LOR5 (SEETALERALPE)",
    "type": 1,
    "icao": 7,
    "bnd": [
     [
      47.0683333,
      14.5069444
     ],
     [
      47.1333333,
      14.6333333
     ]
    ]
   },
   "geometry": {
    "type": "Polygon",
    "coordinates": [
     [
      [
       14.6333333,
       47.1
      ],
      [
       14.6333333,
       47.1333333
      ],
      [
       14.6011111,
       47.1333333
      ],
      [
       14.5197222,
       47.1333333
      ],
      [
       14.5069444,
       47.125
      ],
      [
       14.5138889,
       47.1166667
      ],
      [
       14.5541667,
       47.0683333
      ],
      [
       14.6333333,
       47.1
      ]
     ]
    ]
   }
  },
  {
   "type": "Feature",
   "properties": {
    "ll": {
     "value": 0,
     "unit": 1,
     "referenceDatum": 0
    },
    "ul": {
     "value": 125,
     "unit": 6,
     "referenceDatum": 2
    },
    "_id": "6319941ed9f1e6a2b5f8dee9",
    "name": "LOR6 (ALLENTSTEIG)",
    "type": 1,
    "icao": 7,
    "bnd": [
     [
      48.5916667,
      15.0833333
     ],
     [
      48.7583333,
      15.5652778
     ]
    ]
   },
   "geometry": {
    "type": "Polygon",
    "coordinates": [
     [
      [
       15.1833333,
       48.7583333
      ],
      [
       15.3666667,
       48.7416667
      ],
      [
       15.5236111,
       48.6930556
      ],
      [
       15.5652778,
       48.625
      ],
      [
       15.45,
       48.5916667
      ],
      [
       15.1666667,
       48.6083333
      ],
      [
       15.0833333,
       48.725
      ],
      [
       15.1833333,
       48.7583333
      ]
     ]
    ]
   }
  },
  {
   "type": "Feature",
   "properties": {
    "ll": {
     "value": 0,
     "unit": 1,
     "referenceDatum": 0
    },
    "ul": {
     "value": 125,
     "unit": 6,
     "referenceDatum": 2
    },
    "_id": "6319941ed9f1e6a2b5f8def5",
    "name": "LOR7 (LIZUM)",
    "type": 1,
    "icao": 7,
    "bnd": [
     [
      47.125,
      11.575
     ],
     [
      47.225,
      11.6916667
     ]
    ]
   },
   "geometry": {
    "type": "Polygon",
    "coordinates": [
     [
      [
       11.6166667,
       47.225
      ],
      [
       11.6666667,
       47.2166667
      ],
      [
       11.6916667,
       47.1583333
      ],
      [
       11.65,
       47.125
      ],
      [
       11.6,
       47.1333333
      ],
      [
       11.575,
       47.1722222
      ],
      [
       11.5888889,
       47.2
      ],
      [
       11.6166667,
       47.225
      ]
     ]
    ]
   }
  },
  {
   "type": "Feature",
   "properties": {
    "ll": {
     "value": 0,
     "unit": 1,
     "referenceDatum": 0
    },
    "ul": {
     "value": 125,
     "unit": 6,
     "referenceDatum": 2
    },
    "_id": "6319941ed9f1e6a2b5f8df03",
    "name": "LOR8 (HOCHFILZEN)",
    "type": 1,
    "icao": 7,
    "bnd": [
     [
      47.45,
      12.6
     ],
     [
      47.525,
      12.7222222
     ]
    ]
   },
   "geometry": {
    "type": "Polygon",
    "coordinates": [
     [
      [
       12.6,
       47.525
      ],
      [
       12.7222222,
       47.5
      ],
      [
       12.6916667,
       47.45
      ],
      [
       12.625,
       47.475
      ],
      [
       12.6,
       47.525
      ]
     ]
    ]
   }
  },
  {
   "type": "Feature",
   "properties": {
    "ll": {
     "value": 0,
     "unit": 1,
     "referenceDatum": 0
    },
    "ul": {
     "value": 5000,
     "unit": 1,
     "referenceDatum": 1
    },
    "_id": "6319941ad9f1e6a2b5f8dd7e",
    "name": "MATZ AIGEN",
    "type": 14,
    "icao": 6,
    "bnd": [
     [
      47.49,
      14.0822222
     ],
     [
      47.5708333,
      14.2069444
     ]
    ]
   },
   "geometry": {
    "type": "Polygon",
    "coordinates": [
     [
      [
       14.0827778,
       47.5386111
      ],
      [
       14.1952778,
       47.5708333
      ],
      [
       14.2069444,
       47.5555556
      ],
      [
       14.2044444,
       47.5191667
      ],
      [
       14.0988889,
       47.49
      ],
      [
       14.0822222,
       47.5194444
      ],
      [
       14.0827778,
       47.5386111
      ]
     ]
    ]
   }
  },
  {
   "type": "Feature",
   "properties": {
    "ll": {
     "value": 0,
     "unit": 1,
     "referenceDatum": 0
    },
    "ul": {
     "value": 4500,
     "unit": 1,
     "referenceDatum": 1
    },
    "_id": "6319941ad9f1e6a2b5f8dd85",
    "name": "MATZ WIENER NEUSTADT 1",
    "type": 14,
    "icao": 6,
    "bnd": [
     [
      47.8069444,
      16.1441667
     ],
     [
      47.8838889,
      16.2441667
     ]
    ]
   },
   "geometry": {
    "type": "Polygon",
    "coordinates": [
     [
      [
       16.1963889,
       47.8838889
      ],
      [
       16.2202778,
       47.8769444
      ],
      [
       16.2441667,
       47.8602778
      ],
      [
       16.2336111,
       47.8088889
      ],
      [
       16.1636111,
       47.8069444
      ],
      [
       16.1441667,
       47.8505556
      ],
      [
       16.1963889,
       47.8838889
      ]
     ]
    ]
   }
  },
  {
   "type": "Feature",
   "properties": {
    "ll": {
     "value": 4500,
     "unit": 1,
     "referenceDatum": 1
    },
    "ul": {
     "value": 6500,
     "unit": 1,
     "referenceDatum": 1
    },
    "_id": "6319941ad9f1e6a2b5f8dd8f",
    "name": "MATZ WIENER NEUSTADT 2",
    "type": 14,
    "icao": 6,
    "bnd": [
     [
      47.8069444,
      16.1441667
     ],
     [
      47.8838889,
      16.2441667
     ]
    ]
   },
   "geometry": {
    "type": "Polygon",
    "coordinates": [
     [
      [
       16.1963889,
       47.8838889
      ],
      [
       16.2202778,
       47.8769444
      ],
      [
       16.2441667,
       47.8602778
      ],
      [
       16.2336111,
       47.8088889
      ],
      [
       16.1636111,
       47.8069444
      ],
      [
       16.1441667,
       47.8505556
      ],
      [
       16.1963889,
       47.8838889
      ]
     ]
    ]
   }
  },
  {
   "type": "Feature",
   "properties": {
    "ll": {
     "value": 0,
     "unit": 1,
     "referenceDatum": 0
    },
    "ul": {
     "value": 2500,
     "unit": 1,
     "referenceDatum": 1
    },
    "_id": "6319941cd9f1e6a2b5f8de3f",
    "name": "MCTR LOXT (TULLN TOWER:118.900)",
    "type": 4,
    "icao": 3,
    "bnd": [
     [
      48.2527778,
      15.7438889
     ],
     [
      48.4,
      16.325
     ]
    ]
   },
   "geometry": {
    "type": "Polygon",
    "coordinates": [
     [
      [
       15.9916667,
       48.4
      ],
      [
       16.3,
       48.3666667
      ],
      [
       16.325,
       48.3105556
      ],
      [
       16.3194444,
       48.3086111
      ],
      [
       16.2544444,
       48.3038889
      ],
      [
       16.1805556,
       48.2808333
      ],
      [
       16.1638889,
       48.2758333
      ],
      [
       16.09,
       48.2527778
      ],
      [
       15.7958333,
       48.2625
      ],
      [
       15.7438889,
       48.35
      ],
      [
       15.9916667,
       48.4
      ]
     ]
    ]
   }
  },
  {
   "type": "Feature",
   "properties": {
    "ll": {
     "value": 0,
     "unit": 1,
     "referenceDatum": 0
    },
    "ul": {
     "value": 8000,
     "unit": 1,
     "referenceDatum": 1
    },
    "_id": "6319941dd9f1e6a2b5f8de49",
    "name": "MCTR LOXZ",
    "type": 4,
    "icao": 3,
    "bnd": [
     [
      47.0580556,
      14.3680556
     ],
     [
      47.3244444,
      15.1155556
     ]
    ]
   },
   "geometry": {
    "type": "Polygon",
    "coordinates": [
     [
      [
       14.3680556,
       47.2436111
      ],
      [
       15.0761111,
       47.3244444
      ],
      [
       15.1119444,
       47.1752778
      ],
      [
       15.1155556,
       47.16
      ],
      [
       14.6575,
       47.1083333
      ],
      [
       14.6655556,
       47.0752778
      ],
      [
       14.5172222,
       47.0580556
      ],
      [
       14.5088889,
       47.0911111
      ],
      [
       14.4094444,
       47.0794444
      ],
      [
       14.3680556,
       47.2436111
      ]
     ]
    ]
   }
  },
  {
   "type": "Feature",
   "properties": {
    "ll": {
     "value": 7500,
     "unit": 1,
     "referenceDatum": 1
    },
    "ul": {
     "value": 245,
     "unit": 6,
     "referenceDatum": 2
    },
    "_id": "6319942ad9f1e6a2b5f8e435",
    "name": "MTA HOCHSCHWAB",
    "type": 25,
    "icao": 7,
    "bnd": [
     [
      47.4505556,
      14.6530556
     ],
     [
      47.8572222,
      15.5766667
     ]
    ]
   },
   "geometry": {
    "type": "Polygon",
    "coordinates": [
     [
      [
       14.7091667,
       47.8572222
      ],
      [
       15.5122222,
       47.8336111
      ],
      [
       15.5766667,
       47.8175
      ],
      [
       15.4008333,
       47.5286111
      ],
      [
       15.0575,
       47.4505556
      ],
      [
       14.9761111,
       47.53
      ],
      [
       14.6530556,
       47.8125
      ],
      [
       14.7091667,
       47.8572222
      ]
     ]
    ]
   }
  },
  {
   "type": "Feature",
   "properties": {
    "ll": {
     "value": 125,
     "unit": 6,
     "referenceDatum": 2
    },
    "ul": {
     "value": 265,
     "unit": 6,
     "referenceDatum": 2
    },
    "_id": "6319942ad9f1e6a2b5f8e42b",
    "name": "MTA HOCHSCHWAB-HOCH",
    "type": 25,
    "icao": 7,
    "bnd": [
     [
      47.4113889,
      14.4091667
     ],
     [
      47.8613889,
      15.5766667
     ]
    ]
   },
   "geometry": {
    "type": "Polygon",
    "coordinates": [
     [
      [
       14.4091667,
       47.8613889
      ],
      [
       14.6133333,
       47.8588889
      ],
      [
       14.7091667,
       47.8572222
      ],
      [
       15.5122222,
       47.8336111
      ],
      [
       15.5766667,
       47.8175
      ],
      [
       15.4008333,
       47.5286111
      ],
      [
       15.0575,
       47.4505556
      ],
      [
       14.9630556,
       47.4288889
      ],
      [
       14.8866667,
       47.4113889
      ],
      [
       14.4091667,
       47.8613889
      ]
     ]
    ]
   }
  },
  {
   "type": "Feature",
   "properties": {
    "ll": {
     "value": 125,
     "unit": 6,
     "referenceDatum": 2
    },
    "ul": {
     "value": 660,
     "unit": 6,
     "referenceDatum": 2
    },
    "_id": "6319942ad9f1e6a2b5f8e43f",
    "name": "MTA ISCHL",
    "type": 25,
    "icao": 7,
    "bnd": [
     [
      47.3897222,
      13.2966667
     ],
     [
      47.8630556,
      14.8866667
     ]
    ]
   },
   "geometry": {
    "type": "Polygon",
    "coordinates": [
     [
      [
       13.5,
       47.8630556
      ],
      [
       14.3077778,
       47.8625
      ],
      [
       14.4091667,
       47.8613889
      ],
      [
       14.8866667,
       47.4113889
      ],
      [
       14.7794444,
       47.3897222
      ],
      [
       13.4255556,
       47.5413889
      ],
      [
       13.2966667,
       47.6763889
      ],
      [
       13.3125,
       47.75
      ],
      [
       13.3177778,
       47.7744444
      ],
      [
       13.3244444,
       47.8038889
      ],
      [
       13.5,
       47.8630556
      ]
     ]
    ]
   }
  },
  {
   "type": "Feature",
   "properties": {
    "ll": {
     "value": 125,
     "unit": 6,
     "referenceDatum": 2
    },
    "ul": {
     "value": 285,
     "unit": 6,
     "referenceDatum": 2
    },
    "_id": "6319942ad9f1e6a2b5f8e44a",
    "name": "MTA OBDACH",
    "type": 25,
    "icao": 7,
    "bnd": [
     [
      46.5483333,
      14.0283333
     ],
     [
      47.2872222,
      15.33
     ]
    ]
   },
   "geometry": {
    "type": "Polygon",
    "coordinates": [
     [
      [
       14.7880556,
       47.2872222
      ],
      [
       14.9977778,
       47.2622222
      ],
      [
       15.0833333,
       47.1722222
      ],
      [
       15.1666667,
       47.0833333
      ],
      [
       15.33,
       46.9088889
      ],
      [
       15.1336111,
       46.6563889
      ],
      [
       15.1105556,
       46.6597222
      ],
      [
       15.0861111,
       46.6494444
      ],
      [
       15.0577778,
       46.6522222
      ],
      [
       15.03,
       46.6452778
      ],
      [
       15.0094444,
       46.6330556
      ],
      [
       14.9944444,
       46.6172222
      ],
      [
       14.98,
       46.6019444
      ],
      [
       14.9711111,
       46.6247222
      ],
      [
       14.9444444,
       46.6230556
      ],
      [
       14.9216667,
       46.6141667
      ],
      [
       14.8952778,
       46.6105556
      ],
      [
       14.8672222,
       46.6044444
      ],
      [
       14.8555556,
       46.5855556
      ],
      [
       14.8380556,
       46.5688889
      ],
      [
       14.8330556,
       46.5513889
      ],
      [
       14.8322222,
       46.5483333
      ],
      [
       14.6647222,
       46.615
      ],
      [
       14.4605556,
       46.7822222
      ],
      [
       14.1933333,
       46.9988889
      ],
      [
       14.0283333,
       47.1313889
      ],
      [
       14.7880556,
       47.2872222
      ]
     ]
    ]
   }
  },
  {
   "type": "Feature",
   "properties": {
    "ll": {
     "value": 125,
     "unit": 6,
     "referenceDatum": 2
    },
    "ul": {
     "value": 660,
     "unit": 6,
     "referenceDatum": 2
    },
    "_id": "6319942ad9f1e6a2b5f8e456",
    "name": "MTA PYHRN",
    "type": 25,
    "icao": 7,
    "bnd": [
     [
      47.2855556,
      13.2966667
     ],
     [
      47.8630556,
      14.8866667
     ]
    ]
   },
   "geometry": {
    "type": "Polygon",
    "coordinates": [
     [
      [
       13.5,
       47.8630556
      ],
      [
       14.3077778,
       47.8625
      ],
      [
       14.4091667,
       47.8613889
      ],
      [
       14.8866667,
       47.4113889
      ],
      [
       14.7794444,
       47.3897222
      ],
      [
       14.2677778,
       47.2855556
      ],
      [
       13.7230556,
       47.3475
      ],
      [
       13.5572222,
       47.4388889
      ],
      [
       13.44,
       47.5261111
      ],
      [
       13.4255556,
       47.5413889
      ],
      [
       13.2966667,
       47.6763889
      ],
      [
       13.3125,
       47.75
      ],
      [
       13.3177778,
       47.7744444
      ],
      [
       13.3244444,
       47.8038889
      ],
      [
       13.5,
       47.8630556
      ]
     ]
    ]
   }
  },
  {
   "type": "Feature",
   "properties": {
    "ll": {
     "value": 7500,
     "unit": 1,
     "referenceDatum": 1
    },
    "ul": {
     "value": 245,
     "unit": 6,
     "referenceDatum": 2
    },
    "_id": "6319942ad9f1e6a2b5f8e46a",
    "name": "MTA SCHOBER",
    "type": 25,
    "icao": 7,
    "bnd": [
     [
      46.7844444,
      13.3125
     ],
     [
      47.8630556,
      15.1666667
     ]
    ]
   },
   "geometry": {
    "type": "Polygon",
    "coordinates": [
     [
      [
       13.5,
       47.8630556
      ],
      [
       14.3077778,
       47.8625
      ],
      [
       14.3994444,
       47.8147222
      ],
      [
       14.5333333,
       47.6916667
      ],
      [
       14.7333333,
       47.5
      ],
      [
       14.7772222,
       47.4597222
      ],
      [
       14.7972222,
       47.4416667
      ],
      [
       14.9369444,
       47.3191667
      ],
      [
       14.9777778,
       47.2833333
      ],
      [
       14.9977778,
       47.2622222
      ],
      [
       15.0833333,
       47.1722222
      ],
      [
       15.1666667,
       47.0833333
      ],
      [
       15.1416667,
       46.9666667
      ],
      [
       14.6197222,
       46.7919444
      ],
      [
       14.4983333,
       46.7844444
      ],
      [
       14.4441667,
       46.7955556
      ],
      [
       14.1933333,
       46.9988889
      ],
      [
       14.0283333,
       47.1313889
      ],
      [
       13.9694444,
       47.1819444
      ],
      [
       13.9472222,
       47.2
      ],
      [
       13.6055556,
       47.475
      ],
      [
       13.4947222,
       47.58
      ],
      [
       13.405,
       47.6636111
      ],
      [
       13.3547222,
       47.7086111
      ],
      [
       13.3125,
       47.75
      ],
      [
       13.3177778,
       47.7744444
      ],
      [
       13.3244444,
       47.8038889
      ],
      [
       13.5,
       47.8630556
      ]
     ]
    ]
   }
  },
  {
   "type": "Feature",
   "properties": {
    "ll": {
     "value": 7500,
     "unit": 1,
     "referenceDatum": 1
    },
    "ul": {
     "value": 245,
     "unit": 6,
     "referenceDatum": 2
    },
    "_id": "6319942ad9f1e6a2b5f8e460",
    "name": "MTA SCHOBER-NORD",
    "type": 25,
    "icao": 7,
    "bnd": [
     [
      47.1819444,
      13.3125
     ],
     [
      47.8630556,
      14.7772222
     ]
    ]
   },
   "geometry": {
    "type": "Polygon",
    "coordinates": [
     [
      [
       13.5,
       47.8630556
      ],
      [
       14.3077778,
       47.8625
      ],
      [
       14.3994444,
       47.8147222
      ],
      [
       14.5333333,
       47.6916667
      ],
      [
       14.7333333,
       47.5
      ],
      [
       14.7772222,
       47.4597222
      ],
      [
       14.3566667,
       47.4113889
      ],
      [
       14.0008333,
       47.2225
      ],
      [
       13.9694444,
       47.1819444
      ],
      [
       13.9472222,
       47.2
      ],
      [
       13.6055556,
       47.475
      ],
      [
       13.4947222,
       47.58
      ],
      [
       13.405,
       47.6636111
      ],
      [
       13.3547222,
       47.7086111
      ],
      [
       13.3125,
       47.75
      ],
      [
       13.3177778,
       47.7744444
      ],
      [
       13.3244444,
       47.8038889
      ],
      [
       13.5,
       47.8630556
      ]
     ]
    ]
   }
  },
  {
   "type": "Feature",
   "properties": {
    "ll": {
     "value": 7500,
     "unit": 1,
     "referenceDatum": 1
    },
    "ul": {
     "value": 245,
     "unit": 6,
     "referenceDatum": 2
    },
    "_id": "6319942ad9f1e6a2b5f8e474",
    "name": "MTA SCHOBER-SUED",
    "type": 25,
    "icao": 7,
    "bnd": [
     [
      46.7844444,
      13.9694444
     ],
     [
      47.4597222,
      15.1666667
     ]
    ]
   },
   "geometry": {
    "type": "Polygon",
    "coordinates": [
     [
      [
       14.7772222,
       47.4597222
      ],
      [
       14.7972222,
       47.4416667
      ],
      [
       14.9369444,
       47.3191667
      ],
      [
       14.9777778,
       47.2833333
      ],
      [
       14.9977778,
       47.2622222
      ],
      [
       15.0833333,
       47.1722222
      ],
      [
       15.1666667,
       47.0833333
      ],
      [
       15.1416667,
       46.9666667
      ],
      [
       14.6197222,
       46.7919444
      ],
      [
       14.4983333,
       46.7844444
      ],
      [
       14.4441667,
       46.7955556
      ],
      [
       14.1933333,
       46.9988889
      ],
      [
       14.0283333,
       47.1313889
      ],
      [
       13.9694444,
       47.1819444
      ],
      [
       14.0008333,
       47.2225
      ],
      [
       14.3566667,
       47.4113889
      ],
      [
       14.7772222,
       47.4597222
      ]
     ]
    ]
   }
  },
  {
   "type": "Feature",
   "properties": {
    "ll": {
     "value": 125,
     "unit": 6,
     "referenceDatum": 2
    },
    "ul": {
     "value": 245,
     "unit": 6,
     "referenceDatum": 2
    },
    "_id": "6319942ad9f1e6a2b5f8e47e",
    "name": "MTA TAUERN-MITTE",
    "type": 25,
    "icao": 7,
    "bnd": [
     [
      47.0833333,
      14.3994444
     ],
     [
      47.8147222,
      15.3241667
     ]
    ]
   },
   "geometry": {
    "type": "Polygon",
    "coordinates": [
     [
      [
       14.3994444,
       47.8147222
      ],
      [
       14.6530556,
       47.8125
      ],
      [
       14.9761111,
       47.53
      ],
      [
       15.0575,
       47.4505556
      ],
      [
       15.3241667,
       47.2083333
      ],
      [
       15.2152778,
       47.1111111
      ],
      [
       15.1666667,
       47.0833333
      ],
      [
       15.0833333,
       47.1722222
      ],
      [
       14.9977778,
       47.2622222
      ],
      [
       14.9777778,
       47.2833333
      ],
      [
       14.9369444,
       47.3191667
      ],
      [
       14.7972222,
       47.4416667
      ],
      [
       14.7772222,
       47.4597222
      ],
      [
       14.7333333,
       47.5
      ],
      [
       14.5333333,
       47.6916667
      ],
      [
       14.3994444,
       47.8147222
      ]
     ]
    ]
   }
  },
  {
   "type": "Feature",
   "properties": {
    "ll": {
     "value": 185,
     "unit": 6,
     "referenceDatum": 2
    },
    "ul": {
     "value": 660,
     "unit": 6,
     "referenceDatum": 2
    },
    "_id": "6319942ad9f1e6a2b5f8e488",
    "name": "MTA TAUERN-NORD",
    "type": 25,
    "icao": 7,
    "bnd": [
     [
      47.2855556,
      13.2966667
     ],
     [
      47.8630556,
      15.0375
     ]
    ]
   },
   "geometry": {
    "type": "Polygon",
    "coordinates": [
     [
      [
       13.5,
       47.8630556
      ],
      [
       14.3077778,
       47.8625
      ],
      [
       14.4091667,
       47.8613889
      ],
      [
       14.6133333,
       47.8588889
      ],
      [
       14.9336111,
       47.6683333
      ],
      [
       15.0375,
       47.5061111
      ],
      [
       14.9630556,
       47.4288889
      ],
      [
       14.8866667,
       47.4113889
      ],
      [
       14.7794444,
       47.3897222
      ],
      [
       14.2677778,
       47.2855556
      ],
      [
       13.7230556,
       47.3475
      ],
      [
       13.5572222,
       47.4388889
      ],
      [
       13.44,
       47.5261111
      ],
      [
       13.4255556,
       47.5413889
      ],
      [
       13.2966667,
       47.6763889
      ],
      [
       13.3125,
       47.75
      ],
      [
       13.3177778,
       47.7744444
      ],
      [
       13.3244444,
       47.8038889
      ],
      [
       13.5,
       47.8630556
      ]
     ]
    ]
   }
  },
  {
   "type": "Feature",
   "properties": {
    "ll": {
     "value": 2500,
     "unit": 1,
     "referenceDatum": 1
    },
    "ul": {
     "value": 3500,
     "unit": 1,
     "referenceDatum": 1
    },
    "_id": "6319942bd9f1e6a2b5f8e492",
    "name": "MTA TULLN 1",
    "type": 25,
    "icao": 7,
    "bnd": [
     [
      48.3288889,
      16.3652778
     ],
     [
      48.4088889,
      16.5772222
     ]
    ]
   },
   "geometry": {
    "type": "Polygon",
    "coordinates": [
     [
      [
       16.3652778,
       48.3741667
      ],
      [
       16.5488889,
       48.4088889
      ],
      [
       16.5772222,
       48.3427778
      ],
      [
       16.3722222,
       48.3288889
      ],
      [
       16.3652778,
       48.3741667
      ]
     ]
    ]
   }
  },
  {
   "type": "Feature",
   "properties": {
    "ll": {
     "value": 7000,
     "unit": 1,
     "referenceDatum": 1
    },
    "ul": {
     "value": 125,
     "unit": 6,
     "referenceDatum": 2
    },
    "_id": "6319942bd9f1e6a2b5f8e49c",
    "name": "MTA ZELTWEG 1",
    "type": 25,
    "icao": 7,
    "bnd": [
     [
      47.17,
      15.1866667
     ],
     [
      47.3152778,
      15.3136111
     ]
    ]
   },
   "geometry": {
    "type": "Polygon",
    "coordinates": [
     [
      [
       15.1866667,
       47.275
      ],
      [
       15.245,
       47.3105556
      ],
      [
       15.2825,
       47.3152778
      ],
      [
       15.3136111,
       47.1816667
      ],
      [
       15.205,
       47.17
      ],
      [
       15.1866667,
       47.275
      ]
     ]
    ]
   }
  },
  {
   "type": "Feature",
   "properties": {
    "ll": {
     "value": 7500,
     "unit": 1,
     "referenceDatum": 1
    },
    "ul": {
     "value": 125,
     "unit": 6,
     "referenceDatum": 2
    },
    "_id": "6319942bd9f1e6a2b5f8e4a6",
    "name": "MTA ZELTWEG 2",
    "type": 25,
    "icao": 7,
    "bnd": [
     [
      47.0877778,
      15.1747222
     ],
     [
      47.4461111,
      15.4944444
     ]
    ]
   },
   "geometry": {
    "type": "Polygon",
    "coordinates": [
     [
      [
       15.4202778,
       47.4461111
      ],
      [
       15.4463889,
       47.3358333
      ],
      [
       15.4902778,
       47.1472222
      ],
      [
       15.4944444,
       47.1297222
      ],
      [
       15.2955556,
       47.1038889
      ],
      [
       15.2488889,
       47.0977778
      ],
      [
       15.1747222,
       47.0877778
      ],
      [
       15.2152778,
       47.1111111
      ],
      [
       15.2108333,
       47.1366667
      ],
      [
       15.205,
       47.17
      ],
      [
       15.3136111,
       47.1816667
      ],
      [
       15.2825,
       47.3152778
      ],
      [
       15.2561111,
       47.4283333
      ],
      [
       15.4202778,
       47.4461111
      ]
     ]
    ]
   }
  },
  {
   "type": "Feature",
   "properties": {
    "ll": {
     "value": 2500,
     "unit": 1,
     "referenceDatum": 1
    },
    "ul": {
     "value": 6500,
     "unit": 1,
     "referenceDatum": 1
    },
    "_id": "63199425d9f1e6a2b5f8e1cf",
    "name": "MTMA LOXT",
    "type": 0,
    "icao": 3,
    "bnd": [
     [
      48.1863889,
      15.6016667
     ],
     [
      48.6716667,
      16.48
     ]
    ]
   },
   "geometry": {
    "type": "Polygon",
    "coordinates": [
     [
      [
       15.8763889,
       48.67
      ],
      [
       16.3141667,
       48.6716667
      ],
      [
       16.48,
       48.5688889
      ],
      [
       16.2636111,
       48.5277778
      ],
      [
       16.0475,
       48.4861111
      ],
      [
       15.9877778,
       48.4022222
      ],
      [
       15.9430556,
       48.3391667
      ],
      [
       15.8513889,
       48.2122222
      ],
      [
       15.8788889,
       48.1863889
      ],
      [
       15.7008333,
       48.1922222
      ],
      [
       15.6016667,
       48.2841667
      ],
      [
       15.8763889,
       48.67
      ]
     ]
    ]
   }
  },
  {
   "type": "Feature",
   "properties": {
    "ll": {
     "value": 2500,
     "unit": 1,
     "referenceDatum": 1
    },
    "ul": {
     "value": 3500,
     "unit": 1,
     "referenceDatum": 1
    },
    "_id": "63199425d9f1e6a2b5f8e1d9",
    "name": "MTMA LOXT",
    "type": 0,
    "icao": 3,
    "bnd": [
     [
      48.2452778,
      16.0663889
     ],
     [
      48.4566667,
      16.5488889
     ]
    ]
   },
   "geometry": {
    "type": "Polygon",
    "coordinates": [
     [
      [
       16.1716667,
       48.3886111
      ],
      [
       16.2808333,
       48.4094444
      ],
      [
       16.3038889,
       48.4138889
      ],
      [
       16.5283333,
       48.4566667
      ],
      [
       16.5488889,
       48.4088889
      ],
      [
       16.3652778,
       48.3741667
      ],
      [
       16.3722222,
       48.3288889
      ],
      [
       16.3747222,
       48.3122222
      ],
      [
       16.3194444,
       48.3086111
      ],
      [
       16.2544444,
       48.3038889
      ],
      [
       16.1805556,
       48.2808333
      ],
      [
       16.1638889,
       48.2758333
      ],
      [
       16.09,
       48.2527778
      ],
      [
       16.0663889,
       48.2452778
      ],
      [
       16.0722222,
       48.2533333
      ],
      [
       16.1180556,
       48.3180556
      ],
      [
       16.13,
       48.3347222
      ],
      [
       16.1716667,
       48.3886111
      ]
     ]
    ]
   }
  },
  {
   "type": "Feature",
   "properties": {
    "ll": {
     "value": 2500,
     "unit": 1,
     "referenceDatum": 1
    },
    "ul": {
     "value": 4500,
     "unit": 1,
     "referenceDatum": 1
    },
    "_id": "63199425d9f1e6a2b5f8e1e3",
    "name": "MTMA LOXT",
    "type": 0,
    "icao": 3,
    "bnd": [
     [
      48.1863889,
      15.8513889
     ],
     [
      48.5688889,
      16.5283333
     ]
    ]
   },
   "geometry": {
    "type": "Polygon",
    "coordinates": [
     [
      [
       16.0475,
       48.4861111
      ],
      [
       16.2636111,
       48.5277778
      ],
      [
       16.48,
       48.5688889
      ],
      [
       16.5283333,
       48.4566667
      ],
      [
       16.3038889,
       48.4138889
      ],
      [
       16.2808333,
       48.4094444
      ],
      [
       16.1716667,
       48.3886111
      ],
      [
       16.13,
       48.3347222
      ],
      [
       16.1180556,
       48.3180556
      ],
      [
       16.0722222,
       48.2533333
      ],
      [
       16.0663889,
       48.2452778
      ],
      [
       15.8788889,
       48.1863889
      ],
      [
       15.8513889,
       48.2122222
      ],
      [
       15.9430556,
       48.3391667
      ],
      [
       15.9877778,
       48.4022222
      ],
      [
       16.0475,
       48.4861111
      ]
     ]
    ]
   }
  },
  {
   "type": "Feature",
   "properties": {
    "ll": {
     "value": 6500,
     "unit": 1,
     "referenceDatum": 1
    },
    "ul": {
     "value": 125,
     "unit": 6,
     "referenceDatum": 2
    },
    "_id": "63199425d9f1e6a2b5f8e1ee",
    "name": "MTMA LOXZ",
    "type": 0,
    "icao": 3,
    "bnd": [
     [
      47.0408333,
      14.3113889
     ],
     [
      47.4283333,
      15.2825
     ]
    ]
   },
   "geometry": {
    "type": "Polygon",
    "coordinates": [
     [
      [
       14.9355556,
       47.3927778
      ],
      [
       15.1241667,
       47.4138889
      ],
      [
       15.2561111,
       47.4283333
      ],
      [
       15.2825,
       47.3152778
      ],
      [
       15.245,
       47.3105556
      ],
      [
       15.1866667,
       47.275
      ],
      [
       15.205,
       47.17
      ],
      [
       15.2108333,
       47.1366667
      ],
      [
       15,
       47.1133333
      ],
      [
       14.6655556,
       47.0752778
      ],
      [
       14.5172222,
       47.0580556
      ],
      [
       14.3694444,
       47.0408333
      ],
      [
       14.3113889,
       47.2708333
      ],
      [
       14.4980556,
       47.2925
      ],
      [
       14.7808333,
       47.325
      ],
      [
       14.8616667,
       47.3341667
      ],
      [
       14.9355556,
       47.3927778
      ]
     ]
    ]
   }
  },
  {
   "type": "Feature",
   "properties": {
    "ll": {
     "value": 7500,
     "unit": 1,
     "referenceDatum": 1
    },
    "ul": {
     "value": 125,
     "unit": 6,
     "referenceDatum": 2
    },
    "_id": "63199425d9f1e6a2b5f8e1f7",
    "name": "MTMA LOXZ",
    "type": 0,
    "icao": 3,
    "bnd": [
     [
      46.7722222,
      14.0425
     ],
     [
      47.2708333,
      15.2152778
     ]
    ]
   },
   "geometry": {
    "type": "Polygon",
    "coordinates": [
     [
      [
       14.3113889,
       47.2708333
      ],
      [
       14.3694444,
       47.0408333
      ],
      [
       14.5172222,
       47.0580556
      ],
      [
       14.6655556,
       47.0752778
      ],
      [
       15,
       47.1133333
      ],
      [
       15.2108333,
       47.1366667
      ],
      [
       15.2152778,
       47.1111111
      ],
      [
       15.1747222,
       47.0877778
      ],
      [
       15.1666667,
       47.0833333
      ],
      [
       15.1861111,
       46.995
      ],
      [
       15.1886111,
       46.9822222
      ],
      [
       14.5591667,
       46.7722222
      ],
      [
       14.4983333,
       46.7844444
      ],
      [
       14.4441667,
       46.7955556
      ],
      [
       14.2125,
       46.9833333
      ],
      [
       14.0425,
       47.12
      ],
      [
       14.3113889,
       47.2708333
      ]
     ]
    ]
   }
  },
  {
   "type": "Feature",
   "properties": {
    "ll": {
     "value": 8500,
     "unit": 1,
     "referenceDatum": 1
    },
    "ul": {
     "value": 125,
     "unit": 6,
     "referenceDatum": 2
    },
    "_id": "63199425d9f1e6a2b5f8e201",
    "name": "MTMA LOXZ",
    "type": 0,
    "icao": 3,
    "bnd": [
     [
      47.325,
      14.7605556
     ],
     [
      47.4791667,
      15.4202778
     ]
    ]
   },
   "geometry": {
    "type": "Polygon",
    "coordinates": [
     [
      [
       14.7605556,
       47.4072222
      ],
      [
       14.8277778,
       47.4147222
      ],
      [
       15.0880556,
       47.4438889
      ],
      [
       15.4125,
       47.4791667
      ],
      [
       15.4202778,
       47.4461111
      ],
      [
       15.2561111,
       47.4283333
      ],
      [
       15.1241667,
       47.4138889
      ],
      [
       14.9355556,
       47.3927778
      ],
      [
       14.8616667,
       47.3341667
      ],
      [
       14.7808333,
       47.325
      ],
      [
       14.7605556,
       47.4072222
      ]
     ]
    ]
   }
  },
  {
   "type": "Feature",
   "properties": {
    "ll": {
     "value": 9500,
     "unit": 1,
     "referenceDatum": 1
    },
    "ul": {
     "value": 125,
     "unit": 6,
     "referenceDatum": 2
    },
    "_id": "63199425d9f1e6a2b5f8e20b",
    "name": "MTMA LOXZ",
    "type": 0,
    "icao": 3,
    "bnd": [
     [
      47.12,
      13.9694444
     ],
     [
      47.5286111,
      15.4125
     ]
    ]
   },
   "geometry": {
    "type": "Polygon",
    "coordinates": [
     [
      [
       13.9694444,
       47.1819444
      ],
      [
       14.0008333,
       47.2225
      ],
      [
       14.1341667,
       47.2933333
      ],
      [
       14.3566667,
       47.4113889
      ],
      [
       14.465,
       47.4241667
      ],
      [
       14.7772222,
       47.4597222
      ],
      [
       15,
       47.4847222
      ],
      [
       15.095,
       47.4952778
      ],
      [
       15.4008333,
       47.5286111
      ],
      [
       15.4125,
       47.4791667
      ],
      [
       15.0880556,
       47.4438889
      ],
      [
       14.8277778,
       47.4147222
      ],
      [
       14.7605556,
       47.4072222
      ],
      [
       14.7808333,
       47.325
      ],
      [
       14.4980556,
       47.2925
      ],
      [
       14.3113889,
       47.2708333
      ],
      [
       14.0425,
       47.12
      ],
      [
       14.0236111,
       47.1352778
      ],
      [
       13.9694444,
       47.1819444
      ]
     ]
    ]
   }
  },
  {
   "type": "Feature",
   "properties": {
    "ll": {
     "value": 0,
     "unit": 1,
     "referenceDatum": 0
    },
    "ul": {
     "value": 3000,
     "unit": 1,
     "referenceDatum": 1
    },
    "_id": "6319941fd9f1e6a2b5f8df36",
    "name": "RMZ VOESLAU (VÖSLAU AERODROME:118.605)",
    "type": 6,
    "icao": 7,
    "bnd": [
     [
      47.91,
      16.1583333
     ],
     [
      48.0222222,
      16.3888889
     ]
    ]
   },
   "geometry": {
    "type": "Polygon",
    "coordinates": [
     [
      [
       16.2958333,
       47.9166667
      ],
      [
       16.2488889,
       47.91
      ],
      [
       16.1666667,
       47.9658333
      ],
      [
       16.1583333,
       48.0055556
      ],
      [
       16.1819444,
       48.0222222
      ],
      [
       16.2666667,
       48.0180556
      ],
      [
       16.3888889,
       47.9416667
      ],
      [
       16.3675,
       47.9225
      ],
      [
       16.3380556,
       47.9308333
      ],
      [
       16.3252778,
       47.9313889
      ],
      [
       16.2958333,
       47.9166667
      ]
     ]
    ]
   }
  },
  {
   "type": "Feature",
   "properties": {
    "ll": {
     "value": 0,
     "unit": 1,
     "referenceDatum": 0
    },
    "ul": {
     "value": 3000,
     "unit": 1,
     "referenceDatum": 1
    },
    "_id": "6319941fd9f1e6a2b5f8df2c",
    "name": "RMZ WIENER NEUSTADT (WIENER NEUSTADT/OST AERODROME:122.655)",
    "type": 6,
    "icao": 7,
    "bnd": [
     [
      47.7833333,
      16.2336111
     ],
     [
      47.8766667,
      16.3722222
     ]
    ]
   },
   "geometry": {
    "type": "Polygon",
    "coordinates": [
     [
      [
       16.2336111,
       47.8088889
      ],
      [
       16.2441667,
       47.8602778
      ],
      [
       16.2466667,
       47.8677778
      ],
      [
       16.2886111,
       47.8766667
      ],
      [
       16.3722222,
       47.8638889
      ],
      [
       16.3644444,
       47.8319444
      ],
      [
       16.3325,
       47.8077778
      ],
      [
       16.3194444,
       47.7833333
      ],
      [
       16.2583333,
       47.7966667
      ],
      [
       16.2336111,
       47.8088889
      ]
     ]
    ]
   }
  },
  {
   "type": "Feature",
   "properties": {
    "ll": {
     "value": 2500,
     "unit": 1,
     "referenceDatum": 1
    },
    "ul": {
     "value": 195,
     "unit": 6,
     "referenceDatum": 2
    },
    "_id": "6319941fd9f1e6a2b5f8df54",
    "name": "TMA LOWG",
    "type": 0,
    "icao": 3,
    "bnd": [
     [
      46.7277778,
      15.2458333
     ],
     [
      47.1647222,
      15.7680556
     ]
    ]
   },
   "geometry": {
    "type": "Polygon",
    "coordinates": [
     [
      [
       15.3427778,
       47.1544444
      ],
      [
       15.4283333,
       47.1647222
      ],
      [
       15.4902778,
       47.1472222
      ],
      [
       15.5338889,
       47.135
      ],
      [
       15.5761111,
       47.1230556
      ],
      [
       15.685,
       47.0922222
      ],
      [
       15.7680556,
       46.7813889
      ],
      [
       15.6736111,
       46.7694444
      ],
      [
       15.3527778,
       46.7277778
      ],
      [
       15.2808333,
       46.9847222
      ],
      [
       15.2488889,
       47.0977778
      ],
      [
       15.2458333,
       47.1088889
      ],
      [
       15.3427778,
       47.1544444
      ]
     ]
    ]
   }
  },
  {
   "type": "Feature",
   "properties": {
    "ll": {
     "value": 4500,
     "unit": 1,
     "referenceDatum": 1
    },
    "ul": {
     "value": 195,
     "unit": 6,
     "referenceDatum": 2
    },
    "_id": "6319941fd9f1e6a2b5f8df5e",
    "name": "TMA LOWG",
    "type": 0,
    "icao": 3,
    "bnd": [
     [
      46.6133333,
      15.1666667
     ],
     [
      47.2041667,
      16.0391667
     ]
    ]
   },
   "geometry": {
    "type": "Polygon",
    "coordinates": [
     [
      [
       15.9855556,
       46.8272222
      ],
      [
       15.9211111,
       47.0591667
      ],
      [
       15.7397222,
       47.0847222
      ],
      [
       15.685,
       47.0922222
      ],
      [
       15.7680556,
       46.7813889
      ],
      [
       15.6736111,
       46.7694444
      ],
      [
       15.3527778,
       46.7277778
      ],
      [
       15.2808333,
       46.9847222
      ],
      [
       15.2488889,
       47.0977778
      ],
      [
       15.2458333,
       47.1088889
      ],
      [
       15.3427778,
       47.1544444
      ],
      [
       15.4283333,
       47.1647222
      ],
      [
       15.4241667,
       47.1925
      ],
      [
       15.3797222,
       47.2041667
      ],
      [
       15.3458333,
       47.185
      ],
      [
       15.2411111,
       47.1258333
      ],
      [
       15.2152778,
       47.1111111
      ],
      [
       15.1747222,
       47.0877778
      ],
      [
       15.1666667,
       47.0833333
      ],
      [
       15.1861111,
       46.995
      ],
      [
       15.1886111,
       46.9822222
      ],
      [
       15.2455556,
       46.7166667
      ],
      [
       15.2622222,
       46.6447222
      ],
      [
       15.2763889,
       46.6436111
      ],
      [
       15.3016667,
       46.6530556
      ],
      [
       15.3283333,
       46.6530556
      ],
      [
       15.3561111,
       46.6513889
      ],
      [
       15.3836111,
       46.6513889
      ],
      [
       15.4138889,
       46.6555556
      ],
      [
       15.4338889,
       46.6425
      ],
      [
       15.4575,
       46.6291667
      ],
      [
       15.4702778,
       46.6133333
      ],
      [
       15.4952778,
       46.6188889
      ],
      [
       15.5227778,
       46.6236111
      ],
      [
       15.545,
       46.6344444
      ],
      [
       15.5530556,
       46.6530556
      ],
      [
       15.5591667,
       46.6711111
      ],
      [
       15.5791667,
       46.6833333
      ],
      [
       15.6052778,
       46.6811111
      ],
      [
       15.6330556,
       46.6816667
      ],
      [
       15.6538889,
       46.6927778
      ],
      [
       15.6722222,
       46.7069444
      ],
      [
       15.6961111,
       46.6986111
      ],
      [
       15.7230556,
       46.6958333
      ],
      [
       15.7519444,
       46.6980556
      ],
      [
       15.7780556,
       46.7036111
      ],
      [
       15.8061111,
       46.7166667
      ],
      [
       15.835,
       46.7222222
      ],
      [
       15.8680556,
       46.7213889
      ],
      [
       15.8925,
       46.7141667
      ],
      [
       15.9191667,
       46.7066667
      ],
      [
       15.9516667,
       46.6877778
      ],
      [
       16.0008333,
       46.6791667
      ],
      [
       16.0155556,
       46.6630556
      ],
      [
       16.0391667,
       46.6722222
      ],
      [
       16.0344444,
       46.6972222
      ],
      [
       16.0166667,
       46.7161111
      ],
      [
       15.9938889,
       46.7305556
      ],
      [
       15.9866667,
       46.75
      ],
      [
       15.9888889,
       46.7688889
      ],
      [
       15.9930556,
       46.7877778
      ],
      [
       15.9980556,
       46.8102778
      ],
      [
       15.9855556,
       46.8272222
      ]
     ]
    ]
   }
  },
  {
   "type": "Feature",
   "properties": {
    "ll": {
     "value": 5000,
     "unit": 1,
     "referenceDatum": 1
    },
    "ul": {
     "value": 195,
     "unit": 6,
     "referenceDatum": 2
    },
    "_id": "6319941fd9f1e6a2b5f8df68",
    "name": "TMA LOWG",
    "type": 0,
    "icao": 3,
    "bnd": [
     [
      47.185,
      15.3113889
     ],
     [
      47.3175,
      15.4241667
     ]
    ]
   },
   "geometry": {
    "type": "Polygon",
    "coordinates": [
     [
      [
       15.3113889,
       47.3083333
      ],
      [
       15.3894444,
       47.3175
      ],
      [
       15.4241667,
       47.1925
      ],
      [
       15.3797222,
       47.2041667
      ],
      [
       15.3458333,
       47.185
      ],
      [
       15.3113889,
       47.3083333
      ]
     ]
    ]
   }
  },
  {
   "type": "Feature",
   "properties": {
    "ll": {
     "value": 7000,
     "unit": 1,
     "referenceDatum": 1
    },
    "ul": {
     "value": 195,
     "unit": 6,
     "referenceDatum": 2
    },
    "_id": "6319941fd9f1e6a2b5f8df72",
    "name": "TMA LOWG",
    "type": 0,
    "icao": 3,
    "bnd": [
     [
      47.1111111,
      15.1866667
     ],
     [
      47.3358333,
      15.5761111
     ]
    ]
   },
   "geometry": {
    "type": "Polygon",
    "coordinates": [
     [
      [
       15.2108333,
       47.1366667
      ],
      [
       15.2152778,
       47.1111111
      ],
      [
       15.3458333,
       47.185
      ],
      [
       15.3113889,
       47.3083333
      ],
      [
       15.3894444,
       47.3175
      ],
      [
       15.4241667,
       47.1925
      ],
      [
       15.4283333,
       47.1647222
      ],
      [
       15.4902778,
       47.1472222
      ],
      [
       15.5338889,
       47.135
      ],
      [
       15.5761111,
       47.1230556
      ],
      [
       15.5205556,
       47.3211111
      ],
      [
       15.4463889,
       47.3358333
      ],
      [
       15.3866667,
       47.3283333
      ],
      [
       15.2825,
       47.3152778
      ],
      [
       15.245,
       47.3105556
      ],
      [
       15.1866667,
       47.275
      ],
      [
       15.205,
       47.17
      ],
      [
       15.2108333,
       47.1366667
      ]
     ]
    ]
   }
  },
  {
   "type": "Feature",
   "properties": {
    "ll": {
     "value": 7500,
     "unit": 1,
     "referenceDatum": 1
    },
    "ul": {
     "value": 195,
     "unit": 6,
     "referenceDatum": 2
    },
    "_id": "6319941fd9f1e6a2b5f8df7c",
    "name": "TMA LOWG",
    "type": 0,
    "icao": 3,
    "bnd": [
     [
      47.0847222,
      15.2561111
     ],
     [
      47.4688889,
      15.7397222
     ]
    ]
   },
   "geometry": {
    "type": "Polygon",
    "coordinates": [
     [
      [
       15.2561111,
       47.4283333
      ],
      [
       15.4202778,
       47.4461111
      ],
      [
       15.6327778,
       47.4688889
      ],
      [
       15.7397222,
       47.0847222
      ],
      [
       15.685,
       47.0922222
      ],
      [
       15.5761111,
       47.1230556
      ],
      [
       15.5205556,
       47.3211111
      ],
      [
       15.4463889,
       47.3358333
      ],
      [
       15.3866667,
       47.3283333
      ],
      [
       15.2825,
       47.3152778
      ],
      [
       15.2561111,
       47.4283333
      ]
     ]
    ]
   }
  },
  {
   "type": "Feature",
   "properties": {
    "ll": {
     "value": 195,
     "unit": 6,
     "referenceDatum": 2
    },
    "ul": {
     "value": 245,
     "unit": 6,
     "referenceDatum": 2
    },
    "_id": "63199420d9f1e6a2b5f8df86",
    "name": "TMA LOWG",
    "type": 0,
    "icao": 2,
    "bnd": [
     [
      47.185,
      15.3113889
     ],
     [
      47.3175,
      15.4241667
     ]
    ]
   },
   "geometry": {
    "type": "Polygon",
    "coordinates": [
     [
      [
       15.3113889,
       47.3083333
      ],
      [
       15.3894444,
       47.3175
      ],
      [
       15.4241667,
       47.1925
      ],
      [
       15.3797222,
       47.2041667
      ],
      [
       15.3458333,
       47.185
      ],
      [
       15.3113889,
       47.3083333
      ]
     ]
    ]
   }
  },
  {
   "type": "Feature",
   "properties": {
    "ll": {
     "value": 195,
     "unit": 6,
     "referenceDatum": 2
    },
    "ul": {
     "value": 245,
     "unit": 6,
     "referenceDatum": 2
    },
    "_id": "63199420d9f1e6a2b5f8df90",
    "name": "TMA LOWG",
    "type": 0,
    "icao": 2,
    "bnd": [
     [
      46.6133333,
      15.1666667
     ],
     [
      47.2041667,
      16.0391667
     ]
    ]
   },
   "geometry": {
    "type": "Polygon",
    "coordinates": [
     [
      [
       15.9855556,
       46.8272222
      ],
      [
       15.9211111,
       47.0591667
      ],
      [
       15.7397222,
       47.0847222
      ],
      [
       15.685,
       47.0922222
      ],
      [
       15.7680556,
       46.7813889
      ],
      [
       15.6736111,
       46.7694444
      ],
      [
       15.3527778,
       46.7277778
      ],
      [
       15.2808333,
       46.9847222
      ],
      [
       15.2488889,
       47.0977778
      ],
      [
       15.2458333,
       47.1088889
      ],
      [
       15.3427778,
       47.1544444
      ],
      [
       15.4283333,
       47.1647222
      ],
      [
       15.4241667,
       47.1925
      ],
      [
       15.3797222,
       47.2041667
      ],
      [
       15.3458333,
       47.185
      ],
      [
       15.2411111,
       47.1258333
      ],
      [
       15.2152778,
       47.1111111
      ],
      [
       15.1747222,
       47.0877778
      ],
      [
       15.1666667,
       47.0833333
      ],
      [
       15.1861111,
       46.995
      ],
      [
       15.1886111,
       46.9822222
      ],
      [
       15.2455556,
       46.7166667
      ],
      [
       15.2622222,
       46.6447222
      ],
      [
       15.2763889,
       46.6436111
      ],
      [
       15.3016667,
       46.6530556
      ],
      [
       15.3283333,
       46.6530556
      ],
      [
       15.3561111,
       46.6513889
      ],
      [
       15.3836111,
       46.6513889
      ],
      [
       15.4138889,
       46.6555556
      ],
      [
       15.4338889,
       46.6425
      ],
      [
       15.4575,
       46.6291667
      ],
      [
       15.4702778,
       46.6133333
      ],
      [
       15.4952778,
       46.6188889
      ],
      [
       15.5227778,
       46.6236111
      ],
      [
       15.545,
       46.6344444
      ],
      [
       15.5530556,
       46.6530556
      ],
      [
       15.5591667,
       46.6711111
      ],
      [
       15.5791667,
       46.6833333
      ],
      [
       15.6052778,
       46.6811111
      ],
      [
       15.6330556,
       46.6816667
      ],
      [
       15.6538889,
       46.6927778
      ],
      [
       15.6722222,
       46.7069444
      ],
      [
       15.6961111,
       46.6986111
      ],
      [
       15.7230556,
       46.6958333
      ],
      [
       15.7519444,
       46.6980556
      ],
      [
       15.7780556,
       46.7036111
      ],
      [
       15.8061111,
       46.7166667
      ],
      [
       15.835,
       46.7222222
      ],
      [
       15.8680556,
       46.7213889
      ],
      [
       15.8925,
       46.7141667
      ],
      [
       15.9191667,
       46.7066667
      ],
      [
       15.9516667,
       46.6877778
      ],
      [
       16.0008333,
       46.6791667
      ],
      [
       16.0155556,
       46.6630556
      ],
      [
       16.0391667,
       46.6722222
      ],
      [
       16.0344444,
       46.6972222
      ],
      [
       16.0166667,
       46.7161111
      ],
      [
       15.9938889,
       46.7305556
      ],
      [
       15.9866667,
       46.75
      ],
      [
       15.9888889,
       46.7688889
      ],
      [
       15.9930556,
       46.7877778
      ],
      [
       15.9980556,
       46.8102778
      ],
      [
       15.9855556,
       46.8272222
      ]
     ]
    ]
   }
  },
  {
   "type": "Feature",
   "properties": {
    "ll": {
     "value": 195,
     "unit": 6,
     "referenceDatum": 2
    },
    "ul": {
     "value": 245,
     "unit": 6,
     "referenceDatum": 2
    },
    "_id": "63199420d9f1e6a2b5f8df9c",
    "name": "TMA LOWG",
    "type": 0,
    "icao": 2,
    "bnd": [
     [
      46.7277778,
      15.2458333
     ],
     [
      47.1647222,
      15.7680556
     ]
    ]
   },
   "geometry": {
    "type": "Polygon",
    "coordinates": [
     [
      [
       15.3427778,
       47.1544444
      ],
      [
       15.4283333,
       47.1647222
      ],
      [
       15.4902778,
       47.1472222
      ],
      [
       15.5338889,
       47.135
      ],
      [
       15.5761111,
       47.1230556
      ],
      [
       15.685,
       47.0922222
      ],
      [
       15.7680556,
       46.7813889
      ],
      [
       15.6736111,
       46.7694444
      ],
      [
       15.3527778,
       46.7277778
      ],
      [
       15.2808333,
       46.9847222
      ],
      [
       15.2488889,
       47.0977778
      ],
      [
       15.2458333,
       47.1088889
      ],
      [
       15.3427778,
       47.1544444
      ]
     ]
    ]
   }
  },
  {
   "type": "Feature",
   "properties": {
    "ll": {
     "value": 195,
     "unit": 6,
     "referenceDatum": 2
    },
    "ul": {
     "value": 245,
     "unit": 6,
     "referenceDatum": 2
    },
    "_id": "63199420d9f1e6a2b5f8dfa6",
    "name": "TMA LOWG",
    "type": 0,
    "icao": 2,
    "bnd": [
     [
      47.0847222,
      15.2561111
     ],
     [
      47.4688889,
      15.7397222
     ]
    ]
   },
   "geometry": {
    "type": "Polygon",
    "coordinates": [
     [
      [
       15.2561111,
       47.4283333
      ],
      [
       15.4202778,
       47.4461111
      ],
      [
       15.6327778,
       47.4688889
      ],
      [
       15.7397222,
       47.0847222
      ],
      [
       15.685,
       47.0922222
      ],
      [
       15.5761111,
       47.1230556
      ],
      [
       15.5205556,
       47.3211111
      ],
      [
       15.4463889,
       47.3358333
      ],
      [
       15.3866667,
       47.3283333
      ],
      [
       15.2825,
       47.3152778
      ],
      [
       15.2561111,
       47.4283333
      ]
     ]
    ]
   }
  },
  {
   "type": "Feature",
   "properties": {
    "ll": {
     "value": 195,
     "unit": 6,
     "referenceDatum": 2
    },
    "ul": {
     "value": 245,
     "unit": 6,
     "referenceDatum": 2
    },
    "_id": "63199420d9f1e6a2b5f8dfb0",
    "name": "TMA LOWG",
    "type": 0,
    "icao": 2,
    "bnd": [
     [
      47.1111111,
      15.1866667
     ],
     [
      47.3358333,
      15.5761111
     ]
    ]
   },
   "geometry": {
    "type": "Polygon",
    "coordinates": [
     [
      [
       15.2108333,
       47.1366667
      ],
      [
       15.2152778,
       47.1111111
      ],
      [
       15.3458333,
       47.185
      ],
      [
       15.3113889,
       47.3083333
      ],
      [
       15.3894444,
       47.3175
      ],
      [
       15.4241667,
       47.1925
      ],
      [
       15.4283333,
       47.1647222
      ],
      [
       15.4902778,
       47.1472222
      ],
      [
       15.5338889,
       47.135
      ],
      [
       15.5761111,
       47.1230556
      ],
      [
       15.5205556,
       47.3211111
      ],
      [
       15.4463889,
       47.3358333
      ],
      [
       15.3866667,
       47.3283333
      ],
      [
       15.2825,
       47.3152778
      ],
      [
       15.245,
       47.3105556
      ],
      [
       15.1866667,
       47.275
      ],
      [
       15.205,
       47.17
      ],
      [
       15.2108333,
       47.1366667
      ]
     ]
    ]
   }
  },
  {
   "type": "Feature",
   "properties": {
    "ll": {
     "value": 7000,
     "unit": 1,
     "referenceDatum": 1
    },
    "ul": {
     "value": 195,
     "unit": 6,
     "referenceDatum": 2
    },
    "_id": "63199420d9f1e6a2b5f8dfba",
    "name": "TMA LOWI",
    "type": 0,
    "icao": 3,
    "bnd": [
     [
      47.1277778,
      10.8744444
     ],
     [
      47.4166667,
      11.8027778
     ]
    ]
   },
   "geometry": {
    "type": "Polygon",
    "coordinates": [
     [
      [
       10.8755556,
       47.2830556
      ],
      [
       10.8744444,
       47.2977778
      ],
      [
       10.8875,
       47.315
      ],
      [
       11.0236111,
       47.3213889
      ],
      [
       11.075,
       47.325
      ],
      [
       11.2205556,
       47.2897222
      ],
      [
       11.2894444,
       47.3069444
      ],
      [
       11.7388889,
       47.4166667
      ],
      [
       11.7475,
       47.4016667
      ],
      [
       11.7511111,
       47.3944444
      ],
      [
       11.7575,
       47.3844444
      ],
      [
       11.8027778,
       47.3055556
      ],
      [
       11.4458333,
       47.2083333
      ],
      [
       11.4930556,
       47.1277778
      ],
      [
       11.4163889,
       47.1277778
      ],
      [
       11.3694444,
       47.1875
      ],
      [
       11.1680556,
       47.1319444
      ],
      [
       11.0125,
       47.1777778
      ],
      [
       11.0444444,
       47.2533333
      ],
      [
       11.0138889,
       47.2633333
      ],
      [
       10.8755556,
       47.2830556
      ]
     ]
    ]
   }
  },
  {
   "type": "Feature",
   "properties": {
    "ll": {
     "value": 8500,
     "unit": 1,
     "referenceDatum": 1
    },
    "ul": {
     "value": 195,
     "unit": 6,
     "referenceDatum": 2
    },
    "_id": "63199420d9f1e6a2b5f8dfc4",
    "name": "TMA LOWI",
    "type": 0,
    "icao": 3,
    "bnd": [
     [
      47.3055556,
      11.7475
     ],
     [
      47.4577778,
      11.975
     ]
    ]
   },
   "geometry": {
    "type": "Polygon",
    "coordinates": [
     [
      [
       11.7475,
       47.4016667
      ],
      [
       11.9,
       47.4577778
      ],
      [
       11.975,
       47.3666667
      ],
      [
       11.8027778,
       47.3055556
      ],
      [
       11.7575,
       47.3844444
      ],
      [
       11.7511111,
       47.3944444
      ],
      [
       11.7475,
       47.4016667
      ]
     ]
    ]
   }
  },
  {
   "type": "Feature",
   "properties": {
    "ll": {
     "value": 9000,
     "unit": 1,
     "referenceDatum": 1
    },
    "ul": {
     "value": 195,
     "unit": 6,
     "referenceDatum": 2
    },
    "_id": "63199420d9f1e6a2b5f8dfce",
    "name": "TMA LOWI",
    "type": 0,
    "icao": 3,
    "bnd": [
     [
      47.2827778,
      10.7722222
     ],
     [
      47.315,
      10.8875
     ]
    ]
   },
   "geometry": {
    "type": "Polygon",
    "coordinates": [
     [
      [
       10.7927778,
       47.3063889
      ],
      [
       10.8875,
       47.315
      ],
      [
       10.8744444,
       47.2977778
      ],
      [
       10.8755556,
       47.2830556
      ],
      [
       10.795,
       47.2827778
      ],
      [
       10.7722222,
       47.2936111
      ],
      [
       10.7927778,
       47.3063889
      ]
     ]
    ]
   }
  },
  {
   "type": "Feature",
   "properties": {
    "ll": {
     "value": 9500,
     "unit": 1,
     "referenceDatum": 1
    },
    "ul": {
     "value": 195,
     "unit": 6,
     "referenceDatum": 2
    },
    "_id": "63199420d9f1e6a2b5f8dfd8",
    "name": "TMA LOWI",
    "type": 0,
    "icao": 3,
    "bnd": [
     [
      47.3055556,
      11.7388889
     ],
     [
      47.7416667,
      12.44
     ]
    ]
   },
   "geometry": {
    "type": "Polygon",
    "coordinates": [
     [
      [
       12.44,
       47.6952778
      ],
      [
       12.4291667,
       47.6963889
      ],
      [
       12.3913889,
       47.6891667
      ],
      [
       12.3636111,
       47.6838889
      ],
      [
       12.3380556,
       47.6969444
      ],
      [
       12.2847222,
       47.6902778
      ],
      [
       12.2530556,
       47.6838889
      ],
      [
       12.245,
       47.7055556
      ],
      [
       12.2586111,
       47.7227778
      ],
      [
       12.2497222,
       47.7416667
      ],
      [
       12.2266667,
       47.7180556
      ],
      [
       12.1947222,
       47.7075
      ],
      [
       12.1625,
       47.7011111
      ],
      [
       12.1719444,
       47.6761111
      ],
      [
       12.1847222,
       47.6602778
      ],
      [
       12.1983333,
       47.6422222
      ],
      [
       12.2033333,
       47.6238889
      ],
      [
       12.1863889,
       47.6047222
      ],
      [
       12.1622222,
       47.6130556
      ],
      [
       12.1375,
       47.6058333
      ],
      [
       12.1094444,
       47.6116667
      ],
      [
       12.0780556,
       47.6136111
      ],
      [
       12.0494444,
       47.615
      ],
      [
       12.0219444,
       47.6111111
      ],
      [
       11.9994444,
       47.6213889
      ],
      [
       11.9680556,
       47.6172222
      ],
      [
       11.9333333,
       47.6127778
      ],
      [
       11.8941667,
       47.6083333
      ],
      [
       11.855,
       47.6022222
      ],
      [
       11.8372222,
       47.5819444
      ],
      [
       11.8108333,
       47.5855556
      ],
      [
       11.7811111,
       47.5911111
      ],
      [
       11.7527778,
       47.5891667
      ],
      [
       11.7391667,
       47.5880556
      ],
      [
       11.7388889,
       47.4166667
      ],
      [
       11.7475,
       47.4016667
      ],
      [
       11.9,
       47.4577778
      ],
      [
       11.975,
       47.3666667
      ],
      [
       11.8027778,
       47.3055556
      ],
      [
       12.1280556,
       47.3702778
      ],
      [
       12.2166667,
       47.5888889
      ],
      [
       12.44,
       47.6952778
      ]
     ]
    ]
   }
  },
  {
   "type": "Feature",
   "properties": {
    "ll": {
     "value": 10500,
     "unit": 1,
     "referenceDatum": 1
    },
    "ul": {
     "value": 195,
     "unit": 6,
     "referenceDatum": 2
    },
    "_id": "63199421d9f1e6a2b5f8dfe3",
    "name": "TMA LOWI",
    "type": 0,
    "icao": 3,
    "bnd": [
     [
      47.2822222,
      10.6766667
     ],
     [
      47.3063889,
      10.795
     ]
    ]
   },
   "geometry": {
    "type": "Polygon",
    "coordinates": [
     [
      [
       10.6958333,
       47.3008333
      ],
      [
       10.7541667,
       47.3030556
      ],
      [
       10.7927778,
       47.3063889
      ],
      [
       10.7722222,
       47.2936111
      ],
      [
       10.795,
       47.2827778
      ],
      [
       10.6927778,
       47.2822222
      ],
      [
       10.6766667,
       47.29
      ],
      [
       10.6958333,
       47.3008333
      ]
     ]
    ]
   }
  },
  {
   "type": "Feature",
   "properties": {
    "ll": {
     "value": 195,
     "unit": 6,
     "referenceDatum": 2
    },
    "ul": {
     "value": 245,
     "unit": 6,
     "referenceDatum": 2
    },
    "_id": "63199421d9f1e6a2b5f8dfef",
    "name": "TMA LOWI",
    "type": 0,
    "icao": 2,
    "bnd": [
     [
      47.3055556,
      11.7388889
     ],
     [
      47.7416667,
      12.44
     ]
    ]
   },
   "geometry": {
    "type": "Polygon",
    "coordinates": [
     [
      [
       12.44,
       47.6952778
      ],
      [
       12.4291667,
       47.6963889
      ],
      [
       12.3913889,
       47.6891667
      ],
      [
       12.3636111,
       47.6838889
      ],
      [
       12.3380556,
       47.6969444
      ],
      [
       12.2847222,
       47.6902778
      ],
      [
       12.2530556,
       47.6838889
      ],
      [
       12.245,
       47.7055556
      ],
      [
       12.2586111,
       47.7227778
      ],
      [
       12.2497222,
       47.7416667
      ],
      [
       12.2266667,
       47.7180556
      ],
      [
       12.1947222,
       47.7075
      ],
      [
       12.1625,
       47.7011111
      ],
      [
       12.1719444,
       47.6761111
      ],
      [
       12.1847222,
       47.6602778
      ],
      [
       12.1983333,
       47.6422222
      ],
      [
       12.2033333,
       47.6238889
      ],
      [
       12.1863889,
       47.6047222
      ],
      [
       12.1622222,
       47.6130556
      ],
      [
       12.1375,
       47.6058333
      ],
      [
       12.1094444,
       47.6116667
      ],
      [
       12.0780556,
       47.6136111
      ],
      [
       12.0494444,
       47.615
      ],
      [
       12.0219444,
       47.6111111
      ],
      [
       11.9994444,
       47.6213889
      ],
      [
       11.9680556,
       47.6172222
      ],
      [
       11.9333333,
       47.6127778
      ],
      [
       11.8941667,
       47.6083333
      ],
      [
       11.855,
       47.6022222
      ],
      [
       11.8372222,
       47.5819444
      ],
      [
       11.8108333,
       47.5855556
      ],
      [
       11.7811111,
       47.5911111
      ],
      [
       11.7527778,
       47.5891667
      ],
      [
       11.7391667,
       47.5880556
      ],
      [
       11.7388889,
       47.4166667
      ],
      [
       11.7475,
       47.4016667
      ],
      [
       11.9,
       47.4577778
      ],
      [
       11.975,
       47.3666667
      ],
      [
       11.8027778,
       47.3055556
      ],
      [
       12.1280556,
       47.3702778
      ],
      [
       12.2166667,
       47.5888889
      ],
      [
       12.44,
       47.6952778
      ]
     ]
    ]
   }
  },
  {
   "type": "Feature",
   "properties": {
    "ll": {
     "value": 195,
     "unit": 6,
     "referenceDatum": 2
    },
    "ul": {
     "value": 245,
     "unit": 6,
     "referenceDatum": 2
    },
    "_id": "63199421d9f1e6a2b5f8dff9",
    "name": "TMA LOWI",
    "type": 0,
    "icao": 2,
    "bnd": [
     [
      47.1277778,
      10.8744444
     ],
     [
      47.4166667,
      11.8027778
     ]
    ]
   },
   "geometry": {
    "type": "Polygon",
    "coordinates": [
     [
      [
       10.8755556,
       47.2830556
      ],
      [
       10.8744444,
       47.2977778
      ],
      [
       10.8875,
       47.315
      ],
      [
       11.0236111,
       47.3213889
      ],
      [
       11.075,
       47.325
      ],
      [
       11.2205556,
       47.2897222
      ],
      [
       11.2894444,
       47.3069444
      ],
      [
       11.7388889,
       47.4166667
      ],
      [
       11.7475,
       47.4016667
      ],
      [
       11.7511111,
       47.3944444
      ],
      [
       11.7575,
       47.3844444
      ],
      [
       11.8027778,
       47.3055556
      ],
      [
       11.4458333,
       47.2083333
      ],
      [
       11.4930556,
       47.1277778
      ],
      [
       11.4163889,
       47.1277778
      ],
      [
       11.3694444,
       47.1875
      ],
      [
       11.1680556,
       47.1319444
      ],
      [
       11.0125,
       47.1777778
      ],
      [
       11.0444444,
       47.2533333
      ],
      [
       11.0138889,
       47.2633333
      ],
      [
       10.8755556,
       47.2830556
      ]
     ]
    ]
   }
  },
  {
   "type": "Feature",
   "properties": {
    "ll": {
     "value": 195,
     "unit": 6,
     "referenceDatum": 2
    },
    "ul": {
     "value": 245,
     "unit": 6,
     "referenceDatum": 2
    },
    "_id": "63199421d9f1e6a2b5f8e003",
    "name": "TMA LOWI",
    "type": 0,
    "icao": 2,
    "bnd": [
     [
      47.2827778,
      10.7722222
     ],
     [
      47.315,
      10.8875
     ]
    ]
   },
   "geometry": {
    "type": "Polygon",
    "coordinates": [
     [
      [
       10.7927778,
       47.3063889
      ],
      [
       10.8875,
       47.315
      ],
      [
       10.8744444,
       47.2977778
      ],
      [
       10.8755556,
       47.2830556
      ],
      [
       10.795,
       47.2827778
      ],
      [
       10.7722222,
       47.2936111
      ],
      [
       10.7927778,
       47.3063889
      ]
     ]
    ]
   }
  },
  {
   "type": "Feature",
   "properties": {
    "ll": {
     "value": 195,
     "unit": 6,
     "referenceDatum": 2
    },
    "ul": {
     "value": 245,
     "unit": 6,
     "referenceDatum": 2
    },
    "_id": "63199421d9f1e6a2b5f8e00d",
    "name": "TMA LOWI",
    "type": 0,
    "icao": 2,
    "bnd": [
     [
      47.2822222,
      10.6766667
     ],
     [
      47.3063889,
      10.795
     ]
    ]
   },
   "geometry": {
    "type": "Polygon",
    "coordinates": [
     [
      [
       10.6958333,
       47.3008333
      ],
      [
       10.7541667,
       47.3030556
      ],
      [
       10.7927778,
       47.3063889
      ],
      [
       10.7722222,
       47.2936111
      ],
      [
       10.795,
       47.2827778
      ],
      [
       10.6927778,
       47.2822222
      ],
      [
       10.6766667,
       47.29
      ],
      [
       10.6958333,
       47.3008333
      ]
     ]
    ]
   }
  },
  {
   "type": "Feature",
   "properties": {
    "ll": {
     "value": 195,
     "unit": 6,
     "referenceDatum": 2
    },
    "ul": {
     "value": 245,
     "unit": 6,
     "referenceDatum": 2
    },
    "_id": "63199421d9f1e6a2b5f8e017",
    "name": "TMA LOWI",
    "type": 0,
    "icao": 2,
    "bnd": [
     [
      47.3055556,
      11.7475
     ],
     [
      47.4577778,
      11.975
     ]
    ]
   },
   "geometry": {
    "type": "Polygon",
    "coordinates": [
     [
      [
       11.7475,
       47.4016667
      ],
      [
       11.9,
       47.4577778
      ],
      [
       11.975,
       47.3666667
      ],
      [
       11.8027778,
       47.3055556
      ],
      [
       11.7575,
       47.3844444
      ],
      [
       11.7511111,
       47.3944444
      ],
      [
       11.7475,
       47.4016667
      ]
     ]
    ]
   }
  },
  {
   "type": "Feature",
   "properties": {
    "ll": {
     "value": 3500,
     "unit": 1,
     "referenceDatum": 1
    },
    "ul": {
     "value": 195,
     "unit": 6,
     "referenceDatum": 2
    },
    "_id": "63199421d9f1e6a2b5f8e021",
    "name": "TMA LOWK",
    "type": 0,
    "icao": 3,
    "bnd": [
     [
      46.6375,
      13.9811111
     ],
     [
      46.7466667,
      14.1547222
     ]
    ]
   },
   "geometry": {
    "type": "Polygon",
    "coordinates": [
     [
      [
       13.9811111,
       46.6663889
      ],
      [
       14.0719444,
       46.6997222
      ],
      [
       14.0941667,
       46.7466667
      ],
      [
       14.1216667,
       46.7408333
      ],
      [
       14.1547222,
       46.7336111
      ],
      [
       14.1288889,
       46.6669444
      ],
      [
       14.1175,
       46.6375
      ],
      [
       13.9811111,
       46.6663889
      ]
     ]
    ]
   }
  },
  {
   "type": "Feature",
   "properties": {
    "ll": {
     "value": 4500,
     "unit": 1,
     "referenceDatum": 1
    },
    "ul": {
     "value": 195,
     "unit": 6,
     "referenceDatum": 2
    },
    "_id": "63199421d9f1e6a2b5f8e02b",
    "name": "TMA LOWK",
    "type": 0,
    "icao": 3,
    "bnd": [
     [
      46.5388889,
      14.0941667
     ],
     [
      46.8172222,
      14.8338889
     ]
    ]
   },
   "geometry": {
    "type": "Polygon",
    "coordinates": [
     [
      [
       14.1311111,
       46.8172222
      ],
      [
       14.6361111,
       46.7225
      ],
      [
       14.7158333,
       46.7525
      ],
      [
       14.8338889,
       46.6194444
      ],
      [
       14.8036111,
       46.5633333
      ],
      [
       14.7097222,
       46.54
      ],
      [
       14.6458333,
       46.5519444
      ],
      [
       14.6111111,
       46.5388889
      ],
      [
       14.3666667,
       46.5886111
      ],
      [
       14.1569444,
       46.5861111
      ],
      [
       14.1119444,
       46.6227778
      ],
      [
       14.1175,
       46.6375
      ],
      [
       14.1288889,
       46.6669444
      ],
      [
       14.1547222,
       46.7336111
      ],
      [
       14.1216667,
       46.7408333
      ],
      [
       14.0941667,
       46.7466667
      ],
      [
       14.1311111,
       46.8172222
      ]
     ]
    ]
   }
  },
  {
   "type": "Feature",
   "properties": {
    "ll": {
     "value": 6500,
     "unit": 1,
     "referenceDatum": 1
    },
    "ul": {
     "value": 195,
     "unit": 6,
     "referenceDatum": 2
    },
    "_id": "63199421d9f1e6a2b5f8e035",
    "name": "TMA LOWK",
    "type": 0,
    "icao": 3,
    "bnd": [
     [
      46.6663889,
      13.8333333
     ],
     [
      46.9833333,
      14.7158333
     ]
    ]
   },
   "geometry": {
    "type": "Polygon",
    "coordinates": [
     [
      [
       14.7158333,
       46.7525
      ],
      [
       14.6361111,
       46.7225
      ],
      [
       14.1311111,
       46.8172222
      ],
      [
       14.0941667,
       46.7466667
      ],
      [
       14.0719444,
       46.6997222
      ],
      [
       13.9811111,
       46.6663889
      ],
      [
       13.8333333,
       46.6972222
      ],
      [
       13.875,
       46.7930556
      ],
      [
       14.0258333,
       46.7611111
      ],
      [
       14.0755556,
       46.9047222
      ],
      [
       14.2125,
       46.9833333
      ],
      [
       14.4441667,
       46.7955556
      ],
      [
       14.4983333,
       46.7844444
      ],
      [
       14.5591667,
       46.7722222
      ],
      [
       14.7158333,
       46.7525
      ]
     ]
    ]
   }
  },
  {
   "type": "Feature",
   "properties": {
    "ll": {
     "value": 6500,
     "unit": 1,
     "referenceDatum": 1
    },
    "ul": {
     "value": 195,
     "unit": 6,
     "referenceDatum": 2
    },
    "_id": "63199421d9f1e6a2b5f8e03f",
    "name": "TMA LOWK",
    "type": 0,
    "icao": 3,
    "bnd": [
     [
      46.6194444,
      14.7158333
     ],
     [
      46.7938889,
      14.9355556
     ]
    ]
   },
   "geometry": {
    "type": "Polygon",
    "coordinates": [
     [
      [
       14.7158333,
       46.7525
      ],
      [
       14.8158333,
       46.7938889
      ],
      [
       14.9355556,
       46.6569444
      ],
      [
       14.8338889,
       46.6194444
      ],
      [
       14.7158333,
       46.7525
      ]
     ]
    ]
   }
  },
  {
   "type": "Feature",
   "properties": {
    "ll": {
     "value": 195,
     "unit": 6,
     "referenceDatum": 2
    },
    "ul": {
     "value": 245,
     "unit": 6,
     "referenceDatum": 2
    },
    "_id": "63199421d9f1e6a2b5f8e049",
    "name": "TMA LOWK",
    "type": 0,
    "icao": 2,
    "bnd": [
     [
      46.5388889,
      14.0941667
     ],
     [
      46.8172222,
      14.8338889
     ]
    ]
   },
   "geometry": {
    "type": "Polygon",
    "coordinates": [
     [
      [
       14.1311111,
       46.8172222
      ],
      [
       14.6361111,
       46.7225
      ],
      [
       14.7158333,
       46.7525
      ],
      [
       14.8338889,
       46.6194444
      ],
      [
       14.8036111,
       46.5633333
      ],
      [
       14.7097222,
       46.54
      ],
      [
       14.6458333,
       46.5519444
      ],
      [
       14.6111111,
       46.5388889
      ],
      [
       14.3666667,
       46.5886111
      ],
      [
       14.1569444,
       46.5861111
      ],
      [
       14.1119444,
       46.6227778
      ],
      [
       14.1175,
       46.6375
      ],
      [
       14.1288889,
       46.6669444
      ],
      [
       14.1547222,
       46.7336111
      ],
      [
       14.1216667,
       46.7408333
      ],
      [
       14.0941667,
       46.7466667
      ],
      [
       14.1311111,
       46.8172222
      ]
     ]
    ]
   }
  },
  {
   "type": "Feature",
   "properties": {
    "ll": {
     "value": 195,
     "unit": 6,
     "referenceDatum": 2
    },
    "ul": {
     "value": 245,
     "unit": 6,
     "referenceDatum": 2
    },
    "_id": "63199422d9f1e6a2b5f8e053",
    "name": "TMA LOWK",
    "type": 0,
    "icao": 2,
    "bnd": [
     [
      46.6663889,
      13.8333333
     ],
     [
      46.9833333,
      14.7158333
     ]
    ]
   },
   "geometry": {
    "type": "Polygon",
    "coordinates": [
     [
      [
       14.7158333,
       46.7525
      ],
      [
       14.6361111,
       46.7225
      ],
      [
       14.1311111,
       46.8172222
      ],
      [
       14.0941667,
       46.7466667
      ],
      [
       14.0719444,
       46.6997222
      ],
      [
       13.9811111,
       46.6663889
      ],
      [
       13.8333333,
       46.6972222
      ],
      [
       13.875,
       46.7930556
      ],
      [
       14.0258333,
       46.7611111
      ],
      [
       14.0755556,
       46.9047222
      ],
      [
       14.2125,
       46.9833333
      ],
      [
       14.4441667,
       46.7955556
      ],
      [
       14.4983333,
       46.7844444
      ],
      [
       14.5591667,
       46.7722222
      ],
      [
       14.7158333,
       46.7525
      ]
     ]
    ]
   }
  },
  {
   "type": "Feature",
   "properties": {
    "ll": {
     "value": 195,
     "unit": 6,
     "referenceDatum": 2
    },
    "ul": {
     "value": 245,
     "unit": 6,
     "referenceDatum": 2
    },
    "_id": "63199422d9f1e6a2b5f8e05d",
    "name": "TMA LOWK",
    "type": 0,
    "icao": 2,
    "bnd": [
     [
      46.6375,
      13.9811111
     ],
     [
      46.7466667,
      14.1547222
     ]
    ]
   },
   "geometry": {
    "type": "Polygon",
    "coordinates": [
     [
      [
       13.9811111,
       46.6663889
      ],
      [
       14.0719444,
       46.6997222
      ],
      [
       14.0941667,
       46.7466667
      ],
      [
       14.1216667,
       46.7408333
      ],
      [
       14.1547222,
       46.7336111
      ],
      [
       14.1288889,
       46.6669444
      ],
      [
       14.1175,
       46.6375
      ],
      [
       13.9811111,
       46.6663889
      ]
     ]
    ]
   }
  },
  {
   "type": "Feature",
   "properties": {
    "ll": {
     "value": 195,
     "unit": 6,
     "referenceDatum": 2
    },
    "ul": {
     "value": 245,
     "unit": 6,
     "referenceDatum": 2
    },
    "_id": "63199422d9f1e6a2b5f8e067",
    "name": "TMA LOWK",
    "type": 0,
    "icao": 2,
    "bnd": [
     [
      46.6194444,
      14.7158333
     ],
     [
      46.7938889,
      14.9355556
     ]
    ]
   },
   "geometry": {
    "type": "Polygon",
    "coordinates": [
     [
      [
       14.7158333,
       46.7525
      ],
      [
       14.8158333,
       46.7938889
      ],
      [
       14.9355556,
       46.6569444
      ],
      [
       14.8338889,
       46.6194444
      ],
      [
       14.7158333,
       46.7525
      ]
     ]
    ]
   }
  },
  {
   "type": "Feature",
   "properties": {
    "ll": {
     "value": 2500,
     "unit": 1,
     "referenceDatum": 1
    },
    "ul": {
     "value": 195,
     "unit": 6,
     "referenceDatum": 2
    },
    "_id": "63199422d9f1e6a2b5f8e071",
    "name": "TMA LOWL",
    "type": 0,
    "icao": 3,
    "bnd": [
     [
      48.1,
      13.7344444
     ],
     [
      48.3025,
      14.6441667
     ]
    ]
   },
   "geometry": {
    "type": "Polygon",
    "coordinates": [
     [
      [
       13.7344444,
       48.2866667
      ],
      [
       14.2108333,
       48.3025
      ],
      [
       14.2319444,
       48.285
      ],
      [
       14.325,
       48.2880556
      ],
      [
       14.3408333,
       48.2886111
      ],
      [
       14.6330556,
       48.2977778
      ],
      [
       14.6441667,
       48.1316667
      ],
      [
       14.0730556,
       48.1122222
      ],
      [
       13.7472222,
       48.1
      ],
      [
       13.7444444,
       48.1347222
      ],
      [
       13.7344444,
       48.2866667
      ]
     ]
    ]
   }
  },
  {
   "type": "Feature",
   "properties": {
    "ll": {
     "value": 3500,
     "unit": 1,
     "referenceDatum": 1
    },
    "ul": {
     "value": 195,
     "unit": 6,
     "referenceDatum": 2
    },
    "_id": "63199422d9f1e6a2b5f8e07b",
    "name": "TMA LOWL",
    "type": 0,
    "icao": 3,
    "bnd": [
     [
      48.0313889,
      13.7472222
     ],
     [
      48.1316667,
      14.6488889
     ]
    ]
   },
   "geometry": {
    "type": "Polygon",
    "coordinates": [
     [
      [
       13.7472222,
       48.1
      ],
      [
       13.7519444,
       48.0313889
      ],
      [
       14.0777778,
       48.0436111
      ],
      [
       14.6488889,
       48.0630556
      ],
      [
       14.6441667,
       48.1316667
      ],
      [
       14.0730556,
       48.1122222
      ],
      [
       13.7472222,
       48.1
      ]
     ]
    ]
   }
  },
  {
   "type": "Feature",
   "properties": {
    "ll": {
     "value": 4500,
     "unit": 1,
     "referenceDatum": 1
    },
    "ul": {
     "value": 195,
     "unit": 6,
     "referenceDatum": 2
    },
    "_id": "63199422d9f1e6a2b5f8e085",
    "name": "TMA LOWL",
    "type": 0,
    "icao": 3,
    "bnd": [
     [
      48.285,
      13.7308333
     ],
     [
      48.3697222,
      14.6330556
     ]
    ]
   },
   "geometry": {
    "type": "Polygon",
    "coordinates": [
     [
      [
       13.7308333,
       48.3405556
      ],
      [
       13.87,
       48.3458333
      ],
      [
       14.0988889,
       48.3538889
      ],
      [
       14.6272222,
       48.3697222
      ],
      [
       14.6330556,
       48.2977778
      ],
      [
       14.3408333,
       48.2886111
      ],
      [
       14.325,
       48.2880556
      ],
      [
       14.2319444,
       48.285
      ],
      [
       14.2108333,
       48.3025
      ],
      [
       13.7344444,
       48.2866667
      ],
      [
       13.7308333,
       48.3405556
      ]
     ]
    ]
   }
  },
  {
   "type": "Feature",
   "properties": {
    "ll": {
     "value": 195,
     "unit": 6,
     "referenceDatum": 2
    },
    "ul": {
     "value": 245,
     "unit": 6,
     "referenceDatum": 2
    },
    "_id": "63199422d9f1e6a2b5f8e08f",
    "name": "TMA LOWL",
    "type": 0,
    "icao": 2,
    "bnd": [
     [
      48.285,
      13.7308333
     ],
     [
      48.3697222,
      14.6330556
     ]
    ]
   },
   "geometry": {
    "type": "Polygon",
    "coordinates": [
     [
      [
       13.7308333,
       48.3405556
      ],
      [
       13.87,
       48.3458333
      ],
      [
       14.0988889,
       48.3538889
      ],
      [
       14.6272222,
       48.3697222
      ],
      [
       14.6330556,
       48.2977778
      ],
      [
       14.3408333,
       48.2886111
      ],
      [
       14.325,
       48.2880556
      ],
      [
       14.2319444,
       48.285
      ],
      [
       14.2108333,
       48.3025
      ],
      [
       13.7344444,
       48.2866667
      ],
      [
       13.7308333,
       48.3405556
      ]
     ]
    ]
   }
  },
  {
   "type": "Feature",
   "properties": {
    "ll": {
     "value": 195,
     "unit": 6,
     "referenceDatum": 2
    },
    "ul": {
     "value": 245,
     "unit": 6,
     "referenceDatum": 2
    },
    "_id": "63199422d9f1e6a2b5f8e099",
    "name": "TMA LOWL",
    "type": 0,
    "icao": 2,
    "bnd": [
     [
      48.1,
      13.7344444
     ],
     [
      48.3025,
      14.6441667
     ]
    ]
   },
   "geometry": {
    "type": "Polygon",
    "coordinates": [
     [
      [
       13.7344444,
       48.2866667
      ],
      [
       14.2108333,
       48.3025
      ],
      [
       14.2319444,
       48.285
      ],
      [
       14.325,
       48.2880556
      ],
      [
       14.3408333,
       48.2886111
      ],
      [
       14.6330556,
       48.2977778
      ],
      [
       14.6441667,
       48.1316667
      ],
      [
       14.0730556,
       48.1122222
      ],
      [
       13.7472222,
       48.1
      ],
      [
       13.7444444,
       48.1347222
      ],
      [
       13.7344444,
       48.2866667
      ]
     ]
    ]
   }
  },
  {
   "type": "Feature",
   "properties": {
    "ll": {
     "value": 195,
     "unit": 6,
     "referenceDatum": 2
    },
    "ul": {
     "value": 245,
     "unit": 6,
     "referenceDatum": 2
    },
    "_id": "63199422d9f1e6a2b5f8e0a3",
    "name": "TMA LOWL",
    "type": 0,
    "icao": 2,
    "bnd": [
     [
      48.0313889,
      13.7472222
     ],
     [
      48.1316667,
      14.6488889
     ]
    ]
   },
   "geometry": {
    "type": "Polygon",
    "coordinates": [
     [
      [
       13.7472222,
       48.1
      ],
      [
       13.7519444,
       48.0313889
      ],
      [
       14.0777778,
       48.0436111
      ],
      [
       14.6488889,
       48.0630556
      ],
      [
       14.6441667,
       48.1316667
      ],
      [
       14.0730556,
       48.1122222
      ],
      [
       13.7472222,
       48.1
      ]
     ]
    ]
   }
  },
  {
   "type": "Feature",
   "properties": {
    "ll": {
     "value": 3500,
     "unit": 1,
     "referenceDatum": 1
    },
    "ul": {
     "value": 195,
     "unit": 6,
     "referenceDatum": 2
    },
    "_id": "63199422d9f1e6a2b5f8e0ad",
    "name": "TMA LOWS",
    "type": 0,
    "icao": 3,
    "bnd": [
     [
      47.6102778,
      12.7491667
     ],
     [
      48.2913889,
      13.3375
     ]
    ]
   },
   "geometry": {
    "type": "Polygon",
    "coordinates": [
     [
      [
       13.1663889,
       48.2913889
      ],
      [
       13.1666667,
       48.1672222
      ],
      [
       13.1666667,
       48.0833333
      ],
      [
       13.3316667,
       47.87
      ],
      [
       13.3375,
       47.8622222
      ],
      [
       13.3244444,
       47.8038889
      ],
      [
       13.1527778,
       47.7838889
      ],
      [
       13.1827778,
       47.7144444
      ],
      [
       13.21,
       47.6702778
      ],
      [
       13.2377778,
       47.6208333
      ],
      [
       13.1355556,
       47.6102778
      ],
      [
       13.0808333,
       47.6869444
      ],
      [
       13.0741667,
       47.6919444
      ],
      [
       13.0544444,
       47.7047222
      ],
      [
       13.0308333,
       47.7169444
      ],
      [
       13.0127778,
       47.7225
      ],
      [
       13.0022222,
       47.7133333
      ],
      [
       12.9755556,
       47.7077778
      ],
      [
       12.9488889,
       47.7111111
      ],
      [
       12.9219444,
       47.7144444
      ],
      [
       12.9080556,
       47.7297222
      ],
      [
       12.9286111,
       47.7447222
      ],
      [
       12.9447222,
       47.7644444
      ],
      [
       12.9422222,
       47.7711111
      ],
      [
       12.9333333,
       47.7761111
      ],
      [
       12.9383333,
       47.7833333
      ],
      [
       12.9619444,
       47.7977778
      ],
      [
       12.9769444,
       47.8155556
      ],
      [
       12.9919444,
       47.8338889
      ],
      [
       13.0013889,
       47.8544444
      ],
      [
       12.9816667,
       47.8769444
      ],
      [
       12.9652778,
       47.9022222
      ],
      [
       12.9480556,
       47.9197222
      ],
      [
       12.9388889,
       47.9380556
      ],
      [
       12.9205556,
       47.9513889
      ],
      [
       12.89,
       47.9586111
      ],
      [
       12.86,
       47.9969444
      ],
      [
       12.845,
       48.0202778
      ],
      [
       12.81,
       48.0425
      ],
      [
       12.7777778,
       48.0613889
      ],
      [
       12.7572222,
       48.0780556
      ],
      [
       12.7491667,
       48.1086111
      ],
      [
       12.7586111,
       48.1266667
      ],
      [
       12.785,
       48.1227778
      ],
      [
       12.7977778,
       48.14
      ],
      [
       12.8255556,
       48.1525
      ],
      [
       12.8461111,
       48.1663889
      ],
      [
       12.8602778,
       48.1844444
      ],
      [
       12.8727778,
       48.2022222
      ],
      [
       12.9016667,
       48.2041667
      ],
      [
       12.9466667,
       48.2069444
      ],
      [
       12.9944444,
       48.2341667
      ],
      [
       13.0094444,
       48.2497222
      ],
      [
       13.055,
       48.2652778
      ],
      [
       13.08,
       48.2769444
      ],
      [
       13.1133333,
       48.2772222
      ],
      [
       13.1663889,
       48.2913889
      ]
     ]
    ]
   }
  },
  {
   "type": "Feature",
   "properties": {
    "ll": {
     "value": 5500,
     "unit": 1,
     "referenceDatum": 1
    },
    "ul": {
     "value": 195,
     "unit": 6,
     "referenceDatum": 2
    },
    "_id": "63199422d9f1e6a2b5f8e0b7",
    "name": "TMA LOWS",
    "type": 0,
    "icao": 3,
    "bnd": [
     [
      47.5391667,
      13.1355556
     ],
     [
      47.6208333,
      13.3033333
     ]
    ]
   },
   "geometry": {
    "type": "Polygon",
    "coordinates": [
     [
      [
       13.2377778,
       47.6208333
      ],
      [
       13.3033333,
       47.5897222
      ],
      [
       13.3008333,
       47.5391667
      ],
      [
       13.2197222,
       47.5563889
      ],
      [
       13.2016667,
       47.5563889
      ],
      [
       13.1355556,
       47.5563889
      ],
      [
       13.1355556,
       47.6102778
      ],
      [
       13.2377778,
       47.6208333
      ]
     ]
    ]
   }
  },
  {
   "type": "Feature",
   "properties": {
    "ll": {
     "value": 6500,
     "unit": 1,
     "referenceDatum": 1
    },
    "ul": {
     "value": 195,
     "unit": 6,
     "referenceDatum": 2
    },
    "_id": "63199422d9f1e6a2b5f8e0c1",
    "name": "TMA LOWS",
    "type": 0,
    "icao": 3,
    "bnd": [
     [
      47.87,
      13.1666667
     ],
     [
      48.1672222,
      13.5
     ]
    ]
   },
   "geometry": {
    "type": "Polygon",
    "coordinates": [
     [
      [
       13.1666667,
       48.1672222
      ],
      [
       13.3675,
       48.1672222
      ],
      [
       13.5,
       47.9369444
      ],
      [
       13.5,
       47.8705556
      ],
      [
       13.3316667,
       47.87
      ],
      [
       13.1666667,
       48.0833333
      ],
      [
       13.1666667,
       48.1672222
      ]
     ]
    ]
   }
  },
  {
   "type": "Feature",
   "properties": {
    "ll": {
     "value": 7000,
     "unit": 1,
     "referenceDatum": 1
    },
    "ul": {
     "value": 195,
     "unit": 6,
     "referenceDatum": 2
    },
    "_id": "63199423d9f1e6a2b5f8e0cb",
    "name": "TMA LOWS",
    "type": 0,
    "icao": 3,
    "bnd": [
     [
      47.4805556,
      13.1355556
     ],
     [
      47.5563889,
      13.2016667
     ]
    ]
   },
   "geometry": {
    "type": "Polygon",
    "coordinates": [
     [
      [
       13.1355556,
       47.5563889
      ],
      [
       13.2016667,
       47.5563889
      ],
      [
       13.1888889,
       47.5166667
      ],
      [
       13.1897222,
       47.4805556
      ],
      [
       13.1402778,
       47.4805556
      ],
      [
       13.1355556,
       47.5563889
      ]
     ]
    ]
   }
  },
  {
   "type": "Feature",
   "properties": {
    "ll": {
     "value": 7500,
     "unit": 1,
     "referenceDatum": 1
    },
    "ul": {
     "value": 195,
     "unit": 6,
     "referenceDatum": 2
    },
    "_id": "63199423d9f1e6a2b5f8e0d5",
    "name": "TMA LOWS",
    "type": 0,
    "icao": 3,
    "bnd": [
     [
      47.6702778,
      13.1527778
     ],
     [
      47.8038889,
      13.3547222
     ]
    ]
   },
   "geometry": {
    "type": "Polygon",
    "coordinates": [
     [
      [
       13.1527778,
       47.7838889
      ],
      [
       13.3244444,
       47.8038889
      ],
      [
       13.3177778,
       47.7744444
      ],
      [
       13.3125,
       47.75
      ],
      [
       13.3547222,
       47.7086111
      ],
      [
       13.21,
       47.6702778
      ],
      [
       13.1827778,
       47.7144444
      ],
      [
       13.1527778,
       47.7838889
      ]
     ]
    ]
   }
  },
  {
   "type": "Feature",
   "properties": {
    "ll": {
     "value": 8000,
     "unit": 1,
     "referenceDatum": 1
    },
    "ul": {
     "value": 195,
     "unit": 6,
     "referenceDatum": 2
    },
    "_id": "63199423d9f1e6a2b5f8e0df",
    "name": "TMA LOWS",
    "type": 0,
    "icao": 3,
    "bnd": [
     [
      47.5211111,
      13.3008333
     ],
     [
      47.5908333,
      13.4044444
     ]
    ]
   },
   "geometry": {
    "type": "Polygon",
    "coordinates": [
     [
      [
       13.3033333,
       47.5897222
      ],
      [
       13.3402778,
       47.5908333
      ],
      [
       13.3894444,
       47.5730556
      ],
      [
       13.4044444,
       47.5483333
      ],
      [
       13.3861111,
       47.5211111
      ],
      [
       13.3008333,
       47.5391667
      ],
      [
       13.3033333,
       47.5897222
      ]
     ]
    ]
   }
  },
  {
   "type": "Feature",
   "properties": {
    "ll": {
     "value": 9000,
     "unit": 1,
     "referenceDatum": 1
    },
    "ul": {
     "value": 195,
     "unit": 6,
     "referenceDatum": 2
    },
    "_id": "63199423d9f1e6a2b5f8e0ea",
    "name": "TMA LOWS",
    "type": 0,
    "icao": 3,
    "bnd": [
     [
      47.4366667,
      13.1402778
     ],
     [
      47.4805556,
      13.1911111
     ]
    ]
   },
   "geometry": {
    "type": "Polygon",
    "coordinates": [
     [
      [
       13.1402778,
       47.4805556
      ],
      [
       13.1897222,
       47.4805556
      ],
      [
       13.1911111,
       47.4366667
      ],
      [
       13.1416667,
       47.4366667
      ],
      [
       13.1402778,
       47.4805556
      ]
     ]
    ]
   }
  },
  {
   "type": "Feature",
   "properties": {
    "ll": {
     "value": 10000,
     "unit": 1,
     "referenceDatum": 1
    },
    "ul": {
     "value": 195,
     "unit": 6,
     "referenceDatum": 2
    },
    "_id": "63199423d9f1e6a2b5f8e0f3",
    "name": "TMA LOWS",
    "type": 0,
    "icao": 3,
    "bnd": [
     [
      47.3680556,
      13.1416667
     ],
     [
      47.4366667,
      13.1930556
     ]
    ]
   },
   "geometry": {
    "type": "Polygon",
    "coordinates": [
     [
      [
       13.1416667,
       47.4366667
      ],
      [
       13.1911111,
       47.4366667
      ],
      [
       13.1930556,
       47.3680556
      ],
      [
       13.1436111,
       47.3680556
      ],
      [
       13.1416667,
       47.4366667
      ]
     ]
    ]
   }
  },
  {
   "type": "Feature",
   "properties": {
    "ll": {
     "value": 10000,
     "unit": 1,
     "referenceDatum": 1
    },
    "ul": {
     "value": 195,
     "unit": 6,
     "referenceDatum": 2
    },
    "_id": "63199423d9f1e6a2b5f8e0fd",
    "name": "TMA LOWS",
    "type": 0,
    "icao": 3,
    "bnd": [
     [
      47.5211111,
      13.21
     ],
     [
      47.7086111,
      13.44
     ]
    ]
   },
   "geometry": {
    "type": "Polygon",
    "coordinates": [
     [
      [
       13.3547222,
       47.7086111
      ],
      [
       13.405,
       47.6636111
      ],
      [
       13.44,
       47.5261111
      ],
      [
       13.3861111,
       47.5211111
      ],
      [
       13.4044444,
       47.5483333
      ],
      [
       13.3894444,
       47.5730556
      ],
      [
       13.3402778,
       47.5908333
      ],
      [
       13.3033333,
       47.5897222
      ],
      [
       13.2377778,
       47.6208333
      ],
      [
       13.21,
       47.6702778
      ],
      [
       13.3547222,
       47.7086111
      ]
     ]
    ]
   }
  },
  {
   "type": "Feature",
   "properties": {
    "ll": {
     "value": 195,
     "unit": 6,
     "referenceDatum": 2
    },
    "ul": {
     "value": 245,
     "unit": 6,
     "referenceDatum": 2
    },
    "_id": "63199423d9f1e6a2b5f8e107",
    "name": "TMA LOWS",
    "type": 0,
    "icao": 2,
    "bnd": [
     [
      47.5211111,
      13.21
     ],
     [
      47.7086111,
      13.44
     ]
    ]
   },
   "geometry": {
    "type": "Polygon",
    "coordinates": [
     [
      [
       13.3547222,
       47.7086111
      ],
      [
       13.405,
       47.6636111
      ],
      [
       13.44,
       47.5261111
      ],
      [
       13.3861111,
       47.5211111
      ],
      [
       13.4044444,
       47.5483333
      ],
      [
       13.3894444,
       47.5730556
      ],
      [
       13.3402778,
       47.5908333
      ],
      [
       13.3033333,
       47.5897222
      ],
      [
       13.2377778,
       47.6208333
      ],
      [
       13.21,
       47.6702778
      ],
      [
       13.3547222,
       47.7086111
      ]
     ]
    ]
   }
  },
  {
   "type": "Feature",
   "properties": {
    "ll": {
     "value": 195,
     "unit": 6,
     "referenceDatum": 2
    },
    "ul": {
     "value": 245,
     "unit": 6,
     "referenceDatum": 2
    },
    "_id": "63199423d9f1e6a2b5f8e111",
    "name": "TMA LOWS",
    "type": 0,
    "icao": 2,
    "bnd": [
     [
      47.3680556,
      13.1416667
     ],
     [
      47.4366667,
      13.1930556
     ]
    ]
   },
   "geometry": {
    "type": "Polygon",
    "coordinates": [
     [
      [
       13.1416667,
       47.4366667
      ],
      [
       13.1911111,
       47.4366667
      ],
      [
       13.1930556,
       47.3680556
      ],
      [
       13.1436111,
       47.3680556
      ],
      [
       13.1416667,
       47.4366667
      ]
     ]
    ]
   }
  },
  {
   "type": "Feature",
   "properties": {
    "ll": {
     "value": 195,
     "unit": 6,
     "referenceDatum": 2
    },
    "ul": {
     "value": 245,
     "unit": 6,
     "referenceDatum": 2
    },
    "_id": "63199423d9f1e6a2b5f8e11b",
    "name": "TMA LOWS",
    "type": 0,
    "icao": 2,
    "bnd": [
     [
      47.4366667,
      13.1402778
     ],
     [
      47.4805556,
      13.1911111
     ]
    ]
   },
   "geometry": {
    "type": "Polygon",
    "coordinates": [
     [
      [
       13.1402778,
       47.4805556
      ],
      [
       13.1897222,
       47.4805556
      ],
      [
       13.1911111,
       47.4366667
      ],
      [
       13.1416667,
       47.4366667
      ],
      [
       13.1402778,
       47.4805556
      ]
     ]
    ]
   }
  },
  {
   "type": "Feature",
   "properties": {
    "ll": {
     "value": 195,
     "unit": 6,
     "referenceDatum": 2
    },
    "ul": {
     "value": 245,
     "unit": 6,
     "referenceDatum": 2
    },
    "_id": "63199423d9f1e6a2b5f8e125",
    "name": "TMA LOWS",
    "type": 0,
    "icao": 2,
    "bnd": [
     [
      47.6102778,
      12.7491667
     ],
     [
      48.2913889,
      13.3375
     ]
    ]
   },
   "geometry": {
    "type": "Polygon",
    "coordinates": [
     [
      [
       13.1663889,
       48.2913889
      ],
      [
       13.1666667,
       48.1672222
      ],
      [
       13.1666667,
       48.0833333
      ],
      [
       13.3316667,
       47.87
      ],
      [
       13.3375,
       47.8622222
      ],
      [
       13.3244444,
       47.8038889
      ],
      [
       13.1527778,
       47.7838889
      ],
      [
       13.1827778,
       47.7144444
      ],
      [
       13.21,
       47.6702778
      ],
      [
       13.2377778,
       47.6208333
      ],
      [
       13.1355556,
       47.6102778
      ],
      [
       13.0808333,
       47.6869444
      ],
      [
       13.0741667,
       47.6919444
      ],
      [
       13.0544444,
       47.7047222
      ],
      [
       13.0308333,
       47.7169444
      ],
      [
       13.0127778,
       47.7225
      ],
      [
       13.0022222,
       47.7133333
      ],
      [
       12.9755556,
       47.7077778
      ],
      [
       12.9488889,
       47.7111111
      ],
      [
       12.9219444,
       47.7144444
      ],
      [
       12.9080556,
       47.7297222
      ],
      [
       12.9286111,
       47.7447222
      ],
      [
       12.9447222,
       47.7644444
      ],
      [
       12.9422222,
       47.7711111
      ],
      [
       12.9333333,
       47.7761111
      ],
      [
       12.9383333,
       47.7833333
      ],
      [
       12.9619444,
       47.7977778
      ],
      [
       12.9769444,
       47.8155556
      ],
      [
       12.9919444,
       47.8338889
      ],
      [
       13.0013889,
       47.8544444
      ],
      [
       12.9816667,
       47.8769444
      ],
      [
       12.9652778,
       47.9022222
      ],
      [
       12.9480556,
       47.9197222
      ],
      [
       12.9388889,
       47.9380556
      ],
      [
       12.9205556,
       47.9513889
      ],
      [
       12.89,
       47.9586111
      ],
      [
       12.86,
       47.9969444
      ],
      [
       12.845,
       48.0202778
      ],
      [
       12.81,
       48.0425
      ],
      [
       12.7777778,
       48.0613889
      ],
      [
       12.7572222,
       48.0780556
      ],
      [
       12.7491667,
       48.1086111
      ],
      [
       12.7586111,
       48.1266667
      ],
      [
       12.785,
       48.1227778
      ],
      [
       12.7977778,
       48.14
      ],
      [
       12.8255556,
       48.1525
      ],
      [
       12.8461111,
       48.1663889
      ],
      [
       12.8602778,
       48.1844444
      ],
      [
       12.8727778,
       48.2022222
      ],
      [
       12.9016667,
       48.2041667
      ],
      [
       12.9466667,
       48.2069444
      ],
      [
       12.9944444,
       48.2341667
      ],
      [
       13.0094444,
       48.2497222
      ],
      [
       13.055,
       48.2652778
      ],
      [
       13.08,
       48.2769444
      ],
      [
       13.1133333,
       48.2772222
      ],
      [
       13.1663889,
       48.2913889
      ]
     ]
    ]
   }
  },
  {
   "type": "Feature",
   "properties": {
    "ll": {
     "value": 195,
     "unit": 6,
     "referenceDatum": 2
    },
    "ul": {
     "value": 245,
     "unit": 6,
     "referenceDatum": 2
    },
    "_id": "63199423d9f1e6a2b5f8e134",
    "name": "TMA LOWS",
    "type": 0,
    "icao": 2,
    "bnd": [
     [
      47.87,
      13.1666667
     ],
     [
      48.1672222,
      13.5
     ]
    ]
   },
   "geometry": {
    "type": "Polygon",
    "coordinates": [
     [
      [
       13.1666667,
       48.1672222
      ],
      [
       13.3675,
       48.1672222
      ],
      [
       13.5,
       47.9369444
      ],
      [
       13.5,
       47.8705556
      ],
      [
       13.3316667,
       47.87
      ],
      [
       13.1666667,
       48.0833333
      ],
      [
       13.1666667,
       48.1672222
      ]
     ]
    ]
   }
  },
  {
   "type": "Feature",
   "properties": {
    "ll": {
     "value": 195,
     "unit": 6,
     "referenceDatum": 2
    },
    "ul": {
     "value": 245,
     "unit": 6,
     "referenceDatum": 2
    },
    "_id": "63199423d9f1e6a2b5f8e141",
    "name": "TMA LOWS",
    "type": 0,
    "icao": 2,
    "bnd": [
     [
      47.6702778,
      13.1527778
     ],
     [
      47.8038889,
      13.3547222
     ]
    ]
   },
   "geometry": {
    "type": "Polygon",
    "coordinates": [
     [
      [
       13.1527778,
       47.7838889
      ],
      [
       13.3244444,
       47.8038889
      ],
      [
       13.3177778,
       47.7744444
      ],
      [
       13.3125,
       47.75
      ],
      [
       13.3547222,
       47.7086111
      ],
      [
       13.21,
       47.6702778
      ],
      [
       13.1827778,
       47.7144444
      ],
      [
       13.1527778,
       47.7838889
      ]
     ]
    ]
   }
  },
  {
   "type": "Feature",
   "properties": {
    "ll": {
     "value": 195,
     "unit": 6,
     "referenceDatum": 2
    },
    "ul": {
     "value": 245,
     "unit": 6,
     "referenceDatum": 2
    },
    "_id": "63199424d9f1e6a2b5f8e14b",
    "name": "TMA LOWS",
    "type": 0,
    "icao": 2,
    "bnd": [
     [
      47.4805556,
      13.1355556
     ],
     [
      47.5563889,
      13.2016667
     ]
    ]
   },
   "geometry": {
    "type": "Polygon",
    "coordinates": [
     [
      [
       13.1355556,
       47.5563889
      ],
      [
       13.2016667,
       47.5563889
      ],
      [
       13.1888889,
       47.5166667
      ],
      [
       13.1897222,
       47.4805556
      ],
      [
       13.1402778,
       47.4805556
      ],
      [
       13.1355556,
       47.5563889
      ]
     ]
    ]
   }
  },
  {
   "type": "Feature",
   "properties": {
    "ll": {
     "value": 195,
     "unit": 6,
     "referenceDatum": 2
    },
    "ul": {
     "value": 245,
     "unit": 6,
     "referenceDatum": 2
    },
    "_id": "63199424d9f1e6a2b5f8e155",
    "name": "TMA LOWS",
    "type": 0,
    "icao": 2,
    "bnd": [
     [
      47.5391667,
      13.1355556
     ],
     [
      47.6208333,
      13.3033333
     ]
    ]
   },
   "geometry": {
    "type": "Polygon",
    "coordinates": [
     [
      [
       13.2377778,
       47.6208333
      ],
      [
       13.3033333,
       47.5897222
      ],
      [
       13.3008333,
       47.5391667
      ],
      [
       13.2197222,
       47.5563889
      ],
      [
       13.2016667,
       47.5563889
      ],
      [
       13.1355556,
       47.5563889
      ],
      [
       13.1355556,
       47.6102778
      ],
      [
       13.2377778,
       47.6208333
      ]
     ]
    ]
   }
  },
  {
   "type": "Feature",
   "properties": {
    "ll": {
     "value": 195,
     "unit": 6,
     "referenceDatum": 2
    },
    "ul": {
     "value": 245,
     "unit": 6,
     "referenceDatum": 2
    },
    "_id": "63199424d9f1e6a2b5f8e15f",
    "name": "TMA LOWS",
    "type": 0,
    "icao": 2,
    "bnd": [
     [
      47.5211111,
      13.3008333
     ],
     [
      47.5908333,
      13.4044444
     ]
    ]
   },
   "geometry": {
    "type": "Polygon",
    "coordinates": [
     [
      [
       13.3033333,
       47.5897222
      ],
      [
       13.3402778,
       47.5908333
      ],
      [
       13.3894444,
       47.5730556
      ],
      [
       13.4044444,
       47.5483333
      ],
      [
       13.3861111,
       47.5211111
      ],
      [
       13.3008333,
       47.5391667
      ],
      [
       13.3033333,
       47.5897222
      ]
     ]
    ]
   }
  },
  {
   "type": "Feature",
   "properties": {
    "ll": {
     "value": 2000,
     "unit": 1,
     "referenceDatum": 1
    },
    "ul": {
     "value": 2500,
     "unit": 1,
     "referenceDatum": 1
    },
    "_id": "63199424d9f1e6a2b5f8e169",
    "name": "TMA LOWW",
    "type": 0,
    "icao": 3,
    "bnd": [
     [
      47.8594444,
      16.5619444
     ],
     [
      48.3147222,
      16.9047222
     ]
    ]
   },
   "geometry": {
    "type": "Polygon",
    "coordinates": [
     [
      [
       16.6030556,
       48.3061111
      ],
      [
       16.65,
       48.3147222
      ],
      [
       16.9047222,
       48.0702778
      ],
      [
       16.7811111,
       47.9008333
      ],
      [
       16.5619444,
       47.8594444
      ],
      [
       16.7652778,
       47.9744444
      ],
      [
       16.8408333,
       48.0777778
      ],
      [
       16.6030556,
       48.3061111
      ]
     ]
    ]
   }
  },
  {
   "type": "Feature",
   "properties": {
    "ll": {
     "value": 2500,
     "unit": 1,
     "referenceDatum": 1
    },
    "ul": {
     "value": 4500,
     "unit": 1,
     "referenceDatum": 1
    },
    "_id": "63199424d9f1e6a2b5f8e173",
    "name": "TMA LOWW",
    "type": 0,
    "icao": 3,
    "bnd": [
     [
      47.6813889,
      16.2166667
     ],
     [
      48.4694444,
      17.1608333
     ]
    ]
   },
   "geometry": {
    "type": "Polygon",
    "coordinates": [
     [
      [
       16.8752778,
       48.4694444
      ],
      [
       16.8727778,
       48.4666667
      ],
      [
       16.8536111,
       48.4513889
      ],
      [
       16.8541667,
       48.4305556
      ],
      [
       16.8505556,
       48.4102778
      ],
      [
       16.8508333,
       48.3911111
      ],
      [
       16.8377778,
       48.3747222
      ],
      [
       16.8427778,
       48.3561111
      ],
      [
       16.8675,
       48.3477778
      ],
      [
       16.8863889,
       48.3336111
      ],
      [
       16.9091667,
       48.3238889
      ],
      [
       16.8983333,
       48.3052778
      ],
      [
       16.9105556,
       48.2855556
      ],
      [
       16.9275,
       48.2711111
      ],
      [
       16.9566667,
       48.2641667
      ],
      [
       16.9483333,
       48.2455556
      ],
      [
       16.9580556,
       48.2261111
      ],
      [
       16.9669444,
       48.2052778
      ],
      [
       16.9766667,
       48.1855556
      ],
      [
       16.9761111,
       48.1722222
      ],
      [
       16.9844444,
       48.1677778
      ],
      [
       17.0088889,
       48.1552778
      ],
      [
       17.0286111,
       48.1405556
      ],
      [
       17.0572222,
       48.1436111
      ],
      [
       17.0677778,
       48.1269444
      ],
      [
       17.0791667,
       48.1077778
      ],
      [
       17.0930556,
       48.0913889
      ],
      [
       17.0744444,
       48.0730556
      ],
      [
       17.0683333,
       48.0552778
      ],
      [
       17.0741667,
       48.0363889
      ],
      [
       17.0675,
       48.0313889
      ],
      [
       17.0894444,
       48.0205556
      ],
      [
       17.1133333,
       48.03
      ],
      [
       17.1388889,
       48.0216667
      ],
      [
       17.1608333,
       48.0066667
      ],
      [
       17.1341667,
       47.9938889
      ],
      [
       17.1133333,
       47.9802778
      ],
      [
       17.1169444,
       47.9608333
      ],
      [
       17.1027778,
       47.9452778
      ],
      [
       17.1127778,
       47.9272222
      ],
      [
       17.1025,
       47.9108333
      ],
      [
       17.0852778,
       47.8744444
      ],
      [
       17.0486111,
       47.8719444
      ],
      [
       17.0177778,
       47.8683333
      ],
      [
       17.0516667,
       47.8377778
      ],
      [
       17.0597222,
       47.82
      ],
      [
       17.0536111,
       47.7975
      ],
      [
       17.0608333,
       47.7777778
      ],
      [
       17.0683333,
       47.7572222
      ],
      [
       17.0708333,
       47.7316667
      ],
      [
       17.0930556,
       47.7083333
      ],
      [
       17.0405556,
       47.7044444
      ],
      [
       16.9763889,
       47.6944444
      ],
      [
       16.9127778,
       47.6877778
      ],
      [
       16.8752778,
       47.6883333
      ],
      [
       16.8688889,
       47.7213889
      ],
      [
       16.8411111,
       47.7058333
      ],
      [
       16.8322222,
       47.6880556
      ],
      [
       16.7488889,
       47.6813889
      ],
      [
       16.7213889,
       47.7225
      ],
      [
       16.6716667,
       47.7405556
      ],
      [
       16.6669444,
       47.7413889
      ],
      [
       16.6452778,
       47.7455556
      ],
      [
       16.6227778,
       47.7572222
      ],
      [
       16.5925,
       47.7591667
      ],
      [
       16.5830556,
       47.755
      ],
      [
       16.5619444,
       47.8594444
      ],
      [
       16.2647222,
       48.1427778
      ],
      [
       16.2166667,
       48.1583333
      ],
      [
       16.2944444,
       48.2722222
      ],
      [
       16.3833333,
       48.2833333
      ],
      [
       16.3747222,
       48.3122222
      ],
      [
       16.3722222,
       48.3288889
      ],
      [
       16.3652778,
       48.3741667
      ],
      [
       16.5488889,
       48.4088889
      ],
      [
       16.8752778,
       48.4694444
      ]
     ]
    ]
   }
  },
  {
   "type": "Feature",
   "properties": {
    "ll": {
     "value": 3500,
     "unit": 1,
     "referenceDatum": 1
    },
    "ul": {
     "value": 4500,
     "unit": 1,
     "referenceDatum": 1
    },
    "_id": "63199424d9f1e6a2b5f8e17d",
    "name": "TMA LOWW",
    "type": 0,
    "icao": 3,
    "bnd": [
     [
      47.6663889,
      16.0066667
     ],
     [
      48.5352778,
      16.9497222
     ]
    ]
   },
   "geometry": {
    "type": "Polygon",
    "coordinates": [
     [
      [
       16.1716667,
       48.3886111
      ],
      [
       16.2808333,
       48.4094444
      ],
      [
       16.3038889,
       48.4138889
      ],
      [
       16.5283333,
       48.4566667
      ],
      [
       16.6311111,
       48.4761111
      ],
      [
       16.9497222,
       48.5352778
      ],
      [
       16.9411111,
       48.5208333
      ],
      [
       16.9158333,
       48.5130556
      ],
      [
       16.9147222,
       48.4944444
      ],
      [
       16.8908333,
       48.4816667
      ],
      [
       16.8752778,
       48.4694444
      ],
      [
       16.5488889,
       48.4088889
      ],
      [
       16.3652778,
       48.3741667
      ],
      [
       16.3722222,
       48.3288889
      ],
      [
       16.3747222,
       48.3122222
      ],
      [
       16.3833333,
       48.2833333
      ],
      [
       16.2944444,
       48.2722222
      ],
      [
       16.2166667,
       48.1583333
      ],
      [
       16.2647222,
       48.1427778
      ],
      [
       16.5619444,
       47.8594444
      ],
      [
       16.5830556,
       47.755
      ],
      [
       16.5663889,
       47.7516667
      ],
      [
       16.5375,
       47.74
      ],
      [
       16.5522222,
       47.7225
      ],
      [
       16.5308333,
       47.7108333
      ],
      [
       16.5052778,
       47.7044444
      ],
      [
       16.4844444,
       47.6913889
      ],
      [
       16.4602778,
       47.6838889
      ],
      [
       16.435,
       47.6702778
      ],
      [
       16.4230556,
       47.6663889
      ],
      [
       16.2336111,
       47.8088889
      ],
      [
       16.2441667,
       47.8602778
      ],
      [
       16.2202778,
       47.8769444
      ],
      [
       16.1686111,
       47.9130556
      ],
      [
       16.1155556,
       48.1133333
      ],
      [
       16.0766667,
       48.1294444
      ],
      [
       16.0066667,
       48.1588889
      ],
      [
       16.0663889,
       48.2452778
      ],
      [
       16.0722222,
       48.2533333
      ],
      [
       16.1180556,
       48.3180556
      ],
      [
       16.13,
       48.3347222
      ],
      [
       16.1716667,
       48.3886111
      ]
     ]
    ]
   }
  },
  {
   "type": "Feature",
   "properties": {
    "ll": {
     "value": 4500,
     "unit": 1,
     "referenceDatum": 1
    },
    "ul": {
     "value": 245,
     "unit": 6,
     "referenceDatum": 2
    },
    "_id": "63199424d9f1e6a2b5f8e187",
    "name": "TMA LOWW",
    "type": 0,
    "icao": 2,
    "bnd": [
     [
      47.6813889,
      16.2166667
     ],
     [
      48.4694444,
      17.1608333
     ]
    ]
   },
   "geometry": {
    "type": "Polygon",
    "coordinates": [
     [
      [
       16.8752778,
       48.4694444
      ],
      [
       16.8727778,
       48.4666667
      ],
      [
       16.8536111,
       48.4513889
      ],
      [
       16.8541667,
       48.4305556
      ],
      [
       16.8505556,
       48.4102778
      ],
      [
       16.8508333,
       48.3911111
      ],
      [
       16.8377778,
       48.3747222
      ],
      [
       16.8427778,
       48.3561111
      ],
      [
       16.8675,
       48.3477778
      ],
      [
       16.8863889,
       48.3336111
      ],
      [
       16.9091667,
       48.3238889
      ],
      [
       16.8983333,
       48.3052778
      ],
      [
       16.9105556,
       48.2855556
      ],
      [
       16.9275,
       48.2711111
      ],
      [
       16.9566667,
       48.2641667
      ],
      [
       16.9483333,
       48.2455556
      ],
      [
       16.9580556,
       48.2261111
      ],
      [
       16.9669444,
       48.2052778
      ],
      [
       16.9766667,
       48.1855556
      ],
      [
       16.9761111,
       48.1722222
      ],
      [
       16.9844444,
       48.1677778
      ],
      [
       17.0088889,
       48.1552778
      ],
      [
       17.0286111,
       48.1405556
      ],
      [
       17.0572222,
       48.1436111
      ],
      [
       17.0677778,
       48.1269444
      ],
      [
       17.0791667,
       48.1077778
      ],
      [
       17.0930556,
       48.0913889
      ],
      [
       17.0744444,
       48.0730556
      ],
      [
       17.0683333,
       48.0552778
      ],
      [
       17.0741667,
       48.0363889
      ],
      [
       17.0675,
       48.0313889
      ],
      [
       17.0894444,
       48.0205556
      ],
      [
       17.1133333,
       48.03
      ],
      [
       17.1388889,
       48.0216667
      ],
      [
       17.1608333,
       48.0066667
      ],
      [
       17.1341667,
       47.9938889
      ],
      [
       17.1133333,
       47.9802778
      ],
      [
       17.1169444,
       47.9608333
      ],
      [
       17.1027778,
       47.9452778
      ],
      [
       17.1127778,
       47.9272222
      ],
      [
       17.1025,
       47.9108333
      ],
      [
       17.0852778,
       47.8744444
      ],
      [
       17.0486111,
       47.8719444
      ],
      [
       17.0177778,
       47.8683333
      ],
      [
       17.0516667,
       47.8377778
      ],
      [
       17.0597222,
       47.82
      ],
      [
       17.0536111,
       47.7975
      ],
      [
       17.0608333,
       47.7777778
      ],
      [
       17.0683333,
       47.7572222
      ],
      [
       17.0708333,
       47.7316667
      ],
      [
       17.0930556,
       47.7083333
      ],
      [
       17.0405556,
       47.7044444
      ],
      [
       16.9763889,
       47.6944444
      ],
      [
       16.9127778,
       47.6877778
      ],
      [
       16.8752778,
       47.6883333
      ],
      [
       16.8688889,
       47.7213889
      ],
      [
       16.8411111,
       47.7058333
      ],
      [
       16.8322222,
       47.6880556
      ],
      [
       16.7488889,
       47.6813889
      ],
      [
       16.7213889,
       47.7225
      ],
      [
       16.6716667,
       47.7405556
      ],
      [
       16.6669444,
       47.7413889
      ],
      [
       16.6452778,
       47.7455556
      ],
      [
       16.6227778,
       47.7572222
      ],
      [
       16.5925,
       47.7591667
      ],
      [
       16.5830556,
       47.755
      ],
      [
       16.5619444,
       47.8594444
      ],
      [
       16.2647222,
       48.1427778
      ],
      [
       16.2166667,
       48.1583333
      ],
      [
       16.2944444,
       48.2722222
      ],
      [
       16.3833333,
       48.2833333
      ],
      [
       16.3747222,
       48.3122222
      ],
      [
       16.3722222,
       48.3288889
      ],
      [
       16.3652778,
       48.3741667
      ],
      [
       16.5488889,
       48.4088889
      ],
      [
       16.8752778,
       48.4694444
      ]
     ]
    ]
   }
  },
  {
   "type": "Feature",
   "properties": {
    "ll": {
     "value": 4500,
     "unit": 1,
     "referenceDatum": 1
    },
    "ul": {
     "value": 245,
     "unit": 6,
     "referenceDatum": 2
    },
    "_id": "63199424d9f1e6a2b5f8e191",
    "name": "TMA LOWW",
    "type": 0,
    "icao": 2,
    "bnd": [
     [
      47.9130556,
      15.8513889
     ],
     [
      48.5844444,
      16.9497222
     ]
    ]
   },
   "geometry": {
    "type": "Polygon",
    "coordinates": [
     [
      [
       16.9497222,
       48.5352778
      ],
      [
       16.5625,
       48.5844444
      ],
      [
       16.48,
       48.5688889
      ],
      [
       16.2636111,
       48.5277778
      ],
      [
       16.0475,
       48.4861111
      ],
      [
       15.9877778,
       48.4022222
      ],
      [
       15.9430556,
       48.3391667
      ],
      [
       15.8513889,
       48.2122222
      ],
      [
       15.8788889,
       48.1863889
      ],
      [
       16.0227778,
       48.0505556
      ],
      [
       16.1686111,
       47.9130556
      ],
      [
       16.1155556,
       48.1133333
      ],
      [
       16.0766667,
       48.1294444
      ],
      [
       16.0066667,
       48.1588889
      ],
      [
       16.0663889,
       48.2452778
      ],
      [
       16.0722222,
       48.2533333
      ],
      [
       16.1180556,
       48.3180556
      ],
      [
       16.13,
       48.3347222
      ],
      [
       16.1716667,
       48.3886111
      ],
      [
       16.2808333,
       48.4094444
      ],
      [
       16.3038889,
       48.4138889
      ],
      [
       16.5283333,
       48.4566667
      ],
      [
       16.6311111,
       48.4761111
      ],
      [
       16.9497222,
       48.5352778
      ]
     ]
    ]
   }
  },
  {
   "type": "Feature",
   "properties": {
    "ll": {
     "value": 4500,
     "unit": 1,
     "referenceDatum": 1
    },
    "ul": {
     "value": 245,
     "unit": 6,
     "referenceDatum": 2
    },
    "_id": "63199424d9f1e6a2b5f8e19b",
    "name": "TMA LOWW",
    "type": 0,
    "icao": 2,
    "bnd": [
     [
      47.6663889,
      16.0066667
     ],
     [
      48.5352778,
      16.9497222
     ]
    ]
   },
   "geometry": {
    "type": "Polygon",
    "coordinates": [
     [
      [
       16.1716667,
       48.3886111
      ],
      [
       16.2808333,
       48.4094444
      ],
      [
       16.3038889,
       48.4138889
      ],
      [
       16.5283333,
       48.4566667
      ],
      [
       16.6311111,
       48.4761111
      ],
      [
       16.9497222,
       48.5352778
      ],
      [
       16.9411111,
       48.5208333
      ],
      [
       16.9158333,
       48.5130556
      ],
      [
       16.9147222,
       48.4944444
      ],
      [
       16.8908333,
       48.4816667
      ],
      [
       16.8752778,
       48.4694444
      ],
      [
       16.5488889,
       48.4088889
      ],
      [
       16.3652778,
       48.3741667
      ],
      [
       16.3722222,
       48.3288889
      ],
      [
       16.3747222,
       48.3122222
      ],
      [
       16.3833333,
       48.2833333
      ],
      [
       16.2944444,
       48.2722222
      ],
      [
       16.2166667,
       48.1583333
      ],
      [
       16.2647222,
       48.1427778
      ],
      [
       16.5619444,
       47.8594444
      ],
      [
       16.5830556,
       47.755
      ],
      [
       16.5663889,
       47.7516667
      ],
      [
       16.5375,
       47.74
      ],
      [
       16.5522222,
       47.7225
      ],
      [
       16.5308333,
       47.7108333
      ],
      [
       16.5052778,
       47.7044444
      ],
      [
       16.4844444,
       47.6913889
      ],
      [
       16.4602778,
       47.6838889
      ],
      [
       16.435,
       47.6702778
      ],
      [
       16.4230556,
       47.6663889
      ],
      [
       16.2336111,
       47.8088889
      ],
      [
       16.2441667,
       47.8602778
      ],
      [
       16.2202778,
       47.8769444
      ],
      [
       16.1686111,
       47.9130556
      ],
      [
       16.1155556,
       48.1133333
      ],
      [
       16.0766667,
       48.1294444
      ],
      [
       16.0066667,
       48.1588889
      ],
      [
       16.0663889,
       48.2452778
      ],
      [
       16.0722222,
       48.2533333
      ],
      [
       16.1180556,
       48.3180556
      ],
      [
       16.13,
       48.3347222
      ],
      [
       16.1716667,
       48.3886111
      ]
     ]
    ]
   }
  },
  {
   "type": "Feature",
   "properties": {
    "ll": {
     "value": 5500,
     "unit": 1,
     "referenceDatum": 1
    },
    "ul": {
     "value": 245,
     "unit": 6,
     "referenceDatum": 2
    },
    "_id": "63199425d9f1e6a2b5f8e1a5",
    "name": "TMA LOWW",
    "type": 0,
    "icao": 2,
    "bnd": [
     [
      47.42,
      16.2016667
     ],
     [
      47.8088889,
      16.7052778
     ]
    ]
   },
   "geometry": {
    "type": "Polygon",
    "coordinates": [
     [
      [
       16.5830556,
       47.42
      ],
      [
       16.5994444,
       47.4247222
      ],
      [
       16.6219444,
       47.4344444
      ],
      [
       16.6433333,
       47.4455556
      ],
      [
       16.6608333,
       47.4633333
      ],
      [
       16.6636111,
       47.4813889
      ],
      [
       16.6625,
       47.5088889
      ],
      [
       16.6894444,
       47.5102778
      ],
      [
       16.7052778,
       47.5263889
      ],
      [
       16.6977778,
       47.5458333
      ],
      [
       16.6683333,
       47.5644444
      ],
      [
       16.6747222,
       47.5822222
      ],
      [
       16.6630556,
       47.6055556
      ],
      [
       16.6527778,
       47.6225
      ],
      [
       16.6188889,
       47.6261111
      ],
      [
       16.59,
       47.6175
      ],
      [
       16.5605556,
       47.6269444
      ],
      [
       16.5355556,
       47.6388889
      ],
      [
       16.5027778,
       47.6402778
      ],
      [
       16.4791667,
       47.65
      ],
      [
       16.4513889,
       47.6558333
      ],
      [
       16.4230556,
       47.6663889
      ],
      [
       16.2336111,
       47.8088889
      ],
      [
       16.2016667,
       47.6536111
      ],
      [
       16.4075,
       47.4561111
      ],
      [
       16.5830556,
       47.42
      ]
     ]
    ]
   }
  },
  {
   "type": "Feature",
   "properties": {
    "ll": {
     "value": 6500,
     "unit": 1,
     "referenceDatum": 1
    },
    "ul": {
     "value": 245,
     "unit": 6,
     "referenceDatum": 2
    },
    "_id": "63199425d9f1e6a2b5f8e1af",
    "name": "TMA LOWW",
    "type": 0,
    "icao": 2,
    "bnd": [
     [
      47.6536111,
      15.5736111
     ],
     [
      48.8038889,
      16.9505556
     ]
    ]
   },
   "geometry": {
    "type": "Polygon",
    "coordinates": [
     [
      [
       16.2372222,
       48.7397222
      ],
      [
       15.8763889,
       48.67
      ],
      [
       15.6016667,
       48.2841667
      ],
      [
       15.5736111,
       48.2447222
      ],
      [
       16.1002778,
       47.75
      ],
      [
       16.2016667,
       47.6536111
      ],
      [
       16.2336111,
       47.8088889
      ],
      [
       16.2441667,
       47.8602778
      ],
      [
       16.2202778,
       47.8769444
      ],
      [
       16.1686111,
       47.9130556
      ],
      [
       16.0227778,
       48.0505556
      ],
      [
       15.8788889,
       48.1863889
      ],
      [
       15.8513889,
       48.2122222
      ],
      [
       15.9430556,
       48.3391667
      ],
      [
       15.9877778,
       48.4022222
      ],
      [
       16.0475,
       48.4861111
      ],
      [
       16.2636111,
       48.5277778
      ],
      [
       16.48,
       48.5688889
      ],
      [
       16.5625,
       48.5844444
      ],
      [
       16.9497222,
       48.5352778
      ],
      [
       16.9505556,
       48.5380556
      ],
      [
       16.9447222,
       48.5572222
      ],
      [
       16.9361111,
       48.5755556
      ],
      [
       16.9358333,
       48.595
      ],
      [
       16.9402778,
       48.6166667
      ],
      [
       16.9208333,
       48.6475
      ],
      [
       16.9236111,
       48.6669444
      ],
      [
       16.9161111,
       48.6844444
      ],
      [
       16.9161111,
       48.7025
      ],
      [
       16.9013889,
       48.7180556
      ],
      [
       16.8738889,
       48.7158333
      ],
      [
       16.8438889,
       48.7122222
      ],
      [
       16.8166667,
       48.7105556
      ],
      [
       16.7836111,
       48.7127778
      ],
      [
       16.7561111,
       48.7194444
      ],
      [
       16.7358333,
       48.7319444
      ],
      [
       16.7066667,
       48.7380556
      ],
      [
       16.6830556,
       48.7283333
      ],
      [
       16.6811111,
       48.7502778
      ],
      [
       16.6666667,
       48.7738889
      ],
      [
       16.6444444,
       48.7861111
      ],
      [
       16.6119444,
       48.7808333
      ],
      [
       16.5847222,
       48.7911111
      ],
      [
       16.5575,
       48.8013889
      ],
      [
       16.5288889,
       48.8038889
      ],
      [
       16.5005556,
       48.8011111
      ],
      [
       16.4516667,
       48.8011111
      ],
      [
       16.44,
       48.7841667
      ],
      [
       16.4347222,
       48.7655556
      ],
      [
       16.4125,
       48.7516667
      ],
      [
       16.3902778,
       48.7391667
      ],
      [
       16.3669444,
       48.7280556
      ],
      [
       16.3494444,
       48.7422222
      ],
      [
       16.3269444,
       48.7316667
      ],
      [
       16.2961111,
       48.7383333
      ],
      [
       16.2683333,
       48.7416667
      ],
      [
       16.2372222,
       48.7397222
      ]
     ]
    ]
   }
  },
  {
   "type": "Feature",
   "properties": {
    "ll": {
     "value": 6500,
     "unit": 1,
     "referenceDatum": 1
    },
    "ul": {
     "value": 245,
     "unit": 6,
     "referenceDatum": 2
    },
    "_id": "63199425d9f1e6a2b5f8e1b9",
    "name": "TMA LOWW",
    "type": 0,
    "icao": 2,
    "bnd": [
     [
      47.2369444,
      16.0502778
     ],
     [
      47.75,
      16.5830556
     ]
    ]
   },
   "geometry": {
    "type": "Polygon",
    "coordinates": [
     [
      [
       16.4425,
       47.2369444
      ],
      [
       16.4541667,
       47.2536111
      ],
      [
       16.4786111,
       47.2627778
      ],
      [
       16.4875,
       47.2836111
      ],
      [
       16.4788889,
       47.3013889
      ],
      [
       16.4686111,
       47.325
      ],
      [
       16.4505556,
       47.3386111
      ],
      [
       16.4436111,
       47.3561111
      ],
      [
       16.4566667,
       47.3722222
      ],
      [
       16.4505556,
       47.3930556
      ],
      [
       16.4580556,
       47.4130556
      ],
      [
       16.485,
       47.4086111
      ],
      [
       16.5036111,
       47.3933333
      ],
      [
       16.5180556,
       47.41
      ],
      [
       16.5488889,
       47.4052778
      ],
      [
       16.5744444,
       47.4122222
      ],
      [
       16.5830556,
       47.42
      ],
      [
       16.4075,
       47.4561111
      ],
      [
       16.2016667,
       47.6536111
      ],
      [
       16.1002778,
       47.75
      ],
      [
       16.0502778,
       47.5027778
      ],
      [
       16.1047222,
       47.4511111
      ],
      [
       16.2683333,
       47.2938889
      ],
      [
       16.4347222,
       47.2394444
      ],
      [
       16.4425,
       47.2369444
      ]
     ]
    ]
   }
  },
  {
   "type": "Feature",
   "properties": {
    "ll": {
     "value": 8500,
     "unit": 1,
     "referenceDatum": 1
    },
    "ul": {
     "value": 245,
     "unit": 6,
     "referenceDatum": 2
    },
    "_id": "63199425d9f1e6a2b5f8e1c5",
    "name": "TMA LOWW",
    "type": 0,
    "icao": 2,
    "bnd": [
     [
      47.5027778,
      15.3863889
     ],
     [
      48.7869444,
      16.2372222
     ]
    ]
   },
   "geometry": {
    "type": "Polygon",
    "coordinates": [
     [
      [
       16.2372222,
       48.7397222
      ],
      [
       16.2069444,
       48.7427778
      ],
      [
       16.1727778,
       48.7466667
      ],
      [
       16.1388889,
       48.7455556
      ],
      [
       16.1116667,
       48.7458333
      ],
      [
       16.0822222,
       48.7494444
      ],
      [
       16.0525,
       48.7613889
      ],
      [
       16.025,
       48.7708333
      ],
      [
       15.9997222,
       48.7777778
      ],
      [
       15.9855556,
       48.7869444
      ],
      [
       15.7247222,
       48.7338889
      ],
      [
       15.4077778,
       48.2863889
      ],
      [
       15.3863889,
       48.1266667
      ],
      [
       15.6594444,
       47.8738889
      ],
      [
       16.0502778,
       47.5027778
      ],
      [
       16.1002778,
       47.75
      ],
      [
       15.5736111,
       48.2447222
      ],
      [
       15.6016667,
       48.2841667
      ],
      [
       15.8763889,
       48.67
      ],
      [
       16.2372222,
       48.7397222
      ]
     ]
    ]
   }
  },
  {
   "type": "Feature",
   "properties": {
    "ll": {
     "value": 11000,
     "unit": 1,
     "referenceDatum": 1
    },
    "ul": {
     "value": 125,
     "unit": 6,
     "referenceDatum": 2
    },
    "_id": "63199425d9f1e6a2b5f8e215",
    "name": "TMZ LOWI E",
    "type": 1,
    "icao": 7,
    "bnd": [
     [
      47.1277778,
      11.4458333
     ],
     [
      47.6952778,
      12.44
     ]
    ]
   },
   "geometry": {
    "type": "Polygon",
    "coordinates": [
     [
      [
       12.44,
       47.6952778
      ],
      [
       12.2166667,
       47.5888889
      ],
      [
       12.1280556,
       47.3702778
      ],
      [
       11.8027778,
       47.3055556
      ],
      [
       11.4458333,
       47.2083333
      ],
      [
       11.4930556,
       47.1277778
      ],
      [
       12.0972222,
       47.2916667
      ],
      [
       12.2883333,
       47.3133333
      ],
      [
       12.44,
       47.6952778
      ]
     ]
    ]
   }
  },
  {
   "type": "Feature",
   "properties": {
    "ll": {
     "value": 11000,
     "unit": 1,
     "referenceDatum": 1
    },
    "ul": {
     "value": 125,
     "unit": 6,
     "referenceDatum": 2
    },
    "_id": "63199426d9f1e6a2b5f8e221",
    "name": "TMZ LOWI W",
    "type": 1,
    "icao": 7,
    "bnd": [
     [
      47.1777778,
      10.5708333
     ],
     [
      47.5369444,
      11.2994444
     ]
    ]
   },
   "geometry": {
    "type": "Polygon",
    "coordinates": [
     [
      [
       11.2994444,
       47.4305556
      ],
      [
       11.2894444,
       47.3069444
      ],
      [
       11.2205556,
       47.2897222
      ],
      [
       11.075,
       47.325
      ],
      [
       11.0236111,
       47.3213889
      ],
      [
       10.8875,
       47.315
      ],
      [
       10.7927778,
       47.3063889
      ],
      [
       10.7541667,
       47.3030556
      ],
      [
       10.6958333,
       47.3008333
      ],
      [
       10.6766667,
       47.29
      ],
      [
       10.6927778,
       47.2822222
      ],
      [
       10.795,
       47.2827778
      ],
      [
       10.8755556,
       47.2830556
      ],
      [
       11.0138889,
       47.2633333
      ],
      [
       11.0444444,
       47.2533333
      ],
      [
       11.0125,
       47.1777778
      ],
      [
       10.5708333,
       47.2855556
      ],
      [
       10.8125,
       47.52
      ],
      [
       10.8244444,
       47.5275
      ],
      [
       10.8530556,
       47.5333333
      ],
      [
       10.8869444,
       47.5369444
      ],
      [
       10.9008333,
       47.5211111
      ],
      [
       10.8869444,
       47.5058333
      ],
      [
       10.8711111,
       47.4908333
      ],
      [
       10.895,
       47.4827778
      ],
      [
       10.9252778,
       47.4825
      ],
      [
       10.9394444,
       47.4625
      ],
      [
       10.9605556,
       47.4486111
      ],
      [
       10.9836111,
       47.43
      ],
      [
       10.9688889,
       47.4119444
      ],
      [
       10.9883333,
       47.3955556
      ],
      [
       11.0183333,
       47.3966667
      ],
      [
       11.0458333,
       47.3944444
      ],
      [
       11.0733333,
       47.3961111
      ],
      [
       11.1002778,
       47.3944444
      ],
      [
       11.1241667,
       47.4083333
      ],
      [
       11.1505556,
       47.4194444
      ],
      [
       11.1763889,
       47.4241667
      ],
      [
       11.2055556,
       47.4338889
      ],
      [
       11.2366667,
       47.4322222
      ],
      [
       11.2347222,
       47.4130556
      ],
      [
       11.225,
       47.3952778
      ],
      [
       11.255,
       47.3986111
      ],
      [
       11.2847222,
       47.4027778
      ],
      [
       11.2919444,
       47.4211111
      ],
      [
       11.2994444,
       47.4305556
      ]
     ]
    ]
   }
  },
  {
   "type": "Feature",
   "properties": {
    "ll": {
     "value": 0,
     "unit": 1,
     "referenceDatum": 0
    },
    "ul": {
     "value": 4500,
     "unit": 1,
     "referenceDatum": 1
    },
    "_id": "63199426d9f1e6a2b5f8e22b",
    "name": "TMZ LOWW",
    "type": 1,
    "icao": 7,
    "bnd": [
     [
      47.6663889,
      16.0766667
     ],
     [
      48.4761111,
      16.9361111
     ]
    ]
   },
   "geometry": {
    "type": "Polygon",
    "coordinates": [
     [
      [
       16.6311111,
       48.4761111
      ],
      [
       16.8666667,
       48.1333333
      ],
      [
       16.9361111,
       48.05
      ],
      [
       16.9127778,
       47.6877778
      ],
      [
       16.8752778,
       47.6883333
      ],
      [
       16.8688889,
       47.7213889
      ],
      [
       16.8411111,
       47.7058333
      ],
      [
       16.8322222,
       47.6880556
      ],
      [
       16.7488889,
       47.6813889
      ],
      [
       16.7213889,
       47.7225
      ],
      [
       16.6716667,
       47.7405556
      ],
      [
       16.6669444,
       47.7413889
      ],
      [
       16.6452778,
       47.7455556
      ],
      [
       16.6227778,
       47.7572222
      ],
      [
       16.5925,
       47.7591667
      ],
      [
       16.5830556,
       47.755
      ],
      [
       16.5663889,
       47.7516667
      ],
      [
       16.5375,
       47.74
      ],
      [
       16.5522222,
       47.7225
      ],
      [
       16.5308333,
       47.7108333
      ],
      [
       16.5052778,
       47.7044444
      ],
      [
       16.4844444,
       47.6913889
      ],
      [
       16.4602778,
       47.6838889
      ],
      [
       16.435,
       47.6702778
      ],
      [
       16.4230556,
       47.6663889
      ],
      [
       16.2336111,
       47.8088889
      ],
      [
       16.2441667,
       47.8602778
      ],
      [
       16.2202778,
       47.8769444
      ],
      [
       16.1686111,
       47.9130556
      ],
      [
       16.1155556,
       48.1133333
      ],
      [
       16.0766667,
       48.1294444
      ],
      [
       16.1805556,
       48.2808333
      ],
      [
       16.2544444,
       48.3038889
      ],
      [
       16.3194444,
       48.3086111
      ],
      [
       16.325,
       48.3105556
      ],
      [
       16.3,
       48.3666667
      ],
      [
       16.2808333,
       48.4094444
      ],
      [
       16.3038889,
       48.4138889
      ],
      [
       16.5283333,
       48.4566667
      ],
      [
       16.6311111,
       48.4761111
      ]
     ]
    ]
   }
  },
  {
   "type": "Feature",
   "properties": {
    "ll": {
     "value": 2500,
     "unit": 1,
     "referenceDatum": 1
    },
    "ul": {
     "value": 6000,
     "unit": 1,
     "referenceDatum": 1
    },
    "_id": "63199426d9f1e6a2b5f8e235",
    "name": "TRA ACRO WELS",
    "type": 21,
    "icao": 7,
    "bnd": [
     [
      48.1611111,
      13.9744444
     ],
     [
      48.2013889,
      14.0744444
     ]
    ]
   },
   "geometry": {
    "type": "Polygon",
    "coordinates": [
     [
      [
       13.9744444,
       48.1975
      ],
      [
       14.0138889,
       48.2013889
      ],
      [
       14.0713889,
       48.2013889
      ],
      [
       14.0744444,
       48.165
      ],
      [
       13.9772222,
       48.1611111
      ],
      [
       13.9744444,
       48.1975
      ]
     ]
    ]
   }
  },
  {
   "type": "Feature",
   "properties": {
    "ll": {
     "value": 7500,
     "unit": 1,
     "referenceDatum": 1
    },
    "ul": {
     "value": 9500,
     "unit": 1,
     "referenceDatum": 1
    },
    "_id": "63199426d9f1e6a2b5f8e23f",
    "name": "TRA ALMENLAND",
    "type": 21,
    "icao": 7,
    "bnd": [
     [
      47.2222222,
      15.2561111
     ],
     [
      47.4688889,
      15.6963889
     ]
    ]
   },
   "geometry": {
    "type": "Polygon",
    "coordinates": [
     [
      [
       15.6327778,
       47.4688889
      ],
      [
       15.6963889,
       47.2408333
      ],
      [
       15.5483333,
       47.2222222
      ],
      [
       15.5205556,
       47.3211111
      ],
      [
       15.4463889,
       47.3358333
      ],
      [
       15.3866667,
       47.3283333
      ],
      [
       15.2630556,
       47.3980556
      ],
      [
       15.2561111,
       47.4283333
      ],
      [
       15.4202778,
       47.4461111
      ],
      [
       15.6327778,
       47.4688889
      ]
     ]
    ]
   }
  },
  {
   "type": "Feature",
   "properties": {
    "ll": {
     "value": 6500,
     "unit": 1,
     "referenceDatum": 1
    },
    "ul": {
     "value": 9500,
     "unit": 1,
     "referenceDatum": 1
    },
    "_id": "63199426d9f1e6a2b5f8e249",
    "name": "TRA BRUCK",
    "type": 21,
    "icao": 7,
    "bnd": [
     [
      47.3980556,
      15.1241667
     ],
     [
      47.4283333,
      15.2630556
     ]
    ]
   },
   "geometry": {
    "type": "Polygon",
    "coordinates": [
     [
      [
       15.1241667,
       47.4138889
      ],
      [
       15.2561111,
       47.4283333
      ],
      [
       15.2630556,
       47.3980556
      ],
      [
       15.1241667,
       47.4138889
      ]
     ]
    ]
   }
  },
  {
   "type": "Feature",
   "properties": {
    "ll": {
     "value": 8500,
     "unit": 1,
     "referenceDatum": 1
    },
    "ul": {
     "value": 9500,
     "unit": 1,
     "referenceDatum": 1
    },
    "_id": "63199426d9f1e6a2b5f8e253",
    "name": "TRA BRUCK",
    "type": 21,
    "icao": 7,
    "bnd": [
     [
      47.4138889,
      15.0880556
     ],
     [
      47.4791667,
      15.4202778
     ]
    ]
   },
   "geometry": {
    "type": "Polygon",
    "coordinates": [
     [
      [
       15.0880556,
       47.4438889
      ],
      [
       15.4125,
       47.4791667
      ],
      [
       15.4202778,
       47.4461111
      ],
      [
       15.2561111,
       47.4283333
      ],
      [
       15.1241667,
       47.4138889
      ],
      [
       15.0880556,
       47.4438889
      ]
     ]
    ]
   }
  },
  {
   "type": "Feature",
   "properties": {
    "ll": {
     "value": 4500,
     "unit": 1,
     "referenceDatum": 1
    },
    "ul": {
     "value": 7000,
     "unit": 1,
     "referenceDatum": 1
    },
    "_id": "63199428d9f1e6a2b5f8e325",
    "name": "TRA EFERDING",
    "type": 21,
    "icao": 7,
    "bnd": [
     [
      48.3133333,
      13.87
     ],
     [
      48.3552778,
      14.1491667
     ]
    ]
   },
   "geometry": {
    "type": "Polygon",
    "coordinates": [
     [
      [
       14.1469444,
       48.3552778
      ],
      [
       14.1491667,
       48.3205556
      ],
      [
       13.9044444,
       48.3133333
      ],
      [
       13.87,
       48.3458333
      ],
      [
       14.1469444,
       48.3552778
      ]
     ]
    ]
   }
  },
  {
   "type": "Feature",
   "properties": {
    "ll": {
     "value": 3500,
     "unit": 1,
     "referenceDatum": 1
    },
    "ul": {
     "value": 6500,
     "unit": 1,
     "referenceDatum": 1
    },
    "_id": "63199426d9f1e6a2b5f8e25d",
    "name": "TRA FELDKIRCHEN",
    "type": 21,
    "icao": 7,
    "bnd": [
     [
      46.6375,
      13.9811111
     ],
     [
      46.7466667,
      14.1288889
     ]
    ]
   },
   "geometry": {
    "type": "Polygon",
    "coordinates": [
     [
      [
       14.0941667,
       46.7466667
      ],
      [
       14.1216667,
       46.7408333
      ],
      [
       14.0933333,
       46.6738889
      ],
      [
       14.1288889,
       46.6669444
      ],
      [
       14.1175,
       46.6375
      ],
      [
       13.9811111,
       46.6663889
      ],
      [
       14.0719444,
       46.6997222
      ],
      [
       14.0941667,
       46.7466667
      ]
     ]
    ]
   }
  },
  {
   "type": "Feature",
   "properties": {
    "ll": {
     "value": 0,
     "unit": 1,
     "referenceDatum": 0
    },
    "ul": {
     "value": 5000,
     "unit": 1,
     "referenceDatum": 1
    },
    "_id": "63199426d9f1e6a2b5f8e267",
    "name": "TRA GAISBERG",
    "type": 21,
    "icao": 7,
    "bnd": [
     [
      47.7811111,
      13.0944444
     ],
     [
      47.8241667,
      13.1502778
     ]
    ]
   },
   "geometry": {
    "type": "Polygon",
    "coordinates": [
     [
      [
       13.0977778,
       47.8188889
      ],
      [
       13.1244444,
       47.8227778
      ],
      [
       13.135,
       47.8241667
      ],
      [
       13.1502778,
       47.79
      ],
      [
       13.1041667,
       47.7811111
      ],
      [
       13.0944444,
       47.8038889
      ],
      [
       13.0977778,
       47.8188889
      ]
     ]
    ]
   }
  },
  {
   "type": "Feature",
   "properties": {
    "ll": {
     "value": 6500,
     "unit": 1,
     "referenceDatum": 1
    },
    "ul": {
     "value": 9500,
     "unit": 1,
     "referenceDatum": 1
    },
    "_id": "63199426d9f1e6a2b5f8e271",
    "name": "TRA GERLITZEN",
    "type": 21,
    "icao": 7,
    "bnd": [
     [
      46.6663889,
      13.8333333
     ],
     [
      46.7930556,
      14.0941667
     ]
    ]
   },
   "geometry": {
    "type": "Polygon",
    "coordinates": [
     [
      [
       13.875,
       46.7930556
      ],
      [
       14.0258333,
       46.7611111
      ],
      [
       14.0941667,
       46.7466667
      ],
      [
       14.0719444,
       46.6997222
      ],
      [
       13.9811111,
       46.6663889
      ],
      [
       13.8333333,
       46.6972222
      ],
      [
       13.875,
       46.7930556
      ]
     ]
    ]
   }
  },
  {
   "type": "Feature",
   "properties": {
    "ll": {
     "value": 0,
     "unit": 1,
     "referenceDatum": 0
    },
    "ul": {
     "value": 7000,
     "unit": 1,
     "referenceDatum": 1
    },
    "_id": "63199426d9f1e6a2b5f8e27b",
    "name": "TRA GRADEN",
    "type": 21,
    "icao": 7,
    "bnd": [
     [
      47.1416667,
      14.9513889
     ],
     [
      47.1838889,
      15.1155556
     ]
    ]
   },
   "geometry": {
    "type": "Polygon",
    "coordinates": [
     [
      [
       14.9827778,
       47.1838889
      ],
      [
       15.1119444,
       47.1752778
      ],
      [
       15.1155556,
       47.16
      ],
      [
       14.9513889,
       47.1416667
      ],
      [
       14.9827778,
       47.1838889
      ]
     ]
    ]
   }
  },
  {
   "type": "Feature",
   "properties": {
    "ll": {
     "value": 6500,
     "unit": 1,
     "referenceDatum": 1
    },
    "ul": {
     "value": 7000,
     "unit": 1,
     "referenceDatum": 1
    },
    "_id": "63199426d9f1e6a2b5f8e285",
    "name": "TRA GRADEN",
    "type": 21,
    "icao": 7,
    "bnd": [
     [
      47.1047222,
      14.9238889
     ],
     [
      47.1672222,
      15.2108333
     ]
    ]
   },
   "geometry": {
    "type": "Polygon",
    "coordinates": [
     [
      [
       14.9513889,
       47.1416667
      ],
      [
       15.1155556,
       47.16
      ],
      [
       15.2055556,
       47.1672222
      ],
      [
       15.2108333,
       47.1366667
      ],
      [
       14.9238889,
       47.1047222
      ],
      [
       14.9513889,
       47.1416667
      ]
     ]
    ]
   }
  },
  {
   "type": "Feature",
   "properties": {
    "ll": {
     "value": 9500,
     "unit": 1,
     "referenceDatum": 1
    },
    "ul": {
     "value": 11500,
     "unit": 1,
     "referenceDatum": 1
    },
    "_id": "63199427d9f1e6a2b5f8e2b7",
    "name": "TRA GREIM",
    "type": 21,
    "icao": 7,
    "bnd": [
     [
      47.1819444,
      13.9694444
     ],
     [
      47.4241667,
      14.4886111
     ]
    ]
   },
   "geometry": {
    "type": "Polygon",
    "coordinates": [
     [
      [
       14.0008333,
       47.2225
      ],
      [
       14.3566667,
       47.4113889
      ],
      [
       14.465,
       47.4241667
      ],
      [
       14.4886111,
       47.3388889
      ],
      [
       14.3036111,
       47.3138889
      ],
      [
       14.1255556,
       47.1936111
      ],
      [
       13.9694444,
       47.1819444
      ],
      [
       14.0008333,
       47.2225
      ]
     ]
    ]
   }
  },
  {
   "type": "Feature",
   "properties": {
    "ll": {
     "value": 0,
     "unit": 1,
     "referenceDatum": 0
    },
    "ul": {
     "value": 8000,
     "unit": 1,
     "referenceDatum": 1
    },
    "_id": "63199427d9f1e6a2b5f8e2c1",
    "name": "TRA HOCHALM",
    "type": 21,
    "icao": 7,
    "bnd": [
     [
      47.2734714,
      14.7316667
     ],
     [
      47.2986111,
      14.8461111
     ]
    ]
   },
   "geometry": {
    "type": "Polygon",
    "coordinates": [
     [
      [
       14.8461111,
       47.2986111
      ],
      [
       14.8461111,
       47.2986111
      ],
      [
       14.8448559,
       47.2972343
      ],
      [
       14.8435375,
       47.2958848
      ],
      [
       14.8421574,
       47.2945642
      ],
      [
       14.8407169,
       47.2932735
      ],
      [
       14.8392173,
       47.2920141
      ],
      [
       14.8376603,
       47.2907873
      ],
      [
       14.8360473,
       47.2895943
      ],
      [
       14.8343799,
       47.2884362
      ],
      [
       14.8326598,
       47.2873141
      ],
      [
       14.8308886,
       47.2862292
      ],
      [
       14.8290682,
       47.2851826
      ],
      [
       14.8272002,
       47.2841753
      ],
      [
       14.8252866,
       47.2832082
      ],
      [
       14.8233292,
       47.2822823
      ],
      [
       14.82133,
       47.2813986
      ],
      [
       14.819291,
       47.2805579
      ],
      [
       14.817214,
       47.279761
      ],
      [
       14.8151013,
       47.2790087
      ],
      [
       14.8129548,
       47.2783017
      ],
      [
       14.8107768,
       47.2776408
      ],
      [
       14.8085692,
       47.2770266
      ],
      [
       14.8063344,
       47.2764598
      ],
      [
       14.8040744,
       47.2759407
      ],
      [
       14.8017916,
       47.2754701
      ],
      [
       14.7994881,
       47.2750483
      ],
      [
       14.7971663,
       47.2746757
      ],
      [
       14.7948285,
       47.2743528
      ],
      [
       14.7924768,
       47.2740798
      ],
      [
       14.7901137,
       47.273857
      ],
      [
       14.7877415,
       47.2736846
      ],
      [
       14.7853624,
       47.2735628
      ],
      [
       14.7829789,
       47.2734917
      ],
      [
       14.7805933,
       47.2734714
      ],
      [
       14.778208,
       47.2735019
      ],
      [
       14.7758252,
       47.2735832
      ],
      [
       14.7734473,
       47.2737152
      ],
      [
       14.7710767,
       47.2738977
      ],
      [
       14.7687157,
       47.2741307
      ],
      [
       14.7663667,
       47.2744137
      ],
      [
       14.7640318,
       47.2747467
      ],
      [
       14.7617135,
       47.2751292
      ],
      [
       14.7594141,
       47.2755609
      ],
      [
       14.7571357,
       47.2760413
      ],
      [
       14.7548806,
       47.27657
      ],
      [
       14.7526511,
       47.2771464
      ],
      [
       14.7504493,
       47.2777701
      ],
      [
       14.7482774,
       47.2784403
      ],
      [
       14.7461375,
       47.2791564
      ],
      [
       14.7440318,
       47.2799177
      ],
      [
       14.7419623,
       47.2807235
      ],
      [
       14.7399311,
       47.281573
      ],
      [
       14.7379402,
       47.2824652
      ],
      [
       14.7359915,
       47.2833995
      ],
      [
       14.7340869,
       47.2843747
      ],
      [
       14.7322284,
       47.2853901
      ],
      [
       14.7316667,
       47.2855556
      ],
      [
       14.7316667,
       47.2855556
      ],
      [
       14.8461111,
       47.2986111
      ]
     ]
    ]
   }
  },
  {
   "type": "Feature",
   "properties": {
    "ll": {
     "value": 6500,
     "unit": 1,
     "referenceDatum": 1
    },
    "ul": {
     "value": 8000,
     "unit": 1,
     "referenceDatum": 1
    },
    "_id": "63199427d9f1e6a2b5f8e2cb",
    "name": "TRA HOCHALM",
    "type": 21,
    "icao": 7,
    "bnd": [
     [
      47.2855556,
      14.7058333
     ],
     [
      47.3336111,
      14.8568916
     ]
    ]
   },
   "geometry": {
    "type": "Polygon",
    "coordinates": [
     [
      [
       14.8558333,
       47.3336111
      ],
      [
       14.8558333,
       47.3336111
      ],
      [
       14.8561943,
       47.33201
      ],
      [
       14.8564808,
       47.330402
      ],
      [
       14.8566927,
       47.3287887
      ],
      [
       14.8568297,
       47.3271717
      ],
      [
       14.8568916,
       47.3255526
      ],
      [
       14.8568785,
       47.3239329
      ],
      [
       14.8567904,
       47.3223144
      ],
      [
       14.8566273,
       47.3206985
      ],
      [
       14.8563895,
       47.3190868
      ],
      [
       14.8560771,
       47.3174811
      ],
      [
       14.8556904,
       47.3158827
      ],
      [
       14.85523,
       47.3142934
      ],
      [
       14.8546961,
       47.3127147
      ],
      [
       14.8540895,
       47.3111482
      ],
      [
       14.8534105,
       47.3095953
      ],
      [
       14.8526601,
       47.3080576
      ],
      [
       14.8518388,
       47.3065367
      ],
      [
       14.8509475,
       47.305034
      ],
      [
       14.849987,
       47.303551
      ],
      [
       14.8489585,
       47.3020892
      ],
      [
       14.8478628,
       47.3006501
      ],
      [
       14.846701,
       47.2992349
      ],
      [
       14.8461111,
       47.2986111
      ],
      [
       14.8461111,
       47.2986111
      ],
      [
       14.7316667,
       47.2855556
      ],
      [
       14.7298639,
       47.2866218
      ],
      [
       14.7281113,
       47.287726
      ],
      [
       14.7264107,
       47.2888669
      ],
      [
       14.7247637,
       47.2900435
      ],
      [
       14.7231718,
       47.2912545
      ],
      [
       14.7216368,
       47.2924988
      ],
      [
       14.7201601,
       47.2937753
      ],
      [
       14.7187432,
       47.2950825
      ],
      [
       14.7173874,
       47.2964192
      ],
      [
       14.7160941,
       47.2977842
      ],
      [
       14.7148647,
       47.299176
      ],
      [
       14.7137002,
       47.3005933
      ],
      [
       14.7126019,
       47.3020347
      ],
      [
       14.7115709,
       47.3034988
      ],
      [
       14.7106081,
       47.3049841
      ],
      [
       14.7097145,
       47.3064892
      ],
      [
       14.7088911,
       47.3080126
      ],
      [
       14.7081386,
       47.3095527
      ],
      [
       14.7074577,
       47.3111081
      ],
      [
       14.7068493,
       47.3126773
      ],
      [
       14.7063137,
       47.3142586
      ],
      [
       14.7058517,
       47.3158505
      ],
      [
       14.7058333,
       47.3163889
      ],
      [
       14.7058333,
       47.3163889
      ],
      [
       14.8558333,
       47.3336111
      ]
     ]
    ]
   }
  },
  {
   "type": "Feature",
   "properties": {
    "ll": {
     "value": 7000,
     "unit": 1,
     "referenceDatum": 1
    },
    "ul": {
     "value": 9500,
     "unit": 1,
     "referenceDatum": 1
    },
    "_id": "63199427d9f1e6a2b5f8e2d5",
    "name": "TRA HOLZLEITENSATTEL 1",
    "type": 21,
    "icao": 7,
    "bnd": [
     [
      47.2822222,
      10.8744444
     ],
     [
      47.3161111,
      10.9222222
     ]
    ]
   },
   "geometry": {
    "type": "Polygon",
    "coordinates": [
     [
      [
       10.8875,
       47.315
      ],
      [
       10.9222222,
       47.3161111
      ],
      [
       10.8844444,
       47.2905556
      ],
      [
       10.8808333,
       47.2822222
      ],
      [
       10.8755556,
       47.2830556
      ],
      [
       10.8744444,
       47.2977778
      ],
      [
       10.8875,
       47.315
      ]
     ]
    ]
   }
  },
  {
   "type": "Feature",
   "properties": {
    "ll": {
     "value": 9000,
     "unit": 1,
     "referenceDatum": 1
    },
    "ul": {
     "value": 9500,
     "unit": 1,
     "referenceDatum": 1
    },
    "_id": "63199427d9f1e6a2b5f8e2df",
    "name": "TRA HOLZLEITENSATTEL 2",
    "type": 21,
    "icao": 7,
    "bnd": [
     [
      47.2827778,
      10.7722222
     ],
     [
      47.315,
      10.8875
     ]
    ]
   },
   "geometry": {
    "type": "Polygon",
    "coordinates": [
     [
      [
       10.7722222,
       47.2936111
      ],
      [
       10.7927778,
       47.3063889
      ],
      [
       10.8875,
       47.315
      ],
      [
       10.8744444,
       47.2977778
      ],
      [
       10.8755556,
       47.2830556
      ],
      [
       10.795,
       47.2827778
      ],
      [
       10.7722222,
       47.2936111
      ]
     ]
    ]
   }
  },
  {
   "type": "Feature",
   "properties": {
    "ll": {
     "value": 0,
     "unit": 1,
     "referenceDatum": 0
    },
    "ul": {
     "value": 2300,
     "unit": 1,
     "referenceDatum": 1
    },
    "_id": "63199427d9f1e6a2b5f8e2e9",
    "name": "TRA KLAGENFURT BEREICH/AREA G1",
    "type": 21,
    "icao": 7,
    "bnd": [
     [
      46.6341667,
      14.3086111
     ],
     [
      46.6458333,
      14.3661111
     ]
    ]
   },
   "geometry": {
    "type": "Polygon",
    "coordinates": [
     [
      [
       14.3086111,
       46.6458333
      ],
      [
       14.3191667,
       46.6444444
      ],
      [
       14.3547222,
       46.6372222
      ],
      [
       14.3661111,
       46.6341667
      ],
      [
       14.3086111,
       46.6458333
      ]
     ]
    ]
   }
  },
  {
   "type": "Feature",
   "properties": {
    "ll": {
     "value": 0,
     "unit": 1,
     "referenceDatum": 0
    },
    "ul": {
     "value": 2800,
     "unit": 1,
     "referenceDatum": 1
    },
    "_id": "63199427d9f1e6a2b5f8e2f3",
    "name": "TRA KLAGENFURT BEREICH/AREA G2",
    "type": 21,
    "icao": 7,
    "bnd": [
     [
      46.6186111,
      14.2902778
     ],
     [
      46.6477778,
      14.3738889
     ]
    ]
   },
   "geometry": {
    "type": "Polygon",
    "coordinates": [
     [
      [
       14.2916667,
       46.6477778
      ],
      [
       14.3086111,
       46.6458333
      ],
      [
       14.3661111,
       46.6341667
      ],
      [
       14.3738889,
       46.6322222
      ],
      [
       14.3738889,
       46.6186111
      ],
      [
       14.2902778,
       46.6294444
      ],
      [
       14.2916667,
       46.6477778
      ]
     ]
    ]
   }
  },
  {
   "type": "Feature",
   "properties": {
    "ll": {
     "value": 0,
     "unit": 1,
     "referenceDatum": 0
    },
    "ul": {
     "value": 3500,
     "unit": 1,
     "referenceDatum": 1
    },
    "_id": "63199427d9f1e6a2b5f8e2fd",
    "name": "TRA KLAGENFURT BEREICH/AREA G3",
    "type": 21,
    "icao": 7,
    "bnd": [
     [
      46.5872222,
      14.2902778
     ],
     [
      46.6294444,
      14.3738889
     ]
    ]
   },
   "geometry": {
    "type": "Polygon",
    "coordinates": [
     [
      [
       14.2902778,
       46.6294444
      ],
      [
       14.3738889,
       46.6186111
      ],
      [
       14.3738889,
       46.5872222
      ],
      [
       14.3666667,
       46.5886111
      ],
      [
       14.2930556,
       46.5877778
      ],
      [
       14.2902778,
       46.6294444
      ]
     ]
    ]
   }
  },
  {
   "type": "Feature",
   "properties": {
    "ll": {
     "value": 0,
     "unit": 1,
     "referenceDatum": 0
    },
    "ul": {
     "value": 6500,
     "unit": 1,
     "referenceDatum": 1
    },
    "_id": "63199427d9f1e6a2b5f8e307",
    "name": "TRA LINDBERG 1",
    "type": 21,
    "icao": 7,
    "bnd": [
     [
      47.1488889,
      14.3680556
     ],
     [
      47.2463889,
      14.4080556
     ]
    ]
   },
   "geometry": {
    "type": "Polygon",
    "coordinates": [
     [
      [
       14.3919444,
       47.1488889
      ],
      [
       14.4066667,
       47.1552778
      ],
      [
       14.4080556,
       47.1730556
      ],
      [
       14.4077778,
       47.1805556
      ],
      [
       14.4022222,
       47.1905556
      ],
      [
       14.3966667,
       47.2038889
      ],
      [
       14.3911111,
       47.2463889
      ],
      [
       14.3680556,
       47.2436111
      ],
      [
       14.3775,
       47.2058333
      ],
      [
       14.3919444,
       47.1488889
      ]
     ]
    ]
   }
  },
  {
   "type": "Feature",
   "properties": {
    "ll": {
     "value": 6500,
     "unit": 1,
     "referenceDatum": 1
    },
    "ul": {
     "value": 8500,
     "unit": 1,
     "referenceDatum": 1
    },
    "_id": "63199428d9f1e6a2b5f8e313",
    "name": "TRA LINDBERG 2",
    "type": 21,
    "icao": 7,
    "bnd": [
     [
      47.1488889,
      14.3113889
     ],
     [
      47.2797222,
      14.4080556
     ]
    ]
   },
   "geometry": {
    "type": "Polygon",
    "coordinates": [
     [
      [
       14.3919444,
       47.1488889
      ],
      [
       14.4066667,
       47.1552778
      ],
      [
       14.4080556,
       47.1730556
      ],
      [
       14.4077778,
       47.1805556
      ],
      [
       14.4022222,
       47.1905556
      ],
      [
       14.3966667,
       47.2038889
      ],
      [
       14.3911111,
       47.2463889
      ],
      [
       14.3863889,
       47.2797222
      ],
      [
       14.3113889,
       47.2708333
      ],
      [
       14.3291667,
       47.2002778
      ],
      [
       14.3775,
       47.2058333
      ],
      [
       14.3919444,
       47.1488889
      ]
     ]
    ]
   }
  },
  {
   "type": "Feature",
   "properties": {
    "ll": {
     "value": 4500,
     "unit": 1,
     "referenceDatum": 1
    },
    "ul": {
     "value": 7000,
     "unit": 1,
     "referenceDatum": 1
    },
    "_id": "63199428d9f1e6a2b5f8e31b",
    "name": "TRA LINZ-OST",
    "type": 21,
    "icao": 7,
    "bnd": [
     [
      48.2886111,
      14.1469444
     ],
     [
      48.3697222,
      14.6330556
     ]
    ]
   },
   "geometry": {
    "type": "Polygon",
    "coordinates": [
     [
      [
       14.6272222,
       48.3697222
      ],
      [
       14.6330556,
       48.2977778
      ],
      [
       14.3408333,
       48.2886111
      ],
      [
       14.1491667,
       48.3205556
      ],
      [
       14.1469444,
       48.3552778
      ],
      [
       14.6272222,
       48.3697222
      ]
     ]
    ]
   }
  },
  {
   "type": "Feature",
   "properties": {
    "ll": {
     "value": 0,
     "unit": 1,
     "referenceDatum": 0
    },
    "ul": {
     "value": 3500,
     "unit": 1,
     "referenceDatum": 1
    },
    "_id": "63199426d9f1e6a2b5f8e28f",
    "name": "TRA LOWG A",
    "type": 21,
    "icao": 7,
    "bnd": [
     [
      46.9702778,
      15.2488889
     ],
     [
      47.1038889,
      15.4122222
     ]
    ]
   },
   "geometry": {
    "type": "Polygon",
    "coordinates": [
     [
      [
       15.2955556,
       47.1038889
      ],
      [
       15.3938889,
       47.0333333
      ],
      [
       15.4122222,
       46.9702778
      ],
      [
       15.2808333,
       46.9847222
      ],
      [
       15.2488889,
       47.0977778
      ],
      [
       15.2955556,
       47.1038889
      ]
     ]
    ]
   }
  },
  {
   "type": "Feature",
   "properties": {
    "ll": {
     "value": 3500,
     "unit": 1,
     "referenceDatum": 1
    },
    "ul": {
     "value": 7000,
     "unit": 1,
     "referenceDatum": 1
    },
    "_id": "63199426d9f1e6a2b5f8e299",
    "name": "TRA LOWG B",
    "type": 21,
    "icao": 7,
    "bnd": [
     [
      46.9702778,
      15.2488889
     ],
     [
      47.1038889,
      15.4425
     ]
    ]
   },
   "geometry": {
    "type": "Polygon",
    "coordinates": [
     [
      [
       15.2955556,
       47.1038889
      ],
      [
       15.3938889,
       47.0333333
      ],
      [
       15.4333333,
       47.0069444
      ],
      [
       15.4425,
       46.9738889
      ],
      [
       15.4122222,
       46.9702778
      ],
      [
       15.2808333,
       46.9847222
      ],
      [
       15.2488889,
       47.0977778
      ],
      [
       15.2955556,
       47.1038889
      ]
     ]
    ]
   }
  },
  {
   "type": "Feature",
   "properties": {
    "ll": {
     "value": 0,
     "unit": 1,
     "referenceDatum": 0
    },
    "ul": {
     "value": 3500,
     "unit": 1,
     "referenceDatum": 1
    },
    "_id": "63199427d9f1e6a2b5f8e2a3",
    "name": "TRA LOWG P",
    "type": 21,
    "icao": 7,
    "bnd": [
     [
      46.9702778,
      15.3938889
     ],
     [
      47.0333333,
      15.4425
     ]
    ]
   },
   "geometry": {
    "type": "Polygon",
    "coordinates": [
     [
      [
       15.3938889,
       47.0333333
      ],
      [
       15.4333333,
       47.0069444
      ],
      [
       15.4425,
       46.9738889
      ],
      [
       15.4122222,
       46.9702778
      ],
      [
       15.3938889,
       47.0333333
      ]
     ]
    ]
   }
  },
  {
   "type": "Feature",
   "properties": {
    "ll": {
     "value": 4500,
     "unit": 1,
     "referenceDatum": 1
    },
    "ul": {
     "value": 7000,
     "unit": 1,
     "referenceDatum": 1
    },
    "_id": "63199427d9f1e6a2b5f8e2ad",
    "name": "TRA LOWG W",
    "type": 21,
    "icao": 7,
    "bnd": [
     [
      46.9847222,
      15.1666667
     ],
     [
      47.1258333,
      15.2808333
     ]
    ]
   },
   "geometry": {
    "type": "Polygon",
    "coordinates": [
     [
      [
       15.2411111,
       47.1258333
      ],
      [
       15.2458333,
       47.1088889
      ],
      [
       15.2488889,
       47.0977778
      ],
      [
       15.2808333,
       46.9847222
      ],
      [
       15.1861111,
       46.995
      ],
      [
       15.1666667,
       47.0833333
      ],
      [
       15.2152778,
       47.1111111
      ],
      [
       15.2411111,
       47.1258333
      ]
     ]
    ]
   }
  },
  {
   "type": "Feature",
   "properties": {
    "ll": {
     "value": 0,
     "unit": 1,
     "referenceDatum": 0
    },
    "ul": {
     "value": 11000,
     "unit": 1,
     "referenceDatum": 1
    },
    "_id": "63199428d9f1e6a2b5f8e32f",
    "name": "TRA LOWI C",
    "type": 21,
    "icao": 7,
    "bnd": [
     [
      47.2675,
      11.2205556
     ],
     [
      47.4166667,
      11.7511111
     ]
    ]
   },
   "geometry": {
    "type": "Polygon",
    "coordinates": [
     [
      [
       11.2205556,
       47.2897222
      ],
      [
       11.48,
       47.3536111
      ],
      [
       11.7388889,
       47.4166667
      ],
      [
       11.7511111,
       47.3944444
      ],
      [
       11.7094444,
       47.3794444
      ],
      [
       11.6730556,
       47.3588889
      ],
      [
       11.6041667,
       47.3377778
      ],
      [
       11.5638889,
       47.3255556
      ],
      [
       11.3975,
       47.2877778
      ],
      [
       11.3219444,
       47.2705556
      ],
      [
       11.2936111,
       47.2675
      ],
      [
       11.2511111,
       47.2752778
      ],
      [
       11.2205556,
       47.2897222
      ]
     ]
    ]
   }
  },
  {
   "type": "Feature",
   "properties": {
    "ll": {
     "value": 0,
     "unit": 1,
     "referenceDatum": 0
    },
    "ul": {
     "value": 4500,
     "unit": 1,
     "referenceDatum": 1
    },
    "_id": "63199428d9f1e6a2b5f8e339",
    "name": "TRA LOWI L",
    "type": 21,
    "icao": 7,
    "bnd": [
     [
      47.2619444,
      11.2936111
     ],
     [
      47.2877778,
      11.3975
     ]
    ]
   },
   "geometry": {
    "type": "Polygon",
    "coordinates": [
     [
      [
       11.3975,
       47.2877778
      ],
      [
       11.3569444,
       47.2638889
      ],
      [
       11.3325,
       47.2619444
      ],
      [
       11.3283333,
       47.2627778
      ],
      [
       11.3238889,
       47.2658333
      ],
      [
       11.2936111,
       47.2675
      ],
      [
       11.3219444,
       47.2705556
      ],
      [
       11.3975,
       47.2877778
      ]
     ]
    ]
   }
  },
  {
   "type": "Feature",
   "properties": {
    "ll": {
     "value": 3500,
     "unit": 1,
     "referenceDatum": 1
    },
    "ul": {
     "value": 5000,
     "unit": 1,
     "referenceDatum": 1
    },
    "_id": "63199428d9f1e6a2b5f8e343",
    "name": "TRA LOWS N",
    "type": 21,
    "icao": 7,
    "bnd": [
     [
      48.1663889,
      12.8461111
     ],
     [
      48.2913889,
      13.1666667
     ]
    ]
   },
   "geometry": {
    "type": "Polygon",
    "coordinates": [
     [
      [
       13.1663889,
       48.2913889
      ],
      [
       13.1666667,
       48.1672222
      ],
      [
       12.8461111,
       48.1663889
      ],
      [
       12.8602778,
       48.1844444
      ],
      [
       12.8727778,
       48.2022222
      ],
      [
       12.9016667,
       48.2041667
      ],
      [
       12.9466667,
       48.2069444
      ],
      [
       12.9944444,
       48.2341667
      ],
      [
       13.0094444,
       48.2497222
      ],
      [
       13.055,
       48.2652778
      ],
      [
       13.08,
       48.2769444
      ],
      [
       13.1133333,
       48.2772222
      ],
      [
       13.1663889,
       48.2913889
      ]
     ]
    ]
   }
  },
  {
   "type": "Feature",
   "properties": {
    "ll": {
     "value": 0,
     "unit": 1,
     "referenceDatum": 0
    },
    "ul": {
     "value": 3500,
     "unit": 1,
     "referenceDatum": 1
    },
    "_id": "63199428d9f1e6a2b5f8e34d",
    "name": "TRA LOXT 1",
    "type": 21,
    "icao": 7,
    "bnd": [
     [
      48.2527778,
      16.0722222
     ],
     [
      48.3211111,
      16.1638889
     ]
    ]
   },
   "geometry": {
    "type": "Polygon",
    "coordinates": [
     [
      [
       16.1180556,
       48.3180556
      ],
      [
       16.1638889,
       48.3211111
      ],
      [
       16.1638889,
       48.2758333
      ],
      [
       16.09,
       48.2527778
      ],
      [
       16.0722222,
       48.2533333
      ],
      [
       16.1180556,
       48.3180556
      ]
     ]
    ]
   }
  },
  {
   "type": "Feature",
   "properties": {
    "ll": {
     "value": 0,
     "unit": 1,
     "referenceDatum": 0
    },
    "ul": {
     "value": 4500,
     "unit": 1,
     "referenceDatum": 1
    },
    "_id": "63199428d9f1e6a2b5f8e357",
    "name": "TRA LOXT 2",
    "type": 21,
    "icao": 7,
    "bnd": [
     [
      48.2533333,
      16.0569444
     ],
     [
      48.3180556,
      16.1180556
     ]
    ]
   },
   "geometry": {
    "type": "Polygon",
    "coordinates": [
     [
      [
       16.0569444,
       48.3133333
      ],
      [
       16.1180556,
       48.3180556
      ],
      [
       16.0722222,
       48.2533333
      ],
      [
       16.0569444,
       48.2538889
      ],
      [
       16.0569444,
       48.3133333
      ]
     ]
    ]
   }
  },
  {
   "type": "Feature",
   "properties": {
    "ll": {
     "value": 0,
     "unit": 1,
     "referenceDatum": 0
    },
    "ul": {
     "value": 2000,
     "unit": 1,
     "referenceDatum": 1
    },
    "_id": "63199428d9f1e6a2b5f8e361",
    "name": "TRA LOXT 3",
    "type": 21,
    "icao": 7,
    "bnd": [
     [
      48.2538889,
      15.8697222
     ],
     [
      48.2958333,
      16.0569444
     ]
    ]
   },
   "geometry": {
    "type": "Polygon",
    "coordinates": [
     [
      [
       15.8697222,
       48.26
      ],
      [
       15.8697222,
       48.2722222
      ],
      [
       15.9325,
       48.2958333
      ],
      [
       15.9827778,
       48.2958333
      ],
      [
       15.9866667,
       48.2866667
      ],
      [
       16.0130556,
       48.2936111
      ],
      [
       16.0569444,
       48.2922222
      ],
      [
       16.0569444,
       48.2538889
      ],
      [
       15.8697222,
       48.26
      ]
     ]
    ]
   }
  },
  {
   "type": "Feature",
   "properties": {
    "ll": {
     "value": 0,
     "unit": 1,
     "referenceDatum": 0
    },
    "ul": {
     "value": 850,
     "unit": 1,
     "referenceDatum": 1
    },
    "_id": "63199428d9f1e6a2b5f8e36b",
    "name": "TRA MARCHFELD",
    "type": 21,
    "icao": 7,
    "bnd": [
     [
      48.1330556,
      16.6333333
     ],
     [
      48.2722222,
      16.7836111
     ]
    ]
   },
   "geometry": {
    "type": "Polygon",
    "coordinates": [
     [
      [
       16.6386111,
       48.2722222
      ],
      [
       16.7836111,
       48.1330556
      ],
      [
       16.7055556,
       48.1333333
      ],
      [
       16.6333333,
       48.1888889
      ],
      [
       16.6386111,
       48.2722222
      ]
     ]
    ]
   }
  },
  {
   "type": "Feature",
   "properties": {
    "ll": {
     "value": 0,
     "unit": 1,
     "referenceDatum": 0
    },
    "ul": {
     "value": 8000,
     "unit": 1,
     "referenceDatum": 1
    },
    "_id": "63199428d9f1e6a2b5f8e375",
    "name": "TRA NORDPARK",
    "type": 21,
    "icao": 7,
    "bnd": [
     [
      47.2675,
      11.2205556
     ],
     [
      47.3536111,
      11.6041667
     ]
    ]
   },
   "geometry": {
    "type": "Polygon",
    "coordinates": [
     [
      [
       11.2205556,
       47.2897222
      ],
      [
       11.48,
       47.3536111
      ],
      [
       11.6041667,
       47.3377778
      ],
      [
       11.5638889,
       47.3255556
      ],
      [
       11.3975,
       47.2877778
      ],
      [
       11.3219444,
       47.2705556
      ],
      [
       11.2936111,
       47.2675
      ],
      [
       11.2511111,
       47.2752778
      ],
      [
       11.2205556,
       47.2897222
      ]
     ]
    ]
   }
  },
  {
   "type": "Feature",
   "properties": {
    "ll": {
     "value": 6500,
     "unit": 1,
     "referenceDatum": 1
    },
    "ul": {
     "value": 7500,
     "unit": 1,
     "referenceDatum": 1
    },
    "_id": "63199428d9f1e6a2b5f8e37f",
    "name": "TRA PINKAFELD",
    "type": 21,
    "icao": 7,
    "bnd": [
     [
      47.2369444,
      16.0502778
     ],
     [
      47.5027778,
      16.5830556
     ]
    ]
   },
   "geometry": {
    "type": "Polygon",
    "coordinates": [
     [
      [
       16.4075,
       47.4561111
      ],
      [
       16.3588889,
       47.5027778
      ],
      [
       16.0502778,
       47.5027778
      ],
      [
       16.1047222,
       47.4511111
      ],
      [
       16.2683333,
       47.2938889
      ],
      [
       16.4347222,
       47.2394444
      ],
      [
       16.4425,
       47.2369444
      ],
      [
       16.4541667,
       47.2536111
      ],
      [
       16.4786111,
       47.2627778
      ],
      [
       16.4875,
       47.2836111
      ],
      [
       16.4788889,
       47.3013889
      ],
      [
       16.4686111,
       47.325
      ],
      [
       16.4505556,
       47.3386111
      ],
      [
       16.4436111,
       47.3561111
      ],
      [
       16.4566667,
       47.3722222
      ],
      [
       16.4505556,
       47.3930556
      ],
      [
       16.4580556,
       47.4130556
      ],
      [
       16.485,
       47.4086111
      ],
      [
       16.5036111,
       47.3933333
      ],
      [
       16.5180556,
       47.41
      ],
      [
       16.5488889,
       47.4052778
      ],
      [
       16.5744444,
       47.4122222
      ],
      [
       16.5830556,
       47.42
      ],
      [
       16.4075,
       47.4561111
      ]
     ]
    ]
   }
  },
  {
   "type": "Feature",
   "properties": {
    "ll": {
     "value": 0,
     "unit": 1,
     "referenceDatum": 0
    },
    "ul": {
     "value": 8000,
     "unit": 1,
     "referenceDatum": 1
    },
    "_id": "63199429d9f1e6a2b5f8e389",
    "name": "TRA POELS",
    "type": 21,
    "icao": 7,
    "bnd": [
     [
      47.2216667,
      14.5369444
     ],
     [
      47.2855556,
      14.7316667
     ]
    ]
   },
   "geometry": {
    "type": "Polygon",
    "coordinates": [
     [
      [
       14.5369444,
       47.2633333
      ],
      [
       14.7316667,
       47.2855556
      ],
      [
       14.6813889,
       47.2455556
      ],
      [
       14.5919444,
       47.2216667
      ],
      [
       14.5369444,
       47.2633333
      ]
     ]
    ]
   }
  },
  {
   "type": "Feature",
   "properties": {
    "ll": {
     "value": 6500,
     "unit": 1,
     "referenceDatum": 1
    },
    "ul": {
     "value": 8000,
     "unit": 1,
     "referenceDatum": 1
    },
    "_id": "63199429d9f1e6a2b5f8e393",
    "name": "TRA POELS",
    "type": 21,
    "icao": 7,
    "bnd": [
     [
      47.2633333,
      14.4980556
     ],
     [
      47.325,
      14.7808333
     ]
    ]
   },
   "geometry": {
    "type": "Polygon",
    "coordinates": [
     [
      [
       14.4980556,
       47.2925
      ],
      [
       14.7808333,
       47.325
      ],
      [
       14.7316667,
       47.2855556
      ],
      [
       14.5369444,
       47.2633333
      ],
      [
       14.4980556,
       47.2925
      ]
     ]
    ]
   }
  },
  {
   "type": "Feature",
   "properties": {
    "ll": {
     "value": 7000,
     "unit": 1,
     "referenceDatum": 1
    },
    "ul": {
     "value": 9500,
     "unit": 1,
     "referenceDatum": 1
    },
    "_id": "63199429d9f1e6a2b5f8e39d",
    "name": "TRA SCHOECKL",
    "type": 21,
    "icao": 7,
    "bnd": [
     [
      47.1230556,
      15.3866667
     ],
     [
      47.3358333,
      15.5761111
     ]
    ]
   },
   "geometry": {
    "type": "Polygon",
    "coordinates": [
     [
      [
       15.3866667,
       47.3283333
      ],
      [
       15.4463889,
       47.3358333
      ],
      [
       15.5205556,
       47.3211111
      ],
      [
       15.5761111,
       47.1230556
      ],
      [
       15.5338889,
       47.135
      ],
      [
       15.4902778,
       47.1472222
      ],
      [
       15.4283333,
       47.1647222
      ],
      [
       15.4241667,
       47.1925
      ],
      [
       15.3894444,
       47.3175
      ],
      [
       15.3866667,
       47.3283333
      ]
     ]
    ]
   }
  },
  {
   "type": "Feature",
   "properties": {
    "ll": {
     "value": 0,
     "unit": 1,
     "referenceDatum": 0
    },
    "ul": {
     "value": 7000,
     "unit": 1,
     "referenceDatum": 1
    },
    "_id": "63199429d9f1e6a2b5f8e3a7",
    "name": "TRA SCHWARZENBERG A",
    "type": 21,
    "icao": 7,
    "bnd": [
     [
      47.7144444,
      13.0944444
     ],
     [
      47.8241667,
      13.1827778
     ]
    ]
   },
   "geometry": {
    "type": "Polygon",
    "coordinates": [
     [
      [
       13.135,
       47.8241667
      ],
      [
       13.1527778,
       47.7838889
      ],
      [
       13.1827778,
       47.7144444
      ],
      [
       13.1122222,
       47.7625
      ],
      [
       13.1041667,
       47.7811111
      ],
      [
       13.0944444,
       47.8038889
      ],
      [
       13.0977778,
       47.8188889
      ],
      [
       13.1244444,
       47.8227778
      ],
      [
       13.135,
       47.8241667
      ]
     ]
    ]
   }
  },
  {
   "type": "Feature",
   "properties": {
    "ll": {
     "value": 3500,
     "unit": 1,
     "referenceDatum": 1
    },
    "ul": {
     "value": 7000,
     "unit": 1,
     "referenceDatum": 1
    },
    "_id": "63199429d9f1e6a2b5f8e3b1",
    "name": "TRA SCHWARZENBERG B",
    "type": 21,
    "icao": 7,
    "bnd": [
     [
      47.7838889,
      13.135
     ],
     [
      47.8277778,
      13.2783333
     ]
    ]
   },
   "geometry": {
    "type": "Polygon",
    "coordinates": [
     [
      [
       13.135,
       47.8241667
      ],
      [
       13.1616667,
       47.8277778
      ],
      [
       13.2783333,
       47.7986111
      ],
      [
       13.1527778,
       47.7838889
      ],
      [
       13.135,
       47.8241667
      ]
     ]
    ]
   }
  },
  {
   "type": "Feature",
   "properties": {
    "ll": {
     "value": 2500,
     "unit": 1,
     "referenceDatum": 1
    },
    "ul": {
     "value": 4500,
     "unit": 1,
     "referenceDatum": 1
    },
    "_id": "63199429d9f1e6a2b5f8e3bb",
    "name": "TRA SPITZERBERG C",
    "type": 21,
    "icao": 7,
    "bnd": [
     [
      48.0313889,
      16.8666667
     ],
     [
      48.1722222,
      17.0930556
     ]
    ]
   },
   "geometry": {
    "type": "Polygon",
    "coordinates": [
     [
      [
       16.9761111,
       48.1722222
      ],
      [
       16.9844444,
       48.1677778
      ],
      [
       17.0088889,
       48.1552778
      ],
      [
       17.0286111,
       48.1405556
      ],
      [
       17.0572222,
       48.1436111
      ],
      [
       17.0677778,
       48.1269444
      ],
      [
       17.0791667,
       48.1077778
      ],
      [
       17.0930556,
       48.0913889
      ],
      [
       17.0744444,
       48.0730556
      ],
      [
       17.0683333,
       48.0552778
      ],
      [
       17.0741667,
       48.0363889
      ],
      [
       17.0675,
       48.0313889
      ],
      [
       16.9361111,
       48.05
      ],
      [
       16.8666667,
       48.1333333
      ],
      [
       16.9761111,
       48.1722222
      ]
     ]
    ]
   }
  },
  {
   "type": "Feature",
   "properties": {
    "ll": {
     "value": 4500,
     "unit": 1,
     "referenceDatum": 1
    },
    "ul": {
     "value": 6500,
     "unit": 1,
     "referenceDatum": 1
    },
    "_id": "63199429d9f1e6a2b5f8e3c5",
    "name": "TRA SPITZERBERG CH",
    "type": 21,
    "icao": 7,
    "bnd": [
     [
      48.0313889,
      16.8666667
     ],
     [
      48.1722222,
      17.0930556
     ]
    ]
   },
   "geometry": {
    "type": "Polygon",
    "coordinates": [
     [
      [
       16.9761111,
       48.1722222
      ],
      [
       16.9844444,
       48.1677778
      ],
      [
       17.0088889,
       48.1552778
      ],
      [
       17.0286111,
       48.1405556
      ],
      [
       17.0572222,
       48.1436111
      ],
      [
       17.0677778,
       48.1269444
      ],
      [
       17.0791667,
       48.1077778
      ],
      [
       17.0930556,
       48.0913889
      ],
      [
       17.0744444,
       48.0730556
      ],
      [
       17.0683333,
       48.0552778
      ],
      [
       17.0741667,
       48.0363889
      ],
      [
       17.0675,
       48.0313889
      ],
      [
       16.9361111,
       48.05
      ],
      [
       16.8666667,
       48.1333333
      ],
      [
       16.9761111,
       48.1722222
      ]
     ]
    ]
   }
  },
  {
   "type": "Feature",
   "properties": {
    "ll": {
     "value": 2500,
     "unit": 1,
     "referenceDatum": 1
    },
    "ul": {
     "value": 4500,
     "unit": 1,
     "referenceDatum": 1
    },
    "_id": "63199429d9f1e6a2b5f8e3cf",
    "name": "TRA SPITZERBERG N",
    "type": 21,
    "icao": 7,
    "bnd": [
     [
      48.1333333,
      16.6311111
     ],
     [
      48.5352778,
      16.9766667
     ]
    ]
   },
   "geometry": {
    "type": "Polygon",
    "coordinates": [
     [
      [
       16.9491667,
       48.5352778
      ],
      [
       16.9497222,
       48.5352778
      ],
      [
       16.9411111,
       48.5208333
      ],
      [
       16.9158333,
       48.5130556
      ],
      [
       16.9147222,
       48.4944444
      ],
      [
       16.8908333,
       48.4816667
      ],
      [
       16.8752778,
       48.4694444
      ],
      [
       16.8727778,
       48.4666667
      ],
      [
       16.8536111,
       48.4513889
      ],
      [
       16.8541667,
       48.4305556
      ],
      [
       16.8505556,
       48.4102778
      ],
      [
       16.8508333,
       48.3911111
      ],
      [
       16.8377778,
       48.3747222
      ],
      [
       16.8427778,
       48.3561111
      ],
      [
       16.8675,
       48.3477778
      ],
      [
       16.8863889,
       48.3336111
      ],
      [
       16.9091667,
       48.3238889
      ],
      [
       16.8983333,
       48.3052778
      ],
      [
       16.9105556,
       48.2855556
      ],
      [
       16.9275,
       48.2711111
      ],
      [
       16.9566667,
       48.2641667
      ],
      [
       16.9483333,
       48.2455556
      ],
      [
       16.9580556,
       48.2261111
      ],
      [
       16.9669444,
       48.2052778
      ],
      [
       16.9766667,
       48.1855556
      ],
      [
       16.9761111,
       48.1722222
      ],
      [
       16.8666667,
       48.1333333
      ],
      [
       16.6311111,
       48.4761111
      ],
      [
       16.9491667,
       48.5352778
      ]
     ]
    ]
   }
  },
  {
   "type": "Feature",
   "properties": {
    "ll": {
     "value": 4500,
     "unit": 1,
     "referenceDatum": 1
    },
    "ul": {
     "value": 6500,
     "unit": 1,
     "referenceDatum": 1
    },
    "_id": "63199429d9f1e6a2b5f8e3d9",
    "name": "TRA SPITZERBERG NH",
    "type": 21,
    "icao": 7,
    "bnd": [
     [
      48.1333333,
      16.6311111
     ],
     [
      48.5352778,
      16.9766667
     ]
    ]
   },
   "geometry": {
    "type": "Polygon",
    "coordinates": [
     [
      [
       16.9491667,
       48.5352778
      ],
      [
       16.9497222,
       48.5352778
      ],
      [
       16.9411111,
       48.5208333
      ],
      [
       16.9158333,
       48.5130556
      ],
      [
       16.9147222,
       48.4944444
      ],
      [
       16.8908333,
       48.4816667
      ],
      [
       16.8752778,
       48.4694444
      ],
      [
       16.8727778,
       48.4666667
      ],
      [
       16.8536111,
       48.4513889
      ],
      [
       16.8541667,
       48.4305556
      ],
      [
       16.8505556,
       48.4102778
      ],
      [
       16.8508333,
       48.3911111
      ],
      [
       16.8377778,
       48.3747222
      ],
      [
       16.8427778,
       48.3561111
      ],
      [
       16.8675,
       48.3477778
      ],
      [
       16.8863889,
       48.3336111
      ],
      [
       16.9091667,
       48.3238889
      ],
      [
       16.8983333,
       48.3052778
      ],
      [
       16.9105556,
       48.2855556
      ],
      [
       16.9275,
       48.2711111
      ],
      [
       16.9566667,
       48.2641667
      ],
      [
       16.9483333,
       48.2455556
      ],
      [
       16.9580556,
       48.2261111
      ],
      [
       16.9669444,
       48.2052778
      ],
      [
       16.9766667,
       48.1855556
      ],
      [
       16.9761111,
       48.1722222
      ],
      [
       16.8666667,
       48.1333333
      ],
      [
       16.6311111,
       48.4761111
      ],
      [
       16.9491667,
       48.5352778
      ]
     ]
    ]
   }
  },
  {
   "type": "Feature",
   "properties": {
    "ll": {
     "value": 2500,
     "unit": 1,
     "referenceDatum": 1
    },
    "ul": {
     "value": 4500,
     "unit": 1,
     "referenceDatum": 1
    },
    "_id": "63199429d9f1e6a2b5f8e3e3",
    "name": "TRA SPITZERBERG S",
    "type": 21,
    "icao": 7,
    "bnd": [
     [
      47.6877778,
      16.9127778
     ],
     [
      48.05,
      17.1608333
     ]
    ]
   },
   "geometry": {
    "type": "Polygon",
    "coordinates": [
     [
      [
       16.9361111,
       48.05
      ],
      [
       17.0675,
       48.0313889
      ],
      [
       17.0894444,
       48.0205556
      ],
      [
       17.1133333,
       48.03
      ],
      [
       17.1388889,
       48.0216667
      ],
      [
       17.1608333,
       48.0066667
      ],
      [
       17.1341667,
       47.9938889
      ],
      [
       17.1133333,
       47.9802778
      ],
      [
       17.1169444,
       47.9608333
      ],
      [
       17.1027778,
       47.9452778
      ],
      [
       17.1127778,
       47.9272222
      ],
      [
       17.1025,
       47.9108333
      ],
      [
       17.0852778,
       47.8744444
      ],
      [
       17.0486111,
       47.8719444
      ],
      [
       17.0177778,
       47.8683333
      ],
      [
       17.0516667,
       47.8377778
      ],
      [
       17.0597222,
       47.82
      ],
      [
       17.0536111,
       47.7975
      ],
      [
       17.0608333,
       47.7777778
      ],
      [
       17.0683333,
       47.7572222
      ],
      [
       17.0708333,
       47.7316667
      ],
      [
       17.0930556,
       47.7083333
      ],
      [
       17.0405556,
       47.7044444
      ],
      [
       16.9763889,
       47.6944444
      ],
      [
       16.9127778,
       47.6877778
      ],
      [
       16.9361111,
       48.05
      ]
     ]
    ]
   }
  },
  {
   "type": "Feature",
   "properties": {
    "ll": {
     "value": 4500,
     "unit": 1,
     "referenceDatum": 1
    },
    "ul": {
     "value": 6500,
     "unit": 1,
     "referenceDatum": 1
    },
    "_id": "63199429d9f1e6a2b5f8e3ed",
    "name": "TRA SPITZERBERG SH",
    "type": 21,
    "icao": 7,
    "bnd": [
     [
      47.6877778,
      16.9127778
     ],
     [
      48.05,
      17.1608333
     ]
    ]
   },
   "geometry": {
    "type": "Polygon",
    "coordinates": [
     [
      [
       16.9361111,
       48.05
      ],
      [
       17.0675,
       48.0313889
      ],
      [
       17.0894444,
       48.0205556
      ],
      [
       17.1133333,
       48.03
      ],
      [
       17.1388889,
       48.0216667
      ],
      [
       17.1608333,
       48.0066667
      ],
      [
       17.1341667,
       47.9938889
      ],
      [
       17.1133333,
       47.9802778
      ],
      [
       17.1169444,
       47.9608333
      ],
      [
       17.1027778,
       47.9452778
      ],
      [
       17.1127778,
       47.9272222
      ],
      [
       17.1025,
       47.9108333
      ],
      [
       17.0852778,
       47.8744444
      ],
      [
       17.0486111,
       47.8719444
      ],
      [
       17.0177778,
       47.8683333
      ],
      [
       17.0516667,
       47.8377778
      ],
      [
       17.0597222,
       47.82
      ],
      [
       17.0536111,
       47.7975
      ],
      [
       17.0608333,
       47.7777778
      ],
      [
       17.0683333,
       47.7572222
      ],
      [
       17.0708333,
       47.7316667
      ],
      [
       17.0930556,
       47.7083333
      ],
      [
       17.0405556,
       47.7044444
      ],
      [
       16.9763889,
       47.6944444
      ],
      [
       16.9127778,
       47.6877778
      ],
      [
       16.9361111,
       48.05
      ]
     ]
    ]
   }
  },
  {
   "type": "Feature",
   "properties": {
    "ll": {
     "value": 4500,
     "unit": 1,
     "referenceDatum": 1
    },
    "ul": {
     "value": 5500,
     "unit": 1,
     "referenceDatum": 1
    },
    "_id": "63199429d9f1e6a2b5f8e3f7",
    "name": "TRA STOCKERAU",
    "type": 21,
    "icao": 7,
    "bnd": [
     [
      48.3347222,
      15.9430556
     ],
     [
      48.5277778,
      16.3038889
     ]
    ]
   },
   "geometry": {
    "type": "Polygon",
    "coordinates": [
     [
      [
       16.2808333,
       48.4094444
      ],
      [
       16.1716667,
       48.3886111
      ],
      [
       16.13,
       48.3347222
      ],
      [
       15.9430556,
       48.3391667
      ],
      [
       15.9877778,
       48.4022222
      ],
      [
       16.0475,
       48.4861111
      ],
      [
       16.2636111,
       48.5277778
      ],
      [
       16.3038889,
       48.4138889
      ],
      [
       16.2808333,
       48.4094444
      ]
     ]
    ]
   }
  },
  {
   "type": "Feature",
   "properties": {
    "ll": {
     "value": 2500,
     "unit": 1,
     "referenceDatum": 1
    },
    "ul": {
     "value": 7000,
     "unit": 1,
     "referenceDatum": 1
    },
    "_id": "63199429d9f1e6a2b5f8e401",
    "name": "TRA WELS 1",
    "type": 21,
    "icao": 7,
    "bnd": [
     [
      48.1,
      13.7444444
     ],
     [
      48.1819444,
      14.0730556
     ]
    ]
   },
   "geometry": {
    "type": "Polygon",
    "coordinates": [
     [
      [
       13.7472222,
       48.1
      ],
      [
       14.0730556,
       48.1122222
      ],
      [
       14.0683333,
       48.1819444
      ],
      [
       14.0152778,
       48.1811111
      ],
      [
       13.7444444,
       48.1347222
      ],
      [
       13.7472222,
       48.1
      ]
     ]
    ]
   }
  },
  {
   "type": "Feature",
   "properties": {
    "ll": {
     "value": 3500,
     "unit": 1,
     "referenceDatum": 1
    },
    "ul": {
     "value": 7000,
     "unit": 1,
     "referenceDatum": 1
    },
    "_id": "6319942ad9f1e6a2b5f8e40b",
    "name": "TRA WELS 2",
    "type": 21,
    "icao": 7,
    "bnd": [
     [
      48.0313889,
      13.7472222
     ],
     [
      48.1122222,
      14.0777778
     ]
    ]
   },
   "geometry": {
    "type": "Polygon",
    "coordinates": [
     [
      [
       13.7472222,
       48.1
      ],
      [
       14.0730556,
       48.1122222
      ],
      [
       14.0777778,
       48.0436111
      ],
      [
       13.7519444,
       48.0313889
      ],
      [
       13.7472222,
       48.1
      ]
     ]
    ]
   }
  },
  {
   "type": "Feature",
   "properties": {
    "ll": {
     "value": 3500,
     "unit": 1,
     "referenceDatum": 1
    },
    "ul": {
     "value": 5500,
     "unit": 1,
     "referenceDatum": 1
    },
    "_id": "6319942ad9f1e6a2b5f8e415",
    "name": "TRA WIENERWALD-OST",
    "type": 21,
    "icao": 7,
    "bnd": [
     [
      48.1294444,
      16.0066667
     ],
     [
      48.3347222,
      16.2161111
     ]
    ]
   },
   "geometry": {
    "type": "Polygon",
    "coordinates": [
     [
      [
       16.0722222,
       48.2533333
      ],
      [
       16.1180556,
       48.3180556
      ],
      [
       16.13,
       48.3347222
      ],
      [
       16.2161111,
       48.3327778
      ],
      [
       16.1805556,
       48.2808333
      ],
      [
       16.0766667,
       48.1294444
      ],
      [
       16.0066667,
       48.1588889
      ],
      [
       16.0663889,
       48.2452778
      ],
      [
       16.0722222,
       48.2533333
      ]
     ]
    ]
   }
  },
  {
   "type": "Feature",
   "properties": {
    "ll": {
     "value": 4500,
     "unit": 1,
     "referenceDatum": 1
    },
    "ul": {
     "value": 6500,
     "unit": 1,
     "referenceDatum": 1
    },
    "_id": "6319942ad9f1e6a2b5f8e41f",
    "name": "TRA WIENERWALD-WEST",
    "type": 21,
    "icao": 7,
    "bnd": [
     [
      48.0505556,
      15.8513889
     ],
     [
      48.3391667,
      16.13
     ]
    ]
   },
   "geometry": {
    "type": "Polygon",
    "coordinates": [
     [
      [
       15.9430556,
       48.3391667
      ],
      [
       15.8513889,
       48.2122222
      ],
      [
       15.8788889,
       48.1863889
      ],
      [
       16.0227778,
       48.0505556
      ],
      [
       16.0766667,
       48.1294444
      ],
      [
       16.0066667,
       48.1588889
      ],
      [
       16.0663889,
       48.2452778
      ],
      [
       16.0722222,
       48.2533333
      ],
      [
       16.1180556,
       48.3180556
      ],
      [
       16.13,
       48.3347222
      ],
      [
       15.9430556,
       48.3391667
      ]
     ]
    ]
   }
  }
 ]
}