{
 "type": "FeatureCollection",
 "countryCode": "ee",
 "features": [
  {
   "type": "Feature",
   "properties": {
    "ll": {
     "value": 0,
     "unit": 1,
     "referenceDatum": 0
    },
    "ul": {
     "value": 1700,
     "unit": 1,
     "referenceDatum": 0
    },
    "_id": "626148dccb27f42509443235",
    "name": "ÄMARI CTR",
    "type": 4,
    "icao": 3,
    "bnd": [
     [
      59.1086111,
      23.8291667
     ],
     [
      59.3930556,
      24.4702778
     ]
    ]
   },
   "geometry": {
    "type": "Polygon",
    "coordinates": [
     [
      [
       23.8291667,
       59.3677778
      ],
      [
       24.2952778,
       59.3930556
      ],
      [
       24.415,
       59.3283333
      ],
      [
       24.4702778,
       59.2380556
      ],
      [
       24.3211111,
       59.1880556
      ],
      [
       24.1272222,
       59.1086111
      ],
      [
       24.0008333,
       59.1844444
      ],
      [
       23.9077778,
       59.2786111
      ],
      [
       23.8291667,
       59.3677778
      ]
     ]
    ]
   }
  },
  {
   "type": "Feature",
   "properties": {
    "ll": {
     "value": 0,
     "unit": 1,
     "referenceDatum": 0
    },
    "ul": {
     "value": 80,
     "unit": 6,
     "referenceDatum": 2
    },
    "_id": "626148dc1eacded7b7bb58ad",
    "name": "AREA G2 (RIDALI)",
    "type": 21,
    "icao": 7,
    "bnd": [
     [
      57.6333333,
      26.1697222
     ],
     [
      58.055,
      27.4072222
     ]
    ]
   },
   "geometry": {
    "type": "Polygon",
    "coordinates": [
     [
      [
       26.4897222,
       58.055
      ],
      [
       27.0597222,
       58.05
      ],
      [
       27.4072222,
       57.8297222
      ],
      [
       27.2333333,
       57.6333333
      ],
      [
       26.2958333,
       57.6508333
      ],
      [
       26.1697222,
       57.8552778
      ],
      [
       26.4897222,
       58.055
      ]
     ]
    ]
   }
  },
  {
   "type": "Feature",
   "properties": {
    "ll": {
     "value": 0,
     "unit": 1,
     "referenceDatum": 0
    },
    "ul": {
     "value": 80,
     "unit": 6,
     "referenceDatum": 2
    },
    "_id": "626148dc1eacded7b7bb58bd",
    "name": "AREA G4 (VILJANDI)",
    "type": 21,
    "icao": 7,
    "bnd": [
     [
      58.1727778,
      24.9841667
     ],
     [
      58.5319444,
      25.8202778
     ]
    ]
   },
   "geometry": {
    "type": "Polygon",
    "coordinates": [
     [
      [
       25.4666667,
       58.5319444
      ],
      [
       25.6602778,
       58.5208333
      ],
      [
       25.8202778,
       58.3908333
      ],
      [
       25.6616667,
       58.1727778
      ],
      [
       25.1983333,
       58.2141667
      ],
      [
       24.9841667,
       58.4616667
      ],
      [
       25.4666667,
       58.5319444
      ]
     ]
    ]
   }
  },
  {
   "type": "Feature",
   "properties": {
    "ll": {
     "value": 0,
     "unit": 1,
     "referenceDatum": 0
    },
    "ul": {
     "value": 80,
     "unit": 6,
     "referenceDatum": 2
    },
    "_id": "627e3da8213952479d672c51",
    "name": "AREA G5 (NARVA)",
    "type": 18,
    "icao": 7,
    "bnd": [
     [
      58.9897213,
      27.2286094
     ],
     [
      59.4500009,
      28.1327795
     ]
    ]
   },
   "geometry": {
    "type": "Polygon",
    "coordinates": [
     [
      [
       28.1327792,
       59.3922228
      ],
      [
       28.0500014,
       59.4500005
      ],
      [
       28.0500012,
       59.4500007
      ],
      [
       28.0500009,
       59.4500008
      ],
      [
       28.0500005,
       59.4500009
      ],
      [
       28.0500002,
       59.4500009
      ],
      [
       28.0499998,
       59.4500009
      ],
      [
       27.5116665,
       59.421112
      ],
      [
       27.5116662,
       59.421112
      ],
      [
       27.5116659,
       59.4211119
      ],
      [
       27.5116656,
       59.4211118
      ],
      [
       27.5116653,
       59.4211117
      ],
      [
       27.3988876,
       59.3555561
      ],
      [
       27.3988873,
       59.355556
      ],
      [
       27.3988872,
       59.3555558
      ],
      [
       27.2286094,
       58.9897224
      ],
      [
       27.2286094,
       58.9897223
      ],
      [
       27.2286094,
       58.9897221
      ],
      [
       27.2286095,
       58.9897219
      ],
      [
       27.2286096,
       58.9897218
      ],
      [
       27.2286098,
       58.9897216
      ],
      [
       27.2286101,
       58.9897215
      ],
      [
       27.2286103,
       58.9897214
      ],
      [
       27.2286107,
       58.9897214
      ],
      [
       27.228611,
       58.9897213
      ],
      [
       27.2286113,
       58.9897213
      ],
      [
       27.5513891,
       59.0091658
      ],
      [
       27.5513894,
       59.0091658
      ],
      [
       27.5513897,
       59.0091659
      ],
      [
       27.55139,
       59.009166
      ],
      [
       27.5513902,
       59.0091661
      ],
      [
       27.5513904,
       59.0091662
      ],
      [
       27.5513905,
       59.0091663
      ],
      [
       27.7919458,
       59.3233326
      ],
      [
       28.1327784,
       59.3922214
      ],
      [
       28.1327787,
       59.3922215
      ],
      [
       28.132779,
       59.3922216
      ],
      [
       28.1327792,
       59.3922217
      ],
      [
       28.1327794,
       59.3922219
      ],
      [
       28.1327795,
       59.3922221
      ],
      [
       28.1327795,
       59.3922222
      ],
      [
       28.1327795,
       59.3922224
      ],
      [
       28.1327794,
       59.3922226
      ],
      [
       28.1327792,
       59.3922228
      ]
     ]
    ]
   }
  },
  {
   "type": "Feature",
   "properties": {
    "ll": {
     "value": 500,
     "unit": 1,
     "referenceDatum": 0
    },
    "ul": {
     "value": 2000,
     "unit": 1,
     "referenceDatum": 0
    },
    "_id": "626148dc1eacded7b7bb58cd",
    "name": "C - CENTRAL",
    "type": 1,
    "icao": 7,
    "bnd": [
     [
      58.5219444,
      23.7913889
     ],
     [
      59.4527778,
      26.335
     ]
    ]
   },
   "geometry": {
    "type": "Polygon",
    "coordinates": [
     [
      [
       23.9113889,
       58.9691667
      ],
      [
       24.2075,
       58.9191667
      ],
      [
       24.5375,
       58.9652778
      ],
      [
       24.5436111,
       59.0230556
      ],
      [
       24.6058333,
       59.0633333
      ],
      [
       24.6913889,
       59.0769444
      ],
      [
       24.8238889,
       59.08
      ],
      [
       25.1416667,
       59.1097222
      ],
      [
       25.3855556,
       59.2155556
      ],
      [
       25.495,
       59.3280556
      ],
      [
       25.4808333,
       59.4527778
      ],
      [
       26.2766667,
       59.4230556
      ],
      [
       26.335,
       59.3580556
      ],
      [
       25.6138889,
       58.9158333
      ],
      [
       24.8461111,
       58.5452778
      ],
      [
       24.7038889,
       58.6241667
      ],
      [
       24.4919444,
       58.6547222
      ],
      [
       24.2466667,
       58.6211111
      ],
      [
       24.0841667,
       58.5244444
      ],
      [
       24.0744444,
       58.5219444
      ],
      [
       23.8080556,
       58.685
      ],
      [
       23.7913889,
       58.705
      ],
      [
       23.9894444,
       58.7630556
      ],
      [
       23.9113889,
       58.9691667
      ]
     ]
    ]
   }
  },
  {
   "type": "Feature",
   "properties": {
    "ll": {
     "value": 500,
     "unit": 1,
     "referenceDatum": 0
    },
    "ul": {
     "value": 2000,
     "unit": 1,
     "referenceDatum": 0
    },
    "_id": "626148dc1eacded7b7bb58d8",
    "name": "E - EAST",
    "type": 1,
    "icao": 7,
    "bnd": [
     [
      58.6630556,
      25.6125
     ],
     [
      59.5202778,
      27.5125
     ]
    ]
   },
   "geometry": {
    "type": "Polygon",
    "coordinates": [
     [
      [
       26.2766667,
       59.4230556
      ],
      [
       26.5327778,
       59.5202778
      ],
      [
       27.5125,
       59.4272222
      ],
      [
       27.4061111,
       59.3469444
      ],
      [
       27.2275,
       59
      ],
      [
       27.2363889,
       58.9897222
      ],
      [
       27.15,
       58.7
      ],
      [
       26.0227778,
       58.7011111
      ],
      [
       25.9897222,
       58.6630556
      ],
      [
       25.6125,
       58.9177778
      ],
      [
       26.335,
       59.3580556
      ],
      [
       26.2766667,
       59.4230556
      ]
     ]
    ]
   }
  },
  {
   "type": "Feature",
   "properties": {
    "ll": {
     "value": 0,
     "unit": 1,
     "referenceDatum": 0
    },
    "ul": {
     "value": 2200,
     "unit": 1,
     "referenceDatum": 0
    },
    "_id": "626148dd1eacded7b7bb594e",
    "name": "EED1 SIRGALA 1 GUNFIRE",
    "type": 2,
    "icao": 7,
    "bnd": [
     [
      59.2544444,
      27.6919444
     ],
     [
      59.3075,
      27.7725
     ]
    ]
   },
   "geometry": {
    "type": "Polygon",
    "coordinates": [
     [
      [
       27.6922222,
       59.2902778
      ],
      [
       27.7358333,
       59.3075
      ],
      [
       27.7725,
       59.3072222
      ],
      [
       27.7719444,
       59.2569444
      ],
      [
       27.6919444,
       59.2544444
      ],
      [
       27.6922222,
       59.2902778
      ]
     ]
    ]
   }
  },
  {
   "type": "Feature",
   "properties": {
    "ll": {
     "value": 0,
     "unit": 1,
     "referenceDatum": 0
    },
    "ul": {
     "value": 2200,
     "unit": 1,
     "referenceDatum": 0
    },
    "_id": "626148dc1eacded7b7bb58e5",
    "name": "EED10 UTSALI\tGUNFIRE",
    "type": 2,
    "icao": 7,
    "bnd": [
     [
      58.5066667,
      26.1961111
     ],
     [
      58.5333333,
      26.2680556
     ]
    ]
   },
   "geometry": {
    "type": "Polygon",
    "coordinates": [
     [
      [
       26.2008333,
       58.5333333
      ],
      [
       26.2680556,
       58.5322222
      ],
      [
       26.2333333,
       58.5066667
      ],
      [
       26.1961111,
       58.5072222
      ],
      [
       26.2008333,
       58.5333333
      ]
     ]
    ]
   }
  },
  {
   "type": "Feature",
   "properties": {
    "ll": {
     "value": 0,
     "unit": 1,
     "referenceDatum": 0
    },
    "ul": {
     "value": 2300,
     "unit": 1,
     "referenceDatum": 0
    },
    "_id": "626148dc1eacded7b7bb58f3",
    "name": "EED11 METSNIKU GUNFIRE",
    "type": 2,
    "icao": 7,
    "bnd": [
     [
      57.8366667,
      26.0611111
     ],
     [
      57.8655556,
      26.0941667
     ]
    ]
   },
   "geometry": {
    "type": "Polygon",
    "coordinates": [
     [
      [
       26.0752778,
       57.8369444
      ],
      [
       26.0622222,
       57.8366667
      ],
      [
       26.0611111,
       57.8469444
      ],
      [
       26.0766667,
       57.8655556
      ],
      [
       26.0941667,
       57.8619444
      ],
      [
       26.0752778,
       57.8369444
      ]
     ]
    ]
   }
  },
  {
   "type": "Feature",
   "properties": {
    "ll": {
     "value": 0,
     "unit": 1,
     "referenceDatum": 0
    },
    "ul": {
     "value": 2400,
     "unit": 1,
     "referenceDatum": 0
    },
    "_id": "626148dc1eacded7b7bb590b",
    "name": "EED13 TAPA 1\tGUNDFIRE",
    "type": 2,
    "icao": 7,
    "bnd": [
     [
      59.2433333,
      25.8688889
     ],
     [
      59.2572222,
      25.9419444
     ]
    ]
   },
   "geometry": {
    "type": "Polygon",
    "coordinates": [
     [
      [
       25.8719444,
       59.2433333
      ],
      [
       25.8688889,
       59.2536111
      ],
      [
       25.9419444,
       59.2572222
      ],
      [
       25.9372222,
       59.2486111
      ],
      [
       25.8719444,
       59.2433333
      ]
     ]
    ]
   }
  },
  {
   "type": "Feature",
   "properties": {
    "ll": {
     "value": 0,
     "unit": 1,
     "referenceDatum": 0
    },
    "ul": {
     "value": 14700,
     "unit": 1,
     "referenceDatum": 0
    },
    "_id": "626148dd1eacded7b7bb5919",
    "name": "EED14 TAPA 2\tGUNFIRE",
    "type": 2,
    "icao": 7,
    "bnd": [
     [
      59.2713889,
      25.7202778
     ],
     [
      59.4583333,
      25.9241667
     ]
    ]
   },
   "geometry": {
    "type": "Polygon",
    "coordinates": [
     [
      [
       25.7744444,
       59.2969444
      ],
      [
       25.7202778,
       59.4583333
      ],
      [
       25.8972222,
       59.4436111
      ],
      [
       25.9241667,
       59.2713889
      ],
      [
       25.7744444,
       59.2969444
      ]
     ]
    ]
   }
  },
  {
   "type": "Feature",
   "properties": {
    "ll": {
     "value": 0,
     "unit": 1,
     "referenceDatum": 0
    },
    "ul": {
     "value": 2100,
     "unit": 1,
     "referenceDatum": 0
    },
    "_id": "626148dd1eacded7b7bb5926",
    "name": "EED16 KLOOGA 1 GUNFIRE",
    "type": 2,
    "icao": 7,
    "bnd": [
     [
      59.2863889,
      24.1538889
     ],
     [
      59.3305556,
      24.2480556
     ]
    ]
   },
   "geometry": {
    "type": "Polygon",
    "coordinates": [
     [
      [
       24.1902778,
       59.2966667
      ],
      [
       24.1538889,
       59.3211111
      ],
      [
       24.1575,
       59.3305556
      ],
      [
       24.2188889,
       59.3244444
      ],
      [
       24.2480556,
       59.2936111
      ],
      [
       24.2175,
       59.2863889
      ],
      [
       24.1902778,
       59.2966667
      ]
     ]
    ]
   }
  },
  {
   "type": "Feature",
   "properties": {
    "ll": {
     "value": 0,
     "unit": 1,
     "referenceDatum": 0
    },
    "ul": {
     "value": 9000,
     "unit": 1,
     "referenceDatum": 0
    },
    "_id": "626148dd1eacded7b7bb5933",
    "name": "EED17 SIRGALA 2 GUNFIRE",
    "type": 2,
    "icao": 7,
    "bnd": [
     [
      59.2369444,
      27.56
     ],
     [
      59.3436111,
      27.8452778
     ]
    ]
   },
   "geometry": {
    "type": "Polygon",
    "coordinates": [
     [
      [
       27.56,
       59.2911111
      ],
      [
       27.6063889,
       59.3436111
      ],
      [
       27.8452778,
       59.2925
      ],
      [
       27.7758333,
       59.2369444
      ],
      [
       27.56,
       59.2911111
      ]
     ]
    ]
   }
  },
  {
   "type": "Feature",
   "properties": {
    "ll": {
     "value": 0,
     "unit": 1,
     "referenceDatum": 0
    },
    "ul": {
     "value": 2400,
     "unit": 1,
     "referenceDatum": 0
    },
    "_id": "626148dd1eacded7b7bb5940",
    "name": "EED18 TSIATSUNGÕLMAA\tGUNFIRE",
    "type": 2,
    "icao": 7,
    "bnd": [
     [
      57.8052778,
      26.8997222
     ],
     [
      57.8163889,
      26.95
     ]
    ]
   },
   "geometry": {
    "type": "Polygon",
    "coordinates": [
     [
      [
       26.95,
       57.8063889
      ],
      [
       26.9,
       57.8052778
      ],
      [
       26.8997222,
       57.8163889
      ],
      [
       26.9494444,
       57.8141667
      ],
      [
       26.95,
       57.8063889
      ]
     ]
    ]
   }
  },
  {
   "type": "Feature",
   "properties": {
    "ll": {
     "value": 0,
     "unit": 1,
     "referenceDatum": 0
    },
    "ul": {
     "value": 1900,
     "unit": 1,
     "referenceDatum": 0
    },
    "_id": "626148de1eacded7b7bb59b5",
    "name": "EED2 UNIKÜLA\tGUNFIRE",
    "type": 2,
    "icao": 7,
    "bnd": [
     [
      58.2527778,
      26.9038889
     ],
     [
      58.2797222,
      26.9536111
     ]
    ]
   },
   "geometry": {
    "type": "Polygon",
    "coordinates": [
     [
      [
       26.9377778,
       58.2527778
      ],
      [
       26.9038889,
       58.2719444
      ],
      [
       26.9197222,
       58.2797222
      ],
      [
       26.9536111,
       58.2594444
      ],
      [
       26.9377778,
       58.2527778
      ]
     ]
    ]
   }
  },
  {
   "type": "Feature",
   "properties": {
    "ll": {
     "value": 0,
     "unit": 1,
     "referenceDatum": 0
    },
    "ul": {
     "value": 1700,
     "unit": 1,
     "referenceDatum": 0
    },
    "_id": "626148dd1eacded7b7bb5959",
    "name": "EED20 MÄNNIKU GUNFIRE",
    "type": 2,
    "icao": 7,
    "bnd": [
     [
      59.3111111,
      24.6733333
     ],
     [
      59.3636111,
      24.7677778
     ]
    ]
   },
   "geometry": {
    "type": "Polygon",
    "coordinates": [
     [
      [
       24.6733333,
       59.3116667
      ],
      [
       24.7313889,
       59.3636111
      ],
      [
       24.7677778,
       59.3472222
      ],
      [
       24.7672222,
       59.3111111
      ],
      [
       24.6733333,
       59.3116667
      ]
     ]
    ]
   }
  },
  {
   "type": "Feature",
   "properties": {
    "ll": {
     "value": 0,
     "unit": 1,
     "referenceDatum": 0
    },
    "ul": {
     "value": 4000,
     "unit": 1,
     "referenceDatum": 0
    },
    "_id": "626148dd1eacded7b7bb5968",
    "name": "EED23 NAISSAAR GUNFIRE",
    "type": 2,
    "icao": 7,
    "bnd": [
     [
      59.56,
      24.2883333
     ],
     [
      59.65,
      24.4416667
     ]
    ]
   },
   "geometry": {
    "type": "Polygon",
    "coordinates": [
     [
      [
       24.2883333,
       59.61
      ],
      [
       24.2883333,
       59.65
      ],
      [
       24.4416667,
       59.65
      ],
      [
       24.4416667,
       59.56
      ],
      [
       24.2883333,
       59.61
      ]
     ]
    ]
   }
  },
  {
   "type": "Feature",
   "properties": {
    "ll": {
     "value": 0,
     "unit": 1,
     "referenceDatum": 0
    },
    "ul": {
     "value": 2100,
     "unit": 1,
     "referenceDatum": 0
    },
    "_id": "626148dd1eacded7b7bb5975",
    "name": "EED24 KLOOGA 2 GUNFIRE",
    "type": 2,
    "icao": 7,
    "bnd": [
     [
      59.3166667,
      24.1694444
     ],
     [
      59.3286111,
      24.2186111
     ]
    ]
   },
   "geometry": {
    "type": "Polygon",
    "coordinates": [
     [
      [
       24.1713889,
       59.3286111
      ],
      [
       24.2186111,
       59.3238889
      ],
      [
       24.2158333,
       59.3166667
      ],
      [
       24.1694444,
       59.3194444
      ],
      [
       24.1713889,
       59.3286111
      ]
     ]
    ]
   }
  },
  {
   "type": "Feature",
   "properties": {
    "ll": {
     "value": 0,
     "unit": 1,
     "referenceDatum": 0
    },
    "ul": {
     "value": 2200,
     "unit": 1,
     "referenceDatum": 0
    },
    "_id": "626148dd1eacded7b7bb5981",
    "name": "EED25 MURU GUNFIRE",
    "type": 2,
    "icao": 7,
    "bnd": [
     [
      59.0116667,
      26.8094444
     ],
     [
      59.0375,
      26.8561111
     ]
    ]
   },
   "geometry": {
    "type": "Polygon",
    "coordinates": [
     [
      [
       26.8094444,
       59.0169444
      ],
      [
       26.8413889,
       59.0375
      ],
      [
       26.8561111,
       59.0302778
      ],
      [
       26.8194444,
       59.0116667
      ],
      [
       26.8094444,
       59.0169444
      ]
     ]
    ]
   }
  },
  {
   "type": "Feature",
   "properties": {
    "ll": {
     "value": 0,
     "unit": 1,
     "referenceDatum": 0
    },
    "ul": {
     "value": 1700,
     "unit": 1,
     "referenceDatum": 0
    },
    "_id": "626148de1eacded7b7bb598d",
    "name": "EED26 VIRU GUNFIRE",
    "type": 2,
    "icao": 7,
    "bnd": [
     [
      59.3472222,
      27.4386111
     ],
     [
      59.3577778,
      27.49
     ]
    ]
   },
   "geometry": {
    "type": "Polygon",
    "coordinates": [
     [
      [
       27.4386111,
       59.3555556
      ],
      [
       27.49,
       59.3577778
      ],
      [
       27.49,
       59.3472222
      ],
      [
       27.4388889,
       59.3480556
      ],
      [
       27.4386111,
       59.3555556
      ]
     ]
    ]
   }
  },
  {
   "type": "Feature",
   "properties": {
    "ll": {
     "value": 0,
     "unit": 1,
     "referenceDatum": 0
    },
    "ul": {
     "value": 2200,
     "unit": 1,
     "referenceDatum": 0
    },
    "_id": "626148de1eacded7b7bb599b",
    "name": "EED27 KARUJÄRVE GUNFIRE",
    "type": 2,
    "icao": 7,
    "bnd": [
     [
      58.3983333,
      22.2005556
     ],
     [
      58.4183333,
      22.2569444
     ]
    ]
   },
   "geometry": {
    "type": "Polygon",
    "coordinates": [
     [
      [
       22.2005556,
       58.4058333
      ],
      [
       22.2491667,
       58.4183333
      ],
      [
       22.2569444,
       58.4083333
      ],
      [
       22.2077778,
       58.3983333
      ],
      [
       22.2005556,
       58.4058333
      ]
     ]
    ]
   }
  },
  {
   "type": "Feature",
   "properties": {
    "ll": {
     "value": 0,
     "unit": 1,
     "referenceDatum": 0
    },
    "ul": {
     "value": 2200,
     "unit": 1,
     "referenceDatum": 0
    },
    "_id": "626148de1eacded7b7bb59a8",
    "name": "EED29 KAPASTU GUNFIRE",
    "type": 2,
    "icao": 7,
    "bnd": [
     [
      58.8911111,
      22.6669444
     ],
     [
      58.9138889,
      22.7213889
     ]
    ]
   },
   "geometry": {
    "type": "Polygon",
    "coordinates": [
     [
      [
       22.6669444,
       58.9005556
      ],
      [
       22.7163889,
       58.9138889
      ],
      [
       22.7213889,
       58.9069444
      ],
      [
       22.6769444,
       58.8911111
      ],
      [
       22.6669444,
       58.9005556
      ]
     ]
    ]
   }
  },
  {
   "type": "Feature",
   "properties": {
    "ll": {
     "value": 0,
     "unit": 1,
     "referenceDatum": 0
    },
    "ul": {
     "value": 2300,
     "unit": 1,
     "referenceDatum": 0
    },
    "_id": "626148de1eacded7b7bb59ce",
    "name": "EED3 NURSIPALU 1 GUNFIRE",
    "type": 2,
    "icao": 7,
    "bnd": [
     [
      57.7936111,
      26.7972222
     ],
     [
      57.825,
      26.8538889
     ]
    ]
   },
   "geometry": {
    "type": "Polygon",
    "coordinates": [
     [
      [
       26.8338889,
       57.825
      ],
      [
       26.8538889,
       57.815
      ],
      [
       26.8169444,
       57.7936111
      ],
      [
       26.7972222,
       57.8044444
      ],
      [
       26.8338889,
       57.825
      ]
     ]
    ]
   }
  },
  {
   "type": "Feature",
   "properties": {
    "ll": {
     "value": 0,
     "unit": 1,
     "referenceDatum": 0
    },
    "ul": {
     "value": 2200,
     "unit": 1,
     "referenceDatum": 1
    },
    "_id": "62e4ee07ac256327b0998b83",
    "name": "EED31 KOGUVA",
    "type": 2,
    "icao": 7,
    "bnd": [
     [
      58.6086111,
      23.0875
     ],
     [
      58.6386111,
      23.1333333
     ]
    ]
   },
   "geometry": {
    "type": "Polygon",
    "coordinates": [
     [
      [
       23.1208333,
       58.6386111
      ],
      [
       23.1333333,
       58.6338889
      ],
      [
       23.0975,
       58.6086111
      ],
      [
       23.0875,
       58.6122222
      ],
      [
       23.1208333,
       58.6386111
      ]
     ]
    ]
   }
  },
  {
   "type": "Feature",
   "properties": {
    "ll": {
     "value": 0,
     "unit": 1,
     "referenceDatum": 0
    },
    "ul": {
     "value": 2200,
     "unit": 1,
     "referenceDatum": 1
    },
    "_id": "62e4f7eaf9c1273aea4c3cd7",
    "name": "EED33 LAURI GUNFIRE",
    "type": 2,
    "icao": 7,
    "bnd": [
     [
      58.1555556,
      24.975
     ],
     [
      58.1766667,
      25.0280556
     ]
    ]
   },
   "geometry": {
    "type": "Polygon",
    "coordinates": [
     [
      [
       25.0191667,
       58.1766667
      ],
      [
       25.0280556,
       58.1680556
      ],
      [
       24.9844444,
       58.1555556
      ],
      [
       24.975,
       58.1644444
      ],
      [
       25.0191667,
       58.1766667
      ]
     ]
    ]
   }
  },
  {
   "type": "Feature",
   "properties": {
    "ll": {
     "value": 0,
     "unit": 1,
     "referenceDatum": 0
    },
    "ul": {
     "value": 2200,
     "unit": 1,
     "referenceDatum": 1
    },
    "_id": "62e4f89df9c1273aea4c3f10",
    "name": "EED34 LILLI GUNFIRE",
    "type": 2,
    "icao": 7,
    "bnd": [
     [
      57.9733333,
      25.5497222
     ],
     [
      57.9977778,
      25.5772222
     ]
    ]
   },
   "geometry": {
    "type": "Polygon",
    "coordinates": [
     [
      [
       25.5497222,
       57.9961111
      ],
      [
       25.5688889,
       57.9977778
      ],
      [
       25.5772222,
       57.975
      ],
      [
       25.5572222,
       57.9733333
      ],
      [
       25.5497222,
       57.9961111
      ]
     ]
    ]
   }
  },
  {
   "type": "Feature",
   "properties": {
    "ll": {
     "value": 0,
     "unit": 1,
     "referenceDatum": 0
    },
    "ul": {
     "value": 60,
     "unit": 6,
     "referenceDatum": 2
    },
    "_id": "62ee5e6f1f15c6d330554794",
    "name": "EED35G",
    "type": 2,
    "icao": 6,
    "bnd": [
     [
      58.7291667,
      24.5304932
     ],
     [
      59.0863189,
      25.3144444
     ]
    ]
   },
   "geometry": {
    "type": "Polygon",
    "coordinates": [
     [
      [
       25.3144444,
       58.8852778
      ],
      [
       24.6161111,
       58.7291667
      ],
      [
       24.5363855,
       58.9620767
      ],
      [
       24.5349887,
       58.9651323
      ],
      [
       24.5337785,
       58.968209
      ],
      [
       24.5327562,
       58.9713038
      ],
      [
       24.5319228,
       58.9744136
      ],
      [
       24.5312792,
       58.9775354
      ],
      [
       24.5308261,
       58.980666
      ],
      [
       24.530564,
       58.9838025
      ],
      [
       24.5304932,
       58.9869416
      ],
      [
       24.5306137,
       58.9900803
      ],
      [
       24.5309257,
       58.9932155
      ],
      [
       24.5314287,
       58.9963442
      ],
      [
       24.5321223,
       58.9994631
      ],
      [
       24.533006,
       59.0025693
      ],
      [
       24.5340788,
       59.0056596
      ],
      [
       24.5353399,
       59.0087311
      ],
      [
       24.5367879,
       59.0117806
      ],
      [
       24.5384215,
       59.0148052
      ],
      [
       24.5402392,
       59.0178018
      ],
      [
       24.5422392,
       59.0207676
      ],
      [
       24.5444195,
       59.0236995
      ],
      [
       24.546778,
       59.0265947
      ],
      [
       24.5493125,
       59.0294502
      ],
      [
       24.5520205,
       59.0322634
      ],
      [
       24.5548993,
       59.0350313
      ],
      [
       24.5579461,
       59.0377512
      ],
      [
       24.561158,
       59.0404205
      ],
      [
       24.5645318,
       59.0430365
      ],
      [
       24.5680642,
       59.0455966
      ],
      [
       24.5717517,
       59.0480983
      ],
      [
       24.5755907,
       59.050539
      ],
      [
       24.5795774,
       59.0529164
      ],
      [
       24.583708,
       59.0552281
      ],
      [
       24.5879782,
       59.0574718
      ],
      [
       24.592384,
       59.0596453
      ],
      [
       24.5969209,
       59.0617463
      ],
      [
       24.6015845,
       59.063773
      ],
      [
       24.6063702,
       59.0657231
      ],
      [
       24.6112732,
       59.0675948
      ],
      [
       24.6162887,
       59.0693862
      ],
      [
       24.6214117,
       59.0710956
      ],
      [
       24.6266372,
       59.0727212
      ],
      [
       24.6319598,
       59.0742615
      ],
      [
       24.6373745,
       59.0757148
      ],
      [
       24.6428758,
       59.0770798
      ],
      [
       24.6484582,
       59.078355
      ],
      [
       24.6541161,
       59.0795393
      ],
      [
       24.6598441,
       59.0806314
      ],
      [
       24.6656363,
       59.0816303
      ],
      [
       24.6714871,
       59.0825349
      ],
      [
       24.6773906,
       59.0833444
      ],
      [
       24.6833409,
       59.084058
      ],
      [
       24.6893321,
       59.0846749
      ],
      [
       24.6953582,
       59.0851945
      ],
      [
       24.7014133,
       59.0856164
      ],
      [
       24.7074913,
       59.08594
      ],
      [
       24.7135863,
       59.0861651
      ],
      [
       24.719692,
       59.0862915
      ],
      [
       24.7258024,
       59.0863189
      ],
      [
       24.7319115,
       59.0862475
      ],
      [
       24.7380132,
       59.0860772
      ],
      [
       24.7441013,
       59.0858083
      ],
      [
       24.7501699,
       59.085441
      ],
      [
       24.7562129,
       59.0849756
      ],
      [
       24.7622243,
       59.0844127
      ],
      [
       24.768198,
       59.0837527
      ],
      [
       24.7741282,
       59.0829965
      ],
      [
       24.780009,
       59.0821446
      ],
      [
       24.7858344,
       59.0811979
      ],
      [
       24.7915988,
       59.0801575
      ],
      [
       24.7972964,
       59.0790243
      ],
      [
       24.8029215,
       59.0777994
      ],
      [
       24.8084685,
       59.0764841
      ],
      [
       24.8139319,
       59.0750797
      ],
      [
       24.8193064,
       59.0735876
      ],
      [
       24.8245865,
       59.0720092
      ],
      [
       24.829767,
       59.0703461
      ],
      [
       24.8348428,
       59.0686001
      ],
      [
       24.839809,
       59.0667727
      ],
      [
       24.8446604,
       59.0648659
      ],
      [
       24.8467785,
       59.0639935
      ],
      [
       25.3144444,
       58.8852778
      ]
     ]
    ]
   }
  },
  {
   "type": "Feature",
   "properties": {
    "ll": {
     "value": 0,
     "unit": 1,
     "referenceDatum": 0
    },
    "ul": {
     "value": 9200,
     "unit": 1,
     "referenceDatum": 0
    },
    "_id": "626148de1eacded7b7bb59db",
    "name": "EED4 NURSIPALU 2 GUNFIRE",
    "type": 2,
    "icao": 7,
    "bnd": [
     [
      57.7819444,
      26.7305556
     ],
     [
      57.8372222,
      26.8786111
     ]
    ]
   },
   "geometry": {
    "type": "Polygon",
    "coordinates": [
     [
      [
       26.7730556,
       57.7819444
      ],
      [
       26.7305556,
       57.8355556
      ],
      [
       26.8619444,
       57.8372222
      ],
      [
       26.8786111,
       57.7877778
      ],
      [
       26.7730556,
       57.7819444
      ]
     ]
    ]
   }
  },
  {
   "type": "Feature",
   "properties": {
    "ll": {
     "value": 0,
     "unit": 1,
     "referenceDatum": 0
    },
    "ul": {
     "value": 2100,
     "unit": 1,
     "referenceDatum": 0
    },
    "_id": "626148de1eacded7b7bb59e9",
    "name": "EED5 KILTSI\tGUNFIRE",
    "type": 2,
    "icao": 7,
    "bnd": [
     [
      58.8825,
      23.4975
     ],
     [
      58.9105556,
      23.5194444
     ]
    ]
   },
   "geometry": {
    "type": "Polygon",
    "coordinates": [
     [
      [
       23.5180556,
       58.9105556
      ],
      [
       23.5194444,
       58.8825
      ],
      [
       23.4975,
       58.8825
      ],
      [
       23.5027778,
       58.9105556
      ],
      [
       23.5180556,
       58.9105556
      ]
     ]
    ]
   }
  },
  {
   "type": "Feature",
   "properties": {
    "ll": {
     "value": 0,
     "unit": 1,
     "referenceDatum": 0
    },
    "ul": {
     "value": 2300,
     "unit": 1,
     "referenceDatum": 0
    },
    "_id": "626148de1eacded7b7bb59f6",
    "name": "EED6 PAHKLA\tGUNFIRE",
    "type": 2,
    "icao": 7,
    "bnd": [
     [
      59.1872222,
      24.8152778
     ],
     [
      59.21,
      24.8697222
     ]
    ]
   },
   "geometry": {
    "type": "Polygon",
    "coordinates": [
     [
      [
       24.8152778,
       59.1972222
      ],
      [
       24.8677778,
       59.21
      ],
      [
       24.8697222,
       59.2005556
      ],
      [
       24.8238889,
       59.1872222
      ],
      [
       24.8152778,
       59.1972222
      ]
     ]
    ]
   }
  },
  {
   "type": "Feature",
   "properties": {
    "ll": {
     "value": 0,
     "unit": 1,
     "referenceDatum": 0
    },
    "ul": {
     "value": 2200,
     "unit": 1,
     "referenceDatum": 0
    },
    "_id": "626148de1eacded7b7bb5a03",
    "name": "EED7 PIIRSALU GUNFIRE",
    "type": 2,
    "icao": 7,
    "bnd": [
     [
      59.0580556,
      24.0716667
     ],
     [
      59.0847222,
      24.1158333
     ]
    ]
   },
   "geometry": {
    "type": "Polygon",
    "coordinates": [
     [
      [
       24.0716667,
       59.0627778
      ],
      [
       24.0997222,
       59.0847222
      ],
      [
       24.1158333,
       59.0783333
      ],
      [
       24.0825,
       59.0580556
      ],
      [
       24.0716667,
       59.0627778
      ]
     ]
    ]
   }
  },
  {
   "type": "Feature",
   "properties": {
    "ll": {
     "value": 0,
     "unit": 1,
     "referenceDatum": 0
    },
    "ul": {
     "value": 2200,
     "unit": 1,
     "referenceDatum": 0
    },
    "_id": "626148df1eacded7b7bb5a10",
    "name": "EED8 RUTJA GUNFIRE",
    "type": 2,
    "icao": 7,
    "bnd": [
     [
      59.5208333,
      26.2747222
     ],
     [
      59.5677778,
      26.3555556
     ]
    ]
   },
   "geometry": {
    "type": "Polygon",
    "coordinates": [
     [
      [
       26.2747222,
       59.5208333
      ],
      [
       26.2944444,
       59.5677778
      ],
      [
       26.3555556,
       59.5444444
      ],
      [
       26.2747222,
       59.5208333
      ]
     ]
    ]
   }
  },
  {
   "type": "Feature",
   "properties": {
    "ll": {
     "value": 0,
     "unit": 1,
     "referenceDatum": 0
    },
    "ul": {
     "value": 2200,
     "unit": 1,
     "referenceDatum": 0
    },
    "_id": "626148df1eacded7b7bb5a1c",
    "name": "EED9 VÄLUSTE\tGUNFIRE",
    "type": 2,
    "icao": 7,
    "bnd": [
     [
      58.3277778,
      25.8355556
     ],
     [
      58.36,
      25.8619444
     ]
    ]
   },
   "geometry": {
    "type": "Polygon",
    "coordinates": [
     [
      [
       25.8355556,
       58.3277778
      ],
      [
       25.8427778,
       58.3594444
      ],
      [
       25.8619444,
       58.36
      ],
      [
       25.8611111,
       58.3286111
      ],
      [
       25.8355556,
       58.3277778
      ]
     ]
    ]
   }
  },
  {
   "type": "Feature",
   "properties": {
    "ll": {
     "value": 0,
     "unit": 1,
     "referenceDatum": 0
    },
    "ul": {
     "value": 1000,
     "unit": 1,
     "referenceDatum": 0
    },
    "_id": "626148df1eacded7b7bb5a5e",
    "name": "EER1 PIIRIALA BORDER AREA",
    "type": 1,
    "icao": 7,
    "bnd": [
     [
      57.5177778,
      26.0188889
     ],
     [
      59.8516667,
      28.2133333
     ]
    ]
   },
   "geometry": {
    "type": "Polygon",
    "coordinates": [
     [
      [
       27.1861111,
       57.5530556
      ],
      [
       27.55,
       57.9666667
      ],
      [
       27.4,
       58.2
      ],
      [
       27.4,
       58.5
      ],
      [
       27.2666667,
       58.8
      ],
      [
       27.6166667,
       59
      ],
      [
       27.8333333,
       59.3
      ],
      [
       28.0666667,
       59.3666667
      ],
      [
       28,
       59.4166667
      ],
      [
       27.65,
       59.55
      ],
      [
       26.8666667,
       59.5833333
      ],
      [
       26.65,
       59.7166667
      ],
      [
       26.0188889,
       59.8130556
      ],
      [
       26.0783333,
       59.8516667
      ],
      [
       26.7213889,
       59.7552778
      ],
      [
       26.9177778,
       59.6322222
      ],
      [
       27.6583333,
       59.5911111
      ],
      [
       28.0433333,
       59.4716667
      ],
      [
       28.2133333,
       59.3783333
      ],
      [
       28.1475,
       59.29
      ],
      [
       27.9258333,
       59.2408333
      ],
      [
       27.7652778,
       58.9775
      ],
      [
       27.3691667,
       58.7866667
      ],
      [
       27.5563889,
       58.3655556
      ],
      [
       27.4916667,
       58.3038889
      ],
      [
       27.4944444,
       58.2258333
      ],
      [
       27.6319444,
       58.1008333
      ],
      [
       27.7477778,
       57.8752778
      ],
      [
       27.5191667,
       57.7855556
      ],
      [
       27.3505556,
       57.5177778
      ],
      [
       27.1861111,
       57.5530556
      ]
     ]
    ]
   }
  },
  {
   "type": "Feature",
   "properties": {
    "ll": {
     "value": 0,
     "unit": 1,
     "referenceDatum": 0
    },
    "ul": {
     "value": 95,
     "unit": 6,
     "referenceDatum": 2
    },
    "_id": "62e4efedac256327b0998f98",
    "name": "EER15D",
    "type": 1,
    "icao": 7,
    "bnd": [
     [
      59.2705556,
      25.5955556
     ],
     [
      59.7877778,
      26.25
     ]
    ]
   },
   "geometry": {
    "type": "Polygon",
    "coordinates": [
     [
      [
       26.25,
       59.2758333
      ],
      [
       25.9463889,
       59.2775
      ],
      [
       25.7966667,
       59.2705556
      ],
      [
       25.6802778,
       59.3511111
      ],
      [
       25.6075,
       59.3552778
      ],
      [
       25.5955556,
       59.4033333
      ],
      [
       25.9233333,
       59.7877778
      ],
      [
       26.25,
       59.7391667
      ],
      [
       26.25,
       59.2758333
      ]
     ]
    ]
   }
  },
  {
   "type": "Feature",
   "properties": {
    "ll": {
     "value": 0,
     "unit": 1,
     "referenceDatum": 0
    },
    "ul": {
     "value": 95,
     "unit": 6,
     "referenceDatum": 2
    },
    "_id": "62e4f09fac256327b0999095",
    "name": "EER15E",
    "type": 1,
    "icao": 7,
    "bnd": [
     [
      59.2713889,
      26.25
     ],
     [
      59.7391667,
      27.2555556
     ]
    ]
   },
   "geometry": {
    "type": "Polygon",
    "coordinates": [
     [
      [
       26.9508333,
       59.2713889
      ],
      [
       26.25,
       59.2758333
      ],
      [
       26.25,
       59.7391667
      ],
      [
       26.6241667,
       59.6833333
      ],
      [
       26.8236111,
       59.5544444
      ],
      [
       27.2555556,
       59.5308333
      ],
      [
       27.2472222,
       59.4033333
      ],
      [
       26.9508333,
       59.2713889
      ]
     ]
    ]
   }
  },
  {
   "type": "Feature",
   "properties": {
    "ll": {
     "value": 0,
     "unit": 1,
     "referenceDatum": 0
    },
    "ul": {
     "value": 95,
     "unit": 6,
     "referenceDatum": 2
    },
    "_id": "62e4f150ac256327b0999141",
    "name": "EER15F",
    "type": 1,
    "icao": 7,
    "bnd": [
     [
      59.125,
      25.6075
     ],
     [
      59.3552778,
      26.25
     ]
    ]
   },
   "geometry": {
    "type": "Polygon",
    "coordinates": [
     [
      [
       25.6644444,
       59.125
      ],
      [
       25.6075,
       59.3552778
      ],
      [
       25.6802778,
       59.3511111
      ],
      [
       25.7966667,
       59.2705556
      ],
      [
       25.9463889,
       59.2775
      ],
      [
       26.25,
       59.2758333
      ],
      [
       26.25,
       59.125
      ],
      [
       25.6644444,
       59.125
      ]
     ]
    ]
   }
  },
  {
   "type": "Feature",
   "properties": {
    "ll": {
     "value": 0,
     "unit": 1,
     "referenceDatum": 0
    },
    "ul": {
     "value": 95,
     "unit": 6,
     "referenceDatum": 2
    },
    "_id": "62e4f1fdac256327b0999270",
    "name": "EER15G",
    "type": 1,
    "icao": 7,
    "bnd": [
     [
      59.125,
      26.25
     ],
     [
      59.2758333,
      26.9508333
     ]
    ]
   },
   "geometry": {
    "type": "Polygon",
    "coordinates": [
     [
      [
       26.25,
       59.2758333
      ],
      [
       26.9508333,
       59.2713889
      ],
      [
       26.6319444,
       59.125
      ],
      [
       26.25,
       59.125
      ],
      [
       26.25,
       59.2758333
      ]
     ]
    ]
   }
  },
  {
   "type": "Feature",
   "properties": {
    "ll": {
     "value": 5000,
     "unit": 1,
     "referenceDatum": 0
    },
    "ul": {
     "value": 95,
     "unit": 6,
     "referenceDatum": 2
    },
    "_id": "626148df1eacded7b7bb5a45",
    "name": "EER16E",
    "type": 1,
    "icao": 7,
    "bnd": [
     [
      58.6433333,
      23.6283333
     ],
     [
      59.5447222,
      24.68
     ]
    ]
   },
   "geometry": {
    "type": "Polygon",
    "coordinates": [
     [
      [
       24.1266667,
       58.6433333
      ],
      [
       23.6283333,
       59.4386111
      ],
      [
       24.1105556,
       59.5447222
      ],
      [
       24.2711111,
       59.5075
      ],
      [
       24.68,
       58.8372222
      ],
      [
       24.5991667,
       58.7477778
      ],
      [
       24.1266667,
       58.6433333
      ]
     ]
    ]
   }
  },
  {
   "type": "Feature",
   "properties": {
    "ll": {
     "value": 5000,
     "unit": 1,
     "referenceDatum": 0
    },
    "ul": {
     "value": 95,
     "unit": 6,
     "referenceDatum": 2
    },
    "_id": "626148df1eacded7b7bb5a52",
    "name": "EER16W",
    "type": 1,
    "icao": 7,
    "bnd": [
     [
      58.0991667,
      21.3966667
     ],
     [
      59.4386111,
      24.1266667
     ]
    ]
   },
   "geometry": {
    "type": "Polygon",
    "coordinates": [
     [
      [
       24.1266667,
       58.6433333
      ],
      [
       21.8230556,
       58.0991667
      ],
      [
       21.3966667,
       58.3491667
      ],
      [
       21.8136111,
       59.0161111
      ],
      [
       23.6283333,
       59.4386111
      ],
      [
       24.1266667,
       58.6433333
      ]
     ]
    ]
   }
  },
  {
   "type": "Feature",
   "properties": {
    "ll": {
     "value": 0,
     "unit": 1,
     "referenceDatum": 0
    },
    "ul": {
     "value": 3500,
     "unit": 1,
     "referenceDatum": 0
    },
    "_id": "626148df1eacded7b7bb5a6b",
    "name": "EER3 VILSANDI NATIONAL PARK",
    "type": 1,
    "icao": 7,
    "bnd": [
     [
      58.2344444,
      21.7619444
     ],
     [
      58.5366667,
      22.0294444
     ]
    ]
   },
   "geometry": {
    "type": "Polygon",
    "coordinates": [
     [
      [
       21.7716667,
       58.5366667
      ],
      [
       21.9352778,
       58.4883333
      ],
      [
       22.0294444,
       58.3669444
      ],
      [
       22.0252778,
       58.3305556
      ],
      [
       21.9183333,
       58.2344444
      ],
      [
       21.7619444,
       58.3208333
      ],
      [
       21.7716667,
       58.5366667
      ]
     ]
    ]
   }
  },
  {
   "type": "Feature",
   "properties": {
    "ll": {
     "value": 0,
     "unit": 1,
     "referenceDatum": 0
    },
    "ul": {
     "value": 3500,
     "unit": 1,
     "referenceDatum": 0
    },
    "_id": "626148df1eacded7b7bb5a78",
    "name": "EER4 MATSALU NATIONAL PARK",
    "type": 1,
    "icao": 7,
    "bnd": [
     [
      58.6494444,
      23.3002778
     ],
     [
      58.8666667,
      23.9894444
     ]
    ]
   },
   "geometry": {
    "type": "Polygon",
    "coordinates": [
     [
      [
       23.35,
       58.8666667
      ],
      [
       23.3833333,
       58.8666667
      ],
      [
       23.5441667,
       58.8075
      ],
      [
       23.7633333,
       58.8211111
      ],
      [
       23.9894444,
       58.7630556
      ],
      [
       23.9727778,
       58.7297222
      ],
      [
       23.3902778,
       58.6494444
      ],
      [
       23.3002778,
       58.7494444
      ],
      [
       23.35,
       58.8666667
      ]
     ]
    ]
   }
  },
  {
   "type": "Feature",
   "properties": {
    "ll": {
     "value": 0,
     "unit": 1,
     "referenceDatum": 0
    },
    "ul": {
     "value": 5000,
     "unit": 1,
     "referenceDatum": 0
    },
    "_id": "626148e01eacded7b7bb5a92",
    "name": "KÄRDLA FIZ/RMZ",
    "type": 6,
    "icao": 7,
    "bnd": [
     [
      58.7910246,
      22.442927
     ],
     [
      59.1906983,
      23.2187837
     ]
    ]
   },
   "geometry": {
    "type": "Polygon",
    "coordinates": [
     [
      [
       22.8308333,
       59.1906983
      ],
      [
       22.8533508,
       59.1903633
      ],
      [
       22.875792,
       59.1893595
      ],
      [
       22.8980807,
       59.1876903
      ],
      [
       22.9201414,
       59.1853613
      ],
      [
       22.9418993,
       59.1823804
      ],
      [
       22.9632809,
       59.1787578
      ],
      [
       22.9842139,
       59.1745056
      ],
      [
       23.0046273,
       59.1696384
      ],
      [
       23.0244526,
       59.1641726
      ],
      [
       23.0436227,
       59.1581267
      ],
      [
       23.0620733,
       59.1515211
      ],
      [
       23.0797423,
       59.1443781
      ],
      [
       23.0965707,
       59.136722
      ],
      [
       23.1125022,
       59.1285785
      ],
      [
       23.1274836,
       59.1199752
      ],
      [
       23.1414653,
       59.110941
      ],
      [
       23.1544009,
       59.1015063
      ],
      [
       23.1662477,
       59.091703
      ],
      [
       23.1769669,
       59.0815641
      ],
      [
       23.1865234,
       59.0711234
      ],
      [
       23.1948863,
       59.0604162
      ],
      [
       23.2020286,
       59.0494784
      ],
      [
       23.2079276,
       59.0383465
      ],
      [
       23.2125647,
       59.027058
      ],
      [
       23.2159257,
       59.0156504
      ],
      [
       23.2180005,
       59.004162
      ],
      [
       23.2187837,
       58.9926311
      ],
      [
       23.2182738,
       58.9810961
      ],
      [
       23.2164739,
       58.9695954
      ],
      [
       23.2133911,
       58.9581674
      ],
      [
       23.2090372,
       58.9468501
      ],
      [
       23.2034277,
       58.9356809
      ],
      [
       23.1965825,
       58.9246971
      ],
      [
       23.1885254,
       58.9139349
      ],
      [
       23.1792842,
       58.9034301
      ],
      [
       23.1688906,
       58.8932174
      ],
      [
       23.1573799,
       58.8833305
      ],
      [
       23.1447911,
       58.8738021
      ],
      [
       23.1311667,
       58.8646637
      ],
      [
       23.1165523,
       58.8559454
      ],
      [
       23.1009968,
       58.8476758
      ],
      [
       23.0845521,
       58.8398824
      ],
      [
       23.0672728,
       58.8325906
      ],
      [
       23.0492164,
       58.8258245
      ],
      [
       23.0304425,
       58.8196063
      ],
      [
       23.0110133,
       58.8139564
      ],
      [
       22.9909927,
       58.8088934
      ],
      [
       22.9704467,
       58.8044338
      ],
      [
       22.949443,
       58.8005924
      ],
      [
       22.9280504,
       58.7973817
      ],
      [
       22.9063392,
       58.7948122
      ],
      [
       22.8843807,
       58.7928923
      ],
      [
       22.8622467,
       58.7916284
      ],
      [
       22.8400099,
       58.7910246
      ],
      [
       22.8177429,
       58.7910828
      ],
      [
       22.7955189,
       58.7918029
      ],
      [
       22.7734105,
       58.7931825
      ],
      [
       22.7514903,
       58.7952171
      ],
      [
       22.72983,
       58.7979
      ],
      [
       22.7085007,
       58.8012224
      ],
      [
       22.6875725,
       58.8051735
      ],
      [
       22.667114,
       58.8097403
      ],
      [
       22.6471927,
       58.8149077
      ],
      [
       22.6278741,
       58.8206589
      ],
      [
       22.6092219,
       58.826975
      ],
      [
       22.5912979,
       58.8338352
      ],
      [
       22.5741613,
       58.841217
      ],
      [
       22.557869,
       58.849096
      ],
      [
       22.5424753,
       58.8574465
      ],
      [
       22.5280315,
       58.8662408
      ],
      [
       22.5145859,
       58.87545
      ],
      [
       22.5021837,
       58.8850437
      ],
      [
       22.4908667,
       58.8949903
      ],
      [
       22.4806733,
       58.9052568
      ],
      [
       22.4716381,
       58.9158095
      ],
      [
       22.4637922,
       58.9266132
      ],
      [
       22.4571626,
       58.9376323
      ],
      [
       22.4517725,
       58.9488302
      ],
      [
       22.447641,
       58.9601697
      ],
      [
       22.4447832,
       58.9716133
      ],
      [
       22.4432096,
       58.9831227
      ],
      [
       22.442927,
       58.9946598
      ],
      [
       22.4439374,
       59.006186
      ],
      [
       22.446239,
       59.017663
      ],
      [
       22.4498251,
       59.0290524
      ],
      [
       22.4546852,
       59.0403161
      ],
      [
       22.4608043,
       59.0514166
      ],
      [
       22.4681629,
       59.0623165
      ],
      [
       22.4767378,
       59.0729794
      ],
      [
       22.4865011,
       59.0833695
      ],
      [
       22.4974212,
       59.0934519
      ],
      [
       22.5094624,
       59.1031927
      ],
      [
       22.5225851,
       59.1125592
      ],
      [
       22.536746,
       59.1215199
      ],
      [
       22.5518981,
       59.1300444
      ],
      [
       22.5679912,
       59.1381041
      ],
      [
       22.5849716,
       59.1456719
      ],
      [
       22.6027824,
       59.152722
      ],
      [
       22.6213641,
       59.1592308
      ],
      [
       22.6406541,
       59.1651762
      ],
      [
       22.6605877,
       59.170538
      ],
      [
       22.6810975,
       59.1752982
      ],
      [
       22.7021145,
       59.1794407
      ],
      [
       22.7235676,
       59.1829513
      ],
      [
       22.7453841,
       59.1858182
      ],
      [
       22.7674904,
       59.1880318
      ],
      [
       22.7898113,
       59.1895844
      ],
      [
       22.8122714,
       59.1904708
      ],
      [
       22.8308333,
       59.1906983
      ]
     ]
    ]
   }
  },
  {
   "type": "Feature",
   "properties": {
    "ll": {
     "value": 0,
     "unit": 1,
     "referenceDatum": 0
    },
    "ul": {
     "value": 5000,
     "unit": 1,
     "referenceDatum": 0
    },
    "_id": "626148e01eacded7b7bb5a9e",
    "name": "KURESSAARE FIZ/RMZ",
    "type": 6,
    "icao": 7,
    "bnd": [
     [
      57.9635229,
      22.0034015
     ],
     [
      58.4964867,
      23.015542
     ]
    ]
   },
   "geometry": {
    "type": "Polygon",
    "coordinates": [
     [
      [
       22.5094444,
       58.4964867
      ],
      [
       22.5349328,
       58.4961511
      ],
      [
       22.560356,
       58.4951452
      ],
      [
       22.585649,
       58.4934716
      ],
      [
       22.6107472,
       58.4911346
      ],
      [
       22.6355866,
       58.48814
      ],
      [
       22.6601037,
       58.4844957
      ],
      [
       22.684236,
       58.4802108
      ],
      [
       22.707922,
       58.4752964
      ],
      [
       22.7311015,
       58.469765
      ],
      [
       22.7537155,
       58.4636306
      ],
      [
       22.7757068,
       58.456909
      ],
      [
       22.7970197,
       58.4496173
      ],
      [
       22.8176002,
       58.441774
      ],
      [
       22.8373966,
       58.4333991
      ],
      [
       22.856359,
       58.4245139
      ],
      [
       22.8744399,
       58.415141
      ],
      [
       22.891594,
       58.4053043
      ],
      [
       22.9077787,
       58.3950286
      ],
      [
       22.9229538,
       58.38434
      ],
      [
       22.9370817,
       58.3732657
      ],
      [
       22.9501277,
       58.3618336
      ],
      [
       22.9620599,
       58.3500726
      ],
      [
       22.9728492,
       58.3380126
      ],
      [
       22.9824697,
       58.3256838
      ],
      [
       22.9908982,
       58.3131174
      ],
      [
       22.998115,
       58.300345
      ],
      [
       23.004103,
       58.2873988
      ],
      [
       23.0088486,
       58.2743112
      ],
      [
       23.0123414,
       58.2611152
      ],
      [
       23.0145739,
       58.2478439
      ],
      [
       23.015542,
       58.2345304
      ],
      [
       23.0152446,
       58.2212081
      ],
      [
       23.013684,
       58.2079102
      ],
      [
       23.0108654,
       58.19467
      ],
      [
       23.0067973,
       58.1815205
      ],
      [
       23.0014912,
       58.1684943
      ],
      [
       22.9949616,
       58.155624
      ],
      [
       22.9872261,
       58.1429416
      ],
      [
       22.9783052,
       58.1304784
      ],
      [
       22.9682222,
       58.1182654
      ],
      [
       22.9570032,
       58.1063328
      ],
      [
       22.9446772,
       58.0947103
      ],
      [
       22.9312757,
       58.0834264
      ],
      [
       22.9168328,
       58.0725092
      ],
      [
       22.9013851,
       58.0619854
      ],
      [
       22.8849715,
       58.0518812
      ],
      [
       22.8676332,
       58.0422213
      ],
      [
       22.8494137,
       58.0330295
      ],
      [
       22.8303585,
       58.0243285
      ],
      [
       22.8105149,
       58.0161396
      ],
      [
       22.7899322,
       58.008483
      ],
      [
       22.7686613,
       58.0013773
      ],
      [
       22.7467549,
       57.9948402
      ],
      [
       22.724267,
       57.9888875
      ],
      [
       22.7012529,
       57.9835339
      ],
      [
       22.6777692,
       57.9787925
      ],
      [
       22.6538736,
       57.9746748
      ],
      [
       22.6296246,
       57.971191
      ],
      [
       22.6050817,
       57.9683496
      ],
      [
       22.580305,
       57.9661575
      ],
      [
       22.555355,
       57.9646202
      ],
      [
       22.5302928,
       57.9637412
      ],
      [
       22.5051797,
       57.9635229
      ],
      [
       22.480077,
       57.9639657
      ],
      [
       22.455046,
       57.9650685
      ],
      [
       22.4301481,
       57.9668287
      ],
      [
       22.405444,
       57.969242
      ],
      [
       22.3809942,
       57.9723024
      ],
      [
       22.3568586,
       57.9760024
      ],
      [
       22.3330963,
       57.9803331
      ],
      [
       22.3097657,
       57.9852838
      ],
      [
       22.2869239,
       57.9908424
      ],
      [
       22.2646273,
       57.9969952
      ],
      [
       22.2429308,
       58.0037273
      ],
      [
       22.2218878,
       58.011022
      ],
      [
       22.2015504,
       58.0188616
      ],
      [
       22.1819691,
       58.0272267
      ],
      [
       22.1631924,
       58.0360968
      ],
      [
       22.1452671,
       58.0454501
      ],
      [
       22.1282381,
       58.0552636
      ],
      [
       22.112148,
       58.0655132
      ],
      [
       22.0970372,
       58.0761735
      ],
      [
       22.0829439,
       58.0872183
      ],
      [
       22.0699039,
       58.0986203
      ],
      [
       22.0579504,
       58.1103514
      ],
      [
       22.0471141,
       58.1223826
      ],
      [
       22.0374229,
       58.1346839
      ],
      [
       22.028902,
       58.1472251
      ],
      [
       22.0215739,
       58.1599749
      ],
      [
       22.0154579,
       58.1729017
      ],
      [
       22.0105707,
       58.1859734
      ],
      [
       22.0069258,
       58.1991574
      ],
      [
       22.0045336,
       58.2124209
      ],
      [
       22.0034015,
       58.2257308
      ],
      [
       22.0035337,
       58.2390539
      ],
      [
       22.0049314,
       58.2523568
      ],
      [
       22.0075925,
       58.2656063
      ],
      [
       22.0115117,
       58.2787691
      ],
      [
       22.0166805,
       58.2918123
      ],
      [
       22.0230875,
       58.3047032
      ],
      [
       22.0307178,
       58.3174092
      ],
      [
       22.0395534,
       58.3298984
      ],
      [
       22.0495735,
       58.3421394
      ],
      [
       22.060754,
       58.3541013
      ],
      [
       22.0730678,
       58.3657539
      ],
      [
       22.0864849,
       58.3770677
      ],
      [
       22.1009725,
       58.3880141
      ],
      [
       22.1164947,
       58.3985655
      ],
      [
       22.1330132,
       58.408695
      ],
      [
       22.150487,
       58.418377
      ],
      [
       22.1688724,
       58.4275869
      ],
      [
       22.1881234,
       58.4363012
      ],
      [
       22.2081917,
       58.4444979
      ],
      [
       22.2290269,
       58.4521561
      ],
      [
       22.2505762,
       58.4592563
      ],
      [
       22.2727853,
       58.4657803
      ],
      [
       22.2955979,
       58.4717116
      ],
      [
       22.3189561,
       58.477035
      ],
      [
       22.3428005,
       58.481737
      ],
      [
       22.3670704,
       58.4858055
      ],
      [
       22.3917039,
       58.4892302
      ],
      [
       22.4166384,
       58.4920022
      ],
      [
       22.44181,
       58.4941145
      ],
      [
       22.4671544,
       58.4955618
      ],
      [
       22.492607,
       58.4963403
      ],
      [
       22.5094444,
       58.4964867
      ]
     ]
    ]
   }
  },
  {
   "type": "Feature",
   "properties": {
    "ll": {
     "value": 0,
     "unit": 1,
     "referenceDatum": 0
    },
    "ul": {
     "value": 130,
     "unit": 6,
     "referenceDatum": 2
    },
    "_id": "626148e01eacded7b7bb5aab",
    "name": "KUUSIKU PARACHUTE",
    "type": 21,
    "icao": 7,
    "bnd": [
     [
      58.886531,
      24.5305331
     ],
     [
      59.0863214,
      24.9183712
     ]
    ]
   },
   "geometry": {
    "type": "Polygon",
    "coordinates": [
     [
      [
       24.7244444,
       59.0863214
      ],
      [
       24.74031,
       59.0859874
      ],
      [
       24.7560689,
       59.0849879
      ],
      [
       24.7716153,
       59.0833294
      ],
      [
       24.7868447,
       59.0810232
      ],
      [
       24.8016547,
       59.0780847
      ],
      [
       24.8159462,
       59.0745336
      ],
      [
       24.8296232,
       59.0703939
      ],
      [
       24.8425942,
       59.0656933
      ],
      [
       24.8547723,
       59.0604634
      ],
      [
       24.8660764,
       59.0547392
      ],
      [
       24.8764311,
       59.0485592
      ],
      [
       24.8857674,
       59.0419647
      ],
      [
       24.8940235,
       59.0349999
      ],
      [
       24.9011448,
       59.0277115
      ],
      [
       24.9070843,
       59.0201482
      ],
      [
       24.9118032,
       59.0123605
      ],
      [
       24.9152707,
       59.0044005
      ],
      [
       24.9174646,
       58.9963214
      ],
      [
       24.9183712,
       58.9881771
      ],
      [
       24.9179852,
       58.9800217
      ],
      [
       24.9163102,
       58.9719098
      ],
      [
       24.9133583,
       58.9638952
      ],
      [
       24.90915,
       58.9560314
      ],
      [
       24.9037141,
       58.9483705
      ],
      [
       24.8970875,
       58.9409636
      ],
      [
       24.8893149,
       58.9338597
      ],
      [
       24.8804487,
       58.927106
      ],
      [
       24.8705482,
       58.9207473
      ],
      [
       24.8596797,
       58.9148258
      ],
      [
       24.8479155,
       58.9093806
      ],
      [
       24.835334,
       58.9044478
      ],
      [
       24.8220189,
       58.9000601
      ],
      [
       24.8080583,
       58.8962465
      ],
      [
       24.7935449,
       58.8930322
      ],
      [
       24.7785748,
       58.8904385
      ],
      [
       24.7632469,
       58.8884825
      ],
      [
       24.7476626,
       58.8871771
      ],
      [
       24.7319249,
       58.886531
      ],
      [
       24.7161379,
       58.8865484
      ],
      [
       24.7004057,
       58.8872291
      ],
      [
       24.6848323,
       58.8885689
      ],
      [
       24.6695206,
       58.8905586
      ],
      [
       24.6545719,
       58.8931853
      ],
      [
       24.6400851,
       58.8964315
      ],
      [
       24.6261561,
       58.9002758
      ],
      [
       24.6128772,
       58.9046928
      ],
      [
       24.6003365,
       58.9096532
      ],
      [
       24.5886173,
       58.9151243
      ],
      [
       24.5777977,
       58.9210697
      ],
      [
       24.5679498,
       58.9274502
      ],
      [
       24.5591394,
       58.9342233
      ],
      [
       24.5514257,
       58.9413442
      ],
      [
       24.5448603,
       58.9487657
      ],
      [
       24.5394878,
       58.9564385
      ],
      [
       24.5353446,
       58.9643115
      ],
      [
       24.5324591,
       58.9723325
      ],
      [
       24.5308514,
       58.9804481
      ],
      [
       24.5305331,
       58.9886042
      ],
      [
       24.5315073,
       58.9967465
      ],
      [
       24.5337683,
       59.0048207
      ],
      [
       24.537302,
       59.012773
      ],
      [
       24.5420856,
       59.0205501
      ],
      [
       24.548088,
       59.0281003
      ],
      [
       24.5552699,
       59.035373
      ],
      [
       24.563584,
       59.0423195
      ],
      [
       24.5729752,
       59.0488934
      ],
      [
       24.5833814,
       59.0550506
      ],
      [
       24.5947331,
       59.0607498
      ],
      [
       24.6069549,
       59.0659528
      ],
      [
       24.619965,
       59.0706248
      ],
      [
       24.6336765,
       59.0747344
      ],
      [
       24.6479975,
       59.0782539
      ],
      [
       24.662832,
       59.0811597
      ],
      [
       24.6780806,
       59.0834324
      ],
      [
       24.6936407,
       59.0850566
      ],
      [
       24.7094078,
       59.0860215
      ],
      [
       24.7244444,
       59.0863214
      ]
     ]
    ]
   }
  },
  {
   "type": "Feature",
   "properties": {
    "ll": {
     "value": 0,
     "unit": 1,
     "referenceDatum": 0
    },
    "ul": {
     "value": 80,
     "unit": 6,
     "referenceDatum": 2
    },
    "_id": "626148e01eacded7b7bb5ab9",
    "name": "NARVA PARACHUTE",
    "type": 21,
    "icao": 7,
    "bnd": [
     [
      59.3689685,
      28.0708547
     ],
     [
      59.4105415,
      28.15252
     ]
    ]
   },
   "geometry": {
    "type": "Polygon",
    "coordinates": [
     [
      [
       28.1116667,
       59.4105415
      ],
      [
       28.1189485,
       59.4102088
      ],
      [
       28.1259974,
       59.4092216
      ],
      [
       28.1325879,
       59.4076112
      ],
      [
       28.1385091,
       59.4054293
      ],
      [
       28.143572,
       59.4027456
      ],
      [
       28.1476147,
       59.399646
      ],
      [
       28.1505084,
       59.3962295
      ],
      [
       28.152161,
       59.3926054
      ],
      [
       28.15252,
       59.3888893
      ],
      [
       28.1515744,
       59.3852001
      ],
      [
       28.1493548,
       59.3816554
      ],
      [
       28.1459325,
       59.3783685
      ],
      [
       28.1414169,
       59.3754442
      ],
      [
       28.1359524,
       59.3729758
      ],
      [
       28.1297135,
       59.371042
      ],
      [
       28.1228992,
       59.3697045
      ],
      [
       28.1157267,
       59.3690059
      ],
      [
       28.1084249,
       59.3689685
      ],
      [
       28.1012264,
       59.3695935
      ],
      [
       28.0943607,
       59.370861
      ],
      [
       28.0880468,
       59.3727305
      ],
      [
       28.0824861,
       59.3751425
      ],
      [
       28.0778561,
       59.37802
      ],
      [
       28.0743048,
       59.3812712
      ],
      [
       28.0719458,
       59.3847925
      ],
      [
       28.0708547,
       59.3884713
      ],
      [
       28.0710669,
       59.3921902
      ],
      [
       28.072576,
       59.3958306
      ],
      [
       28.0753341,
       59.399276
      ],
      [
       28.0792536,
       59.4024164
      ],
      [
       28.0842093,
       59.4051513
      ],
      [
       28.0900431,
       59.4073934
      ],
      [
       28.0965685,
       59.4090709
      ],
      [
       28.1035769,
       59.4101302
      ],
      [
       28.1108441,
       59.4105373
      ],
      [
       28.1116667,
       59.4105415
      ]
     ]
    ]
   }
  },
  {
   "type": "Feature",
   "properties": {
    "ll": {
     "value": 0,
     "unit": 1,
     "referenceDatum": 0
    },
    "ul": {
     "value": 130,
     "unit": 6,
     "referenceDatum": 2
    },
    "_id": "626148e01eacded7b7bb5ac7",
    "name": "NURMSI PARACHUTE",
    "type": 21,
    "icao": 7,
    "bnd": [
     [
      58.7629199,
      25.5542817
     ],
     [
      58.9627103,
      25.9407337
     ]
    ]
   },
   "geometry": {
    "type": "Polygon",
    "coordinates": [
     [
      [
       25.7475,
       58.9627103
      ],
      [
       25.7633086,
       58.9623763
      ],
      [
       25.779011,
       58.9613768
      ],
      [
       25.7945016,
       58.9597183
      ],
      [
       25.8096764,
       58.9574121
      ],
      [
       25.8244334,
       58.9544737
      ],
      [
       25.8386736,
       58.9509227
      ],
      [
       25.8523017,
       58.946783
      ],
      [
       25.8652262,
       58.9420825
      ],
      [
       25.8773608,
       58.9368526
      ],
      [
       25.8886245,
       58.9311285
      ],
      [
       25.8989422,
       58.9249485
      ],
      [
       25.9082452,
       58.9183541
      ],
      [
       25.9164719,
       58.9113893
      ],
      [
       25.9235679,
       58.904101
      ],
      [
       25.9294863,
       58.8965377
      ],
      [
       25.9341885,
       58.88875
      ],
      [
       25.9376439,
       58.8807901
      ],
      [
       25.9398301,
       58.872711
      ],
      [
       25.9407337,
       58.8645666
      ],
      [
       25.9403493,
       58.8564113
      ],
      [
       25.9386806,
       58.8482994
      ],
      [
       25.9357394,
       58.8402848
      ],
      [
       25.9315463,
       58.8324209
      ],
      [
       25.92613,
       58.82476
      ],
      [
       25.9195272,
       58.817353
      ],
      [
       25.9117825,
       58.8102491
      ],
      [
       25.9029481,
       58.8034953
      ],
      [
       25.893083,
       58.7971366
      ],
      [
       25.8822533,
       58.791215
      ],
      [
       25.8705312,
       58.7857698
      ],
      [
       25.8579946,
       58.7808369
      ],
      [
       25.8447269,
       58.7764492
      ],
      [
       25.8308161,
       58.7726355
      ],
      [
       25.8163545,
       58.7694212
      ],
      [
       25.8014376,
       58.7668275
      ],
      [
       25.7861643,
       58.7648714
      ],
      [
       25.7706355,
       58.763566
      ],
      [
       25.7549539,
       58.7629199
      ],
      [
       25.739223,
       58.7629372
      ],
      [
       25.7235468,
       58.763618
      ],
      [
       25.7080288,
       58.7649578
      ],
      [
       25.6927717,
       58.7669476
      ],
      [
       25.6778763,
       58.7695743
      ],
      [
       25.6634411,
       58.7728205
      ],
      [
       25.6495617,
       58.7766649
      ],
      [
       25.6363301,
       58.7810819
      ],
      [
       25.6238342,
       58.7860424
      ],
      [
       25.6121569,
       58.7915135
      ],
      [
       25.601376,
       58.797459
      ],
      [
       25.5915633,
       58.8038395
      ],
      [
       25.5827845,
       58.8106127
      ],
      [
       25.5750984,
       58.8177337
      ],
      [
       25.5685567,
       58.8251552
      ],
      [
       25.5632035,
       58.832828
      ],
      [
       25.5590753,
       58.8407011
      ],
      [
       25.5562004,
       58.8487221
      ],
      [
       25.5545986,
       58.8568377
      ],
      [
       25.5542817,
       58.8649938
      ],
      [
       25.5552526,
       58.8731361
      ],
      [
       25.5575057,
       58.8812103
      ],
      [
       25.561027,
       58.8891625
      ],
      [
       25.5657937,
       58.8969397
      ],
      [
       25.5717748,
       58.9044898
      ],
      [
       25.5789312,
       58.9117624
      ],
      [
       25.5872156,
       58.9187089
      ],
      [
       25.5965734,
       58.9252827
      ],
      [
       25.6069424,
       58.9314398
      ],
      [
       25.6182536,
       58.937139
      ],
      [
       25.6304316,
       58.942342
      ],
      [
       25.6433952,
       58.9470139
      ],
      [
       25.6570575,
       58.9511234
      ],
      [
       25.6713272,
       58.9546429
      ],
      [
       25.6861086,
       58.9575487
      ],
      [
       25.7013024,
       58.9598213
      ],
      [
       25.7168067,
       58.9614455
      ],
      [
       25.7325173,
       58.9624104
      ],
      [
       25.7475,
       58.9627103
      ]
     ]
    ]
   }
  },
  {
   "type": "Feature",
   "properties": {
    "ll": {
     "value": 0,
     "unit": 1,
     "referenceDatum": 0
    },
    "ul": {
     "value": 5000,
     "unit": 1,
     "referenceDatum": 0
    },
    "_id": "626148e01eacded7b7bb5ad2",
    "name": "PÄRNU FIZ/RMZ",
    "type": 6,
    "icao": 7,
    "bnd": [
     [
      58.1857303,
      24.0275825
     ],
     [
      58.6520647,
      24.9179799
     ]
    ]
   },
   "geometry": {
    "type": "Polygon",
    "coordinates": [
     [
      [
       24.4727778,
       58.6520647
      ],
      [
       24.4967248,
       58.6517294
      ],
      [
       24.5206021,
       58.6507246
      ],
      [
       24.54434,
       58.6490532
      ],
      [
       24.5678694,
       58.6467199
      ],
      [
       24.5911218,
       58.6437317
      ],
      [
       24.6140297,
       58.6400973
      ],
      [
       24.6365263,
       58.6358272
      ],
      [
       24.6585465,
       58.6309338
      ],
      [
       24.6800263,
       58.6254314
      ],
      [
       24.7009035,
       58.619336
      ],
      [
       24.7211178,
       58.6126653
      ],
      [
       24.740611,
       58.6054387
      ],
      [
       24.7593267,
       58.5976771
      ],
      [
       24.7772114,
       58.5894032
      ],
      [
       24.7942137,
       58.5806408
      ],
      [
       24.810285,
       58.5714154
      ],
      [
       24.8253796,
       58.5617536
      ],
      [
       24.8394547,
       58.5516835
      ],
      [
       24.8524704,
       58.5412341
      ],
      [
       24.8643902,
       58.5304356
      ],
      [
       24.8751807,
       58.5193192
      ],
      [
       24.8848118,
       58.5079168
      ],
      [
       24.8932569,
       58.4962614
      ],
      [
       24.9004931,
       58.4843865
      ],
      [
       24.9065007,
       58.4723262
      ],
      [
       24.9112637,
       58.460115
      ],
      [
       24.9147697,
       58.4477881
      ],
      [
       24.9170102,
       58.4353808
      ],
      [
       24.9179799,
       58.4229285
      ],
      [
       24.9176775,
       58.4104669
      ],
      [
       24.9161052,
       58.3980315
      ],
      [
       24.9132687,
       58.3856579
      ],
      [
       24.9091776,
       58.3733812
      ],
      [
       24.9038447,
       58.3612365
      ],
      [
       24.8972865,
       58.3492583
      ],
      [
       24.8895229,
       58.3374806
      ],
      [
       24.8805771,
       58.3259368
      ],
      [
       24.8704755,
       58.3146596
      ],
      [
       24.859248,
       58.3036811
      ],
      [
       24.8469273,
       58.2930323
      ],
      [
       24.8335491,
       58.2827432
      ],
      [
       24.8191523,
       58.272843
      ],
      [
       24.8037782,
       58.2633596
      ],
      [
       24.7874711,
       58.2543197
      ],
      [
       24.7702774,
       58.2457489
      ],
      [
       24.7522464,
       58.2376712
      ],
      [
       24.7334292,
       58.2301094
      ],
      [
       24.7138793,
       58.2230847
      ],
      [
       24.693652,
       58.2166169
      ],
      [
       24.6728046,
       58.2107242
      ],
      [
       24.6513957,
       58.205423
      ],
      [
       24.6294857,
       58.2007284
      ],
      [
       24.6071363,
       58.1966534
      ],
      [
       24.5844103,
       58.1932094
      ],
      [
       24.5613714,
       58.1904062
      ],
      [
       24.5380844,
       58.1882516
      ],
      [
       24.5146143,
       58.1867515
      ],
      [
       24.4910271,
       58.1859103
      ],
      [
       24.4673888,
       58.1857303
      ],
      [
       24.4437655,
       58.1862119
      ],
      [
       24.4202236,
       58.1873538
      ],
      [
       24.3968288,
       58.1891529
      ],
      [
       24.3736468,
       58.1916041
      ],
      [
       24.3507426,
       58.1947005
      ],
      [
       24.3281804,
       58.1984334
      ],
      [
       24.3060236,
       58.2027924
      ],
      [
       24.2843345,
       58.2077653
      ],
      [
       24.2631742,
       58.2133381
      ],
      [
       24.2426022,
       58.2194951
      ],
      [
       24.2226767,
       58.2262191
      ],
      [
       24.2034541,
       58.2334912
      ],
      [
       24.1849888,
       58.2412909
      ],
      [
       24.1673333,
       58.2495963
      ],
      [
       24.1505378,
       58.258384
      ],
      [
       24.1346504,
       58.2676293
      ],
      [
       24.1197165,
       58.2773061
      ],
      [
       24.1057791,
       58.2873871
      ],
      [
       24.0928783,
       58.2978439
      ],
      [
       24.0810517,
       58.3086468
      ],
      [
       24.0703336,
       58.3197653
      ],
      [
       24.0607554,
       58.3311681
      ],
      [
       24.0523454,
       58.3428226
      ],
      [
       24.0451286,
       58.3546959
      ],
      [
       24.0391267,
       58.3667543
      ],
      [
       24.0343581,
       58.3789635
      ],
      [
       24.0308375,
       58.3912887
      ],
      [
       24.0285764,
       58.4036949
      ],
      [
       24.0275825,
       58.4161466
      ],
      [
       24.0278599,
       58.4286084
      ],
      [
       24.0294093,
       58.4410446
      ],
      [
       24.0322276,
       58.4534197
      ],
      [
       24.0363079,
       58.4656981
      ],
      [
       24.04164,
       58.4778449
      ],
      [
       24.0482099,
       58.4898249
      ],
      [
       24.0559998,
       58.501604
      ],
      [
       24.0649887,
       58.5131481
      ],
      [
       24.0751518,
       58.5244242
      ],
      [
       24.086461,
       58.5353996
      ],
      [
       24.0988847,
       58.5460428
      ],
      [
       24.1123881,
       58.5563229
      ],
      [
       24.1269331,
       58.5662104
      ],
      [
       24.1424785,
       58.5756767
      ],
      [
       24.15898,
       58.5846942
      ],
      [
       24.1763907,
       58.593237
      ],
      [
       24.1946608,
       58.6012803
      ],
      [
       24.2137377,
       58.6088007
      ],
      [
       24.2335667,
       58.6157764
      ],
      [
       24.2540906,
       58.6221871
      ],
      [
       24.2752502,
       58.6280143
      ],
      [
       24.2969841,
       58.6332409
      ],
      [
       24.3192295,
       58.6378519
      ],
      [
       24.3419217,
       58.6418336
      ],
      [
       24.364995,
       58.6451747
      ],
      [
       24.3883822,
       58.6478653
      ],
      [
       24.4120152,
       58.6498975
      ],
      [
       24.4358252,
       58.6512656
      ],
      [
       24.4597429,
       58.6519654
      ],
      [
       24.4727778,
       58.6520647
      ]
     ]
    ]
   }
  },
  {
   "type": "Feature",
   "properties": {
    "ll": {
     "value": 0,
     "unit": 1,
     "referenceDatum": 0
    },
    "ul": {
     "value": 3000,
     "unit": 1,
     "referenceDatum": 0
    },
    "_id": "626148e01eacded7b7bb5ae0",
    "name": "RAPLA ATZ",
    "type": 6,
    "icao": 7,
    "bnd": [
     [
      58.886531,
      24.5305331
     ],
     [
      59.0863214,
      24.9183712
     ]
    ]
   },
   "geometry": {
    "type": "Polygon",
    "coordinates": [
     [
      [
       24.7244444,
       59.0863214
      ],
      [
       24.74031,
       59.0859874
      ],
      [
       24.7560689,
       59.0849879
      ],
      [
       24.7716153,
       59.0833294
      ],
      [
       24.7868447,
       59.0810232
      ],
      [
       24.8016547,
       59.0780847
      ],
      [
       24.8159462,
       59.0745336
      ],
      [
       24.8296232,
       59.0703939
      ],
      [
       24.8425942,
       59.0656933
      ],
      [
       24.8547723,
       59.0604634
      ],
      [
       24.8660764,
       59.0547392
      ],
      [
       24.8764311,
       59.0485592
      ],
      [
       24.8857674,
       59.0419647
      ],
      [
       24.8940235,
       59.0349999
      ],
      [
       24.9011448,
       59.0277115
      ],
      [
       24.9070843,
       59.0201482
      ],
      [
       24.9118032,
       59.0123605
      ],
      [
       24.9152707,
       59.0044005
      ],
      [
       24.9174646,
       58.9963214
      ],
      [
       24.9183712,
       58.9881771
      ],
      [
       24.9179852,
       58.9800217
      ],
      [
       24.9163102,
       58.9719098
      ],
      [
       24.9133583,
       58.9638952
      ],
      [
       24.90915,
       58.9560314
      ],
      [
       24.9037141,
       58.9483705
      ],
      [
       24.8970875,
       58.9409636
      ],
      [
       24.8893149,
       58.9338597
      ],
      [
       24.8804487,
       58.927106
      ],
      [
       24.8705482,
       58.9207473
      ],
      [
       24.8596797,
       58.9148258
      ],
      [
       24.8479155,
       58.9093806
      ],
      [
       24.835334,
       58.9044478
      ],
      [
       24.8220189,
       58.9000601
      ],
      [
       24.8080583,
       58.8962465
      ],
      [
       24.7935449,
       58.8930322
      ],
      [
       24.7785748,
       58.8904385
      ],
      [
       24.7632469,
       58.8884825
      ],
      [
       24.7476626,
       58.8871771
      ],
      [
       24.7319249,
       58.886531
      ],
      [
       24.7161379,
       58.8865484
      ],
      [
       24.7004057,
       58.8872291
      ],
      [
       24.6848323,
       58.8885689
      ],
      [
       24.6695206,
       58.8905586
      ],
      [
       24.6545719,
       58.8931853
      ],
      [
       24.6400851,
       58.8964315
      ],
      [
       24.6261561,
       58.9002758
      ],
      [
       24.6128772,
       58.9046928
      ],
      [
       24.6003365,
       58.9096532
      ],
      [
       24.5886173,
       58.9151243
      ],
      [
       24.5777977,
       58.9210697
      ],
      [
       24.5679498,
       58.9274502
      ],
      [
       24.5591394,
       58.9342233
      ],
      [
       24.5514257,
       58.9413442
      ],
      [
       24.5448603,
       58.9487657
      ],
      [
       24.5394878,
       58.9564385
      ],
      [
       24.5353446,
       58.9643115
      ],
      [
       24.5324591,
       58.9723325
      ],
      [
       24.5308514,
       58.9804481
      ],
      [
       24.5305331,
       58.9886042
      ],
      [
       24.5315073,
       58.9967465
      ],
      [
       24.5337683,
       59.0048207
      ],
      [
       24.537302,
       59.012773
      ],
      [
       24.5420856,
       59.0205501
      ],
      [
       24.548088,
       59.0281003
      ],
      [
       24.5552699,
       59.035373
      ],
      [
       24.563584,
       59.0423195
      ],
      [
       24.5729752,
       59.0488934
      ],
      [
       24.5833814,
       59.0550506
      ],
      [
       24.5947331,
       59.0607498
      ],
      [
       24.6069549,
       59.0659528
      ],
      [
       24.619965,
       59.0706248
      ],
      [
       24.6336765,
       59.0747344
      ],
      [
       24.6479975,
       59.0782539
      ],
      [
       24.662832,
       59.0811597
      ],
      [
       24.6780806,
       59.0834324
      ],
      [
       24.6936407,
       59.0850566
      ],
      [
       24.7094078,
       59.0860215
      ],
      [
       24.7244444,
       59.0863214
      ]
     ]
    ]
   }
  },
  {
   "type": "Feature",
   "properties": {
    "ll": {
     "value": 500,
     "unit": 1,
     "referenceDatum": 0
    },
    "ul": {
     "value": 2000,
     "unit": 1,
     "referenceDatum": 0
    },
    "_id": "626148e01eacded7b7bb5aec",
    "name": "S - SOUTH",
    "type": 1,
    "icao": 7,
    "bnd": [
     [
      57.7822222,
      24.3813889
     ],
     [
      58.9177778,
      26.1344444
     ]
    ]
   },
   "geometry": {
    "type": "Polygon",
    "coordinates": [
     [
      [
       24.8461111,
       58.5452778
      ],
      [
       25.6125,
       58.9177778
      ],
      [
       25.9897222,
       58.6630556
      ],
      [
       25.9672222,
       58.6108333
      ],
      [
       25.8352778,
       58.6188889
      ],
      [
       25.8155556,
       58.575
      ],
      [
       25.9352778,
       58.5533333
      ],
      [
       26.0536111,
       58.0211111
      ],
      [
       26.1344444,
       57.8519444
      ],
      [
       26.0266667,
       57.7822222
      ],
      [
       25.2494444,
       58.0641667
      ],
      [
       24.3813889,
       57.8744444
      ],
      [
       24.4919444,
       58.1863889
      ],
      [
       24.6536111,
       58.1986111
      ],
      [
       24.8127778,
       58.2611111
      ],
      [
       24.9030556,
       58.3405556
      ],
      [
       24.9247222,
       58.4533333
      ],
      [
       24.8461111,
       58.5452778
      ]
     ]
    ]
   }
  },
  {
   "type": "Feature",
   "properties": {
    "ll": {
     "value": 500,
     "unit": 1,
     "referenceDatum": 0
    },
    "ul": {
     "value": 2000,
     "unit": 1,
     "referenceDatum": 0
    },
    "_id": "626148e01eacded7b7bb5afa",
    "name": "SW - SOUTH-WEST",
    "type": 1,
    "icao": 7,
    "bnd": [
     [
      57.8744444,
      22.7075
     ],
     [
      58.4447222,
      24.4919444
     ]
    ]
   },
   "geometry": {
    "type": "Polygon",
    "coordinates": [
     [
      [
       24.4919444,
       58.1863889
      ],
      [
       24.3813889,
       57.8744444
      ],
      [
       24.3333333,
       57.8833333
      ],
      [
       22.7075,
       57.9408333
      ],
      [
       22.7911111,
       58.0094444
      ],
      [
       23.0061111,
       58.1844444
      ],
      [
       23.3311111,
       58.4447222
      ],
      [
       23.6788889,
       58.4438889
      ],
      [
       24.1555556,
       58.2563889
      ],
      [
       24.4919444,
       58.1863889
      ]
     ]
    ]
   }
  },
  {
   "type": "Feature",
   "properties": {
    "ll": {
     "value": 0,
     "unit": 1,
     "referenceDatum": 0
    },
    "ul": {
     "value": 1700,
     "unit": 1,
     "referenceDatum": 0
    },
    "_id": "626148e11eacded7b7bb5b06",
    "name": "TALLINN CTR",
    "type": 4,
    "icao": 3,
    "bnd": [
     [
      59.2883333,
      24.5097222
     ],
     [
      59.5408333,
      25.1927778
     ]
    ]
   },
   "geometry": {
    "type": "Polygon",
    "coordinates": [
     [
      [
       24.5097222,
       59.5005556
      ],
      [
       24.5641667,
       59.5408333
      ],
      [
       24.9677778,
       59.5283333
      ],
      [
       25.1927778,
       59.5033333
      ],
      [
       25.1861111,
       59.3216667
      ],
      [
       24.9761111,
       59.2883333
      ],
      [
       24.6594444,
       59.3
      ],
      [
       24.5419444,
       59.3188889
      ],
      [
       24.5122222,
       59.365
      ],
      [
       24.5097222,
       59.5005556
      ]
     ]
    ]
   }
  },
  {
   "type": "Feature",
   "properties": {
    "ll": {
     "value": 0,
     "unit": 1,
     "referenceDatum": 0
    },
    "ul": {
     "value": 1700,
     "unit": 1,
     "referenceDatum": 1
    },
    "_id": "62e50b27f9c1273aea4c5a4d",
    "name": "TALLINN INSTR APRCH AREA",
    "type": 4,
    "icao": 2,
    "bnd": [
     [
      59.3644444,
      24.5105556
     ],
     [
      59.4555556,
      25.1911111
     ]
    ]
   },
   "geometry": {
    "type": "Polygon",
    "coordinates": [
     [
      [
       24.8369444,
       59.4275
      ],
      [
       25.1911111,
       59.4555556
      ],
      [
       25.1875,
       59.3644444
      ],
      [
       24.8369444,
       59.3980556
      ],
      [
       24.5122222,
       59.3666667
      ],
      [
       24.5105556,
       59.4555556
      ],
      [
       24.8369444,
       59.4275
      ]
     ]
    ]
   }
  },
  {
   "type": "Feature",
   "properties": {
    "ll": {
     "value": 1700,
     "unit": 1,
     "referenceDatum": 0
    },
    "ul": {
     "value": 2500,
     "unit": 1,
     "referenceDatum": 0
    },
    "_id": "626148e11eacded7b7bb5b16",
    "name": "TALLINN TMA 1 EEEI",
    "type": 0,
    "icao": 2,
    "bnd": [
     [
      58.9203949,
      23.5437833
     ],
     [
      59.7506673,
      25.495795
     ]
    ]
   },
   "geometry": {
    "type": "Polygon",
    "coordinates": [
     [
      [
       24.5375,
       58.9652778
      ],
      [
       24.5118256,
       58.9581245
      ],
      [
       24.4855725,
       58.9515588
      ],
      [
       24.4587912,
       58.9455933
      ],
      [
       24.4315329,
       58.9402393
      ],
      [
       24.4038498,
       58.9355071
      ],
      [
       24.3757948,
       58.9314057
      ],
      [
       24.3474214,
       58.9279429
      ],
      [
       24.3187838,
       58.9251252
      ],
      [
       24.2899366,
       58.9229581
      ],
      [
       24.2609346,
       58.9214456
      ],
      [
       24.2318331,
       58.9205907
      ],
      [
       24.2026874,
       58.9203949
      ],
      [
       24.173553,
       58.9208587
      ],
      [
       24.1444853,
       58.9219811
      ],
      [
       24.1155395,
       58.9237601
      ],
      [
       24.0867709,
       58.9261922
      ],
      [
       24.0582342,
       58.9292728
      ],
      [
       24.0299837,
       58.932996
      ],
      [
       24.0020734,
       58.9373548
      ],
      [
       23.9745566,
       58.9423409
      ],
      [
       23.9474859,
       58.9479447
      ],
      [
       23.9209131,
       58.9541556
      ],
      [
       23.8948892,
       58.9609616
      ],
      [
       23.8694642,
       58.9683499
      ],
      [
       23.844687,
       58.9763064
      ],
      [
       23.8206055,
       58.9848157
      ],
      [
       23.7972663,
       58.9938617
      ],
      [
       23.7747145,
       59.003427
      ],
      [
       23.7529941,
       59.0134933
      ],
      [
       23.7321474,
       59.0240413
      ],
      [
       23.7122153,
       59.0350507
      ],
      [
       23.6932369,
       59.0465005
      ],
      [
       23.6752497,
       59.0583687
      ],
      [
       23.6582893,
       59.0706323
      ],
      [
       23.6423896,
       59.0832677
      ],
      [
       23.6275823,
       59.0962506
      ],
      [
       23.6138973,
       59.109556
      ],
      [
       23.6013624,
       59.1231581
      ],
      [
       23.5900033,
       59.1370306
      ],
      [
       23.5798432,
       59.1511465
      ],
      [
       23.5709035,
       59.1654787
      ],
      [
       23.5632031,
       59.1799991
      ],
      [
       23.5567585,
       59.1946796
      ],
      [
       23.551584,
       59.2094916
      ],
      [
       23.5476911,
       59.2244061
      ],
      [
       23.5450893,
       59.2393942
      ],
      [
       23.5437853,
       59.2544265
      ],
      [
       23.5437833,
       59.2694736
      ],
      [
       23.5450852,
       59.2845059
      ],
      [
       23.5476901,
       59.2994941
      ],
      [
       23.5515945,
       59.3144086
      ],
      [
       23.5567926,
       59.3292201
      ],
      [
       23.5632757,
       59.3438994
      ],
      [
       23.5710328,
       59.3584176
      ],
      [
       23.58005,
       59.372746
      ],
      [
       23.5903113,
       59.3868562
      ],
      [
       23.6017977,
       59.4007203
      ],
      [
       23.614488,
       59.4143108
      ],
      [
       23.6283586,
       59.4276008
      ],
      [
       23.643383,
       59.4405637
      ],
      [
       23.6595329,
       59.4531739
      ],
      [
       23.6767772,
       59.4654062
      ],
      [
       23.6950828,
       59.4772363
      ],
      [
       23.7144141,
       59.4886404
      ],
      [
       23.7347336,
       59.4995958
      ],
      [
       23.7560016,
       59.5100805
      ],
      [
       23.7781763,
       59.5200737
      ],
      [
       23.8012141,
       59.5295552
      ],
      [
       23.8250695,
       59.5385061
      ],
      [
       23.8496952,
       59.5469083
      ],
      [
       23.8750423,
       59.554745
      ],
      [
       23.9010603,
       59.5620004
      ],
      [
       23.9276974,
       59.5686599
      ],
      [
       23.9549002,
       59.5747101
      ],
      [
       23.9826142,
       59.5801389
      ],
      [
       24.0107837,
       59.5849352
      ],
      [
       24.0393523,
       59.5890895
      ],
      [
       24.0682624,
       59.5925933
      ],
      [
       24.0974557,
       59.5954395
      ],
      [
       24.1268734,
       59.5976224
      ],
      [
       24.1564561,
       59.5991377
      ],
      [
       24.1861442,
       59.5999822
      ],
      [
       24.2158776,
       59.6001542
      ],
      [
       24.2455963,
       59.5996534
      ],
      [
       24.2752404,
       59.5984808
      ],
      [
       24.2761111,
       59.5933333
      ],
      [
       24.2884,
       59.6071329
      ],
      [
       24.3058631,
       59.6192462
      ],
      [
       24.3243855,
       59.6309526
      ],
      [
       24.343931,
       59.6422286
      ],
      [
       24.3644614,
       59.6530514
      ],
      [
       24.3859362,
       59.6633993
      ],
      [
       24.4083129,
       59.6732513
      ],
      [
       24.4315471,
       59.6825877
      ],
      [
       24.4555926,
       59.6913894
      ],
      [
       24.4804013,
       59.6996388
      ],
      [
       24.5059235,
       59.707319
      ],
      [
       24.5321081,
       59.7144146
      ],
      [
       24.5589024,
       59.7209112
      ],
      [
       24.5862523,
       59.7267955
      ],
      [
       24.6141027,
       59.7320556
      ],
      [
       24.6423971,
       59.736681
      ],
      [
       24.6710784,
       59.7406621
      ],
      [
       24.7000883,
       59.7439908
      ],
      [
       24.729368,
       59.7466605
      ],
      [
       24.758858,
       59.7486656
      ],
      [
       24.7884983,
       59.7500021
      ],
      [
       24.8182288,
       59.7506673
      ],
      [
       24.8479888,
       59.7506598
      ],
      [
       24.8777178,
       59.7499797
      ],
      [
       24.9073555,
       59.7486282
      ],
      [
       24.9368414,
       59.7466083
      ],
      [
       24.9661158,
       59.7439239
      ],
      [
       24.995119,
       59.7405806
      ],
      [
       25.0237923,
       59.736585
      ],
      [
       25.0520775,
       59.7319455
      ],
      [
       25.0799174,
       59.7266713
      ],
      [
       25.1072555,
       59.7207732
      ],
      [
       25.1340368,
       59.7142632
      ],
      [
       25.1602072,
       59.7071544
      ],
      [
       25.1857142,
       59.6994614
      ],
      [
       25.2105064,
       59.6911995
      ],
      [
       25.2345344,
       59.6823857
      ],
      [
       25.25775,
       59.6730377
      ],
      [
       25.2801071,
       59.6631744
      ],
      [
       25.3015613,
       59.6528157
      ],
      [
       25.3220702,
       59.6419826
      ],
      [
       25.3415934,
       59.6306968
      ],
      [
       25.3600926,
       59.6189811
      ],
      [
       25.3775317,
       59.606859
      ],
      [
       25.3938768,
       59.594355
      ],
      [
       25.4090963,
       59.581494
      ],
      [
       25.4231611,
       59.568302
      ],
      [
       25.4360443,
       59.5548053
      ],
      [
       25.4477216,
       59.5410308
      ],
      [
       25.4581712,
       59.5270062
      ],
      [
       25.4673738,
       59.5127594
      ],
      [
       25.4753126,
       59.4983188
      ],
      [
       25.4819735,
       59.4837131
      ],
      [
       25.4873449,
       59.4689714
      ],
      [
       25.4914178,
       59.4541229
      ],
      [
       25.4941858,
       59.4391971
      ],
      [
       25.4956453,
       59.4242234
      ],
      [
       25.495795,
       59.4092316
      ],
      [
       25.4946365,
       59.3942512
      ],
      [
       25.4921736,
       59.3793117
      ],
      [
       25.4884131,
       59.3644426
      ],
      [
       25.4833639,
       59.3496731
      ],
      [
       25.4770377,
       59.3350323
      ],
      [
       25.4694485,
       59.3205487
      ],
      [
       25.4606129,
       59.3062509
      ],
      [
       25.4505495,
       59.2921668
      ],
      [
       25.4392797,
       59.2783238
      ],
      [
       25.4268269,
       59.2647491
      ],
      [
       25.4132167,
       59.2514691
      ],
      [
       25.3984769,
       59.2385097
      ],
      [
       25.3826376,
       59.2258959
      ],
      [
       25.3657306,
       59.2136525
      ],
      [
       25.34779,
       59.201803
      ],
      [
       25.3288515,
       59.1903706
      ],
      [
       25.3089528,
       59.1793772
      ],
      [
       25.2881333,
       59.1688443
      ],
      [
       25.266434,
       59.1587921
      ],
      [
       25.2438977,
       59.1492401
      ],
      [
       25.2205685,
       59.1402067
      ],
      [
       25.196492,
       59.1317093
      ],
      [
       25.1717151,
       59.1237643
      ],
      [
       25.1462859,
       59.116387
      ],
      [
       25.1202538,
       59.1095916
      ],
      [
       25.0936692,
       59.1033911
      ],
      [
       25.0665835,
       59.0977974
      ],
      [
       25.0390488,
       59.0928214
      ],
      [
       25.0111182,
       59.0884725
      ],
      [
       24.9828455,
       59.0847591
      ],
      [
       24.9542851,
       59.0816884
      ],
      [
       24.9254916,
       59.0792661
      ],
      [
       24.8965204,
       59.077497
      ],
      [
       24.867427,
       59.0763845
      ],
      [
       24.8382673,
       59.0759306
      ],
      [
       24.809097,
       59.0761363
      ],
      [
       24.7799721,
       59.0770012
      ],
      [
       24.7636111,
       59.0777778
      ],
      [
       24.6913889,
       59.0825
      ],
      [
       24.6058333,
       59.0633333
      ],
      [
       24.5436111,
       59.0230556
      ],
      [
       24.5375,
       58.9652778
      ]
     ]
    ]
   }
  },
  {
   "type": "Feature",
   "properties": {
    "ll": {
     "value": 2500,
     "unit": 1,
     "referenceDatum": 0
    },
    "ul": {
     "value": 115,
     "unit": 6,
     "referenceDatum": 2
    },
    "_id": "626148e11eacded7b7bb5b1e",
    "name": "TALLINN TMA 2",
    "type": 0,
    "icao": 2,
    "bnd": [
     [
      59.2725,
      22.9825
     ],
     [
      59.9083333,
      26.0222222
     ]
    ]
   },
   "geometry": {
    "type": "Polygon",
    "coordinates": [
     [
      [
       22.9825,
       59.4747222
      ],
      [
       24.85,
       59.8833333
      ],
      [
       25.3333333,
       59.9083333
      ],
      [
       25.8666667,
       59.8833333
      ],
      [
       26.0222222,
       59.5016667
      ],
      [
       23.1155556,
       59.2725
      ],
      [
       22.9825,
       59.4747222
      ]
     ]
    ]
   }
  },
  {
   "type": "Feature",
   "properties": {
    "ll": {
     "value": 2500,
     "unit": 1,
     "referenceDatum": 0
    },
    "ul": {
     "value": 115,
     "unit": 6,
     "referenceDatum": 2
    },
    "_id": "626148e11eacded7b7bb5b2c",
    "name": "TALLINN TMA 3",
    "type": 0,
    "icao": 2,
    "bnd": [
     [
      58.7225,
      23.1155556
     ],
     [
      59.5016667,
      26.0472222
     ]
    ]
   },
   "geometry": {
    "type": "Polygon",
    "coordinates": [
     [
      [
       23.1155556,
       59.2725
      ],
      [
       26.0222222,
       59.5016667
      ],
      [
       26.0472222,
       59.4377778
      ],
      [
       26.0375,
       59.1152778
      ],
      [
       25.5769444,
       58.9425
      ],
      [
       24.5869444,
       58.7225
      ],
      [
       23.3925,
       58.8433333
      ],
      [
       23.1155556,
       59.2725
      ]
     ]
    ]
   }
  },
  {
   "type": "Feature",
   "properties": {
    "ll": {
     "value": 0,
     "unit": 1,
     "referenceDatum": 0
    },
    "ul": {
     "value": 1500,
     "unit": 1,
     "referenceDatum": 0
    },
    "_id": "626148e11eacded7b7bb5b3c",
    "name": "TARTU CTR",
    "type": 4,
    "icao": 3,
    "bnd": [
     [
      58.1242934,
      26.3382448
     ],
     [
      58.4907096,
      27.0356764
     ]
    ]
   },
   "geometry": {
    "type": "Polygon",
    "coordinates": [
     [
      [
       26.6869444,
       58.4907096
      ],
      [
       26.7080711,
       58.4903748
      ],
      [
       26.7291197,
       58.4893717
      ],
      [
       26.7500126,
       58.4877041
      ],
      [
       26.7706727,
       58.485378
      ],
      [
       26.7910237,
       58.4824021
      ],
      [
       26.8109907,
       58.4787873
      ],
      [
       26.8305002,
       58.4745469
      ],
      [
       26.8494803,
       58.4696967
      ],
      [
       26.8678613,
       58.4642545
      ],
      [
       26.8855757,
       58.4582403
      ],
      [
       26.9025588,
       58.4516763
      ],
      [
       26.9187483,
       58.4445867
      ],
      [
       26.9340853,
       58.4369975
      ],
      [
       26.9485138,
       58.4289367
      ],
      [
       26.9619816,
       58.4204338
      ],
      [
       26.9744399,
       58.4115202
      ],
      [
       26.9858438,
       58.4022284
      ],
      [
       26.9961522,
       58.3925926
      ],
      [
       27.0053285,
       58.3826481
      ],
      [
       27.0133398,
       58.3724312
      ],
      [
       27.020158,
       58.3619793
      ],
      [
       27.0257593,
       58.3513306
      ],
      [
       27.0301242,
       58.3405241
      ],
      [
       27.0332381,
       58.329599
      ],
      [
       27.0350907,
       58.3185952
      ],
      [
       27.0356764,
       58.3075529
      ],
      [
       27.0349943,
       58.296512
      ],
      [
       27.0330481,
       58.2855128
      ],
      [
       27.0298461,
       58.2745951
      ],
      [
       27.0254009,
       58.2637987
      ],
      [
       27.0197298,
       58.2531625
      ],
      [
       27.0128545,
       58.2427252
      ],
      [
       27.0048008,
       58.2325244
      ],
      [
       26.9955989,
       58.222597
      ],
      [
       26.985283,
       58.2129789
      ],
      [
       26.9738911,
       58.2037047
      ],
      [
       26.9614651,
       58.194808
      ],
      [
       26.9480506,
       58.1863207
      ],
      [
       26.9336965,
       58.1782735
      ],
      [
       26.9184551,
       58.1706951
      ],
      [
       26.9023818,
       58.163613
      ],
      [
       26.8855347,
       58.1570525
      ],
      [
       26.8679748,
       58.1510372
      ],
      [
       26.8497653,
       58.1455887
      ],
      [
       26.830972,
       58.1407266
      ],
      [
       26.8116624,
       58.1364682
      ],
      [
       26.7919059,
       58.1328288
      ],
      [
       26.7717734,
       58.1298214
      ],
      [
       26.7513371,
       58.1274569
      ],
      [
       26.7306702,
       58.1257437
      ],
      [
       26.7098468,
       58.124688
      ],
      [
       26.6889414,
       58.1242934
      ],
      [
       26.6680288,
       58.1245615
      ],
      [
       26.647184,
       58.1254913
      ],
      [
       26.6264815,
       58.1270794
      ],
      [
       26.6059955,
       58.1293201
      ],
      [
       26.5857993,
       58.1322055
      ],
      [
       26.5659655,
       58.1357252
      ],
      [
       26.5465652,
       58.1398665
      ],
      [
       26.527668,
       58.1446147
      ],
      [
       26.509342,
       58.1499528
      ],
      [
       26.4916531,
       58.1558615
      ],
      [
       26.4746652,
       58.1623196
      ],
      [
       26.4584395,
       58.1693041
      ],
      [
       26.443035,
       58.1767897
      ],
      [
       26.4285074,
       58.1847497
      ],
      [
       26.4149096,
       58.1931553
      ],
      [
       26.4022913,
       58.2019763
      ],
      [
       26.3906987,
       58.2111809
      ],
      [
       26.3801743,
       58.220736
      ],
      [
       26.3707569,
       58.2306071
      ],
      [
       26.3624816,
       58.2407585
      ],
      [
       26.3553792,
       58.2511536
      ],
      [
       26.3494765,
       58.2617547
      ],
      [
       26.3447958,
       58.2725236
      ],
      [
       26.3413553,
       58.2834211
      ],
      [
       26.3391686,
       58.2944079
      ],
      [
       26.3382448,
       58.3054439
      ],
      [
       26.3385885,
       58.3164891
      ],
      [
       26.3401995,
       58.3275033
      ],
      [
       26.3430732,
       58.3384465
      ],
      [
       26.3472004,
       58.3492787
      ],
      [
       26.352567,
       58.3599606
      ],
      [
       26.3591546,
       58.370453
      ],
      [
       26.3669402,
       58.3807176
      ],
      [
       26.3758965,
       58.390717
      ],
      [
       26.3859915,
       58.4004145
      ],
      [
       26.3971893,
       58.4097746
      ],
      [
       26.4094497,
       58.418763
      ],
      [
       26.4227284,
       58.4273467
      ],
      [
       26.4369775,
       58.4354943
      ],
      [
       26.4521452,
       58.4431757
      ],
      [
       26.4681765,
       58.4503628
      ],
      [
       26.4850128,
       58.457029
      ],
      [
       26.5025925,
       58.4631499
      ],
      [
       26.5208514,
       58.468703
      ],
      [
       26.5397225,
       58.4736676
      ],
      [
       26.5591364,
       58.4780257
      ],
      [
       26.5790216,
       58.481761
      ],
      [
       26.5993051,
       58.4848598
      ],
      [
       26.6199121,
       58.4873107
      ],
      [
       26.6407665,
       58.4891046
      ],
      [
       26.6617914,
       58.4902349
      ],
      [
       26.6829091,
       58.4906974
      ],
      [
       26.6869444,
       58.4907096
      ]
     ]
    ]
   }
  },
  {
   "type": "Feature",
   "properties": {
    "ll": {
     "value": 1500,
     "unit": 1,
     "referenceDatum": 0
    },
    "ul": {
     "value": 95,
     "unit": 6,
     "referenceDatum": 2
    },
    "_id": "626148e11eacded7b7bb5b46",
    "name": "TARTU TMA",
    "type": 0,
    "icao": 3,
    "bnd": [
     [
      57.9122222,
      25.7819444
     ],
     [
      58.7011111,
      27.6094444
     ]
    ]
   },
   "geometry": {
    "type": "Polygon",
    "coordinates": [
     [
      [
       27.3975,
       58.6983333
      ],
      [
       27.6094444,
       58.0386111
      ],
      [
       27.4861111,
       57.9122222
      ],
      [
       26.0886111,
       57.9858333
      ],
      [
       25.7819444,
       58.2913889
      ],
      [
       26.0227778,
       58.7011111
      ],
      [
       27.3975,
       58.6983333
      ]
     ]
    ]
   }
  },
  {
   "type": "Feature",
   "properties": {
    "ll": {
     "value": 0,
     "unit": 1,
     "referenceDatum": 0
    },
    "ul": {
     "value": 1200,
     "unit": 1,
     "referenceDatum": 0
    },
    "_id": "626148e11eacded7b7bb5b55",
    "name": "ZONE 1 - TRAINING FLIGHTS",
    "type": 1,
    "icao": 7,
    "bnd": [
     [
      59.2903153,
      23.8684095
     ],
     [
      59.373583,
      24.0315261
     ]
    ]
   },
   "geometry": {
    "type": "Polygon",
    "coordinates": [
     [
      [
       23.95,
       59.373583
      ],
      [
       23.9603127,
       59.3732498
      ],
      [
       23.97046,
       59.3722556
      ],
      [
       23.9802791,
       59.3706163
      ],
      [
       23.9896125,
       59.3683583
      ],
      [
       23.9983108,
       59.3655177
      ],
      [
       24.0062346,
       59.36214
      ],
      [
       24.0132571,
       59.3582795
      ],
      [
       24.0192662,
       59.353998
      ],
      [
       24.024166,
       59.349364
      ],
      [
       24.0278785,
       59.3444518
      ],
      [
       24.0303449,
       59.3393399
      ],
      [
       24.0315261,
       59.3341103
      ],
      [
       24.0314041,
       59.3288464
      ],
      [
       24.0299812,
       59.3236324
      ],
      [
       24.0272808,
       59.3185516
      ],
      [
       24.0233466,
       59.3136852
      ],
      [
       24.018242,
       59.3091108
      ],
      [
       24.0120487,
       59.3049014
      ],
      [
       24.004866,
       59.3011242
      ],
      [
       23.9968087,
       59.2978393
      ],
      [
       23.9880055,
       59.2950992
      ],
      [
       23.9785967,
       59.2929474
      ],
      [
       23.9687324,
       59.2914183
      ],
      [
       23.9585697,
       59.2905363
      ],
      [
       23.9482706,
       59.2903153
      ],
      [
       23.937999,
       59.2907589
      ],
      [
       23.9279186,
       59.29186
      ],
      [
       23.9181898,
       59.2936011
      ],
      [
       23.9089678,
       59.2959544
      ],
      [
       23.9003996,
       59.2988826
      ],
      [
       23.8926219,
       59.3023388
      ],
      [
       23.8857589,
       59.306268
      ],
      [
       23.8799205,
       59.3106076
      ],
      [
       23.8752001,
       59.3152883
      ],
      [
       23.8716736,
       59.3202355
      ],
      [
       23.8693977,
       59.3253701
      ],
      [
       23.8684095,
       59.3306102
      ],
      [
       23.8687252,
       59.335872
      ],
      [
       23.8703405,
       59.3410714
      ],
      [
       23.8732301,
       59.3461253
      ],
      [
       23.8773483,
       59.3509528
      ],
      [
       23.8826297,
       59.3554766
      ],
      [
       23.8889901,
       59.3596242
      ],
      [
       23.8963282,
       59.3633294
      ],
      [
       23.9045264,
       59.3665325
      ],
      [
       23.9134538,
       59.3691824
      ],
      [
       23.9229672,
       59.3712365
      ],
      [
       23.9329142,
       59.3726619
      ],
      [
       23.9431353,
       59.3734357
      ],
      [
       23.95,
       59.373583
      ]
     ]
    ]
   }
  },
  {
   "type": "Feature",
   "properties": {
    "ll": {
     "value": 0,
     "unit": 1,
     "referenceDatum": 0
    },
    "ul": {
     "value": 300,
     "unit": 1,
     "referenceDatum": 0
    },
    "_id": "626148e11eacded7b7bb5b61",
    "name": "ZONE 3 (LASNAMÄGI) PARAMOTORING",
    "type": 21,
    "icao": 7,
    "bnd": [
     [
      59.4444444,
      24.7861111
     ],
     [
      59.4569444,
      24.8333333
     ]
    ]
   },
   "geometry": {
    "type": "Polygon",
    "coordinates": [
     [
      [
       24.7861111,
       59.4444444
      ],
      [
       24.8055556,
       59.4547222
      ],
      [
       24.8333333,
       59.4569444
      ],
      [
       24.8330556,
       59.4491667
      ],
      [
       24.7861111,
       59.4444444
      ]
     ]
    ]
   }
  },
  {
   "type": "Feature",
   "properties": {
    "ll": {
     "value": 0,
     "unit": 1,
     "referenceDatum": 0
    },
    "ul": {
     "value": 300,
     "unit": 1,
     "referenceDatum": 0
    },
    "_id": "626148e11eacded7b7bb5b70",
    "name": "ZONE 4 (PIRITA - VIIMSI) PARAMOTORING",
    "type": 21,
    "icao": 7,
    "bnd": [
     [
      59.4547222,
      24.775
     ],
     [
      59.55,
      24.9083333
     ]
    ]
   },
   "geometry": {
    "type": "Polygon",
    "coordinates": [
     [
      [
       24.8055556,
       59.4547222
      ],
      [
       24.775,
       59.55
      ],
      [
       24.8833333,
       59.55
      ],
      [
       24.9083333,
       59.4638889
      ],
      [
       24.8055556,
       59.4547222
      ]
     ]
    ]
   }
  },
  {
   "type": "Feature",
   "properties": {
    "ll": {
     "value": 0,
     "unit": 1,
     "referenceDatum": 0
    },
    "ul": {
     "value": 1700,
     "unit": 1,
     "referenceDatum": 0
    },
    "_id": "626148e21eacded7b7bb5b81",
    "name": "ZONE 6 - ACROBATIC AND TRAINING FLIGHTS",
    "type": 1,
    "icao": 7,
    "bnd": [
     [
      59.1819444,
      24.7675
     ],
     [
      59.2638889,
      25.0008333
     ]
    ]
   },
   "geometry": {
    "type": "Polygon",
    "coordinates": [
     [
      [
       24.9547222,
       59.2563889
      ],
      [
       25.0008333,
       59.1944444
      ],
      [
       24.7675,
       59.1819444
      ],
      [
       24.7927778,
       59.2638889
      ],
      [
       24.9547222,
       59.2563889
      ]
     ]
    ]
   }
  },
  {
   "type": "Feature",
   "properties": {
    "ll": {
     "value": 0,
     "unit": 1,
     "referenceDatum": 0
    },
    "ul": {
     "value": 1000,
     "unit": 1,
     "referenceDatum": 1
    },
    "_id": "62ed44e1a2f837aeeffc1584",
    "name": "ZONE 7 – TRAINING FLIGHTS",
    "type": 1,
    "icao": 7,
    "bnd": [
     [
      58.1244444,
      26.5241667
     ],
     [
      58.205,
      26.695
     ]
    ]
   },
   "geometry": {
    "type": "Polygon",
    "coordinates": [
     [
      [
       26.5241667,
       58.1458333
      ],
      [
       26.5808333,
       58.205
      ],
      [
       26.6911111,
       58.1733333
      ],
      [
       26.695,
       58.1244444
      ],
      [
       26.5241667,
       58.1458333
      ]
     ]
    ]
   }
  },
  {
   "type": "Feature",
   "properties": {
    "ll": {
     "value": 0,
     "unit": 1,
     "referenceDatum": 0
    },
    "ul": {
     "value": 1000,
     "unit": 1,
     "referenceDatum": 0
    },
    "_id": "626148e21eacded7b7bb5b99",
    "name": "ZONE 8 - TRAINING FLIGHTS",
    "type": 1,
    "icao": 7,
    "bnd": [
     [
      58.3677778,
      26.6736111
     ],
     [
      58.4622222,
      26.8944444
     ]
    ]
   },
   "geometry": {
    "type": "Polygon",
    "coordinates": [
     [
      [
       26.8833333,
       58.3677778
      ],
      [
       26.7422222,
       58.3847222
      ],
      [
       26.6736111,
       58.455
      ],
      [
       26.7847222,
       58.4622222
      ],
      [
       26.8944444,
       58.4083333
      ],
      [
       26.8833333,
       58.3677778
      ]
     ]
    ]
   }
  }
 ]
}