{
 "type": "FeatureCollection",
 "countryCode": "mg",
 "features": [
  {
   "type": "Feature",
   "properties": {
    "ll": {
     "value": 0,
     "unit": 1,
     "referenceDatum": 0
    },
    "ul": {
     "value": 1969,
     "unit": 1,
     "referenceDatum": 0
    },
    "_id": "62cfcd4a9f7e2ede51a8270e",
    "name": "CTR ANTANANARIVO/IVATO",
    "type": 4,
    "icao": 3,
    "bnd": [
     [
      -19.1364416,
      47.1667232
     ],
     [
      -18.4702251,
      47.870499
     ]
    ]
   },
   "geometry": {
    "type": "Polygon",
    "coordinates": [
     [
      [
       47.5186111,
       -18.4702251
      ],
      [
       47.5075797,
       -18.4703891
      ],
      [
       47.4965592,
       -18.4708811
      ],
      [
       47.4855603,
       -18.4717005
      ],
      [
       47.4745938,
       -18.4728466
      ],
      [
       47.4636705,
       -18.4743182
      ],
      [
       47.4528011,
       -18.4761138
      ],
      [
       47.4419962,
       -18.4782318
      ],
      [
       47.4312666,
       -18.48067
      ],
      [
       47.4206227,
       -18.4834261
      ],
      [
       47.4100749,
       -18.4864973
      ],
      [
       47.3996336,
       -18.4898806
      ],
      [
       47.3893091,
       -18.4935727
      ],
      [
       47.3791115,
       -18.49757
      ],
      [
       47.3690509,
       -18.5018686
      ],
      [
       47.359137,
       -18.5064642
      ],
      [
       47.3493798,
       -18.5113523
      ],
      [
       47.3397886,
       -18.5165282
      ],
      [
       47.3303731,
       -18.5219867
      ],
      [
       47.3211424,
       -18.5277225
      ],
      [
       47.3121056,
       -18.5337299
      ],
      [
       47.3032717,
       -18.5400031
      ],
      [
       47.2946492,
       -18.5465358
      ],
      [
       47.2862469,
       -18.5533218
      ],
      [
       47.2780728,
       -18.5603542
      ],
      [
       47.270135,
       -18.5676263
      ],
      [
       47.2624415,
       -18.5751308
      ],
      [
       47.2549997,
       -18.5828603
      ],
      [
       47.2478171,
       -18.5908073
      ],
      [
       47.2409007,
       -18.598964
      ],
      [
       47.2342574,
       -18.6073224
      ],
      [
       47.2278938,
       -18.6158741
      ],
      [
       47.2218161,
       -18.6246109
      ],
      [
       47.2160303,
       -18.6335241
      ],
      [
       47.2105423,
       -18.642605
      ],
      [
       47.2053574,
       -18.6518445
      ],
      [
       47.2004808,
       -18.6612337
      ],
      [
       47.1959174,
       -18.6707632
      ],
      [
       47.1916717,
       -18.6804238
      ],
      [
       47.1877479,
       -18.6902058
      ],
      [
       47.18415,
       -18.7000997
      ],
      [
       47.1808816,
       -18.7100957
      ],
      [
       47.1779459,
       -18.720184
      ],
      [
       47.1753458,
       -18.7303545
      ],
      [
       47.1730841,
       -18.7405974
      ],
      [
       47.171163,
       -18.7509025
      ],
      [
       47.1695845,
       -18.7612596
      ],
      [
       47.1683501,
       -18.7716585
      ],
      [
       47.1674612,
       -18.782089
      ],
      [
       47.1669187,
       -18.7925409
      ],
      [
       47.1667232,
       -18.8030036
      ],
      [
       47.166875,
       -18.8134671
      ],
      [
       47.1673739,
       -18.8239208
      ],
      [
       47.1682196,
       -18.8343546
      ],
      [
       47.1694112,
       -18.844758
      ],
      [
       47.1709478,
       -18.8551209
      ],
      [
       47.1728277,
       -18.865433
      ],
      [
       47.1750492,
       -18.8756841
      ],
      [
       47.1776103,
       -18.8858641
      ],
      [
       47.1805083,
       -18.8959629
      ],
      [
       47.1837406,
       -18.9059705
      ],
      [
       47.1873039,
       -18.9158771
      ],
      [
       47.1911949,
       -18.9256728
      ],
      [
       47.1954096,
       -18.935348
      ],
      [
       47.1999441,
       -18.9448931
      ],
      [
       47.2047939,
       -18.9542987
      ],
      [
       47.2099541,
       -18.9635553
      ],
      [
       47.2154199,
       -18.972654
      ],
      [
       47.2211858,
       -18.9815857
      ],
      [
       47.2272461,
       -18.9903414
      ],
      [
       47.2335949,
       -18.9989127
      ],
      [
       47.240226,
       -19.0072909
      ],
      [
       47.2471329,
       -19.0154678
      ],
      [
       47.2543086,
       -19.0234353
      ],
      [
       47.2617463,
       -19.0311855
      ],
      [
       47.2694384,
       -19.0387107
      ],
      [
       47.2773775,
       -19.0460034
      ],
      [
       47.2855558,
       -19.0530565
      ],
      [
       47.293965,
       -19.0598629
      ],
      [
       47.302597,
       -19.0664159
      ],
      [
       47.3114431,
       -19.072709
      ],
      [
       47.3204947,
       -19.0787359
      ],
      [
       47.3297428,
       -19.0844907
      ],
      [
       47.3391782,
       -19.0899676
      ],
      [
       47.3487916,
       -19.0951613
      ],
      [
       47.3585735,
       -19.1000665
      ],
      [
       47.3685141,
       -19.1046785
      ],
      [
       47.3786037,
       -19.1089926
      ],
      [
       47.3888323,
       -19.1130046
      ],
      [
       47.3991896,
       -19.1167104
      ],
      [
       47.4096654,
       -19.1201064
      ],
      [
       47.4202494,
       -19.1231892
      ],
      [
       47.430931,
       -19.1259558
      ],
      [
       47.4416996,
       -19.1284035
      ],
      [
       47.4525446,
       -19.1305297
      ],
      [
       47.4634552,
       -19.1323324
      ],
      [
       47.4744205,
       -19.1338097
      ],
      [
       47.4854297,
       -19.1349603
      ],
      [
       47.4964719,
       -19.135783
      ],
      [
       47.507536,
       -19.1362769
      ],
      [
       47.5186111,
       -19.1364416
      ],
      [
       47.5296862,
       -19.1362769
      ],
      [
       47.5407504,
       -19.135783
      ],
      [
       47.5517925,
       -19.1349603
      ],
      [
       47.5628017,
       -19.1338097
      ],
      [
       47.573767,
       -19.1323324
      ],
      [
       47.5846776,
       -19.1305297
      ],
      [
       47.5955226,
       -19.1284035
      ],
      [
       47.6062912,
       -19.1259558
      ],
      [
       47.6169728,
       -19.1231892
      ],
      [
       47.6275568,
       -19.1201064
      ],
      [
       47.6380326,
       -19.1167104
      ],
      [
       47.64839,
       -19.1130046
      ],
      [
       47.6586185,
       -19.1089926
      ],
      [
       47.6687081,
       -19.1046785
      ],
      [
       47.6786487,
       -19.1000665
      ],
      [
       47.6884306,
       -19.0951613
      ],
      [
       47.698044,
       -19.0899676
      ],
      [
       47.7074794,
       -19.0844907
      ],
      [
       47.7167275,
       -19.0787359
      ],
      [
       47.7257791,
       -19.072709
      ],
      [
       47.7346253,
       -19.0664159
      ],
      [
       47.7432572,
       -19.0598629
      ],
      [
       47.7516665,
       -19.0530565
      ],
      [
       47.7598447,
       -19.0460034
      ],
      [
       47.7677838,
       -19.0387107
      ],
      [
       47.7754759,
       -19.0311855
      ],
      [
       47.7829136,
       -19.0234353
      ],
      [
       47.7900893,
       -19.0154678
      ],
      [
       47.7969962,
       -19.0072909
      ],
      [
       47.8036273,
       -18.9989127
      ],
      [
       47.8099761,
       -18.9903414
      ],
      [
       47.8160364,
       -18.9815857
      ],
      [
       47.8218023,
       -18.972654
      ],
      [
       47.8272681,
       -18.9635553
      ],
      [
       47.8324284,
       -18.9542987
      ],
      [
       47.8372781,
       -18.9448931
      ],
      [
       47.8418126,
       -18.935348
      ],
      [
       47.8460274,
       -18.9256728
      ],
      [
       47.8499183,
       -18.9158771
      ],
      [
       47.8534816,
       -18.9059705
      ],
      [
       47.8567139,
       -18.8959629
      ],
      [
       47.8596119,
       -18.8858641
      ],
      [
       47.862173,
       -18.8756841
      ],
      [
       47.8643945,
       -18.865433
      ],
      [
       47.8662745,
       -18.8551209
      ],
      [
       47.867811,
       -18.844758
      ],
      [
       47.8690026,
       -18.8343546
      ],
      [
       47.8698483,
       -18.8239208
      ],
      [
       47.8703473,
       -18.8134671
      ],
      [
       47.870499,
       -18.8030036
      ],
      [
       47.8703035,
       -18.7925409
      ],
      [
       47.869761,
       -18.782089
      ],
      [
       47.8688721,
       -18.7716585
      ],
      [
       47.8676378,
       -18.7612596
      ],
      [
       47.8660592,
       -18.7509025
      ],
      [
       47.8641381,
       -18.7405974
      ],
      [
       47.8618764,
       -18.7303545
      ],
      [
       47.8592764,
       -18.720184
      ],
      [
       47.8563407,
       -18.7100957
      ],
      [
       47.8530722,
       -18.7000997
      ],
      [
       47.8494743,
       -18.6902058
      ],
      [
       47.8455505,
       -18.6804238
      ],
      [
       47.8413048,
       -18.6707632
      ],
      [
       47.8367414,
       -18.6612337
      ],
      [
       47.8318648,
       -18.6518445
      ],
      [
       47.8266799,
       -18.642605
      ],
      [
       47.8211919,
       -18.6335241
      ],
      [
       47.8154062,
       -18.6246109
      ],
      [
       47.8093284,
       -18.6158741
      ],
      [
       47.8029648,
       -18.6073224
      ],
      [
       47.7963215,
       -18.598964
      ],
      [
       47.7894051,
       -18.5908073
      ],
      [
       47.7822225,
       -18.5828603
      ],
      [
       47.7747807,
       -18.5751308
      ],
      [
       47.7670872,
       -18.5676263
      ],
      [
       47.7591495,
       -18.5603542
      ],
      [
       47.7509754,
       -18.5533218
      ],
      [
       47.742573,
       -18.5465358
      ],
      [
       47.7339506,
       -18.5400031
      ],
      [
       47.7251166,
       -18.5337299
      ],
      [
       47.7160798,
       -18.5277225
      ],
      [
       47.7068491,
       -18.5219867
      ],
      [
       47.6974336,
       -18.5165282
      ],
      [
       47.6878425,
       -18.5113523
      ],
      [
       47.6780852,
       -18.5064642
      ],
      [
       47.6681713,
       -18.5018686
      ],
      [
       47.6581107,
       -18.49757
      ],
      [
       47.6479131,
       -18.4935727
      ],
      [
       47.6375886,
       -18.4898806
      ],
      [
       47.6271473,
       -18.4864973
      ],
      [
       47.6165996,
       -18.4834261
      ],
      [
       47.6059556,
       -18.48067
      ],
      [
       47.595226,
       -18.4782318
      ],
      [
       47.5844212,
       -18.4761138
      ],
      [
       47.5735518,
       -18.4743182
      ],
      [
       47.5626285,
       -18.4728466
      ],
      [
       47.551662,
       -18.4717005
      ],
      [
       47.540663,
       -18.4708811
      ],
      [
       47.5296425,
       -18.4703891
      ],
      [
       47.5186111,
       -18.4702251
      ]
     ]
    ]
   }
  },
  {
   "type": "Feature",
   "properties": {
    "ll": {
     "value": 0,
     "unit": 1,
     "referenceDatum": 0
    },
    "ul": {
     "value": 1969,
     "unit": 1,
     "referenceDatum": 0
    },
    "_id": "62cfcd4a9f7e2ede51a82719",
    "name": "CTR MAHAJANGA",
    "type": 4,
    "icao": 3,
    "bnd": [
     [
      -15.9906083,
      45.9946103
     ],
     [
      -15.3243917,
      46.6865008
     ]
    ]
   },
   "geometry": {
    "type": "Polygon",
    "coordinates": [
     [
      [
       46.3405556,
       -15.3243917
      ],
      [
       46.3297067,
       -15.3245558
      ],
      [
       46.3188685,
       -15.325048
      ],
      [
       46.3080516,
       -15.3258677
      ],
      [
       46.2972666,
       -15.3270142
      ],
      [
       46.2865241,
       -15.3284863
      ],
      [
       46.2758347,
       -15.3302826
      ],
      [
       46.2652089,
       -15.3324013
      ],
      [
       46.2546571,
       -15.3348403
      ],
      [
       46.2441896,
       -15.3375973
      ],
      [
       46.2338168,
       -15.3406695
      ],
      [
       46.2235489,
       -15.3440539
      ],
      [
       46.2133959,
       -15.3477473
      ],
      [
       46.2033679,
       -15.3517459
      ],
      [
       46.1934746,
       -15.3560458
      ],
      [
       46.1837259,
       -15.3606429
      ],
      [
       46.1741313,
       -15.3655325
      ],
      [
       46.1647002,
       -15.3707099
      ],
      [
       46.1554419,
       -15.37617
      ],
      [
       46.1463656,
       -15.3819075
      ],
      [
       46.1374802,
       -15.3879166
      ],
      [
       46.1287943,
       -15.3941916
      ],
      [
       46.1203167,
       -15.4007261
      ],
      [
       46.1120556,
       -15.4075139
      ],
      [
       46.1040192,
       -15.4145481
      ],
      [
       46.0962154,
       -15.421822
      ],
      [
       46.0886519,
       -15.4293283
      ],
      [
       46.0813362,
       -15.4370597
      ],
      [
       46.0742754,
       -15.4450085
      ],
      [
       46.0674767,
       -15.453167
      ],
      [
       46.0609466,
       -15.4615271
      ],
      [
       46.0546917,
       -15.4700806
      ],
      [
       46.0487181,
       -15.4788191
      ],
      [
       46.0430318,
       -15.4877339
      ],
      [
       46.0376384,
       -15.4968163
      ],
      [
       46.0325432,
       -15.5060574
      ],
      [
       46.0277513,
       -15.515448
      ],
      [
       46.0232674,
       -15.5249789
      ],
      [
       46.0190961,
       -15.5346408
      ],
      [
       46.0152415,
       -15.544424
      ],
      [
       46.0117073,
       -15.554319
      ],
      [
       46.0084972,
       -15.5643161
      ],
      [
       46.0056143,
       -15.5744053
      ],
      [
       46.0030616,
       -15.5845767
      ],
      [
       46.0008415,
       -15.5948203
      ],
      [
       45.9989565,
       -15.605126
      ],
      [
       45.9974082,
       -15.6154836
      ],
      [
       45.9961984,
       -15.625883
      ],
      [
       45.9953283,
       -15.6363138
      ],
      [
       45.9947987,
       -15.6467658
      ],
      [
       45.9946103,
       -15.6572286
      ],
      [
       45.9947633,
       -15.667692
      ],
      [
       45.9952576,
       -15.6781456
      ],
      [
       45.9960928,
       -15.688579
      ],
      [
       45.997268,
       -15.6989821
      ],
      [
       45.9987823,
       -15.7093445
      ],
      [
       46.000634,
       -15.719656
      ],
      [
       46.0028216,
       -15.7299063
      ],
      [
       46.0053427,
       -15.7400855
      ],
      [
       46.0081951,
       -15.7501834
      ],
      [
       46.0113759,
       -15.76019
      ],
      [
       46.0148821,
       -15.7700954
      ],
      [
       46.0187102,
       -15.77989
      ],
      [
       46.0228565,
       -15.7895639
      ],
      [
       46.0273169,
       -15.7991076
      ],
      [
       46.0320871,
       -15.8085117
      ],
      [
       46.0371624,
       -15.8177669
      ],
      [
       46.0425378,
       -15.8268639
      ],
      [
       46.0482081,
       -15.835794
      ],
      [
       46.0541676,
       -15.8445481
      ],
      [
       46.0604105,
       -15.8531176
      ],
      [
       46.0669307,
       -15.8614941
      ],
      [
       46.0737217,
       -15.8696692
      ],
      [
       46.0807769,
       -15.8776349
      ],
      [
       46.0880893,
       -15.8853832
      ],
      [
       46.0956517,
       -15.8929066
      ],
      [
       46.1034566,
       -15.9001975
      ],
      [
       46.1114963,
       -15.9072487
      ],
      [
       46.1197629,
       -15.9140533
      ],
      [
       46.1282483,
       -15.9206045
      ],
      [
       46.136944,
       -15.9268958
      ],
      [
       46.1458414,
       -15.932921
      ],
      [
       46.1549318,
       -15.9386741
      ],
      [
       46.1642062,
       -15.9441494
      ],
      [
       46.1736553,
       -15.9493415
      ],
      [
       46.1832698,
       -15.9542453
      ],
      [
       46.1930403,
       -15.9588558
      ],
      [
       46.2029569,
       -15.9631685
      ],
      [
       46.21301,
       -15.9671792
      ],
      [
       46.2231896,
       -15.9708838
      ],
      [
       46.2334855,
       -15.9742787
      ],
      [
       46.2438876,
       -15.9773605
      ],
      [
       46.2543855,
       -15.9801261
      ],
      [
       46.2649689,
       -15.9825729
      ],
      [
       46.2756272,
       -15.9846984
      ],
      [
       46.2863499,
       -15.9865004
      ],
      [
       46.2971264,
       -15.9879773
      ],
      [
       46.3079459,
       -15.9891275
      ],
      [
       46.3187978,
       -15.9899499
      ],
      [
       46.3296713,
       -15.9904436
      ],
      [
       46.3405556,
       -15.9906083
      ],
      [
       46.3514398,
       -15.9904436
      ],
      [
       46.3623133,
       -15.9899499
      ],
      [
       46.3731652,
       -15.9891275
      ],
      [
       46.3839847,
       -15.9879773
      ],
      [
       46.3947612,
       -15.9865004
      ],
      [
       46.4054839,
       -15.9846984
      ],
      [
       46.4161423,
       -15.9825729
      ],
      [
       46.4267256,
       -15.9801261
      ],
      [
       46.4372236,
       -15.9773605
      ],
      [
       46.4476256,
       -15.9742787
      ],
      [
       46.4579215,
       -15.9708838
      ],
      [
       46.4681011,
       -15.9671792
      ],
      [
       46.4781542,
       -15.9631685
      ],
      [
       46.4880708,
       -15.9588558
      ],
      [
       46.4978413,
       -15.9542453
      ],
      [
       46.5074558,
       -15.9493415
      ],
      [
       46.5169049,
       -15.9441494
      ],
      [
       46.5261793,
       -15.9386741
      ],
      [
       46.5352697,
       -15.932921
      ],
      [
       46.5441671,
       -15.9268958
      ],
      [
       46.5528628,
       -15.9206045
      ],
      [
       46.5613482,
       -15.9140533
      ],
      [
       46.5696148,
       -15.9072487
      ],
      [
       46.5776545,
       -15.9001975
      ],
      [
       46.5854595,
       -15.8929066
      ],
      [
       46.5930218,
       -15.8853832
      ],
      [
       46.6003342,
       -15.8776349
      ],
      [
       46.6073894,
       -15.8696692
      ],
      [
       46.6141804,
       -15.8614941
      ],
      [
       46.6207006,
       -15.8531176
      ],
      [
       46.6269435,
       -15.8445481
      ],
      [
       46.6329031,
       -15.835794
      ],
      [
       46.6385733,
       -15.8268639
      ],
      [
       46.6439487,
       -15.8177669
      ],
      [
       46.649024,
       -15.8085117
      ],
      [
       46.6537942,
       -15.7991076
      ],
      [
       46.6582546,
       -15.7895639
      ],
      [
       46.6624009,
       -15.77989
      ],
      [
       46.666229,
       -15.7700954
      ],
      [
       46.6697352,
       -15.76019
      ],
      [
       46.672916,
       -15.7501834
      ],
      [
       46.6757684,
       -15.7400855
      ],
      [
       46.6782896,
       -15.7299063
      ],
      [
       46.6804771,
       -15.719656
      ],
      [
       46.6823289,
       -15.7093445
      ],
      [
       46.6838431,
       -15.6989821
      ],
      [
       46.6850183,
       -15.688579
      ],
      [
       46.6858535,
       -15.6781456
      ],
      [
       46.6863478,
       -15.667692
      ],
      [
       46.6865008,
       -15.6572286
      ],
      [
       46.6863124,
       -15.6467658
      ],
      [
       46.6857828,
       -15.6363138
      ],
      [
       46.6849127,
       -15.625883
      ],
      [
       46.6837029,
       -15.6154836
      ],
      [
       46.6821547,
       -15.605126
      ],
      [
       46.6802696,
       -15.5948203
      ],
      [
       46.6780495,
       -15.5845767
      ],
      [
       46.6754968,
       -15.5744053
      ],
      [
       46.6726139,
       -15.5643161
      ],
      [
       46.6694038,
       -15.554319
      ],
      [
       46.6658697,
       -15.544424
      ],
      [
       46.662015,
       -15.5346408
      ],
      [
       46.6578437,
       -15.5249789
      ],
      [
       46.6533598,
       -15.515448
      ],
      [
       46.6485679,
       -15.5060574
      ],
      [
       46.6434727,
       -15.4968163
      ],
      [
       46.6380793,
       -15.4877339
      ],
      [
       46.632393,
       -15.4788191
      ],
      [
       46.6264194,
       -15.4700806
      ],
      [
       46.6201645,
       -15.4615271
      ],
      [
       46.6136344,
       -15.453167
      ],
      [
       46.6068357,
       -15.4450085
      ],
      [
       46.5997749,
       -15.4370597
      ],
      [
       46.5924592,
       -15.4293283
      ],
      [
       46.5848957,
       -15.421822
      ],
      [
       46.5770919,
       -15.4145481
      ],
      [
       46.5690555,
       -15.4075139
      ],
      [
       46.5607944,
       -15.4007261
      ],
      [
       46.5523168,
       -15.3941916
      ],
      [
       46.543631,
       -15.3879166
      ],
      [
       46.5347455,
       -15.3819075
      ],
      [
       46.5256692,
       -15.37617
      ],
      [
       46.5164109,
       -15.3707099
      ],
      [
       46.5069798,
       -15.3655325
      ],
      [
       46.4973852,
       -15.3606429
      ],
      [
       46.4876365,
       -15.3560458
      ],
      [
       46.4777432,
       -15.3517459
      ],
      [
       46.4677152,
       -15.3477473
      ],
      [
       46.4575622,
       -15.3440539
      ],
      [
       46.4472943,
       -15.3406695
      ],
      [
       46.4369215,
       -15.3375973
      ],
      [
       46.426454,
       -15.3348403
      ],
      [
       46.4159022,
       -15.3324013
      ],
      [
       46.4052764,
       -15.3302826
      ],
      [
       46.394587,
       -15.3284863
      ],
      [
       46.3838445,
       -15.3270142
      ],
      [
       46.3730595,
       -15.3258677
      ],
      [
       46.3622426,
       -15.325048
      ],
      [
       46.3514044,
       -15.3245558
      ],
      [
       46.3405556,
       -15.3243917
      ]
     ]
    ]
   }
  },
  {
   "type": "Feature",
   "properties": {
    "ll": {
     "value": 0,
     "unit": 1,
     "referenceDatum": 0
    },
    "ul": {
     "value": 3609,
     "unit": 1,
     "referenceDatum": 1
    },
    "_id": "62cfcd4a9f7e2ede51a8272c",
    "name": "CTR NOSY-BE",
    "type": 4,
    "icao": 3,
    "bnd": [
     [
      -13.5698312,
      48.0532623
     ],
     [
      -13.0701688,
      48.5667377
     ]
    ]
   },
   "geometry": {
    "type": "Polygon",
    "coordinates": [
     [
      [
       48.31,
       -13.0701688
      ],
      [
       48.3019439,
       -13.070292
      ],
      [
       48.2938958,
       -13.0706613
      ],
      [
       48.2858635,
       -13.0712764
      ],
      [
       48.2778549,
       -13.0721368
      ],
      [
       48.269878,
       -13.0732415
      ],
      [
       48.2619406,
       -13.0745895
      ],
      [
       48.2540504,
       -13.0761795
      ],
      [
       48.2462153,
       -13.0780098
      ],
      [
       48.238443,
       -13.0800787
      ],
      [
       48.230741,
       -13.0823842
      ],
      [
       48.2231171,
       -13.0849239
      ],
      [
       48.2155786,
       -13.0876955
      ],
      [
       48.2081331,
       -13.0906961
      ],
      [
       48.2007878,
       -13.0939227
      ],
      [
       48.19355,
       -13.0973724
      ],
      [
       48.1864268,
       -13.1010415
      ],
      [
       48.1794252,
       -13.1049266
      ],
      [
       48.1725522,
       -13.1090237
      ],
      [
       48.1658144,
       -13.113329
      ],
      [
       48.1592186,
       -13.117838
      ],
      [
       48.1527712,
       -13.1225465
      ],
      [
       48.1464786,
       -13.1274496
      ],
      [
       48.140347,
       -13.1325428
      ],
      [
       48.1343825,
       -13.1378208
      ],
      [
       48.1285908,
       -13.1432785
      ],
      [
       48.1229778,
       -13.1489106
      ],
      [
       48.117549,
       -13.1547114
      ],
      [
       48.1123097,
       -13.1606754
      ],
      [
       48.1072652,
       -13.1667965
      ],
      [
       48.1024203,
       -13.1730689
      ],
      [
       48.0977799,
       -13.1794862
      ],
      [
       48.0933486,
       -13.1860422
      ],
      [
       48.0891307,
       -13.1927304
      ],
      [
       48.0851305,
       -13.1995442
      ],
      [
       48.0813518,
       -13.206477
      ],
      [
       48.0777985,
       -13.2135218
      ],
      [
       48.0744741,
       -13.2206718
      ],
      [
       48.0713818,
       -13.2279198
      ],
      [
       48.0685247,
       -13.2352588
      ],
      [
       48.0659056,
       -13.2426815
      ],
      [
       48.0635272,
       -13.2501806
      ],
      [
       48.0613919,
       -13.2577487
      ],
      [
       48.0595017,
       -13.2653784
      ],
      [
       48.0578585,
       -13.273062
      ],
      [
       48.056464,
       -13.2807921
      ],
      [
       48.0553196,
       -13.288561
      ],
      [
       48.0544265,
       -13.2963611
      ],
      [
       48.0537855,
       -13.3041846
      ],
      [
       48.0533973,
       -13.3120238
      ],
      [
       48.0532623,
       -13.319871
      ],
      [
       48.0533806,
       -13.3277185
      ],
      [
       48.0537523,
       -13.3355585
      ],
      [
       48.0543768,
       -13.3433833
      ],
      [
       48.0552537,
       -13.3511851
      ],
      [
       48.0563821,
       -13.3589563
      ],
      [
       48.0577609,
       -13.3666891
      ],
      [
       48.0593888,
       -13.374376
      ],
      [
       48.0612642,
       -13.3820093
      ],
      [
       48.0633852,
       -13.3895815
      ],
      [
       48.0657498,
       -13.3970852
      ],
      [
       48.0683557,
       -13.4045129
      ],
      [
       48.0712003,
       -13.4118572
      ],
      [
       48.0742809,
       -13.419111
      ],
      [
       48.0775943,
       -13.426267
      ],
      [
       48.0811374,
       -13.4333183
      ],
      [
       48.0849067,
       -13.4402577
      ],
      [
       48.0888985,
       -13.4470785
      ],
      [
       48.0931088,
       -13.453774
      ],
      [
       48.0975335,
       -13.4603374
      ],
      [
       48.1021682,
       -13.4667623
      ],
      [
       48.1070084,
       -13.4730424
      ],
      [
       48.1120494,
       -13.4791715
      ],
      [
       48.1172861,
       -13.4851434
      ],
      [
       48.1227133,
       -13.4909524
      ],
      [
       48.1283258,
       -13.4965925
      ],
      [
       48.1341179,
       -13.5020584
      ],
      [
       48.1400841,
       -13.5073444
      ],
      [
       48.1462183,
       -13.5124456
      ],
      [
       48.1525145,
       -13.5173567
      ],
      [
       48.1589665,
       -13.5220729
      ],
      [
       48.165568,
       -13.5265895
      ],
      [
       48.1723124,
       -13.5309022
      ],
      [
       48.179193,
       -13.5350066
      ],
      [
       48.186203,
       -13.5388986
      ],
      [
       48.1933356,
       -13.5425745
      ],
      [
       48.2005836,
       -13.5460305
      ],
      [
       48.2079399,
       -13.5492633
      ],
      [
       48.2153972,
       -13.5522696
      ],
      [
       48.2229481,
       -13.5550465
      ],
      [
       48.2305852,
       -13.5575912
      ],
      [
       48.2383009,
       -13.5599012
      ],
      [
       48.2460876,
       -13.5619743
      ],
      [
       48.2539376,
       -13.5638083
      ],
      [
       48.261843,
       -13.5654014
      ],
      [
       48.2697961,
       -13.5667522
      ],
      [
       48.277789,
       -13.5678592
      ],
      [
       48.2858138,
       -13.5687213
      ],
      [
       48.2938626,
       -13.5693377
      ],
      [
       48.3019273,
       -13.5697078
      ],
      [
       48.31,
       -13.5698312
      ],
      [
       48.3180727,
       -13.5697078
      ],
      [
       48.3261374,
       -13.5693377
      ],
      [
       48.3341862,
       -13.5687213
      ],
      [
       48.342211,
       -13.5678592
      ],
      [
       48.3502039,
       -13.5667522
      ],
      [
       48.358157,
       -13.5654014
      ],
      [
       48.3660624,
       -13.5638083
      ],
      [
       48.3739124,
       -13.5619743
      ],
      [
       48.3816991,
       -13.5599012
      ],
      [
       48.3894148,
       -13.5575912
      ],
      [
       48.3970519,
       -13.5550465
      ],
      [
       48.4046028,
       -13.5522696
      ],
      [
       48.4120601,
       -13.5492633
      ],
      [
       48.4194164,
       -13.5460305
      ],
      [
       48.4266644,
       -13.5425745
      ],
      [
       48.433797,
       -13.5388986
      ],
      [
       48.440807,
       -13.5350066
      ],
      [
       48.4476876,
       -13.5309022
      ],
      [
       48.454432,
       -13.5265895
      ],
      [
       48.4610335,
       -13.5220729
      ],
      [
       48.4674855,
       -13.5173567
      ],
      [
       48.4737817,
       -13.5124456
      ],
      [
       48.4799159,
       -13.5073444
      ],
      [
       48.4858821,
       -13.5020584
      ],
      [
       48.4916742,
       -13.4965925
      ],
      [
       48.4972867,
       -13.4909524
      ],
      [
       48.5027139,
       -13.4851434
      ],
      [
       48.5079506,
       -13.4791715
      ],
      [
       48.5129916,
       -13.4730424
      ],
      [
       48.5178318,
       -13.4667623
      ],
      [
       48.5224665,
       -13.4603374
      ],
      [
       48.5268912,
       -13.453774
      ],
      [
       48.5311015,
       -13.4470785
      ],
      [
       48.5350933,
       -13.4402577
      ],
      [
       48.5388626,
       -13.4333183
      ],
      [
       48.5424057,
       -13.426267
      ],
      [
       48.5457191,
       -13.419111
      ],
      [
       48.5487997,
       -13.4118572
      ],
      [
       48.5516443,
       -13.4045129
      ],
      [
       48.5542502,
       -13.3970852
      ],
      [
       48.5566148,
       -13.3895815
      ],
      [
       48.5587358,
       -13.3820093
      ],
      [
       48.5606112,
       -13.374376
      ],
      [
       48.5622391,
       -13.3666891
      ],
      [
       48.5636179,
       -13.3589563
      ],
      [
       48.5647463,
       -13.3511851
      ],
      [
       48.5656232,
       -13.3433833
      ],
      [
       48.5662477,
       -13.3355585
      ],
      [
       48.5666194,
       -13.3277185
      ],
      [
       48.5667377,
       -13.319871
      ],
      [
       48.5666027,
       -13.3120238
      ],
      [
       48.5662145,
       -13.3041846
      ],
      [
       48.5655735,
       -13.2963611
      ],
      [
       48.5646804,
       -13.288561
      ],
      [
       48.563536,
       -13.2807921
      ],
      [
       48.5621415,
       -13.273062
      ],
      [
       48.5604983,
       -13.2653784
      ],
      [
       48.5586081,
       -13.2577487
      ],
      [
       48.5564728,
       -13.2501806
      ],
      [
       48.5540944,
       -13.2426815
      ],
      [
       48.5514753,
       -13.2352588
      ],
      [
       48.5486182,
       -13.2279198
      ],
      [
       48.5455259,
       -13.2206718
      ],
      [
       48.5422015,
       -13.2135218
      ],
      [
       48.5386482,
       -13.206477
      ],
      [
       48.5348695,
       -13.1995442
      ],
      [
       48.5308693,
       -13.1927304
      ],
      [
       48.5266514,
       -13.1860422
      ],
      [
       48.5222201,
       -13.1794862
      ],
      [
       48.5175797,
       -13.1730689
      ],
      [
       48.5127348,
       -13.1667965
      ],
      [
       48.5076903,
       -13.1606754
      ],
      [
       48.502451,
       -13.1547114
      ],
      [
       48.4970222,
       -13.1489106
      ],
      [
       48.4914092,
       -13.1432785
      ],
      [
       48.4856175,
       -13.1378208
      ],
      [
       48.479653,
       -13.1325428
      ],
      [
       48.4735214,
       -13.1274496
      ],
      [
       48.4672288,
       -13.1225465
      ],
      [
       48.4607814,
       -13.117838
      ],
      [
       48.4541856,
       -13.113329
      ],
      [
       48.4474478,
       -13.1090237
      ],
      [
       48.4405748,
       -13.1049266
      ],
      [
       48.4335732,
       -13.1010415
      ],
      [
       48.42645,
       -13.0973724
      ],
      [
       48.4192122,
       -13.0939227
      ],
      [
       48.4118669,
       -13.0906961
      ],
      [
       48.4044214,
       -13.0876955
      ],
      [
       48.3968829,
       -13.0849239
      ],
      [
       48.389259,
       -13.0823842
      ],
      [
       48.381557,
       -13.0800787
      ],
      [
       48.3737847,
       -13.0780098
      ],
      [
       48.3659496,
       -13.0761795
      ],
      [
       48.3580594,
       -13.0745895
      ],
      [
       48.350122,
       -13.0732415
      ],
      [
       48.3421451,
       -13.0721368
      ],
      [
       48.3341365,
       -13.0712764
      ],
      [
       48.3261042,
       -13.0706613
      ],
      [
       48.3180561,
       -13.070292
      ],
      [
       48.31,
       -13.0701688
      ]
     ]
    ]
   }
  },
  {
   "type": "Feature",
   "properties": {
    "ll": {
     "value": 0,
     "unit": 1,
     "referenceDatum": 0
    },
    "ul": {
     "value": 1969,
     "unit": 1,
     "referenceDatum": 0
    },
    "_id": "62cfcd4a9f7e2ede51a82722",
    "name": "CTR TOAMASINA",
    "type": 4,
    "icao": 3,
    "bnd": [
     [
      -18.4572749,
      49.0436687
     ],
     [
      -17.7910584,
      49.7446646
     ]
    ]
   },
   "geometry": {
    "type": "Polygon",
    "coordinates": [
     [
      [
       49.3941667,
       -17.7910584
      ],
      [
       49.383178,
       -17.7912225
      ],
      [
       49.3722002,
       -17.7917145
      ],
      [
       49.3612439,
       -17.792534
      ],
      [
       49.3503199,
       -17.7936801
      ],
      [
       49.3394389,
       -17.7951518
      ],
      [
       49.3286116,
       -17.7969476
      ],
      [
       49.3178487,
       -17.7990658
      ],
      [
       49.3071607,
       -17.8015042
      ],
      [
       49.2965581,
       -17.8042604
      ],
      [
       49.2860513,
       -17.8073318
      ],
      [
       49.2756506,
       -17.8107154
      ],
      [
       49.2653663,
       -17.8144078
      ],
      [
       49.2552084,
       -17.8184054
      ],
      [
       49.2451869,
       -17.8227042
      ],
      [
       49.2353117,
       -17.8273002
      ],
      [
       49.2255925,
       -17.8321886
      ],
      [
       49.2160388,
       -17.8373648
      ],
      [
       49.2066601,
       -17.8428237
      ],
      [
       49.1974655,
       -17.8485598
      ],
      [
       49.1884641,
       -17.8545676
      ],
      [
       49.1796649,
       -17.8608412
      ],
      [
       49.1710763,
       -17.8673743
      ],
      [
       49.162707,
       -17.8741607
      ],
      [
       49.1545651,
       -17.8811935
      ],
      [
       49.1466587,
       -17.888466
      ],
      [
       49.1389956,
       -17.8959708
      ],
      [
       49.1315833,
       -17.9037008
      ],
      [
       49.1244292,
       -17.9116482
      ],
      [
       49.1175403,
       -17.9198053
      ],
      [
       49.1109235,
       -17.9281641
      ],
      [
       49.1045852,
       -17.9367162
      ],
      [
       49.0985318,
       -17.9454533
      ],
      [
       49.0927693,
       -17.9543669
      ],
      [
       49.0873034,
       -17.9634481
      ],
      [
       49.0821395,
       -17.972688
      ],
      [
       49.0772827,
       -17.9820774
      ],
      [
       49.0727378,
       -17.9916073
      ],
      [
       49.0685095,
       -18.0012681
      ],
      [
       49.0646018,
       -18.0110504
      ],
      [
       49.0610188,
       -18.0209446
      ],
      [
       49.057764,
       -18.0309408
      ],
      [
       49.0548406,
       -18.0410292
      ],
      [
       49.0522516,
       -18.0512
      ],
      [
       49.0499996,
       -18.061443
      ],
      [
       49.0480868,
       -18.0717482
      ],
      [
       49.0465153,
       -18.0821055
      ],
      [
       49.0452867,
       -18.0925045
      ],
      [
       49.0444021,
       -18.1029351
      ],
      [
       49.0438626,
       -18.1133869
      ],
      [
       49.0436687,
       -18.1238497
      ],
      [
       49.0438207,
       -18.1343131
      ],
      [
       49.0443185,
       -18.1447669
      ],
      [
       49.0451617,
       -18.1552006
      ],
      [
       49.0463495,
       -18.1656039
      ],
      [
       49.0478807,
       -18.1759667
      ],
      [
       49.049754,
       -18.1862787
      ],
      [
       49.0519676,
       -18.1965296
      ],
      [
       49.0545193,
       -18.2067094
      ],
      [
       49.0574066,
       -18.216808
      ],
      [
       49.0606268,
       -18.2268154
      ],
      [
       49.0641767,
       -18.2367217
      ],
      [
       49.0680529,
       -18.2465172
      ],
      [
       49.0722516,
       -18.2561921
      ],
      [
       49.0767688,
       -18.2657369
      ],
      [
       49.0815999,
       -18.2751421
      ],
      [
       49.0867402,
       -18.2843985
      ],
      [
       49.0921848,
       -18.2934968
      ],
      [
       49.0979283,
       -18.3024281
      ],
      [
       49.1039651,
       -18.3111835
      ],
      [
       49.1102891,
       -18.3197544
      ],
      [
       49.1168943,
       -18.3281322
      ],
      [
       49.123774,
       -18.3363088
      ],
      [
       49.1309216,
       -18.3442759
      ],
      [
       49.1383299,
       -18.3520256
      ],
      [
       49.1459917,
       -18.3595504
      ],
      [
       49.1538994,
       -18.3668428
      ],
      [
       49.1620452,
       -18.3738954
      ],
      [
       49.1704211,
       -18.3807014
      ],
      [
       49.1790188,
       -18.387254
      ],
      [
       49.1878298,
       -18.3935467
      ],
      [
       49.1968453,
       -18.3995733
      ],
      [
       49.2060566,
       -18.4053277
      ],
      [
       49.2154543,
       -18.4108043
      ],
      [
       49.2250293,
       -18.4159976
      ],
      [
       49.2347721,
       -18.4209025
      ],
      [
       49.244673,
       -18.4255142
      ],
      [
       49.2547221,
       -18.429828
      ],
      [
       49.2649097,
       -18.4338396
      ],
      [
       49.2752254,
       -18.4375452
      ],
      [
       49.2856592,
       -18.440941
      ],
      [
       49.2962007,
       -18.4440236
      ],
      [
       49.3068394,
       -18.44679
      ],
      [
       49.3175647,
       -18.4492374
      ],
      [
       49.3283661,
       -18.4513635
      ],
      [
       49.3392328,
       -18.453166
      ],
      [
       49.350154,
       -18.4546433
      ],
      [
       49.3611189,
       -18.4557938
      ],
      [
       49.3721166,
       -18.4566164
      ],
      [
       49.3831361,
       -18.4571102
      ],
      [
       49.3941667,
       -18.4572749
      ],
      [
       49.4051972,
       -18.4571102
      ],
      [
       49.4162168,
       -18.4566164
      ],
      [
       49.4272145,
       -18.4557938
      ],
      [
       49.4381793,
       -18.4546433
      ],
      [
       49.4491005,
       -18.453166
      ],
      [
       49.4599672,
       -18.4513635
      ],
      [
       49.4707686,
       -18.4492374
      ],
      [
       49.4814939,
       -18.44679
      ],
      [
       49.4921326,
       -18.4440236
      ],
      [
       49.5026741,
       -18.440941
      ],
      [
       49.5131079,
       -18.4375452
      ],
      [
       49.5234237,
       -18.4338396
      ],
      [
       49.5336112,
       -18.429828
      ],
      [
       49.5436604,
       -18.4255142
      ],
      [
       49.5535612,
       -18.4209025
      ],
      [
       49.563304,
       -18.4159976
      ],
      [
       49.572879,
       -18.4108043
      ],
      [
       49.5822768,
       -18.4053277
      ],
      [
       49.591488,
       -18.3995733
      ],
      [
       49.6005035,
       -18.3935467
      ],
      [
       49.6093145,
       -18.387254
      ],
      [
       49.6179122,
       -18.3807014
      ],
      [
       49.6262881,
       -18.3738954
      ],
      [
       49.6344339,
       -18.3668428
      ],
      [
       49.6423416,
       -18.3595504
      ],
      [
       49.6500034,
       -18.3520256
      ],
      [
       49.6574118,
       -18.3442759
      ],
      [
       49.6645593,
       -18.3363088
      ],
      [
       49.6714391,
       -18.3281322
      ],
      [
       49.6780442,
       -18.3197544
      ],
      [
       49.6843683,
       -18.3111835
      ],
      [
       49.690405,
       -18.3024281
      ],
      [
       49.6961485,
       -18.2934968
      ],
      [
       49.7015931,
       -18.2843985
      ],
      [
       49.7067335,
       -18.2751421
      ],
      [
       49.7115646,
       -18.2657369
      ],
      [
       49.7160817,
       -18.2561921
      ],
      [
       49.7202804,
       -18.2465172
      ],
      [
       49.7241566,
       -18.2367217
      ],
      [
       49.7277066,
       -18.2268154
      ],
      [
       49.7309268,
       -18.216808
      ],
      [
       49.7338141,
       -18.2067094
      ],
      [
       49.7363658,
       -18.1965296
      ],
      [
       49.7385793,
       -18.1862787
      ],
      [
       49.7404526,
       -18.1759667
      ],
      [
       49.7419839,
       -18.1656039
      ],
      [
       49.7431716,
       -18.1552006
      ],
      [
       49.7440148,
       -18.1447669
      ],
      [
       49.7445126,
       -18.1343131
      ],
      [
       49.7446646,
       -18.1238497
      ],
      [
       49.7444707,
       -18.1133869
      ],
      [
       49.7439312,
       -18.1029351
      ],
      [
       49.7430467,
       -18.0925045
      ],
      [
       49.741818,
       -18.0821055
      ],
      [
       49.7402465,
       -18.0717482
      ],
      [
       49.7383338,
       -18.061443
      ],
      [
       49.7360818,
       -18.0512
      ],
      [
       49.7334928,
       -18.0410292
      ],
      [
       49.7305694,
       -18.0309408
      ],
      [
       49.7273145,
       -18.0209446
      ],
      [
       49.7237315,
       -18.0110504
      ],
      [
       49.7198238,
       -18.0012681
      ],
      [
       49.7155955,
       -17.9916073
      ],
      [
       49.7110507,
       -17.9820774
      ],
      [
       49.7061939,
       -17.972688
      ],
      [
       49.7010299,
       -17.9634481
      ],
      [
       49.695564,
       -17.9543669
      ],
      [
       49.6898015,
       -17.9454533
      ],
      [
       49.6837481,
       -17.9367162
      ],
      [
       49.6774099,
       -17.9281641
      ],
      [
       49.670793,
       -17.9198053
      ],
      [
       49.6639042,
       -17.9116482
      ],
      [
       49.65675,
       -17.9037008
      ],
      [
       49.6493378,
       -17.8959708
      ],
      [
       49.6416746,
       -17.888466
      ],
      [
       49.6337682,
       -17.8811935
      ],
      [
       49.6256264,
       -17.8741607
      ],
      [
       49.617257,
       -17.8673743
      ],
      [
       49.6086685,
       -17.8608412
      ],
      [
       49.5998692,
       -17.8545676
      ],
      [
       49.5908678,
       -17.8485598
      ],
      [
       49.5816733,
       -17.8428237
      ],
      [
       49.5722945,
       -17.8373648
      ],
      [
       49.5627408,
       -17.8321886
      ],
      [
       49.5530216,
       -17.8273002
      ],
      [
       49.5431464,
       -17.8227042
      ],
      [
       49.533125,
       -17.8184054
      ],
      [
       49.5229671,
       -17.8144078
      ],
      [
       49.5126827,
       -17.8107154
      ],
      [
       49.502282,
       -17.8073318
      ],
      [
       49.4917752,
       -17.8042604
      ],
      [
       49.4811726,
       -17.8015042
      ],
      [
       49.4704846,
       -17.7990658
      ],
      [
       49.4597217,
       -17.7969476
      ],
      [
       49.4488944,
       -17.7951518
      ],
      [
       49.4380135,
       -17.7936801
      ],
      [
       49.4270895,
       -17.792534
      ],
      [
       49.4161332,
       -17.7917145
      ],
      [
       49.4051553,
       -17.7912225
      ],
      [
       49.3941667,
       -17.7910584
      ]
     ]
    ]
   }
  },
  {
   "type": "Feature",
   "properties": {
    "ll": {
     "value": 0,
     "unit": 1,
     "referenceDatum": 0
    },
    "ul": {
     "value": 2000,
     "unit": 1,
     "referenceDatum": 0
    },
    "_id": "62cfcd4b9f7e2ede51a82754",
    "name": "FIANARANTSOA FIZ",
    "type": 6,
    "icao": 7,
    "bnd": [
     [
      -21.7736638,
      46.7524043
     ],
     [
      -21.1074473,
      47.4681513
     ]
    ]
   },
   "geometry": {
    "type": "Polygon",
    "coordinates": [
     [
      [
       47.1102778,
       -21.1074473
      ],
      [
       47.0990621,
       -21.1076113
      ],
      [
       47.0878575,
       -21.1081031
      ],
      [
       47.0766749,
       -21.1089223
      ],
      [
       47.0655251,
       -21.110068
      ],
      [
       47.0544193,
       -21.1115392
      ],
      [
       47.0433682,
       -21.1133343
      ],
      [
       47.0323827,
       -21.1154516
      ],
      [
       47.0214736,
       -21.1178891
      ],
      [
       47.0106515,
       -21.1206444
      ],
      [
       46.9999271,
       -21.1237147
      ],
      [
       46.9893109,
       -21.1270971
      ],
      [
       46.9788134,
       -21.1307881
      ],
      [
       46.9684447,
       -21.1347843
      ],
      [
       46.9582152,
       -21.1390817
      ],
      [
       46.9481348,
       -21.143676
      ],
      [
       46.9382134,
       -21.1485629
      ],
      [
       46.9284609,
       -21.1537373
      ],
      [
       46.9188867,
       -21.1591944
      ],
      [
       46.9095004,
       -21.1649288
      ],
      [
       46.9003111,
       -21.1709347
      ],
      [
       46.8913278,
       -21.1772064
      ],
      [
       46.8825595,
       -21.1837376
      ],
      [
       46.8740147,
       -21.190522
      ],
      [
       46.8657019,
       -21.1975528
      ],
      [
       46.8576292,
       -21.2048233
      ],
      [
       46.8498047,
       -21.2123262
      ],
      [
       46.8422361,
       -21.2200542
      ],
      [
       46.8349308,
       -21.2279996
      ],
      [
       46.827896,
       -21.2361548
      ],
      [
       46.8211388,
       -21.2445116
      ],
      [
       46.8146657,
       -21.2530619
      ],
      [
       46.8084833,
       -21.2617972
      ],
      [
       46.8025976,
       -21.270709
      ],
      [
       46.7970145,
       -21.2797884
      ],
      [
       46.7917395,
       -21.2890267
      ],
      [
       46.7867779,
       -21.2984146
      ],
      [
       46.7821346,
       -21.3079429
      ],
      [
       46.7778143,
       -21.3176024
      ],
      [
       46.7738212,
       -21.3273833
      ],
      [
       46.7701594,
       -21.3372763
      ],
      [
       46.7668325,
       -21.3472713
      ],
      [
       46.763844,
       -21.3573588
      ],
      [
       46.7611967,
       -21.3675286
      ],
      [
       46.7588934,
       -21.3777709
      ],
      [
       46.7569364,
       -21.3880754
      ],
      [
       46.7553277,
       -21.3984321
      ],
      [
       46.754069,
       -21.4088307
      ],
      [
       46.7531616,
       -21.4192609
      ],
      [
       46.7526065,
       -21.4297126
      ],
      [
       46.7524043,
       -21.4401753
      ],
      [
       46.7525552,
       -21.4506388
      ],
      [
       46.7530592,
       -21.4610927
      ],
      [
       46.7539159,
       -21.4715267
      ],
      [
       46.7551245,
       -21.4819305
      ],
      [
       46.7566839,
       -21.4922938
      ],
      [
       46.7585926,
       -21.5026064
      ],
      [
       46.7608488,
       -21.5128581
      ],
      [
       46.7634503,
       -21.5230388
      ],
      [
       46.7663947,
       -21.5331384
      ],
      [
       46.7696791,
       -21.5431469
      ],
      [
       46.7733004,
       -21.5530545
      ],
      [
       46.7772549,
       -21.5628513
      ],
      [
       46.781539,
       -21.5725276
      ],
      [
       46.7861483,
       -21.5820739
      ],
      [
       46.7910784,
       -21.5914807
      ],
      [
       46.7963246,
       -21.6007387
      ],
      [
       46.8018816,
       -21.6098387
      ],
      [
       46.807744,
       -21.6187717
      ],
      [
       46.813906,
       -21.627529
      ],
      [
       46.8203617,
       -21.6361017
      ],
      [
       46.8271046,
       -21.6444815
      ],
      [
       46.8341282,
       -21.6526599
      ],
      [
       46.8414254,
       -21.660629
      ],
      [
       46.8489893,
       -21.6683808
      ],
      [
       46.8568122,
       -21.6759076
      ],
      [
       46.8648864,
       -21.6832019
      ],
      [
       46.873204,
       -21.6902565
      ],
      [
       46.8817569,
       -21.6970645
      ],
      [
       46.8905364,
       -21.7036191
      ],
      [
       46.899534,
       -21.7099137
      ],
      [
       46.9087407,
       -21.7159421
      ],
      [
       46.9181474,
       -21.7216983
      ],
      [
       46.9277449,
       -21.7271767
      ],
      [
       46.9375235,
       -21.7323717
      ],
      [
       46.9474737,
       -21.7372783
      ],
      [
       46.9575856,
       -21.7418915
      ],
      [
       46.9678491,
       -21.7462068
      ],
      [
       46.978254,
       -21.7502199
      ],
      [
       46.9887901,
       -21.7539268
      ],
      [
       46.9994468,
       -21.7573238
      ],
      [
       47.0102137,
       -21.7604075
      ],
      [
       47.0210799,
       -21.7631749
      ],
      [
       47.0320348,
       -21.7656233
      ],
      [
       47.0430674,
       -21.7677501
      ],
      [
       47.0541668,
       -21.7695533
      ],
      [
       47.0653219,
       -21.7710311
      ],
      [
       47.0765217,
       -21.7721821
      ],
      [
       47.0877551,
       -21.773005
      ],
      [
       47.0990108,
       -21.7734991
      ],
      [
       47.1102778,
       -21.7736638
      ],
      [
       47.1215447,
       -21.7734991
      ],
      [
       47.1328005,
       -21.773005
      ],
      [
       47.1440338,
       -21.7721821
      ],
      [
       47.1552336,
       -21.7710311
      ],
      [
       47.1663888,
       -21.7695533
      ],
      [
       47.1774882,
       -21.7677501
      ],
      [
       47.1885208,
       -21.7656233
      ],
      [
       47.1994756,
       -21.7631749
      ],
      [
       47.2103419,
       -21.7604075
      ],
      [
       47.2211087,
       -21.7573238
      ],
      [
       47.2317655,
       -21.7539268
      ],
      [
       47.2423015,
       -21.7502199
      ],
      [
       47.2527065,
       -21.7462068
      ],
      [
       47.26297,
       -21.7418915
      ],
      [
       47.2730818,
       -21.7372783
      ],
      [
       47.283032,
       -21.7323717
      ],
      [
       47.2928107,
       -21.7271767
      ],
      [
       47.3024081,
       -21.7216983
      ],
      [
       47.3118149,
       -21.7159421
      ],
      [
       47.3210216,
       -21.7099137
      ],
      [
       47.3300192,
       -21.7036191
      ],
      [
       47.3387987,
       -21.6970645
      ],
      [
       47.3473515,
       -21.6902565
      ],
      [
       47.3556692,
       -21.6832019
      ],
      [
       47.3637434,
       -21.6759076
      ],
      [
       47.3715663,
       -21.6683808
      ],
      [
       47.3791301,
       -21.660629
      ],
      [
       47.3864274,
       -21.6526599
      ],
      [
       47.393451,
       -21.6444815
      ],
      [
       47.4001939,
       -21.6361017
      ],
      [
       47.4066495,
       -21.627529
      ],
      [
       47.4128116,
       -21.6187717
      ],
      [
       47.418674,
       -21.6098387
      ],
      [
       47.424231,
       -21.6007387
      ],
      [
       47.4294771,
       -21.5914807
      ],
      [
       47.4344072,
       -21.5820739
      ],
      [
       47.4390166,
       -21.5725276
      ],
      [
       47.4433006,
       -21.5628513
      ],
      [
       47.4472552,
       -21.5530545
      ],
      [
       47.4508764,
       -21.5431469
      ],
      [
       47.4541608,
       -21.5331384
      ],
      [
       47.4571052,
       -21.5230388
      ],
      [
       47.4597068,
       -21.5128581
      ],
      [
       47.461963,
       -21.5026064
      ],
      [
       47.4638717,
       -21.4922938
      ],
      [
       47.465431,
       -21.4819305
      ],
      [
       47.4666396,
       -21.4715267
      ],
      [
       47.4674963,
       -21.4610927
      ],
      [
       47.4680003,
       -21.4506388
      ],
      [
       47.4681513,
       -21.4401753
      ],
      [
       47.467949,
       -21.4297126
      ],
      [
       47.4673939,
       -21.4192609
      ],
      [
       47.4664865,
       -21.4088307
      ],
      [
       47.4652278,
       -21.3984321
      ],
      [
       47.4636192,
       -21.3880754
      ],
      [
       47.4616622,
       -21.3777709
      ],
      [
       47.4593589,
       -21.3675286
      ],
      [
       47.4567116,
       -21.3573588
      ],
      [
       47.453723,
       -21.3472713
      ],
      [
       47.4503962,
       -21.3372763
      ],
      [
       47.4467344,
       -21.3273833
      ],
      [
       47.4427413,
       -21.3176024
      ],
      [
       47.438421,
       -21.3079429
      ],
      [
       47.4337777,
       -21.2984146
      ],
      [
       47.4288161,
       -21.2890267
      ],
      [
       47.4235411,
       -21.2797884
      ],
      [
       47.417958,
       -21.270709
      ],
      [
       47.4120723,
       -21.2617972
      ],
      [
       47.4058898,
       -21.2530619
      ],
      [
       47.3994168,
       -21.2445116
      ],
      [
       47.3926595,
       -21.2361548
      ],
      [
       47.3856248,
       -21.2279996
      ],
      [
       47.3783195,
       -21.2200542
      ],
      [
       47.3707508,
       -21.2123262
      ],
      [
       47.3629263,
       -21.2048233
      ],
      [
       47.3548537,
       -21.1975528
      ],
      [
       47.3465409,
       -21.190522
      ],
      [
       47.3379961,
       -21.1837376
      ],
      [
       47.3292277,
       -21.1772064
      ],
      [
       47.3202445,
       -21.1709347
      ],
      [
       47.3110552,
       -21.1649288
      ],
      [
       47.3016688,
       -21.1591944
      ],
      [
       47.2920947,
       -21.1537373
      ],
      [
       47.2823421,
       -21.1485629
      ],
      [
       47.2724208,
       -21.143676
      ],
      [
       47.2623404,
       -21.1390817
      ],
      [
       47.2521108,
       -21.1347843
      ],
      [
       47.2417422,
       -21.1307881
      ],
      [
       47.2312446,
       -21.1270971
      ],
      [
       47.2206284,
       -21.1237147
      ],
      [
       47.2099041,
       -21.1206444
      ],
      [
       47.199082,
       -21.1178891
      ],
      [
       47.1881729,
       -21.1154516
      ],
      [
       47.1771874,
       -21.1133343
      ],
      [
       47.1661363,
       -21.1115392
      ],
      [
       47.1550304,
       -21.110068
      ],
      [
       47.1438807,
       -21.1089223
      ],
      [
       47.132698,
       -21.1081031
      ],
      [
       47.1214934,
       -21.1076113
      ],
      [
       47.1102778,
       -21.1074473
      ]
     ]
    ]
   }
  },
  {
   "type": "Feature",
   "properties": {
    "ll": {
     "value": 0,
     "unit": 1,
     "referenceDatum": 0
    },
    "ul": {
     "value": 16404,
     "unit": 1,
     "referenceDatum": 1
    },
    "_id": "62cfcd449f7e2ede51a82574",
    "name": "FM-D03 ANKAZOBE NOTAM",
    "type": 2,
    "icao": 7,
    "bnd": [
     [
      -18.2894444,
      47.2102778
     ],
     [
      -18.2077778,
      47.2688889
     ]
    ]
   },
   "geometry": {
    "type": "Polygon",
    "coordinates": [
     [
      [
       47.2222222,
       -18.2077778
      ],
      [
       47.2647222,
       -18.2077778
      ],
      [
       47.2533333,
       -18.2316667
      ],
      [
       47.2688889,
       -18.2702778
      ],
      [
       47.2366667,
       -18.2894444
      ],
      [
       47.2166667,
       -18.2797222
      ],
      [
       47.2102778,
       -18.25
      ],
      [
       47.2222222,
       -18.2077778
      ]
     ]
    ]
   }
  },
  {
   "type": "Feature",
   "properties": {
    "ll": {
     "value": 0,
     "unit": 1,
     "referenceDatum": 0
    },
    "ul": {
     "value": 14764,
     "unit": 1,
     "referenceDatum": 1
    },
    "_id": "62cfcd449f7e2ede51a8257f",
    "name": "FM-D05 MANGOAKA ANTSIRANANA NOTAM",
    "type": 2,
    "icao": 7,
    "bnd": [
     [
      -12.3,
      49.1083333
     ],
     [
      -12.2555556,
      49.1833333
     ]
    ]
   },
   "geometry": {
    "type": "Polygon",
    "coordinates": [
     [
      [
       49.1833333,
       -12.2555556
      ],
      [
       49.1777778,
       -12.3
      ],
      [
       49.1083333,
       -12.2772222
      ],
      [
       49.1125,
       -12.2597222
      ],
      [
       49.1833333,
       -12.2555556
      ]
     ]
    ]
   }
  },
  {
   "type": "Feature",
   "properties": {
    "ll": {
     "value": 0,
     "unit": 1,
     "referenceDatum": 0
    },
    "ul": {
     "value": 44619,
     "unit": 1,
     "referenceDatum": 1
    },
    "_id": "62cfcd449f7e2ede51a82589",
    "name": "FM-D06 ORANGEA NOTAM",
    "type": 2,
    "icao": 7,
    "bnd": [
     [
      -12.3633333,
      49.3666667
     ],
     [
      -12.0538889,
      49.5691216
     ]
    ]
   },
   "geometry": {
    "type": "Polygon",
    "coordinates": [
     [
      [
       49.3861111,
       -12.0538889
      ],
      [
       49.3861111,
       -12.0538889
      ],
      [
       49.3922693,
       -12.0544099
      ],
      [
       49.3984078,
       -12.0551196
      ],
      [
       49.4045205,
       -12.0560175
      ],
      [
       49.4106014,
       -12.0571025
      ],
      [
       49.4166444,
       -12.0583736
      ],
      [
       49.4226438,
       -12.0598297
      ],
      [
       49.4285935,
       -12.0614691
      ],
      [
       49.4344876,
       -12.0632904
      ],
      [
       49.4403205,
       -12.0652917
      ],
      [
       49.4460862,
       -12.0674711
      ],
      [
       49.4517793,
       -12.0698264
      ],
      [
       49.4573939,
       -12.0723553
      ],
      [
       49.4629247,
       -12.0750553
      ],
      [
       49.4683661,
       -12.0779237
      ],
      [
       49.4737129,
       -12.0809577
      ],
      [
       49.4789596,
       -12.0841544
      ],
      [
       49.4841013,
       -12.0875106
      ],
      [
       49.4891327,
       -12.0910229
      ],
      [
       49.4940489,
       -12.0946879
      ],
      [
       49.4988451,
       -12.0985021
      ],
      [
       49.5035165,
       -12.1024616
      ],
      [
       49.5080586,
       -12.1065625
      ],
      [
       49.5124669,
       -12.1108009
      ],
      [
       49.5167369,
       -12.1151724
      ],
      [
       49.5208646,
       -12.1196729
      ],
      [
       49.5248457,
       -12.1242979
      ],
      [
       49.5286765,
       -12.1290428
      ],
      [
       49.532353,
       -12.1339029
      ],
      [
       49.5358717,
       -12.1388735
      ],
      [
       49.5392291,
       -12.1439497
      ],
      [
       49.5424219,
       -12.1491264
      ],
      [
       49.5454469,
       -12.1543986
      ],
      [
       49.5483012,
       -12.1597611
      ],
      [
       49.5509818,
       -12.1652085
      ],
      [
       49.5534862,
       -12.1707355
      ],
      [
       49.5558118,
       -12.1763366
      ],
      [
       49.5579564,
       -12.1820064
      ],
      [
       49.5599179,
       -12.1877392
      ],
      [
       49.5616942,
       -12.1935294
      ],
      [
       49.5632837,
       -12.1993713
      ],
      [
       49.5646847,
       -12.2052591
      ],
      [
       49.5658959,
       -12.2111869
      ],
      [
       49.566916,
       -12.2171491
      ],
      [
       49.567744,
       -12.2231396
      ],
      [
       49.5683791,
       -12.2291525
      ],
      [
       49.5688207,
       -12.235182
      ],
      [
       49.5690683,
       -12.2412221
      ],
      [
       49.5691216,
       -12.2472668
      ],
      [
       49.5689806,
       -12.2533102
      ],
      [
       49.5686455,
       -12.2593462
      ],
      [
       49.5681164,
       -12.265369
      ],
      [
       49.567394,
       -12.2713725
      ],
      [
       49.5664789,
       -12.277351
      ],
      [
       49.5653721,
       -12.2832983
      ],
      [
       49.5640745,
       -12.2892088
      ],
      [
       49.5625876,
       -12.2950765
      ],
      [
       49.5609126,
       -12.3008957
      ],
      [
       49.5590513,
       -12.3066606
      ],
      [
       49.5570055,
       -12.3123655
      ],
      [
       49.5547773,
       -12.3180048
      ],
      [
       49.5523687,
       -12.323573
      ],
      [
       49.5497822,
       -12.3290644
      ],
      [
       49.5470202,
       -12.3344737
      ],
      [
       49.5440856,
       -12.3397956
      ],
      [
       49.5409813,
       -12.3450248
      ],
      [
       49.5377101,
       -12.350156
      ],
      [
       49.5342755,
       -12.3551844
      ],
      [
       49.5306807,
       -12.3601048
      ],
      [
       49.5275,
       -12.3633333
      ],
      [
       49.5275,
       -12.3633333
      ],
      [
       49.3777778,
       -12.2583333
      ],
      [
       49.3666667,
       -12.2333333
      ],
      [
       49.3861111,
       -12.0538889
      ]
     ]
    ]
   }
  },
  {
   "type": "Feature",
   "properties": {
    "ll": {
     "value": 1640,
     "unit": 1,
     "referenceDatum": 0
    },
    "ul": {
     "value": 5741,
     "unit": 1,
     "referenceDatum": 1
    },
    "_id": "62cfcd449f7e2ede51a82593",
    "name": "FM-D07A AMPANGABE",
    "type": 2,
    "icao": 7,
    "bnd": [
     [
      -18.874602,
      47.3774103
     ],
     [
      -18.8476202,
      47.405923
     ]
    ]
   },
   "geometry": {
    "type": "Polygon",
    "coordinates": [
     [
      [
       47.3916667,
       -18.8476202
      ],
      [
       47.3912189,
       -18.8476269
      ],
      [
       47.3907716,
       -18.8476468
      ],
      [
       47.3903251,
       -18.8476801
      ],
      [
       47.38988,
       -18.8477266
      ],
      [
       47.3894367,
       -18.8477863
      ],
      [
       47.3889955,
       -18.8478592
      ],
      [
       47.388557,
       -18.8479451
      ],
      [
       47.3881215,
       -18.848044
      ],
      [
       47.3876896,
       -18.8481559
      ],
      [
       47.3872615,
       -18.8482805
      ],
      [
       47.3868379,
       -18.8484177
      ],
      [
       47.3864189,
       -18.8485675
      ],
      [
       47.3860052,
       -18.8487297
      ],
      [
       47.385597,
       -18.8489041
      ],
      [
       47.3851949,
       -18.8490905
      ],
      [
       47.3847991,
       -18.8492888
      ],
      [
       47.3844101,
       -18.8494988
      ],
      [
       47.3840282,
       -18.8497202
      ],
      [
       47.3836539,
       -18.8499529
      ],
      [
       47.3832875,
       -18.8501966
      ],
      [
       47.3829294,
       -18.850451
      ],
      [
       47.3825799,
       -18.850716
      ],
      [
       47.3822393,
       -18.8509912
      ],
      [
       47.3819081,
       -18.8512764
      ],
      [
       47.3815865,
       -18.8515713
      ],
      [
       47.3812748,
       -18.8518757
      ],
      [
       47.3809734,
       -18.8521891
      ],
      [
       47.3806825,
       -18.8525114
      ],
      [
       47.3804025,
       -18.8528421
      ],
      [
       47.3801336,
       -18.853181
      ],
      [
       47.379876,
       -18.8535277
      ],
      [
       47.3796301,
       -18.8538819
      ],
      [
       47.3793961,
       -18.8542433
      ],
      [
       47.3791742,
       -18.8546114
      ],
      [
       47.3789646,
       -18.8549859
      ],
      [
       47.3787675,
       -18.8553665
      ],
      [
       47.3785832,
       -18.8557528
      ],
      [
       47.3784118,
       -18.8561443
      ],
      [
       47.3782535,
       -18.8565408
      ],
      [
       47.3781084,
       -18.8569417
      ],
      [
       47.3779767,
       -18.8573468
      ],
      [
       47.3778585,
       -18.8577556
      ],
      [
       47.3777539,
       -18.8581676
      ],
      [
       47.377663,
       -18.8585826
      ],
      [
       47.377586,
       -18.8590001
      ],
      [
       47.3775228,
       -18.8594197
      ],
      [
       47.3774737,
       -18.859841
      ],
      [
       47.3774385,
       -18.8602635
      ],
      [
       47.3774174,
       -18.8606868
      ],
      [
       47.3774103,
       -18.8611106
      ],
      [
       47.3774173,
       -18.8615343
      ],
      [
       47.3774383,
       -18.8619577
      ],
      [
       47.3774734,
       -18.8623802
      ],
      [
       47.3775226,
       -18.8628014
      ],
      [
       47.3775856,
       -18.863221
      ],
      [
       47.3776626,
       -18.8636385
      ],
      [
       47.3777534,
       -18.8640535
      ],
      [
       47.3778579,
       -18.8644656
      ],
      [
       47.377976,
       -18.8648744
      ],
      [
       47.3781077,
       -18.8652795
      ],
      [
       47.3782527,
       -18.8656805
      ],
      [
       47.378411,
       -18.866077
      ],
      [
       47.3785824,
       -18.8664685
      ],
      [
       47.3787667,
       -18.8668548
      ],
      [
       47.3789637,
       -18.8672354
      ],
      [
       47.3791732,
       -18.86761
      ],
      [
       47.3793951,
       -18.8679781
      ],
      [
       47.3796291,
       -18.8683395
      ],
      [
       47.379875,
       -18.8686937
      ],
      [
       47.3801325,
       -18.8690405
      ],
      [
       47.3804014,
       -18.8693794
      ],
      [
       47.3806814,
       -18.8697102
      ],
      [
       47.3809722,
       -18.8700325
      ],
      [
       47.3812736,
       -18.870346
      ],
      [
       47.3815853,
       -18.8706503
      ],
      [
       47.3819069,
       -18.8709453
      ],
      [
       47.3822382,
       -18.8712305
      ],
      [
       47.3825787,
       -18.8715058
      ],
      [
       47.3829283,
       -18.8717708
      ],
      [
       47.3832864,
       -18.8720253
      ],
      [
       47.3836529,
       -18.872269
      ],
      [
       47.3840272,
       -18.8725017
      ],
      [
       47.3844091,
       -18.8727231
      ],
      [
       47.3847981,
       -18.8729331
      ],
      [
       47.3851939,
       -18.8731315
      ],
      [
       47.3855962,
       -18.8733179
      ],
      [
       47.3860044,
       -18.8734923
      ],
      [
       47.3864182,
       -18.8736545
      ],
      [
       47.3868371,
       -18.8738044
      ],
      [
       47.3872609,
       -18.8739417
      ],
      [
       47.387689,
       -18.8740663
      ],
      [
       47.388121,
       -18.8741781
      ],
      [
       47.3885565,
       -18.8742771
      ],
      [
       47.3889951,
       -18.874363
      ],
      [
       47.3894363,
       -18.8744359
      ],
      [
       47.3898797,
       -18.8744956
      ],
      [
       47.3903249,
       -18.8745421
      ],
      [
       47.3907714,
       -18.8745754
      ],
      [
       47.3912188,
       -18.8745953
      ],
      [
       47.3916667,
       -18.874602
      ],
      [
       47.3921145,
       -18.8745953
      ],
      [
       47.3925619,
       -18.8745754
      ],
      [
       47.3930084,
       -18.8745421
      ],
      [
       47.3934536,
       -18.8744956
      ],
      [
       47.393897,
       -18.8744359
      ],
      [
       47.3943383,
       -18.874363
      ],
      [
       47.3947768,
       -18.8742771
      ],
      [
       47.3952124,
       -18.8741781
      ],
      [
       47.3956444,
       -18.8740663
      ],
      [
       47.3960725,
       -18.8739417
      ],
      [
       47.3964962,
       -18.8738044
      ],
      [
       47.3969152,
       -18.8736545
      ],
      [
       47.397329,
       -18.8734923
      ],
      [
       47.3977372,
       -18.8733179
      ],
      [
       47.3981394,
       -18.8731315
      ],
      [
       47.3985352,
       -18.8729331
      ],
      [
       47.3989243,
       -18.8727231
      ],
      [
       47.3993061,
       -18.8725017
      ],
      [
       47.3996805,
       -18.872269
      ],
      [
       47.4000469,
       -18.8720253
      ],
      [
       47.4004051,
       -18.8717708
      ],
      [
       47.4007546,
       -18.8715058
      ],
      [
       47.4010951,
       -18.8712305
      ],
      [
       47.4014264,
       -18.8709453
      ],
      [
       47.401748,
       -18.8706503
      ],
      [
       47.4020597,
       -18.870346
      ],
      [
       47.4023611,
       -18.8700325
      ],
      [
       47.402652,
       -18.8697102
      ],
      [
       47.402932,
       -18.8693794
      ],
      [
       47.4032009,
       -18.8690405
      ],
      [
       47.4034584,
       -18.8686937
      ],
      [
       47.4037042,
       -18.8683395
      ],
      [
       47.4039382,
       -18.8679781
      ],
      [
       47.4041601,
       -18.86761
      ],
      [
       47.4043697,
       -18.8672354
      ],
      [
       47.4045667,
       -18.8668548
      ],
      [
       47.4047509,
       -18.8664685
      ],
      [
       47.4049223,
       -18.866077
      ],
      [
       47.4050806,
       -18.8656805
      ],
      [
       47.4052256,
       -18.8652795
      ],
      [
       47.4053573,
       -18.8648744
      ],
      [
       47.4054754,
       -18.8644656
      ],
      [
       47.40558,
       -18.8640535
      ],
      [
       47.4056707,
       -18.8636385
      ],
      [
       47.4057477,
       -18.863221
      ],
      [
       47.4058108,
       -18.8628014
      ],
      [
       47.4058599,
       -18.8623802
      ],
      [
       47.405895,
       -18.8619577
      ],
      [
       47.405916,
       -18.8615343
      ],
      [
       47.405923,
       -18.8611106
      ],
      [
       47.405916,
       -18.8606868
      ],
      [
       47.4058948,
       -18.8602635
      ],
      [
       47.4058597,
       -18.859841
      ],
      [
       47.4058105,
       -18.8594197
      ],
      [
       47.4057474,
       -18.8590001
      ],
      [
       47.4056703,
       -18.8585826
      ],
      [
       47.4055795,
       -18.8581676
      ],
      [
       47.4054749,
       -18.8577556
      ],
      [
       47.4053567,
       -18.8573468
      ],
      [
       47.405225,
       -18.8569417
      ],
      [
       47.4050799,
       -18.8565408
      ],
      [
       47.4049215,
       -18.8561443
      ],
      [
       47.4047501,
       -18.8557528
      ],
      [
       47.4045658,
       -18.8553665
      ],
      [
       47.4043687,
       -18.8549859
      ],
      [
       47.4041591,
       -18.8546114
      ],
      [
       47.4039372,
       -18.8542433
      ],
      [
       47.4037032,
       -18.8538819
      ],
      [
       47.4034573,
       -18.8535277
      ],
      [
       47.4031998,
       -18.853181
      ],
      [
       47.4029309,
       -18.8528421
      ],
      [
       47.4026508,
       -18.8525114
      ],
      [
       47.40236,
       -18.8521891
      ],
      [
       47.4020585,
       -18.8518757
      ],
      [
       47.4017469,
       -18.8515713
      ],
      [
       47.4014253,
       -18.8512764
      ],
      [
       47.401094,
       -18.8509912
      ],
      [
       47.4007535,
       -18.850716
      ],
      [
       47.4004039,
       -18.850451
      ],
      [
       47.4000458,
       -18.8501966
      ],
      [
       47.3996794,
       -18.8499529
      ],
      [
       47.3993051,
       -18.8497202
      ],
      [
       47.3989233,
       -18.8494988
      ],
      [
       47.3985342,
       -18.8492888
      ],
      [
       47.3981385,
       -18.8490905
      ],
      [
       47.3977363,
       -18.8489041
      ],
      [
       47.3973281,
       -18.8487297
      ],
      [
       47.3969144,
       -18.8485675
      ],
      [
       47.3964955,
       -18.8484177
      ],
      [
       47.3960718,
       -18.8482805
      ],
      [
       47.3956438,
       -18.8481559
      ],
      [
       47.3952118,
       -18.848044
      ],
      [
       47.3947764,
       -18.8479451
      ],
      [
       47.3943378,
       -18.8478592
      ],
      [
       47.3938967,
       -18.8477863
      ],
      [
       47.3934533,
       -18.8477266
      ],
      [
       47.3930082,
       -18.8476801
      ],
      [
       47.3925618,
       -18.8476468
      ],
      [
       47.3921144,
       -18.8476269
      ],
      [
       47.3916667,
       -18.8476202
      ]
     ]
    ]
   }
  },
  {
   "type": "Feature",
   "properties": {
    "ll": {
     "value": 0,
     "unit": 1,
     "referenceDatum": 0
    },
    "ul": {
     "value": 4101,
     "unit": 1,
     "referenceDatum": 1
    },
    "_id": "62cfcd459f7e2ede51a8259c",
    "name": "FM-D07B AMPANGABE",
    "type": 2,
    "icao": 7,
    "bnd": [
     [
      -18.874602,
      47.3774103
     ],
     [
      -18.8476202,
      47.405923
     ]
    ]
   },
   "geometry": {
    "type": "Polygon",
    "coordinates": [
     [
      [
       47.3916667,
       -18.8476202
      ],
      [
       47.3912189,
       -18.8476269
      ],
      [
       47.3907716,
       -18.8476468
      ],
      [
       47.3903251,
       -18.8476801
      ],
      [
       47.38988,
       -18.8477266
      ],
      [
       47.3894367,
       -18.8477863
      ],
      [
       47.3889955,
       -18.8478592
      ],
      [
       47.388557,
       -18.8479451
      ],
      [
       47.3881215,
       -18.848044
      ],
      [
       47.3876896,
       -18.8481559
      ],
      [
       47.3872615,
       -18.8482805
      ],
      [
       47.3868379,
       -18.8484177
      ],
      [
       47.3864189,
       -18.8485675
      ],
      [
       47.3860052,
       -18.8487297
      ],
      [
       47.385597,
       -18.8489041
      ],
      [
       47.3851949,
       -18.8490905
      ],
      [
       47.3847991,
       -18.8492888
      ],
      [
       47.3844101,
       -18.8494988
      ],
      [
       47.3840282,
       -18.8497202
      ],
      [
       47.3836539,
       -18.8499529
      ],
      [
       47.3832875,
       -18.8501966
      ],
      [
       47.3829294,
       -18.850451
      ],
      [
       47.3825799,
       -18.850716
      ],
      [
       47.3822393,
       -18.8509912
      ],
      [
       47.3819081,
       -18.8512764
      ],
      [
       47.3815865,
       -18.8515713
      ],
      [
       47.3812748,
       -18.8518757
      ],
      [
       47.3809734,
       -18.8521891
      ],
      [
       47.3806825,
       -18.8525114
      ],
      [
       47.3804025,
       -18.8528421
      ],
      [
       47.3801336,
       -18.853181
      ],
      [
       47.379876,
       -18.8535277
      ],
      [
       47.3796301,
       -18.8538819
      ],
      [
       47.3793961,
       -18.8542433
      ],
      [
       47.3791742,
       -18.8546114
      ],
      [
       47.3789646,
       -18.8549859
      ],
      [
       47.3787675,
       -18.8553665
      ],
      [
       47.3785832,
       -18.8557528
      ],
      [
       47.3784118,
       -18.8561443
      ],
      [
       47.3782535,
       -18.8565408
      ],
      [
       47.3781084,
       -18.8569417
      ],
      [
       47.3779767,
       -18.8573468
      ],
      [
       47.3778585,
       -18.8577556
      ],
      [
       47.3777539,
       -18.8581676
      ],
      [
       47.377663,
       -18.8585826
      ],
      [
       47.377586,
       -18.8590001
      ],
      [
       47.3775228,
       -18.8594197
      ],
      [
       47.3774737,
       -18.859841
      ],
      [
       47.3774385,
       -18.8602635
      ],
      [
       47.3774174,
       -18.8606868
      ],
      [
       47.3774103,
       -18.8611106
      ],
      [
       47.3774173,
       -18.8615343
      ],
      [
       47.3774383,
       -18.8619577
      ],
      [
       47.3774734,
       -18.8623802
      ],
      [
       47.3775226,
       -18.8628014
      ],
      [
       47.3775856,
       -18.863221
      ],
      [
       47.3776626,
       -18.8636385
      ],
      [
       47.3777534,
       -18.8640535
      ],
      [
       47.3778579,
       -18.8644656
      ],
      [
       47.377976,
       -18.8648744
      ],
      [
       47.3781077,
       -18.8652795
      ],
      [
       47.3782527,
       -18.8656805
      ],
      [
       47.378411,
       -18.866077
      ],
      [
       47.3785824,
       -18.8664685
      ],
      [
       47.3787667,
       -18.8668548
      ],
      [
       47.3789637,
       -18.8672354
      ],
      [
       47.3791732,
       -18.86761
      ],
      [
       47.3793951,
       -18.8679781
      ],
      [
       47.3796291,
       -18.8683395
      ],
      [
       47.379875,
       -18.8686937
      ],
      [
       47.3801325,
       -18.8690405
      ],
      [
       47.3804014,
       -18.8693794
      ],
      [
       47.3806814,
       -18.8697102
      ],
      [
       47.3809722,
       -18.8700325
      ],
      [
       47.3812736,
       -18.870346
      ],
      [
       47.3815853,
       -18.8706503
      ],
      [
       47.3819069,
       -18.8709453
      ],
      [
       47.3822382,
       -18.8712305
      ],
      [
       47.3825787,
       -18.8715058
      ],
      [
       47.3829283,
       -18.8717708
      ],
      [
       47.3832864,
       -18.8720253
      ],
      [
       47.3836529,
       -18.872269
      ],
      [
       47.3840272,
       -18.8725017
      ],
      [
       47.3844091,
       -18.8727231
      ],
      [
       47.3847981,
       -18.8729331
      ],
      [
       47.3851939,
       -18.8731315
      ],
      [
       47.3855962,
       -18.8733179
      ],
      [
       47.3860044,
       -18.8734923
      ],
      [
       47.3864182,
       -18.8736545
      ],
      [
       47.3868371,
       -18.8738044
      ],
      [
       47.3872609,
       -18.8739417
      ],
      [
       47.387689,
       -18.8740663
      ],
      [
       47.388121,
       -18.8741781
      ],
      [
       47.3885565,
       -18.8742771
      ],
      [
       47.3889951,
       -18.874363
      ],
      [
       47.3894363,
       -18.8744359
      ],
      [
       47.3898797,
       -18.8744956
      ],
      [
       47.3903249,
       -18.8745421
      ],
      [
       47.3907714,
       -18.8745754
      ],
      [
       47.3912188,
       -18.8745953
      ],
      [
       47.3916667,
       -18.874602
      ],
      [
       47.3921145,
       -18.8745953
      ],
      [
       47.3925619,
       -18.8745754
      ],
      [
       47.3930084,
       -18.8745421
      ],
      [
       47.3934536,
       -18.8744956
      ],
      [
       47.393897,
       -18.8744359
      ],
      [
       47.3943383,
       -18.874363
      ],
      [
       47.3947768,
       -18.8742771
      ],
      [
       47.3952124,
       -18.8741781
      ],
      [
       47.3956444,
       -18.8740663
      ],
      [
       47.3960725,
       -18.8739417
      ],
      [
       47.3964962,
       -18.8738044
      ],
      [
       47.3969152,
       -18.8736545
      ],
      [
       47.397329,
       -18.8734923
      ],
      [
       47.3977372,
       -18.8733179
      ],
      [
       47.3981394,
       -18.8731315
      ],
      [
       47.3985352,
       -18.8729331
      ],
      [
       47.3989243,
       -18.8727231
      ],
      [
       47.3993061,
       -18.8725017
      ],
      [
       47.3996805,
       -18.872269
      ],
      [
       47.4000469,
       -18.8720253
      ],
      [
       47.4004051,
       -18.8717708
      ],
      [
       47.4007546,
       -18.8715058
      ],
      [
       47.4010951,
       -18.8712305
      ],
      [
       47.4014264,
       -18.8709453
      ],
      [
       47.401748,
       -18.8706503
      ],
      [
       47.4020597,
       -18.870346
      ],
      [
       47.4023611,
       -18.8700325
      ],
      [
       47.402652,
       -18.8697102
      ],
      [
       47.402932,
       -18.8693794
      ],
      [
       47.4032009,
       -18.8690405
      ],
      [
       47.4034584,
       -18.8686937
      ],
      [
       47.4037042,
       -18.8683395
      ],
      [
       47.4039382,
       -18.8679781
      ],
      [
       47.4041601,
       -18.86761
      ],
      [
       47.4043697,
       -18.8672354
      ],
      [
       47.4045667,
       -18.8668548
      ],
      [
       47.4047509,
       -18.8664685
      ],
      [
       47.4049223,
       -18.866077
      ],
      [
       47.4050806,
       -18.8656805
      ],
      [
       47.4052256,
       -18.8652795
      ],
      [
       47.4053573,
       -18.8648744
      ],
      [
       47.4054754,
       -18.8644656
      ],
      [
       47.40558,
       -18.8640535
      ],
      [
       47.4056707,
       -18.8636385
      ],
      [
       47.4057477,
       -18.863221
      ],
      [
       47.4058108,
       -18.8628014
      ],
      [
       47.4058599,
       -18.8623802
      ],
      [
       47.405895,
       -18.8619577
      ],
      [
       47.405916,
       -18.8615343
      ],
      [
       47.405923,
       -18.8611106
      ],
      [
       47.405916,
       -18.8606868
      ],
      [
       47.4058948,
       -18.8602635
      ],
      [
       47.4058597,
       -18.859841
      ],
      [
       47.4058105,
       -18.8594197
      ],
      [
       47.4057474,
       -18.8590001
      ],
      [
       47.4056703,
       -18.8585826
      ],
      [
       47.4055795,
       -18.8581676
      ],
      [
       47.4054749,
       -18.8577556
      ],
      [
       47.4053567,
       -18.8573468
      ],
      [
       47.405225,
       -18.8569417
      ],
      [
       47.4050799,
       -18.8565408
      ],
      [
       47.4049215,
       -18.8561443
      ],
      [
       47.4047501,
       -18.8557528
      ],
      [
       47.4045658,
       -18.8553665
      ],
      [
       47.4043687,
       -18.8549859
      ],
      [
       47.4041591,
       -18.8546114
      ],
      [
       47.4039372,
       -18.8542433
      ],
      [
       47.4037032,
       -18.8538819
      ],
      [
       47.4034573,
       -18.8535277
      ],
      [
       47.4031998,
       -18.853181
      ],
      [
       47.4029309,
       -18.8528421
      ],
      [
       47.4026508,
       -18.8525114
      ],
      [
       47.40236,
       -18.8521891
      ],
      [
       47.4020585,
       -18.8518757
      ],
      [
       47.4017469,
       -18.8515713
      ],
      [
       47.4014253,
       -18.8512764
      ],
      [
       47.401094,
       -18.8509912
      ],
      [
       47.4007535,
       -18.850716
      ],
      [
       47.4004039,
       -18.850451
      ],
      [
       47.4000458,
       -18.8501966
      ],
      [
       47.3996794,
       -18.8499529
      ],
      [
       47.3993051,
       -18.8497202
      ],
      [
       47.3989233,
       -18.8494988
      ],
      [
       47.3985342,
       -18.8492888
      ],
      [
       47.3981385,
       -18.8490905
      ],
      [
       47.3977363,
       -18.8489041
      ],
      [
       47.3973281,
       -18.8487297
      ],
      [
       47.3969144,
       -18.8485675
      ],
      [
       47.3964955,
       -18.8484177
      ],
      [
       47.3960718,
       -18.8482805
      ],
      [
       47.3956438,
       -18.8481559
      ],
      [
       47.3952118,
       -18.848044
      ],
      [
       47.3947764,
       -18.8479451
      ],
      [
       47.3943378,
       -18.8478592
      ],
      [
       47.3938967,
       -18.8477863
      ],
      [
       47.3934533,
       -18.8477266
      ],
      [
       47.3930082,
       -18.8476801
      ],
      [
       47.3925618,
       -18.8476468
      ],
      [
       47.3921144,
       -18.8476269
      ],
      [
       47.3916667,
       -18.8476202
      ]
     ]
    ]
   }
  },
  {
   "type": "Feature",
   "properties": {
    "ll": {
     "value": 0,
     "unit": 1,
     "referenceDatum": 0
    },
    "ul": {
     "value": 1312,
     "unit": 1,
     "referenceDatum": 0
    },
    "_id": "62cfcd459f7e2ede51a825a6",
    "name": "FM-D08 CAMP DE BROUSSE D:AMBATOLAONA",
    "type": 2,
    "icao": 7,
    "bnd": [
     [
      -18.9526424,
      47.853637
     ],
     [
      -18.880691,
      47.9296963
     ]
    ]
   },
   "geometry": {
    "type": "Polygon",
    "coordinates": [
     [
      [
       47.8916667,
       -18.880691
      ],
      [
       47.8904724,
       -18.8807087
      ],
      [
       47.8892793,
       -18.8807619
      ],
      [
       47.8880885,
       -18.8808506
      ],
      [
       47.8869013,
       -18.8809746
      ],
      [
       47.8857188,
       -18.8811338
      ],
      [
       47.8845421,
       -18.8813281
      ],
      [
       47.8833725,
       -18.8815572
      ],
      [
       47.8822111,
       -18.881821
      ],
      [
       47.8810589,
       -18.8821191
      ],
      [
       47.8799173,
       -18.8824514
      ],
      [
       47.8787872,
       -18.8828174
      ],
      [
       47.8776698,
       -18.8832168
      ],
      [
       47.8765663,
       -18.8836492
      ],
      [
       47.8754776,
       -18.8841142
      ],
      [
       47.8744049,
       -18.8846113
      ],
      [
       47.8733492,
       -18.88514
      ],
      [
       47.8723116,
       -18.8856999
      ],
      [
       47.8712931,
       -18.8862903
      ],
      [
       47.8702946,
       -18.8869106
      ],
      [
       47.8693173,
       -18.8875604
      ],
      [
       47.868362,
       -18.8882388
      ],
      [
       47.8674297,
       -18.8889453
      ],
      [
       47.8665213,
       -18.8896792
      ],
      [
       47.8656377,
       -18.8904397
      ],
      [
       47.8647797,
       -18.8912261
      ],
      [
       47.8639483,
       -18.8920376
      ],
      [
       47.8631443,
       -18.8928733
      ],
      [
       47.8623683,
       -18.8937326
      ],
      [
       47.8616213,
       -18.8946145
      ],
      [
       47.8609039,
       -18.8955182
      ],
      [
       47.8602169,
       -18.8964427
      ],
      [
       47.8595609,
       -18.8973872
      ],
      [
       47.8589365,
       -18.8983507
      ],
      [
       47.8583445,
       -18.8993323
      ],
      [
       47.8577853,
       -18.900331
      ],
      [
       47.8572596,
       -18.9013458
      ],
      [
       47.8567678,
       -18.9023757
      ],
      [
       47.8563104,
       -18.9034198
      ],
      [
       47.8558879,
       -18.9044769
      ],
      [
       47.8555007,
       -18.9055461
      ],
      [
       47.8551492,
       -18.9066262
      ],
      [
       47.8548338,
       -18.9077162
      ],
      [
       47.8545547,
       -18.9088151
      ],
      [
       47.8543122,
       -18.9099218
      ],
      [
       47.8541065,
       -18.9110351
      ],
      [
       47.8539379,
       -18.9121539
      ],
      [
       47.8538066,
       -18.9132772
      ],
      [
       47.8537126,
       -18.9144039
      ],
      [
       47.8536561,
       -18.9155328
      ],
      [
       47.853637,
       -18.9166628
      ],
      [
       47.8536555,
       -18.9177928
      ],
      [
       47.8537116,
       -18.9189217
      ],
      [
       47.853805,
       -18.9200484
      ],
      [
       47.8539359,
       -18.9211718
      ],
      [
       47.854104,
       -18.9222907
      ],
      [
       47.8543091,
       -18.9234041
      ],
      [
       47.8545512,
       -18.9245108
      ],
      [
       47.8548298,
       -18.9256098
      ],
      [
       47.8551449,
       -18.9267
      ],
      [
       47.8554959,
       -18.9277803
      ],
      [
       47.8558827,
       -18.9288496
      ],
      [
       47.8563048,
       -18.9299069
      ],
      [
       47.8567618,
       -18.9309511
      ],
      [
       47.8572533,
       -18.9319812
      ],
      [
       47.8577787,
       -18.9329962
      ],
      [
       47.8583376,
       -18.9339951
      ],
      [
       47.8589294,
       -18.9349769
      ],
      [
       47.8595535,
       -18.9359406
      ],
      [
       47.8602093,
       -18.9368854
      ],
      [
       47.8608962,
       -18.9378101
      ],
      [
       47.8616134,
       -18.938714
      ],
      [
       47.8623603,
       -18.9395961
      ],
      [
       47.8631362,
       -18.9404556
      ],
      [
       47.8639402,
       -18.9412917
      ],
      [
       47.8647716,
       -18.9421034
      ],
      [
       47.8656295,
       -18.94289
      ],
      [
       47.8665132,
       -18.9436507
      ],
      [
       47.8674216,
       -18.9443848
      ],
      [
       47.8683541,
       -18.9450916
      ],
      [
       47.8693095,
       -18.9457703
      ],
      [
       47.870287,
       -18.9464202
      ],
      [
       47.8712857,
       -18.9470408
      ],
      [
       47.8723044,
       -18.9476315
      ],
      [
       47.8733423,
       -18.9481915
      ],
      [
       47.8743983,
       -18.9487204
      ],
      [
       47.8754713,
       -18.9492177
      ],
      [
       47.8765603,
       -18.9496829
      ],
      [
       47.8776642,
       -18.9501155
      ],
      [
       47.878782,
       -18.9505151
      ],
      [
       47.8799125,
       -18.9508812
      ],
      [
       47.8810545,
       -18.9512136
      ],
      [
       47.8822071,
       -18.9515119
      ],
      [
       47.883369,
       -18.9517758
      ],
      [
       47.8845391,
       -18.952005
      ],
      [
       47.8857163,
       -18.9521993
      ],
      [
       47.8868993,
       -18.9523586
      ],
      [
       47.888087,
       -18.9524827
      ],
      [
       47.8892783,
       -18.9525714
      ],
      [
       47.8904719,
       -18.9526246
      ],
      [
       47.8916667,
       -18.9526424
      ],
      [
       47.8928615,
       -18.9526246
      ],
      [
       47.8940551,
       -18.9525714
      ],
      [
       47.8952463,
       -18.9524827
      ],
      [
       47.8964341,
       -18.9523586
      ],
      [
       47.8976171,
       -18.9521993
      ],
      [
       47.8987942,
       -18.952005
      ],
      [
       47.8999643,
       -18.9517758
      ],
      [
       47.9011262,
       -18.9515119
      ],
      [
       47.9022788,
       -18.9512136
      ],
      [
       47.9034209,
       -18.9508812
      ],
      [
       47.9045514,
       -18.9505151
      ],
      [
       47.9056691,
       -18.9501155
      ],
      [
       47.906773,
       -18.9496829
      ],
      [
       47.9078621,
       -18.9492177
      ],
      [
       47.9089351,
       -18.9487204
      ],
      [
       47.909991,
       -18.9481915
      ],
      [
       47.9110289,
       -18.9476315
      ],
      [
       47.9120477,
       -18.9470408
      ],
      [
       47.9130463,
       -18.9464202
      ],
      [
       47.9140238,
       -18.9457703
      ],
      [
       47.9149793,
       -18.9450916
      ],
      [
       47.9159117,
       -18.9443848
      ],
      [
       47.9168202,
       -18.9436507
      ],
      [
       47.9177038,
       -18.94289
      ],
      [
       47.9185618,
       -18.9421034
      ],
      [
       47.9193932,
       -18.9412917
      ],
      [
       47.9201972,
       -18.9404556
      ],
      [
       47.920973,
       -18.9395961
      ],
      [
       47.9217199,
       -18.938714
      ],
      [
       47.9224372,
       -18.9378101
      ],
      [
       47.923124,
       -18.9368854
      ],
      [
       47.9237798,
       -18.9359406
      ],
      [
       47.924404,
       -18.9349769
      ],
      [
       47.9249957,
       -18.9339951
      ],
      [
       47.9255546,
       -18.9329962
      ],
      [
       47.9260801,
       -18.9319812
      ],
      [
       47.9265715,
       -18.9309511
      ],
      [
       47.9270285,
       -18.9299069
      ],
      [
       47.9274506,
       -18.9288496
      ],
      [
       47.9278374,
       -18.9277803
      ],
      [
       47.9281885,
       -18.9267
      ],
      [
       47.9285035,
       -18.9256098
      ],
      [
       47.9287822,
       -18.9245108
      ],
      [
       47.9290242,
       -18.9234041
      ],
      [
       47.9292294,
       -18.9222907
      ],
      [
       47.9293974,
       -18.9211718
      ],
      [
       47.9295283,
       -18.9200484
      ],
      [
       47.9296218,
       -18.9189217
      ],
      [
       47.9296778,
       -18.9177928
      ],
      [
       47.9296963,
       -18.9166628
      ],
      [
       47.9296773,
       -18.9155328
      ],
      [
       47.9296207,
       -18.9144039
      ],
      [
       47.9295268,
       -18.9132772
      ],
      [
       47.9293954,
       -18.9121539
      ],
      [
       47.9292268,
       -18.9110351
      ],
      [
       47.9290212,
       -18.9099218
      ],
      [
       47.9287787,
       -18.9088151
      ],
      [
       47.9284996,
       -18.9077162
      ],
      [
       47.9281841,
       -18.9066262
      ],
      [
       47.9278326,
       -18.9055461
      ],
      [
       47.9274454,
       -18.9044769
      ],
      [
       47.9270229,
       -18.9034198
      ],
      [
       47.9265656,
       -18.9023757
      ],
      [
       47.9260738,
       -18.9013458
      ],
      [
       47.925548,
       -18.900331
      ],
      [
       47.9249888,
       -18.8993323
      ],
      [
       47.9243968,
       -18.8983507
      ],
      [
       47.9237724,
       -18.8973872
      ],
      [
       47.9231164,
       -18.8964427
      ],
      [
       47.9224294,
       -18.8955182
      ],
      [
       47.921712,
       -18.8946145
      ],
      [
       47.920965,
       -18.8937326
      ],
      [
       47.9201891,
       -18.8928733
      ],
      [
       47.919385,
       -18.8920376
      ],
      [
       47.9185536,
       -18.8912261
      ],
      [
       47.9176957,
       -18.8904397
      ],
      [
       47.9168121,
       -18.8896792
      ],
      [
       47.9159036,
       -18.8889453
      ],
      [
       47.9149713,
       -18.8882388
      ],
      [
       47.914016,
       -18.8875604
      ],
      [
       47.9130387,
       -18.8869106
      ],
      [
       47.9120403,
       -18.8862903
      ],
      [
       47.9110217,
       -18.8856999
      ],
      [
       47.9099841,
       -18.88514
      ],
      [
       47.9089285,
       -18.8846113
      ],
      [
       47.9078557,
       -18.8841142
      ],
      [
       47.9067671,
       -18.8836492
      ],
      [
       47.9056635,
       -18.8832168
      ],
      [
       47.9045461,
       -18.8828174
      ],
      [
       47.9034161,
       -18.8824514
      ],
      [
       47.9022744,
       -18.8821191
      ],
      [
       47.9011223,
       -18.881821
      ],
      [
       47.8999608,
       -18.8815572
      ],
      [
       47.8987912,
       -18.8813281
      ],
      [
       47.8976145,
       -18.8811338
      ],
      [
       47.896432,
       -18.8809746
      ],
      [
       47.8952448,
       -18.8808506
      ],
      [
       47.8940541,
       -18.8807619
      ],
      [
       47.8928609,
       -18.8807087
      ],
      [
       47.8916667,
       -18.880691
      ]
     ]
    ]
   }
  },
  {
   "type": "Feature",
   "properties": {
    "ll": {
     "value": 0,
     "unit": 1,
     "referenceDatum": 0
    },
    "ul": {
     "value": 2297,
     "unit": 1,
     "referenceDatum": 0
    },
    "_id": "62cfcd459f7e2ede51a825b0",
    "name": "FM-D09 ITONGAFENO (ANTSIRABE)",
    "type": 2,
    "icao": 7,
    "bnd": [
     [
      -19.995,
      46.8266667
     ],
     [
      -19.9408333,
      46.8741667
     ]
    ]
   },
   "geometry": {
    "type": "Polygon",
    "coordinates": [
     [
      [
       46.8566667,
       -19.9408333
      ],
      [
       46.8741667,
       -19.9766667
      ],
      [
       46.8458333,
       -19.995
      ],
      [
       46.8266667,
       -19.9758333
      ],
      [
       46.8566667,
       -19.9408333
      ]
     ]
    ]
   }
  },
  {
   "type": "Feature",
   "properties": {
    "ll": {
     "value": 0,
     "unit": 1,
     "referenceDatum": 0
    },
    "ul": {
     "value": 7119,
     "unit": 1,
     "referenceDatum": 1
    },
    "_id": "62cfcd459f7e2ede51a825bb",
    "name": "FM-D10 CHAMP DE TIR DU LANGAINA",
    "type": 2,
    "icao": 7,
    "bnd": [
     [
      -18.7603151,
      47.6381755
     ],
     [
      -18.7063516,
      47.6951578
     ]
    ]
   },
   "geometry": {
    "type": "Polygon",
    "coordinates": [
     [
      [
       47.6666667,
       -18.7063516
      ],
      [
       47.6657719,
       -18.7063649
      ],
      [
       47.664878,
       -18.7064048
      ],
      [
       47.6639858,
       -18.7064713
      ],
      [
       47.6630963,
       -18.7065643
      ],
      [
       47.6622104,
       -18.7066837
      ],
      [
       47.6613288,
       -18.7068294
      ],
      [
       47.6604525,
       -18.7070013
      ],
      [
       47.6595823,
       -18.7071991
      ],
      [
       47.6587191,
       -18.7074227
      ],
      [
       47.6578638,
       -18.7076719
      ],
      [
       47.6570171,
       -18.7079465
      ],
      [
       47.6561799,
       -18.708246
      ],
      [
       47.6553531,
       -18.7085704
      ],
      [
       47.6545375,
       -18.7089191
      ],
      [
       47.6537338,
       -18.709292
      ],
      [
       47.6529429,
       -18.7096885
      ],
      [
       47.6521655,
       -18.7101084
      ],
      [
       47.6514024,
       -18.7105513
      ],
      [
       47.6506544,
       -18.7110166
      ],
      [
       47.6499222,
       -18.7115039
      ],
      [
       47.6492065,
       -18.7120127
      ],
      [
       47.648508,
       -18.7125426
      ],
      [
       47.6478274,
       -18.7130931
      ],
      [
       47.6471654,
       -18.7136635
      ],
      [
       47.6465227,
       -18.7142533
      ],
      [
       47.6458998,
       -18.7148619
      ],
      [
       47.6452974,
       -18.7154888
      ],
      [
       47.6447161,
       -18.7161332
      ],
      [
       47.6441565,
       -18.7167947
      ],
      [
       47.643619,
       -18.7174724
      ],
      [
       47.6431043,
       -18.7181659
      ],
      [
       47.6426129,
       -18.7188742
      ],
      [
       47.6421451,
       -18.7195969
      ],
      [
       47.6417016,
       -18.7203331
      ],
      [
       47.6412827,
       -18.7210822
      ],
      [
       47.6408889,
       -18.7218433
      ],
      [
       47.6405205,
       -18.7226158
      ],
      [
       47.6401778,
       -18.7233988
      ],
      [
       47.6398614,
       -18.7241917
      ],
      [
       47.6395713,
       -18.7249936
      ],
      [
       47.639308,
       -18.7258037
      ],
      [
       47.6390717,
       -18.7266212
      ],
      [
       47.6388627,
       -18.7274454
      ],
      [
       47.638681,
       -18.7282754
      ],
      [
       47.638527,
       -18.7291104
      ],
      [
       47.6384008,
       -18.7299495
      ],
      [
       47.6383024,
       -18.730792
      ],
      [
       47.638232,
       -18.731637
      ],
      [
       47.6381897,
       -18.7324837
      ],
      [
       47.6381755,
       -18.7333312
      ],
      [
       47.6381895,
       -18.7341787
      ],
      [
       47.6382315,
       -18.7350254
      ],
      [
       47.6383016,
       -18.7358704
      ],
      [
       47.6383996,
       -18.7367129
      ],
      [
       47.6385256,
       -18.7375521
      ],
      [
       47.6386794,
       -18.7383871
      ],
      [
       47.6388607,
       -18.7392172
      ],
      [
       47.6390695,
       -18.7400414
      ],
      [
       47.6393056,
       -18.740859
      ],
      [
       47.6395687,
       -18.7416692
      ],
      [
       47.6398585,
       -18.7424712
      ],
      [
       47.6401747,
       -18.7432641
      ],
      [
       47.6405171,
       -18.7440473
      ],
      [
       47.6408854,
       -18.7448198
      ],
      [
       47.641279,
       -18.7455811
      ],
      [
       47.6416978,
       -18.7463302
      ],
      [
       47.6421412,
       -18.7470666
      ],
      [
       47.6426088,
       -18.7477894
      ],
      [
       47.6431001,
       -18.7484979
      ],
      [
       47.6436147,
       -18.7491914
      ],
      [
       47.6441521,
       -18.7498693
      ],
      [
       47.6447116,
       -18.7505309
      ],
      [
       47.6452929,
       -18.7511755
      ],
      [
       47.6458953,
       -18.7518025
      ],
      [
       47.6465181,
       -18.7524112
      ],
      [
       47.6471609,
       -18.7530012
      ],
      [
       47.6478229,
       -18.7535717
      ],
      [
       47.6485035,
       -18.7541223
      ],
      [
       47.649202,
       -18.7546523
      ],
      [
       47.6499178,
       -18.7551613
      ],
      [
       47.6506502,
       -18.7556487
      ],
      [
       47.6513983,
       -18.7561142
      ],
      [
       47.6521615,
       -18.7565571
      ],
      [
       47.652939,
       -18.7569771
      ],
      [
       47.6537301,
       -18.7573738
      ],
      [
       47.654534,
       -18.7577468
      ],
      [
       47.6553498,
       -18.7580956
      ],
      [
       47.6561768,
       -18.7584201
      ],
      [
       47.6570142,
       -18.7587197
      ],
      [
       47.6578611,
       -18.7589943
      ],
      [
       47.6587167,
       -18.7592436
      ],
      [
       47.6595801,
       -18.7594673
      ],
      [
       47.6604506,
       -18.7596652
      ],
      [
       47.6613271,
       -18.7598371
      ],
      [
       47.662209,
       -18.7599829
      ],
      [
       47.6630952,
       -18.7601023
      ],
      [
       47.663985,
       -18.7601953
      ],
      [
       47.6648774,
       -18.7602619
      ],
      [
       47.6657716,
       -18.7603018
      ],
      [
       47.6666667,
       -18.7603151
      ],
      [
       47.6675617,
       -18.7603018
      ],
      [
       47.6684559,
       -18.7602619
      ],
      [
       47.6693483,
       -18.7601953
      ],
      [
       47.6702381,
       -18.7601023
      ],
      [
       47.6711244,
       -18.7599829
      ],
      [
       47.6720062,
       -18.7598371
      ],
      [
       47.6728828,
       -18.7596652
      ],
      [
       47.6737532,
       -18.7594673
      ],
      [
       47.6746167,
       -18.7592436
      ],
      [
       47.6754722,
       -18.7589943
      ],
      [
       47.6763191,
       -18.7587197
      ],
      [
       47.6771565,
       -18.7584201
      ],
      [
       47.6779835,
       -18.7580956
      ],
      [
       47.6787994,
       -18.7577468
      ],
      [
       47.6796032,
       -18.7573738
      ],
      [
       47.6803943,
       -18.7569771
      ],
      [
       47.6811718,
       -18.7565571
      ],
      [
       47.681935,
       -18.7561142
      ],
      [
       47.6826832,
       -18.7556487
      ],
      [
       47.6834155,
       -18.7551613
      ],
      [
       47.6841313,
       -18.7546523
      ],
      [
       47.6848298,
       -18.7541223
      ],
      [
       47.6855104,
       -18.7535717
      ],
      [
       47.6861725,
       -18.7530012
      ],
      [
       47.6868152,
       -18.7524112
      ],
      [
       47.6874381,
       -18.7518025
      ],
      [
       47.6880404,
       -18.7511755
      ],
      [
       47.6886217,
       -18.7505309
      ],
      [
       47.6891813,
       -18.7498693
      ],
      [
       47.6897186,
       -18.7491914
      ],
      [
       47.6902332,
       -18.7484979
      ],
      [
       47.6907246,
       -18.7477894
      ],
      [
       47.6911922,
       -18.7470666
      ],
      [
       47.6916356,
       -18.7463302
      ],
      [
       47.6920543,
       -18.7455811
      ],
      [
       47.692448,
       -18.7448198
      ],
      [
       47.6928162,
       -18.7440473
      ],
      [
       47.6931586,
       -18.7432641
      ],
      [
       47.6934749,
       -18.7424712
      ],
      [
       47.6937647,
       -18.7416692
      ],
      [
       47.6940277,
       -18.740859
      ],
      [
       47.6942638,
       -18.7400414
      ],
      [
       47.6944726,
       -18.7392172
      ],
      [
       47.694654,
       -18.7383871
      ],
      [
       47.6948077,
       -18.7375521
      ],
      [
       47.6949337,
       -18.7367129
      ],
      [
       47.6950318,
       -18.7358704
      ],
      [
       47.6951019,
       -18.7350254
      ],
      [
       47.6951439,
       -18.7341787
      ],
      [
       47.6951578,
       -18.7333312
      ],
      [
       47.6951436,
       -18.7324837
      ],
      [
       47.6951013,
       -18.731637
      ],
      [
       47.6950309,
       -18.730792
      ],
      [
       47.6949326,
       -18.7299495
      ],
      [
       47.6948063,
       -18.7291104
      ],
      [
       47.6946523,
       -18.7282754
      ],
      [
       47.6944707,
       -18.7274454
      ],
      [
       47.6942616,
       -18.7266212
      ],
      [
       47.6940253,
       -18.7258037
      ],
      [
       47.693762,
       -18.7249936
      ],
      [
       47.693472,
       -18.7241917
      ],
      [
       47.6931555,
       -18.7233988
      ],
      [
       47.6928129,
       -18.7226158
      ],
      [
       47.6924445,
       -18.7218433
      ],
      [
       47.6920506,
       -18.7210822
      ],
      [
       47.6916317,
       -18.7203331
      ],
      [
       47.6911882,
       -18.7195969
      ],
      [
       47.6907205,
       -18.7188742
      ],
      [
       47.690229,
       -18.7181659
      ],
      [
       47.6897143,
       -18.7174724
      ],
      [
       47.6891769,
       -18.7167947
      ],
      [
       47.6886172,
       -18.7161332
      ],
      [
       47.6880359,
       -18.7154888
      ],
      [
       47.6874335,
       -18.7148619
      ],
      [
       47.6868107,
       -18.7142533
      ],
      [
       47.6861679,
       -18.7136635
      ],
      [
       47.6855059,
       -18.7130931
      ],
      [
       47.6848254,
       -18.7125426
      ],
      [
       47.6841269,
       -18.7120127
      ],
      [
       47.6834112,
       -18.7115039
      ],
      [
       47.6826789,
       -18.7110166
      ],
      [
       47.6819309,
       -18.7105513
      ],
      [
       47.6811678,
       -18.7101084
      ],
      [
       47.6803905,
       -18.7096885
      ],
      [
       47.6795995,
       -18.709292
      ],
      [
       47.6787958,
       -18.7089191
      ],
      [
       47.6779802,
       -18.7085704
      ],
      [
       47.6771534,
       -18.708246
      ],
      [
       47.6763162,
       -18.7079465
      ],
      [
       47.6754696,
       -18.7076719
      ],
      [
       47.6746142,
       -18.7074227
      ],
      [
       47.673751,
       -18.7071991
      ],
      [
       47.6728808,
       -18.7070013
      ],
      [
       47.6720045,
       -18.7068294
      ],
      [
       47.671123,
       -18.7066837
      ],
      [
       47.670237,
       -18.7065643
      ],
      [
       47.6693475,
       -18.7064713
      ],
      [
       47.6684554,
       -18.7064048
      ],
      [
       47.6675615,
       -18.7063649
      ],
      [
       47.6666667,
       -18.7063516
      ]
     ]
    ]
   }
  },
  {
   "type": "Feature",
   "properties": {
    "ll": {
     "value": 0,
     "unit": 1,
     "referenceDatum": 0
    },
    "ul": {
     "value": 6726,
     "unit": 1,
     "referenceDatum": 1
    },
    "_id": "62cfcd459f7e2ede51a825c4",
    "name": "FM-D11 CHAMP DE TIR DU MANDALAHY",
    "type": 2,
    "icao": 7,
    "bnd": [
     [
      -21.3269818,
      47.2543733
     ],
     [
      -21.2730182,
      47.3122933
     ]
    ]
   },
   "geometry": {
    "type": "Polygon",
    "coordinates": [
     [
      [
       47.2833333,
       -21.2730182
      ],
      [
       47.2824238,
       -21.2730315
      ],
      [
       47.2815153,
       -21.2730715
      ],
      [
       47.2806085,
       -21.273138
      ],
      [
       47.2797043,
       -21.273231
      ],
      [
       47.2788038,
       -21.2733504
      ],
      [
       47.2779078,
       -21.2734961
      ],
      [
       47.277017,
       -21.2736679
      ],
      [
       47.2761326,
       -21.2738658
      ],
      [
       47.2752552,
       -21.2740894
      ],
      [
       47.2743858,
       -21.2743386
      ],
      [
       47.2735252,
       -21.2746131
      ],
      [
       47.2726743,
       -21.2749126
      ],
      [
       47.2718339,
       -21.275237
      ],
      [
       47.2710048,
       -21.2755857
      ],
      [
       47.2701879,
       -21.2759586
      ],
      [
       47.269384,
       -21.2763551
      ],
      [
       47.2685938,
       -21.276775
      ],
      [
       47.2678182,
       -21.2772178
      ],
      [
       47.2670579,
       -21.2776831
      ],
      [
       47.2663136,
       -21.2781704
      ],
      [
       47.2655861,
       -21.2786793
      ],
      [
       47.2648762,
       -21.2792092
      ],
      [
       47.2641844,
       -21.2797596
      ],
      [
       47.2635115,
       -21.28033
      ],
      [
       47.2628582,
       -21.2809198
      ],
      [
       47.2622251,
       -21.2815284
      ],
      [
       47.2616128,
       -21.2821552
      ],
      [
       47.2610219,
       -21.2827997
      ],
      [
       47.260453,
       -21.2834611
      ],
      [
       47.2599067,
       -21.2841389
      ],
      [
       47.2593836,
       -21.2848323
      ],
      [
       47.258884,
       -21.2855407
      ],
      [
       47.2584086,
       -21.2862633
      ],
      [
       47.2579577,
       -21.2869995
      ],
      [
       47.2575319,
       -21.2877486
      ],
      [
       47.2571316,
       -21.2885097
      ],
      [
       47.2567571,
       -21.2892822
      ],
      [
       47.2564088,
       -21.2900652
      ],
      [
       47.2560871,
       -21.2908581
      ],
      [
       47.2557923,
       -21.2916599
      ],
      [
       47.2555247,
       -21.29247
      ],
      [
       47.2552845,
       -21.2932876
      ],
      [
       47.2550719,
       -21.2941118
      ],
      [
       47.2548873,
       -21.2949417
      ],
      [
       47.2547307,
       -21.2957767
      ],
      [
       47.2546024,
       -21.2966158
      ],
      [
       47.2545024,
       -21.2974583
      ],
      [
       47.2544308,
       -21.2983033
      ],
      [
       47.2543878,
       -21.29915
      ],
      [
       47.2543733,
       -21.2999975
      ],
      [
       47.2543875,
       -21.300845
      ],
      [
       47.2544302,
       -21.3016917
      ],
      [
       47.2545014,
       -21.3025368
      ],
      [
       47.254601,
       -21.3033793
      ],
      [
       47.2547291,
       -21.3042185
      ],
      [
       47.2548853,
       -21.3050535
      ],
      [
       47.2550697,
       -21.3058835
      ],
      [
       47.2552819,
       -21.3067078
      ],
      [
       47.2555218,
       -21.3075254
      ],
      [
       47.2557892,
       -21.3083356
      ],
      [
       47.2560837,
       -21.3091376
      ],
      [
       47.2564052,
       -21.3099305
      ],
      [
       47.2567532,
       -21.3107137
      ],
      [
       47.2571275,
       -21.3114863
      ],
      [
       47.2575276,
       -21.3122475
      ],
      [
       47.2579533,
       -21.3129967
      ],
      [
       47.2584039,
       -21.313733
      ],
      [
       47.2588792,
       -21.3144558
      ],
      [
       47.2593786,
       -21.3151643
      ],
      [
       47.2599017,
       -21.3158579
      ],
      [
       47.2604479,
       -21.3165358
      ],
      [
       47.2610167,
       -21.3171974
      ],
      [
       47.2616075,
       -21.317842
      ],
      [
       47.2622198,
       -21.318469
      ],
      [
       47.2628529,
       -21.3190778
      ],
      [
       47.2635062,
       -21.3196677
      ],
      [
       47.2641791,
       -21.3202382
      ],
      [
       47.2648709,
       -21.3207888
      ],
      [
       47.265581,
       -21.3213188
      ],
      [
       47.2663085,
       -21.3218279
      ],
      [
       47.2670529,
       -21.3223153
      ],
      [
       47.2678134,
       -21.3227807
      ],
      [
       47.2685892,
       -21.3232237
      ],
      [
       47.2693795,
       -21.3236437
      ],
      [
       47.2701836,
       -21.3240404
      ],
      [
       47.2710007,
       -21.3244134
      ],
      [
       47.27183,
       -21.3247623
      ],
      [
       47.2726706,
       -21.3250867
      ],
      [
       47.2735218,
       -21.3253863
      ],
      [
       47.2743826,
       -21.325661
      ],
      [
       47.2752523,
       -21.3259102
      ],
      [
       47.27613,
       -21.3261339
      ],
      [
       47.2770148,
       -21.3263318
      ],
      [
       47.2779058,
       -21.3265038
      ],
      [
       47.2788022,
       -21.3266495
      ],
      [
       47.279703,
       -21.326769
      ],
      [
       47.2806075,
       -21.326862
      ],
      [
       47.2815146,
       -21.3269285
      ],
      [
       47.2824235,
       -21.3269685
      ],
      [
       47.2833333,
       -21.3269818
      ],
      [
       47.2842432,
       -21.3269685
      ],
      [
       47.2851521,
       -21.3269285
      ],
      [
       47.2860592,
       -21.326862
      ],
      [
       47.2869636,
       -21.326769
      ],
      [
       47.2878645,
       -21.3266495
      ],
      [
       47.2887609,
       -21.3265038
      ],
      [
       47.2896519,
       -21.3263318
      ],
      [
       47.2905367,
       -21.3261339
      ],
      [
       47.2914143,
       -21.3259102
      ],
      [
       47.292284,
       -21.325661
      ],
      [
       47.2931449,
       -21.3253863
      ],
      [
       47.293996,
       -21.3250867
      ],
      [
       47.2948367,
       -21.3247623
      ],
      [
       47.2956659,
       -21.3244134
      ],
      [
       47.296483,
       -21.3240404
      ],
      [
       47.2972872,
       -21.3236437
      ],
      [
       47.2980775,
       -21.3232237
      ],
      [
       47.2988533,
       -21.3227807
      ],
      [
       47.2996137,
       -21.3223153
      ],
      [
       47.3003581,
       -21.3218279
      ],
      [
       47.3010857,
       -21.3213188
      ],
      [
       47.3017957,
       -21.3207888
      ],
      [
       47.3024876,
       -21.3202382
      ],
      [
       47.3031605,
       -21.3196677
      ],
      [
       47.3038138,
       -21.3190778
      ],
      [
       47.3044469,
       -21.318469
      ],
      [
       47.3050592,
       -21.317842
      ],
      [
       47.30565,
       -21.3171974
      ],
      [
       47.3062188,
       -21.3165358
      ],
      [
       47.306765,
       -21.3158579
      ],
      [
       47.3072881,
       -21.3151643
      ],
      [
       47.3077875,
       -21.3144558
      ],
      [
       47.3082627,
       -21.313733
      ],
      [
       47.3087134,
       -21.3129967
      ],
      [
       47.309139,
       -21.3122475
      ],
      [
       47.3095392,
       -21.3114863
      ],
      [
       47.3099134,
       -21.3107137
      ],
      [
       47.3102615,
       -21.3099305
      ],
      [
       47.3105829,
       -21.3091376
      ],
      [
       47.3108775,
       -21.3083356
      ],
      [
       47.3111449,
       -21.3075254
      ],
      [
       47.3113848,
       -21.3067078
      ],
      [
       47.311597,
       -21.3058835
      ],
      [
       47.3117813,
       -21.3050535
      ],
      [
       47.3119376,
       -21.3042185
      ],
      [
       47.3120656,
       -21.3033793
      ],
      [
       47.3121653,
       -21.3025368
      ],
      [
       47.3122365,
       -21.3016917
      ],
      [
       47.3122792,
       -21.300845
      ],
      [
       47.3122933,
       -21.2999975
      ],
      [
       47.3122789,
       -21.29915
      ],
      [
       47.3122358,
       -21.2983033
      ],
      [
       47.3121643,
       -21.2974583
      ],
      [
       47.3120643,
       -21.2966158
      ],
      [
       47.311936,
       -21.2957767
      ],
      [
       47.3117794,
       -21.2949417
      ],
      [
       47.3115947,
       -21.2941118
      ],
      [
       47.3113822,
       -21.2932876
      ],
      [
       47.311142,
       -21.29247
      ],
      [
       47.3108744,
       -21.2916599
      ],
      [
       47.3105795,
       -21.2908581
      ],
      [
       47.3102578,
       -21.2900652
      ],
      [
       47.3099096,
       -21.2892822
      ],
      [
       47.3095351,
       -21.2885097
      ],
      [
       47.3091347,
       -21.2877486
      ],
      [
       47.3087089,
       -21.2869995
      ],
      [
       47.3082581,
       -21.2862633
      ],
      [
       47.3077827,
       -21.2855407
      ],
      [
       47.3072831,
       -21.2848323
      ],
      [
       47.3067599,
       -21.2841389
      ],
      [
       47.3062136,
       -21.2834611
      ],
      [
       47.3056448,
       -21.2827997
      ],
      [
       47.3050539,
       -21.2821552
      ],
      [
       47.3044416,
       -21.2815284
      ],
      [
       47.3038085,
       -21.2809198
      ],
      [
       47.3031552,
       -21.28033
      ],
      [
       47.3024823,
       -21.2797596
      ],
      [
       47.3017905,
       -21.2792092
      ],
      [
       47.3010805,
       -21.2786793
      ],
      [
       47.3003531,
       -21.2781704
      ],
      [
       47.2996088,
       -21.2776831
      ],
      [
       47.2988485,
       -21.2772178
      ],
      [
       47.2980728,
       -21.276775
      ],
      [
       47.2972827,
       -21.2763551
      ],
      [
       47.2964787,
       -21.2759586
      ],
      [
       47.2956619,
       -21.2755857
      ],
      [
       47.2948328,
       -21.275237
      ],
      [
       47.2939924,
       -21.2749126
      ],
      [
       47.2931415,
       -21.2746131
      ],
      [
       47.2922809,
       -21.2743386
      ],
      [
       47.2914115,
       -21.2740894
      ],
      [
       47.2905341,
       -21.2738658
      ],
      [
       47.2896496,
       -21.2736679
      ],
      [
       47.2887589,
       -21.2734961
      ],
      [
       47.2878629,
       -21.2733504
      ],
      [
       47.2869623,
       -21.273231
      ],
      [
       47.2860582,
       -21.273138
      ],
      [
       47.2851514,
       -21.2730715
      ],
      [
       47.2842428,
       -21.2730315
      ],
      [
       47.2833333,
       -21.2730182
      ]
     ]
    ]
   }
  },
  {
   "type": "Feature",
   "properties": {
    "ll": {
     "value": 0,
     "unit": 1,
     "referenceDatum": 0
    },
    "ul": {
     "value": 9843,
     "unit": 1,
     "referenceDatum": 1
    },
    "_id": "62cfcd459f7e2ede51a825ce",
    "name": "FM-D12 ZONE MARITIME DE MAKAMBY",
    "type": 2,
    "icao": 7,
    "bnd": [
     [
      -15.7166667,
      45.7833333
     ],
     [
      -15.4833333,
      45.8833333
     ]
    ]
   },
   "geometry": {
    "type": "Polygon",
    "coordinates": [
     [
      [
       45.8833333,
       -15.4833333
      ],
      [
       45.85,
       -15.7166667
      ],
      [
       45.7833333,
       -15.6833333
      ],
      [
       45.7833333,
       -15.5166667
      ],
      [
       45.8833333,
       -15.4833333
      ]
     ]
    ]
   }
  },
  {
   "type": "Feature",
   "properties": {
    "ll": {
     "value": 0,
     "unit": 1,
     "referenceDatum": 0
    },
    "ul": {
     "value": 5348,
     "unit": 1,
     "referenceDatum": 1
    },
    "_id": "62cfcd459f7e2ede51a825d9",
    "name": "FM-D13 CHAMP DE TIR DE MORAMANGA OUEST",
    "type": 2,
    "icao": 7,
    "bnd": [
     [
      -18.9538737,
      48.1231738
     ],
     [
      -18.9089041,
      48.1707151
     ]
    ]
   },
   "geometry": {
    "type": "Polygon",
    "coordinates": [
     [
      [
       48.1469444,
       -18.9089041
      ],
      [
       48.1461979,
       -18.9089152
      ],
      [
       48.1454521,
       -18.9089484
      ],
      [
       48.1447077,
       -18.9090039
      ],
      [
       48.1439656,
       -18.9090814
      ],
      [
       48.1432264,
       -18.9091809
      ],
      [
       48.1424909,
       -18.9093023
      ],
      [
       48.1417597,
       -18.9094455
      ],
      [
       48.1410337,
       -18.9096104
      ],
      [
       48.1403135,
       -18.9097968
      ],
      [
       48.1395999,
       -18.9100044
      ],
      [
       48.1388935,
       -18.9102332
      ],
      [
       48.138195,
       -18.9104828
      ],
      [
       48.1375052,
       -18.9107531
      ],
      [
       48.1368246,
       -18.9110438
      ],
      [
       48.1361541,
       -18.9113545
      ],
      [
       48.1354942,
       -18.911685
      ],
      [
       48.1348456,
       -18.9120349
      ],
      [
       48.134209,
       -18.9124039
      ],
      [
       48.1335849,
       -18.9127917
      ],
      [
       48.1329739,
       -18.9131978
      ],
      [
       48.1323768,
       -18.9136218
      ],
      [
       48.1317941,
       -18.9140634
      ],
      [
       48.1312262,
       -18.9145221
      ],
      [
       48.1306739,
       -18.9149975
      ],
      [
       48.1301377,
       -18.915489
      ],
      [
       48.129618,
       -18.9159962
      ],
      [
       48.1291154,
       -18.9165186
      ],
      [
       48.1286304,
       -18.9170556
      ],
      [
       48.1281635,
       -18.9176068
      ],
      [
       48.1277151,
       -18.9181717
      ],
      [
       48.1272857,
       -18.9187495
      ],
      [
       48.1268757,
       -18.9193398
      ],
      [
       48.1264855,
       -18.9199421
      ],
      [
       48.1261154,
       -18.9205556
      ],
      [
       48.125766,
       -18.9211798
      ],
      [
       48.1254374,
       -18.9218141
      ],
      [
       48.12513,
       -18.9224578
      ],
      [
       48.1248442,
       -18.9231104
      ],
      [
       48.1245802,
       -18.9237711
      ],
      [
       48.1243382,
       -18.9244393
      ],
      [
       48.1241185,
       -18.9251144
      ],
      [
       48.1239214,
       -18.9257957
      ],
      [
       48.123747,
       -18.9264825
      ],
      [
       48.1235955,
       -18.9271742
      ],
      [
       48.123467,
       -18.92787
      ],
      [
       48.1233617,
       -18.9285693
      ],
      [
       48.1232796,
       -18.9292714
      ],
      [
       48.1232209,
       -18.9299755
      ],
      [
       48.1231857,
       -18.9306811
      ],
      [
       48.1231738,
       -18.9313874
      ],
      [
       48.1231855,
       -18.9320936
      ],
      [
       48.1232205,
       -18.9327992
      ],
      [
       48.123279,
       -18.9335034
      ],
      [
       48.1233609,
       -18.9342055
      ],
      [
       48.123466,
       -18.9349048
      ],
      [
       48.1235943,
       -18.9356007
      ],
      [
       48.1237456,
       -18.9362924
      ],
      [
       48.1239199,
       -18.9369792
      ],
      [
       48.1241168,
       -18.9376606
      ],
      [
       48.1243363,
       -18.9383357
      ],
      [
       48.1245781,
       -18.939004
      ],
      [
       48.124842,
       -18.9396648
      ],
      [
       48.1251277,
       -18.9403174
      ],
      [
       48.1254349,
       -18.9409612
      ],
      [
       48.1257634,
       -18.9415956
      ],
      [
       48.1261127,
       -18.9422199
      ],
      [
       48.1264827,
       -18.9428335
      ],
      [
       48.1268728,
       -18.9434358
      ],
      [
       48.1272827,
       -18.9440262
      ],
      [
       48.1277121,
       -18.9446041
      ],
      [
       48.1281604,
       -18.945169
      ],
      [
       48.1286273,
       -18.9457203
      ],
      [
       48.1291123,
       -18.9462575
      ],
      [
       48.1296148,
       -18.94678
      ],
      [
       48.1301345,
       -18.9472873
      ],
      [
       48.1306707,
       -18.9477789
      ],
      [
       48.1312231,
       -18.9482543
      ],
      [
       48.1317909,
       -18.9487131
      ],
      [
       48.1323737,
       -18.9491548
      ],
      [
       48.1329709,
       -18.949579
      ],
      [
       48.1335819,
       -18.9499852
      ],
      [
       48.1342061,
       -18.950373
      ],
      [
       48.1348428,
       -18.9507421
      ],
      [
       48.1354915,
       -18.9510921
      ],
      [
       48.1361515,
       -18.9514227
      ],
      [
       48.1368222,
       -18.9517335
      ],
      [
       48.1375028,
       -18.9520242
      ],
      [
       48.1381928,
       -18.9522945
      ],
      [
       48.1388914,
       -18.9525442
      ],
      [
       48.139598,
       -18.9527731
      ],
      [
       48.1403118,
       -18.9529808
      ],
      [
       48.1410322,
       -18.9531672
      ],
      [
       48.1417584,
       -18.9533321
      ],
      [
       48.1424897,
       -18.9534754
      ],
      [
       48.1432254,
       -18.9535968
      ],
      [
       48.1439648,
       -18.9536964
      ],
      [
       48.1447071,
       -18.9537739
      ],
      [
       48.1454517,
       -18.9538293
      ],
      [
       48.1461977,
       -18.9538626
      ],
      [
       48.1469444,
       -18.9538737
      ],
      [
       48.1476912,
       -18.9538626
      ],
      [
       48.1484372,
       -18.9538293
      ],
      [
       48.1491818,
       -18.9537739
      ],
      [
       48.1499241,
       -18.9536964
      ],
      [
       48.1506635,
       -18.9535968
      ],
      [
       48.1513992,
       -18.9534754
      ],
      [
       48.1521305,
       -18.9533321
      ],
      [
       48.1528567,
       -18.9531672
      ],
      [
       48.1535771,
       -18.9529808
      ],
      [
       48.1542909,
       -18.9527731
      ],
      [
       48.1549975,
       -18.9525442
      ],
      [
       48.1556961,
       -18.9522945
      ],
      [
       48.1563861,
       -18.9520242
      ],
      [
       48.1570667,
       -18.9517335
      ],
      [
       48.1577374,
       -18.9514227
      ],
      [
       48.1583974,
       -18.9510921
      ],
      [
       48.1590461,
       -18.9507421
      ],
      [
       48.1596828,
       -18.950373
      ],
      [
       48.160307,
       -18.9499852
      ],
      [
       48.160918,
       -18.949579
      ],
      [
       48.1615152,
       -18.9491548
      ],
      [
       48.162098,
       -18.9487131
      ],
      [
       48.1626658,
       -18.9482543
      ],
      [
       48.1632181,
       -18.9477789
      ],
      [
       48.1637544,
       -18.9472873
      ],
      [
       48.1642741,
       -18.94678
      ],
      [
       48.1647766,
       -18.9462575
      ],
      [
       48.1652616,
       -18.9457203
      ],
      [
       48.1657285,
       -18.945169
      ],
      [
       48.1661768,
       -18.9446041
      ],
      [
       48.1666061,
       -18.9440262
      ],
      [
       48.1670161,
       -18.9434358
      ],
      [
       48.1674062,
       -18.9428335
      ],
      [
       48.1677761,
       -18.9422199
      ],
      [
       48.1681255,
       -18.9415956
      ],
      [
       48.168454,
       -18.9409612
      ],
      [
       48.1687612,
       -18.9403174
      ],
      [
       48.1690469,
       -18.9396648
      ],
      [
       48.1693108,
       -18.939004
      ],
      [
       48.1695526,
       -18.9383357
      ],
      [
       48.1697721,
       -18.9376606
      ],
      [
       48.169969,
       -18.9369792
      ],
      [
       48.1701433,
       -18.9362924
      ],
      [
       48.1702946,
       -18.9356007
      ],
      [
       48.1704229,
       -18.9349048
      ],
      [
       48.170528,
       -18.9342055
      ],
      [
       48.1706099,
       -18.9335034
      ],
      [
       48.1706684,
       -18.9327992
      ],
      [
       48.1707034,
       -18.9320936
      ],
      [
       48.1707151,
       -18.9313874
      ],
      [
       48.1707032,
       -18.9306811
      ],
      [
       48.170668,
       -18.9299755
      ],
      [
       48.1706093,
       -18.9292714
      ],
      [
       48.1705272,
       -18.9285693
      ],
      [
       48.1704219,
       -18.92787
      ],
      [
       48.1702934,
       -18.9271742
      ],
      [
       48.1701419,
       -18.9264825
      ],
      [
       48.1699675,
       -18.9257957
      ],
      [
       48.1697704,
       -18.9251144
      ],
      [
       48.1695507,
       -18.9244393
      ],
      [
       48.1693087,
       -18.9237711
      ],
      [
       48.1690447,
       -18.9231104
      ],
      [
       48.1687589,
       -18.9224578
      ],
      [
       48.1684515,
       -18.9218141
      ],
      [
       48.1681229,
       -18.9211798
      ],
      [
       48.1677734,
       -18.9205556
      ],
      [
       48.1674034,
       -18.9199421
      ],
      [
       48.1670132,
       -18.9193398
      ],
      [
       48.1666032,
       -18.9187495
      ],
      [
       48.1661738,
       -18.9181717
      ],
      [
       48.1657254,
       -18.9176068
      ],
      [
       48.1652584,
       -18.9170556
      ],
      [
       48.1647735,
       -18.9165186
      ],
      [
       48.1642709,
       -18.9159962
      ],
      [
       48.1637512,
       -18.915489
      ],
      [
       48.163215,
       -18.9149975
      ],
      [
       48.1626626,
       -18.9145221
      ],
      [
       48.1620948,
       -18.9140634
      ],
      [
       48.1615121,
       -18.9136218
      ],
      [
       48.1609149,
       -18.9131978
      ],
      [
       48.160304,
       -18.9127917
      ],
      [
       48.1596799,
       -18.9124039
      ],
      [
       48.1590433,
       -18.9120349
      ],
      [
       48.1583947,
       -18.911685
      ],
      [
       48.1577348,
       -18.9113545
      ],
      [
       48.1570642,
       -18.9110438
      ],
      [
       48.1563837,
       -18.9107531
      ],
      [
       48.1556939,
       -18.9104828
      ],
      [
       48.1549954,
       -18.9102332
      ],
      [
       48.154289,
       -18.9100044
      ],
      [
       48.1535754,
       -18.9097968
      ],
      [
       48.1528552,
       -18.9096104
      ],
      [
       48.1521292,
       -18.9094455
      ],
      [
       48.151398,
       -18.9093023
      ],
      [
       48.1506625,
       -18.9091809
      ],
      [
       48.1499233,
       -18.9090814
      ],
      [
       48.1491812,
       -18.9090039
      ],
      [
       48.1484368,
       -18.9089484
      ],
      [
       48.147691,
       -18.9089152
      ],
      [
       48.1469444,
       -18.9089041
      ]
     ]
    ]
   }
  },
  {
   "type": "Feature",
   "properties": {
    "ll": {
     "value": 0,
     "unit": 1,
     "referenceDatum": 0
    },
    "ul": {
     "value": 9843,
     "unit": 1,
     "referenceDatum": 1
    },
    "_id": "62cfcd469f7e2ede51a825e2",
    "name": "FM-D14 ZONE MARITIME DE SAINTE-MARIE",
    "type": 2,
    "icao": 7,
    "bnd": [
     [
      -17.1166667,
      49.6666667
     ],
     [
      -16.9666667,
      49.8166667
     ]
    ]
   },
   "geometry": {
    "type": "Polygon",
    "coordinates": [
     [
      [
       49.7333333,
       -16.9666667
      ],
      [
       49.8166667,
       -16.9666667
      ],
      [
       49.75,
       -17.1166667
      ],
      [
       49.6666667,
       -17.1166667
      ],
      [
       49.7333333,
       -16.9666667
      ]
     ]
    ]
   }
  },
  {
   "type": "Feature",
   "properties": {
    "ll": {
     "value": 0,
     "unit": 1,
     "referenceDatum": 0
    },
    "ul": {
     "value": 9843,
     "unit": 1,
     "referenceDatum": 1
    },
    "_id": "62cfcd469f7e2ede51a825ed",
    "name": "FM-D15 ZONE MARITIME DE NOSY-BE",
    "type": 2,
    "icao": 7,
    "bnd": [
     [
      -23.8333333,
      43.4
     ],
     [
      -23.6666667,
      43.5666667
     ]
    ]
   },
   "geometry": {
    "type": "Polygon",
    "coordinates": [
     [
      [
       43.4,
       -23.6666667
      ],
      [
       43.5666667,
       -23.6666667
      ],
      [
       43.5666667,
       -23.8333333
      ],
      [
       43.4,
       -23.8333333
      ],
      [
       43.4,
       -23.6666667
      ]
     ]
    ]
   }
  },
  {
   "type": "Feature",
   "properties": {
    "ll": {
     "value": 0,
     "unit": 1,
     "referenceDatum": 0
    },
    "ul": {
     "value": 9843,
     "unit": 1,
     "referenceDatum": 1
    },
    "_id": "62cfcd469f7e2ede51a825f7",
    "name": "FM-D16 ZONE MARITIME DU CAP RANAVALONA",
    "type": 2,
    "icao": 7,
    "bnd": [
     [
      -25.1666667,
      47
     ],
     [
      -25.0833333,
      47.1666667
     ]
    ]
   },
   "geometry": {
    "type": "Polygon",
    "coordinates": [
     [
      [
       47,
       -25.0833333
      ],
      [
       47.1666667,
       -25.0833333
      ],
      [
       47.1666667,
       -25.1666667
      ],
      [
       47,
       -25.1666667
      ],
      [
       47,
       -25.0833333
      ]
     ]
    ]
   }
  },
  {
   "type": "Feature",
   "properties": {
    "ll": {
     "value": 0,
     "unit": 1,
     "referenceDatum": 0
    },
    "ul": {
     "value": 9843,
     "unit": 1,
     "referenceDatum": 1
    },
    "_id": "62cfcd469f7e2ede51a82601",
    "name": "FM-D17 ZONE MARITIME DE NOSY MITSIO",
    "type": 2,
    "icao": 7,
    "bnd": [
     [
      -13.0333333,
      48.4
     ],
     [
      -12.9333333,
      48.6
     ]
    ]
   },
   "geometry": {
    "type": "Polygon",
    "coordinates": [
     [
      [
       48.4,
       -12.9333333
      ],
      [
       48.6,
       -12.9333333
      ],
      [
       48.6,
       -13.0333333
      ],
      [
       48.4,
       -13.0333333
      ],
      [
       48.4,
       -12.9333333
      ]
     ]
    ]
   }
  },
  {
   "type": "Feature",
   "properties": {
    "ll": {
     "value": 0,
     "unit": 1,
     "referenceDatum": 0
    },
    "ul": {
     "value": 9843,
     "unit": 1,
     "referenceDatum": 1
    },
    "_id": "62cfcd469f7e2ede51a8260b",
    "name": "FM-D19 ZONE MARITIME DE LA BAIE DE RIGNY",
    "type": 2,
    "icao": 7,
    "bnd": [
     [
      -12.5,
      49.6666667
     ],
     [
      -12.4,
      49.8333333
     ]
    ]
   },
   "geometry": {
    "type": "Polygon",
    "coordinates": [
     [
      [
       49.6666667,
       -12.4
      ],
      [
       49.8333333,
       -12.4
      ],
      [
       49.8333333,
       -12.5
      ],
      [
       49.6666667,
       -12.5
      ],
      [
       49.6666667,
       -12.4
      ]
     ]
    ]
   }
  },
  {
   "type": "Feature",
   "properties": {
    "ll": {
     "value": 0,
     "unit": 1,
     "referenceDatum": 0
    },
    "ul": {
     "value": 3937,
     "unit": 1,
     "referenceDatum": 0
    },
    "_id": "62cfcd469f7e2ede51a82615",
    "name": "FM-D20A AMPISOPISO",
    "type": 2,
    "icao": 7,
    "bnd": [
     [
      -23.3936484,
      43.753941
     ],
     [
      -23.3396849,
      43.8127257
     ]
    ]
   },
   "geometry": {
    "type": "Polygon",
    "coordinates": [
     [
      [
       43.7833333,
       -23.3396849
      ],
      [
       43.7824103,
       -23.3396982
      ],
      [
       43.7814881,
       -23.3397381
      ],
      [
       43.7805678,
       -23.3398046
      ],
      [
       43.7796502,
       -23.3398976
      ],
      [
       43.7787363,
       -23.340017
      ],
      [
       43.7778269,
       -23.3401627
      ],
      [
       43.7769229,
       -23.3403346
      ],
      [
       43.7760252,
       -23.3405324
      ],
      [
       43.7751347,
       -23.340756
      ],
      [
       43.7742523,
       -23.3410052
      ],
      [
       43.7733789,
       -23.3412797
      ],
      [
       43.7725153,
       -23.3415793
      ],
      [
       43.7716624,
       -23.3419036
      ],
      [
       43.770821,
       -23.3422523
      ],
      [
       43.7699919,
       -23.3426252
      ],
      [
       43.769176,
       -23.3430217
      ],
      [
       43.768374,
       -23.3434416
      ],
      [
       43.7675868,
       -23.3438844
      ],
      [
       43.7668152,
       -23.3443497
      ],
      [
       43.7660598,
       -23.344837
      ],
      [
       43.7653214,
       -23.3453459
      ],
      [
       43.7646009,
       -23.3458757
      ],
      [
       43.7638988,
       -23.3464261
      ],
      [
       43.7632159,
       -23.3469965
      ],
      [
       43.7625528,
       -23.3475863
      ],
      [
       43.7619102,
       -23.3481949
      ],
      [
       43.7612888,
       -23.3488218
      ],
      [
       43.7606891,
       -23.3494662
      ],
      [
       43.7601117,
       -23.3501276
      ],
      [
       43.7595573,
       -23.3508054
      ],
      [
       43.7590263,
       -23.3514988
      ],
      [
       43.7585192,
       -23.3522072
      ],
      [
       43.7580367,
       -23.3529298
      ],
      [
       43.7575791,
       -23.353666
      ],
      [
       43.757147,
       -23.354415
      ],
      [
       43.7567406,
       -23.3551761
      ],
      [
       43.7563605,
       -23.3559486
      ],
      [
       43.756007,
       -23.3567316
      ],
      [
       43.7556805,
       -23.3575245
      ],
      [
       43.7553813,
       -23.3583264
      ],
      [
       43.7551096,
       -23.3591365
      ],
      [
       43.7548658,
       -23.359954
      ],
      [
       43.7546501,
       -23.3607782
      ],
      [
       43.7544627,
       -23.3616081
      ],
      [
       43.7543038,
       -23.3624431
      ],
      [
       43.7541735,
       -23.3632823
      ],
      [
       43.754072,
       -23.3641247
      ],
      [
       43.7539993,
       -23.3649697
      ],
      [
       43.7539557,
       -23.3658164
      ],
      [
       43.753941,
       -23.3666639
      ],
      [
       43.7539553,
       -23.3675114
      ],
      [
       43.7539986,
       -23.3683581
      ],
      [
       43.7540708,
       -23.3692032
      ],
      [
       43.754172,
       -23.3700457
      ],
      [
       43.7543019,
       -23.3708849
      ],
      [
       43.7544605,
       -23.3717199
      ],
      [
       43.7546476,
       -23.3725499
      ],
      [
       43.7548629,
       -23.3733742
      ],
      [
       43.7551064,
       -23.3741918
      ],
      [
       43.7553778,
       -23.375002
      ],
      [
       43.7556767,
       -23.375804
      ],
      [
       43.756003,
       -23.3765969
      ],
      [
       43.7563562,
       -23.3773801
      ],
      [
       43.756736,
       -23.3781527
      ],
      [
       43.7571421,
       -23.378914
      ],
      [
       43.7575741,
       -23.3796631
      ],
      [
       43.7580315,
       -23.3803995
      ],
      [
       43.7585138,
       -23.3811223
      ],
      [
       43.7590207,
       -23.3818308
      ],
      [
       43.7595516,
       -23.3825244
      ],
      [
       43.7601059,
       -23.3832023
      ],
      [
       43.7606832,
       -23.3838639
      ],
      [
       43.7612828,
       -23.3845085
      ],
      [
       43.7619042,
       -23.3851355
      ],
      [
       43.7625468,
       -23.3857443
      ],
      [
       43.7632099,
       -23.3863342
      ],
      [
       43.7638928,
       -23.3869048
      ],
      [
       43.764595,
       -23.3874554
      ],
      [
       43.7653156,
       -23.3879854
      ],
      [
       43.7660541,
       -23.3884944
      ],
      [
       43.7668096,
       -23.3889819
      ],
      [
       43.7675814,
       -23.3894473
      ],
      [
       43.7683688,
       -23.3898903
      ],
      [
       43.7691709,
       -23.3903103
      ],
      [
       43.7699871,
       -23.390707
      ],
      [
       43.7708164,
       -23.39108
      ],
      [
       43.771658,
       -23.3914289
      ],
      [
       43.7725112,
       -23.3917533
      ],
      [
       43.7733751,
       -23.392053
      ],
      [
       43.7742488,
       -23.3923276
      ],
      [
       43.7751315,
       -23.3925769
      ],
      [
       43.7760223,
       -23.3928006
      ],
      [
       43.7769203,
       -23.3929985
      ],
      [
       43.7778247,
       -23.3931704
      ],
      [
       43.7787344,
       -23.3933162
      ],
      [
       43.7796487,
       -23.3934356
      ],
      [
       43.7805667,
       -23.3935287
      ],
      [
       43.7814874,
       -23.3935952
      ],
      [
       43.7824099,
       -23.3936351
      ],
      [
       43.7833333,
       -23.3936484
      ],
      [
       43.7842568,
       -23.3936351
      ],
      [
       43.7851793,
       -23.3935952
      ],
      [
       43.7861,
       -23.3935287
      ],
      [
       43.7870179,
       -23.3934356
      ],
      [
       43.7879322,
       -23.3933162
      ],
      [
       43.788842,
       -23.3931704
      ],
      [
       43.7897464,
       -23.3929985
      ],
      [
       43.7906444,
       -23.3928006
      ],
      [
       43.7915351,
       -23.3925769
      ],
      [
       43.7924178,
       -23.3923276
      ],
      [
       43.7932916,
       -23.392053
      ],
      [
       43.7941554,
       -23.3917533
      ],
      [
       43.7950086,
       -23.3914289
      ],
      [
       43.7958503,
       -23.39108
      ],
      [
       43.7966796,
       -23.390707
      ],
      [
       43.7974957,
       -23.3903103
      ],
      [
       43.7982979,
       -23.3898903
      ],
      [
       43.7990853,
       -23.3894473
      ],
      [
       43.7998571,
       -23.3889819
      ],
      [
       43.8006126,
       -23.3884944
      ],
      [
       43.801351,
       -23.3879854
      ],
      [
       43.8020717,
       -23.3874554
      ],
      [
       43.8027738,
       -23.3869048
      ],
      [
       43.8034568,
       -23.3863342
      ],
      [
       43.8041199,
       -23.3857443
      ],
      [
       43.8047624,
       -23.3851355
      ],
      [
       43.8053838,
       -23.3845085
      ],
      [
       43.8059835,
       -23.3838639
      ],
      [
       43.8065608,
       -23.3832023
      ],
      [
       43.8071151,
       -23.3825244
      ],
      [
       43.807646,
       -23.3818308
      ],
      [
       43.8081528,
       -23.3811223
      ],
      [
       43.8086352,
       -23.3803995
      ],
      [
       43.8090926,
       -23.3796631
      ],
      [
       43.8095245,
       -23.378914
      ],
      [
       43.8099306,
       -23.3781527
      ],
      [
       43.8103105,
       -23.3773801
      ],
      [
       43.8106637,
       -23.3765969
      ],
      [
       43.81099,
       -23.375804
      ],
      [
       43.8112889,
       -23.375002
      ],
      [
       43.8115602,
       -23.3741918
      ],
      [
       43.8118037,
       -23.3733742
      ],
      [
       43.8120191,
       -23.3725499
      ],
      [
       43.8122062,
       -23.3717199
      ],
      [
       43.8123648,
       -23.3708849
      ],
      [
       43.8124947,
       -23.3700457
      ],
      [
       43.8125958,
       -23.3692032
      ],
      [
       43.8126681,
       -23.3683581
      ],
      [
       43.8127114,
       -23.3675114
      ],
      [
       43.8127257,
       -23.3666639
      ],
      [
       43.812711,
       -23.3658164
      ],
      [
       43.8126673,
       -23.3649697
      ],
      [
       43.8125947,
       -23.3641247
      ],
      [
       43.8124932,
       -23.3632823
      ],
      [
       43.8123629,
       -23.3624431
      ],
      [
       43.812204,
       -23.3616081
      ],
      [
       43.8120166,
       -23.3607782
      ],
      [
       43.8118008,
       -23.359954
      ],
      [
       43.811557,
       -23.3591365
      ],
      [
       43.8112854,
       -23.3583264
      ],
      [
       43.8109861,
       -23.3575245
      ],
      [
       43.8106596,
       -23.3567316
      ],
      [
       43.8103061,
       -23.3559486
      ],
      [
       43.809926,
       -23.3551761
      ],
      [
       43.8095197,
       -23.354415
      ],
      [
       43.8090875,
       -23.353666
      ],
      [
       43.80863,
       -23.3529298
      ],
      [
       43.8081474,
       -23.3522072
      ],
      [
       43.8076404,
       -23.3514988
      ],
      [
       43.8071094,
       -23.3508054
      ],
      [
       43.806555,
       -23.3501276
      ],
      [
       43.8059776,
       -23.3494662
      ],
      [
       43.8053779,
       -23.3488218
      ],
      [
       43.8047565,
       -23.3481949
      ],
      [
       43.8041139,
       -23.3475863
      ],
      [
       43.8034508,
       -23.3469965
      ],
      [
       43.8027679,
       -23.3464261
      ],
      [
       43.8020658,
       -23.3458757
      ],
      [
       43.8013452,
       -23.3453459
      ],
      [
       43.8006069,
       -23.344837
      ],
      [
       43.7998515,
       -23.3443497
      ],
      [
       43.7990798,
       -23.3438844
      ],
      [
       43.7982926,
       -23.3434416
      ],
      [
       43.7974907,
       -23.3430217
      ],
      [
       43.7966748,
       -23.3426252
      ],
      [
       43.7958457,
       -23.3422523
      ],
      [
       43.7950043,
       -23.3419036
      ],
      [
       43.7941513,
       -23.3415793
      ],
      [
       43.7932877,
       -23.3412797
      ],
      [
       43.7924143,
       -23.3410052
      ],
      [
       43.7915319,
       -23.340756
      ],
      [
       43.7906415,
       -23.3405324
      ],
      [
       43.7897438,
       -23.3403346
      ],
      [
       43.7888398,
       -23.3401627
      ],
      [
       43.7879304,
       -23.340017
      ],
      [
       43.7870164,
       -23.3398976
      ],
      [
       43.7860988,
       -23.3398046
      ],
      [
       43.7851785,
       -23.3397381
      ],
      [
       43.7842564,
       -23.3396982
      ],
      [
       43.7833333,
       -23.3396849
      ]
     ]
    ]
   }
  },
  {
   "type": "Feature",
   "properties": {
    "ll": {
     "value": 0,
     "unit": 1,
     "referenceDatum": 0
    },
    "ul": {
     "value": 984,
     "unit": 1,
     "referenceDatum": 0
    },
    "_id": "62cfcd469f7e2ede51a8261e",
    "name": "FM-D20B AMPISOPISO",
    "type": 2,
    "icao": 7,
    "bnd": [
     [
      -23.3936484,
      43.753941
     ],
     [
      -23.3396849,
      43.8127257
     ]
    ]
   },
   "geometry": {
    "type": "Polygon",
    "coordinates": [
     [
      [
       43.7833333,
       -23.3396849
      ],
      [
       43.7824103,
       -23.3396982
      ],
      [
       43.7814881,
       -23.3397381
      ],
      [
       43.7805678,
       -23.3398046
      ],
      [
       43.7796502,
       -23.3398976
      ],
      [
       43.7787363,
       -23.340017
      ],
      [
       43.7778269,
       -23.3401627
      ],
      [
       43.7769229,
       -23.3403346
      ],
      [
       43.7760252,
       -23.3405324
      ],
      [
       43.7751347,
       -23.340756
      ],
      [
       43.7742523,
       -23.3410052
      ],
      [
       43.7733789,
       -23.3412797
      ],
      [
       43.7725153,
       -23.3415793
      ],
      [
       43.7716624,
       -23.3419036
      ],
      [
       43.770821,
       -23.3422523
      ],
      [
       43.7699919,
       -23.3426252
      ],
      [
       43.769176,
       -23.3430217
      ],
      [
       43.768374,
       -23.3434416
      ],
      [
       43.7675868,
       -23.3438844
      ],
      [
       43.7668152,
       -23.3443497
      ],
      [
       43.7660598,
       -23.344837
      ],
      [
       43.7653214,
       -23.3453459
      ],
      [
       43.7646009,
       -23.3458757
      ],
      [
       43.7638988,
       -23.3464261
      ],
      [
       43.7632159,
       -23.3469965
      ],
      [
       43.7625528,
       -23.3475863
      ],
      [
       43.7619102,
       -23.3481949
      ],
      [
       43.7612888,
       -23.3488218
      ],
      [
       43.7606891,
       -23.3494662
      ],
      [
       43.7601117,
       -23.3501276
      ],
      [
       43.7595573,
       -23.3508054
      ],
      [
       43.7590263,
       -23.3514988
      ],
      [
       43.7585192,
       -23.3522072
      ],
      [
       43.7580367,
       -23.3529298
      ],
      [
       43.7575791,
       -23.353666
      ],
      [
       43.757147,
       -23.354415
      ],
      [
       43.7567406,
       -23.3551761
      ],
      [
       43.7563605,
       -23.3559486
      ],
      [
       43.756007,
       -23.3567316
      ],
      [
       43.7556805,
       -23.3575245
      ],
      [
       43.7553813,
       -23.3583264
      ],
      [
       43.7551096,
       -23.3591365
      ],
      [
       43.7548658,
       -23.359954
      ],
      [
       43.7546501,
       -23.3607782
      ],
      [
       43.7544627,
       -23.3616081
      ],
      [
       43.7543038,
       -23.3624431
      ],
      [
       43.7541735,
       -23.3632823
      ],
      [
       43.754072,
       -23.3641247
      ],
      [
       43.7539993,
       -23.3649697
      ],
      [
       43.7539557,
       -23.3658164
      ],
      [
       43.753941,
       -23.3666639
      ],
      [
       43.7539553,
       -23.3675114
      ],
      [
       43.7539986,
       -23.3683581
      ],
      [
       43.7540708,
       -23.3692032
      ],
      [
       43.754172,
       -23.3700457
      ],
      [
       43.7543019,
       -23.3708849
      ],
      [
       43.7544605,
       -23.3717199
      ],
      [
       43.7546476,
       -23.3725499
      ],
      [
       43.7548629,
       -23.3733742
      ],
      [
       43.7551064,
       -23.3741918
      ],
      [
       43.7553778,
       -23.375002
      ],
      [
       43.7556767,
       -23.375804
      ],
      [
       43.756003,
       -23.3765969
      ],
      [
       43.7563562,
       -23.3773801
      ],
      [
       43.756736,
       -23.3781527
      ],
      [
       43.7571421,
       -23.378914
      ],
      [
       43.7575741,
       -23.3796631
      ],
      [
       43.7580315,
       -23.3803995
      ],
      [
       43.7585138,
       -23.3811223
      ],
      [
       43.7590207,
       -23.3818308
      ],
      [
       43.7595516,
       -23.3825244
      ],
      [
       43.7601059,
       -23.3832023
      ],
      [
       43.7606832,
       -23.3838639
      ],
      [
       43.7612828,
       -23.3845085
      ],
      [
       43.7619042,
       -23.3851355
      ],
      [
       43.7625468,
       -23.3857443
      ],
      [
       43.7632099,
       -23.3863342
      ],
      [
       43.7638928,
       -23.3869048
      ],
      [
       43.764595,
       -23.3874554
      ],
      [
       43.7653156,
       -23.3879854
      ],
      [
       43.7660541,
       -23.3884944
      ],
      [
       43.7668096,
       -23.3889819
      ],
      [
       43.7675814,
       -23.3894473
      ],
      [
       43.7683688,
       -23.3898903
      ],
      [
       43.7691709,
       -23.3903103
      ],
      [
       43.7699871,
       -23.390707
      ],
      [
       43.7708164,
       -23.39108
      ],
      [
       43.771658,
       -23.3914289
      ],
      [
       43.7725112,
       -23.3917533
      ],
      [
       43.7733751,
       -23.392053
      ],
      [
       43.7742488,
       -23.3923276
      ],
      [
       43.7751315,
       -23.3925769
      ],
      [
       43.7760223,
       -23.3928006
      ],
      [
       43.7769203,
       -23.3929985
      ],
      [
       43.7778247,
       -23.3931704
      ],
      [
       43.7787344,
       -23.3933162
      ],
      [
       43.7796487,
       -23.3934356
      ],
      [
       43.7805667,
       -23.3935287
      ],
      [
       43.7814874,
       -23.3935952
      ],
      [
       43.7824099,
       -23.3936351
      ],
      [
       43.7833333,
       -23.3936484
      ],
      [
       43.7842568,
       -23.3936351
      ],
      [
       43.7851793,
       -23.3935952
      ],
      [
       43.7861,
       -23.3935287
      ],
      [
       43.7870179,
       -23.3934356
      ],
      [
       43.7879322,
       -23.3933162
      ],
      [
       43.788842,
       -23.3931704
      ],
      [
       43.7897464,
       -23.3929985
      ],
      [
       43.7906444,
       -23.3928006
      ],
      [
       43.7915351,
       -23.3925769
      ],
      [
       43.7924178,
       -23.3923276
      ],
      [
       43.7932916,
       -23.392053
      ],
      [
       43.7941554,
       -23.3917533
      ],
      [
       43.7950086,
       -23.3914289
      ],
      [
       43.7958503,
       -23.39108
      ],
      [
       43.7966796,
       -23.390707
      ],
      [
       43.7974957,
       -23.3903103
      ],
      [
       43.7982979,
       -23.3898903
      ],
      [
       43.7990853,
       -23.3894473
      ],
      [
       43.7998571,
       -23.3889819
      ],
      [
       43.8006126,
       -23.3884944
      ],
      [
       43.801351,
       -23.3879854
      ],
      [
       43.8020717,
       -23.3874554
      ],
      [
       43.8027738,
       -23.3869048
      ],
      [
       43.8034568,
       -23.3863342
      ],
      [
       43.8041199,
       -23.3857443
      ],
      [
       43.8047624,
       -23.3851355
      ],
      [
       43.8053838,
       -23.3845085
      ],
      [
       43.8059835,
       -23.3838639
      ],
      [
       43.8065608,
       -23.3832023
      ],
      [
       43.8071151,
       -23.3825244
      ],
      [
       43.807646,
       -23.3818308
      ],
      [
       43.8081528,
       -23.3811223
      ],
      [
       43.8086352,
       -23.3803995
      ],
      [
       43.8090926,
       -23.3796631
      ],
      [
       43.8095245,
       -23.378914
      ],
      [
       43.8099306,
       -23.3781527
      ],
      [
       43.8103105,
       -23.3773801
      ],
      [
       43.8106637,
       -23.3765969
      ],
      [
       43.81099,
       -23.375804
      ],
      [
       43.8112889,
       -23.375002
      ],
      [
       43.8115602,
       -23.3741918
      ],
      [
       43.8118037,
       -23.3733742
      ],
      [
       43.8120191,
       -23.3725499
      ],
      [
       43.8122062,
       -23.3717199
      ],
      [
       43.8123648,
       -23.3708849
      ],
      [
       43.8124947,
       -23.3700457
      ],
      [
       43.8125958,
       -23.3692032
      ],
      [
       43.8126681,
       -23.3683581
      ],
      [
       43.8127114,
       -23.3675114
      ],
      [
       43.8127257,
       -23.3666639
      ],
      [
       43.812711,
       -23.3658164
      ],
      [
       43.8126673,
       -23.3649697
      ],
      [
       43.8125947,
       -23.3641247
      ],
      [
       43.8124932,
       -23.3632823
      ],
      [
       43.8123629,
       -23.3624431
      ],
      [
       43.812204,
       -23.3616081
      ],
      [
       43.8120166,
       -23.3607782
      ],
      [
       43.8118008,
       -23.359954
      ],
      [
       43.811557,
       -23.3591365
      ],
      [
       43.8112854,
       -23.3583264
      ],
      [
       43.8109861,
       -23.3575245
      ],
      [
       43.8106596,
       -23.3567316
      ],
      [
       43.8103061,
       -23.3559486
      ],
      [
       43.809926,
       -23.3551761
      ],
      [
       43.8095197,
       -23.354415
      ],
      [
       43.8090875,
       -23.353666
      ],
      [
       43.80863,
       -23.3529298
      ],
      [
       43.8081474,
       -23.3522072
      ],
      [
       43.8076404,
       -23.3514988
      ],
      [
       43.8071094,
       -23.3508054
      ],
      [
       43.806555,
       -23.3501276
      ],
      [
       43.8059776,
       -23.3494662
      ],
      [
       43.8053779,
       -23.3488218
      ],
      [
       43.8047565,
       -23.3481949
      ],
      [
       43.8041139,
       -23.3475863
      ],
      [
       43.8034508,
       -23.3469965
      ],
      [
       43.8027679,
       -23.3464261
      ],
      [
       43.8020658,
       -23.3458757
      ],
      [
       43.8013452,
       -23.3453459
      ],
      [
       43.8006069,
       -23.344837
      ],
      [
       43.7998515,
       -23.3443497
      ],
      [
       43.7990798,
       -23.3438844
      ],
      [
       43.7982926,
       -23.3434416
      ],
      [
       43.7974907,
       -23.3430217
      ],
      [
       43.7966748,
       -23.3426252
      ],
      [
       43.7958457,
       -23.3422523
      ],
      [
       43.7950043,
       -23.3419036
      ],
      [
       43.7941513,
       -23.3415793
      ],
      [
       43.7932877,
       -23.3412797
      ],
      [
       43.7924143,
       -23.3410052
      ],
      [
       43.7915319,
       -23.340756
      ],
      [
       43.7906415,
       -23.3405324
      ],
      [
       43.7897438,
       -23.3403346
      ],
      [
       43.7888398,
       -23.3401627
      ],
      [
       43.7879304,
       -23.340017
      ],
      [
       43.7870164,
       -23.3398976
      ],
      [
       43.7860988,
       -23.3398046
      ],
      [
       43.7851785,
       -23.3397381
      ],
      [
       43.7842564,
       -23.3396982
      ],
      [
       43.7833333,
       -23.3396849
      ]
     ]
    ]
   }
  },
  {
   "type": "Feature",
   "properties": {
    "ll": {
     "value": 0,
     "unit": 1,
     "referenceDatum": 0
    },
    "ul": {
     "value": 2625,
     "unit": 1,
     "referenceDatum": 0
    },
    "_id": "62cfcd469f7e2ede51a82628",
    "name": "FM-D21 ZONE NORD DE L:AERODROME DE TOLAGNARO",
    "type": 2,
    "icao": 7,
    "bnd": [
     [
      -25.0013212,
      46.9134886
     ],
     [
      -24.9653455,
      46.953178
     ]
    ]
   },
   "geometry": {
    "type": "Polygon",
    "coordinates": [
     [
      [
       46.9333333,
       -24.9653455
      ],
      [
       46.9327101,
       -24.9653544
      ],
      [
       46.9320875,
       -24.965381
      ],
      [
       46.9314661,
       -24.9654253
      ],
      [
       46.9308465,
       -24.9654873
      ],
      [
       46.9302294,
       -24.9655669
      ],
      [
       46.9296153,
       -24.9656641
      ],
      [
       46.929005,
       -24.9657786
      ],
      [
       46.9283989,
       -24.9659105
      ],
      [
       46.9277976,
       -24.9660596
      ],
      [
       46.9272018,
       -24.9662257
      ],
      [
       46.9266121,
       -24.9664088
      ],
      [
       46.926029,
       -24.9666085
      ],
      [
       46.9254531,
       -24.9668247
      ],
      [
       46.924885,
       -24.9670572
      ],
      [
       46.9243252,
       -24.9673058
      ],
      [
       46.9237743,
       -24.9675702
      ],
      [
       46.9232328,
       -24.9678501
      ],
      [
       46.9227013,
       -24.9681453
      ],
      [
       46.9221803,
       -24.9684555
      ],
      [
       46.9216703,
       -24.9687804
      ],
      [
       46.9211718,
       -24.9691197
      ],
      [
       46.9206853,
       -24.9694729
      ],
      [
       46.9202112,
       -24.9698399
      ],
      [
       46.9197501,
       -24.9702201
      ],
      [
       46.9193025,
       -24.9706133
      ],
      [
       46.9188686,
       -24.9710191
      ],
      [
       46.918449,
       -24.971437
      ],
      [
       46.9180442,
       -24.9718667
      ],
      [
       46.9176543,
       -24.9723076
      ],
      [
       46.91728,
       -24.9727595
      ],
      [
       46.9169215,
       -24.9732218
      ],
      [
       46.9165792,
       -24.973694
      ],
      [
       46.9162534,
       -24.9741758
      ],
      [
       46.9159445,
       -24.9746666
      ],
      [
       46.9156527,
       -24.975166
      ],
      [
       46.9153784,
       -24.9756734
      ],
      [
       46.9151218,
       -24.9761884
      ],
      [
       46.9148832,
       -24.9767104
      ],
      [
       46.9146628,
       -24.977239
      ],
      [
       46.9144608,
       -24.9777736
      ],
      [
       46.9142774,
       -24.9783137
      ],
      [
       46.9141128,
       -24.9788587
      ],
      [
       46.9139672,
       -24.9794082
      ],
      [
       46.9138407,
       -24.9799615
      ],
      [
       46.9137334,
       -24.9805181
      ],
      [
       46.9136455,
       -24.9810776
      ],
      [
       46.913577,
       -24.9816392
      ],
      [
       46.913528,
       -24.9822026
      ],
      [
       46.9134985,
       -24.982767
      ],
      [
       46.9134886,
       -24.983332
      ],
      [
       46.9134983,
       -24.983897
      ],
      [
       46.9135276,
       -24.9844615
      ],
      [
       46.9135764,
       -24.9850248
      ],
      [
       46.9136448,
       -24.9855865
      ],
      [
       46.9137325,
       -24.986146
      ],
      [
       46.9138396,
       -24.9867027
      ],
      [
       46.9139659,
       -24.987256
      ],
      [
       46.9141114,
       -24.9878055
      ],
      [
       46.9142758,
       -24.9883506
      ],
      [
       46.914459,
       -24.9888907
      ],
      [
       46.9146609,
       -24.9894253
      ],
      [
       46.9148812,
       -24.989954
      ],
      [
       46.9151197,
       -24.9904761
      ],
      [
       46.9153762,
       -24.9909911
      ],
      [
       46.9156504,
       -24.9914986
      ],
      [
       46.9159421,
       -24.991998
      ],
      [
       46.9162509,
       -24.9924889
      ],
      [
       46.9165766,
       -24.9929708
      ],
      [
       46.9169188,
       -24.9934431
      ],
      [
       46.9172773,
       -24.9939055
      ],
      [
       46.9176515,
       -24.9943574
      ],
      [
       46.9180413,
       -24.9947984
      ],
      [
       46.9184462,
       -24.9952282
      ],
      [
       46.9188657,
       -24.9956462
      ],
      [
       46.9192996,
       -24.996052
      ],
      [
       46.9197473,
       -24.9964453
      ],
      [
       46.9202084,
       -24.9968256
      ],
      [
       46.9206824,
       -24.9971927
      ],
      [
       46.921169,
       -24.997546
      ],
      [
       46.9216675,
       -24.9978854
      ],
      [
       46.9221776,
       -24.9982103
      ],
      [
       46.9226987,
       -24.9985206
      ],
      [
       46.9232303,
       -24.9988159
      ],
      [
       46.9237718,
       -24.9990959
      ],
      [
       46.9243229,
       -24.9993604
      ],
      [
       46.9248828,
       -24.999609
      ],
      [
       46.925451,
       -24.9998416
      ],
      [
       46.926027,
       -25.0000578
      ],
      [
       46.9266103,
       -25.0002576
      ],
      [
       46.9272001,
       -25.0004407
      ],
      [
       46.9277961,
       -25.0006068
      ],
      [
       46.9283975,
       -25.000756
      ],
      [
       46.9290037,
       -25.0008879
      ],
      [
       46.9296143,
       -25.0010025
      ],
      [
       46.9302285,
       -25.0010997
      ],
      [
       46.9308458,
       -25.0011793
      ],
      [
       46.9314655,
       -25.0012413
      ],
      [
       46.9320871,
       -25.0012857
      ],
      [
       46.9327099,
       -25.0013123
      ],
      [
       46.9333333,
       -25.0013212
      ],
      [
       46.9339568,
       -25.0013123
      ],
      [
       46.9345796,
       -25.0012857
      ],
      [
       46.9352012,
       -25.0012413
      ],
      [
       46.9358209,
       -25.0011793
      ],
      [
       46.9364382,
       -25.0010997
      ],
      [
       46.9370524,
       -25.0010025
      ],
      [
       46.9376629,
       -25.0008879
      ],
      [
       46.9382692,
       -25.000756
      ],
      [
       46.9388706,
       -25.0006068
      ],
      [
       46.9394665,
       -25.0004407
      ],
      [
       46.9400564,
       -25.0002576
      ],
      [
       46.9406396,
       -25.0000578
      ],
      [
       46.9412157,
       -24.9998416
      ],
      [
       46.9417839,
       -24.999609
      ],
      [
       46.9423438,
       -24.9993604
      ],
      [
       46.9428948,
       -24.9990959
      ],
      [
       46.9434364,
       -24.9988159
      ],
      [
       46.943968,
       -24.9985206
      ],
      [
       46.9444891,
       -24.9982103
      ],
      [
       46.9449991,
       -24.9978854
      ],
      [
       46.9454977,
       -24.997546
      ],
      [
       46.9459842,
       -24.9971927
      ],
      [
       46.9464583,
       -24.9968256
      ],
      [
       46.9469194,
       -24.9964453
      ],
      [
       46.9473671,
       -24.996052
      ],
      [
       46.9478009,
       -24.9956462
      ],
      [
       46.9482205,
       -24.9952282
      ],
      [
       46.9486254,
       -24.9947984
      ],
      [
       46.9490151,
       -24.9943574
      ],
      [
       46.9493894,
       -24.9939055
      ],
      [
       46.9497479,
       -24.9934431
      ],
      [
       46.9500901,
       -24.9929708
      ],
      [
       46.9504158,
       -24.9924889
      ],
      [
       46.9507246,
       -24.991998
      ],
      [
       46.9510163,
       -24.9914986
      ],
      [
       46.9512905,
       -24.9909911
      ],
      [
       46.951547,
       -24.9904761
      ],
      [
       46.9517855,
       -24.989954
      ],
      [
       46.9520058,
       -24.9894253
      ],
      [
       46.9522076,
       -24.9888907
      ],
      [
       46.9523909,
       -24.9883506
      ],
      [
       46.9525553,
       -24.9878055
      ],
      [
       46.9527007,
       -24.987256
      ],
      [
       46.9528271,
       -24.9867027
      ],
      [
       46.9529342,
       -24.986146
      ],
      [
       46.9530219,
       -24.9855865
      ],
      [
       46.9530902,
       -24.9850248
      ],
      [
       46.9531391,
       -24.9844615
      ],
      [
       46.9531683,
       -24.983897
      ],
      [
       46.953178,
       -24.983332
      ],
      [
       46.9531682,
       -24.982767
      ],
      [
       46.9531387,
       -24.9822026
      ],
      [
       46.9530897,
       -24.9816392
      ],
      [
       46.9530212,
       -24.9810776
      ],
      [
       46.9529333,
       -24.9805181
      ],
      [
       46.952826,
       -24.9799615
      ],
      [
       46.9526995,
       -24.9794082
      ],
      [
       46.9525539,
       -24.9788587
      ],
      [
       46.9523893,
       -24.9783137
      ],
      [
       46.9522059,
       -24.9777736
      ],
      [
       46.9520039,
       -24.977239
      ],
      [
       46.9517835,
       -24.9767104
      ],
      [
       46.9515448,
       -24.9761884
      ],
      [
       46.9512882,
       -24.9756734
      ],
      [
       46.9510139,
       -24.975166
      ],
      [
       46.9507222,
       -24.9746666
      ],
      [
       46.9504132,
       -24.9741758
      ],
      [
       46.9500875,
       -24.973694
      ],
      [
       46.9497452,
       -24.9732218
      ],
      [
       46.9493867,
       -24.9727595
      ],
      [
       46.9490123,
       -24.9723076
      ],
      [
       46.9486225,
       -24.9718667
      ],
      [
       46.9482176,
       -24.971437
      ],
      [
       46.947798,
       -24.9710191
      ],
      [
       46.9473642,
       -24.9706133
      ],
      [
       46.9469165,
       -24.9702201
      ],
      [
       46.9464554,
       -24.9698399
      ],
      [
       46.9459814,
       -24.9694729
      ],
      [
       46.9454949,
       -24.9691197
      ],
      [
       46.9449964,
       -24.9687804
      ],
      [
       46.9444864,
       -24.9684555
      ],
      [
       46.9439653,
       -24.9681453
      ],
      [
       46.9434338,
       -24.9678501
      ],
      [
       46.9428924,
       -24.9675702
      ],
      [
       46.9423415,
       -24.9673058
      ],
      [
       46.9417817,
       -24.9670572
      ],
      [
       46.9412136,
       -24.9668247
      ],
      [
       46.9406377,
       -24.9666085
      ],
      [
       46.9400546,
       -24.9664088
      ],
      [
       46.9394648,
       -24.9662257
      ],
      [
       46.9388691,
       -24.9660596
      ],
      [
       46.9382678,
       -24.9659105
      ],
      [
       46.9376617,
       -24.9657786
      ],
      [
       46.9370513,
       -24.9656641
      ],
      [
       46.9364373,
       -24.9655669
      ],
      [
       46.9358202,
       -24.9654873
      ],
      [
       46.9352006,
       -24.9654253
      ],
      [
       46.9345792,
       -24.965381
      ],
      [
       46.9339566,
       -24.9653544
      ],
      [
       46.9333333,
       -24.9653455
      ]
     ]
    ]
   }
  },
  {
   "type": "Feature",
   "properties": {
    "ll": {
     "value": 0,
     "unit": 1,
     "referenceDatum": 0
    },
    "ul": {
     "value": 984,
     "unit": 1,
     "referenceDatum": 0
    },
    "_id": "62cfcd479f7e2ede51a82632",
    "name": "FM-D22 CHAMP DE TIR DE MANAKARA",
    "type": 2,
    "icao": 7,
    "bnd": [
     [
      -22.1679878,
      47.8805789
     ],
     [
      -22.1320122,
      47.9194211
     ]
    ]
   },
   "geometry": {
    "type": "Polygon",
    "coordinates": [
     [
      [
       47.9,
       -22.1320122
      ],
      [
       47.89939,
       -22.132021
      ],
      [
       47.8987807,
       -22.1320476
      ],
      [
       47.8981725,
       -22.132092
      ],
      [
       47.8975662,
       -22.132154
      ],
      [
       47.8969622,
       -22.1322336
      ],
      [
       47.8963613,
       -22.1323307
      ],
      [
       47.8957639,
       -22.1324453
      ],
      [
       47.8951708,
       -22.1325772
      ],
      [
       47.8945823,
       -22.1327263
      ],
      [
       47.8939993,
       -22.1328924
      ],
      [
       47.8934221,
       -22.1330754
      ],
      [
       47.8928515,
       -22.1332752
      ],
      [
       47.8922878,
       -22.1334914
      ],
      [
       47.8917318,
       -22.1337239
      ],
      [
       47.891184,
       -22.1339725
      ],
      [
       47.8906448,
       -22.1342369
      ],
      [
       47.8901149,
       -22.1345168
      ],
      [
       47.8895948,
       -22.134812
      ],
      [
       47.8890849,
       -22.1351222
      ],
      [
       47.8885857,
       -22.1354471
      ],
      [
       47.8880979,
       -22.1357864
      ],
      [
       47.8876217,
       -22.1361397
      ],
      [
       47.8871578,
       -22.1365066
      ],
      [
       47.8867066,
       -22.1368869
      ],
      [
       47.8862684,
       -22.1372801
      ],
      [
       47.8858438,
       -22.1376859
      ],
      [
       47.8854332,
       -22.1381038
      ],
      [
       47.885037,
       -22.1385334
      ],
      [
       47.8846555,
       -22.1389744
      ],
      [
       47.8842892,
       -22.1394263
      ],
      [
       47.8839383,
       -22.1398885
      ],
      [
       47.8836033,
       -22.1403608
      ],
      [
       47.8832845,
       -22.1408426
      ],
      [
       47.8829822,
       -22.1413334
      ],
      [
       47.8826967,
       -22.1418328
      ],
      [
       47.8824282,
       -22.1423402
      ],
      [
       47.8821771,
       -22.1428552
      ],
      [
       47.8819435,
       -22.1433772
      ],
      [
       47.8817278,
       -22.1439058
      ],
      [
       47.8815301,
       -22.1444404
      ],
      [
       47.8813507,
       -22.1449805
      ],
      [
       47.8811896,
       -22.1455255
      ],
      [
       47.8810471,
       -22.146075
      ],
      [
       47.8809233,
       -22.1466283
      ],
      [
       47.8808184,
       -22.147185
      ],
      [
       47.8807323,
       -22.1477444
      ],
      [
       47.8806653,
       -22.1483061
      ],
      [
       47.8806174,
       -22.1488694
      ],
      [
       47.8805885,
       -22.1494338
      ],
      [
       47.8805789,
       -22.1499989
      ],
      [
       47.8805884,
       -22.1505639
      ],
      [
       47.880617,
       -22.1511283
      ],
      [
       47.8806648,
       -22.1516917
      ],
      [
       47.8807317,
       -22.1522533
      ],
      [
       47.8808176,
       -22.1528128
      ],
      [
       47.8809224,
       -22.1533695
      ],
      [
       47.8810461,
       -22.1539228
      ],
      [
       47.8811884,
       -22.1544723
      ],
      [
       47.8813494,
       -22.1550174
      ],
      [
       47.8815287,
       -22.1555575
      ],
      [
       47.8817262,
       -22.1560921
      ],
      [
       47.8819418,
       -22.1566208
      ],
      [
       47.8821753,
       -22.1571429
      ],
      [
       47.8824263,
       -22.1576579
      ],
      [
       47.8826946,
       -22.1581654
      ],
      [
       47.8829801,
       -22.1586648
      ],
      [
       47.8832823,
       -22.1591557
      ],
      [
       47.8836011,
       -22.1596376
      ],
      [
       47.883936,
       -22.1601099
      ],
      [
       47.8842868,
       -22.1605722
      ],
      [
       47.8846531,
       -22.1610242
      ],
      [
       47.8850345,
       -22.1614652
      ],
      [
       47.8854308,
       -22.1618949
      ],
      [
       47.8858414,
       -22.1623129
      ],
      [
       47.8862659,
       -22.1627188
      ],
      [
       47.8867041,
       -22.163112
      ],
      [
       47.8871553,
       -22.1634924
      ],
      [
       47.8876193,
       -22.1638594
      ],
      [
       47.8880955,
       -22.1642128
      ],
      [
       47.8885834,
       -22.1645521
      ],
      [
       47.8890826,
       -22.164877
      ],
      [
       47.8895925,
       -22.1651873
      ],
      [
       47.8901128,
       -22.1654826
      ],
      [
       47.8906428,
       -22.1657626
      ],
      [
       47.891182,
       -22.1660271
      ],
      [
       47.8917299,
       -22.1662757
      ],
      [
       47.892286,
       -22.1665082
      ],
      [
       47.8928498,
       -22.1667245
      ],
      [
       47.8934205,
       -22.1669243
      ],
      [
       47.8939978,
       -22.1671073
      ],
      [
       47.894581,
       -22.1672735
      ],
      [
       47.8951696,
       -22.1674227
      ],
      [
       47.8957629,
       -22.1675546
      ],
      [
       47.8963604,
       -22.1676692
      ],
      [
       47.8969615,
       -22.1677664
      ],
      [
       47.8975656,
       -22.167846
      ],
      [
       47.8981721,
       -22.167908
      ],
      [
       47.8987804,
       -22.1679523
      ],
      [
       47.8993899,
       -22.167979
      ],
      [
       47.9,
       -22.1679878
      ],
      [
       47.9006101,
       -22.167979
      ],
      [
       47.9012196,
       -22.1679523
      ],
      [
       47.9018279,
       -22.167908
      ],
      [
       47.9024344,
       -22.167846
      ],
      [
       47.9030385,
       -22.1677664
      ],
      [
       47.9036396,
       -22.1676692
      ],
      [
       47.9042371,
       -22.1675546
      ],
      [
       47.9048304,
       -22.1674227
      ],
      [
       47.905419,
       -22.1672735
      ],
      [
       47.9060022,
       -22.1671073
      ],
      [
       47.9065795,
       -22.1669243
      ],
      [
       47.9071502,
       -22.1667245
      ],
      [
       47.907714,
       -22.1665082
      ],
      [
       47.9082701,
       -22.1662757
      ],
      [
       47.908818,
       -22.1660271
      ],
      [
       47.9093572,
       -22.1657626
      ],
      [
       47.9098872,
       -22.1654826
      ],
      [
       47.9104075,
       -22.1651873
      ],
      [
       47.9109174,
       -22.164877
      ],
      [
       47.9114166,
       -22.1645521
      ],
      [
       47.9119045,
       -22.1642128
      ],
      [
       47.9123807,
       -22.1638594
      ],
      [
       47.9128447,
       -22.1634924
      ],
      [
       47.9132959,
       -22.163112
      ],
      [
       47.9137341,
       -22.1627188
      ],
      [
       47.9141586,
       -22.1623129
      ],
      [
       47.9145692,
       -22.1618949
      ],
      [
       47.9149655,
       -22.1614652
      ],
      [
       47.9153469,
       -22.1610242
      ],
      [
       47.9157132,
       -22.1605722
      ],
      [
       47.916064,
       -22.1601099
      ],
      [
       47.9163989,
       -22.1596376
      ],
      [
       47.9167177,
       -22.1591557
      ],
      [
       47.9170199,
       -22.1586648
      ],
      [
       47.9173054,
       -22.1581654
      ],
      [
       47.9175737,
       -22.1576579
      ],
      [
       47.9178247,
       -22.1571429
      ],
      [
       47.9180582,
       -22.1566208
      ],
      [
       47.9182738,
       -22.1560921
      ],
      [
       47.9184713,
       -22.1555575
      ],
      [
       47.9186506,
       -22.1550174
      ],
      [
       47.9188116,
       -22.1544723
      ],
      [
       47.9189539,
       -22.1539228
      ],
      [
       47.9190776,
       -22.1533695
      ],
      [
       47.9191824,
       -22.1528128
      ],
      [
       47.9192683,
       -22.1522533
      ],
      [
       47.9193352,
       -22.1516917
      ],
      [
       47.919383,
       -22.1511283
      ],
      [
       47.9194116,
       -22.1505639
      ],
      [
       47.9194211,
       -22.1499989
      ],
      [
       47.9194115,
       -22.1494338
      ],
      [
       47.9193826,
       -22.1488694
      ],
      [
       47.9193347,
       -22.1483061
      ],
      [
       47.9192677,
       -22.1477444
      ],
      [
       47.9191816,
       -22.147185
      ],
      [
       47.9190767,
       -22.1466283
      ],
      [
       47.9189529,
       -22.146075
      ],
      [
       47.9188104,
       -22.1455255
      ],
      [
       47.9186493,
       -22.1449805
      ],
      [
       47.9184699,
       -22.1444404
      ],
      [
       47.9182722,
       -22.1439058
      ],
      [
       47.9180565,
       -22.1433772
      ],
      [
       47.9178229,
       -22.1428552
      ],
      [
       47.9175718,
       -22.1423402
      ],
      [
       47.9173033,
       -22.1418328
      ],
      [
       47.9170178,
       -22.1413334
      ],
      [
       47.9167155,
       -22.1408426
      ],
      [
       47.9163967,
       -22.1403608
      ],
      [
       47.9160617,
       -22.1398885
      ],
      [
       47.9157108,
       -22.1394263
      ],
      [
       47.9153445,
       -22.1389744
      ],
      [
       47.914963,
       -22.1385334
      ],
      [
       47.9145668,
       -22.1381038
      ],
      [
       47.9141562,
       -22.1376859
      ],
      [
       47.9137316,
       -22.1372801
      ],
      [
       47.9132934,
       -22.1368869
      ],
      [
       47.9128422,
       -22.1365066
      ],
      [
       47.9123783,
       -22.1361397
      ],
      [
       47.9119021,
       -22.1357864
      ],
      [
       47.9114143,
       -22.1354471
      ],
      [
       47.9109151,
       -22.1351222
      ],
      [
       47.9104052,
       -22.134812
      ],
      [
       47.9098851,
       -22.1345168
      ],
      [
       47.9093552,
       -22.1342369
      ],
      [
       47.908816,
       -22.1339725
      ],
      [
       47.9082682,
       -22.1337239
      ],
      [
       47.9077122,
       -22.1334914
      ],
      [
       47.9071485,
       -22.1332752
      ],
      [
       47.9065779,
       -22.1330754
      ],
      [
       47.9060007,
       -22.1328924
      ],
      [
       47.9054177,
       -22.1327263
      ],
      [
       47.9048292,
       -22.1325772
      ],
      [
       47.9042361,
       -22.1324453
      ],
      [
       47.9036387,
       -22.1323307
      ],
      [
       47.9030378,
       -22.1322336
      ],
      [
       47.9024338,
       -22.132154
      ],
      [
       47.9018275,
       -22.132092
      ],
      [
       47.9012193,
       -22.1320476
      ],
      [
       47.90061,
       -22.132021
      ],
      [
       47.9,
       -22.1320122
      ]
     ]
    ]
   }
  },
  {
   "type": "Feature",
   "properties": {
    "ll": {
     "value": 0,
     "unit": 1,
     "referenceDatum": 0
    },
    "ul": {
     "value": 2297,
     "unit": 1,
     "referenceDatum": 0
    },
    "_id": "62cfcd479f7e2ede51a8263c",
    "name": "FM-D23 CHAMP DE TIR DE MORAMANGA SUD",
    "type": 2,
    "icao": 7,
    "bnd": [
     [
      -18.9929878,
      48.1893119
     ],
     [
      -18.9570122,
      48.2273548
     ]
    ]
   },
   "geometry": {
    "type": "Polygon",
    "coordinates": [
     [
      [
       48.2083333,
       -18.9570122
      ],
      [
       48.2077359,
       -18.957021
      ],
      [
       48.2071391,
       -18.9570476
      ],
      [
       48.2065434,
       -18.957092
      ],
      [
       48.2059496,
       -18.957154
      ],
      [
       48.205358,
       -18.9572336
      ],
      [
       48.2047694,
       -18.9573307
      ],
      [
       48.2041844,
       -18.9574453
      ],
      [
       48.2036034,
       -18.9575772
      ],
      [
       48.2030271,
       -18.9577263
      ],
      [
       48.202456,
       -18.9578924
      ],
      [
       48.2018907,
       -18.9580755
      ],
      [
       48.2013318,
       -18.9582752
      ],
      [
       48.2007797,
       -18.9584914
      ],
      [
       48.2002352,
       -18.9587239
      ],
      [
       48.1996986,
       -18.9589725
      ],
      [
       48.1991705,
       -18.9592369
      ],
      [
       48.1986515,
       -18.9595169
      ],
      [
       48.1981421,
       -18.9598121
      ],
      [
       48.1976426,
       -18.9601223
      ],
      [
       48.1971538,
       -18.9604472
      ],
      [
       48.1966759,
       -18.9607864
      ],
      [
       48.1962096,
       -18.9611397
      ],
      [
       48.1957552,
       -18.9615067
      ],
      [
       48.1953133,
       -18.961887
      ],
      [
       48.1948842,
       -18.9622802
      ],
      [
       48.1944683,
       -18.962686
      ],
      [
       48.1940661,
       -18.9631039
      ],
      [
       48.1936781,
       -18.9635335
      ],
      [
       48.1933044,
       -18.9639745
      ],
      [
       48.1929456,
       -18.9644264
      ],
      [
       48.192602,
       -18.9648887
      ],
      [
       48.1922739,
       -18.9653609
      ],
      [
       48.1919617,
       -18.9658427
      ],
      [
       48.1916656,
       -18.9663335
      ],
      [
       48.1913859,
       -18.9668329
      ],
      [
       48.191123,
       -18.9673404
      ],
      [
       48.190877,
       -18.9678553
      ],
      [
       48.1906483,
       -18.9683774
      ],
      [
       48.1904371,
       -18.968906
      ],
      [
       48.1902435,
       -18.9694406
      ],
      [
       48.1900677,
       -18.9699807
      ],
      [
       48.18991,
       -18.9705257
      ],
      [
       48.1897704,
       -18.9710751
      ],
      [
       48.1896492,
       -18.9716285
      ],
      [
       48.1895464,
       -18.9721851
      ],
      [
       48.1894621,
       -18.9727446
      ],
      [
       48.1893965,
       -18.9733062
      ],
      [
       48.1893495,
       -18.9738696
      ],
      [
       48.1893213,
       -18.974434
      ],
      [
       48.1893119,
       -18.974999
      ],
      [
       48.1893212,
       -18.975564
      ],
      [
       48.1893493,
       -18.9761285
      ],
      [
       48.1893961,
       -18.9766918
      ],
      [
       48.1894616,
       -18.9772535
      ],
      [
       48.1895457,
       -18.977813
      ],
      [
       48.1896484,
       -18.9783696
      ],
      [
       48.1897695,
       -18.978923
      ],
      [
       48.189909,
       -18.9794725
      ],
      [
       48.1900666,
       -18.9800176
      ],
      [
       48.1902422,
       -18.9805577
      ],
      [
       48.1904358,
       -18.9810923
      ],
      [
       48.1906469,
       -18.9816209
      ],
      [
       48.1908755,
       -18.982143
      ],
      [
       48.1911214,
       -18.9826581
      ],
      [
       48.1913843,
       -18.9831655
      ],
      [
       48.1916638,
       -18.983665
      ],
      [
       48.1919599,
       -18.9841558
      ],
      [
       48.1922721,
       -18.9846377
      ],
      [
       48.1926001,
       -18.98511
      ],
      [
       48.1929437,
       -18.9855724
      ],
      [
       48.1933024,
       -18.9860243
      ],
      [
       48.193676,
       -18.9864653
      ],
      [
       48.1940641,
       -18.986895
      ],
      [
       48.1944663,
       -18.987313
      ],
      [
       48.1948821,
       -18.9877188
      ],
      [
       48.1953112,
       -18.9881121
      ],
      [
       48.1957532,
       -18.9884925
      ],
      [
       48.1962076,
       -18.9888595
      ],
      [
       48.196674,
       -18.9892128
      ],
      [
       48.1971518,
       -18.9895521
      ],
      [
       48.1976407,
       -18.9898771
      ],
      [
       48.1981402,
       -18.9901874
      ],
      [
       48.1986497,
       -18.9904826
      ],
      [
       48.1991688,
       -18.9907626
      ],
      [
       48.1996969,
       -18.9910271
      ],
      [
       48.2002336,
       -18.9912757
      ],
      [
       48.2007783,
       -18.9915083
      ],
      [
       48.2013304,
       -18.9917245
      ],
      [
       48.2018894,
       -18.9919243
      ],
      [
       48.2024548,
       -18.9921074
      ],
      [
       48.203026,
       -18.9922735
      ],
      [
       48.2036024,
       -18.9924227
      ],
      [
       48.2041835,
       -18.9925546
      ],
      [
       48.2047687,
       -18.9926692
      ],
      [
       48.2053574,
       -18.9927664
      ],
      [
       48.2059491,
       -18.992846
      ],
      [
       48.2065431,
       -18.992908
      ],
      [
       48.2071388,
       -18.9929523
      ],
      [
       48.2077358,
       -18.992979
      ],
      [
       48.2083333,
       -18.9929878
      ],
      [
       48.2089309,
       -18.992979
      ],
      [
       48.2095278,
       -18.9929523
      ],
      [
       48.2101236,
       -18.992908
      ],
      [
       48.2107176,
       -18.992846
      ],
      [
       48.2113093,
       -18.9927664
      ],
      [
       48.211898,
       -18.9926692
      ],
      [
       48.2124832,
       -18.9925546
      ],
      [
       48.2130643,
       -18.9924227
      ],
      [
       48.2136407,
       -18.9922735
      ],
      [
       48.2142119,
       -18.9921074
      ],
      [
       48.2147773,
       -18.9919243
      ],
      [
       48.2153363,
       -18.9917245
      ],
      [
       48.2158884,
       -18.9915083
      ],
      [
       48.2164331,
       -18.9912757
      ],
      [
       48.2169697,
       -18.9910271
      ],
      [
       48.2174979,
       -18.9907626
      ],
      [
       48.2180169,
       -18.9904826
      ],
      [
       48.2185265,
       -18.9901874
      ],
      [
       48.2190259,
       -18.9898771
      ],
      [
       48.2195148,
       -18.9895521
      ],
      [
       48.2199927,
       -18.9892128
      ],
      [
       48.2204591,
       -18.9888595
      ],
      [
       48.2209135,
       -18.9884925
      ],
      [
       48.2213554,
       -18.9881121
      ],
      [
       48.2217846,
       -18.9877188
      ],
      [
       48.2222004,
       -18.987313
      ],
      [
       48.2226026,
       -18.986895
      ],
      [
       48.2229906,
       -18.9864653
      ],
      [
       48.2233642,
       -18.9860243
      ],
      [
       48.223723,
       -18.9855724
      ],
      [
       48.2240666,
       -18.98511
      ],
      [
       48.2243946,
       -18.9846377
      ],
      [
       48.2247068,
       -18.9841558
      ],
      [
       48.2250028,
       -18.983665
      ],
      [
       48.2252824,
       -18.9831655
      ],
      [
       48.2255453,
       -18.9826581
      ],
      [
       48.2257911,
       -18.982143
      ],
      [
       48.2260197,
       -18.9816209
      ],
      [
       48.2262309,
       -18.9810923
      ],
      [
       48.2264244,
       -18.9805577
      ],
      [
       48.2266001,
       -18.9800176
      ],
      [
       48.2267577,
       -18.9794725
      ],
      [
       48.2268971,
       -18.978923
      ],
      [
       48.2270183,
       -18.9783696
      ],
      [
       48.2271209,
       -18.977813
      ],
      [
       48.2272051,
       -18.9772535
      ],
      [
       48.2272706,
       -18.9766918
      ],
      [
       48.2273174,
       -18.9761285
      ],
      [
       48.2273455,
       -18.975564
      ],
      [
       48.2273548,
       -18.974999
      ],
      [
       48.2273453,
       -18.974434
      ],
      [
       48.2273171,
       -18.9738696
      ],
      [
       48.2272702,
       -18.9733062
      ],
      [
       48.2272046,
       -18.9727446
      ],
      [
       48.2271203,
       -18.9721851
      ],
      [
       48.2270175,
       -18.9716285
      ],
      [
       48.2268963,
       -18.9710751
      ],
      [
       48.2267567,
       -18.9705257
      ],
      [
       48.226599,
       -18.9699807
      ],
      [
       48.2264232,
       -18.9694406
      ],
      [
       48.2262296,
       -18.968906
      ],
      [
       48.2260183,
       -18.9683774
      ],
      [
       48.2257896,
       -18.9678553
      ],
      [
       48.2255437,
       -18.9673404
      ],
      [
       48.2252807,
       -18.9668329
      ],
      [
       48.2250011,
       -18.9663335
      ],
      [
       48.224705,
       -18.9658427
      ],
      [
       48.2243928,
       -18.9653609
      ],
      [
       48.2240647,
       -18.9648887
      ],
      [
       48.223721,
       -18.9644264
      ],
      [
       48.2233622,
       -18.9639745
      ],
      [
       48.2229886,
       -18.9635335
      ],
      [
       48.2226005,
       -18.9631039
      ],
      [
       48.2221984,
       -18.962686
      ],
      [
       48.2217825,
       -18.9622802
      ],
      [
       48.2213534,
       -18.961887
      ],
      [
       48.2209114,
       -18.9615067
      ],
      [
       48.2204571,
       -18.9611397
      ],
      [
       48.2199907,
       -18.9607864
      ],
      [
       48.2195129,
       -18.9604472
      ],
      [
       48.219024,
       -18.9601223
      ],
      [
       48.2185246,
       -18.9598121
      ],
      [
       48.2180151,
       -18.9595169
      ],
      [
       48.2174961,
       -18.9592369
      ],
      [
       48.2169681,
       -18.9589725
      ],
      [
       48.2164315,
       -18.9587239
      ],
      [
       48.2158869,
       -18.9584914
      ],
      [
       48.2153349,
       -18.9582752
      ],
      [
       48.214776,
       -18.9580755
      ],
      [
       48.2142107,
       -18.9578924
      ],
      [
       48.2136396,
       -18.9577263
      ],
      [
       48.2130633,
       -18.9575772
      ],
      [
       48.2124823,
       -18.9574453
      ],
      [
       48.2118972,
       -18.9573307
      ],
      [
       48.2113086,
       -18.9572336
      ],
      [
       48.2107171,
       -18.957154
      ],
      [
       48.2101232,
       -18.957092
      ],
      [
       48.2095276,
       -18.9570476
      ],
      [
       48.2089307,
       -18.957021
      ],
      [
       48.2083333,
       -18.9570122
      ]
     ]
    ]
   }
  },
  {
   "type": "Feature",
   "properties": {
    "ll": {
     "value": 0,
     "unit": 1,
     "referenceDatum": 0
    },
    "ul": {
     "value": 3500,
     "unit": 1,
     "referenceDatum": 0
    },
    "_id": "62cfcd449f7e2ede51a82560",
    "name": "FM-P01A PROVINCE D:ANTANANARIVO ZONE D:AMBOHITRAINA",
    "type": 3,
    "icao": 7,
    "bnd": [
     [
      -19.0227609,
      47.5110777
     ],
     [
      -18.9727947,
      47.5639223
     ]
    ]
   },
   "geometry": {
    "type": "Polygon",
    "coordinates": [
     [
      [
       47.5375,
       -18.9727947
      ],
      [
       47.5366702,
       -18.972807
      ],
      [
       47.5358412,
       -18.9728439
      ],
      [
       47.5350138,
       -18.9729055
      ],
      [
       47.5341889,
       -18.9729916
      ],
      [
       47.5333673,
       -18.9731022
      ],
      [
       47.5325497,
       -18.9732371
      ],
      [
       47.531737,
       -18.9733962
      ],
      [
       47.53093,
       -18.9735794
      ],
      [
       47.5301295,
       -18.9737865
      ],
      [
       47.5293362,
       -18.9740172
      ],
      [
       47.528551,
       -18.9742714
      ],
      [
       47.5277747,
       -18.9745488
      ],
      [
       47.5270079,
       -18.9748491
      ],
      [
       47.5262515,
       -18.975172
      ],
      [
       47.5255061,
       -18.9755173
      ],
      [
       47.5247726,
       -18.9758845
      ],
      [
       47.5240517,
       -18.9762733
      ],
      [
       47.523344,
       -18.9766833
      ],
      [
       47.5226503,
       -18.9771141
      ],
      [
       47.5219712,
       -18.9775654
      ],
      [
       47.5213075,
       -18.9780365
      ],
      [
       47.5206597,
       -18.9785272
      ],
      [
       47.5200286,
       -18.9790368
      ],
      [
       47.5194147,
       -18.979565
      ],
      [
       47.5188186,
       -18.9801111
      ],
      [
       47.5182409,
       -18.9806747
      ],
      [
       47.5176823,
       -18.9812551
      ],
      [
       47.5171432,
       -18.9818518
      ],
      [
       47.5166242,
       -18.9824643
      ],
      [
       47.5161258,
       -18.9830918
      ],
      [
       47.5156485,
       -18.9837339
      ],
      [
       47.5151927,
       -18.9843898
      ],
      [
       47.5147589,
       -18.9850589
      ],
      [
       47.5143476,
       -18.9857406
      ],
      [
       47.5139592,
       -18.9864342
      ],
      [
       47.5135939,
       -18.9871389
      ],
      [
       47.5132522,
       -18.9878542
      ],
      [
       47.5129345,
       -18.9885793
      ],
      [
       47.512641,
       -18.9893134
      ],
      [
       47.5123721,
       -18.9900559
      ],
      [
       47.5121279,
       -18.990806
      ],
      [
       47.5119087,
       -18.991563
      ],
      [
       47.5117149,
       -18.9923261
      ],
      [
       47.5115464,
       -18.9930946
      ],
      [
       47.5114036,
       -18.9938677
      ],
      [
       47.5112865,
       -18.9946447
      ],
      [
       47.5111953,
       -18.9954248
      ],
      [
       47.5111301,
       -18.9962072
      ],
      [
       47.5110909,
       -18.9969912
      ],
      [
       47.5110777,
       -18.9977759
      ],
      [
       47.5110906,
       -18.9985606
      ],
      [
       47.5111296,
       -18.9993446
      ],
      [
       47.5111946,
       -19.000127
      ],
      [
       47.5112855,
       -19.0009071
      ],
      [
       47.5114024,
       -19.0016842
      ],
      [
       47.511545,
       -19.0024573
      ],
      [
       47.5117132,
       -19.0032259
      ],
      [
       47.5119068,
       -19.0039891
      ],
      [
       47.5121258,
       -19.0047461
      ],
      [
       47.5123697,
       -19.0054963
      ],
      [
       47.5126385,
       -19.0062388
      ],
      [
       47.5129318,
       -19.0069731
      ],
      [
       47.5132494,
       -19.0076982
      ],
      [
       47.5135908,
       -19.0084135
      ],
      [
       47.5139559,
       -19.0091184
      ],
      [
       47.5143443,
       -19.009812
      ],
      [
       47.5147555,
       -19.0104938
      ],
      [
       47.5151891,
       -19.0111631
      ],
      [
       47.5156448,
       -19.0118191
      ],
      [
       47.516122,
       -19.0124613
      ],
      [
       47.5166204,
       -19.0130889
      ],
      [
       47.5171393,
       -19.0137015
      ],
      [
       47.5176784,
       -19.0142984
      ],
      [
       47.518237,
       -19.0148789
      ],
      [
       47.5188146,
       -19.0154426
      ],
      [
       47.5194107,
       -19.0159888
      ],
      [
       47.5200246,
       -19.0165171
      ],
      [
       47.5206558,
       -19.0170268
      ],
      [
       47.5213037,
       -19.0175176
      ],
      [
       47.5219675,
       -19.0179889
      ],
      [
       47.5226466,
       -19.0184402
      ],
      [
       47.5233404,
       -19.0188712
      ],
      [
       47.5240482,
       -19.0192813
      ],
      [
       47.5247693,
       -19.0196702
      ],
      [
       47.5255029,
       -19.0200375
      ],
      [
       47.5262484,
       -19.0203828
      ],
      [
       47.527005,
       -19.0207059
      ],
      [
       47.5277719,
       -19.0210062
      ],
      [
       47.5285485,
       -19.0212837
      ],
      [
       47.5293339,
       -19.021538
      ],
      [
       47.5301273,
       -19.0217688
      ],
      [
       47.5309281,
       -19.0219759
      ],
      [
       47.5317353,
       -19.0221591
      ],
      [
       47.5325482,
       -19.0223183
      ],
      [
       47.533366,
       -19.0224533
      ],
      [
       47.5341879,
       -19.0225639
      ],
      [
       47.5350131,
       -19.02265
      ],
      [
       47.5358407,
       -19.0227116
      ],
      [
       47.5366699,
       -19.0227486
      ],
      [
       47.5375,
       -19.0227609
      ],
      [
       47.5383301,
       -19.0227486
      ],
      [
       47.5391593,
       -19.0227116
      ],
      [
       47.5399869,
       -19.02265
      ],
      [
       47.5408121,
       -19.0225639
      ],
      [
       47.541634,
       -19.0224533
      ],
      [
       47.5424518,
       -19.0223183
      ],
      [
       47.5432647,
       -19.0221591
      ],
      [
       47.5440719,
       -19.0219759
      ],
      [
       47.5448727,
       -19.0217688
      ],
      [
       47.5456661,
       -19.021538
      ],
      [
       47.5464515,
       -19.0212837
      ],
      [
       47.5472281,
       -19.0210062
      ],
      [
       47.547995,
       -19.0207059
      ],
      [
       47.5487516,
       -19.0203828
      ],
      [
       47.5494971,
       -19.0200375
      ],
      [
       47.5502307,
       -19.0196702
      ],
      [
       47.5509518,
       -19.0192813
      ],
      [
       47.5516596,
       -19.0188712
      ],
      [
       47.5523534,
       -19.0184402
      ],
      [
       47.5530325,
       -19.0179889
      ],
      [
       47.5536963,
       -19.0175176
      ],
      [
       47.5543442,
       -19.0170268
      ],
      [
       47.5549754,
       -19.0165171
      ],
      [
       47.5555893,
       -19.0159888
      ],
      [
       47.5561854,
       -19.0154426
      ],
      [
       47.556763,
       -19.0148789
      ],
      [
       47.5573216,
       -19.0142984
      ],
      [
       47.5578607,
       -19.0137015
      ],
      [
       47.5583796,
       -19.0130889
      ],
      [
       47.558878,
       -19.0124613
      ],
      [
       47.5593552,
       -19.0118191
      ],
      [
       47.5598109,
       -19.0111631
      ],
      [
       47.5602445,
       -19.0104938
      ],
      [
       47.5606557,
       -19.009812
      ],
      [
       47.5610441,
       -19.0091184
      ],
      [
       47.5614092,
       -19.0084135
      ],
      [
       47.5617506,
       -19.0076982
      ],
      [
       47.5620682,
       -19.0069731
      ],
      [
       47.5623615,
       -19.0062388
      ],
      [
       47.5626303,
       -19.0054963
      ],
      [
       47.5628742,
       -19.0047461
      ],
      [
       47.5630932,
       -19.0039891
      ],
      [
       47.5632868,
       -19.0032259
      ],
      [
       47.563455,
       -19.0024573
      ],
      [
       47.5635976,
       -19.0016842
      ],
      [
       47.5637145,
       -19.0009071
      ],
      [
       47.5638054,
       -19.000127
      ],
      [
       47.5638704,
       -18.9993446
      ],
      [
       47.5639094,
       -18.9985606
      ],
      [
       47.5639223,
       -18.9977759
      ],
      [
       47.5639091,
       -18.9969912
      ],
      [
       47.5638699,
       -18.9962072
      ],
      [
       47.5638047,
       -18.9954248
      ],
      [
       47.5637135,
       -18.9946447
      ],
      [
       47.5635964,
       -18.9938677
      ],
      [
       47.5634536,
       -18.9930946
      ],
      [
       47.5632851,
       -18.9923261
      ],
      [
       47.5630913,
       -18.991563
      ],
      [
       47.5628721,
       -18.990806
      ],
      [
       47.5626279,
       -18.9900559
      ],
      [
       47.562359,
       -18.9893134
      ],
      [
       47.5620655,
       -18.9885793
      ],
      [
       47.5617478,
       -18.9878542
      ],
      [
       47.5614061,
       -18.9871389
      ],
      [
       47.5610408,
       -18.9864342
      ],
      [
       47.5606524,
       -18.9857406
      ],
      [
       47.5602411,
       -18.9850589
      ],
      [
       47.5598073,
       -18.9843898
      ],
      [
       47.5593515,
       -18.9837339
      ],
      [
       47.5588742,
       -18.9830918
      ],
      [
       47.5583758,
       -18.9824643
      ],
      [
       47.5578568,
       -18.9818518
      ],
      [
       47.5573177,
       -18.9812551
      ],
      [
       47.5567591,
       -18.9806747
      ],
      [
       47.5561814,
       -18.9801111
      ],
      [
       47.5555853,
       -18.979565
      ],
      [
       47.5549714,
       -18.9790368
      ],
      [
       47.5543403,
       -18.9785272
      ],
      [
       47.5536925,
       -18.9780365
      ],
      [
       47.5530288,
       -18.9775654
      ],
      [
       47.5523497,
       -18.9771141
      ],
      [
       47.551656,
       -18.9766833
      ],
      [
       47.5509483,
       -18.9762733
      ],
      [
       47.5502274,
       -18.9758845
      ],
      [
       47.5494939,
       -18.9755173
      ],
      [
       47.5487485,
       -18.975172
      ],
      [
       47.5479921,
       -18.9748491
      ],
      [
       47.5472253,
       -18.9745488
      ],
      [
       47.546449,
       -18.9742714
      ],
      [
       47.5456638,
       -18.9740172
      ],
      [
       47.5448705,
       -18.9737865
      ],
      [
       47.54407,
       -18.9735794
      ],
      [
       47.543263,
       -18.9733962
      ],
      [
       47.5424503,
       -18.9732371
      ],
      [
       47.5416327,
       -18.9731022
      ],
      [
       47.5408111,
       -18.9729916
      ],
      [
       47.5399862,
       -18.9729055
      ],
      [
       47.5391588,
       -18.9728439
      ],
      [
       47.5383298,
       -18.972807
      ],
      [
       47.5375,
       -18.9727947
      ]
     ]
    ]
   }
  },
  {
   "type": "Feature",
   "properties": {
    "ll": {
     "value": 3500,
     "unit": 1,
     "referenceDatum": 0
    },
    "ul": {
     "value": 245,
     "unit": 6,
     "referenceDatum": 2
    },
    "_id": "62cfcd449f7e2ede51a8256a",
    "name": "FM-P01B PROVINCE D:ANTANANARIVO ZONE D:AMBOHITRAINA",
    "type": 3,
    "icao": 7,
    "bnd": [
     [
      -19.047744,
      47.4846554
     ],
     [
      -18.9478115,
      47.5903446
     ]
    ]
   },
   "geometry": {
    "type": "Polygon",
    "coordinates": [
     [
      [
       47.5375,
       -18.9478115
      ],
      [
       47.5358406,
       -18.9478362
      ],
      [
       47.5341829,
       -18.9479101
      ],
      [
       47.5325284,
       -18.9480332
      ],
      [
       47.5308788,
       -18.9482054
      ],
      [
       47.5292357,
       -18.9484265
      ],
      [
       47.5276008,
       -18.9486963
      ],
      [
       47.5259757,
       -18.9490145
      ],
      [
       47.5243619,
       -18.9493809
      ],
      [
       47.5227611,
       -18.9497949
      ],
      [
       47.5211748,
       -18.9502563
      ],
      [
       47.5196046,
       -18.9507646
      ],
      [
       47.518052,
       -18.9513193
      ],
      [
       47.5165186,
       -18.9519198
      ],
      [
       47.515006,
       -18.9525656
      ],
      [
       47.5135155,
       -18.953256
      ],
      [
       47.5120486,
       -18.9539903
      ],
      [
       47.5106068,
       -18.9547678
      ],
      [
       47.5091916,
       -18.9555877
      ],
      [
       47.5078043,
       -18.9564493
      ],
      [
       47.5064462,
       -18.9573517
      ],
      [
       47.5051188,
       -18.9582939
      ],
      [
       47.5038234,
       -18.9592751
      ],
      [
       47.5025611,
       -18.9602943
      ],
      [
       47.5013333,
       -18.9613504
      ],
      [
       47.5001411,
       -18.9624426
      ],
      [
       47.4989858,
       -18.9635696
      ],
      [
       47.4978685,
       -18.9647303
      ],
      [
       47.4967903,
       -18.9659236
      ],
      [
       47.4957522,
       -18.9671484
      ],
      [
       47.4947553,
       -18.9684035
      ],
      [
       47.4938006,
       -18.9696875
      ],
      [
       47.492889,
       -18.9709992
      ],
      [
       47.4920214,
       -18.9723373
      ],
      [
       47.4911986,
       -18.9737006
      ],
      [
       47.4904215,
       -18.9750876
      ],
      [
       47.4896909,
       -18.976497
      ],
      [
       47.4890074,
       -18.9779275
      ],
      [
       47.4883717,
       -18.9793775
      ],
      [
       47.4877846,
       -18.9808457
      ],
      [
       47.4872464,
       -18.9823306
      ],
      [
       47.4867579,
       -18.9838307
      ],
      [
       47.4863194,
       -18.9853446
      ],
      [
       47.4859314,
       -18.9868708
      ],
      [
       47.4855943,
       -18.9884078
      ],
      [
       47.4853084,
       -18.989954
      ],
      [
       47.485074,
       -18.991508
      ],
      [
       47.4848914,
       -18.9930681
      ],
      [
       47.4847607,
       -18.9946329
      ],
      [
       47.484682,
       -18.9962008
      ],
      [
       47.4846554,
       -18.9977703
      ],
      [
       47.484681,
       -18.9993398
      ],
      [
       47.4847587,
       -19.0009077
      ],
      [
       47.4848884,
       -19.0024726
      ],
      [
       47.4850701,
       -19.0040328
      ],
      [
       47.4853035,
       -19.0055869
      ],
      [
       47.4855885,
       -19.0071333
      ],
      [
       47.4859247,
       -19.0086704
      ],
      [
       47.4863118,
       -19.0101968
      ],
      [
       47.4867494,
       -19.011711
      ],
      [
       47.4872371,
       -19.0132114
      ],
      [
       47.4877745,
       -19.0146966
      ],
      [
       47.4883609,
       -19.0161651
      ],
      [
       47.4889958,
       -19.0176154
      ],
      [
       47.4896786,
       -19.0190462
      ],
      [
       47.4904087,
       -19.020456
      ],
      [
       47.4911852,
       -19.0218434
      ],
      [
       47.4920075,
       -19.0232071
      ],
      [
       47.4928746,
       -19.0245457
      ],
      [
       47.4937859,
       -19.0258578
      ],
      [
       47.4947403,
       -19.0271423
      ],
      [
       47.4957369,
       -19.0283978
      ],
      [
       47.4967747,
       -19.029623
      ],
      [
       47.4978528,
       -19.0308168
      ],
      [
       47.49897,
       -19.031978
      ],
      [
       47.5001253,
       -19.0331055
      ],
      [
       47.5013174,
       -19.0341981
      ],
      [
       47.5025453,
       -19.0352547
      ],
      [
       47.5038078,
       -19.0362744
      ],
      [
       47.5051035,
       -19.037256
      ],
      [
       47.5064312,
       -19.0381987
      ],
      [
       47.5077895,
       -19.0391015
      ],
      [
       47.5091773,
       -19.0399635
      ],
      [
       47.5105929,
       -19.0407839
      ],
      [
       47.5120352,
       -19.0415618
      ],
      [
       47.5135026,
       -19.0422965
      ],
      [
       47.5149937,
       -19.0429872
      ],
      [
       47.5165071,
       -19.0436333
      ],
      [
       47.5180412,
       -19.0442342
      ],
      [
       47.5195945,
       -19.0447892
      ],
      [
       47.5211654,
       -19.0452978
      ],
      [
       47.5227526,
       -19.0457595
      ],
      [
       47.5243543,
       -19.0461738
      ],
      [
       47.5259689,
       -19.0465403
      ],
      [
       47.527595,
       -19.0468587
      ],
      [
       47.5292308,
       -19.0471287
      ],
      [
       47.5308748,
       -19.0473499
      ],
      [
       47.5325254,
       -19.0475222
      ],
      [
       47.5341809,
       -19.0476454
      ],
      [
       47.5358396,
       -19.0477194
      ],
      [
       47.5375,
       -19.047744
      ],
      [
       47.5391604,
       -19.0477194
      ],
      [
       47.5408191,
       -19.0476454
      ],
      [
       47.5424746,
       -19.0475222
      ],
      [
       47.5441252,
       -19.0473499
      ],
      [
       47.5457692,
       -19.0471287
      ],
      [
       47.547405,
       -19.0468587
      ],
      [
       47.5490311,
       -19.0465403
      ],
      [
       47.5506457,
       -19.0461738
      ],
      [
       47.5522474,
       -19.0457595
      ],
      [
       47.5538346,
       -19.0452978
      ],
      [
       47.5554055,
       -19.0447892
      ],
      [
       47.5569588,
       -19.0442342
      ],
      [
       47.5584929,
       -19.0436333
      ],
      [
       47.5600063,
       -19.0429872
      ],
      [
       47.5614974,
       -19.0422965
      ],
      [
       47.5629648,
       -19.0415618
      ],
      [
       47.5644071,
       -19.0407839
      ],
      [
       47.5658227,
       -19.0399635
      ],
      [
       47.5672105,
       -19.0391015
      ],
      [
       47.5685688,
       -19.0381987
      ],
      [
       47.5698965,
       -19.037256
      ],
      [
       47.5711922,
       -19.0362744
      ],
      [
       47.5724547,
       -19.0352547
      ],
      [
       47.5736826,
       -19.0341981
      ],
      [
       47.5748747,
       -19.0331055
      ],
      [
       47.57603,
       -19.031978
      ],
      [
       47.5771472,
       -19.0308168
      ],
      [
       47.5782253,
       -19.029623
      ],
      [
       47.5792631,
       -19.0283978
      ],
      [
       47.5802597,
       -19.0271423
      ],
      [
       47.5812141,
       -19.0258578
      ],
      [
       47.5821254,
       -19.0245457
      ],
      [
       47.5829925,
       -19.0232071
      ],
      [
       47.5838148,
       -19.0218434
      ],
      [
       47.5845913,
       -19.020456
      ],
      [
       47.5853214,
       -19.0190462
      ],
      [
       47.5860042,
       -19.0176154
      ],
      [
       47.5866391,
       -19.0161651
      ],
      [
       47.5872255,
       -19.0146966
      ],
      [
       47.5877629,
       -19.0132114
      ],
      [
       47.5882506,
       -19.011711
      ],
      [
       47.5886882,
       -19.0101968
      ],
      [
       47.5890753,
       -19.0086704
      ],
      [
       47.5894115,
       -19.0071333
      ],
      [
       47.5896965,
       -19.0055869
      ],
      [
       47.5899299,
       -19.0040328
      ],
      [
       47.5901116,
       -19.0024726
      ],
      [
       47.5902413,
       -19.0009077
      ],
      [
       47.590319,
       -18.9993398
      ],
      [
       47.5903446,
       -18.9977703
      ],
      [
       47.590318,
       -18.9962008
      ],
      [
       47.5902393,
       -18.9946329
      ],
      [
       47.5901086,
       -18.9930681
      ],
      [
       47.589926,
       -18.991508
      ],
      [
       47.5896916,
       -18.989954
      ],
      [
       47.5894057,
       -18.9884078
      ],
      [
       47.5890686,
       -18.9868708
      ],
      [
       47.5886806,
       -18.9853446
      ],
      [
       47.5882421,
       -18.9838307
      ],
      [
       47.5877536,
       -18.9823306
      ],
      [
       47.5872154,
       -18.9808457
      ],
      [
       47.5866283,
       -18.9793775
      ],
      [
       47.5859926,
       -18.9779275
      ],
      [
       47.5853091,
       -18.976497
      ],
      [
       47.5845785,
       -18.9750876
      ],
      [
       47.5838014,
       -18.9737006
      ],
      [
       47.5829786,
       -18.9723373
      ],
      [
       47.582111,
       -18.9709992
      ],
      [
       47.5811994,
       -18.9696875
      ],
      [
       47.5802447,
       -18.9684035
      ],
      [
       47.5792478,
       -18.9671484
      ],
      [
       47.5782097,
       -18.9659236
      ],
      [
       47.5771315,
       -18.9647303
      ],
      [
       47.5760142,
       -18.9635696
      ],
      [
       47.5748589,
       -18.9624426
      ],
      [
       47.5736667,
       -18.9613504
      ],
      [
       47.5724389,
       -18.9602943
      ],
      [
       47.5711766,
       -18.9592751
      ],
      [
       47.5698812,
       -18.9582939
      ],
      [
       47.5685538,
       -18.9573517
      ],
      [
       47.5671957,
       -18.9564493
      ],
      [
       47.5658084,
       -18.9555877
      ],
      [
       47.5643932,
       -18.9547678
      ],
      [
       47.5629514,
       -18.9539903
      ],
      [
       47.5614845,
       -18.953256
      ],
      [
       47.559994,
       -18.9525656
      ],
      [
       47.5584814,
       -18.9519198
      ],
      [
       47.556948,
       -18.9513193
      ],
      [
       47.5553954,
       -18.9507646
      ],
      [
       47.5538252,
       -18.9502563
      ],
      [
       47.5522389,
       -18.9497949
      ],
      [
       47.5506381,
       -18.9493809
      ],
      [
       47.5490243,
       -18.9490145
      ],
      [
       47.5473992,
       -18.9486963
      ],
      [
       47.5457643,
       -18.9484265
      ],
      [
       47.5441212,
       -18.9482054
      ],
      [
       47.5424716,
       -18.9480332
      ],
      [
       47.5408171,
       -18.9479101
      ],
      [
       47.5391594,
       -18.9478362
      ],
      [
       47.5375,
       -18.9478115
      ]
     ]
    ]
   }
  },
  {
   "type": "Feature",
   "properties": {
    "ll": {
     "value": 0,
     "unit": 1,
     "referenceDatum": 0
    },
    "ul": {
     "value": 8202,
     "unit": 1,
     "referenceDatum": 0
    },
    "_id": "62cfcd479f7e2ede51a82646",
    "name": "FM-R18 FIHAONANA",
    "type": 1,
    "icao": 7,
    "bnd": [
     [
      -18.6028151,
      47.2104242
     ],
     [
      -18.5488516,
      47.2673536
     ]
    ]
   },
   "geometry": {
    "type": "Polygon",
    "coordinates": [
     [
      [
       47.2388889,
       -18.5488516
      ],
      [
       47.2379949,
       -18.5488649
      ],
      [
       47.2371019,
       -18.5489048
      ],
      [
       47.2362105,
       -18.5489713
      ],
      [
       47.2353219,
       -18.5490643
      ],
      [
       47.2344367,
       -18.5491837
      ],
      [
       47.233556,
       -18.5493294
      ],
      [
       47.2326805,
       -18.5495013
      ],
      [
       47.2318111,
       -18.5496991
      ],
      [
       47.2309487,
       -18.5499227
      ],
      [
       47.2300941,
       -18.5501719
      ],
      [
       47.2292483,
       -18.5504465
      ],
      [
       47.2284119,
       -18.550746
      ],
      [
       47.2275858,
       -18.5510704
      ],
      [
       47.2267709,
       -18.5514191
      ],
      [
       47.225968,
       -18.551792
      ],
      [
       47.2251778,
       -18.5521885
      ],
      [
       47.2244012,
       -18.5526084
      ],
      [
       47.2236388,
       -18.5530513
      ],
      [
       47.2228914,
       -18.5535166
      ],
      [
       47.2221599,
       -18.5540039
      ],
      [
       47.2214449,
       -18.5545128
      ],
      [
       47.220747,
       -18.5550427
      ],
      [
       47.2200671,
       -18.5555931
      ],
      [
       47.2194057,
       -18.5561635
      ],
      [
       47.2187636,
       -18.5567533
      ],
      [
       47.2181413,
       -18.5573619
      ],
      [
       47.2175394,
       -18.5579888
      ],
      [
       47.2169587,
       -18.5586332
      ],
      [
       47.2163995,
       -18.5592947
      ],
      [
       47.2158626,
       -18.5599725
      ],
      [
       47.2153484,
       -18.5606659
      ],
      [
       47.2148574,
       -18.5613743
      ],
      [
       47.2143901,
       -18.5620969
      ],
      [
       47.213947,
       -18.5628331
      ],
      [
       47.2135285,
       -18.5635822
      ],
      [
       47.213135,
       -18.5643433
      ],
      [
       47.2127669,
       -18.5651158
      ],
      [
       47.2124246,
       -18.5658988
      ],
      [
       47.2121084,
       -18.5666917
      ],
      [
       47.2118187,
       -18.5674936
      ],
      [
       47.2115556,
       -18.5683037
      ],
      [
       47.2113195,
       -18.5691212
      ],
      [
       47.2111107,
       -18.5699454
      ],
      [
       47.2109292,
       -18.5707754
      ],
      [
       47.2107753,
       -18.5716104
      ],
      [
       47.2106492,
       -18.5724495
      ],
      [
       47.2105509,
       -18.573292
      ],
      [
       47.2104806,
       -18.574137
      ],
      [
       47.2104384,
       -18.5749837
      ],
      [
       47.2104242,
       -18.5758312
      ],
      [
       47.2104381,
       -18.5766787
      ],
      [
       47.2104801,
       -18.5775254
      ],
      [
       47.2105501,
       -18.5783704
      ],
      [
       47.2106481,
       -18.5792129
      ],
      [
       47.2107739,
       -18.5800521
      ],
      [
       47.2109275,
       -18.5808872
      ],
      [
       47.2111088,
       -18.5817172
      ],
      [
       47.2113174,
       -18.5825414
      ],
      [
       47.2115532,
       -18.583359
      ],
      [
       47.211816,
       -18.5841692
      ],
      [
       47.2121056,
       -18.5849712
      ],
      [
       47.2124215,
       -18.5857641
      ],
      [
       47.2127636,
       -18.5865473
      ],
      [
       47.2131315,
       -18.5873199
      ],
      [
       47.2135248,
       -18.5880811
      ],
      [
       47.2139432,
       -18.5888303
      ],
      [
       47.2143862,
       -18.5895666
      ],
      [
       47.2148533,
       -18.5902894
      ],
      [
       47.2153442,
       -18.5909979
      ],
      [
       47.2158583,
       -18.5916914
      ],
      [
       47.2163952,
       -18.5923693
      ],
      [
       47.2169542,
       -18.5930309
      ],
      [
       47.217535,
       -18.5936755
      ],
      [
       47.2181368,
       -18.5943025
      ],
      [
       47.2187591,
       -18.5949113
      ],
      [
       47.2194012,
       -18.5955012
      ],
      [
       47.2200626,
       -18.5960717
      ],
      [
       47.2207426,
       -18.5966223
      ],
      [
       47.2214405,
       -18.5971523
      ],
      [
       47.2221556,
       -18.5976613
      ],
      [
       47.2228873,
       -18.5981488
      ],
      [
       47.2236347,
       -18.5986142
      ],
      [
       47.2243972,
       -18.5990571
      ],
      [
       47.225174,
       -18.5994771
      ],
      [
       47.2259644,
       -18.5998738
      ],
      [
       47.2267675,
       -18.6002468
      ],
      [
       47.2275826,
       -18.6005956
      ],
      [
       47.2284088,
       -18.6009201
      ],
      [
       47.2292454,
       -18.6012197
      ],
      [
       47.2300915,
       -18.6014943
      ],
      [
       47.2309463,
       -18.6017436
      ],
      [
       47.2318089,
       -18.6019673
      ],
      [
       47.2326785,
       -18.6021652
      ],
      [
       47.2335543,
       -18.6023371
      ],
      [
       47.2344353,
       -18.6024829
      ],
      [
       47.2353208,
       -18.6026023
      ],
      [
       47.2362097,
       -18.6026953
      ],
      [
       47.2371013,
       -18.6027619
      ],
      [
       47.2379946,
       -18.6028018
      ],
      [
       47.2388889,
       -18.6028151
      ],
      [
       47.2397831,
       -18.6028018
      ],
      [
       47.2406765,
       -18.6027619
      ],
      [
       47.2415681,
       -18.6026953
      ],
      [
       47.242457,
       -18.6026023
      ],
      [
       47.2433424,
       -18.6024829
      ],
      [
       47.2442235,
       -18.6023371
      ],
      [
       47.2450992,
       -18.6021652
      ],
      [
       47.2459689,
       -18.6019673
      ],
      [
       47.2468315,
       -18.6017436
      ],
      [
       47.2476863,
       -18.6014943
      ],
      [
       47.2485324,
       -18.6012197
      ],
      [
       47.249369,
       -18.6009201
      ],
      [
       47.2501952,
       -18.6005956
      ],
      [
       47.2510103,
       -18.6002468
      ],
      [
       47.2518134,
       -18.5998738
      ],
      [
       47.2526038,
       -18.5994771
      ],
      [
       47.2533806,
       -18.5990571
      ],
      [
       47.2541431,
       -18.5986142
      ],
      [
       47.2548905,
       -18.5981488
      ],
      [
       47.2556222,
       -18.5976613
      ],
      [
       47.2563373,
       -18.5971523
      ],
      [
       47.2570352,
       -18.5966223
      ],
      [
       47.2577152,
       -18.5960717
      ],
      [
       47.2583766,
       -18.5955012
      ],
      [
       47.2590187,
       -18.5949113
      ],
      [
       47.259641,
       -18.5943025
      ],
      [
       47.2602428,
       -18.5936755
      ],
      [
       47.2608235,
       -18.5930309
      ],
      [
       47.2613826,
       -18.5923693
      ],
      [
       47.2619195,
       -18.5916914
      ],
      [
       47.2624336,
       -18.5909979
      ],
      [
       47.2629245,
       -18.5902894
      ],
      [
       47.2633916,
       -18.5895666
      ],
      [
       47.2638346,
       -18.5888303
      ],
      [
       47.2642529,
       -18.5880811
      ],
      [
       47.2646463,
       -18.5873199
      ],
      [
       47.2650141,
       -18.5865473
      ],
      [
       47.2653562,
       -18.5857641
      ],
      [
       47.2656722,
       -18.5849712
      ],
      [
       47.2659618,
       -18.5841692
      ],
      [
       47.2662246,
       -18.583359
      ],
      [
       47.2664604,
       -18.5825414
      ],
      [
       47.266669,
       -18.5817172
      ],
      [
       47.2668502,
       -18.5808872
      ],
      [
       47.2670038,
       -18.5800521
      ],
      [
       47.2671297,
       -18.5792129
      ],
      [
       47.2672277,
       -18.5783704
      ],
      [
       47.2672977,
       -18.5775254
      ],
      [
       47.2673397,
       -18.5766787
      ],
      [
       47.2673536,
       -18.5758312
      ],
      [
       47.2673394,
       -18.5749837
      ],
      [
       47.2672971,
       -18.574137
      ],
      [
       47.2672268,
       -18.573292
      ],
      [
       47.2671286,
       -18.5724495
      ],
      [
       47.2670024,
       -18.5716104
      ],
      [
       47.2668486,
       -18.5707754
      ],
      [
       47.2666671,
       -18.5699454
      ],
      [
       47.2664582,
       -18.5691212
      ],
      [
       47.2662222,
       -18.5683037
      ],
      [
       47.2659591,
       -18.5674936
      ],
      [
       47.2656693,
       -18.5666917
      ],
      [
       47.2653532,
       -18.5658988
      ],
      [
       47.2650109,
       -18.5651158
      ],
      [
       47.2646428,
       -18.5643433
      ],
      [
       47.2642493,
       -18.5635822
      ],
      [
       47.2638308,
       -18.5628331
      ],
      [
       47.2633877,
       -18.5620969
      ],
      [
       47.2629204,
       -18.5613743
      ],
      [
       47.2624294,
       -18.5606659
      ],
      [
       47.2619152,
       -18.5599725
      ],
      [
       47.2613782,
       -18.5592947
      ],
      [
       47.2608191,
       -18.5586332
      ],
      [
       47.2602383,
       -18.5579888
      ],
      [
       47.2596365,
       -18.5573619
      ],
      [
       47.2590142,
       -18.5567533
      ],
      [
       47.2583721,
       -18.5561635
      ],
      [
       47.2577107,
       -18.5555931
      ],
      [
       47.2570308,
       -18.5550427
      ],
      [
       47.2563329,
       -18.5545128
      ],
      [
       47.2556179,
       -18.5540039
      ],
      [
       47.2548863,
       -18.5535166
      ],
      [
       47.254139,
       -18.5530513
      ],
      [
       47.2533766,
       -18.5526084
      ],
      [
       47.2526,
       -18.5521885
      ],
      [
       47.2518098,
       -18.551792
      ],
      [
       47.2510068,
       -18.5514191
      ],
      [
       47.2501919,
       -18.5510704
      ],
      [
       47.2493659,
       -18.550746
      ],
      [
       47.2485295,
       -18.5504465
      ],
      [
       47.2476836,
       -18.5501719
      ],
      [
       47.2468291,
       -18.5499227
      ],
      [
       47.2459667,
       -18.5496991
      ],
      [
       47.2450973,
       -18.5495013
      ],
      [
       47.2442218,
       -18.5493294
      ],
      [
       47.2433411,
       -18.5491837
      ],
      [
       47.2424559,
       -18.5490643
      ],
      [
       47.2415672,
       -18.5489713
      ],
      [
       47.2406759,
       -18.5489048
      ],
      [
       47.2397828,
       -18.5488649
      ],
      [
       47.2388889,
       -18.5488516
      ]
     ]
    ]
   }
  },
  {
   "type": "Feature",
   "properties": {
    "ll": {
     "value": 0,
     "unit": 1,
     "referenceDatum": 0
    },
    "ul": {
     "value": 999,
     "unit": 6,
     "referenceDatum": 2
    },
    "_id": "62cfcd479f7e2ede51a82651",
    "name": "FM-R27 PROVINCE D:ANTSIRANANA",
    "type": 1,
    "icao": 7,
    "bnd": [
     [
      -14.5,
      47.876301
     ],
     [
      -11.1060564,
      50.3669792
     ]
    ]
   },
   "geometry": {
    "type": "Polygon",
    "coordinates": [
     [
      [
       48.4819444,
       -11.6411111
      ],
      [
       48.4819444,
       -11.6411111
      ],
      [
       48.4914688,
       -11.6171355
      ],
      [
       48.5017556,
       -11.5934644
      ],
      [
       48.5127944,
       -11.570121
      ],
      [
       48.5245742,
       -11.5471284
      ],
      [
       48.5370833,
       -11.524509
      ],
      [
       48.5503093,
       -11.5022852
      ],
      [
       48.5642389,
       -11.4804787
      ],
      [
       48.5788584,
       -11.459111
      ],
      [
       48.5941531,
       -11.438203
      ],
      [
       48.6101081,
       -11.4177753
      ],
      [
       48.6267074,
       -11.397848
      ],
      [
       48.6439346,
       -11.3784405
      ],
      [
       48.6617728,
       -11.359572
      ],
      [
       48.6802042,
       -11.3412609
      ],
      [
       48.6992108,
       -11.3235252
      ],
      [
       48.7187738,
       -11.3063823
      ],
      [
       48.7388739,
       -11.289849
      ],
      [
       48.7594913,
       -11.2739416
      ],
      [
       48.7806058,
       -11.2586755
      ],
      [
       48.8021965,
       -11.2440658
      ],
      [
       48.8242423,
       -11.2301268
      ],
      [
       48.8467214,
       -11.2168721
      ],
      [
       48.8696119,
       -11.2043147
      ],
      [
       48.8928912,
       -11.192467
      ],
      [
       48.9165365,
       -11.1813404
      ],
      [
       48.9405247,
       -11.1709461
      ],
      [
       48.9648321,
       -11.161294
      ],
      [
       48.989435,
       -11.1523936
      ],
      [
       49.0143093,
       -11.1442538
      ],
      [
       49.0394306,
       -11.1368823
      ],
      [
       49.0647742,
       -11.1302865
      ],
      [
       49.0903155,
       -11.1244729
      ],
      [
       49.1160293,
       -11.119447
      ],
      [
       49.1418905,
       -11.1152138
      ],
      [
       49.1678738,
       -11.1117775
      ],
      [
       49.1939538,
       -11.1091414
      ],
      [
       49.2201049,
       -11.1073081
      ],
      [
       49.2463015,
       -11.1062795
      ],
      [
       49.2725181,
       -11.1060564
      ],
      [
       49.298729,
       -11.1066391
      ],
      [
       49.3249085,
       -11.1080271
      ],
      [
       49.351031,
       -11.110219
      ],
      [
       49.3770709,
       -11.1132126
      ],
      [
       49.4030029,
       -11.1170051
      ],
      [
       49.4288014,
       -11.1215927
      ],
      [
       49.4544413,
       -11.1269708
      ],
      [
       49.4798974,
       -11.1331344
      ],
      [
       49.5051449,
       -11.1400772
      ],
      [
       49.5301589,
       -11.1477926
      ],
      [
       49.5549151,
       -11.1562729
      ],
      [
       49.579389,
       -11.1655099
      ],
      [
       49.6035569,
       -11.1754946
      ],
      [
       49.6273949,
       -11.1862171
      ],
      [
       49.6508797,
       -11.1976669
      ],
      [
       49.6739883,
       -11.2098329
      ],
      [
       49.6966979,
       -11.222703
      ],
      [
       49.7189863,
       -11.2362648
      ],
      [
       49.7408316,
       -11.250505
      ],
      [
       49.7622123,
       -11.2654094
      ],
      [
       49.7831075,
       -11.2809637
      ],
      [
       49.8034964,
       -11.2971525
      ],
      [
       49.8233592,
       -11.3139599
      ],
      [
       49.8426762,
       -11.3313695
      ],
      [
       49.8614284,
       -11.3493642
      ],
      [
       49.8795972,
       -11.3679264
      ],
      [
       49.8971648,
       -11.3870378
      ],
      [
       49.9141138,
       -11.4066797
      ],
      [
       49.9304275,
       -11.4268328
      ],
      [
       49.9460897,
       -11.4474774
      ],
      [
       49.9610848,
       -11.4685931
      ],
      [
       49.9753981,
       -11.4901593
      ],
      [
       49.9890153,
       -11.5121547
      ],
      [
       50.0019229,
       -11.5345579
      ],
      [
       50.014108,
       -11.5573466
      ],
      [
       50.0255585,
       -11.5804986
      ],
      [
       50.0362629,
       -11.6039912
      ],
      [
       50.0462106,
       -11.6278011
      ],
      [
       50.0553916,
       -11.651905
      ],
      [
       50.0637965,
       -11.6762791
      ],
      [
       50.0714171,
       -11.7008996
      ],
      [
       50.0782455,
       -11.7257421
      ],
      [
       50.0827778,
       -11.7338889
      ],
      [
       50.0827778,
       -11.7338889
      ],
      [
       50.0827778,
       -11.7338889
      ],
      [
       50.1022869,
       -11.751307
      ],
      [
       50.1212302,
       -11.7693151
      ],
      [
       50.1395889,
       -11.7878957
      ],
      [
       50.1573448,
       -11.8070304
      ],
      [
       50.1744806,
       -11.8267005
      ],
      [
       50.1909791,
       -11.8468868
      ],
      [
       50.2068242,
       -11.8675693
      ],
      [
       50.222,
       -11.8887279
      ],
      [
       50.2364916,
       -11.9103417
      ],
      [
       50.2502846,
       -11.9323895
      ],
      [
       50.2633652,
       -11.9548496
      ],
      [
       50.2757204,
       -11.9777001
      ],
      [
       50.287338,
       -12.0009184
      ],
      [
       50.2982062,
       -12.0244817
      ],
      [
       50.3083143,
       -12.0483669
      ],
      [
       50.3176521,
       -12.0725505
      ],
      [
       50.3262102,
       -12.0970087
      ],
      [
       50.3339799,
       -12.1217174
      ],
      [
       50.3409534,
       -12.1466524
      ],
      [
       50.3471237,
       -12.171789
      ],
      [
       50.3524844,
       -12.1971026
      ],
      [
       50.35703,
       -12.2225681
      ],
      [
       50.3607557,
       -12.2481606
      ],
      [
       50.3636578,
       -12.2738548
      ],
      [
       50.365733,
       -12.2996254
      ],
      [
       50.3669792,
       -12.3254469
      ],
      [
       50.3666667,
       -12.35
      ],
      [
       50.3666667,
       -12.35
      ],
      [
       49.3833333,
       -12.35
      ],
      [
       49.6666667,
       -12.85
      ],
      [
       49.6666667,
       -13.8333333
      ],
      [
       49.8333333,
       -13.8333333
      ],
      [
       49.8333333,
       -14.5
      ],
      [
       48.7166667,
       -14.5
      ],
      [
       48.6666667,
       -14.2666667
      ],
      [
       48.6666667,
       -13.5
      ],
      [
       49.25,
       -13.5
      ],
      [
       49.25,
       -13.05
      ],
      [
       48.9166667,
       -13.05
      ],
      [
       48.8305556,
       -12.8166667
      ],
      [
       48.95,
       -12.7333333
      ],
      [
       48.8833333,
       -12.7333333
      ],
      [
       48.05,
       -12.7333333
      ],
      [
       47.9338889,
       -12.7330556
      ],
      [
       47.9338889,
       -12.7330556
      ],
      [
       47.9246617,
       -12.7088978
      ],
      [
       47.9162185,
       -12.6844691
      ],
      [
       47.9085674,
       -12.6597934
      ],
      [
       47.9017159,
       -12.6348953
      ],
      [
       47.8956704,
       -12.6097994
      ],
      [
       47.8904367,
       -12.5845304
      ],
      [
       47.8860197,
       -12.5591134
      ],
      [
       47.8824235,
       -12.5335735
      ],
      [
       47.8796515,
       -12.507936
      ],
      [
       47.8777061,
       -12.482226
      ],
      [
       47.8765889,
       -12.4564691
      ],
      [
       47.876301,
       -12.4306906
      ],
      [
       47.8768422,
       -12.404916
      ],
      [
       47.8782118,
       -12.3791708
      ],
      [
       47.8804083,
       -12.3534802
      ],
      [
       47.8834291,
       -12.3278697
      ],
      [
       47.8872712,
       -12.3023644
      ],
      [
       47.8919304,
       -12.2769895
      ],
      [
       47.897402,
       -12.2517701
      ],
      [
       47.9036803,
       -12.2267308
      ],
      [
       47.9107589,
       -12.2018965
      ],
      [
       47.9186306,
       -12.1772915
      ],
      [
       47.9272875,
       -12.15294
      ],
      [
       47.9367209,
       -12.128866
      ],
      [
       47.9469212,
       -12.1050932
      ],
      [
       47.9578782,
       -12.0816449
      ],
      [
       47.969581,
       -12.0585442
      ],
      [
       47.9820179,
       -12.0358138
      ],
      [
       47.9951765,
       -12.013476
      ],
      [
       48.0090436,
       -11.9915528
      ],
      [
       48.0236055,
       -11.9700657
      ],
      [
       48.0388478,
       -11.9490358
      ],
      [
       48.0547553,
       -11.9284837
      ],
      [
       48.0713123,
       -11.9084296
      ],
      [
       48.0885024,
       -11.8888932
      ],
      [
       48.1063086,
       -11.8698936
      ],
      [
       48.1247133,
       -11.8514495
      ],
      [
       48.1436983,
       -11.833579
      ],
      [
       48.163245,
       -11.8162995
      ],
      [
       48.1833341,
       -11.799628
      ],
      [
       48.2039458,
       -11.783581
      ],
      [
       48.2250597,
       -11.7681739
      ],
      [
       48.2466553,
       -11.7534221
      ],
      [
       48.2687111,
       -11.7393399
      ],
      [
       48.2912057,
       -11.7259411
      ],
      [
       48.3141168,
       -11.7132388
      ],
      [
       48.337422,
       -11.7012456
      ],
      [
       48.3610984,
       -11.689973
      ],
      [
       48.3851229,
       -11.6794322
      ],
      [
       48.4094718,
       -11.6696335
      ],
      [
       48.4341213,
       -11.6605864
      ],
      [
       48.4590473,
       -11.6522999
      ],
      [
       48.4819444,
       -11.6411111
      ],
      [
       48.4819444,
       -11.6411111
      ]
     ]
    ]
   }
  },
  {
   "type": "Feature",
   "properties": {
    "ll": {
     "value": 0,
     "unit": 1,
     "referenceDatum": 0
    },
    "ul": {
     "value": 999,
     "unit": 6,
     "referenceDatum": 2
    },
    "_id": "62cfcd479f7e2ede51a8265a",
    "name": "FM-R28 PROVINCE DE FIANARANTSOA (ANDRINGITRA)",
    "type": 1,
    "icao": 7,
    "bnd": [
     [
      -22.6666667,
      46.5
     ],
     [
      -21.8333333,
      47.1666667
     ]
    ]
   },
   "geometry": {
    "type": "Polygon",
    "coordinates": [
     [
      [
       47.0116667,
       -21.8333333
      ],
      [
       47.1666667,
       -21.8333333
      ],
      [
       47.1666667,
       -22.6666667
      ],
      [
       46.5,
       -22.6666667
      ],
      [
       46.5,
       -22.2
      ],
      [
       46.8819444,
       -21.9011111
      ],
      [
       46.8819444,
       -21.9011111
      ],
      [
       46.8840275,
       -21.9011519
      ],
      [
       46.8869037,
       -21.9020619
      ],
      [
       46.8898093,
       -21.9028877
      ],
      [
       46.8927415,
       -21.9036283
      ],
      [
       46.8956973,
       -21.9042831
      ],
      [
       46.8986738,
       -21.9048513
      ],
      [
       46.9016682,
       -21.9053325
      ],
      [
       46.9046773,
       -21.905726
      ],
      [
       46.9076984,
       -21.9060317
      ],
      [
       46.9107283,
       -21.9062491
      ],
      [
       46.913764,
       -21.906378
      ],
      [
       46.9168027,
       -21.9064184
      ],
      [
       46.9198412,
       -21.9063701
      ],
      [
       46.9228765,
       -21.9062332
      ],
      [
       46.9259058,
       -21.9060079
      ],
      [
       46.9289258,
       -21.9056944
      ],
      [
       46.9319338,
       -21.9052929
      ],
      [
       46.9349267,
       -21.904804
      ],
      [
       46.9379015,
       -21.904228
      ],
      [
       46.9408553,
       -21.9035655
      ],
      [
       46.9437852,
       -21.9028173
      ],
      [
       46.9466883,
       -21.9019839
      ],
      [
       46.9495618,
       -21.9010663
      ],
      [
       46.9524026,
       -21.9000654
      ],
      [
       46.9552082,
       -21.8989821
      ],
      [
       46.9579757,
       -21.8978176
      ],
      [
       46.9607023,
       -21.8965729
      ],
      [
       46.9633854,
       -21.8952493
      ],
      [
       46.9660223,
       -21.8938482
      ],
      [
       46.9686104,
       -21.8923708
      ],
      [
       46.9711472,
       -21.8908187
      ],
      [
       46.9736302,
       -21.8891934
      ],
      [
       46.9760568,
       -21.8874965
      ],
      [
       46.9784247,
       -21.8857296
      ],
      [
       46.9807316,
       -21.8838946
      ],
      [
       46.9829752,
       -21.8819932
      ],
      [
       46.9851533,
       -21.8800274
      ],
      [
       46.9872637,
       -21.8779989
      ],
      [
       46.9893043,
       -21.87591
      ],
      [
       46.9912731,
       -21.8737626
      ],
      [
       46.9931683,
       -21.8715588
      ],
      [
       46.9949878,
       -21.8693008
      ],
      [
       46.99673,
       -21.8669909
      ],
      [
       46.998393,
       -21.8646314
      ],
      [
       46.9999754,
       -21.8622245
      ],
      [
       47.0014754,
       -21.8597726
      ],
      [
       47.0028917,
       -21.8572783
      ],
      [
       47.0042228,
       -21.8547438
      ],
      [
       47.0054674,
       -21.8521718
      ],
      [
       47.0066243,
       -21.8495648
      ],
      [
       47.0076924,
       -21.8469253
      ],
      [
       47.0086706,
       -21.844256
      ],
      [
       47.009558,
       -21.8415594
      ],
      [
       47.0103536,
       -21.8388384
      ],
      [
       47.0110567,
       -21.8360954
      ],
      [
       47.0116667,
       -21.8333333
      ],
      [
       47.0116667,
       -21.8333333
      ]
     ]
    ]
   }
  },
  {
   "type": "Feature",
   "properties": {
    "ll": {
     "value": 0,
     "unit": 1,
     "referenceDatum": 0
    },
    "ul": {
     "value": 999,
     "unit": 6,
     "referenceDatum": 2
    },
    "_id": "62cfcd479f7e2ede51a82664",
    "name": "FM-R29A PROVINCE DE FIANARANTSOA (ISALO) NORD",
    "type": 1,
    "icao": 7,
    "bnd": [
     [
      -22.7163889,
      45
     ],
     [
      -22.1666667,
      45.6666667
     ]
    ]
   },
   "geometry": {
    "type": "Polygon",
    "coordinates": [
     [
      [
       45,
       -22.1666667
      ],
      [
       45.6666667,
       -22.1666667
      ],
      [
       45.6666667,
       -22.5027778
      ],
      [
       45,
       -22.7163889
      ],
      [
       45,
       -22.1666667
      ]
     ]
    ]
   }
  },
  {
   "type": "Feature",
   "properties": {
    "ll": {
     "value": 0,
     "unit": 1,
     "referenceDatum": 0
    },
    "ul": {
     "value": 999,
     "unit": 6,
     "referenceDatum": 2
    },
    "_id": "62cfcd479f7e2ede51a8266e",
    "name": "FM-R29B PROVINCE DE FIANARANTSOA (ISALO) SUD",
    "type": 1,
    "icao": 7,
    "bnd": [
     [
      -23.1666667,
      45
     ],
     [
      -22.5983333,
      45.6666667
     ]
    ]
   },
   "geometry": {
    "type": "Polygon",
    "coordinates": [
     [
      [
       45,
       -22.8119444
      ],
      [
       45.6666667,
       -22.5983333
      ],
      [
       45.6666667,
       -23.1666667
      ],
      [
       45,
       -23.1666667
      ],
      [
       45,
       -22.8119444
      ]
     ]
    ]
   }
  },
  {
   "type": "Feature",
   "properties": {
    "ll": {
     "value": 0,
     "unit": 1,
     "referenceDatum": 0
    },
    "ul": {
     "value": 999,
     "unit": 6,
     "referenceDatum": 2
    },
    "_id": "62cfcd489f7e2ede51a82679",
    "name": "FM-R30 PROVINCE DE TOLIARA",
    "type": 1,
    "icao": 7,
    "bnd": [
     [
      -26.4333333,
      42.7666667
     ],
     [
      -23.5,
      45.3333333
     ]
    ]
   },
   "geometry": {
    "type": "Polygon",
    "coordinates": [
     [
      [
       42.7666667,
       -23.5
      ],
      [
       43.8666667,
       -23.5
      ],
      [
       44.35,
       -23.6
      ],
      [
       44.3669444,
       -23.6341667
      ],
      [
       44.3669444,
       -23.6341667
      ],
      [
       44.3652547,
       -23.6346252
      ],
      [
       44.3621649,
       -23.6351896
      ],
      [
       44.3590959,
       -23.6358426
      ],
      [
       44.3560509,
       -23.6365835
      ],
      [
       44.3530326,
       -23.6374117
      ],
      [
       44.3500443,
       -23.6383262
      ],
      [
       44.3470887,
       -23.6393262
      ],
      [
       44.3441688,
       -23.6404107
      ],
      [
       44.3412876,
       -23.6415786
      ],
      [
       44.3384477,
       -23.6428289
      ],
      [
       44.335652,
       -23.6441601
      ],
      [
       44.3329033,
       -23.6455711
      ],
      [
       44.3302043,
       -23.6470605
      ],
      [
       44.3275576,
       -23.6486267
      ],
      [
       44.3249659,
       -23.6502683
      ],
      [
       44.3224316,
       -23.6519835
      ],
      [
       44.3199574,
       -23.6537709
      ],
      [
       44.3175456,
       -23.6556284
      ],
      [
       44.3151986,
       -23.6575545
      ],
      [
       44.3129188,
       -23.659547
      ],
      [
       44.3107084,
       -23.6616042
      ],
      [
       44.3085695,
       -23.6637239
      ],
      [
       44.3065043,
       -23.665904
      ],
      [
       44.3045148,
       -23.6681425
      ],
      [
       44.302603,
       -23.670437
      ],
      [
       44.3007708,
       -23.6727855
      ],
      [
       44.2990199,
       -23.6751854
      ],
      [
       44.2973522,
       -23.6776345
      ],
      [
       44.2957692,
       -23.6801304
      ],
      [
       44.2942726,
       -23.6826705
      ],
      [
       44.2928637,
       -23.6852525
      ],
      [
       44.2915441,
       -23.6878736
      ],
      [
       44.290315,
       -23.6905315
      ],
      [
       44.2891775,
       -23.6932233
      ],
      [
       44.288133,
       -23.6959466
      ],
      [
       44.2871823,
       -23.6986985
      ],
      [
       44.2863265,
       -23.7014764
      ],
      [
       44.2855663,
       -23.7042776
      ],
      [
       44.2849026,
       -23.7070992
      ],
      [
       44.284336,
       -23.7099386
      ],
      [
       44.2838671,
       -23.7127928
      ],
      [
       44.2834962,
       -23.7156591
      ],
      [
       44.2832239,
       -23.7185347
      ],
      [
       44.2830504,
       -23.7214166
      ],
      [
       44.2829758,
       -23.7243022
      ],
      [
       44.2830003,
       -23.7271884
      ],
      [
       44.2831238,
       -23.7300725
      ],
      [
       44.2833462,
       -23.7329517
      ],
      [
       44.2836673,
       -23.735823
      ],
      [
       44.2840867,
       -23.7386837
      ],
      [
       44.2846042,
       -23.7415309
      ],
      [
       44.2852191,
       -23.7443618
      ],
      [
       44.2859309,
       -23.7471737
      ],
      [
       44.2867388,
       -23.7499637
      ],
      [
       44.2876422,
       -23.7527291
      ],
      [
       44.28864,
       -23.7554671
      ],
      [
       44.2897314,
       -23.7581751
      ],
      [
       44.2909152,
       -23.7608504
      ],
      [
       44.2921902,
       -23.7634903
      ],
      [
       44.2935553,
       -23.7660922
      ],
      [
       44.2950091,
       -23.7686536
      ],
      [
       44.2965502,
       -23.7711719
      ],
      [
       44.298177,
       -23.7736447
      ],
      [
       44.2998879,
       -23.7760695
      ],
      [
       44.3016812,
       -23.7784438
      ],
      [
       44.3035553,
       -23.7807655
      ],
      [
       44.3055081,
       -23.7830321
      ],
      [
       44.3075379,
       -23.7852414
      ],
      [
       44.3096426,
       -23.7873912
      ],
      [
       44.3118201,
       -23.7894795
      ],
      [
       44.3140683,
       -23.7915041
      ],
      [
       44.3163849,
       -23.7934631
      ],
      [
       44.3187678,
       -23.7953545
      ],
      [
       44.3212144,
       -23.7971764
      ],
      [
       44.3237225,
       -23.7989271
      ],
      [
       44.3262894,
       -23.8006047
      ],
      [
       44.3289128,
       -23.8022078
      ],
      [
       44.33159,
       -23.8037346
      ],
      [
       44.3343183,
       -23.8051837
      ],
      [
       44.3370951,
       -23.8065536
      ],
      [
       44.3399176,
       -23.8078429
      ],
      [
       44.3427831,
       -23.8090505
      ],
      [
       44.3456886,
       -23.8101751
      ],
      [
       44.3486314,
       -23.8112155
      ],
      [
       44.3516084,
       -23.8121709
      ],
      [
       44.3546169,
       -23.8130401
      ],
      [
       44.3576537,
       -23.8138224
      ],
      [
       44.360716,
       -23.814517
      ],
      [
       44.3638006,
       -23.8151232
      ],
      [
       44.3669045,
       -23.8156404
      ],
      [
       44.3700247,
       -23.816068
      ],
      [
       44.373158,
       -23.8164058
      ],
      [
       44.3763014,
       -23.8166532
      ],
      [
       44.3794517,
       -23.8168102
      ],
      [
       44.3826059,
       -23.8168765
      ],
      [
       44.3857608,
       -23.816852
      ],
      [
       44.3889133,
       -23.8167369
      ],
      [
       44.3920603,
       -23.8165311
      ],
      [
       44.3951987,
       -23.816235
      ],
      [
       44.3983253,
       -23.8158487
      ],
      [
       44.4014371,
       -23.8153727
      ],
      [
       44.404531,
       -23.8148075
      ],
      [
       44.4076039,
       -23.8141536
      ],
      [
       44.4106528,
       -23.8134117
      ],
      [
       44.4136748,
       -23.8125824
      ],
      [
       44.4166667,
       -23.8116667
      ],
      [
       44.4166667,
       -23.8116667
      ],
      [
       44.7,
       -24.6
      ],
      [
       44.7,
       -24.6
      ],
      [
       44.6977444,
       -24.6005924
      ],
      [
       44.6949034,
       -24.6016489
      ],
      [
       44.6921002,
       -24.602786
      ],
      [
       44.6893376,
       -24.6040025
      ],
      [
       44.6866184,
       -24.6052973
      ],
      [
       44.6839452,
       -24.6066691
      ],
      [
       44.6813206,
       -24.6081165
      ],
      [
       44.6787473,
       -24.6096381
      ],
      [
       44.6762278,
       -24.6112323
      ],
      [
       44.6737645,
       -24.6128977
      ],
      [
       44.6713599,
       -24.6146326
      ],
      [
       44.6690163,
       -24.6164353
      ],
      [
       44.6667362,
       -24.6183039
      ],
      [
       44.6645216,
       -24.6202367
      ],
      [
       44.6623749,
       -24.6222318
      ],
      [
       44.6602981,
       -24.6242872
      ],
      [
       44.6582932,
       -24.6264008
      ],
      [
       44.6563623,
       -24.6285706
      ],
      [
       44.6545073,
       -24.6307944
      ],
      [
       44.6527299,
       -24.6330701
      ],
      [
       44.6510321,
       -24.6353954
      ],
      [
       44.6494153,
       -24.6377679
      ],
      [
       44.6478813,
       -24.6401855
      ],
      [
       44.6464315,
       -24.6426457
      ],
      [
       44.6450674,
       -24.645146
      ],
      [
       44.6437903,
       -24.647684
      ],
      [
       44.6426015,
       -24.6502573
      ],
      [
       44.6415022,
       -24.6528631
      ],
      [
       44.6404934,
       -24.6554991
      ],
      [
       44.6395762,
       -24.6581626
      ],
      [
       44.6387515,
       -24.6608509
      ],
      [
       44.63802,
       -24.6635614
      ],
      [
       44.6373826,
       -24.6662915
      ],
      [
       44.6368398,
       -24.6690385
      ],
      [
       44.6363923,
       -24.6717995
      ],
      [
       44.6360403,
       -24.674572
      ],
      [
       44.6357844,
       -24.6773531
      ],
      [
       44.6356247,
       -24.6801402
      ],
      [
       44.6355615,
       -24.6829305
      ],
      [
       44.6355947,
       -24.6857212
      ],
      [
       44.6357244,
       -24.6885096
      ],
      [
       44.6359504,
       -24.6912929
      ],
      [
       44.6362725,
       -24.6940683
      ],
      [
       44.6366905,
       -24.6968332
      ],
      [
       44.6372039,
       -24.6995848
      ],
      [
       44.6378122,
       -24.7023204
      ],
      [
       44.6385147,
       -24.7050373
      ],
      [
       44.6393109,
       -24.7077328
      ],
      [
       44.6402,
       -24.7104043
      ],
      [
       44.641181,
       -24.713049
      ],
      [
       44.642253,
       -24.7156645
      ],
      [
       44.643415,
       -24.718248
      ],
      [
       44.6446658,
       -24.7207971
      ],
      [
       44.6460042,
       -24.7233093
      ],
      [
       44.6474288,
       -24.725782
      ],
      [
       44.6489384,
       -24.7282128
      ],
      [
       44.6505312,
       -24.7305994
      ],
      [
       44.6522059,
       -24.7329393
      ],
      [
       44.6539608,
       -24.7352303
      ],
      [
       44.6557941,
       -24.73747
      ],
      [
       44.657704,
       -24.7396563
      ],
      [
       44.6596886,
       -24.741787
      ],
      [
       44.6617461,
       -24.7438601
      ],
      [
       44.6638742,
       -24.7458733
      ],
      [
       44.6660711,
       -24.7478249
      ],
      [
       44.6683344,
       -24.7497128
      ],
      [
       44.6706619,
       -24.7515351
      ],
      [
       44.6730514,
       -24.7532901
      ],
      [
       44.6755005,
       -24.7549761
      ],
      [
       44.6780068,
       -24.7565913
      ],
      [
       44.6805678,
       -24.7581342
      ],
      [
       44.6831809,
       -24.7596033
      ],
      [
       44.6858436,
       -24.760997
      ],
      [
       44.6885533,
       -24.762314
      ],
      [
       44.6913073,
       -24.7635531
      ],
      [
       44.6941028,
       -24.764713
      ],
      [
       44.6969371,
       -24.7657924
      ],
      [
       44.6998074,
       -24.7667905
      ],
      [
       44.7027108,
       -24.7677062
      ],
      [
       44.7056445,
       -24.7685385
      ],
      [
       44.7086056,
       -24.7692867
      ],
      [
       44.7115912,
       -24.76995
      ],
      [
       44.7145983,
       -24.7705277
      ],
      [
       44.7176239,
       -24.7710194
      ],
      [
       44.720665,
       -24.7714245
      ],
      [
       44.7237186,
       -24.7717425
      ],
      [
       44.7267818,
       -24.7719733
      ],
      [
       44.7298514,
       -24.7721165
      ],
      [
       44.7329245,
       -24.772172
      ],
      [
       44.735998,
       -24.7721398
      ],
      [
       44.7390689,
       -24.7720199
      ],
      [
       44.7421341,
       -24.7718124
      ],
      [
       44.7451905,
       -24.7715176
      ],
      [
       44.7482353,
       -24.7711356
      ],
      [
       44.7512653,
       -24.7706669
      ],
      [
       44.7542776,
       -24.770112
      ],
      [
       44.7572692,
       -24.7694714
      ],
      [
       44.7602371,
       -24.7687457
      ],
      [
       44.7631784,
       -24.7679357
      ],
      [
       44.7660901,
       -24.7670421
      ],
      [
       44.7689695,
       -24.7660659
      ],
      [
       44.7718137,
       -24.765008
      ],
      [
       44.7746198,
       -24.7638694
      ],
      [
       44.777385,
       -24.7626513
      ],
      [
       44.7801068,
       -24.7613549
      ],
      [
       44.7827822,
       -24.7599814
      ],
      [
       44.7854088,
       -24.7585322
      ],
      [
       44.7879839,
       -24.7570088
      ],
      [
       44.790505,
       -24.7554127
      ],
      [
       44.7929695,
       -24.7537454
      ],
      [
       44.7953751,
       -24.7520086
      ],
      [
       44.7977194,
       -24.750204
      ],
      [
       44.8,
       -24.7483333
      ],
      [
       44.8,
       -24.7483333
      ],
      [
       45.3333333,
       -25.2666667
      ],
      [
       45.3333333,
       -26.4333333
      ],
      [
       44.8,
       -26.3666667
      ],
      [
       44.3333333,
       -26.0833333
      ],
      [
       43.8666667,
       -25.95
      ],
      [
       43.55,
       -25.6666667
      ],
      [
       43.4,
       -25.6
      ],
      [
       43.1166667,
       -25.1666667
      ],
      [
       43.0166667,
       -24.95
      ],
      [
       42.8166667,
       -24.6333333
      ],
      [
       42.7666667,
       -24
      ],
      [
       42.7666667,
       -23.5
      ]
     ]
    ]
   }
  },
  {
   "type": "Feature",
   "properties": {
    "ll": {
     "value": 0,
     "unit": 1,
     "referenceDatum": 0
    },
    "ul": {
     "value": 4921,
     "unit": 1,
     "referenceDatum": 0
    },
    "_id": "62cfcd489f7e2ede51a82682",
    "name": "FM-R31 PROVINCE DE TOLIARA (BELO SUR MER)",
    "type": 1,
    "icao": 7,
    "bnd": [
     [
      -21,
      43
     ],
     [
      -20.3333333,
      44.25
     ]
    ]
   },
   "geometry": {
    "type": "Polygon",
    "coordinates": [
     [
      [
       43.2166667,
       -20.3333333
      ],
      [
       44.25,
       -20.3333333
      ],
      [
       44.25,
       -21
      ],
      [
       43,
       -21
      ],
      [
       43.025,
       -20.75
      ],
      [
       43.2166667,
       -20.3333333
      ]
     ]
    ]
   }
  },
  {
   "type": "Feature",
   "properties": {
    "ll": {
     "value": 0,
     "unit": 1,
     "referenceDatum": 0
    },
    "ul": {
     "value": 999,
     "unit": 6,
     "referenceDatum": 2
    },
    "_id": "62cfcd489f7e2ede51a8268d",
    "name": "FM-R32 PROVINCE D:ANTANANARIVO (ANTSIRABE)",
    "type": 1,
    "icao": 7,
    "bnd": [
     [
      -20.1666667,
      46.6666667
     ],
     [
      -19,
      48
     ]
    ]
   },
   "geometry": {
    "type": "Polygon",
    "coordinates": [
     [
      [
       46.6666667,
       -19
      ],
      [
       48,
       -19
      ],
      [
       48,
       -19.8333333
      ],
      [
       47.1666667,
       -20.1666667
      ],
      [
       46.6666667,
       -20.1666667
      ],
      [
       46.6666667,
       -19
      ]
     ]
    ]
   }
  },
  {
   "type": "Feature",
   "properties": {
    "ll": {
     "value": 0,
     "unit": 1,
     "referenceDatum": 0
    },
    "ul": {
     "value": 999,
     "unit": 6,
     "referenceDatum": 2
    },
    "_id": "62cfcd489f7e2ede51a82697",
    "name": "FM-R33 PROVINCES DE MAHAJANGA, TOLIARA ET ANTANANARIVO",
    "type": 1,
    "icao": 7,
    "bnd": [
     [
      -20.1666667,
      43.0666667
     ],
     [
      -16.6666667,
      47
     ]
    ]
   },
   "geometry": {
    "type": "Polygon",
    "coordinates": [
     [
      [
       43.4166667,
       -16.6666667
      ],
      [
       46,
       -16.6666667
      ],
      [
       46,
       -17.8333333
      ],
      [
       47,
       -17.8333333
      ],
      [
       47,
       -19
      ],
      [
       46,
       -19
      ],
      [
       46,
       -20.1666667
      ],
      [
       43.2666667,
       -20.1666667
      ],
      [
       43.5666667,
       -19.9666667
      ],
      [
       43.5666667,
       -19.8666667
      ],
      [
       43.5,
       -19.7833333
      ],
      [
       43.5833333,
       -19.5166667
      ],
      [
       43.4,
       -19.2833333
      ],
      [
       43.35,
       -18.8333333
      ],
      [
       43.1833333,
       -18.5166667
      ],
      [
       43.15,
       -17.8
      ],
      [
       43.0666667,
       -17.5833333
      ],
      [
       43.25,
       -17.15
      ],
      [
       43.4166667,
       -16.6666667
      ]
     ]
    ]
   }
  },
  {
   "type": "Feature",
   "properties": {
    "ll": {
     "value": 0,
     "unit": 1,
     "referenceDatum": 0
    },
    "ul": {
     "value": 999,
     "unit": 6,
     "referenceDatum": 2
    },
    "_id": "62cfcd489f7e2ede51a826a0",
    "name": "FM-R34 PROVINCE DE TOAMASINA",
    "type": 1,
    "icao": 7,
    "bnd": [
     [
      -18.3333333,
      48
     ],
     [
      -16.6666667,
      49
     ]
    ]
   },
   "geometry": {
    "type": "Polygon",
    "coordinates": [
     [
      [
       48,
       -16.6666667
      ],
      [
       49,
       -16.6666667
      ],
      [
       49,
       -18.3333333
      ],
      [
       48,
       -18.3333333
      ],
      [
       48,
       -16.6666667
      ]
     ]
    ]
   }
  },
  {
   "type": "Feature",
   "properties": {
    "ll": {
     "value": 0,
     "unit": 1,
     "referenceDatum": 0
    },
    "ul": {
     "value": 999,
     "unit": 6,
     "referenceDatum": 2
    },
    "_id": "62cfcd489f7e2ede51a826aa",
    "name": "FM-R35 PROVINCE DE MAHAJANGA ET TOAMASINA",
    "type": 1,
    "icao": 7,
    "bnd": [
     [
      -16.5,
      48.5
     ],
     [
      -15.5,
      49.3333333
     ]
    ]
   },
   "geometry": {
    "type": "Polygon",
    "coordinates": [
     [
      [
       48.5,
       -15.5
      ],
      [
       49.3333333,
       -15.5
      ],
      [
       49.3333333,
       -16.5
      ],
      [
       48.5,
       -16.5
      ],
      [
       48.5,
       -15.5
      ]
     ]
    ]
   }
  },
  {
   "type": "Feature",
   "properties": {
    "ll": {
     "value": 0,
     "unit": 1,
     "referenceDatum": 0
    },
    "ul": {
     "value": 999,
     "unit": 6,
     "referenceDatum": 2
    },
    "_id": "62cfcd489f7e2ede51a826b5",
    "name": "FM-R36 PROVINCE D:ANTSIRANANA ET DE MAHAJANGA",
    "type": 1,
    "icao": 7,
    "bnd": [
     [
      -15.1666667,
      45.1622222
     ],
     [
      -14.0833333,
      48.6166667
     ]
    ]
   },
   "geometry": {
    "type": "Polygon",
    "coordinates": [
     [
      [
       48.6166667,
       -14.0833333
      ],
      [
       47.8333333,
       -15.1666667
      ],
      [
       45.1622222,
       -15.1666667
      ],
      [
       45.3466667,
       -14.9413889
      ],
      [
       46.2052778,
       -14.7363889
      ],
      [
       46.4786111,
       -14.6297222
      ],
      [
       46.8458333,
       -14.2344444
      ],
      [
       47,
       -14.0833333
      ],
      [
       48.6166667,
       -14.0833333
      ]
     ]
    ]
   }
  },
  {
   "type": "Feature",
   "properties": {
    "ll": {
     "value": 0,
     "unit": 1,
     "referenceDatum": 0
    },
    "ul": {
     "value": 999,
     "unit": 6,
     "referenceDatum": 2
    },
    "_id": "62cfcd489f7e2ede51a826bf",
    "name": "FM-R37 PROVINCE D:ANTSIRANANA ET DE TOAMASINA",
    "type": 1,
    "icao": 7,
    "bnd": [
     [
      -16.8,
      49.5
     ],
     [
      -15,
      51.3333333
     ]
    ]
   },
   "geometry": {
    "type": "Polygon",
    "coordinates": [
     [
      [
       49.5,
       -15
      ],
      [
       51.2,
       -15
      ],
      [
       51.3333333,
       -15.4333333
      ],
      [
       51.25,
       -15.8166667
      ],
      [
       51,
       -16.35
      ],
      [
       50.65,
       -16.6833333
      ],
      [
       50.2,
       -16.8
      ],
      [
       49.75,
       -16.7
      ],
      [
       49.8333333,
       -16.5333333
      ],
      [
       49.85,
       -16.2333333
      ],
      [
       49.6833333,
       -16.0666667
      ],
      [
       49.7333333,
       -15.9
      ],
      [
       49.6333333,
       -15.6
      ],
      [
       49.65,
       -15.5
      ],
      [
       49.5,
       -15.5
      ],
      [
       49.5,
       -15
      ]
     ]
    ]
   }
  },
  {
   "type": "Feature",
   "properties": {
    "ll": {
     "value": 0,
     "unit": 1,
     "referenceDatum": 0
    },
    "ul": {
     "value": 35,
     "unit": 6,
     "referenceDatum": 2
    },
    "_id": "62cfcd499f7e2ede51a826c8",
    "name": "FM-R38 PROVINCE D:ANTANANARIVO",
    "type": 1,
    "icao": 7,
    "bnd": [
     [
      -19.047744,
      47.4846554
     ],
     [
      -18.9478115,
      47.5903446
     ]
    ]
   },
   "geometry": {
    "type": "Polygon",
    "coordinates": [
     [
      [
       47.5375,
       -18.9478115
      ],
      [
       47.5358406,
       -18.9478362
      ],
      [
       47.5341829,
       -18.9479101
      ],
      [
       47.5325284,
       -18.9480332
      ],
      [
       47.5308788,
       -18.9482054
      ],
      [
       47.5292357,
       -18.9484265
      ],
      [
       47.5276008,
       -18.9486963
      ],
      [
       47.5259757,
       -18.9490145
      ],
      [
       47.5243619,
       -18.9493809
      ],
      [
       47.5227611,
       -18.9497949
      ],
      [
       47.5211748,
       -18.9502563
      ],
      [
       47.5196046,
       -18.9507646
      ],
      [
       47.518052,
       -18.9513193
      ],
      [
       47.5165186,
       -18.9519198
      ],
      [
       47.515006,
       -18.9525656
      ],
      [
       47.5135155,
       -18.953256
      ],
      [
       47.5120486,
       -18.9539903
      ],
      [
       47.5106068,
       -18.9547678
      ],
      [
       47.5091916,
       -18.9555877
      ],
      [
       47.5078043,
       -18.9564493
      ],
      [
       47.5064462,
       -18.9573517
      ],
      [
       47.5051188,
       -18.9582939
      ],
      [
       47.5038234,
       -18.9592751
      ],
      [
       47.5025611,
       -18.9602943
      ],
      [
       47.5013333,
       -18.9613504
      ],
      [
       47.5001411,
       -18.9624426
      ],
      [
       47.4989858,
       -18.9635696
      ],
      [
       47.4978685,
       -18.9647303
      ],
      [
       47.4967903,
       -18.9659236
      ],
      [
       47.4957522,
       -18.9671484
      ],
      [
       47.4947553,
       -18.9684035
      ],
      [
       47.4938006,
       -18.9696875
      ],
      [
       47.492889,
       -18.9709992
      ],
      [
       47.4920214,
       -18.9723373
      ],
      [
       47.4911986,
       -18.9737006
      ],
      [
       47.4904215,
       -18.9750876
      ],
      [
       47.4896909,
       -18.976497
      ],
      [
       47.4890074,
       -18.9779275
      ],
      [
       47.4883717,
       -18.9793775
      ],
      [
       47.4877846,
       -18.9808457
      ],
      [
       47.4872464,
       -18.9823306
      ],
      [
       47.4867579,
       -18.9838307
      ],
      [
       47.4863194,
       -18.9853446
      ],
      [
       47.4859314,
       -18.9868708
      ],
      [
       47.4855943,
       -18.9884078
      ],
      [
       47.4853084,
       -18.989954
      ],
      [
       47.485074,
       -18.991508
      ],
      [
       47.4848914,
       -18.9930681
      ],
      [
       47.4847607,
       -18.9946329
      ],
      [
       47.484682,
       -18.9962008
      ],
      [
       47.4846554,
       -18.9977703
      ],
      [
       47.484681,
       -18.9993398
      ],
      [
       47.4847587,
       -19.0009077
      ],
      [
       47.4848884,
       -19.0024726
      ],
      [
       47.4850701,
       -19.0040328
      ],
      [
       47.4853035,
       -19.0055869
      ],
      [
       47.4855885,
       -19.0071333
      ],
      [
       47.4859247,
       -19.0086704
      ],
      [
       47.4863118,
       -19.0101968
      ],
      [
       47.4867494,
       -19.011711
      ],
      [
       47.4872371,
       -19.0132114
      ],
      [
       47.4877745,
       -19.0146966
      ],
      [
       47.4883609,
       -19.0161651
      ],
      [
       47.4889958,
       -19.0176154
      ],
      [
       47.4896786,
       -19.0190462
      ],
      [
       47.4904087,
       -19.020456
      ],
      [
       47.4911852,
       -19.0218434
      ],
      [
       47.4920075,
       -19.0232071
      ],
      [
       47.4928746,
       -19.0245457
      ],
      [
       47.4937859,
       -19.0258578
      ],
      [
       47.4947403,
       -19.0271423
      ],
      [
       47.4957369,
       -19.0283978
      ],
      [
       47.4967747,
       -19.029623
      ],
      [
       47.4978528,
       -19.0308168
      ],
      [
       47.49897,
       -19.031978
      ],
      [
       47.5001253,
       -19.0331055
      ],
      [
       47.5013174,
       -19.0341981
      ],
      [
       47.5025453,
       -19.0352547
      ],
      [
       47.5038078,
       -19.0362744
      ],
      [
       47.5051035,
       -19.037256
      ],
      [
       47.5064312,
       -19.0381987
      ],
      [
       47.5077895,
       -19.0391015
      ],
      [
       47.5091773,
       -19.0399635
      ],
      [
       47.5105929,
       -19.0407839
      ],
      [
       47.5120352,
       -19.0415618
      ],
      [
       47.5135026,
       -19.0422965
      ],
      [
       47.5149937,
       -19.0429872
      ],
      [
       47.5165071,
       -19.0436333
      ],
      [
       47.5180412,
       -19.0442342
      ],
      [
       47.5195945,
       -19.0447892
      ],
      [
       47.5211654,
       -19.0452978
      ],
      [
       47.5227526,
       -19.0457595
      ],
      [
       47.5243543,
       -19.0461738
      ],
      [
       47.5259689,
       -19.0465403
      ],
      [
       47.527595,
       -19.0468587
      ],
      [
       47.5292308,
       -19.0471287
      ],
      [
       47.5308748,
       -19.0473499
      ],
      [
       47.5325254,
       -19.0475222
      ],
      [
       47.5341809,
       -19.0476454
      ],
      [
       47.5358396,
       -19.0477194
      ],
      [
       47.5375,
       -19.047744
      ],
      [
       47.5391604,
       -19.0477194
      ],
      [
       47.5408191,
       -19.0476454
      ],
      [
       47.5424746,
       -19.0475222
      ],
      [
       47.5441252,
       -19.0473499
      ],
      [
       47.5457692,
       -19.0471287
      ],
      [
       47.547405,
       -19.0468587
      ],
      [
       47.5490311,
       -19.0465403
      ],
      [
       47.5506457,
       -19.0461738
      ],
      [
       47.5522474,
       -19.0457595
      ],
      [
       47.5538346,
       -19.0452978
      ],
      [
       47.5554055,
       -19.0447892
      ],
      [
       47.5569588,
       -19.0442342
      ],
      [
       47.5584929,
       -19.0436333
      ],
      [
       47.5600063,
       -19.0429872
      ],
      [
       47.5614974,
       -19.0422965
      ],
      [
       47.5629648,
       -19.0415618
      ],
      [
       47.5644071,
       -19.0407839
      ],
      [
       47.5658227,
       -19.0399635
      ],
      [
       47.5672105,
       -19.0391015
      ],
      [
       47.5685688,
       -19.0381987
      ],
      [
       47.5698965,
       -19.037256
      ],
      [
       47.5711922,
       -19.0362744
      ],
      [
       47.5724547,
       -19.0352547
      ],
      [
       47.5736826,
       -19.0341981
      ],
      [
       47.5748747,
       -19.0331055
      ],
      [
       47.57603,
       -19.031978
      ],
      [
       47.5771472,
       -19.0308168
      ],
      [
       47.5782253,
       -19.029623
      ],
      [
       47.5792631,
       -19.0283978
      ],
      [
       47.5802597,
       -19.0271423
      ],
      [
       47.5812141,
       -19.0258578
      ],
      [
       47.5821254,
       -19.0245457
      ],
      [
       47.5829925,
       -19.0232071
      ],
      [
       47.5838148,
       -19.0218434
      ],
      [
       47.5845913,
       -19.020456
      ],
      [
       47.5853214,
       -19.0190462
      ],
      [
       47.5860042,
       -19.0176154
      ],
      [
       47.5866391,
       -19.0161651
      ],
      [
       47.5872255,
       -19.0146966
      ],
      [
       47.5877629,
       -19.0132114
      ],
      [
       47.5882506,
       -19.011711
      ],
      [
       47.5886882,
       -19.0101968
      ],
      [
       47.5890753,
       -19.0086704
      ],
      [
       47.5894115,
       -19.0071333
      ],
      [
       47.5896965,
       -19.0055869
      ],
      [
       47.5899299,
       -19.0040328
      ],
      [
       47.5901116,
       -19.0024726
      ],
      [
       47.5902413,
       -19.0009077
      ],
      [
       47.590319,
       -18.9993398
      ],
      [
       47.5903446,
       -18.9977703
      ],
      [
       47.590318,
       -18.9962008
      ],
      [
       47.5902393,
       -18.9946329
      ],
      [
       47.5901086,
       -18.9930681
      ],
      [
       47.589926,
       -18.991508
      ],
      [
       47.5896916,
       -18.989954
      ],
      [
       47.5894057,
       -18.9884078
      ],
      [
       47.5890686,
       -18.9868708
      ],
      [
       47.5886806,
       -18.9853446
      ],
      [
       47.5882421,
       -18.9838307
      ],
      [
       47.5877536,
       -18.9823306
      ],
      [
       47.5872154,
       -18.9808457
      ],
      [
       47.5866283,
       -18.9793775
      ],
      [
       47.5859926,
       -18.9779275
      ],
      [
       47.5853091,
       -18.976497
      ],
      [
       47.5845785,
       -18.9750876
      ],
      [
       47.5838014,
       -18.9737006
      ],
      [
       47.5829786,
       -18.9723373
      ],
      [
       47.582111,
       -18.9709992
      ],
      [
       47.5811994,
       -18.9696875
      ],
      [
       47.5802447,
       -18.9684035
      ],
      [
       47.5792478,
       -18.9671484
      ],
      [
       47.5782097,
       -18.9659236
      ],
      [
       47.5771315,
       -18.9647303
      ],
      [
       47.5760142,
       -18.9635696
      ],
      [
       47.5748589,
       -18.9624426
      ],
      [
       47.5736667,
       -18.9613504
      ],
      [
       47.5724389,
       -18.9602943
      ],
      [
       47.5711766,
       -18.9592751
      ],
      [
       47.5698812,
       -18.9582939
      ],
      [
       47.5685538,
       -18.9573517
      ],
      [
       47.5671957,
       -18.9564493
      ],
      [
       47.5658084,
       -18.9555877
      ],
      [
       47.5643932,
       -18.9547678
      ],
      [
       47.5629514,
       -18.9539903
      ],
      [
       47.5614845,
       -18.953256
      ],
      [
       47.559994,
       -18.9525656
      ],
      [
       47.5584814,
       -18.9519198
      ],
      [
       47.556948,
       -18.9513193
      ],
      [
       47.5553954,
       -18.9507646
      ],
      [
       47.5538252,
       -18.9502563
      ],
      [
       47.5522389,
       -18.9497949
      ],
      [
       47.5506381,
       -18.9493809
      ],
      [
       47.5490243,
       -18.9490145
      ],
      [
       47.5473992,
       -18.9486963
      ],
      [
       47.5457643,
       -18.9484265
      ],
      [
       47.5441212,
       -18.9482054
      ],
      [
       47.5424716,
       -18.9480332
      ],
      [
       47.5408171,
       -18.9479101
      ],
      [
       47.5391594,
       -18.9478362
      ],
      [
       47.5375,
       -18.9478115
      ]
     ]
    ]
   }
  },
  {
   "type": "Feature",
   "properties": {
    "ll": {
     "value": 0,
     "unit": 1,
     "referenceDatum": 0
    },
    "ul": {
     "value": 10000,
     "unit": 1,
     "referenceDatum": 0
    },
    "_id": "62cfcd499f7e2ede51a826d2",
    "name": "FM-R39 ANTANANARIVO/VILLE",
    "type": 1,
    "icao": 7,
    "bnd": [
     [
      -18.9499662,
      47.4757974
     ],
     [
      -18.8500338,
      47.5814248
     ]
    ]
   },
   "geometry": {
    "type": "Polygon",
    "coordinates": [
     [
      [
       47.5286111,
       -18.8500338
      ],
      [
       47.5269527,
       -18.8500584
      ],
      [
       47.5252959,
       -18.8501323
      ],
      [
       47.5236424,
       -18.8502554
      ],
      [
       47.5219938,
       -18.8504276
      ],
      [
       47.5203517,
       -18.8506487
      ],
      [
       47.5187177,
       -18.8509185
      ],
      [
       47.5170935,
       -18.8512368
      ],
      [
       47.5154807,
       -18.8516031
      ],
      [
       47.5138808,
       -18.8520172
      ],
      [
       47.5122954,
       -18.8524786
      ],
      [
       47.5107261,
       -18.8529869
      ],
      [
       47.5091745,
       -18.8535416
      ],
      [
       47.507642,
       -18.8541421
      ],
      [
       47.5061302,
       -18.8547878
      ],
      [
       47.5046406,
       -18.8554782
      ],
      [
       47.5031746,
       -18.8562125
      ],
      [
       47.5017337,
       -18.85699
      ],
      [
       47.5003193,
       -18.85781
      ],
      [
       47.4989327,
       -18.8586715
      ],
      [
       47.4975755,
       -18.8595739
      ],
      [
       47.4962489,
       -18.8605161
      ],
      [
       47.4949541,
       -18.8614973
      ],
      [
       47.4936926,
       -18.8625165
      ],
      [
       47.4924655,
       -18.8635727
      ],
      [
       47.4912741,
       -18.8646648
      ],
      [
       47.4901195,
       -18.8657918
      ],
      [
       47.4890028,
       -18.8669525
      ],
      [
       47.4879252,
       -18.8681459
      ],
      [
       47.4868878,
       -18.8693707
      ],
      [
       47.4858914,
       -18.8706257
      ],
      [
       47.4849373,
       -18.8719097
      ],
      [
       47.4840262,
       -18.8732214
      ],
      [
       47.4831591,
       -18.8745596
      ],
      [
       47.4823368,
       -18.8759229
      ],
      [
       47.4815602,
       -18.8773099
      ],
      [
       47.4808299,
       -18.8787193
      ],
      [
       47.4801469,
       -18.8801497
      ],
      [
       47.4795116,
       -18.8815998
      ],
      [
       47.4789248,
       -18.8830679
      ],
      [
       47.478387,
       -18.8845528
      ],
      [
       47.4778987,
       -18.886053
      ],
      [
       47.4774605,
       -18.8875669
      ],
      [
       47.4770727,
       -18.8890931
      ],
      [
       47.4767358,
       -18.8906301
      ],
      [
       47.4764501,
       -18.8921763
      ],
      [
       47.4762159,
       -18.8937302
      ],
      [
       47.4760333,
       -18.8952904
      ],
      [
       47.4759026,
       -18.8968552
      ],
      [
       47.475824,
       -18.8984231
      ],
      [
       47.4757974,
       -18.8999925
      ],
      [
       47.475823,
       -18.901562
      ],
      [
       47.4759007,
       -18.90313
      ],
      [
       47.4760304,
       -18.9046948
      ],
      [
       47.4762119,
       -18.9062551
      ],
      [
       47.4764452,
       -18.9078092
      ],
      [
       47.47673,
       -18.9093555
      ],
      [
       47.477066,
       -18.9108927
      ],
      [
       47.4774529,
       -18.9124191
      ],
      [
       47.4778903,
       -18.9139333
      ],
      [
       47.4783777,
       -18.9154337
      ],
      [
       47.4789147,
       -18.9169189
      ],
      [
       47.4795008,
       -18.9183873
      ],
      [
       47.4801354,
       -18.9198377
      ],
      [
       47.4808178,
       -18.9212685
      ],
      [
       47.4815474,
       -18.9226783
      ],
      [
       47.4823235,
       -18.9240657
      ],
      [
       47.4831453,
       -18.9254294
      ],
      [
       47.4840119,
       -18.9267679
      ],
      [
       47.4849226,
       -18.9280801
      ],
      [
       47.4858765,
       -18.9293645
      ],
      [
       47.4868725,
       -18.93062
      ],
      [
       47.4879097,
       -18.9318452
      ],
      [
       47.4889872,
       -18.9330391
      ],
      [
       47.4901037,
       -18.9342003
      ],
      [
       47.4912583,
       -18.9353277
      ],
      [
       47.4924498,
       -18.9364203
      ],
      [
       47.493677,
       -18.937477
      ],
      [
       47.4949387,
       -18.9384966
      ],
      [
       47.4962336,
       -18.9394783
      ],
      [
       47.4975605,
       -18.940421
      ],
      [
       47.4989181,
       -18.9413237
      ],
      [
       47.500305,
       -18.9421857
      ],
      [
       47.5017199,
       -18.9430061
      ],
      [
       47.5031613,
       -18.943784
      ],
      [
       47.5046278,
       -18.9445187
      ],
      [
       47.5061181,
       -18.9452095
      ],
      [
       47.5076305,
       -18.9458556
      ],
      [
       47.5091637,
       -18.9464564
      ],
      [
       47.5107161,
       -18.9470114
      ],
      [
       47.5122862,
       -18.94752
      ],
      [
       47.5138723,
       -18.9479817
      ],
      [
       47.5154731,
       -18.948396
      ],
      [
       47.5170868,
       -18.9487625
      ],
      [
       47.5187119,
       -18.9490809
      ],
      [
       47.5203468,
       -18.9493509
      ],
      [
       47.5219898,
       -18.9495721
      ],
      [
       47.5236394,
       -18.9497444
      ],
      [
       47.5252939,
       -18.9498676
      ],
      [
       47.5269517,
       -18.9499416
      ],
      [
       47.5286111,
       -18.9499662
      ],
      [
       47.5302705,
       -18.9499416
      ],
      [
       47.5319283,
       -18.9498676
      ],
      [
       47.5335828,
       -18.9497444
      ],
      [
       47.5352324,
       -18.9495721
      ],
      [
       47.5368754,
       -18.9493509
      ],
      [
       47.5385103,
       -18.9490809
      ],
      [
       47.5401354,
       -18.9487625
      ],
      [
       47.5417491,
       -18.948396
      ],
      [
       47.5433499,
       -18.9479817
      ],
      [
       47.5449361,
       -18.94752
      ],
      [
       47.5465061,
       -18.9470114
      ],
      [
       47.5480585,
       -18.9464564
      ],
      [
       47.5495917,
       -18.9458556
      ],
      [
       47.5511042,
       -18.9452095
      ],
      [
       47.5525944,
       -18.9445187
      ],
      [
       47.554061,
       -18.943784
      ],
      [
       47.5555024,
       -18.9430061
      ],
      [
       47.5569172,
       -18.9421857
      ],
      [
       47.5583041,
       -18.9413237
      ],
      [
       47.5596617,
       -18.940421
      ],
      [
       47.5609886,
       -18.9394783
      ],
      [
       47.5622836,
       -18.9384966
      ],
      [
       47.5635452,
       -18.937477
      ],
      [
       47.5647724,
       -18.9364203
      ],
      [
       47.5659639,
       -18.9353277
      ],
      [
       47.5671185,
       -18.9342003
      ],
      [
       47.5682351,
       -18.9330391
      ],
      [
       47.5693125,
       -18.9318452
      ],
      [
       47.5703497,
       -18.93062
      ],
      [
       47.5713458,
       -18.9293645
      ],
      [
       47.5722996,
       -18.9280801
      ],
      [
       47.5732103,
       -18.9267679
      ],
      [
       47.574077,
       -18.9254294
      ],
      [
       47.5748987,
       -18.9240657
      ],
      [
       47.5756748,
       -18.9226783
      ],
      [
       47.5764044,
       -18.9212685
      ],
      [
       47.5770868,
       -18.9198377
      ],
      [
       47.5777214,
       -18.9183873
      ],
      [
       47.5783075,
       -18.9169189
      ],
      [
       47.5788445,
       -18.9154337
      ],
      [
       47.579332,
       -18.9139333
      ],
      [
       47.5797693,
       -18.9124191
      ],
      [
       47.5801562,
       -18.9108927
      ],
      [
       47.5804922,
       -18.9093555
      ],
      [
       47.580777,
       -18.9078092
      ],
      [
       47.5810103,
       -18.9062551
      ],
      [
       47.5811919,
       -18.9046948
      ],
      [
       47.5813216,
       -18.90313
      ],
      [
       47.5813992,
       -18.901562
      ],
      [
       47.5814248,
       -18.8999925
      ],
      [
       47.5813982,
       -18.8984231
      ],
      [
       47.5813196,
       -18.8968552
      ],
      [
       47.5811889,
       -18.8952904
      ],
      [
       47.5810064,
       -18.8937302
      ],
      [
       47.5807721,
       -18.8921763
      ],
      [
       47.5804864,
       -18.8906301
      ],
      [
       47.5801495,
       -18.8890931
      ],
      [
       47.5797617,
       -18.8875669
      ],
      [
       47.5793235,
       -18.886053
      ],
      [
       47.5788353,
       -18.8845528
      ],
      [
       47.5782975,
       -18.8830679
      ],
      [
       47.5777106,
       -18.8815998
      ],
      [
       47.5770754,
       -18.8801497
      ],
      [
       47.5763923,
       -18.8787193
      ],
      [
       47.5756621,
       -18.8773099
      ],
      [
       47.5748854,
       -18.8759229
      ],
      [
       47.5740631,
       -18.8745596
      ],
      [
       47.573196,
       -18.8732214
      ],
      [
       47.5722849,
       -18.8719097
      ],
      [
       47.5713308,
       -18.8706257
      ],
      [
       47.5703345,
       -18.8693707
      ],
      [
       47.569297,
       -18.8681459
      ],
      [
       47.5682194,
       -18.8669525
      ],
      [
       47.5671028,
       -18.8657918
      ],
      [
       47.5659481,
       -18.8646648
      ],
      [
       47.5647567,
       -18.8635727
      ],
      [
       47.5635296,
       -18.8625165
      ],
      [
       47.5622681,
       -18.8614973
      ],
      [
       47.5609734,
       -18.8605161
      ],
      [
       47.5596467,
       -18.8595739
      ],
      [
       47.5582895,
       -18.8586715
      ],
      [
       47.556903,
       -18.85781
      ],
      [
       47.5554886,
       -18.85699
      ],
      [
       47.5540476,
       -18.8562125
      ],
      [
       47.5525816,
       -18.8554782
      ],
      [
       47.551092,
       -18.8547878
      ],
      [
       47.5495802,
       -18.8541421
      ],
      [
       47.5480477,
       -18.8535416
      ],
      [
       47.5464961,
       -18.8529869
      ],
      [
       47.5449268,
       -18.8524786
      ],
      [
       47.5433414,
       -18.8520172
      ],
      [
       47.5417415,
       -18.8516031
      ],
      [
       47.5401287,
       -18.8512368
      ],
      [
       47.5385045,
       -18.8509185
      ],
      [
       47.5368706,
       -18.8506487
      ],
      [
       47.5352285,
       -18.8504276
      ],
      [
       47.5335798,
       -18.8502554
      ],
      [
       47.5319263,
       -18.8501323
      ],
      [
       47.5302695,
       -18.8500584
      ],
      [
       47.5286111,
       -18.8500338
      ]
     ]
    ]
   }
  },
  {
   "type": "Feature",
   "properties": {
    "ll": {
     "value": 0,
     "unit": 1,
     "referenceDatum": 0
    },
    "ul": {
     "value": 10000,
     "unit": 1,
     "referenceDatum": 0
    },
    "_id": "62cfcd499f7e2ede51a826dc",
    "name": "FM-R40 ANTSIRANANA/ARRACHART",
    "type": 1,
    "icao": 7,
    "bnd": [
     [
      -12.2974887,
      49.274899
     ],
     [
      -12.2641779,
      49.3089899
     ]
    ]
   },
   "geometry": {
    "type": "Polygon",
    "coordinates": [
     [
      [
       49.2919444,
       -12.2641779
      ],
      [
       49.2914091,
       -12.2641861
      ],
      [
       49.2908742,
       -12.2642108
      ],
      [
       49.2903404,
       -12.2642518
      ],
      [
       49.2898082,
       -12.2643092
      ],
      [
       49.2892781,
       -12.264383
      ],
      [
       49.2887506,
       -12.2644729
      ],
      [
       49.2882263,
       -12.264579
      ],
      [
       49.2877057,
       -12.2647011
      ],
      [
       49.2871892,
       -12.2648392
      ],
      [
       49.2866774,
       -12.264993
      ],
      [
       49.2861708,
       -12.2651625
      ],
      [
       49.28567,
       -12.2653475
      ],
      [
       49.2851753,
       -12.2655477
      ],
      [
       49.2846873,
       -12.265763
      ],
      [
       49.2842064,
       -12.2659931
      ],
      [
       49.2837332,
       -12.266238
      ],
      [
       49.2832681,
       -12.2664972
      ],
      [
       49.2828115,
       -12.2667706
      ],
      [
       49.282364,
       -12.2670578
      ],
      [
       49.2819259,
       -12.2673586
      ],
      [
       49.2814977,
       -12.2676728
      ],
      [
       49.2810798,
       -12.2679999
      ],
      [
       49.2806726,
       -12.2683397
      ],
      [
       49.2802766,
       -12.2686918
      ],
      [
       49.279892,
       -12.2690559
      ],
      [
       49.2795194,
       -12.2694316
      ],
      [
       49.279159,
       -12.2698186
      ],
      [
       49.2788112,
       -12.2702165
      ],
      [
       49.2784764,
       -12.2706248
      ],
      [
       49.2781549,
       -12.2710432
      ],
      [
       49.277847,
       -12.2714712
      ],
      [
       49.277553,
       -12.2719085
      ],
      [
       49.2772732,
       -12.2723546
      ],
      [
       49.2770078,
       -12.2728091
      ],
      [
       49.2767573,
       -12.2732715
      ],
      [
       49.2765217,
       -12.2737414
      ],
      [
       49.2763013,
       -12.2742182
      ],
      [
       49.2760963,
       -12.2747016
      ],
      [
       49.275907,
       -12.275191
      ],
      [
       49.2757336,
       -12.2756861
      ],
      [
       49.2755761,
       -12.2761861
      ],
      [
       49.2754348,
       -12.2766908
      ],
      [
       49.2753097,
       -12.2771996
      ],
      [
       49.2752011,
       -12.2777119
      ],
      [
       49.275109,
       -12.2782273
      ],
      [
       49.2750335,
       -12.2787453
      ],
      [
       49.2749747,
       -12.2792654
      ],
      [
       49.2749327,
       -12.279787
      ],
      [
       49.2749074,
       -12.2803096
      ],
      [
       49.274899,
       -12.2808328
      ],
      [
       49.2749074,
       -12.281356
      ],
      [
       49.2749325,
       -12.2818786
      ],
      [
       49.2749745,
       -12.2824002
      ],
      [
       49.2750333,
       -12.2829203
      ],
      [
       49.2751087,
       -12.2834383
      ],
      [
       49.2752007,
       -12.2839537
      ],
      [
       49.2753093,
       -12.2844661
      ],
      [
       49.2754342,
       -12.2849749
      ],
      [
       49.2755755,
       -12.2854796
      ],
      [
       49.2757329,
       -12.2859797
      ],
      [
       49.2759063,
       -12.2864747
      ],
      [
       49.2760956,
       -12.2869641
      ],
      [
       49.2763005,
       -12.2874476
      ],
      [
       49.2765208,
       -12.2879244
      ],
      [
       49.2767564,
       -12.2883943
      ],
      [
       49.2770069,
       -12.2888567
      ],
      [
       49.2772722,
       -12.2893112
      ],
      [
       49.277552,
       -12.2897574
      ],
      [
       49.277846,
       -12.2901947
      ],
      [
       49.2781539,
       -12.2906228
      ],
      [
       49.2784754,
       -12.2910412
      ],
      [
       49.2788102,
       -12.2914496
      ],
      [
       49.2791579,
       -12.2918475
      ],
      [
       49.2795183,
       -12.2922345
      ],
      [
       49.2798909,
       -12.2926102
      ],
      [
       49.2802755,
       -12.2929744
      ],
      [
       49.2806715,
       -12.2933265
      ],
      [
       49.2810787,
       -12.2936663
      ],
      [
       49.2814966,
       -12.2939935
      ],
      [
       49.2819249,
       -12.2943077
      ],
      [
       49.282363,
       -12.2946085
      ],
      [
       49.2828105,
       -12.2948958
      ],
      [
       49.2832671,
       -12.2951692
      ],
      [
       49.2837323,
       -12.2954285
      ],
      [
       49.2842055,
       -12.2956733
      ],
      [
       49.2846864,
       -12.2959035
      ],
      [
       49.2851745,
       -12.2961188
      ],
      [
       49.2856692,
       -12.2963191
      ],
      [
       49.2861702,
       -12.296504
      ],
      [
       49.2866768,
       -12.2966735
      ],
      [
       49.2871886,
       -12.2968274
      ],
      [
       49.2877051,
       -12.2969655
      ],
      [
       49.2882259,
       -12.2970876
      ],
      [
       49.2887502,
       -12.2971937
      ],
      [
       49.2892778,
       -12.2972837
      ],
      [
       49.2898079,
       -12.2973574
      ],
      [
       49.2903402,
       -12.2974148
      ],
      [
       49.2908741,
       -12.2974559
      ],
      [
       49.291409,
       -12.2974805
      ],
      [
       49.2919444,
       -12.2974887
      ],
      [
       49.2924799,
       -12.2974805
      ],
      [
       49.2930148,
       -12.2974559
      ],
      [
       49.2935487,
       -12.2974148
      ],
      [
       49.2940809,
       -12.2973574
      ],
      [
       49.2946111,
       -12.2972837
      ],
      [
       49.2951386,
       -12.2971937
      ],
      [
       49.295663,
       -12.2970876
      ],
      [
       49.2961837,
       -12.2969655
      ],
      [
       49.2967003,
       -12.2968274
      ],
      [
       49.2972121,
       -12.2966735
      ],
      [
       49.2977187,
       -12.296504
      ],
      [
       49.2982197,
       -12.2963191
      ],
      [
       49.2987144,
       -12.2961188
      ],
      [
       49.2992025,
       -12.2959035
      ],
      [
       49.2996834,
       -12.2956733
      ],
      [
       49.3001566,
       -12.2954285
      ],
      [
       49.3006218,
       -12.2951692
      ],
      [
       49.3010784,
       -12.2948958
      ],
      [
       49.3015259,
       -12.2946085
      ],
      [
       49.301964,
       -12.2943077
      ],
      [
       49.3023923,
       -12.2939935
      ],
      [
       49.3028102,
       -12.2936663
      ],
      [
       49.3032174,
       -12.2933265
      ],
      [
       49.3036134,
       -12.2929744
      ],
      [
       49.303998,
       -12.2926102
      ],
      [
       49.3043706,
       -12.2922345
      ],
      [
       49.304731,
       -12.2918475
      ],
      [
       49.3050787,
       -12.2914496
      ],
      [
       49.3054135,
       -12.2910412
      ],
      [
       49.305735,
       -12.2906228
      ],
      [
       49.3060429,
       -12.2901947
      ],
      [
       49.3063369,
       -12.2897574
      ],
      [
       49.3066167,
       -12.2893112
      ],
      [
       49.306882,
       -12.2888567
      ],
      [
       49.3071325,
       -12.2883943
      ],
      [
       49.3073681,
       -12.2879244
      ],
      [
       49.3075884,
       -12.2874476
      ],
      [
       49.3077933,
       -12.2869641
      ],
      [
       49.3079825,
       -12.2864747
      ],
      [
       49.308156,
       -12.2859797
      ],
      [
       49.3083134,
       -12.2854796
      ],
      [
       49.3084547,
       -12.2849749
      ],
      [
       49.3085796,
       -12.2844661
      ],
      [
       49.3086882,
       -12.2839537
      ],
      [
       49.3087802,
       -12.2834383
      ],
      [
       49.3088556,
       -12.2829203
      ],
      [
       49.3089144,
       -12.2824002
      ],
      [
       49.3089563,
       -12.2818786
      ],
      [
       49.3089815,
       -12.281356
      ],
      [
       49.3089899,
       -12.2808328
      ],
      [
       49.3089815,
       -12.2803096
      ],
      [
       49.3089562,
       -12.279787
      ],
      [
       49.3089142,
       -12.2792654
      ],
      [
       49.3088554,
       -12.2787453
      ],
      [
       49.3087799,
       -12.2782273
      ],
      [
       49.3086878,
       -12.2777119
      ],
      [
       49.3085792,
       -12.2771996
      ],
      [
       49.3084541,
       -12.2766908
      ],
      [
       49.3083128,
       -12.2761861
      ],
      [
       49.3081553,
       -12.2756861
      ],
      [
       49.3079819,
       -12.275191
      ],
      [
       49.3077926,
       -12.2747016
      ],
      [
       49.3075876,
       -12.2742182
      ],
      [
       49.3073672,
       -12.2737414
      ],
      [
       49.3071316,
       -12.2732715
      ],
      [
       49.306881,
       -12.2728091
      ],
      [
       49.3066157,
       -12.2723546
      ],
      [
       49.3063359,
       -12.2719085
      ],
      [
       49.3060419,
       -12.2714712
      ],
      [
       49.305734,
       -12.2710432
      ],
      [
       49.3054125,
       -12.2706248
      ],
      [
       49.3050777,
       -12.2702165
      ],
      [
       49.3047299,
       -12.2698186
      ],
      [
       49.3043695,
       -12.2694316
      ],
      [
       49.3039969,
       -12.2690559
      ],
      [
       49.3036123,
       -12.2686918
      ],
      [
       49.3032163,
       -12.2683397
      ],
      [
       49.3028091,
       -12.2679999
      ],
      [
       49.3023912,
       -12.2676728
      ],
      [
       49.301963,
       -12.2673586
      ],
      [
       49.3015249,
       -12.2670578
      ],
      [
       49.3010774,
       -12.2667706
      ],
      [
       49.3006208,
       -12.2664972
      ],
      [
       49.3001557,
       -12.266238
      ],
      [
       49.2996825,
       -12.2659931
      ],
      [
       49.2992016,
       -12.265763
      ],
      [
       49.2987136,
       -12.2655477
      ],
      [
       49.2982189,
       -12.2653475
      ],
      [
       49.297718,
       -12.2651625
      ],
      [
       49.2972115,
       -12.264993
      ],
      [
       49.2966997,
       -12.2648392
      ],
      [
       49.2961832,
       -12.2647011
      ],
      [
       49.2956626,
       -12.264579
      ],
      [
       49.2951382,
       -12.2644729
      ],
      [
       49.2946108,
       -12.264383
      ],
      [
       49.2940807,
       -12.2643092
      ],
      [
       49.2935485,
       -12.2642518
      ],
      [
       49.2930147,
       -12.2642108
      ],
      [
       49.2924798,
       -12.2641861
      ],
      [
       49.2919444,
       -12.2641779
      ]
     ]
    ]
   }
  },
  {
   "type": "Feature",
   "properties": {
    "ll": {
     "value": 0,
     "unit": 1,
     "referenceDatum": 0
    },
    "ul": {
     "value": 10000,
     "unit": 1,
     "referenceDatum": 0
    },
    "_id": "62cfcd499f7e2ede51a826e7",
    "name": "FM-R41 FIANARANTSOA",
    "type": 1,
    "icao": 7,
    "bnd": [
     [
      -21.4627665,
      47.0651612
     ],
     [
      -21.4294557,
      47.1009499
     ]
    ]
   },
   "geometry": {
    "type": "Polygon",
    "coordinates": [
     [
      [
       47.0830556,
       -21.4294557
      ],
      [
       47.0824935,
       -21.4294639
      ],
      [
       47.0819321,
       -21.4294886
      ],
      [
       47.0813717,
       -21.4295296
      ],
      [
       47.080813,
       -21.429587
      ],
      [
       47.0802566,
       -21.4296607
      ],
      [
       47.0797029,
       -21.4297507
      ],
      [
       47.0791525,
       -21.4298568
      ],
      [
       47.0786059,
       -21.4299789
      ],
      [
       47.0780637,
       -21.4301169
      ],
      [
       47.0775265,
       -21.4302708
      ],
      [
       47.0769947,
       -21.4304402
      ],
      [
       47.0764689,
       -21.4306252
      ],
      [
       47.0759496,
       -21.4308254
      ],
      [
       47.0754373,
       -21.4310407
      ],
      [
       47.0749325,
       -21.4312708
      ],
      [
       47.0744357,
       -21.4315156
      ],
      [
       47.0739475,
       -21.4317749
      ],
      [
       47.0734682,
       -21.4320482
      ],
      [
       47.0729984,
       -21.4323354
      ],
      [
       47.0725385,
       -21.4326363
      ],
      [
       47.0720889,
       -21.4329504
      ],
      [
       47.0716502,
       -21.4332775
      ],
      [
       47.0712228,
       -21.4336173
      ],
      [
       47.070807,
       -21.4339694
      ],
      [
       47.0704033,
       -21.4343335
      ],
      [
       47.0700121,
       -21.4347092
      ],
      [
       47.0696338,
       -21.4350962
      ],
      [
       47.0692687,
       -21.435494
      ],
      [
       47.0689172,
       -21.4359023
      ],
      [
       47.0685797,
       -21.4363207
      ],
      [
       47.0682564,
       -21.4367487
      ],
      [
       47.0679477,
       -21.437186
      ],
      [
       47.067654,
       -21.4376321
      ],
      [
       47.0673754,
       -21.4380866
      ],
      [
       47.0671124,
       -21.438549
      ],
      [
       47.066865,
       -21.4390188
      ],
      [
       47.0666336,
       -21.4394956
      ],
      [
       47.0664185,
       -21.439979
      ],
      [
       47.0662197,
       -21.4404684
      ],
      [
       47.0660376,
       -21.4409634
      ],
      [
       47.0658722,
       -21.4414635
      ],
      [
       47.0657238,
       -21.4419682
      ],
      [
       47.0655926,
       -21.4424769
      ],
      [
       47.0654785,
       -21.4429893
      ],
      [
       47.0653818,
       -21.4435047
      ],
      [
       47.0653025,
       -21.4440227
      ],
      [
       47.0652408,
       -21.4445428
      ],
      [
       47.0651966,
       -21.4450644
      ],
      [
       47.0651701,
       -21.445587
      ],
      [
       47.0651612,
       -21.4461102
      ],
      [
       47.0651699,
       -21.4466333
      ],
      [
       47.0651964,
       -21.447156
      ],
      [
       47.0652404,
       -21.4476776
      ],
      [
       47.065302,
       -21.4481977
      ],
      [
       47.0653812,
       -21.4487157
      ],
      [
       47.0654778,
       -21.4492311
      ],
      [
       47.0655917,
       -21.4497435
      ],
      [
       47.0657229,
       -21.4502523
      ],
      [
       47.0658711,
       -21.4507569
      ],
      [
       47.0660364,
       -21.4512571
      ],
      [
       47.0662184,
       -21.4517521
      ],
      [
       47.0664171,
       -21.4522416
      ],
      [
       47.0666322,
       -21.452725
      ],
      [
       47.0668634,
       -21.4532019
      ],
      [
       47.0671107,
       -21.4536718
      ],
      [
       47.0673737,
       -21.4541342
      ],
      [
       47.0676522,
       -21.4545887
      ],
      [
       47.0679459,
       -21.4550348
      ],
      [
       47.0682545,
       -21.4554722
      ],
      [
       47.0685777,
       -21.4559003
      ],
      [
       47.0689152,
       -21.4563187
      ],
      [
       47.0692667,
       -21.4567271
      ],
      [
       47.0696318,
       -21.457125
      ],
      [
       47.0700101,
       -21.457512
      ],
      [
       47.0704013,
       -21.4578878
      ],
      [
       47.070805,
       -21.4582519
      ],
      [
       47.0712208,
       -21.4586041
      ],
      [
       47.0716482,
       -21.4589439
      ],
      [
       47.072087,
       -21.4592711
      ],
      [
       47.0725365,
       -21.4595853
      ],
      [
       47.0729965,
       -21.4598862
      ],
      [
       47.0734663,
       -21.4601735
      ],
      [
       47.0739457,
       -21.4604469
      ],
      [
       47.074434,
       -21.4607061
      ],
      [
       47.0749308,
       -21.460951
      ],
      [
       47.0754357,
       -21.4611812
      ],
      [
       47.0759481,
       -21.4613965
      ],
      [
       47.0764675,
       -21.4615968
      ],
      [
       47.0769934,
       -21.4617818
      ],
      [
       47.0775253,
       -21.4619513
      ],
      [
       47.0780626,
       -21.4621051
      ],
      [
       47.0786049,
       -21.4622432
      ],
      [
       47.0791516,
       -21.4623654
      ],
      [
       47.0797021,
       -21.4624715
      ],
      [
       47.0802559,
       -21.4625614
      ],
      [
       47.0808125,
       -21.4626352
      ],
      [
       47.0813714,
       -21.4626926
      ],
      [
       47.0819318,
       -21.4627337
      ],
      [
       47.0824934,
       -21.4627583
      ],
      [
       47.0830556,
       -21.4627665
      ],
      [
       47.0836177,
       -21.4627583
      ],
      [
       47.0841793,
       -21.4627337
      ],
      [
       47.0847398,
       -21.4626926
      ],
      [
       47.0852986,
       -21.4626352
      ],
      [
       47.0858552,
       -21.4625614
      ],
      [
       47.086409,
       -21.4624715
      ],
      [
       47.0869595,
       -21.4623654
      ],
      [
       47.0875062,
       -21.4622432
      ],
      [
       47.0880485,
       -21.4621051
      ],
      [
       47.0885858,
       -21.4619513
      ],
      [
       47.0891177,
       -21.4617818
      ],
      [
       47.0896436,
       -21.4615968
      ],
      [
       47.090163,
       -21.4613965
      ],
      [
       47.0906754,
       -21.4611812
      ],
      [
       47.0911803,
       -21.460951
      ],
      [
       47.0916771,
       -21.4607061
      ],
      [
       47.0921654,
       -21.4604469
      ],
      [
       47.0926448,
       -21.4601735
      ],
      [
       47.0931146,
       -21.4598862
      ],
      [
       47.0935746,
       -21.4595853
      ],
      [
       47.0940241,
       -21.4592711
      ],
      [
       47.0944629,
       -21.4589439
      ],
      [
       47.0948903,
       -21.4586041
      ],
      [
       47.0953061,
       -21.4582519
      ],
      [
       47.0957098,
       -21.4578878
      ],
      [
       47.096101,
       -21.457512
      ],
      [
       47.0964793,
       -21.457125
      ],
      [
       47.0968444,
       -21.4567271
      ],
      [
       47.0971959,
       -21.4563187
      ],
      [
       47.0975334,
       -21.4559003
      ],
      [
       47.0978566,
       -21.4554722
      ],
      [
       47.0981652,
       -21.4550348
      ],
      [
       47.0984589,
       -21.4545887
      ],
      [
       47.0987374,
       -21.4541342
      ],
      [
       47.0990004,
       -21.4536718
      ],
      [
       47.0992477,
       -21.4532019
      ],
      [
       47.099479,
       -21.452725
      ],
      [
       47.099694,
       -21.4522416
      ],
      [
       47.0998927,
       -21.4517521
      ],
      [
       47.1000747,
       -21.4512571
      ],
      [
       47.10024,
       -21.4507569
      ],
      [
       47.1003882,
       -21.4502523
      ],
      [
       47.1005194,
       -21.4497435
      ],
      [
       47.1006334,
       -21.4492311
      ],
      [
       47.1007299,
       -21.4487157
      ],
      [
       47.1008091,
       -21.4481977
      ],
      [
       47.1008707,
       -21.4476776
      ],
      [
       47.1009148,
       -21.447156
      ],
      [
       47.1009412,
       -21.4466333
      ],
      [
       47.1009499,
       -21.4461102
      ],
      [
       47.100941,
       -21.445587
      ],
      [
       47.1009145,
       -21.4450644
      ],
      [
       47.1008703,
       -21.4445428
      ],
      [
       47.1008086,
       -21.4440227
      ],
      [
       47.1007293,
       -21.4435047
      ],
      [
       47.1006326,
       -21.4429893
      ],
      [
       47.1005186,
       -21.4424769
      ],
      [
       47.1003873,
       -21.4419682
      ],
      [
       47.1002389,
       -21.4414635
      ],
      [
       47.1000735,
       -21.4409634
      ],
      [
       47.0998914,
       -21.4404684
      ],
      [
       47.0996926,
       -21.439979
      ],
      [
       47.0994775,
       -21.4394956
      ],
      [
       47.0992461,
       -21.4390188
      ],
      [
       47.0989987,
       -21.438549
      ],
      [
       47.0987357,
       -21.4380866
      ],
      [
       47.0984571,
       -21.4376321
      ],
      [
       47.0981634,
       -21.437186
      ],
      [
       47.0978547,
       -21.4367487
      ],
      [
       47.0975314,
       -21.4363207
      ],
      [
       47.0971939,
       -21.4359023
      ],
      [
       47.0968424,
       -21.435494
      ],
      [
       47.0964773,
       -21.4350962
      ],
      [
       47.096099,
       -21.4347092
      ],
      [
       47.0957078,
       -21.4343335
      ],
      [
       47.0953041,
       -21.4339694
      ],
      [
       47.0948883,
       -21.4336173
      ],
      [
       47.0944609,
       -21.4332775
      ],
      [
       47.0940222,
       -21.4329504
      ],
      [
       47.0935726,
       -21.4326363
      ],
      [
       47.0931127,
       -21.4323354
      ],
      [
       47.0926429,
       -21.4320482
      ],
      [
       47.0921636,
       -21.4317749
      ],
      [
       47.0916754,
       -21.4315156
      ],
      [
       47.0911786,
       -21.4312708
      ],
      [
       47.0906738,
       -21.4310407
      ],
      [
       47.0901615,
       -21.4308254
      ],
      [
       47.0896422,
       -21.4306252
      ],
      [
       47.0891164,
       -21.4304402
      ],
      [
       47.0885846,
       -21.4302708
      ],
      [
       47.0880474,
       -21.4301169
      ],
      [
       47.0875052,
       -21.4299789
      ],
      [
       47.0869587,
       -21.4298568
      ],
      [
       47.0864083,
       -21.4297507
      ],
      [
       47.0858545,
       -21.4296607
      ],
      [
       47.0852981,
       -21.429587
      ],
      [
       47.0847394,
       -21.4295296
      ],
      [
       47.084179,
       -21.4294886
      ],
      [
       47.0836176,
       -21.4294639
      ],
      [
       47.0830556,
       -21.4294557
      ]
     ]
    ]
   }
  },
  {
   "type": "Feature",
   "properties": {
    "ll": {
     "value": 0,
     "unit": 1,
     "referenceDatum": 0
    },
    "ul": {
     "value": 10000,
     "unit": 1,
     "referenceDatum": 0
    },
    "_id": "62cfcd499f7e2ede51a826f0",
    "name": "FM-R42 MAHAJANGA/PHILIBERT TSIRANANA",
    "type": 1,
    "icao": 7,
    "bnd": [
     [
      -15.7338776,
      46.301031
     ],
     [
      -15.7005668,
      46.3356357
     ]
    ]
   },
   "geometry": {
    "type": "Polygon",
    "coordinates": [
     [
      [
       46.3183333,
       -15.7005668
      ],
      [
       46.3177899,
       -15.700575
      ],
      [
       46.317247,
       -15.7005997
      ],
      [
       46.3167052,
       -15.7006407
      ],
      [
       46.316165,
       -15.7006981
      ],
      [
       46.3156269,
       -15.7007718
      ],
      [
       46.3150915,
       -15.7008618
      ],
      [
       46.3145592,
       -15.7009679
      ],
      [
       46.3140308,
       -15.70109
      ],
      [
       46.3135065,
       -15.7012281
      ],
      [
       46.312987,
       -15.7013819
      ],
      [
       46.3124728,
       -15.7015514
      ],
      [
       46.3119644,
       -15.7017363
      ],
      [
       46.3114623,
       -15.7019365
      ],
      [
       46.3109669,
       -15.7021518
      ],
      [
       46.3104788,
       -15.702382
      ],
      [
       46.3099985,
       -15.7026268
      ],
      [
       46.3095263,
       -15.702886
      ],
      [
       46.3090629,
       -15.7031594
      ],
      [
       46.3086086,
       -15.7034466
      ],
      [
       46.3081639,
       -15.7037475
      ],
      [
       46.3077293,
       -15.7040616
      ],
      [
       46.3073051,
       -15.7043887
      ],
      [
       46.3068918,
       -15.7047285
      ],
      [
       46.3064898,
       -15.7050806
      ],
      [
       46.3060994,
       -15.7054447
      ],
      [
       46.3057212,
       -15.7058204
      ],
      [
       46.3053554,
       -15.7062074
      ],
      [
       46.3050023,
       -15.7066053
      ],
      [
       46.3046625,
       -15.7070136
      ],
      [
       46.3043361,
       -15.707432
      ],
      [
       46.3040236,
       -15.70786
      ],
      [
       46.3037251,
       -15.7082973
      ],
      [
       46.3034411,
       -15.7087434
      ],
      [
       46.3031718,
       -15.7091979
      ],
      [
       46.3029174,
       -15.7096603
      ],
      [
       46.3026783,
       -15.7101301
      ],
      [
       46.3024545,
       -15.710607
      ],
      [
       46.3022465,
       -15.7110904
      ],
      [
       46.3020543,
       -15.7115798
      ],
      [
       46.3018782,
       -15.7120748
      ],
      [
       46.3017184,
       -15.7125749
      ],
      [
       46.3015749,
       -15.7130796
      ],
      [
       46.301448,
       -15.7135883
      ],
      [
       46.3013377,
       -15.7141007
      ],
      [
       46.3012442,
       -15.7146161
      ],
      [
       46.3011676,
       -15.7151341
      ],
      [
       46.3011079,
       -15.7156541
      ],
      [
       46.3010652,
       -15.7161757
      ],
      [
       46.3010396,
       -15.7166984
      ],
      [
       46.301031,
       -15.7172215
      ],
      [
       46.3010395,
       -15.7177447
      ],
      [
       46.301065,
       -15.7182673
      ],
      [
       46.3011076,
       -15.718789
      ],
      [
       46.3011673,
       -15.719309
      ],
      [
       46.3012438,
       -15.719827
      ],
      [
       46.3013372,
       -15.7203425
      ],
      [
       46.3014474,
       -15.7208548
      ],
      [
       46.3015742,
       -15.7213636
      ],
      [
       46.3017176,
       -15.7218683
      ],
      [
       46.3018774,
       -15.7223684
      ],
      [
       46.3020534,
       -15.7228634
      ],
      [
       46.3022455,
       -15.7233529
      ],
      [
       46.3024535,
       -15.7238363
      ],
      [
       46.3026772,
       -15.7243132
      ],
      [
       46.3029163,
       -15.7247831
      ],
      [
       46.3031706,
       -15.7252455
      ],
      [
       46.3034399,
       -15.7257
      ],
      [
       46.3037238,
       -15.7261462
      ],
      [
       46.3040222,
       -15.7265835
      ],
      [
       46.3043348,
       -15.7270116
      ],
      [
       46.3046611,
       -15.72743
      ],
      [
       46.305001,
       -15.7278384
      ],
      [
       46.305354,
       -15.7282363
      ],
      [
       46.3057198,
       -15.7286233
      ],
      [
       46.306098,
       -15.728999
      ],
      [
       46.3064884,
       -15.7293632
      ],
      [
       46.3068904,
       -15.7297153
      ],
      [
       46.3073037,
       -15.7300552
      ],
      [
       46.3077279,
       -15.7303823
      ],
      [
       46.3081626,
       -15.7306965
      ],
      [
       46.3086073,
       -15.7309974
      ],
      [
       46.3090616,
       -15.7312847
      ],
      [
       46.3095251,
       -15.7315581
      ],
      [
       46.3099973,
       -15.7318173
      ],
      [
       46.3104777,
       -15.7320622
      ],
      [
       46.3109658,
       -15.7322924
      ],
      [
       46.3114612,
       -15.7325077
      ],
      [
       46.3119634,
       -15.7327079
      ],
      [
       46.3124719,
       -15.7328929
      ],
      [
       46.3129862,
       -15.7330624
      ],
      [
       46.3135058,
       -15.7332163
      ],
      [
       46.3140301,
       -15.7333543
      ],
      [
       46.3145586,
       -15.7334765
      ],
      [
       46.3150909,
       -15.7335826
      ],
      [
       46.3156264,
       -15.7336726
      ],
      [
       46.3161646,
       -15.7337463
      ],
      [
       46.3167049,
       -15.7338037
      ],
      [
       46.3172468,
       -15.7338448
      ],
      [
       46.3177898,
       -15.7338694
      ],
      [
       46.3183333,
       -15.7338776
      ],
      [
       46.3188769,
       -15.7338694
      ],
      [
       46.3194198,
       -15.7338448
      ],
      [
       46.3199618,
       -15.7338037
      ],
      [
       46.3205021,
       -15.7337463
      ],
      [
       46.3210402,
       -15.7336726
      ],
      [
       46.3215757,
       -15.7335826
      ],
      [
       46.322108,
       -15.7334765
      ],
      [
       46.3226366,
       -15.7333543
      ],
      [
       46.3231609,
       -15.7332163
      ],
      [
       46.3236805,
       -15.7330624
      ],
      [
       46.3241947,
       -15.7328929
      ],
      [
       46.3247032,
       -15.7327079
      ],
      [
       46.3252054,
       -15.7325077
      ],
      [
       46.3257009,
       -15.7322924
      ],
      [
       46.326189,
       -15.7320622
      ],
      [
       46.3266694,
       -15.7318173
      ],
      [
       46.3271416,
       -15.7315581
      ],
      [
       46.327605,
       -15.7312847
      ],
      [
       46.3280594,
       -15.7309974
      ],
      [
       46.3285041,
       -15.7306965
      ],
      [
       46.3289387,
       -15.7303823
      ],
      [
       46.329363,
       -15.7300552
      ],
      [
       46.3297763,
       -15.7297153
      ],
      [
       46.3301783,
       -15.7293632
      ],
      [
       46.3305686,
       -15.728999
      ],
      [
       46.3309469,
       -15.7286233
      ],
      [
       46.3313127,
       -15.7282363
      ],
      [
       46.3316657,
       -15.7278384
      ],
      [
       46.3320056,
       -15.72743
      ],
      [
       46.3323319,
       -15.7270116
      ],
      [
       46.3326444,
       -15.7265835
      ],
      [
       46.3329428,
       -15.7261462
      ],
      [
       46.3332268,
       -15.7257
      ],
      [
       46.3334961,
       -15.7252455
      ],
      [
       46.3337504,
       -15.7247831
      ],
      [
       46.3339895,
       -15.7243132
      ],
      [
       46.3342132,
       -15.7238363
      ],
      [
       46.3344211,
       -15.7233529
      ],
      [
       46.3346132,
       -15.7228634
      ],
      [
       46.3347893,
       -15.7223684
      ],
      [
       46.334949,
       -15.7218683
      ],
      [
       46.3350924,
       -15.7213636
      ],
      [
       46.3352193,
       -15.7208548
      ],
      [
       46.3353295,
       -15.7203425
      ],
      [
       46.3354229,
       -15.719827
      ],
      [
       46.3354994,
       -15.719309
      ],
      [
       46.335559,
       -15.718789
      ],
      [
       46.3356016,
       -15.7182673
      ],
      [
       46.3356272,
       -15.7177447
      ],
      [
       46.3356357,
       -15.7172215
      ],
      [
       46.3356271,
       -15.7166984
      ],
      [
       46.3356014,
       -15.7161757
      ],
      [
       46.3355588,
       -15.7156541
      ],
      [
       46.3354991,
       -15.7151341
      ],
      [
       46.3354224,
       -15.7146161
      ],
      [
       46.3353289,
       -15.7141007
      ],
      [
       46.3352187,
       -15.7135883
      ],
      [
       46.3350917,
       -15.7130796
      ],
      [
       46.3349483,
       -15.7125749
      ],
      [
       46.3347884,
       -15.7120748
      ],
      [
       46.3346123,
       -15.7115798
      ],
      [
       46.3344202,
       -15.7110904
      ],
      [
       46.3342121,
       -15.710607
      ],
      [
       46.3339884,
       -15.7101301
      ],
      [
       46.3337493,
       -15.7096603
      ],
      [
       46.3334949,
       -15.7091979
      ],
      [
       46.3332256,
       -15.7087434
      ],
      [
       46.3329415,
       -15.7082973
      ],
      [
       46.3326431,
       -15.70786
      ],
      [
       46.3323305,
       -15.707432
      ],
      [
       46.3320042,
       -15.7070136
      ],
      [
       46.3316643,
       -15.7066053
      ],
      [
       46.3313113,
       -15.7062074
      ],
      [
       46.3309455,
       -15.7058204
      ],
      [
       46.3305672,
       -15.7054447
      ],
      [
       46.3301769,
       -15.7050806
      ],
      [
       46.3297749,
       -15.7047285
      ],
      [
       46.3293616,
       -15.7043887
      ],
      [
       46.3289374,
       -15.7040616
      ],
      [
       46.3285027,
       -15.7037475
      ],
      [
       46.328058,
       -15.7034466
      ],
      [
       46.3276038,
       -15.7031594
      ],
      [
       46.3271403,
       -15.702886
      ],
      [
       46.3266682,
       -15.7026268
      ],
      [
       46.3261879,
       -15.702382
      ],
      [
       46.3256998,
       -15.7021518
      ],
      [
       46.3252044,
       -15.7019365
      ],
      [
       46.3247023,
       -15.7017363
      ],
      [
       46.3241938,
       -15.7015514
      ],
      [
       46.3236796,
       -15.7013819
      ],
      [
       46.3231602,
       -15.7012281
      ],
      [
       46.3226359,
       -15.70109
      ],
      [
       46.3221074,
       -15.7009679
      ],
      [
       46.3215752,
       -15.7008618
      ],
      [
       46.3210398,
       -15.7007718
      ],
      [
       46.3205017,
       -15.7006981
      ],
      [
       46.3199615,
       -15.7006407
      ],
      [
       46.3194197,
       -15.7005997
      ],
      [
       46.3188768,
       -15.700575
      ],
      [
       46.3183333,
       -15.7005668
      ]
     ]
    ]
   }
  },
  {
   "type": "Feature",
   "properties": {
    "ll": {
     "value": 0,
     "unit": 1,
     "referenceDatum": 0
    },
    "ul": {
     "value": 10000,
     "unit": 1,
     "referenceDatum": 0
    },
    "_id": "62cfcd499f7e2ede51a826fa",
    "name": "FM-R43 TOAMASINA",
    "type": 1,
    "icao": 7,
    "bnd": [
     [
      -18.1794276,
      49.3834303
     ],
     [
      -18.1294613,
      49.4360142
     ]
    ]
   },
   "geometry": {
    "type": "Polygon",
    "coordinates": [
     [
      [
       49.4097222,
       -18.1294613
      ],
      [
       49.4088965,
       -18.1294737
      ],
      [
       49.4080716,
       -18.1295106
      ],
      [
       49.4072483,
       -18.1295722
      ],
      [
       49.4064274,
       -18.1296583
      ],
      [
       49.4056098,
       -18.1297689
      ],
      [
       49.4047963,
       -18.1299038
      ],
      [
       49.4039876,
       -18.1300629
      ],
      [
       49.4031846,
       -18.1302461
      ],
      [
       49.402388,
       -18.1304532
      ],
      [
       49.4015987,
       -18.1306839
      ],
      [
       49.4008173,
       -18.1309381
      ],
      [
       49.4000448,
       -18.1312155
      ],
      [
       49.3992818,
       -18.1315158
      ],
      [
       49.3985291,
       -18.1318387
      ],
      [
       49.3977875,
       -18.132184
      ],
      [
       49.3970576,
       -18.1325512
      ],
      [
       49.3963402,
       -18.13294
      ],
      [
       49.395636,
       -18.13335
      ],
      [
       49.3949457,
       -18.1337808
      ],
      [
       49.39427,
       -18.1342321
      ],
      [
       49.3936095,
       -18.1347032
      ],
      [
       49.392965,
       -18.1351939
      ],
      [
       49.3923369,
       -18.1357035
      ],
      [
       49.391726,
       -18.1362317
      ],
      [
       49.3911329,
       -18.1367778
      ],
      [
       49.3905581,
       -18.1373414
      ],
      [
       49.3900022,
       -18.1379218
      ],
      [
       49.3894658,
       -18.1385185
      ],
      [
       49.3889493,
       -18.139131
      ],
      [
       49.3884534,
       -18.1397586
      ],
      [
       49.3879784,
       -18.1404006
      ],
      [
       49.3875249,
       -18.1410565
      ],
      [
       49.3870933,
       -18.1417257
      ],
      [
       49.386684,
       -18.1424074
      ],
      [
       49.3862975,
       -18.1431009
      ],
      [
       49.385934,
       -18.1438057
      ],
      [
       49.3855941,
       -18.1445209
      ],
      [
       49.3852779,
       -18.145246
      ],
      [
       49.3849858,
       -18.1459801
      ],
      [
       49.3847182,
       -18.1467226
      ],
      [
       49.3844753,
       -18.1474727
      ],
      [
       49.3842572,
       -18.1482297
      ],
      [
       49.3840643,
       -18.1489928
      ],
      [
       49.3838967,
       -18.1497614
      ],
      [
       49.3837546,
       -18.1505345
      ],
      [
       49.3836381,
       -18.1513115
      ],
      [
       49.3835473,
       -18.1520916
      ],
      [
       49.3834824,
       -18.152874
      ],
      [
       49.3834434,
       -18.1536579
      ],
      [
       49.3834303,
       -18.1544427
      ],
      [
       49.3834431,
       -18.1552274
      ],
      [
       49.3834819,
       -18.1560114
      ],
      [
       49.3835466,
       -18.1567938
      ],
      [
       49.3836371,
       -18.1575739
      ],
      [
       49.3837534,
       -18.1583509
      ],
      [
       49.3838953,
       -18.1591241
      ],
      [
       49.3840627,
       -18.1598926
      ],
      [
       49.3842554,
       -18.1606558
      ],
      [
       49.3844732,
       -18.1614129
      ],
      [
       49.384716,
       -18.162163
      ],
      [
       49.3849835,
       -18.1629056
      ],
      [
       49.3852753,
       -18.1636398
      ],
      [
       49.3855913,
       -18.1643649
      ],
      [
       49.3859311,
       -18.1650803
      ],
      [
       49.3862944,
       -18.1657851
      ],
      [
       49.3866808,
       -18.1664788
      ],
      [
       49.38709,
       -18.1671606
      ],
      [
       49.3875215,
       -18.1678298
      ],
      [
       49.3879749,
       -18.1684858
      ],
      [
       49.3884498,
       -18.169128
      ],
      [
       49.3889457,
       -18.1697557
      ],
      [
       49.3894621,
       -18.1703682
      ],
      [
       49.3899985,
       -18.1709651
      ],
      [
       49.3905544,
       -18.1715456
      ],
      [
       49.3911291,
       -18.1721093
      ],
      [
       49.3917223,
       -18.1726555
      ],
      [
       49.3923332,
       -18.1731838
      ],
      [
       49.3929613,
       -18.1736935
      ],
      [
       49.3936059,
       -18.1741843
      ],
      [
       49.3942664,
       -18.1746556
      ],
      [
       49.3949422,
       -18.1751069
      ],
      [
       49.3956326,
       -18.1755379
      ],
      [
       49.3963369,
       -18.175948
      ],
      [
       49.3970544,
       -18.1763369
      ],
      [
       49.3977844,
       -18.1767042
      ],
      [
       49.3985262,
       -18.1770495
      ],
      [
       49.3992791,
       -18.1773725
      ],
      [
       49.4000422,
       -18.1776729
      ],
      [
       49.4008149,
       -18.1779504
      ],
      [
       49.4015965,
       -18.1782046
      ],
      [
       49.402386,
       -18.1784354
      ],
      [
       49.4031828,
       -18.1786426
      ],
      [
       49.403986,
       -18.1788258
      ],
      [
       49.4047949,
       -18.178985
      ],
      [
       49.4056087,
       -18.1791199
      ],
      [
       49.4064265,
       -18.1792305
      ],
      [
       49.4072476,
       -18.1793167
      ],
      [
       49.4080711,
       -18.1793783
      ],
      [
       49.4088963,
       -18.1794152
      ],
      [
       49.4097222,
       -18.1794276
      ],
      [
       49.4105482,
       -18.1794152
      ],
      [
       49.4113733,
       -18.1793783
      ],
      [
       49.4121969,
       -18.1793167
      ],
      [
       49.4130179,
       -18.1792305
      ],
      [
       49.4138358,
       -18.1791199
      ],
      [
       49.4146495,
       -18.178985
      ],
      [
       49.4154584,
       -18.1788258
      ],
      [
       49.4162617,
       -18.1786426
      ],
      [
       49.4170584,
       -18.1784354
      ],
      [
       49.417848,
       -18.1782046
      ],
      [
       49.4186295,
       -18.1779504
      ],
      [
       49.4194022,
       -18.1776729
      ],
      [
       49.4201654,
       -18.1773725
      ],
      [
       49.4209182,
       -18.1770495
      ],
      [
       49.42166,
       -18.1767042
      ],
      [
       49.42239,
       -18.1763369
      ],
      [
       49.4231076,
       -18.175948
      ],
      [
       49.4238118,
       -18.1755379
      ],
      [
       49.4245022,
       -18.1751069
      ],
      [
       49.425178,
       -18.1746556
      ],
      [
       49.4258386,
       -18.1741843
      ],
      [
       49.4264832,
       -18.1736935
      ],
      [
       49.4271113,
       -18.1731838
      ],
      [
       49.4277222,
       -18.1726555
      ],
      [
       49.4283153,
       -18.1721093
      ],
      [
       49.4288901,
       -18.1715456
      ],
      [
       49.429446,
       -18.1709651
      ],
      [
       49.4299823,
       -18.1703682
      ],
      [
       49.4304987,
       -18.1697557
      ],
      [
       49.4309946,
       -18.169128
      ],
      [
       49.4314695,
       -18.1684858
      ],
      [
       49.4319229,
       -18.1678298
      ],
      [
       49.4323544,
       -18.1671606
      ],
      [
       49.4327636,
       -18.1664788
      ],
      [
       49.43315,
       -18.1657851
      ],
      [
       49.4335133,
       -18.1650803
      ],
      [
       49.4338531,
       -18.1643649
      ],
      [
       49.4341691,
       -18.1636398
      ],
      [
       49.434461,
       -18.1629056
      ],
      [
       49.4347284,
       -18.162163
      ],
      [
       49.4349712,
       -18.1614129
      ],
      [
       49.435189,
       -18.1606558
      ],
      [
       49.4353818,
       -18.1598926
      ],
      [
       49.4355491,
       -18.1591241
      ],
      [
       49.435691,
       -18.1583509
      ],
      [
       49.4358073,
       -18.1575739
      ],
      [
       49.4358978,
       -18.1567938
      ],
      [
       49.4359625,
       -18.1560114
      ],
      [
       49.4360013,
       -18.1552274
      ],
      [
       49.4360142,
       -18.1544427
      ],
      [
       49.4360011,
       -18.1536579
      ],
      [
       49.435962,
       -18.152874
      ],
      [
       49.4358971,
       -18.1520916
      ],
      [
       49.4358064,
       -18.1513115
      ],
      [
       49.4356899,
       -18.1505345
      ],
      [
       49.4355478,
       -18.1497614
      ],
      [
       49.4353802,
       -18.1489928
      ],
      [
       49.4351872,
       -18.1482297
      ],
      [
       49.4349692,
       -18.1474727
      ],
      [
       49.4347262,
       -18.1467226
      ],
      [
       49.4344586,
       -18.1459801
      ],
      [
       49.4341666,
       -18.145246
      ],
      [
       49.4338504,
       -18.1445209
      ],
      [
       49.4335104,
       -18.1438057
      ],
      [
       49.433147,
       -18.1431009
      ],
      [
       49.4327604,
       -18.1424074
      ],
      [
       49.4323511,
       -18.1417257
      ],
      [
       49.4319195,
       -18.1410565
      ],
      [
       49.431466,
       -18.1404006
      ],
      [
       49.4309911,
       -18.1397586
      ],
      [
       49.4304951,
       -18.139131
      ],
      [
       49.4299787,
       -18.1385185
      ],
      [
       49.4294422,
       -18.1379218
      ],
      [
       49.4288863,
       -18.1373414
      ],
      [
       49.4283115,
       -18.1367778
      ],
      [
       49.4277184,
       -18.1362317
      ],
      [
       49.4271075,
       -18.1357035
      ],
      [
       49.4264795,
       -18.1351939
      ],
      [
       49.4258349,
       -18.1347032
      ],
      [
       49.4251744,
       -18.1342321
      ],
      [
       49.4244987,
       -18.1337808
      ],
      [
       49.4238084,
       -18.13335
      ],
      [
       49.4231043,
       -18.13294
      ],
      [
       49.4223869,
       -18.1325512
      ],
      [
       49.421657,
       -18.132184
      ],
      [
       49.4209153,
       -18.1318387
      ],
      [
       49.4201626,
       -18.1315158
      ],
      [
       49.4193996,
       -18.1312155
      ],
      [
       49.4186271,
       -18.1309381
      ],
      [
       49.4178458,
       -18.1306839
      ],
      [
       49.4170564,
       -18.1304532
      ],
      [
       49.4162599,
       -18.1302461
      ],
      [
       49.4154568,
       -18.1300629
      ],
      [
       49.4146481,
       -18.1299038
      ],
      [
       49.4138346,
       -18.1297689
      ],
      [
       49.413017,
       -18.1296583
      ],
      [
       49.4121962,
       -18.1295722
      ],
      [
       49.4113729,
       -18.1295106
      ],
      [
       49.410548,
       -18.1294737
      ],
      [
       49.4097222,
       -18.1294613
      ]
     ]
    ]
   }
  },
  {
   "type": "Feature",
   "properties": {
    "ll": {
     "value": 0,
     "unit": 1,
     "referenceDatum": 0
    },
    "ul": {
     "value": 10000,
     "unit": 1,
     "referenceDatum": 0
    },
    "_id": "62cfcd499f7e2ede51a82705",
    "name": "FM-R44 TOLIARA",
    "type": 1,
    "icao": 7,
    "bnd": [
     [
      -23.3799831,
      43.6452872
     ],
     [
      -23.3300169,
      43.6997128
     ]
    ]
   },
   "geometry": {
    "type": "Polygon",
    "coordinates": [
     [
      [
       43.6725,
       -23.3300169
      ],
      [
       43.6716454,
       -23.3300292
      ],
      [
       43.6707916,
       -23.3300662
      ],
      [
       43.6699395,
       -23.3301277
      ],
      [
       43.66909,
       -23.3302138
      ],
      [
       43.6682438,
       -23.3303244
      ],
      [
       43.6674018,
       -23.3304593
      ],
      [
       43.6665648,
       -23.3306184
      ],
      [
       43.6657337,
       -23.3308016
      ],
      [
       43.6649093,
       -23.3310087
      ],
      [
       43.6640923,
       -23.3312394
      ],
      [
       43.6632836,
       -23.3314936
      ],
      [
       43.6624841,
       -23.331771
      ],
      [
       43.6616944,
       -23.3320713
      ],
      [
       43.6609153,
       -23.3323942
      ],
      [
       43.6601477,
       -23.3327394
      ],
      [
       43.6593923,
       -23.3331066
      ],
      [
       43.6586498,
       -23.3334954
      ],
      [
       43.657921,
       -23.3339054
      ],
      [
       43.6572065,
       -23.3343362
      ],
      [
       43.6565072,
       -23.3347874
      ],
      [
       43.6558236,
       -23.3352586
      ],
      [
       43.6551564,
       -23.3357492
      ],
      [
       43.6545064,
       -23.3362589
      ],
      [
       43.6538741,
       -23.336787
      ],
      [
       43.6532602,
       -23.3373331
      ],
      [
       43.6526653,
       -23.3378966
      ],
      [
       43.6520899,
       -23.338477
      ],
      [
       43.6515347,
       -23.3390738
      ],
      [
       43.6510002,
       -23.3396862
      ],
      [
       43.6504868,
       -23.3403138
      ],
      [
       43.6499952,
       -23.3409558
      ],
      [
       43.6495258,
       -23.3416117
      ],
      [
       43.6490791,
       -23.3422808
      ],
      [
       43.6486554,
       -23.3429625
      ],
      [
       43.6482553,
       -23.343656
      ],
      [
       43.6478791,
       -23.3443608
      ],
      [
       43.6475272,
       -23.345076
      ],
      [
       43.6472,
       -23.3458011
      ],
      [
       43.6468977,
       -23.3465352
      ],
      [
       43.6466206,
       -23.3472777
      ],
      [
       43.6463691,
       -23.3480278
      ],
      [
       43.6461434,
       -23.3487847
      ],
      [
       43.6459437,
       -23.3495479
      ],
      [
       43.6457702,
       -23.3503164
      ],
      [
       43.6456231,
       -23.3510895
      ],
      [
       43.6455025,
       -23.3518665
      ],
      [
       43.6454085,
       -23.3526465
      ],
      [
       43.6453413,
       -23.353429
      ],
      [
       43.6453008,
       -23.3542129
      ],
      [
       43.6452872,
       -23.3549976
      ],
      [
       43.6453005,
       -23.3557824
      ],
      [
       43.6453406,
       -23.3565664
      ],
      [
       43.6454075,
       -23.3573488
      ],
      [
       43.6455012,
       -23.3581289
      ],
      [
       43.6456215,
       -23.3589059
      ],
      [
       43.6457683,
       -23.3596791
      ],
      [
       43.6459415,
       -23.3604477
      ],
      [
       43.6461409,
       -23.3612108
      ],
      [
       43.6463664,
       -23.3619679
      ],
      [
       43.6466176,
       -23.3627181
      ],
      [
       43.6468944,
       -23.3634606
      ],
      [
       43.6471965,
       -23.3641949
      ],
      [
       43.6475235,
       -23.36492
      ],
      [
       43.6478752,
       -23.3656354
      ],
      [
       43.6482512,
       -23.3663402
      ],
      [
       43.6486511,
       -23.3670339
      ],
      [
       43.6490746,
       -23.3677157
      ],
      [
       43.6495212,
       -23.3683849
      ],
      [
       43.6499905,
       -23.369041
      ],
      [
       43.650482,
       -23.3696832
      ],
      [
       43.6509952,
       -23.3703109
      ],
      [
       43.6515297,
       -23.3709234
      ],
      [
       43.6520849,
       -23.3715203
      ],
      [
       43.6526602,
       -23.3721009
      ],
      [
       43.6532551,
       -23.3726646
      ],
      [
       43.653869,
       -23.3732108
      ],
      [
       43.6545013,
       -23.3737391
      ],
      [
       43.6551514,
       -23.3742489
      ],
      [
       43.6558186,
       -23.3747397
      ],
      [
       43.6565023,
       -23.375211
      ],
      [
       43.6572018,
       -23.3756623
      ],
      [
       43.6579164,
       -23.3760933
      ],
      [
       43.6586453,
       -23.3765034
      ],
      [
       43.659388,
       -23.3768923
      ],
      [
       43.6601436,
       -23.3772596
      ],
      [
       43.6609114,
       -23.377605
      ],
      [
       43.6616906,
       -23.377928
      ],
      [
       43.6624806,
       -23.3782284
      ],
      [
       43.6632804,
       -23.3785059
      ],
      [
       43.6640893,
       -23.3787601
      ],
      [
       43.6649065,
       -23.3789909
      ],
      [
       43.6657312,
       -23.3791981
      ],
      [
       43.6665626,
       -23.3793813
      ],
      [
       43.6673999,
       -23.3795405
      ],
      [
       43.6682422,
       -23.3796755
      ],
      [
       43.6690887,
       -23.3797861
      ],
      [
       43.6699386,
       -23.3798722
      ],
      [
       43.670791,
       -23.3799338
      ],
      [
       43.6716451,
       -23.3799708
      ],
      [
       43.6725,
       -23.3799831
      ],
      [
       43.6733549,
       -23.3799708
      ],
      [
       43.674209,
       -23.3799338
      ],
      [
       43.6750614,
       -23.3798722
      ],
      [
       43.6759113,
       -23.3797861
      ],
      [
       43.6767578,
       -23.3796755
      ],
      [
       43.6776001,
       -23.3795405
      ],
      [
       43.6784374,
       -23.3793813
      ],
      [
       43.6792688,
       -23.3791981
      ],
      [
       43.6800935,
       -23.3789909
      ],
      [
       43.6809107,
       -23.3787601
      ],
      [
       43.6817196,
       -23.3785059
      ],
      [
       43.6825194,
       -23.3782284
      ],
      [
       43.6833094,
       -23.377928
      ],
      [
       43.6840886,
       -23.377605
      ],
      [
       43.6848564,
       -23.3772596
      ],
      [
       43.685612,
       -23.3768923
      ],
      [
       43.6863547,
       -23.3765034
      ],
      [
       43.6870836,
       -23.3760933
      ],
      [
       43.6877982,
       -23.3756623
      ],
      [
       43.6884977,
       -23.375211
      ],
      [
       43.6891814,
       -23.3747397
      ],
      [
       43.6898486,
       -23.3742489
      ],
      [
       43.6904987,
       -23.3737391
      ],
      [
       43.691131,
       -23.3732108
      ],
      [
       43.6917449,
       -23.3726646
      ],
      [
       43.6923398,
       -23.3721009
      ],
      [
       43.6929151,
       -23.3715203
      ],
      [
       43.6934703,
       -23.3709234
      ],
      [
       43.6940048,
       -23.3703109
      ],
      [
       43.694518,
       -23.3696832
      ],
      [
       43.6950095,
       -23.369041
      ],
      [
       43.6954788,
       -23.3683849
      ],
      [
       43.6959254,
       -23.3677157
      ],
      [
       43.6963489,
       -23.3670339
      ],
      [
       43.6967488,
       -23.3663402
      ],
      [
       43.6971248,
       -23.3656354
      ],
      [
       43.6974765,
       -23.36492
      ],
      [
       43.6978035,
       -23.3641949
      ],
      [
       43.6981056,
       -23.3634606
      ],
      [
       43.6983824,
       -23.3627181
      ],
      [
       43.6986336,
       -23.3619679
      ],
      [
       43.6988591,
       -23.3612108
      ],
      [
       43.6990585,
       -23.3604477
      ],
      [
       43.6992317,
       -23.3596791
      ],
      [
       43.6993785,
       -23.3589059
      ],
      [
       43.6994988,
       -23.3581289
      ],
      [
       43.6995925,
       -23.3573488
      ],
      [
       43.6996594,
       -23.3565664
      ],
      [
       43.6996995,
       -23.3557824
      ],
      [
       43.6997128,
       -23.3549976
      ],
      [
       43.6996992,
       -23.3542129
      ],
      [
       43.6996587,
       -23.353429
      ],
      [
       43.6995915,
       -23.3526465
      ],
      [
       43.6994975,
       -23.3518665
      ],
      [
       43.6993769,
       -23.3510895
      ],
      [
       43.6992298,
       -23.3503164
      ],
      [
       43.6990563,
       -23.3495479
      ],
      [
       43.6988566,
       -23.3487847
      ],
      [
       43.6986309,
       -23.3480278
      ],
      [
       43.6983794,
       -23.3472777
      ],
      [
       43.6981023,
       -23.3465352
      ],
      [
       43.6978,
       -23.3458011
      ],
      [
       43.6974728,
       -23.345076
      ],
      [
       43.6971209,
       -23.3443608
      ],
      [
       43.6967447,
       -23.343656
      ],
      [
       43.6963446,
       -23.3429625
      ],
      [
       43.6959209,
       -23.3422808
      ],
      [
       43.6954742,
       -23.3416117
      ],
      [
       43.6950048,
       -23.3409558
      ],
      [
       43.6945132,
       -23.3403138
      ],
      [
       43.6939998,
       -23.3396862
      ],
      [
       43.6934653,
       -23.3390738
      ],
      [
       43.6929101,
       -23.338477
      ],
      [
       43.6923347,
       -23.3378966
      ],
      [
       43.6917398,
       -23.3373331
      ],
      [
       43.6911259,
       -23.336787
      ],
      [
       43.6904936,
       -23.3362589
      ],
      [
       43.6898436,
       -23.3357492
      ],
      [
       43.6891764,
       -23.3352586
      ],
      [
       43.6884928,
       -23.3347874
      ],
      [
       43.6877935,
       -23.3343362
      ],
      [
       43.687079,
       -23.3339054
      ],
      [
       43.6863502,
       -23.3334954
      ],
      [
       43.6856077,
       -23.3331066
      ],
      [
       43.6848523,
       -23.3327394
      ],
      [
       43.6840847,
       -23.3323942
      ],
      [
       43.6833056,
       -23.3320713
      ],
      [
       43.6825159,
       -23.331771
      ],
      [
       43.6817164,
       -23.3314936
      ],
      [
       43.6809077,
       -23.3312394
      ],
      [
       43.6800907,
       -23.3310087
      ],
      [
       43.6792663,
       -23.3308016
      ],
      [
       43.6784352,
       -23.3306184
      ],
      [
       43.6775982,
       -23.3304593
      ],
      [
       43.6767562,
       -23.3303244
      ],
      [
       43.67591,
       -23.3302138
      ],
      [
       43.6750605,
       -23.3301277
      ],
      [
       43.6742084,
       -23.3300662
      ],
      [
       43.6733546,
       -23.3300292
      ],
      [
       43.6725,
       -23.3300169
      ]
     ]
    ]
   }
  },
  {
   "type": "Feature",
   "properties": {
    "ll": {
     "value": 0,
     "unit": 1,
     "referenceDatum": 0
    },
    "ul": {
     "value": 2000,
     "unit": 1,
     "referenceDatum": 0
    },
    "_id": "62cfcd4b9f7e2ede51a8275e",
    "name": "MANANJARY FIZ",
    "type": 6,
    "icao": 7,
    "bnd": [
     [
      -21.540886,
      47.9996381
     ],
     [
      -20.8746695,
      48.7142508
     ]
    ]
   },
   "geometry": {
    "type": "Polygon",
    "coordinates": [
     [
      [
       48.3569444,
       -20.8746695
      ],
      [
       48.3457463,
       -20.8748335
      ],
      [
       48.3345591,
       -20.8753254
      ],
      [
       48.3233939,
       -20.8761446
      ],
      [
       48.3122615,
       -20.8772903
      ],
      [
       48.301173,
       -20.8787615
      ],
      [
       48.2901391,
       -20.8805567
      ],
      [
       48.2791707,
       -20.8826741
      ],
      [
       48.2682786,
       -20.8851116
      ],
      [
       48.2574734,
       -20.887867
      ],
      [
       48.2467658,
       -20.8909374
      ],
      [
       48.2361662,
       -20.8943198
      ],
      [
       48.225685,
       -20.898011
      ],
      [
       48.2153326,
       -20.9020073
      ],
      [
       48.2051191,
       -20.9063047
      ],
      [
       48.1950545,
       -20.9108992
      ],
      [
       48.1851487,
       -20.9157861
      ],
      [
       48.1754115,
       -20.9209607
      ],
      [
       48.1658523,
       -20.9264179
      ],
      [
       48.1564807,
       -20.9321524
      ],
      [
       48.1473059,
       -20.9381585
      ],
      [
       48.1383368,
       -20.9444303
      ],
      [
       48.1295822,
       -20.9509616
      ],
      [
       48.121051,
       -20.9577462
      ],
      [
       48.1127513,
       -20.9647772
      ],
      [
       48.1046914,
       -20.9720478
      ],
      [
       48.0968793,
       -20.9795508
      ],
      [
       48.0893227,
       -20.9872789
      ],
      [
       48.082029,
       -20.9952245
      ],
      [
       48.0750055,
       -21.0033798
      ],
      [
       48.068259,
       -21.0117368
      ],
      [
       48.0617963,
       -21.0202872
      ],
      [
       48.0556238,
       -21.0290226
      ],
      [
       48.0497476,
       -21.0379345
      ],
      [
       48.0441735,
       -21.0470141
      ],
      [
       48.038907,
       -21.0562525
      ],
      [
       48.0339534,
       -21.0656405
      ],
      [
       48.0293177,
       -21.075169
      ],
      [
       48.0250045,
       -21.0848285
      ],
      [
       48.0210179,
       -21.0946096
      ],
      [
       48.0173622,
       -21.1045026
      ],
      [
       48.0140409,
       -21.1144977
      ],
      [
       48.0110573,
       -21.1245853
      ],
      [
       48.0084145,
       -21.1347552
      ],
      [
       48.0061151,
       -21.1449975
      ],
      [
       48.0041615,
       -21.155302
      ],
      [
       48.0025557,
       -21.1656587
      ],
      [
       48.0012993,
       -21.1760574
      ],
      [
       48.0003936,
       -21.1864877
      ],
      [
       47.9998397,
       -21.1969393
      ],
      [
       47.9996381,
       -21.207402
      ],
      [
       47.9997891,
       -21.2178655
      ],
      [
       48.0002926,
       -21.2283194
      ],
      [
       48.0011482,
       -21.2387534
      ],
      [
       48.0023552,
       -21.2491571
      ],
      [
       48.0039124,
       -21.2595204
      ],
      [
       48.0058184,
       -21.269833
      ],
      [
       48.0080713,
       -21.2800847
      ],
      [
       48.010669,
       -21.2902653
      ],
      [
       48.013609,
       -21.3003648
      ],
      [
       48.0168884,
       -21.3103733
      ],
      [
       48.0205041,
       -21.3202807
      ],
      [
       48.0244527,
       -21.3300774
      ],
      [
       48.0287301,
       -21.3397536
      ],
      [
       48.0333324,
       -21.3492998
      ],
      [
       48.0382549,
       -21.3587065
      ],
      [
       48.0434929,
       -21.3679644
      ],
      [
       48.0490412,
       -21.3770643
      ],
      [
       48.0548945,
       -21.3859972
      ],
      [
       48.0610469,
       -21.3947543
      ],
      [
       48.0674924,
       -21.4033269
      ],
      [
       48.0742247,
       -21.4117065
      ],
      [
       48.0812372,
       -21.4198849
      ],
      [
       48.088523,
       -21.4278538
      ],
      [
       48.0960749,
       -21.4356054
      ],
      [
       48.1038854,
       -21.4431321
      ],
      [
       48.1119468,
       -21.4504262
      ],
      [
       48.1202512,
       -21.4574808
      ],
      [
       48.1287904,
       -21.4642886
      ],
      [
       48.137556,
       -21.470843
      ],
      [
       48.1465392,
       -21.4771374
      ],
      [
       48.1557313,
       -21.4831657
      ],
      [
       48.165123,
       -21.4889218
      ],
      [
       48.1747051,
       -21.4944001
      ],
      [
       48.1844681,
       -21.499595
      ],
      [
       48.1944024,
       -21.5045015
      ],
      [
       48.204498,
       -21.5091146
      ],
      [
       48.214745,
       -21.5134298
      ],
      [
       48.2251332,
       -21.5174427
      ],
      [
       48.2356524,
       -21.5211495
      ],
      [
       48.246292,
       -21.5245464
      ],
      [
       48.2570415,
       -21.5276301
      ],
      [
       48.2678903,
       -21.5303974
      ],
      [
       48.2788275,
       -21.5328457
      ],
      [
       48.2898424,
       -21.5349725
      ],
      [
       48.3009239,
       -21.5367757
      ],
      [
       48.3120611,
       -21.5382534
      ],
      [
       48.3232428,
       -21.5394043
      ],
      [
       48.3344581,
       -21.5402272
      ],
      [
       48.3456957,
       -21.5407213
      ],
      [
       48.3569444,
       -21.540886
      ],
      [
       48.3681932,
       -21.5407213
      ],
      [
       48.3794308,
       -21.5402272
      ],
      [
       48.3906461,
       -21.5394043
      ],
      [
       48.4018278,
       -21.5382534
      ],
      [
       48.412965,
       -21.5367757
      ],
      [
       48.4240465,
       -21.5349725
      ],
      [
       48.4350614,
       -21.5328457
      ],
      [
       48.4459986,
       -21.5303974
      ],
      [
       48.4568474,
       -21.5276301
      ],
      [
       48.4675969,
       -21.5245464
      ],
      [
       48.4782365,
       -21.5211495
      ],
      [
       48.4887556,
       -21.5174427
      ],
      [
       48.4991439,
       -21.5134298
      ],
      [
       48.5093909,
       -21.5091146
      ],
      [
       48.5194865,
       -21.5045015
      ],
      [
       48.5294208,
       -21.499595
      ],
      [
       48.5391838,
       -21.4944001
      ],
      [
       48.5487659,
       -21.4889218
      ],
      [
       48.5581576,
       -21.4831657
      ],
      [
       48.5673497,
       -21.4771374
      ],
      [
       48.5763329,
       -21.470843
      ],
      [
       48.5850984,
       -21.4642886
      ],
      [
       48.5936377,
       -21.4574808
      ],
      [
       48.6019421,
       -21.4504262
      ],
      [
       48.6100035,
       -21.4431321
      ],
      [
       48.617814,
       -21.4356054
      ],
      [
       48.6253659,
       -21.4278538
      ],
      [
       48.6326517,
       -21.4198849
      ],
      [
       48.6396642,
       -21.4117065
      ],
      [
       48.6463965,
       -21.4033269
      ],
      [
       48.652842,
       -21.3947543
      ],
      [
       48.6589944,
       -21.3859972
      ],
      [
       48.6648477,
       -21.3770643
      ],
      [
       48.670396,
       -21.3679644
      ],
      [
       48.675634,
       -21.3587065
      ],
      [
       48.6805565,
       -21.3492998
      ],
      [
       48.6851588,
       -21.3397536
      ],
      [
       48.6894362,
       -21.3300774
      ],
      [
       48.6933847,
       -21.3202807
      ],
      [
       48.6970005,
       -21.3103733
      ],
      [
       48.7002799,
       -21.3003648
      ],
      [
       48.7032199,
       -21.2902653
      ],
      [
       48.7058176,
       -21.2800847
      ],
      [
       48.7080705,
       -21.269833
      ],
      [
       48.7099765,
       -21.2595204
      ],
      [
       48.7115337,
       -21.2491571
      ],
      [
       48.7127407,
       -21.2387534
      ],
      [
       48.7135963,
       -21.2283194
      ],
      [
       48.7140998,
       -21.2178655
      ],
      [
       48.7142508,
       -21.207402
      ],
      [
       48.7140492,
       -21.1969393
      ],
      [
       48.7134953,
       -21.1864877
      ],
      [
       48.7125896,
       -21.1760574
      ],
      [
       48.7113332,
       -21.1656587
      ],
      [
       48.7097274,
       -21.155302
      ],
      [
       48.7077738,
       -21.1449975
      ],
      [
       48.7054744,
       -21.1347552
      ],
      [
       48.7028316,
       -21.1245853
      ],
      [
       48.699848,
       -21.1144977
      ],
      [
       48.6965267,
       -21.1045026
      ],
      [
       48.6928709,
       -21.0946096
      ],
      [
       48.6888844,
       -21.0848285
      ],
      [
       48.6845712,
       -21.075169
      ],
      [
       48.6799354,
       -21.0656405
      ],
      [
       48.6749819,
       -21.0562525
      ],
      [
       48.6697154,
       -21.0470141
      ],
      [
       48.6641413,
       -21.0379345
      ],
      [
       48.6582651,
       -21.0290226
      ],
      [
       48.6520926,
       -21.0202872
      ],
      [
       48.6456299,
       -21.0117368
      ],
      [
       48.6388834,
       -21.0033798
      ],
      [
       48.6318599,
       -20.9952245
      ],
      [
       48.6245662,
       -20.9872789
      ],
      [
       48.6170095,
       -20.9795508
      ],
      [
       48.6091975,
       -20.9720478
      ],
      [
       48.6011376,
       -20.9647772
      ],
      [
       48.5928379,
       -20.9577462
      ],
      [
       48.5843066,
       -20.9509616
      ],
      [
       48.5755521,
       -20.9444303
      ],
      [
       48.566583,
       -20.9381585
      ],
      [
       48.5574082,
       -20.9321524
      ],
      [
       48.5480366,
       -20.9264179
      ],
      [
       48.5384774,
       -20.9209607
      ],
      [
       48.5287402,
       -20.9157861
      ],
      [
       48.5188344,
       -20.9108992
      ],
      [
       48.5087698,
       -20.9063047
      ],
      [
       48.4985563,
       -20.9020073
      ],
      [
       48.4882038,
       -20.898011
      ],
      [
       48.4777227,
       -20.8943198
      ],
      [
       48.4671231,
       -20.8909374
      ],
      [
       48.4564154,
       -20.887867
      ],
      [
       48.4456103,
       -20.8851116
      ],
      [
       48.4347181,
       -20.8826741
      ],
      [
       48.4237498,
       -20.8805567
      ],
      [
       48.4127159,
       -20.8787615
      ],
      [
       48.4016274,
       -20.8772903
      ],
      [
       48.390495,
       -20.8761446
      ],
      [
       48.3793298,
       -20.8753254
      ],
      [
       48.3681426,
       -20.8748335
      ],
      [
       48.3569444,
       -20.8746695
      ]
     ]
    ]
   }
  },
  {
   "type": "Feature",
   "properties": {
    "ll": {
     "value": 0,
     "unit": 1,
     "referenceDatum": 0
    },
    "ul": {
     "value": 2000,
     "unit": 1,
     "referenceDatum": 0
    },
    "_id": "62cfcd4a9f7e2ede51a82740",
    "name": "MORONDAVA FIZ",
    "type": 6,
    "icao": 7,
    "bnd": [
     [
      -20.6206083,
      43.9620833
     ],
     [
      -19.9543917,
      44.6723612
     ]
    ]
   },
   "geometry": {
    "type": "Polygon",
    "coordinates": [
     [
      [
       44.3172222,
       -19.9543917
      ],
      [
       44.3060908,
       -19.9545558
      ],
      [
       44.2949703,
       -19.9550476
      ],
      [
       44.2838716,
       -19.9558669
      ],
      [
       44.2728057,
       -19.9570128
      ],
      [
       44.2617832,
       -19.9584842
      ],
      [
       44.2508152,
       -19.9602795
      ],
      [
       44.2399123,
       -19.9623972
      ],
      [
       44.2290852,
       -19.964835
      ],
      [
       44.2183445,
       -19.9675906
      ],
      [
       44.2077008,
       -19.9706613
      ],
      [
       44.1971646,
       -19.9740441
      ],
      [
       44.1867461,
       -19.9777356
      ],
      [
       44.1764557,
       -19.9817323
      ],
      [
       44.1663033,
       -19.9860302
      ],
      [
       44.156299,
       -19.9906251
      ],
      [
       44.1464527,
       -19.9955125
      ],
      [
       44.1367739,
       -20.0006876
      ],
      [
       44.1272722,
       -20.0061453
      ],
      [
       44.117957,
       -20.0118802
      ],
      [
       44.1088374,
       -20.0178868
      ],
      [
       44.0999223,
       -20.0241592
      ],
      [
       44.0912207,
       -20.0306911
      ],
      [
       44.0827409,
       -20.0374761
      ],
      [
       44.0744915,
       -20.0445077
      ],
      [
       44.0664805,
       -20.0517788
      ],
      [
       44.0587158,
       -20.0592824
      ],
      [
       44.0512052,
       -20.0670111
      ],
      [
       44.0439559,
       -20.0749573
      ],
      [
       44.0369752,
       -20.0831131
      ],
      [
       44.03027,
       -20.0914706
      ],
      [
       44.0238469,
       -20.1000215
      ],
      [
       44.0177123,
       -20.1087575
      ],
      [
       44.0118723,
       -20.1176699
      ],
      [
       44.0063326,
       -20.12675
      ],
      [
       44.0010987,
       -20.1359888
      ],
      [
       43.9961759,
       -20.1453773
      ],
      [
       43.9915691,
       -20.1549061
      ],
      [
       43.9872828,
       -20.1645661
      ],
      [
       43.9833214,
       -20.1743475
      ],
      [
       43.9796888,
       -20.1842409
      ],
      [
       43.9763886,
       -20.1942363
      ],
      [
       43.9734241,
       -20.2043241
      ],
      [
       43.9707984,
       -20.2144943
      ],
      [
       43.968514,
       -20.2247368
      ],
      [
       43.9665734,
       -20.2350416
      ],
      [
       43.9649785,
       -20.2453985
      ],
      [
       43.9637309,
       -20.2557972
      ],
      [
       43.9628319,
       -20.2662276
      ],
      [
       43.9622825,
       -20.2766793
      ],
      [
       43.9620833,
       -20.287142
      ],
      [
       43.9622346,
       -20.2976055
      ],
      [
       43.9627362,
       -20.3080593
      ],
      [
       43.9635878,
       -20.3184932
      ],
      [
       43.9647887,
       -20.3288969
      ],
      [
       43.9663376,
       -20.33926
      ],
      [
       43.9682331,
       -20.3495724
      ],
      [
       43.9704734,
       -20.3598238
      ],
      [
       43.9730564,
       -20.3700042
      ],
      [
       43.9759796,
       -20.3801035
      ],
      [
       43.9792402,
       -20.3901116
      ],
      [
       43.9828349,
       -20.4000187
      ],
      [
       43.9867604,
       -20.409815
      ],
      [
       43.9910127,
       -20.4194909
      ],
      [
       43.9955878,
       -20.4290366
      ],
      [
       44.0004812,
       -20.4384429
      ],
      [
       44.0056881,
       -20.4477003
      ],
      [
       44.0112034,
       -20.4567997
      ],
      [
       44.0170217,
       -20.4657321
      ],
      [
       44.0231373,
       -20.4744887
      ],
      [
       44.0295441,
       -20.4830608
      ],
      [
       44.0362359,
       -20.4914399
      ],
      [
       44.0432062,
       -20.4996177
      ],
      [
       44.0504479,
       -20.5075861
      ],
      [
       44.0579541,
       -20.5153371
      ],
      [
       44.0657173,
       -20.5228632
      ],
      [
       44.0737298,
       -20.5301568
      ],
      [
       44.0819837,
       -20.5372108
      ],
      [
       44.0904709,
       -20.5440181
      ],
      [
       44.0991831,
       -20.5505719
      ],
      [
       44.1081115,
       -20.5568658
      ],
      [
       44.1172473,
       -20.5628936
      ],
      [
       44.1265816,
       -20.5686492
      ],
      [
       44.136105,
       -20.5741269
      ],
      [
       44.1458082,
       -20.5793214
      ],
      [
       44.1556815,
       -20.5842274
      ],
      [
       44.1657152,
       -20.58884
      ],
      [
       44.1758993,
       -20.5931548
      ],
      [
       44.1862236,
       -20.5971674
      ],
      [
       44.1966781,
       -20.6008738
      ],
      [
       44.2072522,
       -20.6042704
      ],
      [
       44.2179355,
       -20.6073537
      ],
      [
       44.2287175,
       -20.6101208
      ],
      [
       44.2395873,
       -20.6125688
      ],
      [
       44.2505342,
       -20.6146953
      ],
      [
       44.2615474,
       -20.6164983
      ],
      [
       44.2726158,
       -20.6179759
      ],
      [
       44.2837286,
       -20.6191267
      ],
      [
       44.2948746,
       -20.6199495
      ],
      [
       44.3060429,
       -20.6204435
      ],
      [
       44.3172222,
       -20.6206083
      ],
      [
       44.3284016,
       -20.6204435
      ],
      [
       44.3395698,
       -20.6199495
      ],
      [
       44.3507158,
       -20.6191267
      ],
      [
       44.3618286,
       -20.6179759
      ],
      [
       44.3728971,
       -20.6164983
      ],
      [
       44.3839102,
       -20.6146953
      ],
      [
       44.3948572,
       -20.6125688
      ],
      [
       44.405727,
       -20.6101208
      ],
      [
       44.4165089,
       -20.6073537
      ],
      [
       44.4271922,
       -20.6042704
      ],
      [
       44.4377664,
       -20.6008738
      ],
      [
       44.4482208,
       -20.5971674
      ],
      [
       44.4585452,
       -20.5931548
      ],
      [
       44.4687292,
       -20.58884
      ],
      [
       44.4787629,
       -20.5842274
      ],
      [
       44.4886362,
       -20.5793214
      ],
      [
       44.4983394,
       -20.5741269
      ],
      [
       44.5078629,
       -20.5686492
      ],
      [
       44.5171971,
       -20.5628936
      ],
      [
       44.526333,
       -20.5568658
      ],
      [
       44.5352614,
       -20.5505719
      ],
      [
       44.5439735,
       -20.5440181
      ],
      [
       44.5524607,
       -20.5372108
      ],
      [
       44.5607147,
       -20.5301568
      ],
      [
       44.5687272,
       -20.5228632
      ],
      [
       44.5764904,
       -20.5153371
      ],
      [
       44.5839965,
       -20.5075861
      ],
      [
       44.5912383,
       -20.4996177
      ],
      [
       44.5982085,
       -20.4914399
      ],
      [
       44.6049003,
       -20.4830608
      ],
      [
       44.6113072,
       -20.4744887
      ],
      [
       44.6174227,
       -20.4657321
      ],
      [
       44.623241,
       -20.4567997
      ],
      [
       44.6287563,
       -20.4477003
      ],
      [
       44.6339632,
       -20.4384429
      ],
      [
       44.6388566,
       -20.4290366
      ],
      [
       44.6434317,
       -20.4194909
      ],
      [
       44.6476841,
       -20.409815
      ],
      [
       44.6516095,
       -20.4000187
      ],
      [
       44.6552043,
       -20.3901116
      ],
      [
       44.6584648,
       -20.3801035
      ],
      [
       44.661388,
       -20.3700042
      ],
      [
       44.663971,
       -20.3598238
      ],
      [
       44.6662114,
       -20.3495724
      ],
      [
       44.6681069,
       -20.33926
      ],
      [
       44.6696558,
       -20.3288969
      ],
      [
       44.6708566,
       -20.3184932
      ],
      [
       44.6717082,
       -20.3080593
      ],
      [
       44.6722099,
       -20.2976055
      ],
      [
       44.6723612,
       -20.287142
      ],
      [
       44.672162,
       -20.2766793
      ],
      [
       44.6716126,
       -20.2662276
      ],
      [
       44.6707136,
       -20.2557972
      ],
      [
       44.669466,
       -20.2453985
      ],
      [
       44.667871,
       -20.2350416
      ],
      [
       44.6659304,
       -20.2247368
      ],
      [
       44.6636461,
       -20.2144943
      ],
      [
       44.6610203,
       -20.2043241
      ],
      [
       44.6580559,
       -20.1942363
      ],
      [
       44.6547557,
       -20.1842409
      ],
      [
       44.651123,
       -20.1743475
      ],
      [
       44.6471616,
       -20.1645661
      ],
      [
       44.6428753,
       -20.1549061
      ],
      [
       44.6382685,
       -20.1453773
      ],
      [
       44.6333457,
       -20.1359888
      ],
      [
       44.6281119,
       -20.12675
      ],
      [
       44.6225722,
       -20.1176699
      ],
      [
       44.6167321,
       -20.1087575
      ],
      [
       44.6105975,
       -20.1000215
      ],
      [
       44.6041744,
       -20.0914706
      ],
      [
       44.5974692,
       -20.0831131
      ],
      [
       44.5904885,
       -20.0749573
      ],
      [
       44.5832393,
       -20.0670111
      ],
      [
       44.5757286,
       -20.0592824
      ],
      [
       44.5679639,
       -20.0517788
      ],
      [
       44.5599529,
       -20.0445077
      ],
      [
       44.5517035,
       -20.0374761
      ],
      [
       44.5432238,
       -20.0306911
      ],
      [
       44.5345221,
       -20.0241592
      ],
      [
       44.5256071,
       -20.0178868
      ],
      [
       44.5164875,
       -20.0118802
      ],
      [
       44.5071722,
       -20.0061453
      ],
      [
       44.4976706,
       -20.0006876
      ],
      [
       44.4879918,
       -19.9955125
      ],
      [
       44.4781454,
       -19.9906251
      ],
      [
       44.4681411,
       -19.9860302
      ],
      [
       44.4579888,
       -19.9817323
      ],
      [
       44.4476983,
       -19.9777356
      ],
      [
       44.4372798,
       -19.9740441
      ],
      [
       44.4267436,
       -19.9706613
      ],
      [
       44.4160999,
       -19.9675906
      ],
      [
       44.4053593,
       -19.964835
      ],
      [
       44.3945322,
       -19.9623972
      ],
      [
       44.3836293,
       -19.9602795
      ],
      [
       44.3726612,
       -19.9584842
      ],
      [
       44.3616388,
       -19.9570128
      ],
      [
       44.3505728,
       -19.9558669
      ],
      [
       44.3394741,
       -19.9550476
      ],
      [
       44.3283536,
       -19.9545558
      ],
      [
       44.3172222,
       -19.9543917
      ]
     ]
    ]
   }
  },
  {
   "type": "Feature",
   "properties": {
    "ll": {
     "value": 0,
     "unit": 1,
     "referenceDatum": 0
    },
    "ul": {
     "value": 2000,
     "unit": 1,
     "referenceDatum": 0
    },
    "_id": "62cfcd4a9f7e2ede51a82737",
    "name": "SAINTE-MARIE FIZ",
    "type": 6,
    "icao": 7,
    "bnd": [
     [
      -17.4242194,
      49.4662242
     ],
     [
      -16.7580028,
      50.1632203
     ]
    ]
   },
   "geometry": {
    "type": "Polygon",
    "coordinates": [
     [
      [
       49.8147222,
       -16.7580028
      ],
      [
       49.803795,
       -16.7581669
      ],
      [
       49.7928785,
       -16.758659
      ],
      [
       49.7819835,
       -16.7594786
      ],
      [
       49.7711206,
       -16.7606249
      ],
      [
       49.7603005,
       -16.7620967
      ],
      [
       49.7495339,
       -16.7638927
      ],
      [
       49.7388312,
       -16.7660111
      ],
      [
       49.7282031,
       -16.7684498
      ],
      [
       49.7176599,
       -16.7712064
      ],
      [
       49.707212,
       -16.7742781
      ],
      [
       49.6968696,
       -16.777662
      ],
      [
       49.686643,
       -16.7813548
      ],
      [
       49.6765422,
       -16.7853529
      ],
      [
       49.6665771,
       -16.7896522
      ],
      [
       49.6567575,
       -16.7942486
      ],
      [
       49.647093,
       -16.7991375
      ],
      [
       49.6375932,
       -16.8043142
      ],
      [
       49.6282674,
       -16.8097736
      ],
      [
       49.6191248,
       -16.8155103
      ],
      [
       49.6101744,
       -16.8215187
      ],
      [
       49.6014249,
       -16.8277928
      ],
      [
       49.5928851,
       -16.8343266
      ],
      [
       49.5845633,
       -16.8411135
      ],
      [
       49.5764678,
       -16.8481469
      ],
      [
       49.5686065,
       -16.85542
      ],
      [
       49.5609871,
       -16.8629255
      ],
      [
       49.5536172,
       -16.870656
      ],
      [
       49.5465041,
       -16.8786041
      ],
      [
       49.5396548,
       -16.8867617
      ],
      [
       49.5330761,
       -16.895121
      ],
      [
       49.5267744,
       -16.9036738
      ],
      [
       49.5207561,
       -16.9124114
      ],
      [
       49.515027,
       -16.9213255
      ],
      [
       49.5095929,
       -16.9304072
      ],
      [
       49.5044592,
       -16.9396476
      ],
      [
       49.4996309,
       -16.9490376
      ],
      [
       49.4951128,
       -16.9585679
      ],
      [
       49.4909095,
       -16.9682292
      ],
      [
       49.4870251,
       -16.9780119
      ],
      [
       49.4834635,
       -16.9879064
      ],
      [
       49.4802282,
       -16.9979029
      ],
      [
       49.4773226,
       -17.0079917
      ],
      [
       49.4747495,
       -17.0181627
      ],
      [
       49.4725115,
       -17.028406
      ],
      [
       49.4706109,
       -17.0387114
      ],
      [
       49.4690495,
       -17.0490688
      ],
      [
       49.4678291,
       -17.059468
      ],
      [
       49.4669509,
       -17.0698987
      ],
      [
       49.4664157,
       -17.0803506
      ],
      [
       49.4662242,
       -17.0908134
      ],
      [
       49.4663766,
       -17.1012768
      ],
      [
       49.4668728,
       -17.1117304
      ],
      [
       49.4677124,
       -17.1221641
      ],
      [
       49.4688946,
       -17.1325673
      ],
      [
       49.4704184,
       -17.1429299
      ],
      [
       49.4722822,
       -17.1532417
      ],
      [
       49.4744842,
       -17.1634924
      ],
      [
       49.4770225,
       -17.1736719
      ],
      [
       49.4798944,
       -17.1837702
      ],
      [
       49.4830973,
       -17.1937773
      ],
      [
       49.486628,
       -17.2036832
      ],
      [
       49.490483,
       -17.2134783
      ],
      [
       49.4946587,
       -17.2231528
      ],
      [
       49.4991509,
       -17.2326971
      ],
      [
       49.5039552,
       -17.2421019
      ],
      [
       49.5090669,
       -17.2513577
      ],
      [
       49.5144811,
       -17.2604555
      ],
      [
       49.5201924,
       -17.2693863
      ],
      [
       49.5261952,
       -17.2781411
      ],
      [
       49.5324836,
       -17.2867114
      ],
      [
       49.5390514,
       -17.2950887
      ],
      [
       49.5458922,
       -17.3032646
      ],
      [
       49.5529992,
       -17.3112311
      ],
      [
       49.5603653,
       -17.3189803
      ],
      [
       49.5679835,
       -17.3265045
      ],
      [
       49.575846,
       -17.3337962
      ],
      [
       49.5839453,
       -17.3408483
      ],
      [
       49.5922732,
       -17.3476537
      ],
      [
       49.6008215,
       -17.3542057
      ],
      [
       49.6095819,
       -17.3604978
      ],
      [
       49.6185456,
       -17.3665238
      ],
      [
       49.6277037,
       -17.3722777
      ],
      [
       49.6370473,
       -17.3777537
      ],
      [
       49.646567,
       -17.3829465
      ],
      [
       49.6562535,
       -17.3878509
      ],
      [
       49.6660971,
       -17.3924621
      ],
      [
       49.6760881,
       -17.3967755
      ],
      [
       49.6862166,
       -17.4007867
      ],
      [
       49.6964725,
       -17.4044918
      ],
      [
       49.7068458,
       -17.4078872
      ],
      [
       49.7173261,
       -17.4109695
      ],
      [
       49.727903,
       -17.4137356
      ],
      [
       49.738566,
       -17.4161828
      ],
      [
       49.7493046,
       -17.4183086
      ],
      [
       49.760108,
       -17.4201109
      ],
      [
       49.7709657,
       -17.421588
      ],
      [
       49.7818668,
       -17.4227384
      ],
      [
       49.7928005,
       -17.4235609
      ],
      [
       49.8037559,
       -17.4240547
      ],
      [
       49.8147222,
       -17.4242194
      ],
      [
       49.8256885,
       -17.4240547
      ],
      [
       49.836644,
       -17.4235609
      ],
      [
       49.8475777,
       -17.4227384
      ],
      [
       49.8584787,
       -17.421588
      ],
      [
       49.8693364,
       -17.4201109
      ],
      [
       49.8801399,
       -17.4183086
      ],
      [
       49.8908785,
       -17.4161828
      ],
      [
       49.9015415,
       -17.4137356
      ],
      [
       49.9121184,
       -17.4109695
      ],
      [
       49.9225986,
       -17.4078872
      ],
      [
       49.9329719,
       -17.4044918
      ],
      [
       49.9432279,
       -17.4007867
      ],
      [
       49.9533564,
       -17.3967755
      ],
      [
       49.9633474,
       -17.3924621
      ],
      [
       49.973191,
       -17.3878509
      ],
      [
       49.9828774,
       -17.3829465
      ],
      [
       49.9923972,
       -17.3777537
      ],
      [
       50.0017407,
       -17.3722777
      ],
      [
       50.0108989,
       -17.3665238
      ],
      [
       50.0198626,
       -17.3604978
      ],
      [
       50.0286229,
       -17.3542057
      ],
      [
       50.0371713,
       -17.3476537
      ],
      [
       50.0454992,
       -17.3408483
      ],
      [
       50.0535984,
       -17.3337962
      ],
      [
       50.061461,
       -17.3265045
      ],
      [
       50.0690791,
       -17.3189803
      ],
      [
       50.0764453,
       -17.3112311
      ],
      [
       50.0835523,
       -17.3032646
      ],
      [
       50.090393,
       -17.2950887
      ],
      [
       50.0969608,
       -17.2867114
      ],
      [
       50.1032492,
       -17.2781411
      ],
      [
       50.109252,
       -17.2693863
      ],
      [
       50.1149633,
       -17.2604555
      ],
      [
       50.1203775,
       -17.2513577
      ],
      [
       50.1254893,
       -17.2421019
      ],
      [
       50.1302936,
       -17.2326971
      ],
      [
       50.1347858,
       -17.2231528
      ],
      [
       50.1389614,
       -17.2134783
      ],
      [
       50.1428165,
       -17.2036832
      ],
      [
       50.1463472,
       -17.1937773
      ],
      [
       50.14955,
       -17.1837702
      ],
      [
       50.152422,
       -17.1736719
      ],
      [
       50.1549602,
       -17.1634924
      ],
      [
       50.1571623,
       -17.1532417
      ],
      [
       50.1590261,
       -17.1429299
      ],
      [
       50.1605498,
       -17.1325673
      ],
      [
       50.1617321,
       -17.1221641
      ],
      [
       50.1625717,
       -17.1117304
      ],
      [
       50.1630679,
       -17.1012768
      ],
      [
       50.1632203,
       -17.0908134
      ],
      [
       50.1630288,
       -17.0803506
      ],
      [
       50.1624936,
       -17.0698987
      ],
      [
       50.1616153,
       -17.059468
      ],
      [
       50.1603949,
       -17.0490688
      ],
      [
       50.1588336,
       -17.0387114
      ],
      [
       50.1569329,
       -17.028406
      ],
      [
       50.154695,
       -17.0181627
      ],
      [
       50.1521218,
       -17.0079917
      ],
      [
       50.1492162,
       -16.9979029
      ],
      [
       50.145981,
       -16.9879064
      ],
      [
       50.1424194,
       -16.9780119
      ],
      [
       50.138535,
       -16.9682292
      ],
      [
       50.1343317,
       -16.9585679
      ],
      [
       50.1298136,
       -16.9490376
      ],
      [
       50.1249853,
       -16.9396476
      ],
      [
       50.1198515,
       -16.9304072
      ],
      [
       50.1144174,
       -16.9213255
      ],
      [
       50.1086883,
       -16.9124114
      ],
      [
       50.10267,
       -16.9036738
      ],
      [
       50.0963684,
       -16.895121
      ],
      [
       50.0897896,
       -16.8867617
      ],
      [
       50.0829403,
       -16.8786041
      ],
      [
       50.0758272,
       -16.870656
      ],
      [
       50.0684574,
       -16.8629255
      ],
      [
       50.060838,
       -16.85542
      ],
      [
       50.0529767,
       -16.8481469
      ],
      [
       50.0448811,
       -16.8411135
      ],
      [
       50.0365593,
       -16.8343266
      ],
      [
       50.0280195,
       -16.8277928
      ],
      [
       50.0192701,
       -16.8215187
      ],
      [
       50.0103197,
       -16.8155103
      ],
      [
       50.001177,
       -16.8097736
      ],
      [
       49.9918513,
       -16.8043142
      ],
      [
       49.9823514,
       -16.7991375
      ],
      [
       49.972687,
       -16.7942486
      ],
      [
       49.9628674,
       -16.7896522
      ],
      [
       49.9529022,
       -16.7853529
      ],
      [
       49.9428014,
       -16.7813548
      ],
      [
       49.9325748,
       -16.777662
      ],
      [
       49.9222325,
       -16.7742781
      ],
      [
       49.9117846,
       -16.7712064
      ],
      [
       49.9012414,
       -16.7684498
      ],
      [
       49.8906132,
       -16.7660111
      ],
      [
       49.8799106,
       -16.7638927
      ],
      [
       49.8691439,
       -16.7620967
      ],
      [
       49.8583238,
       -16.7606249
      ],
      [
       49.8474609,
       -16.7594786
      ],
      [
       49.8365659,
       -16.758659
      ],
      [
       49.8256494,
       -16.7581669
      ],
      [
       49.8147222,
       -16.7580028
      ]
     ]
    ]
   }
  },
  {
   "type": "Feature",
   "properties": {
    "ll": {
     "value": 0,
     "unit": 1,
     "referenceDatum": 0
    },
    "ul": {
     "value": 2000,
     "unit": 1,
     "referenceDatum": 0
    },
    "_id": "62cfcd4a9f7e2ede51a8274a",
    "name": "SAMBAVA FIZ",
    "type": 6,
    "icao": 7,
    "bnd": [
     [
      -14.6117194,
      49.8334958
     ],
     [
      -13.9455028,
      50.5209487
     ]
    ]
   },
   "geometry": {
    "type": "Polygon",
    "coordinates": [
     [
      [
       50.1772222,
       -13.9455028
      ],
      [
       50.1664413,
       -13.945667
      ],
      [
       50.155671,
       -13.9461592
      ],
      [
       50.1449219,
       -13.946979
      ],
      [
       50.1342045,
       -13.9481257
      ],
      [
       50.1235294,
       -13.949598
      ],
      [
       50.112907,
       -13.9513945
      ],
      [
       50.1023479,
       -13.9535136
      ],
      [
       50.0918623,
       -13.9559529
      ],
      [
       50.0814606,
       -13.9587103
      ],
      [
       50.071153,
       -13.961783
      ],
      [
       50.0609497,
       -13.9651679
      ],
      [
       50.0508606,
       -13.9688618
      ],
      [
       50.0408957,
       -13.9728609
      ],
      [
       50.0310649,
       -13.9771614
      ],
      [
       50.0213776,
       -13.9817591
      ],
      [
       50.0118436,
       -13.9866494
      ],
      [
       50.0024722,
       -13.9918275
      ],
      [
       49.9932726,
       -13.9972883
      ],
      [
       49.9842539,
       -14.0030265
      ],
      [
       49.9754248,
       -14.0090363
      ],
      [
       49.9667943,
       -14.015312
      ],
      [
       49.9583707,
       -14.0218474
      ],
      [
       49.9501623,
       -14.0286359
      ],
      [
       49.9421773,
       -14.0356709
      ],
      [
       49.9344235,
       -14.0429456
      ],
      [
       49.9269085,
       -14.0504527
      ],
      [
       49.9196399,
       -14.0581848
      ],
      [
       49.9126247,
       -14.0661345
      ],
      [
       49.9058699,
       -14.0742937
      ],
      [
       49.8993822,
       -14.0826546
      ],
      [
       49.8931679,
       -14.0912088
      ],
      [
       49.8872333,
       -14.099948
      ],
      [
       49.8815842,
       -14.1088635
      ],
      [
       49.8762261,
       -14.1179466
      ],
      [
       49.8711645,
       -14.1271883
      ],
      [
       49.8664044,
       -14.1365795
      ],
      [
       49.8619503,
       -14.146111
      ],
      [
       49.8578069,
       -14.1557735
      ],
      [
       49.8539782,
       -14.1655572
      ],
      [
       49.850468,
       -14.1754527
      ],
      [
       49.8472798,
       -14.1854502
      ],
      [
       49.8444168,
       -14.1955398
      ],
      [
       49.8418819,
       -14.2057116
      ],
      [
       49.8396775,
       -14.2159555
      ],
      [
       49.8378061,
       -14.2262614
      ],
      [
       49.8362693,
       -14.2366193
      ],
      [
       49.8350688,
       -14.2470188
      ],
      [
       49.8342059,
       -14.2574497
      ],
      [
       49.8336813,
       -14.2679018
      ],
      [
       49.8334958,
       -14.2783647
      ],
      [
       49.8336494,
       -14.288828
      ],
      [
       49.8341421,
       -14.2992815
      ],
      [
       49.8349735,
       -14.3097149
      ],
      [
       49.8361428,
       -14.3201178
      ],
      [
       49.8376489,
       -14.33048
      ],
      [
       49.8394903,
       -14.3407912
      ],
      [
       49.8416653,
       -14.3510413
      ],
      [
       49.8441718,
       -14.36122
      ],
      [
       49.8470073,
       -14.3713175
      ],
      [
       49.850169,
       -14.3813237
      ],
      [
       49.853654,
       -14.3912287
      ],
      [
       49.8574588,
       -14.4010227
      ],
      [
       49.8615796,
       -14.410696
      ],
      [
       49.8660125,
       -14.4202392
      ],
      [
       49.8707531,
       -14.4296426
      ],
      [
       49.8757967,
       -14.4388972
      ],
      [
       49.8811385,
       -14.4479936
      ],
      [
       49.8867731,
       -14.4569229
      ],
      [
       49.892695,
       -14.4656763
      ],
      [
       49.8988985,
       -14.4742451
      ],
      [
       49.9053773,
       -14.4826208
      ],
      [
       49.9121251,
       -14.4907952
      ],
      [
       49.9191353,
       -14.4987601
      ],
      [
       49.926401,
       -14.5065076
      ],
      [
       49.9339149,
       -14.5140302
      ],
      [
       49.9416697,
       -14.5213203
      ],
      [
       49.9496577,
       -14.5283708
      ],
      [
       49.9578711,
       -14.5351746
      ],
      [
       49.9663017,
       -14.541725
      ],
      [
       49.9749412,
       -14.5480156
      ],
      [
       49.983781,
       -14.55404
      ],
      [
       49.9928124,
       -14.5597924
      ],
      [
       50.0020265,
       -14.565267
      ],
      [
       50.0114142,
       -14.5704585
      ],
      [
       50.0209662,
       -14.5753615
      ],
      [
       50.030673,
       -14.5799714
      ],
      [
       50.040525,
       -14.5842836
      ],
      [
       50.0505124,
       -14.5882937
      ],
      [
       50.0606255,
       -14.5919977
      ],
      [
       50.0708541,
       -14.5953922
      ],
      [
       50.0811881,
       -14.5984735
      ],
      [
       50.0916173,
       -14.6012388
      ],
      [
       50.1021313,
       -14.6036852
      ],
      [
       50.1127198,
       -14.6058104
      ],
      [
       50.1233722,
       -14.6076122
      ],
      [
       50.134078,
       -14.6090888
      ],
      [
       50.1448266,
       -14.6102388
      ],
      [
       50.1556073,
       -14.6110611
      ],
      [
       50.1664094,
       -14.6115548
      ],
      [
       50.1772222,
       -14.6117194
      ],
      [
       50.1880351,
       -14.6115548
      ],
      [
       50.1988372,
       -14.6110611
      ],
      [
       50.2096178,
       -14.6102388
      ],
      [
       50.2203664,
       -14.6090888
      ],
      [
       50.2310722,
       -14.6076122
      ],
      [
       50.2417246,
       -14.6058104
      ],
      [
       50.2523131,
       -14.6036852
      ],
      [
       50.2628272,
       -14.6012388
      ],
      [
       50.2732564,
       -14.5984735
      ],
      [
       50.2835904,
       -14.5953922
      ],
      [
       50.293819,
       -14.5919977
      ],
      [
       50.303932,
       -14.5882937
      ],
      [
       50.3139195,
       -14.5842836
      ],
      [
       50.3237715,
       -14.5799714
      ],
      [
       50.3334783,
       -14.5753615
      ],
      [
       50.3430302,
       -14.5704585
      ],
      [
       50.3524179,
       -14.565267
      ],
      [
       50.361632,
       -14.5597924
      ],
      [
       50.3706635,
       -14.55404
      ],
      [
       50.3795033,
       -14.5480156
      ],
      [
       50.3881428,
       -14.541725
      ],
      [
       50.3965734,
       -14.5351746
      ],
      [
       50.4047867,
       -14.5283708
      ],
      [
       50.4127747,
       -14.5213203
      ],
      [
       50.4205296,
       -14.5140302
      ],
      [
       50.4280435,
       -14.5065076
      ],
      [
       50.4353091,
       -14.4987601
      ],
      [
       50.4423193,
       -14.4907952
      ],
      [
       50.4490672,
       -14.4826208
      ],
      [
       50.455546,
       -14.4742451
      ],
      [
       50.4617494,
       -14.4656763
      ],
      [
       50.4676713,
       -14.4569229
      ],
      [
       50.473306,
       -14.4479936
      ],
      [
       50.4786477,
       -14.4388972
      ],
      [
       50.4836914,
       -14.4296426
      ],
      [
       50.488432,
       -14.4202392
      ],
      [
       50.4928648,
       -14.410696
      ],
      [
       50.4969857,
       -14.4010227
      ],
      [
       50.5007905,
       -14.3912287
      ],
      [
       50.5042754,
       -14.3813237
      ],
      [
       50.5074372,
       -14.3713175
      ],
      [
       50.5102727,
       -14.36122
      ],
      [
       50.5127791,
       -14.3510413
      ],
      [
       50.5149541,
       -14.3407912
      ],
      [
       50.5167955,
       -14.33048
      ],
      [
       50.5183016,
       -14.3201178
      ],
      [
       50.5194709,
       -14.3097149
      ],
      [
       50.5203023,
       -14.2992815
      ],
      [
       50.520795,
       -14.288828
      ],
      [
       50.5209487,
       -14.2783647
      ],
      [
       50.5207631,
       -14.2679018
      ],
      [
       50.5202386,
       -14.2574497
      ],
      [
       50.5193756,
       -14.2470188
      ],
      [
       50.5181751,
       -14.2366193
      ],
      [
       50.5166384,
       -14.2262614
      ],
      [
       50.5147669,
       -14.2159555
      ],
      [
       50.5125626,
       -14.2057116
      ],
      [
       50.5100277,
       -14.1955398
      ],
      [
       50.5071647,
       -14.1854502
      ],
      [
       50.5039765,
       -14.1754527
      ],
      [
       50.5004663,
       -14.1655572
      ],
      [
       50.4966375,
       -14.1557735
      ],
      [
       50.4924941,
       -14.146111
      ],
      [
       50.4880401,
       -14.1365795
      ],
      [
       50.4832799,
       -14.1271883
      ],
      [
       50.4782183,
       -14.1179466
      ],
      [
       50.4728603,
       -14.1088635
      ],
      [
       50.4672112,
       -14.099948
      ],
      [
       50.4612765,
       -14.0912088
      ],
      [
       50.4550623,
       -14.0826546
      ],
      [
       50.4485746,
       -14.0742937
      ],
      [
       50.4418198,
       -14.0661345
      ],
      [
       50.4348046,
       -14.0581848
      ],
      [
       50.4275359,
       -14.0504527
      ],
      [
       50.420021,
       -14.0429456
      ],
      [
       50.4122672,
       -14.0356709
      ],
      [
       50.4042821,
       -14.0286359
      ],
      [
       50.3960738,
       -14.0218474
      ],
      [
       50.3876502,
       -14.015312
      ],
      [
       50.3790196,
       -14.0090363
      ],
      [
       50.3701906,
       -14.0030265
      ],
      [
       50.3611718,
       -13.9972883
      ],
      [
       50.3519722,
       -13.9918275
      ],
      [
       50.3426008,
       -13.9866494
      ],
      [
       50.3330668,
       -13.9817591
      ],
      [
       50.3233796,
       -13.9771614
      ],
      [
       50.3135487,
       -13.9728609
      ],
      [
       50.3035838,
       -13.9688618
      ],
      [
       50.2934948,
       -13.9651679
      ],
      [
       50.2832914,
       -13.961783
      ],
      [
       50.2729838,
       -13.9587103
      ],
      [
       50.2625821,
       -13.9559529
      ],
      [
       50.2520966,
       -13.9535136
      ],
      [
       50.2415374,
       -13.9513945
      ],
      [
       50.230915,
       -13.949598
      ],
      [
       50.2202399,
       -13.9481257
      ],
      [
       50.2095225,
       -13.946979
      ],
      [
       50.1987734,
       -13.9461592
      ],
      [
       50.1880031,
       -13.945667
      ],
      [
       50.1772222,
       -13.9455028
      ]
     ]
    ]
   }
  },
  {
   "type": "Feature",
   "properties": {
    "ll": {
     "value": 1969,
     "unit": 1,
     "referenceDatum": 0
    },
    "ul": {
     "value": 145,
     "unit": 6,
     "referenceDatum": 2
    },
    "_id": "62cfcd3f9f7e2ede51a82525",
    "name": "TMA ANTANANARIVO 1 125.700",
    "type": 0,
    "icao": 3,
    "bnd": [
     [
      -19.80408,
      46.4614077
     ],
     [
      -17.8025863,
      49.0319444
     ]
    ]
   },
   "geometry": {
    "type": "Polygon",
    "coordinates": [
     [
      [
       48.4783333,
       -18.1
      ],
      [
       49.0319444,
       -18.8047222
      ],
      [
       48.81,
       -18.955
      ],
      [
       48.5066667,
       -19.1619444
      ],
      [
       48.5066667,
       -19.1619444
      ],
      [
       48.4943391,
       -19.1911462
      ],
      [
       48.4810421,
       -19.2199669
      ],
      [
       48.4667883,
       -19.248378
      ],
      [
       48.4515913,
       -19.2763512
      ],
      [
       48.4354659,
       -19.3038587
      ],
      [
       48.4184276,
       -19.330873
      ],
      [
       48.4004929,
       -19.3573674
      ],
      [
       48.3816792,
       -19.3833153
      ],
      [
       48.3620048,
       -19.4086909
      ],
      [
       48.3414891,
       -19.433469
      ],
      [
       48.320152,
       -19.4576247
      ],
      [
       48.2980145,
       -19.481134
      ],
      [
       48.2750984,
       -19.5039733
      ],
      [
       48.2514262,
       -19.5261199
      ],
      [
       48.2270212,
       -19.5475516
      ],
      [
       48.2019077,
       -19.568247
      ],
      [
       48.1761104,
       -19.5881854
      ],
      [
       48.1496548,
       -19.6073467
      ],
      [
       48.1225673,
       -19.6257119
      ],
      [
       48.0948748,
       -19.6432625
      ],
      [
       48.0666048,
       -19.6599809
      ],
      [
       48.0377855,
       -19.6758504
      ],
      [
       48.0084455,
       -19.6908551
      ],
      [
       47.9786142,
       -19.7049799
      ],
      [
       47.9483214,
       -19.7182105
      ],
      [
       47.9175973,
       -19.7305339
      ],
      [
       47.8864727,
       -19.7419375
      ],
      [
       47.8549788,
       -19.7524099
      ],
      [
       47.823147,
       -19.7619407
      ],
      [
       47.7910094,
       -19.7705202
      ],
      [
       47.7585981,
       -19.7781398
      ],
      [
       47.7259457,
       -19.7847918
      ],
      [
       47.693085,
       -19.7904696
      ],
      [
       47.6600489,
       -19.7951675
      ],
      [
       47.6268706,
       -19.7988807
      ],
      [
       47.5935835,
       -19.8016056
      ],
      [
       47.5602211,
       -19.8033392
      ],
      [
       47.5268168,
       -19.80408
      ],
      [
       47.4934043,
       -19.8038272
      ],
      [
       47.4600171,
       -19.802581
      ],
      [
       47.4266888,
       -19.8003427
      ],
      [
       47.3934529,
       -19.7971145
      ],
      [
       47.3603428,
       -19.7928997
      ],
      [
       47.3273918,
       -19.7877026
      ],
      [
       47.294633,
       -19.7815282
      ],
      [
       47.2620992,
       -19.7743829
      ],
      [
       47.2298231,
       -19.7662739
      ],
      [
       47.1978371,
       -19.7572092
      ],
      [
       47.1661733,
       -19.747198
      ],
      [
       47.1348634,
       -19.7362504
      ],
      [
       47.1039387,
       -19.7243772
      ],
      [
       47.0734303,
       -19.7115906
      ],
      [
       47.0433686,
       -19.6979032
      ],
      [
       47.0137836,
       -19.6833289
      ],
      [
       46.9847049,
       -19.6678822
      ],
      [
       46.9561616,
       -19.6515787
      ],
      [
       46.9281819,
       -19.6344347
      ],
      [
       46.9007939,
       -19.6164673
      ],
      [
       46.8740247,
       -19.5976946
      ],
      [
       46.8479008,
       -19.5781355
      ],
      [
       46.8224483,
       -19.5578093
      ],
      [
       46.7976923,
       -19.5367366
      ],
      [
       46.7736572,
       -19.5149384
      ],
      [
       46.7503669,
       -19.4924365
      ],
      [
       46.7278442,
       -19.4692533
      ],
      [
       46.7061113,
       -19.4454121
      ],
      [
       46.6851896,
       -19.4209367
      ],
      [
       46.6650996,
       -19.3958514
      ],
      [
       46.6458609,
       -19.3701814
      ],
      [
       46.6274922,
       -19.3439521
      ],
      [
       46.6100115,
       -19.3171899
      ],
      [
       46.5934357,
       -19.2899212
      ],
      [
       46.5777808,
       -19.2621733
      ],
      [
       46.563062,
       -19.2339738
      ],
      [
       46.5492934,
       -19.2053507
      ],
      [
       46.5364882,
       -19.1763325
      ],
      [
       46.5246586,
       -19.146948
      ],
      [
       46.5138157,
       -19.1172264
      ],
      [
       46.5039699,
       -19.0871971
      ],
      [
       46.4951303,
       -19.0568901
      ],
      [
       46.4873052,
       -19.0263353
      ],
      [
       46.4805016,
       -18.9955629
      ],
      [
       46.4747259,
       -18.9646036
      ],
      [
       46.469983,
       -18.9334878
      ],
      [
       46.4662772,
       -18.9022465
      ],
      [
       46.4636116,
       -18.8709104
      ],
      [
       46.461988,
       -18.8395105
      ],
      [
       46.4614077,
       -18.8080779
      ],
      [
       46.4618705,
       -18.7766435
      ],
      [
       46.4633755,
       -18.7452384
      ],
      [
       46.4659205,
       -18.7138935
      ],
      [
       46.4695025,
       -18.6826397
      ],
      [
       46.4741173,
       -18.6515077
      ],
      [
       46.47976,
       -18.6205283
      ],
      [
       46.4864243,
       -18.5897319
      ],
      [
       46.4941031,
       -18.5591487
      ],
      [
       46.5027885,
       -18.5288089
      ],
      [
       46.5124713,
       -18.4987421
      ],
      [
       46.5231414,
       -18.468978
      ],
      [
       46.5347881,
       -18.4395457
      ],
      [
       46.5473992,
       -18.410474
      ],
      [
       46.560962,
       -18.3817916
      ],
      [
       46.5754627,
       -18.3535264
      ],
      [
       46.5908867,
       -18.3257062
      ],
      [
       46.6072185,
       -18.2983581
      ],
      [
       46.6244416,
       -18.271509
      ],
      [
       46.6425388,
       -18.245185
      ],
      [
       46.6614921,
       -18.219412
      ],
      [
       46.6812825,
       -18.194215
      ],
      [
       46.7018904,
       -18.1696188
      ],
      [
       46.7232954,
       -18.1456472
      ],
      [
       46.7454762,
       -18.1223238
      ],
      [
       46.7684109,
       -18.0996712
      ],
      [
       46.7920769,
       -18.0777115
      ],
      [
       46.8164508,
       -18.0564661
      ],
      [
       46.8415086,
       -18.0359558
      ],
      [
       46.8672258,
       -18.0162005
      ],
      [
       46.8935771,
       -17.9972195
      ],
      [
       46.9205366,
       -17.9790312
      ],
      [
       46.9480779,
       -17.9616533
      ],
      [
       46.976174,
       -17.9451028
      ],
      [
       47.0047976,
       -17.9293956
      ],
      [
       47.0339207,
       -17.9145472
      ],
      [
       47.0635147,
       -17.900572
      ],
      [
       47.0935509,
       -17.8874834
      ],
      [
       47.124,
       -17.8752943
      ],
      [
       47.1548324,
       -17.8640165
      ],
      [
       47.186018,
       -17.853661
      ],
      [
       47.2175264,
       -17.8442377
      ],
      [
       47.2493272,
       -17.8357559
      ],
      [
       47.2813892,
       -17.8282237
      ],
      [
       47.3136816,
       -17.8216486
      ],
      [
       47.3461727,
       -17.8160368
      ],
      [
       47.3788312,
       -17.8113939
      ],
      [
       47.4116252,
       -17.8077242
      ],
      [
       47.4445231,
       -17.8050315
      ],
      [
       47.4774928,
       -17.8033183
      ],
      [
       47.5105025,
       -17.8025863
      ],
      [
       47.5435199,
       -17.8028361
      ],
      [
       47.5765133,
       -17.8040676
      ],
      [
       47.6094504,
       -17.8062795
      ],
      [
       47.6422995,
       -17.8094697
      ],
      [
       47.6750285,
       -17.8136351
      ],
      [
       47.7076058,
       -17.8187716
      ],
      [
       47.7399997,
       -17.8248744
      ],
      [
       47.7721787,
       -17.8319374
      ],
      [
       47.8041117,
       -17.8399537
      ],
      [
       47.8357676,
       -17.8489157
      ],
      [
       47.8671155,
       -17.8588146
      ],
      [
       47.8981251,
       -17.8696407
      ],
      [
       47.9287662,
       -17.8813837
      ],
      [
       47.9590089,
       -17.894032
      ],
      [
       47.9888237,
       -17.9075734
      ],
      [
       48.0181817,
       -17.9219947
      ],
      [
       48.0470541,
       -17.937282
      ],
      [
       48.0754128,
       -17.9534202
      ],
      [
       48.10323,
       -17.9703938
      ],
      [
       48.1304786,
       -17.9881863
      ],
      [
       48.1571318,
       -18.0067802
      ],
      [
       48.1831636,
       -18.0261576
      ],
      [
       48.2085484,
       -18.0462995
      ],
      [
       48.2332613,
       -18.0671864
      ],
      [
       48.2572779,
       -18.0887979
      ],
      [
       48.2805746,
       -18.1111129
      ],
      [
       48.3031285,
       -18.1341097
      ],
      [
       48.3249172,
       -18.1577658
      ],
      [
       48.3438889,
       -18.1827778
      ],
      [
       48.3438889,
       -18.1827778
      ],
      [
       48.4783333,
       -18.1
      ]
     ]
    ]
   }
  },
  {
   "type": "Feature",
   "properties": {
    "ll": {
     "value": 145,
     "unit": 6,
     "referenceDatum": 2
    },
    "ul": {
     "value": 245,
     "unit": 6,
     "referenceDatum": 2
    },
    "_id": "62cfcd429f7e2ede51a8252c",
    "name": "TMA ANTANANARIVO 2 125.700",
    "type": 0,
    "icao": 0,
    "bnd": [
     [
      -21.3016453,
      44.8796422
     ],
     [
      -16.3050214,
      50.15758
     ]
    ]
   },
   "geometry": {
    "type": "Polygon",
    "coordinates": [
     [
      [
       47.5186111,
       -16.3050214
      ],
      [
       47.4368742,
       -16.3062369
      ],
      [
       47.3552147,
       -16.3098822
      ],
      [
       47.2737101,
       -16.3159539
      ],
      [
       47.1924376,
       -16.3244462
      ],
      [
       47.1114742,
       -16.335351
      ],
      [
       47.0308969,
       -16.3486581
      ],
      [
       46.9507819,
       -16.3643546
      ],
      [
       46.8712055,
       -16.3824258
      ],
      [
       46.7922432,
       -16.4028545
      ],
      [
       46.7139702,
       -16.4256211
      ],
      [
       46.6364609,
       -16.4507042
      ],
      [
       46.5597892,
       -16.4780797
      ],
      [
       46.4840283,
       -16.5077218
      ],
      [
       46.4092504,
       -16.5396021
      ],
      [
       46.3355272,
       -16.5736904
      ],
      [
       46.2629292,
       -16.6099541
      ],
      [
       46.1915262,
       -16.6483587
      ],
      [
       46.1213867,
       -16.6888676
      ],
      [
       46.0525782,
       -16.7314421
      ],
      [
       45.9851672,
       -16.7760417
      ],
      [
       45.9192189,
       -16.8226237
      ],
      [
       45.8547972,
       -16.8711437
      ],
      [
       45.7919646,
       -16.9215553
      ],
      [
       45.7307824,
       -16.9738102
      ],
      [
       45.6713104,
       -17.0278585
      ],
      [
       45.6136069,
       -17.0836484
      ],
      [
       45.5577286,
       -17.1411264
      ],
      [
       45.5037307,
       -17.2002374
      ],
      [
       45.4516666,
       -17.2609247
      ],
      [
       45.4015881,
       -17.3231299
      ],
      [
       45.3535453,
       -17.3867933
      ],
      [
       45.3075864,
       -17.4518536
      ],
      [
       45.2637578,
       -17.5182481
      ],
      [
       45.2221039,
       -17.5859128
      ],
      [
       45.1826672,
       -17.6547825
      ],
      [
       45.1454883,
       -17.7247905
      ],
      [
       45.1106057,
       -17.7958693
      ],
      [
       45.0780557,
       -17.8679499
      ],
      [
       45.0478727,
       -17.9409626
      ],
      [
       45.0200887,
       -18.0148366
      ],
      [
       44.9947337,
       -18.0895
      ],
      [
       44.9718353,
       -18.1648803
      ],
      [
       44.951419,
       -18.240904
      ],
      [
       44.9335078,
       -18.3174972
      ],
      [
       44.9181224,
       -18.3945851
      ],
      [
       44.9052814,
       -18.4720922
      ],
      [
       44.8950005,
       -18.5499429
      ],
      [
       44.8872934,
       -18.6280608
      ],
      [
       44.8821711,
       -18.7063692
      ],
      [
       44.8796422,
       -18.7847914
      ],
      [
       44.8797128,
       -18.86325
      ],
      [
       44.8823866,
       -18.9416679
      ],
      [
       44.8876644,
       -19.0199677
      ],
      [
       44.8955449,
       -19.0980721
      ],
      [
       44.9060239,
       -19.1759037
      ],
      [
       44.9190947,
       -19.2533855
      ],
      [
       44.934748,
       -19.3304405
      ],
      [
       44.9529721,
       -19.4069923
      ],
      [
       44.9737525,
       -19.4829647
      ],
      [
       44.997072,
       -19.5582819
      ],
      [
       45.0229111,
       -19.6328688
      ],
      [
       45.0512475,
       -19.7066509
      ],
      [
       45.0820564,
       -19.7795542
      ],
      [
       45.1153103,
       -19.8515057
      ],
      [
       45.1509793,
       -19.9224332
      ],
      [
       45.1890309,
       -19.9922653
      ],
      [
       45.22943,
       -20.0609318
      ],
      [
       45.272139,
       -20.1283634
      ],
      [
       45.317118,
       -20.194492
      ],
      [
       45.3643245,
       -20.2592507
      ],
      [
       45.4137136,
       -20.322574
      ],
      [
       45.4652379,
       -20.3843976
      ],
      [
       45.518848,
       -20.4446588
      ],
      [
       45.5744917,
       -20.5032963
      ],
      [
       45.632115,
       -20.5602504
      ],
      [
       45.6916615,
       -20.615463
      ],
      [
       45.7530725,
       -20.6688778
      ],
      [
       45.8162875,
       -20.7204402
      ],
      [
       45.8812438,
       -20.7700974
      ],
      [
       45.9478767,
       -20.8177985
      ],
      [
       46.0161195,
       -20.8634947
      ],
      [
       46.0859039,
       -20.907139
      ],
      [
       46.1571596,
       -20.9486866
      ],
      [
       46.2298147,
       -20.9880947
      ],
      [
       46.3037956,
       -21.0253227
      ],
      [
       46.3790272,
       -21.0603323
      ],
      [
       46.4554331,
       -21.0930874
      ],
      [
       46.5329351,
       -21.1235541
      ],
      [
       46.6114542,
       -21.1517009
      ],
      [
       46.6909098,
       -21.1774989
      ],
      [
       46.7712205,
       -21.2009212
      ],
      [
       46.8523036,
       -21.2219437
      ],
      [
       46.9340756,
       -21.2405445
      ],
      [
       47.0164523,
       -21.2567044
      ],
      [
       47.0993487,
       -21.2704066
      ],
      [
       47.182679,
       -21.281637
      ],
      [
       47.2663571,
       -21.2903838
      ],
      [
       47.3502965,
       -21.296638
      ],
      [
       47.4344102,
       -21.3003932
      ],
      [
       47.5186111,
       -21.3016453
      ],
      [
       47.602812,
       -21.3003932
      ],
      [
       47.6869257,
       -21.296638
      ],
      [
       47.7708651,
       -21.2903838
      ],
      [
       47.8545432,
       -21.281637
      ],
      [
       47.9378736,
       -21.2704066
      ],
      [
       48.0207699,
       -21.2567044
      ],
      [
       48.1031466,
       -21.2405445
      ],
      [
       48.1849187,
       -21.2219437
      ],
      [
       48.2660017,
       -21.2009212
      ],
      [
       48.3463124,
       -21.1774989
      ],
      [
       48.425768,
       -21.1517009
      ],
      [
       48.5042871,
       -21.1235541
      ],
      [
       48.5817891,
       -21.0930874
      ],
      [
       48.658195,
       -21.0603323
      ],
      [
       48.7334266,
       -21.0253227
      ],
      [
       48.8074076,
       -20.9880947
      ],
      [
       48.8800626,
       -20.9486866
      ],
      [
       48.9513183,
       -20.907139
      ],
      [
       49.0211027,
       -20.8634947
      ],
      [
       49.0893455,
       -20.8177985
      ],
      [
       49.1559784,
       -20.7700974
      ],
      [
       49.2209347,
       -20.7204402
      ],
      [
       49.2841497,
       -20.6688778
      ],
      [
       49.3455608,
       -20.615463
      ],
      [
       49.4051072,
       -20.5602504
      ],
      [
       49.4627305,
       -20.5032963
      ],
      [
       49.5183743,
       -20.4446588
      ],
      [
       49.5719843,
       -20.3843976
      ],
      [
       49.6235086,
       -20.322574
      ],
      [
       49.6728977,
       -20.2592507
      ],
      [
       49.7201042,
       -20.194492
      ],
      [
       49.7650832,
       -20.1283634
      ],
      [
       49.8077923,
       -20.0609318
      ],
      [
       49.8481914,
       -19.9922653
      ],
      [
       49.8862429,
       -19.9224332
      ],
      [
       49.9219119,
       -19.8515057
      ],
      [
       49.9551659,
       -19.7795542
      ],
      [
       49.9859747,
       -19.7066509
      ],
      [
       50.0143111,
       -19.6328688
      ],
      [
       50.0401502,
       -19.5582819
      ],
      [
       50.0634697,
       -19.4829647
      ],
      [
       50.0842501,
       -19.4069923
      ],
      [
       50.1024742,
       -19.3304405
      ],
      [
       50.1181276,
       -19.2533855
      ],
      [
       50.1311984,
       -19.1759037
      ],
      [
       50.1416773,
       -19.0980721
      ],
      [
       50.1495578,
       -19.0199677
      ],
      [
       50.1548357,
       -18.9416679
      ],
      [
       50.1575094,
       -18.86325
      ],
      [
       50.15758,
       -18.7847914
      ],
      [
       50.1550512,
       -18.7063692
      ],
      [
       50.1499289,
       -18.6280608
      ],
      [
       50.1422217,
       -18.5499429
      ],
      [
       50.1319409,
       -18.4720922
      ],
      [
       50.1190998,
       -18.3945851
      ],
      [
       50.1037144,
       -18.3174972
      ],
      [
       50.0858032,
       -18.240904
      ],
      [
       50.0653869,
       -18.1648803
      ],
      [
       50.0424885,
       -18.0895
      ],
      [
       50.0171335,
       -18.0148366
      ],
      [
       49.9893495,
       -17.9409626
      ],
      [
       49.9591665,
       -17.8679499
      ],
      [
       49.9266165,
       -17.7958693
      ],
      [
       49.8917339,
       -17.7247905
      ],
      [
       49.854555,
       -17.6547825
      ],
      [
       49.8151183,
       -17.5859128
      ],
      [
       49.7734644,
       -17.5182481
      ],
      [
       49.7296358,
       -17.4518536
      ],
      [
       49.6836769,
       -17.3867933
      ],
      [
       49.6356341,
       -17.3231299
      ],
      [
       49.5855556,
       -17.2609247
      ],
      [
       49.5334916,
       -17.2002374
      ],
      [
       49.4794936,
       -17.1411264
      ],
      [
       49.4236153,
       -17.0836484
      ],
      [
       49.3659118,
       -17.0278585
      ],
      [
       49.3064398,
       -16.9738102
      ],
      [
       49.2452576,
       -16.9215553
      ],
      [
       49.182425,
       -16.8711437
      ],
      [
       49.1180033,
       -16.8226237
      ],
      [
       49.052055,
       -16.7760417
      ],
      [
       48.984644,
       -16.7314421
      ],
      [
       48.9158356,
       -16.6888676
      ],
      [
       48.845696,
       -16.6483587
      ],
      [
       48.774293,
       -16.6099541
      ],
      [
       48.701695,
       -16.5736904
      ],
      [
       48.6279718,
       -16.5396021
      ],
      [
       48.553194,
       -16.5077218
      ],
      [
       48.477433,
       -16.4780797
      ],
      [
       48.4007613,
       -16.4507042
      ],
      [
       48.323252,
       -16.4256211
      ],
      [
       48.244979,
       -16.4028545
      ],
      [
       48.1660167,
       -16.3824258
      ],
      [
       48.0864403,
       -16.3643546
      ],
      [
       48.0063254,
       -16.3486581
      ],
      [
       47.925748,
       -16.335351
      ],
      [
       47.8447846,
       -16.3244462
      ],
      [
       47.7635121,
       -16.3159539
      ],
      [
       47.6820075,
       -16.3098822
      ],
      [
       47.600348,
       -16.3062369
      ],
      [
       47.5186111,
       -16.3050214
      ]
     ]
    ]
   }
  },
  {
   "type": "Feature",
   "properties": {
    "ll": {
     "value": 1969,
     "unit": 1,
     "referenceDatum": 0
    },
    "ul": {
     "value": 145,
     "unit": 6,
     "referenceDatum": 2
    },
    "_id": "62cfcd429f7e2ede51a82533",
    "name": "TMA MAHAJANGA 1 119.100",
    "type": 0,
    "icao": 3,
    "bnd": [
     [
      -16.6477778,
      45.302411
     ],
     [
      -14.6578384,
      47.3787923
     ]
    ]
   },
   "geometry": {
    "type": "Polygon",
    "coordinates": [
     [
      [
       47.1061111,
       -16.3355556
      ],
      [
       47.1061111,
       -16.3355556
      ],
      [
       47.0369817,
       -16.3501142
      ],
      [
       46.9569114,
       -16.3656292
      ],
      [
       46.8773737,
       -16.3835175
      ],
      [
       46.7984444,
       -16.4037622
      ],
      [
       46.7201985,
       -16.4263441
      ],
      [
       46.6427103,
       -16.4512416
      ],
      [
       46.5660539,
       -16.4784311
      ],
      [
       46.4903022,
       -16.5078867
      ],
      [
       46.4155277,
       -16.5395804
      ],
      [
       46.3418019,
       -16.573482
      ],
      [
       46.2691954,
       -16.6095593
      ],
      [
       46.1977778,
       -16.6477778
      ],
      [
       46.1977778,
       -16.6477778
      ],
      [
       46.1977778,
       -16.6477778
      ],
      [
       46.1653864,
       -16.6429684
      ],
      [
       46.1331705,
       -16.6371818
      ],
      [
       46.1011623,
       -16.6304237
      ],
      [
       46.0693939,
       -16.6227009
      ],
      [
       46.0378971,
       -16.6140211
      ],
      [
       46.0067034,
       -16.6043931
      ],
      [
       45.9758439,
       -16.5938264
      ],
      [
       45.9453496,
       -16.5823318
      ],
      [
       45.9152507,
       -16.5699205
      ],
      [
       45.8855775,
       -16.5566052
      ],
      [
       45.8563594,
       -16.5423991
      ],
      [
       45.8276257,
       -16.5273164
      ],
      [
       45.7994048,
       -16.5113723
      ],
      [
       45.7717249,
       -16.4945826
      ],
      [
       45.7446136,
       -16.4769642
      ],
      [
       45.7180977,
       -16.4585346
      ],
      [
       45.6922035,
       -16.4393123
      ],
      [
       45.6669567,
       -16.4193165
      ],
      [
       45.6423824,
       -16.3985671
      ],
      [
       45.6185048,
       -16.3770848
      ],
      [
       45.5953474,
       -16.3548912
      ],
      [
       45.5729332,
       -16.3320083
      ],
      [
       45.5512842,
       -16.3084589
      ],
      [
       45.5304217,
       -16.2842666
      ],
      [
       45.5103661,
       -16.2594553
      ],
      [
       45.4911372,
       -16.23405
      ],
      [
       45.4727537,
       -16.2080757
      ],
      [
       45.4552336,
       -16.1815584
      ],
      [
       45.4385939,
       -16.1545245
      ],
      [
       45.4228509,
       -16.1270007
      ],
      [
       45.4080198,
       -16.0990146
      ],
      [
       45.3941148,
       -16.0705939
      ],
      [
       45.3811495,
       -16.0417667
      ],
      [
       45.3691363,
       -16.0125618
      ],
      [
       45.3580866,
       -15.9830081
      ],
      [
       45.348011,
       -15.9531349
      ],
      [
       45.3389191,
       -15.9229718
      ],
      [
       45.3308193,
       -15.8925487
      ],
      [
       45.3237193,
       -15.8618957
      ],
      [
       45.3176255,
       -15.8310432
      ],
      [
       45.3125437,
       -15.8000216
      ],
      [
       45.3084783,
       -15.7688617
      ],
      [
       45.3054328,
       -15.7375943
      ],
      [
       45.3034099,
       -15.7062502
      ],
      [
       45.302411,
       -15.6748604
      ],
      [
       45.3024366,
       -15.6434559
      ],
      [
       45.3034863,
       -15.6120677
      ],
      [
       45.3055586,
       -15.5807266
      ],
      [
       45.3086509,
       -15.5494637
      ],
      [
       45.3127597,
       -15.5183097
      ],
      [
       45.3178805,
       -15.4872953
      ],
      [
       45.3240079,
       -15.456451
      ],
      [
       45.3311353,
       -15.4258072
      ],
      [
       45.3392554,
       -15.3953939
      ],
      [
       45.3483596,
       -15.3652412
      ],
      [
       45.3584387,
       -15.3353786
      ],
      [
       45.3694823,
       -15.3058355
      ],
      [
       45.3814792,
       -15.2766408
      ],
      [
       45.3944172,
       -15.2478233
      ],
      [
       45.4082832,
       -15.2194111
      ],
      [
       45.4230633,
       -15.1914322
      ],
      [
       45.4387427,
       -15.163914
      ],
      [
       45.4553056,
       -15.1368834
      ],
      [
       45.4727355,
       -15.110367
      ],
      [
       45.4910151,
       -15.0843906
      ],
      [
       45.510126,
       -15.0589798
      ],
      [
       45.5300493,
       -15.0341593
      ],
      [
       45.5507654,
       -15.0099535
      ],
      [
       45.5722536,
       -14.9863861
      ],
      [
       45.5944927,
       -14.96348
      ],
      [
       45.6174607,
       -14.9412577
      ],
      [
       45.641135,
       -14.9197408
      ],
      [
       45.6654923,
       -14.8989505
      ],
      [
       45.6905086,
       -14.8789069
      ],
      [
       45.7161594,
       -14.8596297
      ],
      [
       45.7424193,
       -14.8411376
      ],
      [
       45.7692627,
       -14.8234488
      ],
      [
       45.7966633,
       -14.8065804
      ],
      [
       45.8245941,
       -14.790549
      ],
      [
       45.8530279,
       -14.7753701
      ],
      [
       45.8819369,
       -14.7610586
      ],
      [
       45.9112928,
       -14.7476283
      ],
      [
       45.9410668,
       -14.7350925
      ],
      [
       45.97123,
       -14.7234633
      ],
      [
       46.001753,
       -14.712752
      ],
      [
       46.0326058,
       -14.7029691
      ],
      [
       46.0637585,
       -14.694124
      ],
      [
       46.0951807,
       -14.6862255
      ],
      [
       46.1268417,
       -14.6792812
      ],
      [
       46.1587108,
       -14.6732979
      ],
      [
       46.1907568,
       -14.6682814
      ],
      [
       46.2229487,
       -14.6642365
      ],
      [
       46.255255,
       -14.6611673
      ],
      [
       46.2876443,
       -14.6590767
      ],
      [
       46.3200851,
       -14.6579667
      ],
      [
       46.3525458,
       -14.6578384
      ],
      [
       46.3849949,
       -14.658692
      ],
      [
       46.4174007,
       -14.6605265
      ],
      [
       46.4497317,
       -14.6633404
      ],
      [
       46.4819565,
       -14.6671307
      ],
      [
       46.5140436,
       -14.6718938
      ],
      [
       46.5459619,
       -14.677625
      ],
      [
       46.5776803,
       -14.6843189
      ],
      [
       46.6091679,
       -14.6919688
      ],
      [
       46.6403939,
       -14.7005673
      ],
      [
       46.671328,
       -14.710106
      ],
      [
       46.70194,
       -14.7205758
      ],
      [
       46.7322,
       -14.7319662
      ],
      [
       46.7620786,
       -14.7442663
      ],
      [
       46.7915465,
       -14.7574641
      ],
      [
       46.820575,
       -14.7715467
      ],
      [
       46.8491356,
       -14.7865004
      ],
      [
       46.8772005,
       -14.8023105
      ],
      [
       46.9047422,
       -14.8189618
      ],
      [
       46.9317338,
       -14.8364379
      ],
      [
       46.9581487,
       -14.8547218
      ],
      [
       46.983961,
       -14.8737957
      ],
      [
       47.0091455,
       -14.8936409
      ],
      [
       47.0336773,
       -14.9142381
      ],
      [
       47.0575323,
       -14.9355671
      ],
      [
       47.0806871,
       -14.9576072
      ],
      [
       47.1031188,
       -14.9803368
      ],
      [
       47.1248053,
       -15.0037336
      ],
      [
       47.1457251,
       -15.0277749
      ],
      [
       47.1658574,
       -15.0524371
      ],
      [
       47.1851825,
       -15.077696
      ],
      [
       47.203681,
       -15.1035271
      ],
      [
       47.2213346,
       -15.1299049
      ],
      [
       47.2381257,
       -15.1568037
      ],
      [
       47.2540374,
       -15.1841971
      ],
      [
       47.269054,
       -15.2120582
      ],
      [
       47.2831602,
       -15.2403599
      ],
      [
       47.296342,
       -15.2690742
      ],
      [
       47.308586,
       -15.2981731
      ],
      [
       47.3198798,
       -15.327628
      ],
      [
       47.3302119,
       -15.3574099
      ],
      [
       47.3395717,
       -15.3874897
      ],
      [
       47.3479498,
       -15.4178377
      ],
      [
       47.3553373,
       -15.4484242
      ],
      [
       47.3617266,
       -15.4792191
      ],
      [
       47.367111,
       -15.510192
      ],
      [
       47.3714847,
       -15.5413125
      ],
      [
       47.3748429,
       -15.5725499
      ],
      [
       47.377182,
       -15.6038735
      ],
      [
       47.378499,
       -15.6352524
      ],
      [
       47.3787923,
       -15.6666556
      ],
      [
       47.3780611,
       -15.6980523
      ],
      [
       47.3763056,
       -15.7294113
      ],
      [
       47.3735271,
       -15.7607017
      ],
      [
       47.3697278,
       -15.7918927
      ],
      [
       47.3649111,
       -15.8229533
      ],
      [
       47.3590813,
       -15.853853
      ],
      [
       47.3522436,
       -15.8845611
      ],
      [
       47.3444043,
       -15.9150471
      ],
      [
       47.3355708,
       -15.9452811
      ],
      [
       47.3257513,
       -15.9752329
      ],
      [
       47.3149551,
       -16.0048729
      ],
      [
       47.3031926,
       -16.0341718
      ],
      [
       47.2904749,
       -16.0631004
      ],
      [
       47.2768142,
       -16.09163
      ],
      [
       47.2622237,
       -16.1197324
      ],
      [
       47.2467174,
       -16.1473796
      ],
      [
       47.2303105,
       -16.1745441
      ],
      [
       47.2130189,
       -16.201199
      ],
      [
       47.1948592,
       -16.2273176
      ],
      [
       47.1758494,
       -16.2528741
      ],
      [
       47.156008,
       -16.277843
      ],
      [
       47.1353543,
       -16.3021994
      ],
      [
       47.1139088,
       -16.325919
      ],
      [
       47.1061111,
       -16.3355556
      ],
      [
       47.1061111,
       -16.3355556
      ]
     ]
    ]
   }
  },
  {
   "type": "Feature",
   "properties": {
    "ll": {
     "value": 145,
     "unit": 6,
     "referenceDatum": 2
    },
    "ul": {
     "value": 245,
     "unit": 6,
     "referenceDatum": 2
    },
    "_id": "62cfcd429f7e2ede51a8253c",
    "name": "TMA MAHAJANGA 2 119.100",
    "type": 0,
    "icao": 0,
    "bnd": [
     [
      -16.6477778,
      45.302411
     ],
     [
      -14.6578384,
      47.3787923
     ]
    ]
   },
   "geometry": {
    "type": "Polygon",
    "coordinates": [
     [
      [
       47.1061111,
       -16.3355556
      ],
      [
       47.1061111,
       -16.3355556
      ],
      [
       47.0369817,
       -16.3501142
      ],
      [
       46.9569114,
       -16.3656292
      ],
      [
       46.8773737,
       -16.3835175
      ],
      [
       46.7984444,
       -16.4037622
      ],
      [
       46.7201985,
       -16.4263441
      ],
      [
       46.6427103,
       -16.4512416
      ],
      [
       46.5660539,
       -16.4784311
      ],
      [
       46.4903022,
       -16.5078867
      ],
      [
       46.4155277,
       -16.5395804
      ],
      [
       46.3418019,
       -16.573482
      ],
      [
       46.2691954,
       -16.6095593
      ],
      [
       46.1977778,
       -16.6477778
      ],
      [
       46.1977778,
       -16.6477778
      ],
      [
       46.1977778,
       -16.6477778
      ],
      [
       46.1653864,
       -16.6429684
      ],
      [
       46.1331705,
       -16.6371818
      ],
      [
       46.1011623,
       -16.6304237
      ],
      [
       46.0693939,
       -16.6227009
      ],
      [
       46.0378971,
       -16.6140211
      ],
      [
       46.0067034,
       -16.6043931
      ],
      [
       45.9758439,
       -16.5938264
      ],
      [
       45.9453496,
       -16.5823318
      ],
      [
       45.9152507,
       -16.5699205
      ],
      [
       45.8855775,
       -16.5566052
      ],
      [
       45.8563594,
       -16.5423991
      ],
      [
       45.8276257,
       -16.5273164
      ],
      [
       45.7994048,
       -16.5113723
      ],
      [
       45.7717249,
       -16.4945826
      ],
      [
       45.7446136,
       -16.4769642
      ],
      [
       45.7180977,
       -16.4585346
      ],
      [
       45.6922035,
       -16.4393123
      ],
      [
       45.6669567,
       -16.4193165
      ],
      [
       45.6423824,
       -16.3985671
      ],
      [
       45.6185048,
       -16.3770848
      ],
      [
       45.5953474,
       -16.3548912
      ],
      [
       45.5729332,
       -16.3320083
      ],
      [
       45.5512842,
       -16.3084589
      ],
      [
       45.5304217,
       -16.2842666
      ],
      [
       45.5103661,
       -16.2594553
      ],
      [
       45.4911372,
       -16.23405
      ],
      [
       45.4727537,
       -16.2080757
      ],
      [
       45.4552336,
       -16.1815584
      ],
      [
       45.4385939,
       -16.1545245
      ],
      [
       45.4228509,
       -16.1270007
      ],
      [
       45.4080198,
       -16.0990146
      ],
      [
       45.3941148,
       -16.0705939
      ],
      [
       45.3811495,
       -16.0417667
      ],
      [
       45.3691363,
       -16.0125618
      ],
      [
       45.3580866,
       -15.9830081
      ],
      [
       45.348011,
       -15.9531349
      ],
      [
       45.3389191,
       -15.9229718
      ],
      [
       45.3308193,
       -15.8925487
      ],
      [
       45.3237193,
       -15.8618957
      ],
      [
       45.3176255,
       -15.8310432
      ],
      [
       45.3125437,
       -15.8000216
      ],
      [
       45.3084783,
       -15.7688617
      ],
      [
       45.3054328,
       -15.7375943
      ],
      [
       45.3034099,
       -15.7062502
      ],
      [
       45.302411,
       -15.6748604
      ],
      [
       45.3024366,
       -15.6434559
      ],
      [
       45.3034863,
       -15.6120677
      ],
      [
       45.3055586,
       -15.5807266
      ],
      [
       45.3086509,
       -15.5494637
      ],
      [
       45.3127597,
       -15.5183097
      ],
      [
       45.3178805,
       -15.4872953
      ],
      [
       45.3240079,
       -15.456451
      ],
      [
       45.3311353,
       -15.4258072
      ],
      [
       45.3392554,
       -15.3953939
      ],
      [
       45.3483596,
       -15.3652412
      ],
      [
       45.3584387,
       -15.3353786
      ],
      [
       45.3694823,
       -15.3058355
      ],
      [
       45.3814792,
       -15.2766408
      ],
      [
       45.3944172,
       -15.2478233
      ],
      [
       45.4082832,
       -15.2194111
      ],
      [
       45.4230633,
       -15.1914322
      ],
      [
       45.4387427,
       -15.163914
      ],
      [
       45.4553056,
       -15.1368834
      ],
      [
       45.4727355,
       -15.110367
      ],
      [
       45.4910151,
       -15.0843906
      ],
      [
       45.510126,
       -15.0589798
      ],
      [
       45.5300493,
       -15.0341593
      ],
      [
       45.5507654,
       -15.0099535
      ],
      [
       45.5722536,
       -14.9863861
      ],
      [
       45.5944927,
       -14.96348
      ],
      [
       45.6174607,
       -14.9412577
      ],
      [
       45.641135,
       -14.9197408
      ],
      [
       45.6654923,
       -14.8989505
      ],
      [
       45.6905086,
       -14.8789069
      ],
      [
       45.7161594,
       -14.8596297
      ],
      [
       45.7424193,
       -14.8411376
      ],
      [
       45.7692627,
       -14.8234488
      ],
      [
       45.7966633,
       -14.8065804
      ],
      [
       45.8245941,
       -14.790549
      ],
      [
       45.8530279,
       -14.7753701
      ],
      [
       45.8819369,
       -14.7610586
      ],
      [
       45.9112928,
       -14.7476283
      ],
      [
       45.9410668,
       -14.7350925
      ],
      [
       45.97123,
       -14.7234633
      ],
      [
       46.001753,
       -14.712752
      ],
      [
       46.0326058,
       -14.7029691
      ],
      [
       46.0637585,
       -14.694124
      ],
      [
       46.0951807,
       -14.6862255
      ],
      [
       46.1268417,
       -14.6792812
      ],
      [
       46.1587108,
       -14.6732979
      ],
      [
       46.1907568,
       -14.6682814
      ],
      [
       46.2229487,
       -14.6642365
      ],
      [
       46.255255,
       -14.6611673
      ],
      [
       46.2876443,
       -14.6590767
      ],
      [
       46.3200851,
       -14.6579667
      ],
      [
       46.3525458,
       -14.6578384
      ],
      [
       46.3849949,
       -14.658692
      ],
      [
       46.4174007,
       -14.6605265
      ],
      [
       46.4497317,
       -14.6633404
      ],
      [
       46.4819565,
       -14.6671307
      ],
      [
       46.5140436,
       -14.6718938
      ],
      [
       46.5459619,
       -14.677625
      ],
      [
       46.5776803,
       -14.6843189
      ],
      [
       46.6091679,
       -14.6919688
      ],
      [
       46.6403939,
       -14.7005673
      ],
      [
       46.671328,
       -14.710106
      ],
      [
       46.70194,
       -14.7205758
      ],
      [
       46.7322,
       -14.7319662
      ],
      [
       46.7620786,
       -14.7442663
      ],
      [
       46.7915465,
       -14.7574641
      ],
      [
       46.820575,
       -14.7715467
      ],
      [
       46.8491356,
       -14.7865004
      ],
      [
       46.8772005,
       -14.8023105
      ],
      [
       46.9047422,
       -14.8189618
      ],
      [
       46.9317338,
       -14.8364379
      ],
      [
       46.9581487,
       -14.8547218
      ],
      [
       46.983961,
       -14.8737957
      ],
      [
       47.0091455,
       -14.8936409
      ],
      [
       47.0336773,
       -14.9142381
      ],
      [
       47.0575323,
       -14.9355671
      ],
      [
       47.0806871,
       -14.9576072
      ],
      [
       47.1031188,
       -14.9803368
      ],
      [
       47.1248053,
       -15.0037336
      ],
      [
       47.1457251,
       -15.0277749
      ],
      [
       47.1658574,
       -15.0524371
      ],
      [
       47.1851825,
       -15.077696
      ],
      [
       47.203681,
       -15.1035271
      ],
      [
       47.2213346,
       -15.1299049
      ],
      [
       47.2381257,
       -15.1568037
      ],
      [
       47.2540374,
       -15.1841971
      ],
      [
       47.269054,
       -15.2120582
      ],
      [
       47.2831602,
       -15.2403599
      ],
      [
       47.296342,
       -15.2690742
      ],
      [
       47.308586,
       -15.2981731
      ],
      [
       47.3198798,
       -15.327628
      ],
      [
       47.3302119,
       -15.3574099
      ],
      [
       47.3395717,
       -15.3874897
      ],
      [
       47.3479498,
       -15.4178377
      ],
      [
       47.3553373,
       -15.4484242
      ],
      [
       47.3617266,
       -15.4792191
      ],
      [
       47.367111,
       -15.510192
      ],
      [
       47.3714847,
       -15.5413125
      ],
      [
       47.3748429,
       -15.5725499
      ],
      [
       47.377182,
       -15.6038735
      ],
      [
       47.378499,
       -15.6352524
      ],
      [
       47.3787923,
       -15.6666556
      ],
      [
       47.3780611,
       -15.6980523
      ],
      [
       47.3763056,
       -15.7294113
      ],
      [
       47.3735271,
       -15.7607017
      ],
      [
       47.3697278,
       -15.7918927
      ],
      [
       47.3649111,
       -15.8229533
      ],
      [
       47.3590813,
       -15.853853
      ],
      [
       47.3522436,
       -15.8845611
      ],
      [
       47.3444043,
       -15.9150471
      ],
      [
       47.3355708,
       -15.9452811
      ],
      [
       47.3257513,
       -15.9752329
      ],
      [
       47.3149551,
       -16.0048729
      ],
      [
       47.3031926,
       -16.0341718
      ],
      [
       47.2904749,
       -16.0631004
      ],
      [
       47.2768142,
       -16.09163
      ],
      [
       47.2622237,
       -16.1197324
      ],
      [
       47.2467174,
       -16.1473796
      ],
      [
       47.2303105,
       -16.1745441
      ],
      [
       47.2130189,
       -16.201199
      ],
      [
       47.1948592,
       -16.2273176
      ],
      [
       47.1758494,
       -16.2528741
      ],
      [
       47.156008,
       -16.277843
      ],
      [
       47.1353543,
       -16.3021994
      ],
      [
       47.1139088,
       -16.325919
      ],
      [
       47.1061111,
       -16.3355556
      ],
      [
       47.1061111,
       -16.3355556
      ]
     ]
    ]
   }
  },
  {
   "type": "Feature",
   "properties": {
    "ll": {
     "value": 1969,
     "unit": 1,
     "referenceDatum": 0
    },
    "ul": {
     "value": 145,
     "unit": 6,
     "referenceDatum": 2
    },
    "_id": "62cfcd429f7e2ede51a82543",
    "name": "TMA TOAMASINA 1 118.300",
    "type": 0,
    "icao": 3,
    "bnd": [
     [
      -19.1238846,
      48.3422772
     ],
     [
      -17.1244488,
      50.4460719
     ]
    ]
   },
   "geometry": {
    "type": "Polygon",
    "coordinates": [
     [
      [
       48.4783333,
       -18.1
      ],
      [
       48.3438889,
       -18.1827778
      ],
      [
       48.3438889,
       -18.1827778
      ],
      [
       48.342564,
       -18.1513988
      ],
      [
       48.3422772,
       -18.1199958
      ],
      [
       48.3430282,
       -18.0885997
      ],
      [
       48.3448156,
       -18.0572415
      ],
      [
       48.3476372,
       -18.0259521
      ],
      [
       48.3514896,
       -17.9947623
      ],
      [
       48.3563685,
       -17.9637029
      ],
      [
       48.3622685,
       -17.9328043
      ],
      [
       48.3691834,
       -17.9020971
      ],
      [
       48.3771057,
       -17.8716113
      ],
      [
       48.3860272,
       -17.841377
      ],
      [
       48.3959387,
       -17.8114238
      ],
      [
       48.4068299,
       -17.7817812
      ],
      [
       48.4186896,
       -17.7524781
      ],
      [
       48.4315058,
       -17.7235435
      ],
      [
       48.4452654,
       -17.6950055
      ],
      [
       48.4599546,
       -17.6668922
      ],
      [
       48.4755584,
       -17.6392311
      ],
      [
       48.4920613,
       -17.6120493
      ],
      [
       48.5094466,
       -17.5853734
      ],
      [
       48.5276971,
       -17.5592295
      ],
      [
       48.5467944,
       -17.5336431
      ],
      [
       48.5667196,
       -17.5086392
      ],
      [
       48.587453,
       -17.4842423
      ],
      [
       48.6089738,
       -17.4604762
      ],
      [
       48.6312609,
       -17.4373641
      ],
      [
       48.6542922,
       -17.4149285
      ],
      [
       48.678045,
       -17.3931913
      ],
      [
       48.7024959,
       -17.3721738
      ],
      [
       48.7276208,
       -17.3518963
      ],
      [
       48.7533951,
       -17.3323787
      ],
      [
       48.7797934,
       -17.31364
      ],
      [
       48.8067898,
       -17.2956984
      ],
      [
       48.834358,
       -17.2785714
      ],
      [
       48.8624708,
       -17.2622757
      ],
      [
       48.8911009,
       -17.2468271
      ],
      [
       48.9202203,
       -17.2322407
      ],
      [
       48.9498005,
       -17.2185306
      ],
      [
       48.9798127,
       -17.2057102
      ],
      [
       49.0102276,
       -17.1937919
      ],
      [
       49.0410156,
       -17.1827874
      ],
      [
       49.0721468,
       -17.1727073
      ],
      [
       49.1035907,
       -17.1635614
      ],
      [
       49.135317,
       -17.1553586
      ],
      [
       49.1672946,
       -17.1481069
      ],
      [
       49.1994925,
       -17.1418133
      ],
      [
       49.2318794,
       -17.1364839
      ],
      [
       49.2644239,
       -17.132124
      ],
      [
       49.2970944,
       -17.1287377
      ],
      [
       49.3298591,
       -17.1263283
      ],
      [
       49.3626863,
       -17.1248982
      ],
      [
       49.395544,
       -17.1244488
      ],
      [
       49.4284003,
       -17.1249804
      ],
      [
       49.4612234,
       -17.1264927
      ],
      [
       49.4939815,
       -17.128984
      ],
      [
       49.5266426,
       -17.1324521
      ],
      [
       49.5591751,
       -17.1368935
      ],
      [
       49.5915474,
       -17.1423039
      ],
      [
       49.6237281,
       -17.148678
      ],
      [
       49.6556858,
       -17.1560097
      ],
      [
       49.6873895,
       -17.1642919
      ],
      [
       49.7188085,
       -17.1735165
      ],
      [
       49.749912,
       -17.1836744
      ],
      [
       49.7806699,
       -17.194756
      ],
      [
       49.8110522,
       -17.2067504
      ],
      [
       49.8410293,
       -17.2196458
      ],
      [
       49.870572,
       -17.2334299
      ],
      [
       49.8996514,
       -17.2480892
      ],
      [
       49.9282392,
       -17.2636093
      ],
      [
       49.9563075,
       -17.2799754
      ],
      [
       49.9838287,
       -17.2971713
      ],
      [
       50.010776,
       -17.3151804
      ],
      [
       50.037123,
       -17.3339851
      ],
      [
       50.0628438,
       -17.3535671
      ],
      [
       50.0879131,
       -17.3739073
      ],
      [
       50.1123064,
       -17.394986
      ],
      [
       50.1359996,
       -17.4167826
      ],
      [
       50.1589694,
       -17.4392757
      ],
      [
       50.1811931,
       -17.4624435
      ],
      [
       50.2026488,
       -17.4862634
      ],
      [
       50.2233152,
       -17.5107121
      ],
      [
       50.2431718,
       -17.5357658
      ],
      [
       50.2621988,
       -17.5613999
      ],
      [
       50.2803774,
       -17.5875894
      ],
      [
       50.2976895,
       -17.6143087
      ],
      [
       50.3141176,
       -17.6415317
      ],
      [
       50.3296454,
       -17.6692317
      ],
      [
       50.3442572,
       -17.6973817
      ],
      [
       50.3579382,
       -17.725954
      ],
      [
       50.3706747,
       -17.7549206
      ],
      [
       50.3824537,
       -17.7842532
      ],
      [
       50.3932632,
       -17.813923
      ],
      [
       50.4030921,
       -17.8439009
      ],
      [
       50.4119302,
       -17.8741575
      ],
      [
       50.4197684,
       -17.9046629
      ],
      [
       50.4265984,
       -17.9353874
      ],
      [
       50.4324131,
       -17.9663006
      ],
      [
       50.4372061,
       -17.9973721
      ],
      [
       50.4409723,
       -18.0285714
      ],
      [
       50.4437073,
       -18.0598678
      ],
      [
       50.4454079,
       -18.0912303
      ],
      [
       50.4460719,
       -18.1226282
      ],
      [
       50.4456981,
       -18.1540304
      ],
      [
       50.4442863,
       -18.1854059
      ],
      [
       50.4418372,
       -18.2167239
      ],
      [
       50.4383529,
       -18.2479532
      ],
      [
       50.4338361,
       -18.2790631
      ],
      [
       50.4282908,
       -18.3100228
      ],
      [
       50.4217219,
       -18.3408017
      ],
      [
       50.4141354,
       -18.3713693
      ],
      [
       50.4055382,
       -18.4016953
      ],
      [
       50.3959383,
       -18.4317496
      ],
      [
       50.3853447,
       -18.4615025
      ],
      [
       50.3737674,
       -18.4909245
      ],
      [
       50.3612174,
       -18.5199863
      ],
      [
       50.3477066,
       -18.5486591
      ],
      [
       50.333248,
       -18.5769143
      ],
      [
       50.3178556,
       -18.604724
      ],
      [
       50.301544,
       -18.6320604
      ],
      [
       50.2843291,
       -18.6588963
      ],
      [
       50.2662277,
       -18.6852049
      ],
      [
       50.2472574,
       -18.7109602
      ],
      [
       50.2274365,
       -18.7361364
      ],
      [
       50.2067846,
       -18.7607084
      ],
      [
       50.1853219,
       -18.7846517
      ],
      [
       50.1630694,
       -18.8079424
      ],
      [
       50.140049,
       -18.8305573
      ],
      [
       50.1162834,
       -18.8524737
      ],
      [
       50.0917961,
       -18.8736698
      ],
      [
       50.0666112,
       -18.8941243
      ],
      [
       50.0407537,
       -18.9138168
      ],
      [
       50.0142492,
       -18.9327276
      ],
      [
       49.9871241,
       -18.9508378
      ],
      [
       49.9594052,
       -18.9681292
      ],
      [
       49.9311201,
       -18.9845845
      ],
      [
       49.9022971,
       -19.0001872
      ],
      [
       49.8729648,
       -19.0149217
      ],
      [
       49.8431525,
       -19.0287732
      ],
      [
       49.81289,
       -19.0417279
      ],
      [
       49.7822074,
       -19.0537727
      ],
      [
       49.7511356,
       -19.0648955
      ],
      [
       49.7197056,
       -19.0750852
      ],
      [
       49.6879489,
       -19.0843315
      ],
      [
       49.6558973,
       -19.0926252
      ],
      [
       49.6235829,
       -19.0999579
      ],
      [
       49.5910382,
       -19.1063223
      ],
      [
       49.5582957,
       -19.111712
      ],
      [
       49.5253884,
       -19.1161215
      ],
      [
       49.4923493,
       -19.1195465
      ],
      [
       49.4592116,
       -19.1219835
      ],
      [
       49.4260086,
       -19.12343
      ],
      [
       49.3927736,
       -19.1238846
      ],
      [
       49.3595399,
       -19.1233468
      ],
      [
       49.3263411,
       -19.1218172
      ],
      [
       49.2932104,
       -19.1192973
      ],
      [
       49.260181,
       -19.1157897
      ],
      [
       49.2272863,
       -19.1112978
      ],
      [
       49.1945592,
       -19.1058262
      ],
      [
       49.1620325,
       -19.0993804
      ],
      [
       49.1297389,
       -19.0919668
      ],
      [
       49.0977107,
       -19.0835929
      ],
      [
       49.0659802,
       -19.0742671
      ],
      [
       49.034579,
       -19.0639988
      ],
      [
       49.0035387,
       -19.0527983
      ],
      [
       48.9728902,
       -19.0406768
      ],
      [
       48.9426642,
       -19.0276464
      ],
      [
       48.912891,
       -19.0137204
      ],
      [
       48.8836003,
       -18.9989125
      ],
      [
       48.8548212,
       -18.9832377
      ],
      [
       48.8265826,
       -18.9667116
      ],
      [
       48.81,
       -18.955
      ],
      [
       48.81,
       -18.955
      ],
      [
       49.0319444,
       -18.8047222
      ],
      [
       48.4783333,
       -18.1
      ]
     ]
    ]
   }
  },
  {
   "type": "Feature",
   "properties": {
    "ll": {
     "value": 145,
     "unit": 6,
     "referenceDatum": 2
    },
    "ul": {
     "value": 245,
     "unit": 6,
     "referenceDatum": 2
    },
    "_id": "62cfcd449f7e2ede51a82556",
    "name": "TMA TOAMASINA 2 118.300",
    "type": 0,
    "icao": 0,
    "bnd": [
     [
      -19.1238846,
      48.3422772
     ],
     [
      -17.1244488,
      50.4460719
     ]
    ]
   },
   "geometry": {
    "type": "Polygon",
    "coordinates": [
     [
      [
       48.4783333,
       -18.1
      ],
      [
       48.3438889,
       -18.1827778
      ],
      [
       48.3438889,
       -18.1827778
      ],
      [
       48.342564,
       -18.1513988
      ],
      [
       48.3422772,
       -18.1199958
      ],
      [
       48.3430282,
       -18.0885997
      ],
      [
       48.3448156,
       -18.0572415
      ],
      [
       48.3476372,
       -18.0259521
      ],
      [
       48.3514896,
       -17.9947623
      ],
      [
       48.3563685,
       -17.9637029
      ],
      [
       48.3622685,
       -17.9328043
      ],
      [
       48.3691834,
       -17.9020971
      ],
      [
       48.3771057,
       -17.8716113
      ],
      [
       48.3860272,
       -17.841377
      ],
      [
       48.3959387,
       -17.8114238
      ],
      [
       48.4068299,
       -17.7817812
      ],
      [
       48.4186896,
       -17.7524781
      ],
      [
       48.4315058,
       -17.7235435
      ],
      [
       48.4452654,
       -17.6950055
      ],
      [
       48.4599546,
       -17.6668922
      ],
      [
       48.4755584,
       -17.6392311
      ],
      [
       48.4920613,
       -17.6120493
      ],
      [
       48.5094466,
       -17.5853734
      ],
      [
       48.5276971,
       -17.5592295
      ],
      [
       48.5467944,
       -17.5336431
      ],
      [
       48.5667196,
       -17.5086392
      ],
      [
       48.587453,
       -17.4842423
      ],
      [
       48.6089738,
       -17.4604762
      ],
      [
       48.6312609,
       -17.4373641
      ],
      [
       48.6542922,
       -17.4149285
      ],
      [
       48.678045,
       -17.3931913
      ],
      [
       48.7024959,
       -17.3721738
      ],
      [
       48.7276208,
       -17.3518963
      ],
      [
       48.7533951,
       -17.3323787
      ],
      [
       48.7797934,
       -17.31364
      ],
      [
       48.8067898,
       -17.2956984
      ],
      [
       48.834358,
       -17.2785714
      ],
      [
       48.8624708,
       -17.2622757
      ],
      [
       48.8911009,
       -17.2468271
      ],
      [
       48.9202203,
       -17.2322407
      ],
      [
       48.9498005,
       -17.2185306
      ],
      [
       48.9798127,
       -17.2057102
      ],
      [
       49.0102276,
       -17.1937919
      ],
      [
       49.0410156,
       -17.1827874
      ],
      [
       49.0721468,
       -17.1727073
      ],
      [
       49.1035907,
       -17.1635614
      ],
      [
       49.135317,
       -17.1553586
      ],
      [
       49.1672946,
       -17.1481069
      ],
      [
       49.1994925,
       -17.1418133
      ],
      [
       49.2318794,
       -17.1364839
      ],
      [
       49.2644239,
       -17.132124
      ],
      [
       49.2970944,
       -17.1287377
      ],
      [
       49.3298591,
       -17.1263283
      ],
      [
       49.3626863,
       -17.1248982
      ],
      [
       49.395544,
       -17.1244488
      ],
      [
       49.4284003,
       -17.1249804
      ],
      [
       49.4612234,
       -17.1264927
      ],
      [
       49.4939815,
       -17.128984
      ],
      [
       49.5266426,
       -17.1324521
      ],
      [
       49.5591751,
       -17.1368935
      ],
      [
       49.5915474,
       -17.1423039
      ],
      [
       49.6237281,
       -17.148678
      ],
      [
       49.6556858,
       -17.1560097
      ],
      [
       49.6873895,
       -17.1642919
      ],
      [
       49.7188085,
       -17.1735165
      ],
      [
       49.749912,
       -17.1836744
      ],
      [
       49.7806699,
       -17.194756
      ],
      [
       49.8110522,
       -17.2067504
      ],
      [
       49.8410293,
       -17.2196458
      ],
      [
       49.870572,
       -17.2334299
      ],
      [
       49.8996514,
       -17.2480892
      ],
      [
       49.9282392,
       -17.2636093
      ],
      [
       49.9563075,
       -17.2799754
      ],
      [
       49.9838287,
       -17.2971713
      ],
      [
       50.010776,
       -17.3151804
      ],
      [
       50.037123,
       -17.3339851
      ],
      [
       50.0628438,
       -17.3535671
      ],
      [
       50.0879131,
       -17.3739073
      ],
      [
       50.1123064,
       -17.394986
      ],
      [
       50.1359996,
       -17.4167826
      ],
      [
       50.1589694,
       -17.4392757
      ],
      [
       50.1811931,
       -17.4624435
      ],
      [
       50.2026488,
       -17.4862634
      ],
      [
       50.2233152,
       -17.5107121
      ],
      [
       50.2431718,
       -17.5357658
      ],
      [
       50.2621988,
       -17.5613999
      ],
      [
       50.2803774,
       -17.5875894
      ],
      [
       50.2976895,
       -17.6143087
      ],
      [
       50.3141176,
       -17.6415317
      ],
      [
       50.3296454,
       -17.6692317
      ],
      [
       50.3442572,
       -17.6973817
      ],
      [
       50.3579382,
       -17.725954
      ],
      [
       50.3706747,
       -17.7549206
      ],
      [
       50.3824537,
       -17.7842532
      ],
      [
       50.3932632,
       -17.813923
      ],
      [
       50.4030921,
       -17.8439009
      ],
      [
       50.4119302,
       -17.8741575
      ],
      [
       50.4197684,
       -17.9046629
      ],
      [
       50.4265984,
       -17.9353874
      ],
      [
       50.4324131,
       -17.9663006
      ],
      [
       50.4372061,
       -17.9973721
      ],
      [
       50.4409723,
       -18.0285714
      ],
      [
       50.4437073,
       -18.0598678
      ],
      [
       50.4454079,
       -18.0912303
      ],
      [
       50.4460719,
       -18.1226282
      ],
      [
       50.4456981,
       -18.1540304
      ],
      [
       50.4442863,
       -18.1854059
      ],
      [
       50.4418372,
       -18.2167239
      ],
      [
       50.4383529,
       -18.2479532
      ],
      [
       50.4338361,
       -18.2790631
      ],
      [
       50.4282908,
       -18.3100228
      ],
      [
       50.4217219,
       -18.3408017
      ],
      [
       50.4141354,
       -18.3713693
      ],
      [
       50.4055382,
       -18.4016953
      ],
      [
       50.3959383,
       -18.4317496
      ],
      [
       50.3853447,
       -18.4615025
      ],
      [
       50.3737674,
       -18.4909245
      ],
      [
       50.3612174,
       -18.5199863
      ],
      [
       50.3477066,
       -18.5486591
      ],
      [
       50.333248,
       -18.5769143
      ],
      [
       50.3178556,
       -18.604724
      ],
      [
       50.301544,
       -18.6320604
      ],
      [
       50.2843291,
       -18.6588963
      ],
      [
       50.2662277,
       -18.6852049
      ],
      [
       50.2472574,
       -18.7109602
      ],
      [
       50.2274365,
       -18.7361364
      ],
      [
       50.2067846,
       -18.7607084
      ],
      [
       50.1853219,
       -18.7846517
      ],
      [
       50.1630694,
       -18.8079424
      ],
      [
       50.140049,
       -18.8305573
      ],
      [
       50.1162834,
       -18.8524737
      ],
      [
       50.0917961,
       -18.8736698
      ],
      [
       50.0666112,
       -18.8941243
      ],
      [
       50.0407537,
       -18.9138168
      ],
      [
       50.0142492,
       -18.9327276
      ],
      [
       49.9871241,
       -18.9508378
      ],
      [
       49.9594052,
       -18.9681292
      ],
      [
       49.9311201,
       -18.9845845
      ],
      [
       49.9022971,
       -19.0001872
      ],
      [
       49.8729648,
       -19.0149217
      ],
      [
       49.8431525,
       -19.0287732
      ],
      [
       49.81289,
       -19.0417279
      ],
      [
       49.7822074,
       -19.0537727
      ],
      [
       49.7511356,
       -19.0648955
      ],
      [
       49.7197056,
       -19.0750852
      ],
      [
       49.6879489,
       -19.0843315
      ],
      [
       49.6558973,
       -19.0926252
      ],
      [
       49.6235829,
       -19.0999579
      ],
      [
       49.5910382,
       -19.1063223
      ],
      [
       49.5582957,
       -19.111712
      ],
      [
       49.5253884,
       -19.1161215
      ],
      [
       49.4923493,
       -19.1195465
      ],
      [
       49.4592116,
       -19.1219835
      ],
      [
       49.4260086,
       -19.12343
      ],
      [
       49.3927736,
       -19.1238846
      ],
      [
       49.3595399,
       -19.1233468
      ],
      [
       49.3263411,
       -19.1218172
      ],
      [
       49.2932104,
       -19.1192973
      ],
      [
       49.260181,
       -19.1157897
      ],
      [
       49.2272863,
       -19.1112978
      ],
      [
       49.1945592,
       -19.1058262
      ],
      [
       49.1620325,
       -19.0993804
      ],
      [
       49.1297389,
       -19.0919668
      ],
      [
       49.0977107,
       -19.0835929
      ],
      [
       49.0659802,
       -19.0742671
      ],
      [
       49.034579,
       -19.0639988
      ],
      [
       49.0035387,
       -19.0527983
      ],
      [
       48.9728902,
       -19.0406768
      ],
      [
       48.9426642,
       -19.0276464
      ],
      [
       48.912891,
       -19.0137204
      ],
      [
       48.8836003,
       -18.9989125
      ],
      [
       48.8548212,
       -18.9832377
      ],
      [
       48.8265826,
       -18.9667116
      ],
      [
       48.81,
       -18.955
      ],
      [
       48.81,
       -18.955
      ],
      [
       49.0319444,
       -18.8047222
      ],
      [
       48.4783333,
       -18.1
      ]
     ]
    ]
   }
  },
  {
   "type": "Feature",
   "properties": {
    "ll": {
     "value": 0,
     "unit": 1,
     "referenceDatum": 0
    },
    "ul": {
     "value": 2000,
     "unit": 1,
     "referenceDatum": 0
    },
    "_id": "62cfcd4b9f7e2ede51a82768",
    "name": "TOLIARY FIZ",
    "type": 6,
    "icao": 7,
    "bnd": [
     [
      -23.7242194,
      43.3590095
     ],
     [
      -23.0580028,
      44.0848794
     ]
    ]
   },
   "geometry": {
    "type": "Polygon",
    "coordinates": [
     [
      [
       43.7219444,
       -23.0580028
      ],
      [
       43.7105728,
       -23.0581668
      ],
      [
       43.6992123,
       -23.0586585
      ],
      [
       43.6878741,
       -23.0594775
      ],
      [
       43.6765692,
       -23.060623
      ],
      [
       43.6653088,
       -23.0620938
      ],
      [
       43.6541039,
       -23.0638885
      ],
      [
       43.6429655,
       -23.0660054
      ],
      [
       43.6319044,
       -23.0684423
      ],
      [
       43.6209315,
       -23.071197
      ],
      [
       43.6100576,
       -23.0742666
      ],
      [
       43.5992934,
       -23.0776482
      ],
      [
       43.5886493,
       -23.0813385
      ],
      [
       43.5781359,
       -23.0853338
      ],
      [
       43.5677634,
       -23.0896303
      ],
      [
       43.5575421,
       -23.0942237
      ],
      [
       43.5474819,
       -23.0991095
      ],
      [
       43.5375928,
       -23.1042829
      ],
      [
       43.5278844,
       -23.109739
      ],
      [
       43.5183663,
       -23.1154722
      ],
      [
       43.5090479,
       -23.121477
      ],
      [
       43.4999384,
       -23.1277475
      ],
      [
       43.4910466,
       -23.1342775
      ],
      [
       43.4823814,
       -23.1410607
      ],
      [
       43.4739513,
       -23.1480904
      ],
      [
       43.4657645,
       -23.1553596
      ],
      [
       43.4578293,
       -23.1628613
      ],
      [
       43.4501534,
       -23.1705881
      ],
      [
       43.4427443,
       -23.1785324
      ],
      [
       43.4356095,
       -23.1866863
      ],
      [
       43.4287559,
       -23.195042
      ],
      [
       43.4221905,
       -23.2035911
      ],
      [
       43.4159195,
       -23.2123253
      ],
      [
       43.4099494,
       -23.221236
      ],
      [
       43.404286,
       -23.2303144
      ],
      [
       43.3989349,
       -23.2395517
      ],
      [
       43.3939016,
       -23.2489386
      ],
      [
       43.3891909,
       -23.2584661
      ],
      [
       43.3848076,
       -23.2681246
      ],
      [
       43.3807561,
       -23.2779048
      ],
      [
       43.3770404,
       -23.287797
      ],
      [
       43.3736643,
       -23.2977914
      ],
      [
       43.3706312,
       -23.3078782
      ],
      [
       43.3679441,
       -23.3180475
      ],
      [
       43.3656058,
       -23.3282892
      ],
      [
       43.3636187,
       -23.3385933
      ],
      [
       43.3619848,
       -23.3489497
      ],
      [
       43.3607057,
       -23.359348
      ],
      [
       43.3597829,
       -23.3697781
      ],
      [
       43.3592173,
       -23.3802296
      ],
      [
       43.3590095,
       -23.3906923
      ],
      [
       43.3591599,
       -23.4011558
      ],
      [
       43.3596685,
       -23.4116098
      ],
      [
       43.3605347,
       -23.422044
      ],
      [
       43.3617578,
       -23.432448
      ],
      [
       43.3633367,
       -23.4428117
      ],
      [
       43.3652699,
       -23.4531247
      ],
      [
       43.3675555,
       -23.4633769
      ],
      [
       43.3701915,
       -23.4735581
      ],
      [
       43.3731753,
       -23.4836584
      ],
      [
       43.3765039,
       -23.4936676
      ],
      [
       43.3801743,
       -23.5035758
      ],
      [
       43.3841828,
       -23.5133734
      ],
      [
       43.3885255,
       -23.5230506
      ],
      [
       43.3931983,
       -23.5325978
      ],
      [
       43.3981966,
       -23.5420055
      ],
      [
       43.4035154,
       -23.5512645
      ],
      [
       43.4091496,
       -23.5603656
      ],
      [
       43.4150937,
       -23.5692997
      ],
      [
       43.4213418,
       -23.5780581
      ],
      [
       43.4278879,
       -23.586632
      ],
      [
       43.4347255,
       -23.5950129
      ],
      [
       43.4418478,
       -23.6031925
      ],
      [
       43.4492478,
       -23.6111628
      ],
      [
       43.4569184,
       -23.6189158
      ],
      [
       43.4648518,
       -23.6264438
      ],
      [
       43.4730403,
       -23.6337393
      ],
      [
       43.4814759,
       -23.6407952
      ],
      [
       43.49015,
       -23.6476043
      ],
      [
       43.4990543,
       -23.6541601
      ],
      [
       43.5081799,
       -23.6604558
      ],
      [
       43.5175177,
       -23.6664854
      ],
      [
       43.5270585,
       -23.6722428
      ],
      [
       43.5367929,
       -23.6777222
      ],
      [
       43.5467112,
       -23.6829183
      ],
      [
       43.5568037,
       -23.6878259
      ],
      [
       43.5670601,
       -23.6924401
      ],
      [
       43.5774705,
       -23.6967563
      ],
      [
       43.5880245,
       -23.7007702
      ],
      [
       43.5987116,
       -23.7044779
      ],
      [
       43.6095211,
       -23.7078756
      ],
      [
       43.6204425,
       -23.7109601
      ],
      [
       43.6314647,
       -23.7137281
      ],
      [
       43.6425768,
       -23.716177
      ],
      [
       43.6537679,
       -23.7183043
      ],
      [
       43.6650268,
       -23.7201079
      ],
      [
       43.6763423,
       -23.7215861
      ],
      [
       43.6877031,
       -23.7227373
      ],
      [
       43.6990979,
       -23.7235604
      ],
      [
       43.7105155,
       -23.7240546
      ],
      [
       43.7219444,
       -23.7242194
      ],
      [
       43.7333734,
       -23.7240546
      ],
      [
       43.744791,
       -23.7235604
      ],
      [
       43.7561858,
       -23.7227373
      ],
      [
       43.7675466,
       -23.7215861
      ],
      [
       43.7788621,
       -23.7201079
      ],
      [
       43.790121,
       -23.7183043
      ],
      [
       43.801312,
       -23.716177
      ],
      [
       43.8124242,
       -23.7137281
      ],
      [
       43.8234464,
       -23.7109601
      ],
      [
       43.8343677,
       -23.7078756
      ],
      [
       43.8451773,
       -23.7044779
      ],
      [
       43.8558644,
       -23.7007702
      ],
      [
       43.8664184,
       -23.6967563
      ],
      [
       43.8768287,
       -23.6924401
      ],
      [
       43.8870852,
       -23.6878259
      ],
      [
       43.8971776,
       -23.6829183
      ],
      [
       43.907096,
       -23.6777222
      ],
      [
       43.9168304,
       -23.6722428
      ],
      [
       43.9263712,
       -23.6664854
      ],
      [
       43.935709,
       -23.6604558
      ],
      [
       43.9448346,
       -23.6541601
      ],
      [
       43.9537389,
       -23.6476043
      ],
      [
       43.962413,
       -23.6407952
      ],
      [
       43.9708486,
       -23.6337393
      ],
      [
       43.9790371,
       -23.6264438
      ],
      [
       43.9869705,
       -23.6189158
      ],
      [
       43.994641,
       -23.6111628
      ],
      [
       44.0020411,
       -23.6031925
      ],
      [
       44.0091634,
       -23.5950129
      ],
      [
       44.016001,
       -23.586632
      ],
      [
       44.022547,
       -23.5780581
      ],
      [
       44.0287952,
       -23.5692997
      ],
      [
       44.0347393,
       -23.5603656
      ],
      [
       44.0403735,
       -23.5512645
      ],
      [
       44.0456923,
       -23.5420055
      ],
      [
       44.0506906,
       -23.5325978
      ],
      [
       44.0553633,
       -23.5230506
      ],
      [
       44.0597061,
       -23.5133734
      ],
      [
       44.0637146,
       -23.5035758
      ],
      [
       44.067385,
       -23.4936676
      ],
      [
       44.0707136,
       -23.4836584
      ],
      [
       44.0736974,
       -23.4735581
      ],
      [
       44.0763334,
       -23.4633769
      ],
      [
       44.078619,
       -23.4531247
      ],
      [
       44.0805522,
       -23.4428117
      ],
      [
       44.0821311,
       -23.432448
      ],
      [
       44.0833542,
       -23.422044
      ],
      [
       44.0842204,
       -23.4116098
      ],
      [
       44.0847289,
       -23.4011558
      ],
      [
       44.0848794,
       -23.3906923
      ],
      [
       44.0846716,
       -23.3802296
      ],
      [
       44.084106,
       -23.3697781
      ],
      [
       44.0831832,
       -23.359348
      ],
      [
       44.0819041,
       -23.3489497
      ],
      [
       44.0802702,
       -23.3385933
      ],
      [
       44.078283,
       -23.3282892
      ],
      [
       44.0759447,
       -23.3180475
      ],
      [
       44.0732577,
       -23.3078782
      ],
      [
       44.0702246,
       -23.2977914
      ],
      [
       44.0668485,
       -23.287797
      ],
      [
       44.0631328,
       -23.2779048
      ],
      [
       44.0590813,
       -23.2681246
      ],
      [
       44.054698,
       -23.2584661
      ],
      [
       44.0499873,
       -23.2489386
      ],
      [
       44.0449539,
       -23.2395517
      ],
      [
       44.0396029,
       -23.2303144
      ],
      [
       44.0339395,
       -23.221236
      ],
      [
       44.0279693,
       -23.2123253
      ],
      [
       44.0216984,
       -23.2035911
      ],
      [
       44.0151329,
       -23.195042
      ],
      [
       44.0082794,
       -23.1866863
      ],
      [
       44.0011446,
       -23.1785324
      ],
      [
       43.9937355,
       -23.1705881
      ],
      [
       43.9860596,
       -23.1628613
      ],
      [
       43.9781244,
       -23.1553596
      ],
      [
       43.9699376,
       -23.1480904
      ],
      [
       43.9615075,
       -23.1410607
      ],
      [
       43.9528423,
       -23.1342775
      ],
      [
       43.9439505,
       -23.1277475
      ],
      [
       43.934841,
       -23.121477
      ],
      [
       43.9255226,
       -23.1154722
      ],
      [
       43.9160045,
       -23.109739
      ],
      [
       43.9062961,
       -23.1042829
      ],
      [
       43.896407,
       -23.0991095
      ],
      [
       43.8863468,
       -23.0942237
      ],
      [
       43.8761255,
       -23.0896303
      ],
      [
       43.865753,
       -23.0853338
      ],
      [
       43.8552396,
       -23.0813385
      ],
      [
       43.8445955,
       -23.0776482
      ],
      [
       43.8338313,
       -23.0742666
      ],
      [
       43.8229574,
       -23.071197
      ],
      [
       43.8119845,
       -23.0684423
      ],
      [
       43.8009234,
       -23.0660054
      ],
      [
       43.789785,
       -23.0638885
      ],
      [
       43.77858,
       -23.0620938
      ],
      [
       43.7673196,
       -23.060623
      ],
      [
       43.7560148,
       -23.0594775
      ],
      [
       43.7446766,
       -23.0586585
      ],
      [
       43.7333161,
       -23.0581668
      ],
      [
       43.7219444,
       -23.0580028
      ]
     ]
    ]
   }
  }
 ]
}