{
 "type": "FeatureCollection",
 "countryCode": "md",
 "features": [
  {
   "type": "Feature",
   "properties": {
    "ll": {
     "value": 4000,
     "unit": 1,
     "referenceDatum": 1
    },
    "ul": {
     "value": 660,
     "unit": 6,
     "referenceDatum": 2
    },
    "_id": "62614ddd0e8346dfd924c8b5",
    "name": "CHISINAU CTA 136.125",
    "type": 0,
    "icao": 2,
    "bnd": [
     [
      45.4733333,
      26.6188889
     ],
     [
      48.4891667,
      30.1355556
     ]
    ]
   },
   "geometry": {
    "type": "Polygon",
    "coordinates": [
     [
      [
       26.6236111,
       48.2505556
      ],
      [
       26.6188889,
       48.265
      ],
      [
       26.64,
       48.285
      ],
      [
       26.6536111,
       48.3136111
      ],
      [
       26.6602778,
       48.3172222
      ],
      [
       26.67,
       48.3111111
      ],
      [
       26.6802778,
       48.3080556
      ],
      [
       26.685,
       48.3144444
      ],
      [
       26.6841667,
       48.3308333
      ],
      [
       26.6975,
       48.3363889
      ],
      [
       26.7252778,
       48.3313889
      ],
      [
       26.7519444,
       48.3177778
      ],
      [
       26.7672222,
       48.3030556
      ],
      [
       26.7897222,
       48.2952778
      ],
      [
       26.8130556,
       48.2922222
      ],
      [
       26.8280556,
       48.3097222
      ],
      [
       26.8202778,
       48.3488889
      ],
      [
       26.7894444,
       48.3541667
      ],
      [
       26.7288889,
       48.3933333
      ],
      [
       26.7172222,
       48.4083333
      ],
      [
       26.7241667,
       48.4169444
      ],
      [
       26.7477778,
       48.4255556
      ],
      [
       26.8036111,
       48.4216667
      ],
      [
       26.8811111,
       48.4258333
      ],
      [
       26.8927778,
       48.4133333
      ],
      [
       26.9055556,
       48.3825
      ],
      [
       26.9588889,
       48.365
      ],
      [
       27.0027778,
       48.3652778
      ],
      [
       27.0163889,
       48.3783333
      ],
      [
       27.0341667,
       48.3875
      ],
      [
       27.0519444,
       48.3927778
      ],
      [
       27.0491667,
       48.4102778
      ],
      [
       27.0361111,
       48.4311111
      ],
      [
       27.0441667,
       48.4386111
      ],
      [
       27.0761111,
       48.4372222
      ],
      [
       27.0941667,
       48.4091667
      ],
      [
       27.1125,
       48.3994444
      ],
      [
       27.1244444,
       48.3875
      ],
      [
       27.1505556,
       48.3827778
      ],
      [
       27.1883333,
       48.3941667
      ],
      [
       27.2058333,
       48.3952778
      ],
      [
       27.2427778,
       48.3727778
      ],
      [
       27.2847222,
       48.3841667
      ],
      [
       27.3155556,
       48.4211111
      ],
      [
       27.3338889,
       48.4486111
      ],
      [
       27.3591667,
       48.4461111
      ],
      [
       27.3769444,
       48.415
      ],
      [
       27.3966667,
       48.4141667
      ],
      [
       27.43,
       48.4208333
      ],
      [
       27.4552778,
       48.4191667
      ],
      [
       27.4677778,
       48.4322222
      ],
      [
       27.4716667,
       48.4488889
      ],
      [
       27.5116667,
       48.46
      ],
      [
       27.5661111,
       48.4738889
      ],
      [
       27.5883333,
       48.4891667
      ],
      [
       27.6041667,
       48.4866667
      ],
      [
       27.5994444,
       48.4672222
      ],
      [
       27.6161111,
       48.4577778
      ],
      [
       27.6538889,
       48.4461111
      ],
      [
       27.7252778,
       48.4547222
      ],
      [
       27.7636111,
       48.4586111
      ],
      [
       27.7947222,
       48.4486111
      ],
      [
       27.8261111,
       48.4233333
      ],
      [
       27.8533333,
       48.4172222
      ],
      [
       27.8794444,
       48.4041667
      ],
      [
       27.8908333,
       48.3741667
      ],
      [
       27.9547222,
       48.3338889
      ],
      [
       28.0233333,
       48.3275
      ],
      [
       28.0622222,
       48.3252778
      ],
      [
       28.0908333,
       48.3119444
      ],
      [
       28.0972222,
       48.285
      ],
      [
       28.0838889,
       48.2469444
      ],
      [
       28.0972222,
       48.235
      ],
      [
       28.1336111,
       48.2438889
      ],
      [
       28.1480556,
       48.2619444
      ],
      [
       28.1797222,
       48.2586111
      ],
      [
       28.1852778,
       48.2336111
      ],
      [
       28.1958333,
       48.2136111
      ],
      [
       28.2177778,
       48.2086111
      ],
      [
       28.2861111,
       48.2341667
      ],
      [
       28.3119444,
       48.2397222
      ],
      [
       28.3255556,
       48.235
      ],
      [
       28.3391667,
       48.245
      ],
      [
       28.3544444,
       48.2480556
      ],
      [
       28.3716667,
       48.225
      ],
      [
       28.3633333,
       48.1916667
      ],
      [
       28.3469444,
       48.1786111
      ],
      [
       28.3144444,
       48.1622222
      ],
      [
       28.3105556,
       48.1488889
      ],
      [
       28.3166667,
       48.1358333
      ],
      [
       28.3369444,
       48.1330556
      ],
      [
       28.3627778,
       48.1408333
      ],
      [
       28.3705556,
       48.1627778
      ],
      [
       28.3944444,
       48.1747222
      ],
      [
       28.43,
       48.1738889
      ],
      [
       28.4416667,
       48.1530556
      ],
      [
       28.435,
       48.1394444
      ],
      [
       28.4294444,
       48.125
      ],
      [
       28.4494444,
       48.0883333
      ],
      [
       28.4680556,
       48.0736111
      ],
      [
       28.4966667,
       48.0641667
      ],
      [
       28.5025,
       48.0691667
      ],
      [
       28.5008333,
       48.1108333
      ],
      [
       28.5208333,
       48.1213889
      ],
      [
       28.5333333,
       48.1330556
      ],
      [
       28.5386111,
       48.1488889
      ],
      [
       28.5447222,
       48.1616667
      ],
      [
       28.5772222,
       48.1722222
      ],
      [
       28.5819444,
       48.1616667
      ],
      [
       28.5944444,
       48.1666667
      ],
      [
       28.6108333,
       48.1683333
      ],
      [
       28.6386111,
       48.1525
      ],
      [
       28.6555556,
       48.1452778
      ],
      [
       28.685,
       48.1430556
      ],
      [
       28.6997222,
       48.1330556
      ],
      [
       28.7216667,
       48.1319444
      ],
      [
       28.7602778,
       48.1380556
      ],
      [
       28.7808333,
       48.1352778
      ],
      [
       28.79,
       48.1230556
      ],
      [
       28.8186111,
       48.1277778
      ],
      [
       28.8363889,
       48.1280556
      ],
      [
       28.8561111,
       48.1136111
      ],
      [
       28.8575,
       48.0827778
      ],
      [
       28.8555556,
       48.0666667
      ],
      [
       28.8647222,
       48.0555556
      ],
      [
       28.8555556,
       48.0330556
      ],
      [
       28.8808333,
       48.0094444
      ],
      [
       28.9008333,
       48.0130556
      ],
      [
       28.9627778,
       47.9905556
      ],
      [
       28.9986111,
       47.9777778
      ],
      [
       29.0519444,
       47.9638889
      ],
      [
       29.0886111,
       47.9577778
      ],
      [
       29.105,
       47.9655556
      ],
      [
       29.1325,
       47.9836111
      ],
      [
       29.1633333,
       48.0036111
      ],
      [
       29.1819444,
       48.0047222
      ],
      [
       29.1947222,
       47.9944444
      ],
      [
       29.2261111,
       47.9397222
      ],
      [
       29.2391667,
       47.9061111
      ],
      [
       29.2458333,
       47.9008333
      ],
      [
       29.2588889,
       47.8977778
      ],
      [
       29.2622222,
       47.8891667
      ],
      [
       29.2375,
       47.8508333
      ],
      [
       29.2130556,
       47.8055556
      ],
      [
       29.2152778,
       47.7977778
      ],
      [
       29.2413889,
       47.8016667
      ],
      [
       29.2588889,
       47.8075
      ],
      [
       29.2725,
       47.8094444
      ],
      [
       29.2791667,
       47.8033333
      ],
      [
       29.2641667,
       47.7741667
      ],
      [
       29.25,
       47.76
      ],
      [
       29.2455556,
       47.7463889
      ],
      [
       29.2519444,
       47.7125
      ],
      [
       29.245,
       47.6561111
      ],
      [
       29.2283333,
       47.6308333
      ],
      [
       29.1902778,
       47.5977778
      ],
      [
       29.1477778,
       47.5716667
      ],
      [
       29.1352778,
       47.5580556
      ],
      [
       29.1325,
       47.5433333
      ],
      [
       29.1652778,
       47.5327778
      ],
      [
       29.1816667,
       47.5236111
      ],
      [
       29.1788889,
       47.5047222
      ],
      [
       29.1777778,
       47.4966667
      ],
      [
       29.1772222,
       47.4772222
      ],
      [
       29.1875,
       47.4702778
      ],
      [
       29.2058333,
       47.4658333
      ],
      [
       29.2366667,
       47.4527778
      ],
      [
       29.2644444,
       47.4441667
      ],
      [
       29.2861111,
       47.4427778
      ],
      [
       29.3077778,
       47.4480556
      ],
      [
       29.3258333,
       47.4472222
      ],
      [
       29.34,
       47.4375
      ],
      [
       29.3552778,
       47.4055556
      ],
      [
       29.3772222,
       47.385
      ],
      [
       29.3797222,
       47.3572222
      ],
      [
       29.3833333,
       47.335
      ],
      [
       29.3927778,
       47.3191667
      ],
      [
       29.4080556,
       47.3077778
      ],
      [
       29.4227778,
       47.31
      ],
      [
       29.4319444,
       47.3077778
      ],
      [
       29.4347222,
       47.3002778
      ],
      [
       29.4594444,
       47.3086111
      ],
      [
       29.4841667,
       47.3119444
      ],
      [
       29.4944444,
       47.3216667
      ],
      [
       29.5047222,
       47.34
      ],
      [
       29.5030556,
       47.3516667
      ],
      [
       29.5036111,
       47.3647222
      ],
      [
       29.5225,
       47.3716667
      ],
      [
       29.5491667,
       47.3713889
      ],
      [
       29.5702778,
       47.3791667
      ],
      [
       29.5852778,
       47.3725
      ],
      [
       29.5916667,
       47.3566667
      ],
      [
       29.5977778,
       47.3208333
      ],
      [
       29.6005556,
       47.2880556
      ],
      [
       29.5886111,
       47.2830556
      ],
      [
       29.5636111,
       47.2627778
      ],
      [
       29.5625,
       47.2311111
      ],
      [
       29.5697222,
       47.1991667
      ],
      [
       29.5711111,
       47.1630556
      ],
      [
       29.5605556,
       47.1505556
      ],
      [
       29.5375,
       47.1327778
      ],
      [
       29.5316667,
       47.1136111
      ],
      [
       29.5397222,
       47.1019444
      ],
      [
       29.5694444,
       47.0938889
      ],
      [
       29.5886111,
       47.0908333
      ],
      [
       29.6175,
       47.0813889
      ],
      [
       29.6280556,
       47.055
      ],
      [
       29.6316667,
       47.0261111
      ],
      [
       29.6280556,
       46.995
      ],
      [
       29.6094444,
       46.98
      ],
      [
       29.58,
       46.9616667
      ],
      [
       29.5752778,
       46.9530556
      ],
      [
       29.5888889,
       46.9447222
      ],
      [
       29.6263889,
       46.9572222
      ],
      [
       29.6430556,
       46.9525
      ],
      [
       29.6530556,
       46.9258333
      ],
      [
       29.6777778,
       46.9211111
      ],
      [
       29.7077778,
       46.9227778
      ],
      [
       29.7191667,
       46.9275
      ],
      [
       29.7347222,
       46.9197222
      ],
      [
       29.7413889,
       46.9027778
      ],
      [
       29.7527778,
       46.8644444
      ],
      [
       29.7961111,
       46.8627778
      ],
      [
       29.8466667,
       46.8736111
      ],
      [
       29.8836111,
       46.8833333
      ],
      [
       29.8930556,
       46.8641667
      ],
      [
       29.8822222,
       46.8544444
      ],
      [
       29.8827778,
       46.8455556
      ],
      [
       29.8941667,
       46.8394444
      ],
      [
       29.9041667,
       46.8283333
      ],
      [
       29.9238889,
       46.8327778
      ],
      [
       29.9427778,
       46.8425
      ],
      [
       29.9533333,
       46.8325
      ],
      [
       29.9716667,
       46.8288889
      ],
      [
       29.9744444,
       46.8208333
      ],
      [
       29.9511111,
       46.8169444
      ],
      [
       29.9386111,
       46.8102778
      ],
      [
       29.9441667,
       46.8011111
      ],
      [
       29.9833333,
       46.7680556
      ],
      [
       29.9719444,
       46.7294444
      ],
      [
       29.9727778,
       46.6919444
      ],
      [
       29.9558333,
       46.6680556
      ],
      [
       29.9555556,
       46.6336111
      ],
      [
       29.9675,
       46.5808333
      ],
      [
       29.9511111,
       46.5705556
      ],
      [
       29.9075,
       46.5519444
      ],
      [
       29.8988889,
       46.5425
      ],
      [
       29.9119444,
       46.5227778
      ],
      [
       29.9283333,
       46.5152778
      ],
      [
       29.9461111,
       46.5013889
      ],
      [
       29.9691667,
       46.5136111
      ],
      [
       29.9675,
       46.5069444
      ],
      [
       29.9711111,
       46.4969444
      ],
      [
       29.985,
       46.5038889
      ],
      [
       29.9941667,
       46.5047222
      ],
      [
       29.9963889,
       46.4894444
      ],
      [
       30.0102778,
       46.4872222
      ],
      [
       30.0033333,
       46.48
      ],
      [
       30.0061111,
       46.4736111
      ],
      [
       30.0258333,
       46.4747222
      ],
      [
       30.0225,
       46.4677778
      ],
      [
       30.0094444,
       46.4580556
      ],
      [
       30.0352778,
       46.4497222
      ],
      [
       30.0638889,
       46.4455556
      ],
      [
       30.075,
       46.4361111
      ],
      [
       30.0822222,
       46.4366667
      ],
      [
       30.1161111,
       46.4338889
      ],
      [
       30.1355556,
       46.4161111
      ],
      [
       30.1002778,
       46.4038889
      ],
      [
       30.0761111,
       46.3925
      ],
      [
       30.0647222,
       46.4022222
      ],
      [
       30.0358333,
       46.3933333
      ],
      [
       30.0102778,
       46.3825
      ],
      [
       29.9611111,
       46.4
      ],
      [
       29.9469444,
       46.4027778
      ],
      [
       29.8958333,
       46.3783333
      ],
      [
       29.8855556,
       46.3644444
      ],
      [
       29.8608333,
       46.3716667
      ],
      [
       29.8397222,
       46.3811111
      ],
      [
       29.8208333,
       46.3863889
      ],
      [
       29.8166667,
       46.4022222
      ],
      [
       29.8102778,
       46.4197222
      ],
      [
       29.7930556,
       46.4363889
      ],
      [
       29.7963889,
       46.4552778
      ],
      [
       29.7752778,
       46.465
      ],
      [
       29.7541667,
       46.4752778
      ],
      [
       29.7419444,
       46.4680556
      ],
      [
       29.7461111,
       46.4547222
      ],
      [
       29.7147222,
       46.4258333
      ],
      [
       29.705,
       46.4238889
      ],
      [
       29.6877778,
       46.4341667
      ],
      [
       29.6794444,
       46.4366667
      ],
      [
       29.6705556,
       46.4311111
      ],
      [
       29.6697222,
       46.4183333
      ],
      [
       29.6780556,
       46.3925
      ],
      [
       29.6869444,
       46.38
      ],
      [
       29.7,
       46.3747222
      ],
      [
       29.6936111,
       46.3675
      ],
      [
       29.6063889,
       46.3625
      ],
      [
       29.5786111,
       46.3811111
      ],
      [
       29.55,
       46.4122222
      ],
      [
       29.5286111,
       46.4141667
      ],
      [
       29.4986111,
       46.4436111
      ],
      [
       29.5075,
       46.4575
      ],
      [
       29.5066667,
       46.4675
      ],
      [
       29.4644444,
       46.4911111
      ],
      [
       29.4477778,
       46.4947222
      ],
      [
       29.4044444,
       46.4527778
      ],
      [
       29.4158333,
       46.435
      ],
      [
       29.3775,
       46.4605556
      ],
      [
       29.3755556,
       46.4794444
      ],
      [
       29.3663889,
       46.4894444
      ],
      [
       29.3502778,
       46.5063889
      ],
      [
       29.3272222,
       46.4969444
      ],
      [
       29.3386111,
       46.4808333
      ],
      [
       29.3205556,
       46.4747222
      ],
      [
       29.3188889,
       46.4638889
      ],
      [
       29.31,
       46.4491667
      ],
      [
       29.3147222,
       46.4433333
      ],
      [
       29.3191667,
       46.4308333
      ],
      [
       29.3186111,
       46.4144444
      ],
      [
       29.3055556,
       46.4180556
      ],
      [
       29.2744444,
       46.4166667
      ],
      [
       29.2605556,
       46.3897222
      ],
      [
       29.2519444,
       46.3833333
      ],
      [
       29.2258333,
       46.3902778
      ],
      [
       29.2166667,
       46.4027778
      ],
      [
       29.2291667,
       46.4188889
      ],
      [
       29.2188889,
       46.4266667
      ],
      [
       29.2152778,
       46.4361111
      ],
      [
       29.2225,
       46.4505556
      ],
      [
       29.2183333,
       46.4619444
      ],
      [
       29.2325,
       46.48
      ],
      [
       29.2363889,
       46.4913889
      ],
      [
       29.2372222,
       46.5194444
      ],
      [
       29.2441667,
       46.5516667
      ],
      [
       29.195,
       46.5491667
      ],
      [
       29.1711111,
       46.5494444
      ],
      [
       29.1780556,
       46.5377778
      ],
      [
       29.175,
       46.5222222
      ],
      [
       29.0613889,
       46.5205556
      ],
      [
       29.0502778,
       46.505
      ],
      [
       29.0008333,
       46.4866667
      ],
      [
       28.9752778,
       46.4655556
      ],
      [
       28.9366667,
       46.4561111
      ],
      [
       28.9547222,
       46.4138889
      ],
      [
       28.9861111,
       46.3508333
      ],
      [
       28.9927778,
       46.3308333
      ],
      [
       28.9511111,
       46.2861111
      ],
      [
       28.9591667,
       46.2711111
      ],
      [
       29.0558333,
       46.2061111
      ],
      [
       29.0458333,
       46.1866667
      ],
      [
       29.0116667,
       46.1563889
      ],
      [
       28.9619444,
       46.1158333
      ],
      [
       28.9838889,
       46.09
      ],
      [
       29.0069444,
       46.0716667
      ],
      [
       29.0063889,
       46.0541667
      ],
      [
       28.9780556,
       46.0125
      ],
      [
       28.9255556,
       46
      ],
      [
       28.8638889,
       45.9891667
      ],
      [
       28.8341667,
       45.9847222
      ],
      [
       28.7941667,
       45.9772222
      ],
      [
       28.7755556,
       45.9613889
      ],
      [
       28.7658333,
       45.95
      ],
      [
       28.7702778,
       45.9375
      ],
      [
       28.765,
       45.9222222
      ],
      [
       28.7716667,
       45.9063889
      ],
      [
       28.7819444,
       45.8663889
      ],
      [
       28.7875,
       45.8425
      ],
      [
       28.7611111,
       45.8313889
      ],
      [
       28.7275,
       45.8269444
      ],
      [
       28.7119444,
       45.8191667
      ],
      [
       28.7133333,
       45.8063889
      ],
      [
       28.7177778,
       45.7919444
      ],
      [
       28.6938889,
       45.7827778
      ],
      [
       28.6219444,
       45.7611111
      ],
      [
       28.5322222,
       45.7319444
      ],
      [
       28.4838889,
       45.7127778
      ],
      [
       28.4825,
       45.6802778
      ],
      [
       28.4930556,
       45.6661111
      ],
      [
       28.5163889,
       45.6705556
      ],
      [
       28.5275,
       45.6647222
      ],
      [
       28.5477778,
       45.5836111
      ],
      [
       28.5341667,
       45.5766667
      ],
      [
       28.5033333,
       45.5711111
      ],
      [
       28.5027778,
       45.5613889
      ],
      [
       28.515,
       45.5305556
      ],
      [
       28.5091667,
       45.5002778
      ],
      [
       28.4525,
       45.4891667
      ],
      [
       28.4286111,
       45.4894444
      ],
      [
       28.4188889,
       45.5072222
      ],
      [
       28.4061111,
       45.5197222
      ],
      [
       28.3686111,
       45.53
      ],
      [
       28.3308333,
       45.5433333
      ],
      [
       28.2902778,
       45.5402778
      ],
      [
       28.2480556,
       45.5122222
      ],
      [
       28.205,
       45.4733333
      ],
      [
       28.1863889,
       45.4741667
      ],
      [
       28.1827778,
       45.4822222
      ],
      [
       28.1783333,
       45.4858333
      ],
      [
       28.1736111,
       45.5
      ],
      [
       28.1627778,
       45.5005556
      ],
      [
       28.1544444,
       45.51
      ],
      [
       28.1619444,
       45.5113889
      ],
      [
       28.1655556,
       45.5211111
      ],
      [
       28.1569444,
       45.525
      ],
      [
       28.1641667,
       45.5241667
      ],
      [
       28.1661111,
       45.5294444
      ],
      [
       28.1641667,
       45.535
      ],
      [
       28.1652778,
       45.5458333
      ],
      [
       28.1552778,
       45.5547222
      ],
      [
       28.1561111,
       45.5613889
      ],
      [
       28.1488889,
       45.5625
      ],
      [
       28.1555556,
       45.5658333
      ],
      [
       28.1566667,
       45.5755556
      ],
      [
       28.1466667,
       45.5663889
      ],
      [
       28.1408333,
       45.5763889
      ],
      [
       28.135,
       45.5769444
      ],
      [
       28.1336111,
       45.5711111
      ],
      [
       28.1322222,
       45.5752778
      ],
      [
       28.1269444,
       45.5713889
      ],
      [
       28.1252778,
       45.5741667
      ],
      [
       28.1175,
       45.5761111
      ],
      [
       28.1211111,
       45.5794444
      ],
      [
       28.1125,
       45.5869444
      ],
      [
       28.1044444,
       45.5913889
      ],
      [
       28.0927778,
       45.5980556
      ],
      [
       28.0888889,
       45.6080556
      ],
      [
       28.0988889,
       45.6152778
      ],
      [
       28.1102778,
       45.6216667
      ],
      [
       28.1211111,
       45.6269444
      ],
      [
       28.1305556,
       45.6188889
      ],
      [
       28.1302778,
       45.6236111
      ],
      [
       28.1405556,
       45.625
      ],
      [
       28.1452778,
       45.6216667
      ],
      [
       28.15,
       45.6266667
      ],
      [
       28.1586111,
       45.6375
      ],
      [
       28.1669444,
       45.6402778
      ],
      [
       28.1741667,
       45.6441667
      ],
      [
       28.1716667,
       45.6488889
      ],
      [
       28.1627778,
       45.6497222
      ],
      [
       28.1586111,
       45.6505556
      ],
      [
       28.1647222,
       45.6525
      ],
      [
       28.1625,
       45.66
      ],
      [
       28.1669444,
       45.6708333
      ],
      [
       28.1691667,
       45.6777778
      ],
      [
       28.1677778,
       45.6808333
      ],
      [
       28.1652778,
       45.6875
      ],
      [
       28.1638889,
       45.6977778
      ],
      [
       28.1658333,
       45.7061111
      ],
      [
       28.1697222,
       45.7108333
      ],
      [
       28.1663889,
       45.7238889
      ],
      [
       28.1622222,
       45.7291667
      ],
      [
       28.1647222,
       45.7330556
      ],
      [
       28.1572222,
       45.7402778
      ],
      [
       28.1508333,
       45.7447222
      ],
      [
       28.1516667,
       45.7544444
      ],
      [
       28.1433333,
       45.7608333
      ],
      [
       28.1494444,
       45.7641667
      ],
      [
       28.1483333,
       45.7666667
      ],
      [
       28.15,
       45.7711111
      ],
      [
       28.1533333,
       45.7738889
      ],
      [
       28.1555556,
       45.7786111
      ],
      [
       28.1536111,
       45.7825
      ],
      [
       28.1513889,
       45.7833333
      ],
      [
       28.135,
       45.7783333
      ],
      [
       28.1194444,
       45.7911111
      ],
      [
       28.1136111,
       45.7908333
      ],
      [
       28.1127778,
       45.7958333
      ],
      [
       28.1205556,
       45.7961111
      ],
      [
       28.1194444,
       45.8022222
      ],
      [
       28.1186111,
       45.8133333
      ],
      [
       28.1088889,
       45.815
      ],
      [
       28.1125,
       45.8205556
      ],
      [
       28.1094444,
       45.8244444
      ],
      [
       28.1086111,
       45.8308333
      ],
      [
       28.1125,
       45.8352778
      ],
      [
       28.1083333,
       45.8419444
      ],
      [
       28.1058333,
       45.8438889
      ],
      [
       28.1136111,
       45.8497222
      ],
      [
       28.1058333,
       45.8597222
      ],
      [
       28.1152778,
       45.8608333
      ],
      [
       28.1272222,
       45.8630556
      ],
      [
       28.13,
       45.8741667
      ],
      [
       28.1311111,
       45.8775
      ],
      [
       28.1283333,
       45.8788889
      ],
      [
       28.1275,
       45.8847222
      ],
      [
       28.1238889,
       45.8825
      ],
      [
       28.1161111,
       45.8827778
      ],
      [
       28.1130556,
       45.885
      ],
      [
       28.1163889,
       45.8925
      ],
      [
       28.1125,
       45.8991667
      ],
      [
       28.1202778,
       45.9011111
      ],
      [
       28.1169444,
       45.9069444
      ],
      [
       28.1202778,
       45.9136111
      ],
      [
       28.1261111,
       45.9225
      ],
      [
       28.1208333,
       45.9313889
      ],
      [
       28.1183333,
       45.9430556
      ],
      [
       28.1158333,
       45.9491667
      ],
      [
       28.1113889,
       45.9580556
      ],
      [
       28.1055556,
       45.9644444
      ],
      [
       28.1086111,
       45.9686111
      ],
      [
       28.1066667,
       45.9755556
      ],
      [
       28.1052778,
       45.9788889
      ],
      [
       28.0986111,
       45.9783333
      ],
      [
       28.1027778,
       45.9833333
      ],
      [
       28.1041667,
       45.9897222
      ],
      [
       28.0986111,
       45.9911111
      ],
      [
       28.0908333,
       46.0055556
      ],
      [
       28.0855556,
       46.0086111
      ],
      [
       28.0944444,
       46.0172222
      ],
      [
       28.0888889,
       46.0227778
      ],
      [
       28.0908333,
       46.0302778
      ],
      [
       28.0955556,
       46.0397222
      ],
      [
       28.1038889,
       46.0433333
      ],
      [
       28.1052778,
       46.0525
      ],
      [
       28.1013889,
       46.0541667
      ],
      [
       28.09,
       46.0563889
      ],
      [
       28.0916667,
       46.0602778
      ],
      [
       28.1008333,
       46.0638889
      ],
      [
       28.0972222,
       46.0652778
      ],
      [
       28.0902778,
       46.0716667
      ],
      [
       28.0927778,
       46.0791667
      ],
      [
       28.0963889,
       46.0783333
      ],
      [
       28.0988889,
       46.0808333
      ],
      [
       28.1072222,
       46.0780556
      ],
      [
       28.1088889,
       46.08
      ],
      [
       28.1116667,
       46.0866667
      ],
      [
       28.1069444,
       46.0936111
      ],
      [
       28.1022222,
       46.0988889
      ],
      [
       28.1094444,
       46.1025
      ],
      [
       28.1166667,
       46.1019444
      ],
      [
       28.1225,
       46.1041667
      ],
      [
       28.1222222,
       46.1058333
      ],
      [
       28.1166667,
       46.1108333
      ],
      [
       28.1227778,
       46.1113889
      ],
      [
       28.1244444,
       46.1169444
      ],
      [
       28.1252778,
       46.1261111
      ],
      [
       28.1347222,
       46.1302778
      ],
      [
       28.1288889,
       46.1311111
      ],
      [
       28.1283333,
       46.1413889
      ],
      [
       28.1280556,
       46.1455556
      ],
      [
       28.1241667,
       46.1505556
      ],
      [
       28.1313889,
       46.1541667
      ],
      [
       28.1363889,
       46.1616667
      ],
      [
       28.1430556,
       46.1644444
      ],
      [
       28.1369444,
       46.1711111
      ],
      [
       28.1283333,
       46.1769444
      ],
      [
       28.1305556,
       46.1788889
      ],
      [
       28.1433333,
       46.1769444
      ],
      [
       28.1333333,
       46.1811111
      ],
      [
       28.1316667,
       46.1858333
      ],
      [
       28.1402778,
       46.1827778
      ],
      [
       28.1411111,
       46.1922222
      ],
      [
       28.135,
       46.195
      ],
      [
       28.1233333,
       46.1922222
      ],
      [
       28.1175,
       46.1958333
      ],
      [
       28.1261111,
       46.2069444
      ],
      [
       28.1216667,
       46.2116667
      ],
      [
       28.1163889,
       46.21
      ],
      [
       28.1169444,
       46.2036111
      ],
      [
       28.1113889,
       46.2027778
      ],
      [
       28.1097222,
       46.2144444
      ],
      [
       28.1113889,
       46.2172222
      ],
      [
       28.1111111,
       46.2208333
      ],
      [
       28.1105556,
       46.2269444
      ],
      [
       28.1097222,
       46.2419444
      ],
      [
       28.1144444,
       46.2458333
      ],
      [
       28.1188889,
       46.2388889
      ],
      [
       28.1191667,
       46.2433333
      ],
      [
       28.1230556,
       46.2419444
      ],
      [
       28.1352778,
       46.2508333
      ],
      [
       28.1402778,
       46.2480556
      ],
      [
       28.1463889,
       46.2533333
      ],
      [
       28.1305556,
       46.2558333
      ],
      [
       28.1361111,
       46.2638889
      ],
      [
       28.1341667,
       46.2675
      ],
      [
       28.1372222,
       46.2716667
      ],
      [
       28.14,
       46.2847222
      ],
      [
       28.1461111,
       46.2863889
      ],
      [
       28.1447222,
       46.2813889
      ],
      [
       28.1483333,
       46.2780556
      ],
      [
       28.1533333,
       46.2816667
      ],
      [
       28.1511111,
       46.2925
      ],
      [
       28.1558333,
       46.2869444
      ],
      [
       28.1647222,
       46.2861111
      ],
      [
       28.1627778,
       46.2816667
      ],
      [
       28.1691667,
       46.2944444
      ],
      [
       28.1725,
       46.2977778
      ],
      [
       28.1769444,
       46.2944444
      ],
      [
       28.1802778,
       46.2852778
      ],
      [
       28.1788889,
       46.2897222
      ],
      [
       28.1822222,
       46.2911111
      ],
      [
       28.1847222,
       46.2905556
      ],
      [
       28.1866667,
       46.2938889
      ],
      [
       28.1822222,
       46.2944444
      ],
      [
       28.1783333,
       46.2975
      ],
      [
       28.1825,
       46.2997222
      ],
      [
       28.195,
       46.3030556
      ],
      [
       28.2086111,
       46.3208333
      ],
      [
       28.1997222,
       46.3263889
      ],
      [
       28.1963889,
       46.3280556
      ],
      [
       28.1866667,
       46.3266667
      ],
      [
       28.1922222,
       46.33
      ],
      [
       28.1863889,
       46.3363889
      ],
      [
       28.1888889,
       46.3372222
      ],
      [
       28.1961111,
       46.3338889
      ],
      [
       28.1947222,
       46.3386111
      ],
      [
       28.1994444,
       46.3427778
      ],
      [
       28.1955556,
       46.3469444
      ],
      [
       28.1941667,
       46.3430556
      ],
      [
       28.1872222,
       46.3455556
      ],
      [
       28.1827778,
       46.3522222
      ],
      [
       28.1886111,
       46.3527778
      ],
      [
       28.1869444,
       46.3505556
      ],
      [
       28.1961111,
       46.3497222
      ],
      [
       28.1908333,
       46.3575
      ],
      [
       28.1925,
       46.3583333
      ],
      [
       28.1980556,
       46.3563889
      ],
      [
       28.2083333,
       46.3591667
      ],
      [
       28.2030556,
       46.3602778
      ],
      [
       28.1991667,
       46.3641667
      ],
      [
       28.2055556,
       46.3644444
      ],
      [
       28.2038889,
       46.3666667
      ],
      [
       28.1994444,
       46.3697222
      ],
      [
       28.1975,
       46.3713889
      ],
      [
       28.2033333,
       46.3741667
      ],
      [
       28.21,
       46.3772222
      ],
      [
       28.2188889,
       46.3805556
      ],
      [
       28.2175,
       46.3830556
      ],
      [
       28.2158333,
       46.3919444
      ],
      [
       28.2180556,
       46.3958333
      ],
      [
       28.2311111,
       46.3916667
      ],
      [
       28.2394444,
       46.3933333
      ],
      [
       28.2427778,
       46.3958333
      ],
      [
       28.2338889,
       46.4002778
      ],
      [
       28.2263889,
       46.3986111
      ],
      [
       28.2266667,
       46.4033333
      ],
      [
       28.2386111,
       46.4063889
      ],
      [
       28.2375,
       46.4075
      ],
      [
       28.23,
       46.4083333
      ],
      [
       28.2308333,
       46.4161111
      ],
      [
       28.2505556,
       46.4169444
      ],
      [
       28.2552778,
       46.4225
      ],
      [
       28.2580556,
       46.4286111
      ],
      [
       28.2563889,
       46.4338889
      ],
      [
       28.2566667,
       46.4472222
      ],
      [
       28.24,
       46.4522222
      ],
      [
       28.2566667,
       46.4591667
      ],
      [
       28.2544444,
       46.4627778
      ],
      [
       28.2452778,
       46.4644444
      ],
      [
       28.2472222,
       46.4680556
      ],
      [
       28.245,
       46.4725
      ],
      [
       28.2438889,
       46.4783333
      ],
      [
       28.2377778,
       46.4786111
      ],
      [
       28.2341667,
       46.4761111
      ],
      [
       28.2255556,
       46.4811111
      ],
      [
       28.2319444,
       46.4852778
      ],
      [
       28.2286111,
       46.4911111
      ],
      [
       28.23,
       46.4955556
      ],
      [
       28.2213889,
       46.5025
      ],
      [
       28.2163889,
       46.4988889
      ],
      [
       28.2108333,
       46.4997222
      ],
      [
       28.2130556,
       46.5036111
      ],
      [
       28.2088889,
       46.5058333
      ],
      [
       28.22,
       46.51
      ],
      [
       28.2188889,
       46.5186111
      ],
      [
       28.2144444,
       46.5225
      ],
      [
       28.2219444,
       46.5202778
      ],
      [
       28.2269444,
       46.5219444
      ],
      [
       28.23,
       46.5302778
      ],
      [
       28.2261111,
       46.5291667
      ],
      [
       28.2263889,
       46.5358333
      ],
      [
       28.2236111,
       46.5338889
      ],
      [
       28.2227778,
       46.5444444
      ],
      [
       28.2208333,
       46.5466667
      ],
      [
       28.2347222,
       46.5508333
      ],
      [
       28.2327778,
       46.5575
      ],
      [
       28.2263889,
       46.5625
      ],
      [
       28.2275,
       46.5683333
      ],
      [
       28.2225,
       46.5788889
      ],
      [
       28.2383333,
       46.58
      ],
      [
       28.2397222,
       46.5822222
      ],
      [
       28.2313889,
       46.585
      ],
      [
       28.2411111,
       46.5930556
      ],
      [
       28.2419444,
       46.6016667
      ],
      [
       28.2441667,
       46.6069444
      ],
      [
       28.2522222,
       46.6125
      ],
      [
       28.2494444,
       46.6169444
      ],
      [
       28.2513889,
       46.6211111
      ],
      [
       28.2455556,
       46.6280556
      ],
      [
       28.2391667,
       46.6297222
      ],
      [
       28.2430556,
       46.6336111
      ],
      [
       28.2436111,
       46.6402778
      ],
      [
       28.2383333,
       46.6444444
      ],
      [
       28.2441667,
       46.6447222
      ],
      [
       28.2391667,
       46.6497222
      ],
      [
       28.2377778,
       46.6563889
      ],
      [
       28.2386111,
       46.6663889
      ],
      [
       28.2391667,
       46.6705556
      ],
      [
       28.2366667,
       46.6780556
      ],
      [
       28.2325,
       46.6816667
      ],
      [
       28.2316667,
       46.6752778
      ],
      [
       28.2288889,
       46.6733333
      ],
      [
       28.2247222,
       46.68
      ],
      [
       28.2213889,
       46.6897222
      ],
      [
       28.2177778,
       46.69
      ],
      [
       28.2147222,
       46.6836111
      ],
      [
       28.2086111,
       46.6858333
      ],
      [
       28.2122222,
       46.6872222
      ],
      [
       28.2127778,
       46.6975
      ],
      [
       28.2027778,
       46.7008333
      ],
      [
       28.2102778,
       46.7044444
      ],
      [
       28.2058333,
       46.715
      ],
      [
       28.2027778,
       46.7211111
      ],
      [
       28.1947222,
       46.7213889
      ],
      [
       28.1877778,
       46.7233333
      ],
      [
       28.1897222,
       46.7286111
      ],
      [
       28.1952778,
       46.7333333
      ],
      [
       28.1919444,
       46.7355556
      ],
      [
       28.1802778,
       46.7375
      ],
      [
       28.18,
       46.7436111
      ],
      [
       28.1838889,
       46.7458333
      ],
      [
       28.1772222,
       46.7480556
      ],
      [
       28.1733333,
       46.7508333
      ],
      [
       28.1822222,
       46.7552778
      ],
      [
       28.1838889,
       46.76
      ],
      [
       28.1777778,
       46.7597222
      ],
      [
       28.1780556,
       46.7705556
      ],
      [
       28.1711111,
       46.7683333
      ],
      [
       28.1686111,
       46.7722222
      ],
      [
       28.1727778,
       46.7755556
      ],
      [
       28.165,
       46.7738889
      ],
      [
       28.1763889,
       46.7772222
      ],
      [
       28.1738889,
       46.7813889
      ],
      [
       28.1655556,
       46.7847222
      ],
      [
       28.165,
       46.7911111
      ],
      [
       28.1627778,
       46.785
      ],
      [
       28.1547222,
       46.7922222
      ],
      [
       28.1527778,
       46.7983333
      ],
      [
       28.1472222,
       46.7994444
      ],
      [
       28.1347222,
       46.8022222
      ],
      [
       28.1283333,
       46.8088889
      ],
      [
       28.1244444,
       46.8136111
      ],
      [
       28.1258333,
       46.8188889
      ],
      [
       28.1236111,
       46.8227778
      ],
      [
       28.1172222,
       46.8191667
      ],
      [
       28.1158333,
       46.8275
      ],
      [
       28.1136111,
       46.8386111
      ],
      [
       28.1083333,
       46.8438889
      ],
      [
       28.1122222,
       46.8413889
      ],
      [
       28.1152778,
       46.8469444
      ],
      [
       28.12,
       46.8494444
      ],
      [
       28.1238889,
       46.8475
      ],
      [
       28.1208333,
       46.8527778
      ],
      [
       28.1172222,
       46.8547222
      ],
      [
       28.1225,
       46.8569444
      ],
      [
       28.1077778,
       46.8655556
      ],
      [
       28.1116667,
       46.8683333
      ],
      [
       28.0986111,
       46.87
      ],
      [
       28.1011111,
       46.8730556
      ],
      [
       28.1138889,
       46.8769444
      ],
      [
       28.1186111,
       46.8786111
      ],
      [
       28.1122222,
       46.8836111
      ],
      [
       28.1136111,
       46.8930556
      ],
      [
       28.1097222,
       46.8952778
      ],
      [
       28.1086111,
       46.8894444
      ],
      [
       28.1038889,
       46.8952778
      ],
      [
       28.0969444,
       46.8922222
      ],
      [
       28.0855556,
       46.8958333
      ],
      [
       28.0841667,
       46.9013889
      ],
      [
       28.0836111,
       46.9041667
      ],
      [
       28.0919444,
       46.9052778
      ],
      [
       28.0944444,
       46.9094444
      ],
      [
       28.0991667,
       46.9102778
      ],
      [
       28.1127778,
       46.9222222
      ],
      [
       28.0975,
       46.9294444
      ],
      [
       28.1058333,
       46.9305556
      ],
      [
       28.0897222,
       46.9336111
      ],
      [
       28.0830556,
       46.9383333
      ],
      [
       28.0883333,
       46.9355556
      ],
      [
       28.0897222,
       46.9394444
      ],
      [
       28.0888889,
       46.9419444
      ],
      [
       28.0925,
       46.9397222
      ],
      [
       28.0972222,
       46.9422222
      ],
      [
       28.0947222,
       46.9497222
      ],
      [
       28.09,
       46.9480556
      ],
      [
       28.0936111,
       46.9544444
      ],
      [
       28.0886111,
       46.9561111
      ],
      [
       28.0802778,
       46.96
      ],
      [
       28.0861111,
       46.9663889
      ],
      [
       28.0852778,
       46.9725
      ],
      [
       28.0958333,
       46.9761111
      ],
      [
       28.0947222,
       46.9797222
      ],
      [
       28.0855556,
       46.9844444
      ],
      [
       28.0813889,
       46.9897222
      ],
      [
       28.0761111,
       46.9916667
      ],
      [
       28.0541667,
       47.0002778
      ],
      [
       28.0538889,
       47.0055556
      ],
      [
       28.0511111,
       47.005
      ],
      [
       28.0513889,
       47.0011111
      ],
      [
       28.0408333,
       47.0072222
      ],
      [
       28.0430556,
       47.0094444
      ],
      [
       28.0375,
       47.0116667
      ],
      [
       28.0330556,
       47.0108333
      ],
      [
       28.0344444,
       47.015
      ],
      [
       28.0425,
       47.0191667
      ],
      [
       28.0513889,
       47.0141667
      ],
      [
       28.0538889,
       47.0158333
      ],
      [
       28.0483333,
       47.0247222
      ],
      [
       28.0436111,
       47.0213889
      ],
      [
       28.0386111,
       47.0283333
      ],
      [
       28.0286111,
       47.0305556
      ],
      [
       28.0241667,
       47.0275
      ],
      [
       28.0177778,
       47.0230556
      ],
      [
       27.995,
       47.0286111
      ],
      [
       27.9947222,
       47.0358333
      ],
      [
       27.9869444,
       47.0344444
      ],
      [
       27.9783333,
       47.0366667
      ],
      [
       27.9641667,
       47.0433333
      ],
      [
       27.9580556,
       47.0427778
      ],
      [
       27.9602778,
       47.0463889
      ],
      [
       27.9641667,
       47.0480556
      ],
      [
       27.9508333,
       47.0466667
      ],
      [
       27.9444444,
       47.0505556
      ],
      [
       27.9538889,
       47.0536111
      ],
      [
       27.9594444,
       47.0552778
      ],
      [
       27.9441667,
       47.0605556
      ],
      [
       27.9383333,
       47.065
      ],
      [
       27.9305556,
       47.0619444
      ],
      [
       27.9194444,
       47.0675
      ],
      [
       27.9138889,
       47.0694444
      ],
      [
       27.9008333,
       47.0730556
      ],
      [
       27.8972222,
       47.0752778
      ],
      [
       27.8925,
       47.0877778
      ],
      [
       27.8833333,
       47.09
      ],
      [
       27.8841667,
       47.0986111
      ],
      [
       27.8686111,
       47.1019444
      ],
      [
       27.8683333,
       47.1038889
      ],
      [
       27.8744444,
       47.105
      ],
      [
       27.8736111,
       47.1077778
      ],
      [
       27.8613889,
       47.1036111
      ],
      [
       27.855,
       47.1083333
      ],
      [
       27.8344444,
       47.1158333
      ],
      [
       27.8266667,
       47.1216667
      ],
      [
       27.8352778,
       47.1255556
      ],
      [
       27.8433333,
       47.1275
      ],
      [
       27.8486111,
       47.1230556
      ],
      [
       27.8519444,
       47.1277778
      ],
      [
       27.8416667,
       47.1358333
      ],
      [
       27.83,
       47.1344444
      ],
      [
       27.8272222,
       47.1386111
      ],
      [
       27.8208333,
       47.1355556
      ],
      [
       27.8044444,
       47.1377778
      ],
      [
       27.7816667,
       47.1425
      ],
      [
       27.7847222,
       47.1444444
      ],
      [
       27.7994444,
       47.1419444
      ],
      [
       27.7947222,
       47.1486111
      ],
      [
       27.7883333,
       47.1469444
      ],
      [
       27.7847222,
       47.1505556
      ],
      [
       27.8025,
       47.1522222
      ],
      [
       27.8113889,
       47.1630556
      ],
      [
       27.8094444,
       47.1666667
      ],
      [
       27.8038889,
       47.1663889
      ],
      [
       27.7961111,
       47.1725
      ],
      [
       27.8027778,
       47.1863889
      ],
      [
       27.8011111,
       47.1911111
      ],
      [
       27.7922222,
       47.1880556
      ],
      [
       27.7866667,
       47.1927778
      ],
      [
       27.7888889,
       47.2044444
      ],
      [
       27.7905556,
       47.2080556
      ],
      [
       27.7777778,
       47.2036111
      ],
      [
       27.7786111,
       47.2080556
      ],
      [
       27.7866667,
       47.2175
      ],
      [
       27.7797222,
       47.2211111
      ],
      [
       27.77,
       47.2216667
      ],
      [
       27.7736111,
       47.2255556
      ],
      [
       27.7744444,
       47.2311111
      ],
      [
       27.7605556,
       47.23
      ],
      [
       27.7541667,
       47.2319444
      ],
      [
       27.7591667,
       47.2383333
      ],
      [
       27.7555556,
       47.24
      ],
      [
       27.7508333,
       47.2383333
      ],
      [
       27.745,
       47.2447222
      ],
      [
       27.75,
       47.2486111
      ],
      [
       27.7569444,
       47.25
      ],
      [
       27.7522222,
       47.2544444
      ],
      [
       27.745,
       47.2511111
      ],
      [
       27.7419444,
       47.2558333
      ],
      [
       27.7463889,
       47.2577778
      ],
      [
       27.7583333,
       47.2575
      ],
      [
       27.7477778,
       47.2619444
      ],
      [
       27.7441667,
       47.2661111
      ],
      [
       27.7472222,
       47.2772222
      ],
      [
       27.7394444,
       47.2755556
      ],
      [
       27.7383333,
       47.2802778
      ],
      [
       27.7347222,
       47.29
      ],
      [
       27.7269444,
       47.2955556
      ],
      [
       27.7138889,
       47.2980556
      ],
      [
       27.7033333,
       47.2994444
      ],
      [
       27.7055556,
       47.2897222
      ],
      [
       27.6883333,
       47.29
      ],
      [
       27.6855556,
       47.2847222
      ],
      [
       27.6827778,
       47.2911111
      ],
      [
       27.6794444,
       47.3
      ],
      [
       27.6788889,
       47.3097222
      ],
      [
       27.6744444,
       47.3088889
      ],
      [
       27.6736111,
       47.3002778
      ],
      [
       27.6694444,
       47.3008333
      ],
      [
       27.6613889,
       47.3075
      ],
      [
       27.6566667,
       47.3052778
      ],
      [
       27.6497222,
       47.3080556
      ],
      [
       27.6486111,
       47.3016667
      ],
      [
       27.6455556,
       47.2997222
      ],
      [
       27.6333333,
       47.3033333
      ],
      [
       27.6386111,
       47.3113889
      ],
      [
       27.635,
       47.3130556
      ],
      [
       27.6277778,
       47.3105556
      ],
      [
       27.6222222,
       47.3258333
      ],
      [
       27.6202778,
       47.3252778
      ],
      [
       27.6166667,
       47.3197222
      ],
      [
       27.6052778,
       47.3175
      ],
      [
       27.6105556,
       47.3230556
      ],
      [
       27.6088889,
       47.3277778
      ],
      [
       27.6025,
       47.3275
      ],
      [
       27.6013889,
       47.3186111
      ],
      [
       27.5983333,
       47.3172222
      ],
      [
       27.5930556,
       47.3225
      ],
      [
       27.5958333,
       47.3252778
      ],
      [
       27.5836111,
       47.3272222
      ],
      [
       27.5816667,
       47.3305556
      ],
      [
       27.595,
       47.3316667
      ],
      [
       27.6013889,
       47.3291667
      ],
      [
       27.615,
       47.3391667
      ],
      [
       27.6130556,
       47.3419444
      ],
      [
       27.6105556,
       47.3397222
      ],
      [
       27.6044444,
       47.3402778
      ],
      [
       27.6066667,
       47.3444444
      ],
      [
       27.6055556,
       47.3497222
      ],
      [
       27.5980556,
       47.3469444
      ],
      [
       27.5947222,
       47.3491667
      ],
      [
       27.6008333,
       47.3683333
      ],
      [
       27.5966667,
       47.3708333
      ],
      [
       27.5927778,
       47.3697222
      ],
      [
       27.5891667,
       47.365
      ],
      [
       27.5758333,
       47.3680556
      ],
      [
       27.5744444,
       47.3711111
      ],
      [
       27.5838889,
       47.3769444
      ],
      [
       27.5780556,
       47.3780556
      ],
      [
       27.5719444,
       47.3738889
      ],
      [
       27.5683333,
       47.3830556
      ],
      [
       27.5727778,
       47.385
      ],
      [
       27.5688889,
       47.3872222
      ],
      [
       27.5738889,
       47.3975
      ],
      [
       27.5847222,
       47.4080556
      ],
      [
       27.5822222,
       47.4105556
      ],
      [
       27.5761111,
       47.4091667
      ],
      [
       27.5752778,
       47.4188889
      ],
      [
       27.5652778,
       47.4247222
      ],
      [
       27.5608333,
       47.4233333
      ],
      [
       27.5538889,
       47.4305556
      ],
      [
       27.5561111,
       47.4358333
      ],
      [
       27.5619444,
       47.4391667
      ],
      [
       27.5597222,
       47.4477778
      ],
      [
       27.57,
       47.4494444
      ],
      [
       27.5719444,
       47.4644444
      ],
      [
       27.5636111,
       47.4627778
      ],
      [
       27.5563889,
       47.4702778
      ],
      [
       27.5427778,
       47.4772222
      ],
      [
       27.5377778,
       47.4883333
      ],
      [
       27.5316667,
       47.4844444
      ],
      [
       27.5372222,
       47.4808333
      ],
      [
       27.5336111,
       47.4780556
      ],
      [
       27.5222222,
       47.4822222
      ],
      [
       27.5208333,
       47.4791667
      ],
      [
       27.5158333,
       47.4744444
      ],
      [
       27.5122222,
       47.4763889
      ],
      [
       27.5158333,
       47.4880556
      ],
      [
       27.5133333,
       47.49
      ],
      [
       27.5105556,
       47.4861111
      ],
      [
       27.5086111,
       47.4805556
      ],
      [
       27.5063889,
       47.4783333
      ],
      [
       27.4922222,
       47.4816667
      ],
      [
       27.4961111,
       47.4866667
      ],
      [
       27.4908333,
       47.4888889
      ],
      [
       27.4741667,
       47.4858333
      ],
      [
       27.4675,
       47.4941667
      ],
      [
       27.4597222,
       47.5027778
      ],
      [
       27.4538889,
       47.5080556
      ],
      [
       27.4552778,
       47.5166667
      ],
      [
       27.4672222,
       47.5258333
      ],
      [
       27.4627778,
       47.5266667
      ],
      [
       27.4508333,
       47.5230556
      ],
      [
       27.4444444,
       47.5305556
      ],
      [
       27.455,
       47.5333333
      ],
      [
       27.4561111,
       47.5375
      ],
      [
       27.4480556,
       47.5358333
      ],
      [
       27.4425,
       47.5372222
      ],
      [
       27.4341667,
       47.5419444
      ],
      [
       27.4308333,
       47.5469444
      ],
      [
       27.4391667,
       47.5491667
      ],
      [
       27.43,
       47.5513889
      ],
      [
       27.4241667,
       47.555
      ],
      [
       27.4319444,
       47.5636111
      ],
      [
       27.4183333,
       47.5655556
      ],
      [
       27.4286111,
       47.5811111
      ],
      [
       27.4227778,
       47.5838889
      ],
      [
       27.4044444,
       47.5830556
      ],
      [
       27.3763889,
       47.5952778
      ],
      [
       27.3708333,
       47.6002778
      ],
      [
       27.3736111,
       47.6025
      ],
      [
       27.3633333,
       47.6127778
      ],
      [
       27.3605556,
       47.6197222
      ],
      [
       27.3336111,
       47.6269444
      ],
      [
       27.3169444,
       47.6411111
      ],
      [
       27.3152778,
       47.6491667
      ],
      [
       27.3066667,
       47.6608333
      ],
      [
       27.2983333,
       47.6611111
      ],
      [
       27.2941667,
       47.6691667
      ],
      [
       27.2958333,
       47.6805556
      ],
      [
       27.2811111,
       47.6838889
      ],
      [
       27.2733333,
       47.6908333
      ],
      [
       27.28,
       47.6966667
      ],
      [
       27.2758333,
       47.7002778
      ],
      [
       27.2675,
       47.705
      ],
      [
       27.2663889,
       47.7125
      ],
      [
       27.25,
       47.7197222
      ],
      [
       27.2544444,
       47.7205556
      ],
      [
       27.2652778,
       47.7322222
      ],
      [
       27.2677778,
       47.7261111
      ],
      [
       27.2727778,
       47.7280556
      ],
      [
       27.2808333,
       47.7272222
      ],
      [
       27.2888889,
       47.7225
      ],
      [
       27.2952778,
       47.7263889
      ],
      [
       27.285,
       47.73
      ],
      [
       27.2819444,
       47.7391667
      ],
      [
       27.2980556,
       47.7469444
      ],
      [
       27.2966667,
       47.7519444
      ],
      [
       27.2919444,
       47.7522222
      ],
      [
       27.2847222,
       47.7483333
      ],
      [
       27.2797222,
       47.7519444
      ],
      [
       27.2855556,
       47.7566667
      ],
      [
       27.2777778,
       47.7638889
      ],
      [
       27.2658333,
       47.76
      ],
      [
       27.2644444,
       47.7630556
      ],
      [
       27.2680556,
       47.7680556
      ],
      [
       27.2661111,
       47.78
      ],
      [
       27.2572222,
       47.7786111
      ],
      [
       27.2525,
       47.7794444
      ],
      [
       27.2488889,
       47.7877778
      ],
      [
       27.2483333,
       47.7944444
      ],
      [
       27.2313889,
       47.8069444
      ],
      [
       27.2383333,
       47.8119444
      ],
      [
       27.2416667,
       47.8155556
      ],
      [
       27.2352778,
       47.8169444
      ],
      [
       27.23,
       47.8141667
      ],
      [
       27.2180556,
       47.8166667
      ],
      [
       27.2155556,
       47.8241667
      ],
      [
       27.2225,
       47.8316667
      ],
      [
       27.2269444,
       47.8308333
      ],
      [
       27.235,
       47.8252778
      ],
      [
       27.2466667,
       47.8352778
      ],
      [
       27.2313889,
       47.8383333
      ],
      [
       27.2088889,
       47.8491667
      ],
      [
       27.1508333,
       47.9211111
      ],
      [
       27.1675,
       47.9544444
      ],
      [
       27.1533333,
       47.9713889
      ],
      [
       27.1663889,
       47.9947222
      ],
      [
       27.1280556,
       47.9925
      ],
      [
       27.1205556,
       47.9986111
      ],
      [
       27.1241667,
       48.0066667
      ],
      [
       27.1280556,
       48.0130556
      ],
      [
       27.1088889,
       48.0116667
      ],
      [
       27.0972222,
       48.0069444
      ],
      [
       27.0897222,
       48.0113889
      ],
      [
       27.0941667,
       48.0227778
      ],
      [
       27.1041667,
       48.0269444
      ],
      [
       27.1061111,
       48.0316667
      ],
      [
       27.1008333,
       48.0341667
      ],
      [
       27.0825,
       48.0386111
      ],
      [
       27.0794444,
       48.0527778
      ],
      [
       27.0438889,
       48.0727778
      ],
      [
       27.0380556,
       48.0841667
      ],
      [
       27.0263889,
       48.0897222
      ],
      [
       27.0363889,
       48.0975
      ],
      [
       27.0411111,
       48.1055556
      ],
      [
       27.0338889,
       48.1161111
      ],
      [
       27.0391667,
       48.1275
      ],
      [
       27.0363889,
       48.13
      ],
      [
       27.0286111,
       48.1238889
      ],
      [
       27.0227778,
       48.1261111
      ],
      [
       27.0288889,
       48.1347222
      ],
      [
       27.0247222,
       48.1383333
      ],
      [
       27.0147222,
       48.135
      ],
      [
       27.0038889,
       48.1222222
      ],
      [
       26.9886111,
       48.1280556
      ],
      [
       26.9683333,
       48.1302778
      ],
      [
       26.9552778,
       48.1377778
      ],
      [
       26.9513889,
       48.1494444
      ],
      [
       26.9575,
       48.1527778
      ],
      [
       26.9772222,
       48.1447222
      ],
      [
       26.9883333,
       48.1461111
      ],
      [
       26.9916667,
       48.1522222
      ],
      [
       26.9816667,
       48.1597222
      ],
      [
       26.9447222,
       48.1613889
      ],
      [
       26.9333333,
       48.1663889
      ],
      [
       26.9455556,
       48.1791667
      ],
      [
       26.95,
       48.1863889
      ],
      [
       26.9430556,
       48.1963889
      ],
      [
       26.9180556,
       48.1994444
      ],
      [
       26.9127778,
       48.1969444
      ],
      [
       26.9205556,
       48.1822222
      ],
      [
       26.9033333,
       48.1802778
      ],
      [
       26.8922222,
       48.1922222
      ],
      [
       26.9030556,
       48.1947222
      ],
      [
       26.9086111,
       48.2016667
      ],
      [
       26.8838889,
       48.2022222
      ],
      [
       26.8766667,
       48.2072222
      ],
      [
       26.8613889,
       48.2172222
      ],
      [
       26.8561111,
       48.2311111
      ],
      [
       26.8469444,
       48.2330556
      ],
      [
       26.8355556,
       48.2261111
      ],
      [
       26.8294444,
       48.2286111
      ],
      [
       26.8277778,
       48.2413889
      ],
      [
       26.8175,
       48.2461111
      ],
      [
       26.8152778,
       48.2491667
      ],
      [
       26.8102778,
       48.2533333
      ],
      [
       26.8036111,
       48.2536111
      ],
      [
       26.7894444,
       48.2497222
      ],
      [
       26.7855556,
       48.2444444
      ],
      [
       26.7697222,
       48.2475
      ],
      [
       26.7536111,
       48.2480556
      ],
      [
       26.7352778,
       48.2455556
      ],
      [
       26.7341667,
       48.2480556
      ],
      [
       26.7430556,
       48.2538889
      ],
      [
       26.7338889,
       48.2583333
      ],
      [
       26.7275,
       48.2577778
      ],
      [
       26.7316667,
       48.2488889
      ],
      [
       26.7211111,
       48.2466667
      ],
      [
       26.7086111,
       48.2533333
      ],
      [
       26.7030556,
       48.265
      ],
      [
       26.6952778,
       48.2622222
      ],
      [
       26.6911111,
       48.2538889
      ],
      [
       26.6836111,
       48.2494444
      ],
      [
       26.6638889,
       48.2488889
      ],
      [
       26.6666667,
       48.2586111
      ],
      [
       26.6652778,
       48.2633333
      ],
      [
       26.6577778,
       48.2625
      ],
      [
       26.6527778,
       48.2544444
      ],
      [
       26.6444444,
       48.2533333
      ],
      [
       26.6363889,
       48.2622222
      ],
      [
       26.6288889,
       48.2586111
      ],
      [
       26.6236111,
       48.2505556
      ]
     ]
    ]
   }
  },
  {
   "type": "Feature",
   "properties": {
    "ll": {
     "value": 1500,
     "unit": 1,
     "referenceDatum": 1
    },
    "ul": {
     "value": 2500,
     "unit": 1,
     "referenceDatum": 1
    },
    "_id": "62614ddd0e8346dfd924c8bc",
    "name": "CHISINAU TMA-1 133.300",
    "type": 0,
    "icao": 2,
    "bnd": [
     [
      46.7511111,
      28.5150897
     ],
     [
      47.1202778,
      29.2940652
     ]
    ]
   },
   "geometry": {
    "type": "Polygon",
    "coordinates": [
     [
      [
       28.5702778,
       47.0627778
      ],
      [
       29.1713889,
       47.1202778
      ],
      [
       29.1852999,
       47.1109162
      ],
      [
       29.1985007,
       47.1010912
      ],
      [
       29.2109581,
       47.0908278
      ],
      [
       29.2226412,
       47.0801518
      ],
      [
       29.2335209,
       47.0690903
      ],
      [
       29.2435703,
       47.057671
      ],
      [
       29.2527645,
       47.045923
      ],
      [
       29.2610811,
       47.0338757
      ],
      [
       29.2684995,
       47.0215594
      ],
      [
       29.2750018,
       47.0090053
      ],
      [
       29.2805723,
       46.9962449
      ],
      [
       29.2851977,
       46.9833103
      ],
      [
       29.2888669,
       46.9702339
      ],
      [
       29.2915716,
       46.9570485
      ],
      [
       29.2933055,
       46.9437874
      ],
      [
       29.2940652,
       46.9304836
      ],
      [
       29.2938495,
       46.9171705
      ],
      [
       29.2926595,
       46.9038815
      ],
      [
       29.290499,
       46.8906497
      ],
      [
       29.2873742,
       46.8775082
      ],
      [
       29.2832934,
       46.8644899
      ],
      [
       29.2782677,
       46.8516272
      ],
      [
       29.2723102,
       46.8389521
      ],
      [
       29.2654363,
       46.8264964
      ],
      [
       29.2576639,
       46.814291
      ],
      [
       29.2558333,
       46.8119444
      ],
      [
       28.6116667,
       46.7511111
      ],
      [
       28.5992244,
       46.7613335
      ],
      [
       28.5875396,
       46.7719682
      ],
      [
       28.5766416,
       46.782989
      ],
      [
       28.5665581,
       46.7943685
      ],
      [
       28.5573146,
       46.8060784
      ],
      [
       28.5489347,
       46.8180895
      ],
      [
       28.5414398,
       46.8303719
      ],
      [
       28.5348491,
       46.8428952
      ],
      [
       28.5291798,
       46.855628
      ],
      [
       28.5244466,
       46.8685387
      ],
      [
       28.520662,
       46.8815949
      ],
      [
       28.5178363,
       46.8947642
      ],
      [
       28.515977,
       46.9080135
      ],
      [
       28.5150897,
       46.9213098
      ],
      [
       28.5151772,
       46.9346198
      ],
      [
       28.5162401,
       46.9479101
      ],
      [
       28.5182764,
       46.9611474
      ],
      [
       28.5212817,
       46.9742986
      ],
      [
       28.5252492,
       46.9873305
      ],
      [
       28.5301697,
       47.0002106
      ],
      [
       28.5360314,
       47.0129063
      ],
      [
       28.5428203,
       47.0253857
      ],
      [
       28.5505199,
       47.0376176
      ],
      [
       28.5591114,
       47.0495709
      ],
      [
       28.5685739,
       47.0612156
      ],
      [
       28.5702778,
       47.0627778
      ]
     ]
    ]
   }
  },
  {
   "type": "Feature",
   "properties": {
    "ll": {
     "value": 2500,
     "unit": 1,
     "referenceDatum": 1
    },
    "ul": {
     "value": 95,
     "unit": 6,
     "referenceDatum": 2
    },
    "_id": "62614ddd4b027aab592a6eea",
    "name": "CHISINAU TMA-2 133.300",
    "type": 0,
    "icao": 2,
    "bnd": [
     [
      46.3625,
      27.8005556
     ],
     [
      47.5744444,
      30.1355556
     ]
    ]
   },
   "geometry": {
    "type": "Polygon",
    "coordinates": [
     [
      [
       27.8516667,
       47.1683333
      ],
      [
       28.2027778,
       47.4391667
      ],
      [
       28.4661111,
       47.5038889
      ],
      [
       28.8133333,
       47.545
      ],
      [
       29.0666667,
       47.5744444
      ],
      [
       29.1519444,
       47.5744444
      ],
      [
       29.1477778,
       47.5716667
      ],
      [
       29.1352778,
       47.5580556
      ],
      [
       29.1325,
       47.5433333
      ],
      [
       29.1652778,
       47.5327778
      ],
      [
       29.1816667,
       47.5236111
      ],
      [
       29.1788889,
       47.5047222
      ],
      [
       29.1777778,
       47.4966667
      ],
      [
       29.1772222,
       47.4772222
      ],
      [
       29.1875,
       47.4702778
      ],
      [
       29.2058333,
       47.4658333
      ],
      [
       29.2366667,
       47.4527778
      ],
      [
       29.2644444,
       47.4441667
      ],
      [
       29.2861111,
       47.4427778
      ],
      [
       29.3077778,
       47.4480556
      ],
      [
       29.3258333,
       47.4472222
      ],
      [
       29.34,
       47.4375
      ],
      [
       29.3552778,
       47.4055556
      ],
      [
       29.3772222,
       47.385
      ],
      [
       29.3797222,
       47.3572222
      ],
      [
       29.3833333,
       47.335
      ],
      [
       29.3927778,
       47.3191667
      ],
      [
       29.4080556,
       47.3077778
      ],
      [
       29.4227778,
       47.31
      ],
      [
       29.4319444,
       47.3077778
      ],
      [
       29.4347222,
       47.3002778
      ],
      [
       29.4594444,
       47.3086111
      ],
      [
       29.4841667,
       47.3119444
      ],
      [
       29.4944444,
       47.3216667
      ],
      [
       29.5047222,
       47.34
      ],
      [
       29.5030556,
       47.3516667
      ],
      [
       29.5036111,
       47.3647222
      ],
      [
       29.5225,
       47.3716667
      ],
      [
       29.5491667,
       47.3713889
      ],
      [
       29.5702778,
       47.3791667
      ],
      [
       29.5852778,
       47.3725
      ],
      [
       29.5916667,
       47.3566667
      ],
      [
       29.5977778,
       47.3208333
      ],
      [
       29.6005556,
       47.2880556
      ],
      [
       29.5886111,
       47.2830556
      ],
      [
       29.5636111,
       47.2627778
      ],
      [
       29.5625,
       47.2311111
      ],
      [
       29.5697222,
       47.1991667
      ],
      [
       29.5711111,
       47.1630556
      ],
      [
       29.5605556,
       47.1505556
      ],
      [
       29.5375,
       47.1327778
      ],
      [
       29.5316667,
       47.1136111
      ],
      [
       29.5397222,
       47.1019444
      ],
      [
       29.5694444,
       47.0938889
      ],
      [
       29.5886111,
       47.0908333
      ],
      [
       29.6175,
       47.0813889
      ],
      [
       29.6280556,
       47.055
      ],
      [
       29.6316667,
       47.0261111
      ],
      [
       29.6280556,
       46.995
      ],
      [
       29.6094444,
       46.98
      ],
      [
       29.58,
       46.9616667
      ],
      [
       29.5752778,
       46.9530556
      ],
      [
       29.5888889,
       46.9447222
      ],
      [
       29.6263889,
       46.9572222
      ],
      [
       29.6430556,
       46.9525
      ],
      [
       29.6530556,
       46.9258333
      ],
      [
       29.6777778,
       46.9211111
      ],
      [
       29.7077778,
       46.9227778
      ],
      [
       29.7191667,
       46.9275
      ],
      [
       29.7347222,
       46.9197222
      ],
      [
       29.7413889,
       46.9027778
      ],
      [
       29.7527778,
       46.8644444
      ],
      [
       29.7961111,
       46.8627778
      ],
      [
       29.8466667,
       46.8736111
      ],
      [
       29.8836111,
       46.8833333
      ],
      [
       29.8930556,
       46.8641667
      ],
      [
       29.8822222,
       46.8544444
      ],
      [
       29.8827778,
       46.8455556
      ],
      [
       29.8941667,
       46.8394444
      ],
      [
       29.9041667,
       46.8283333
      ],
      [
       29.9238889,
       46.8327778
      ],
      [
       29.9427778,
       46.8425
      ],
      [
       29.9533333,
       46.8325
      ],
      [
       29.9716667,
       46.8288889
      ],
      [
       29.9744444,
       46.8208333
      ],
      [
       29.9511111,
       46.8169444
      ],
      [
       29.9386111,
       46.8102778
      ],
      [
       29.9441667,
       46.8011111
      ],
      [
       29.9833333,
       46.7680556
      ],
      [
       29.9719444,
       46.7294444
      ],
      [
       29.9727778,
       46.6919444
      ],
      [
       29.9558333,
       46.6680556
      ],
      [
       29.9555556,
       46.6336111
      ],
      [
       29.9675,
       46.5808333
      ],
      [
       29.9511111,
       46.5705556
      ],
      [
       29.9075,
       46.5519444
      ],
      [
       29.8988889,
       46.5425
      ],
      [
       29.9119444,
       46.5227778
      ],
      [
       29.9283333,
       46.5152778
      ],
      [
       29.9461111,
       46.5013889
      ],
      [
       29.9691667,
       46.5136111
      ],
      [
       29.9675,
       46.5069444
      ],
      [
       29.9711111,
       46.4969444
      ],
      [
       29.985,
       46.5038889
      ],
      [
       29.9941667,
       46.5047222
      ],
      [
       29.9963889,
       46.4894444
      ],
      [
       30.0102778,
       46.4872222
      ],
      [
       30.0033333,
       46.48
      ],
      [
       30.0061111,
       46.4736111
      ],
      [
       30.0258333,
       46.4747222
      ],
      [
       30.0225,
       46.4677778
      ],
      [
       30.0094444,
       46.4580556
      ],
      [
       30.0352778,
       46.4497222
      ],
      [
       30.0638889,
       46.4455556
      ],
      [
       30.075,
       46.4361111
      ],
      [
       30.0822222,
       46.4366667
      ],
      [
       30.1161111,
       46.4338889
      ],
      [
       30.1355556,
       46.4161111
      ],
      [
       30.1002778,
       46.4038889
      ],
      [
       30.0761111,
       46.3925
      ],
      [
       30.0647222,
       46.4022222
      ],
      [
       30.0358333,
       46.3933333
      ],
      [
       30.0102778,
       46.3825
      ],
      [
       29.9611111,
       46.4
      ],
      [
       29.9469444,
       46.4027778
      ],
      [
       29.8958333,
       46.3783333
      ],
      [
       29.8855556,
       46.3644444
      ],
      [
       29.8608333,
       46.3716667
      ],
      [
       29.8397222,
       46.3811111
      ],
      [
       29.8208333,
       46.3863889
      ],
      [
       29.8166667,
       46.4022222
      ],
      [
       29.8102778,
       46.4197222
      ],
      [
       29.7930556,
       46.4363889
      ],
      [
       29.7963889,
       46.4552778
      ],
      [
       29.7752778,
       46.465
      ],
      [
       29.7541667,
       46.4752778
      ],
      [
       29.7419444,
       46.4680556
      ],
      [
       29.7461111,
       46.4547222
      ],
      [
       29.7147222,
       46.4258333
      ],
      [
       29.705,
       46.4238889
      ],
      [
       29.6877778,
       46.4341667
      ],
      [
       29.6794444,
       46.4366667
      ],
      [
       29.6705556,
       46.4311111
      ],
      [
       29.6697222,
       46.4183333
      ],
      [
       29.6780556,
       46.3925
      ],
      [
       29.6869444,
       46.38
      ],
      [
       29.7,
       46.3747222
      ],
      [
       29.6936111,
       46.3675
      ],
      [
       29.6063889,
       46.3625
      ],
      [
       29.5786111,
       46.3811111
      ],
      [
       29.55,
       46.4122222
      ],
      [
       29.5286111,
       46.4141667
      ],
      [
       29.4986111,
       46.4436111
      ],
      [
       29.5075,
       46.4575
      ],
      [
       29.5066667,
       46.4675
      ],
      [
       29.4644444,
       46.4911111
      ],
      [
       29.4477778,
       46.4947222
      ],
      [
       29.4044444,
       46.4527778
      ],
      [
       29.4158333,
       46.435
      ],
      [
       29.3775,
       46.4605556
      ],
      [
       29.3755556,
       46.4794444
      ],
      [
       29.3663889,
       46.4894444
      ],
      [
       29.3502778,
       46.5063889
      ],
      [
       29.3272222,
       46.4969444
      ],
      [
       29.3386111,
       46.4808333
      ],
      [
       29.3205556,
       46.4747222
      ],
      [
       29.3188889,
       46.4638889
      ],
      [
       29.31,
       46.4491667
      ],
      [
       29.3147222,
       46.4433333
      ],
      [
       29.3191667,
       46.4308333
      ],
      [
       29.3186111,
       46.4144444
      ],
      [
       29.3055556,
       46.4180556
      ],
      [
       29.2744444,
       46.4166667
      ],
      [
       29.2605556,
       46.3897222
      ],
      [
       29.2519444,
       46.3833333
      ],
      [
       29.2258333,
       46.3902778
      ],
      [
       29.2166667,
       46.4027778
      ],
      [
       29.2291667,
       46.4188889
      ],
      [
       29.2188889,
       46.4266667
      ],
      [
       29.2152778,
       46.4361111
      ],
      [
       29.2225,
       46.4505556
      ],
      [
       29.2183333,
       46.4619444
      ],
      [
       29.2325,
       46.48
      ],
      [
       29.2363889,
       46.4913889
      ],
      [
       29.2372222,
       46.5194444
      ],
      [
       29.2441667,
       46.5516667
      ],
      [
       29.195,
       46.5491667
      ],
      [
       29.1711111,
       46.5494444
      ],
      [
       29.1780556,
       46.5377778
      ],
      [
       29.175,
       46.5222222
      ],
      [
       29.0858248,
       46.520914
      ],
      [
       28.7330556,
       46.5941667
      ],
      [
       28.575,
       46.6263889
      ],
      [
       28.2486111,
       46.6263889
      ],
      [
       28.2455556,
       46.6280556
      ],
      [
       28.2391667,
       46.6297222
      ],
      [
       28.2430556,
       46.6336111
      ],
      [
       28.2436111,
       46.6402778
      ],
      [
       28.2383333,
       46.6444444
      ],
      [
       28.2441667,
       46.6447222
      ],
      [
       28.2391667,
       46.6497222
      ],
      [
       28.2377778,
       46.6563889
      ],
      [
       28.2386111,
       46.6663889
      ],
      [
       28.2391667,
       46.6705556
      ],
      [
       28.2366667,
       46.6780556
      ],
      [
       28.2325,
       46.6816667
      ],
      [
       28.2316667,
       46.6752778
      ],
      [
       28.2288889,
       46.6733333
      ],
      [
       28.2247222,
       46.68
      ],
      [
       28.2213889,
       46.6897222
      ],
      [
       28.2177778,
       46.69
      ],
      [
       28.2147222,
       46.6836111
      ],
      [
       28.2086111,
       46.6858333
      ],
      [
       28.2122222,
       46.6872222
      ],
      [
       28.2127778,
       46.6975
      ],
      [
       28.2027778,
       46.7008333
      ],
      [
       28.2102778,
       46.7044444
      ],
      [
       28.2058333,
       46.715
      ],
      [
       28.2027778,
       46.7211111
      ],
      [
       28.1947222,
       46.7213889
      ],
      [
       28.1877778,
       46.7233333
      ],
      [
       28.1897222,
       46.7286111
      ],
      [
       28.1952778,
       46.7333333
      ],
      [
       28.1919444,
       46.7355556
      ],
      [
       28.1802778,
       46.7375
      ],
      [
       28.18,
       46.7436111
      ],
      [
       28.1838889,
       46.7458333
      ],
      [
       28.1772222,
       46.7480556
      ],
      [
       28.1733333,
       46.7508333
      ],
      [
       28.1822222,
       46.7552778
      ],
      [
       28.1838889,
       46.76
      ],
      [
       28.1777778,
       46.7597222
      ],
      [
       28.1780556,
       46.7705556
      ],
      [
       28.1711111,
       46.7683333
      ],
      [
       28.1686111,
       46.7722222
      ],
      [
       28.1727778,
       46.7755556
      ],
      [
       28.165,
       46.7738889
      ],
      [
       28.1763889,
       46.7772222
      ],
      [
       28.1738889,
       46.7813889
      ],
      [
       28.1655556,
       46.7847222
      ],
      [
       28.165,
       46.7911111
      ],
      [
       28.1627778,
       46.785
      ],
      [
       28.1547222,
       46.7922222
      ],
      [
       28.1527778,
       46.7983333
      ],
      [
       28.1472222,
       46.7994444
      ],
      [
       28.1347222,
       46.8022222
      ],
      [
       28.1283333,
       46.8088889
      ],
      [
       28.1244444,
       46.8136111
      ],
      [
       28.1258333,
       46.8188889
      ],
      [
       28.1236111,
       46.8227778
      ],
      [
       28.1172222,
       46.8191667
      ],
      [
       28.1158333,
       46.8275
      ],
      [
       28.1136111,
       46.8386111
      ],
      [
       28.1083333,
       46.8438889
      ],
      [
       28.1122222,
       46.8413889
      ],
      [
       28.1152778,
       46.8469444
      ],
      [
       28.12,
       46.8494444
      ],
      [
       28.1238889,
       46.8475
      ],
      [
       28.1208333,
       46.8527778
      ],
      [
       28.1172222,
       46.8547222
      ],
      [
       28.1225,
       46.8569444
      ],
      [
       28.1077778,
       46.8655556
      ],
      [
       28.1116667,
       46.8683333
      ],
      [
       28.0986111,
       46.87
      ],
      [
       28.1011111,
       46.8730556
      ],
      [
       28.1138889,
       46.8769444
      ],
      [
       28.1186111,
       46.8786111
      ],
      [
       28.1122222,
       46.8836111
      ],
      [
       28.1136111,
       46.8930556
      ],
      [
       28.1097222,
       46.8952778
      ],
      [
       28.1086111,
       46.8894444
      ],
      [
       28.1038889,
       46.8952778
      ],
      [
       28.0969444,
       46.8922222
      ],
      [
       28.0855556,
       46.8958333
      ],
      [
       28.0841667,
       46.9013889
      ],
      [
       28.0836111,
       46.9041667
      ],
      [
       28.0919444,
       46.9052778
      ],
      [
       28.0944444,
       46.9094444
      ],
      [
       28.0991667,
       46.9102778
      ],
      [
       28.1127778,
       46.9222222
      ],
      [
       28.0975,
       46.9294444
      ],
      [
       28.1058333,
       46.9305556
      ],
      [
       28.0897222,
       46.9336111
      ],
      [
       28.0830556,
       46.9383333
      ],
      [
       28.0883333,
       46.9355556
      ],
      [
       28.0897222,
       46.9394444
      ],
      [
       28.0888889,
       46.9419444
      ],
      [
       28.0925,
       46.9397222
      ],
      [
       28.0972222,
       46.9422222
      ],
      [
       28.0947222,
       46.9497222
      ],
      [
       28.09,
       46.9480556
      ],
      [
       28.0936111,
       46.9544444
      ],
      [
       28.0886111,
       46.9561111
      ],
      [
       28.0802778,
       46.96
      ],
      [
       28.0861111,
       46.9663889
      ],
      [
       28.0852778,
       46.9725
      ],
      [
       28.0958333,
       46.9761111
      ],
      [
       28.0947222,
       46.9797222
      ],
      [
       28.0855556,
       46.9844444
      ],
      [
       28.0813889,
       46.9897222
      ],
      [
       28.0761111,
       46.9916667
      ],
      [
       28.0541667,
       47.0002778
      ],
      [
       28.0538889,
       47.0055556
      ],
      [
       28.0511111,
       47.005
      ],
      [
       28.0513889,
       47.0011111
      ],
      [
       28.0408333,
       47.0072222
      ],
      [
       28.0430556,
       47.0094444
      ],
      [
       28.0375,
       47.0116667
      ],
      [
       28.0330556,
       47.0108333
      ],
      [
       28.0344444,
       47.015
      ],
      [
       28.0425,
       47.0191667
      ],
      [
       28.0513889,
       47.0141667
      ],
      [
       28.0538889,
       47.0158333
      ],
      [
       28.0483333,
       47.0247222
      ],
      [
       28.0436111,
       47.0213889
      ],
      [
       28.0386111,
       47.0283333
      ],
      [
       28.0286111,
       47.0305556
      ],
      [
       28.0241667,
       47.0275
      ],
      [
       28.0177778,
       47.0230556
      ],
      [
       27.995,
       47.0286111
      ],
      [
       27.9947222,
       47.0358333
      ],
      [
       27.9869444,
       47.0344444
      ],
      [
       27.9783333,
       47.0366667
      ],
      [
       27.9641667,
       47.0433333
      ],
      [
       27.9580556,
       47.0427778
      ],
      [
       27.9602778,
       47.0463889
      ],
      [
       27.9641667,
       47.0480556
      ],
      [
       27.9508333,
       47.0466667
      ],
      [
       27.9444444,
       47.0505556
      ],
      [
       27.9538889,
       47.0536111
      ],
      [
       27.9594444,
       47.0552778
      ],
      [
       27.9441667,
       47.0605556
      ],
      [
       27.9383333,
       47.065
      ],
      [
       27.9305556,
       47.0619444
      ],
      [
       27.9194444,
       47.0675
      ],
      [
       27.9138889,
       47.0694444
      ],
      [
       27.9008333,
       47.0730556
      ],
      [
       27.8972222,
       47.0752778
      ],
      [
       27.8925,
       47.0877778
      ],
      [
       27.8833333,
       47.09
      ],
      [
       27.8841667,
       47.0986111
      ],
      [
       27.8686111,
       47.1019444
      ],
      [
       27.8683333,
       47.1038889
      ],
      [
       27.8744444,
       47.105
      ],
      [
       27.8736111,
       47.1077778
      ],
      [
       27.8613889,
       47.1036111
      ],
      [
       27.855,
       47.1083333
      ],
      [
       27.8344444,
       47.1158333
      ],
      [
       27.8266667,
       47.1216667
      ],
      [
       27.8352778,
       47.1255556
      ],
      [
       27.8433333,
       47.1275
      ],
      [
       27.8486111,
       47.1230556
      ],
      [
       27.8519444,
       47.1277778
      ],
      [
       27.8416667,
       47.1358333
      ],
      [
       27.8005556,
       47.1683333
      ],
      [
       27.8516667,
       47.1683333
      ]
     ]
    ]
   }
  },
  {
   "type": "Feature",
   "properties": {
    "ll": {
     "value": 0,
     "unit": 1,
     "referenceDatum": 0
    },
    "ul": {
     "value": 55,
     "unit": 6,
     "referenceDatum": 2
    },
    "_id": "62614dde4b027aab592a6f57",
    "name": "LU-D1 CORNESTI 128.975",
    "type": 2,
    "icao": 7,
    "bnd": [
     [
      46.9975,
      27.2941667
     ],
     [
      47.8905556,
      28.5388889
     ]
    ]
   },
   "geometry": {
    "type": "Polygon",
    "coordinates": [
     [
      [
       27.5805556,
       47.8905556
      ],
      [
       28.2341667,
       47.6319444
      ],
      [
       28.5388889,
       47.3833333
      ],
      [
       28.0627778,
       46.9975
      ],
      [
       28.0541667,
       47.0002778
      ],
      [
       28.0538889,
       47.0055556
      ],
      [
       28.0511111,
       47.005
      ],
      [
       28.0513889,
       47.0011111
      ],
      [
       28.0408333,
       47.0072222
      ],
      [
       28.0430556,
       47.0094444
      ],
      [
       28.0375,
       47.0116667
      ],
      [
       28.0330556,
       47.0108333
      ],
      [
       28.0344444,
       47.015
      ],
      [
       28.0425,
       47.0191667
      ],
      [
       28.0513889,
       47.0141667
      ],
      [
       28.0538889,
       47.0158333
      ],
      [
       28.0483333,
       47.0247222
      ],
      [
       28.0436111,
       47.0213889
      ],
      [
       28.0386111,
       47.0283333
      ],
      [
       28.0286111,
       47.0305556
      ],
      [
       28.0241667,
       47.0275
      ],
      [
       28.0177778,
       47.0230556
      ],
      [
       27.995,
       47.0286111
      ],
      [
       27.9947222,
       47.0358333
      ],
      [
       27.9869444,
       47.0344444
      ],
      [
       27.9783333,
       47.0366667
      ],
      [
       27.9641667,
       47.0433333
      ],
      [
       27.9580556,
       47.0427778
      ],
      [
       27.9602778,
       47.0463889
      ],
      [
       27.9641667,
       47.0480556
      ],
      [
       27.9508333,
       47.0466667
      ],
      [
       27.9444444,
       47.0505556
      ],
      [
       27.9538889,
       47.0536111
      ],
      [
       27.9594444,
       47.0552778
      ],
      [
       27.9441667,
       47.0605556
      ],
      [
       27.9383333,
       47.065
      ],
      [
       27.9305556,
       47.0619444
      ],
      [
       27.9194444,
       47.0675
      ],
      [
       27.9138889,
       47.0694444
      ],
      [
       27.9008333,
       47.0730556
      ],
      [
       27.8972222,
       47.0752778
      ],
      [
       27.8925,
       47.0877778
      ],
      [
       27.8833333,
       47.09
      ],
      [
       27.8841667,
       47.0986111
      ],
      [
       27.8686111,
       47.1019444
      ],
      [
       27.8683333,
       47.1038889
      ],
      [
       27.8744444,
       47.105
      ],
      [
       27.8736111,
       47.1077778
      ],
      [
       27.8613889,
       47.1036111
      ],
      [
       27.855,
       47.1083333
      ],
      [
       27.8344444,
       47.1158333
      ],
      [
       27.8266667,
       47.1216667
      ],
      [
       27.8352778,
       47.1255556
      ],
      [
       27.8433333,
       47.1275
      ],
      [
       27.8486111,
       47.1230556
      ],
      [
       27.8519444,
       47.1277778
      ],
      [
       27.8416667,
       47.1358333
      ],
      [
       27.83,
       47.1344444
      ],
      [
       27.8272222,
       47.1386111
      ],
      [
       27.8208333,
       47.1355556
      ],
      [
       27.8044444,
       47.1377778
      ],
      [
       27.7816667,
       47.1425
      ],
      [
       27.7847222,
       47.1444444
      ],
      [
       27.7994444,
       47.1419444
      ],
      [
       27.7947222,
       47.1486111
      ],
      [
       27.7883333,
       47.1469444
      ],
      [
       27.7847222,
       47.1505556
      ],
      [
       27.8025,
       47.1522222
      ],
      [
       27.8113889,
       47.1630556
      ],
      [
       27.8094444,
       47.1666667
      ],
      [
       27.8038889,
       47.1663889
      ],
      [
       27.7961111,
       47.1725
      ],
      [
       27.8027778,
       47.1863889
      ],
      [
       27.8011111,
       47.1911111
      ],
      [
       27.7922222,
       47.1880556
      ],
      [
       27.7866667,
       47.1927778
      ],
      [
       27.7888889,
       47.2044444
      ],
      [
       27.7905556,
       47.2080556
      ],
      [
       27.7777778,
       47.2036111
      ],
      [
       27.7786111,
       47.2080556
      ],
      [
       27.7866667,
       47.2175
      ],
      [
       27.7797222,
       47.2211111
      ],
      [
       27.77,
       47.2216667
      ],
      [
       27.7736111,
       47.2255556
      ],
      [
       27.7744444,
       47.2311111
      ],
      [
       27.7605556,
       47.23
      ],
      [
       27.7541667,
       47.2319444
      ],
      [
       27.7591667,
       47.2383333
      ],
      [
       27.7555556,
       47.24
      ],
      [
       27.7508333,
       47.2383333
      ],
      [
       27.745,
       47.2447222
      ],
      [
       27.75,
       47.2486111
      ],
      [
       27.7569444,
       47.25
      ],
      [
       27.7522222,
       47.2544444
      ],
      [
       27.745,
       47.2511111
      ],
      [
       27.7419444,
       47.2558333
      ],
      [
       27.7463889,
       47.2577778
      ],
      [
       27.7583333,
       47.2575
      ],
      [
       27.7477778,
       47.2619444
      ],
      [
       27.7441667,
       47.2661111
      ],
      [
       27.7472222,
       47.2772222
      ],
      [
       27.7394444,
       47.2755556
      ],
      [
       27.7383333,
       47.2802778
      ],
      [
       27.7347222,
       47.29
      ],
      [
       27.7269444,
       47.2955556
      ],
      [
       27.7138889,
       47.2980556
      ],
      [
       27.7033333,
       47.2994444
      ],
      [
       27.7055556,
       47.2897222
      ],
      [
       27.6883333,
       47.29
      ],
      [
       27.6855556,
       47.2847222
      ],
      [
       27.6827778,
       47.2911111
      ],
      [
       27.6794444,
       47.3
      ],
      [
       27.6788889,
       47.3097222
      ],
      [
       27.6744444,
       47.3088889
      ],
      [
       27.6736111,
       47.3002778
      ],
      [
       27.6694444,
       47.3008333
      ],
      [
       27.6613889,
       47.3075
      ],
      [
       27.6566667,
       47.3052778
      ],
      [
       27.6497222,
       47.3080556
      ],
      [
       27.6486111,
       47.3016667
      ],
      [
       27.6455556,
       47.2997222
      ],
      [
       27.6333333,
       47.3033333
      ],
      [
       27.6386111,
       47.3113889
      ],
      [
       27.635,
       47.3130556
      ],
      [
       27.6277778,
       47.3105556
      ],
      [
       27.6222222,
       47.3258333
      ],
      [
       27.6202778,
       47.3252778
      ],
      [
       27.6166667,
       47.3197222
      ],
      [
       27.6052778,
       47.3175
      ],
      [
       27.6105556,
       47.3230556
      ],
      [
       27.6088889,
       47.3277778
      ],
      [
       27.6025,
       47.3275
      ],
      [
       27.6013889,
       47.3186111
      ],
      [
       27.5983333,
       47.3172222
      ],
      [
       27.5930556,
       47.3225
      ],
      [
       27.5958333,
       47.3252778
      ],
      [
       27.5836111,
       47.3272222
      ],
      [
       27.5816667,
       47.3305556
      ],
      [
       27.595,
       47.3316667
      ],
      [
       27.6013889,
       47.3291667
      ],
      [
       27.615,
       47.3391667
      ],
      [
       27.6130556,
       47.3419444
      ],
      [
       27.6105556,
       47.3397222
      ],
      [
       27.6044444,
       47.3402778
      ],
      [
       27.6066667,
       47.3444444
      ],
      [
       27.6055556,
       47.3497222
      ],
      [
       27.5980556,
       47.3469444
      ],
      [
       27.5947222,
       47.3491667
      ],
      [
       27.6008333,
       47.3683333
      ],
      [
       27.5966667,
       47.3708333
      ],
      [
       27.5927778,
       47.3697222
      ],
      [
       27.5891667,
       47.365
      ],
      [
       27.5758333,
       47.3680556
      ],
      [
       27.5744444,
       47.3711111
      ],
      [
       27.5838889,
       47.3769444
      ],
      [
       27.5780556,
       47.3780556
      ],
      [
       27.5719444,
       47.3738889
      ],
      [
       27.5683333,
       47.3830556
      ],
      [
       27.5727778,
       47.385
      ],
      [
       27.5688889,
       47.3872222
      ],
      [
       27.5738889,
       47.3975
      ],
      [
       27.5847222,
       47.4080556
      ],
      [
       27.5822222,
       47.4105556
      ],
      [
       27.5761111,
       47.4091667
      ],
      [
       27.5752778,
       47.4188889
      ],
      [
       27.5652778,
       47.4247222
      ],
      [
       27.5608333,
       47.4233333
      ],
      [
       27.5538889,
       47.4305556
      ],
      [
       27.5561111,
       47.4358333
      ],
      [
       27.5619444,
       47.4391667
      ],
      [
       27.5597222,
       47.4477778
      ],
      [
       27.57,
       47.4494444
      ],
      [
       27.5719444,
       47.4644444
      ],
      [
       27.5636111,
       47.4627778
      ],
      [
       27.5563889,
       47.4702778
      ],
      [
       27.5427778,
       47.4772222
      ],
      [
       27.5377778,
       47.4883333
      ],
      [
       27.5316667,
       47.4844444
      ],
      [
       27.5372222,
       47.4808333
      ],
      [
       27.5336111,
       47.4780556
      ],
      [
       27.5222222,
       47.4822222
      ],
      [
       27.5208333,
       47.4791667
      ],
      [
       27.5158333,
       47.4744444
      ],
      [
       27.5122222,
       47.4763889
      ],
      [
       27.5158333,
       47.4880556
      ],
      [
       27.5133333,
       47.49
      ],
      [
       27.5105556,
       47.4861111
      ],
      [
       27.5086111,
       47.4805556
      ],
      [
       27.5063889,
       47.4783333
      ],
      [
       27.4922222,
       47.4816667
      ],
      [
       27.4961111,
       47.4866667
      ],
      [
       27.4908333,
       47.4888889
      ],
      [
       27.4741667,
       47.4858333
      ],
      [
       27.4675,
       47.4941667
      ],
      [
       27.4597222,
       47.5027778
      ],
      [
       27.4538889,
       47.5080556
      ],
      [
       27.4552778,
       47.5166667
      ],
      [
       27.4672222,
       47.5258333
      ],
      [
       27.4627778,
       47.5266667
      ],
      [
       27.4508333,
       47.5230556
      ],
      [
       27.4444444,
       47.5305556
      ],
      [
       27.455,
       47.5333333
      ],
      [
       27.4561111,
       47.5375
      ],
      [
       27.4480556,
       47.5358333
      ],
      [
       27.4425,
       47.5372222
      ],
      [
       27.4341667,
       47.5419444
      ],
      [
       27.4308333,
       47.5469444
      ],
      [
       27.4391667,
       47.5491667
      ],
      [
       27.43,
       47.5513889
      ],
      [
       27.4241667,
       47.555
      ],
      [
       27.4319444,
       47.5636111
      ],
      [
       27.4183333,
       47.5655556
      ],
      [
       27.4286111,
       47.5811111
      ],
      [
       27.4227778,
       47.5838889
      ],
      [
       27.4044444,
       47.5830556
      ],
      [
       27.3763889,
       47.5952778
      ],
      [
       27.3708333,
       47.6002778
      ],
      [
       27.3736111,
       47.6025
      ],
      [
       27.3633333,
       47.6127778
      ],
      [
       27.3605556,
       47.6197222
      ],
      [
       27.3336111,
       47.6269444
      ],
      [
       27.3169444,
       47.6411111
      ],
      [
       27.3152778,
       47.6491667
      ],
      [
       27.3066667,
       47.6608333
      ],
      [
       27.2983333,
       47.6611111
      ],
      [
       27.2941667,
       47.6691667
      ],
      [
       27.2958333,
       47.6805556
      ],
      [
       27.2963889,
       47.6763889
      ],
      [
       27.5805556,
       47.8905556
      ]
     ]
    ]
   }
  },
  {
   "type": "Feature",
   "properties": {
    "ll": {
     "value": 0,
     "unit": 1,
     "referenceDatum": 0
    },
    "ul": {
     "value": 55,
     "unit": 6,
     "referenceDatum": 2
    },
    "_id": "62614dde4b027aab592a6eff",
    "name": "LU-D12 EDINET 128.975",
    "type": 2,
    "icao": 7,
    "bnd": [
     [
      47.5830556,
      26.6188889
     ],
     [
      48.4891667,
      27.9213889
     ]
    ]
   },
   "geometry": {
    "type": "Polygon",
    "coordinates": [
     [
      [
       27.7030556,
       48.4488889
      ],
      [
       27.9213889,
       47.7191667
      ],
      [
       27.4255556,
       47.5833333
      ],
      [
       27.4227778,
       47.5838889
      ],
      [
       27.4044444,
       47.5830556
      ],
      [
       27.3763889,
       47.5952778
      ],
      [
       27.3708333,
       47.6002778
      ],
      [
       27.3736111,
       47.6025
      ],
      [
       27.3633333,
       47.6127778
      ],
      [
       27.3605556,
       47.6197222
      ],
      [
       27.3336111,
       47.6269444
      ],
      [
       27.3169444,
       47.6411111
      ],
      [
       27.3152778,
       47.6491667
      ],
      [
       27.3066667,
       47.6608333
      ],
      [
       27.2983333,
       47.6611111
      ],
      [
       27.2941667,
       47.6691667
      ],
      [
       27.2958333,
       47.6805556
      ],
      [
       27.2811111,
       47.6838889
      ],
      [
       27.2733333,
       47.6908333
      ],
      [
       27.28,
       47.6966667
      ],
      [
       27.2758333,
       47.7002778
      ],
      [
       27.2675,
       47.705
      ],
      [
       27.2663889,
       47.7125
      ],
      [
       27.25,
       47.7197222
      ],
      [
       27.2544444,
       47.7205556
      ],
      [
       27.2652778,
       47.7322222
      ],
      [
       27.2677778,
       47.7261111
      ],
      [
       27.2727778,
       47.7280556
      ],
      [
       27.2808333,
       47.7272222
      ],
      [
       27.2888889,
       47.7225
      ],
      [
       27.2952778,
       47.7263889
      ],
      [
       27.285,
       47.73
      ],
      [
       27.2819444,
       47.7391667
      ],
      [
       27.2980556,
       47.7469444
      ],
      [
       27.2966667,
       47.7519444
      ],
      [
       27.2919444,
       47.7522222
      ],
      [
       27.2847222,
       47.7483333
      ],
      [
       27.2797222,
       47.7519444
      ],
      [
       27.2855556,
       47.7566667
      ],
      [
       27.2777778,
       47.7638889
      ],
      [
       27.2658333,
       47.76
      ],
      [
       27.2644444,
       47.7630556
      ],
      [
       27.2680556,
       47.7680556
      ],
      [
       27.2661111,
       47.78
      ],
      [
       27.2572222,
       47.7786111
      ],
      [
       27.2525,
       47.7794444
      ],
      [
       27.2488889,
       47.7877778
      ],
      [
       27.2483333,
       47.7944444
      ],
      [
       27.2313889,
       47.8069444
      ],
      [
       27.2383333,
       47.8119444
      ],
      [
       27.2416667,
       47.8155556
      ],
      [
       27.2352778,
       47.8169444
      ],
      [
       27.23,
       47.8141667
      ],
      [
       27.2180556,
       47.8166667
      ],
      [
       27.2155556,
       47.8241667
      ],
      [
       27.2225,
       47.8316667
      ],
      [
       27.2269444,
       47.8308333
      ],
      [
       27.235,
       47.8252778
      ],
      [
       27.2466667,
       47.8352778
      ],
      [
       27.2313889,
       47.8383333
      ],
      [
       27.2088889,
       47.8491667
      ],
      [
       27.1508333,
       47.9211111
      ],
      [
       27.1675,
       47.9544444
      ],
      [
       27.1533333,
       47.9713889
      ],
      [
       27.1663889,
       47.9947222
      ],
      [
       27.1280556,
       47.9925
      ],
      [
       27.1205556,
       47.9986111
      ],
      [
       27.1241667,
       48.0066667
      ],
      [
       27.1280556,
       48.0130556
      ],
      [
       27.1088889,
       48.0116667
      ],
      [
       27.0972222,
       48.0069444
      ],
      [
       27.0897222,
       48.0113889
      ],
      [
       27.0941667,
       48.0227778
      ],
      [
       27.1041667,
       48.0269444
      ],
      [
       27.1061111,
       48.0316667
      ],
      [
       27.1008333,
       48.0341667
      ],
      [
       27.0825,
       48.0386111
      ],
      [
       27.0794444,
       48.0527778
      ],
      [
       27.0438889,
       48.0727778
      ],
      [
       27.0380556,
       48.0841667
      ],
      [
       27.0263889,
       48.0897222
      ],
      [
       27.0363889,
       48.0975
      ],
      [
       27.0411111,
       48.1055556
      ],
      [
       27.0338889,
       48.1161111
      ],
      [
       27.0391667,
       48.1275
      ],
      [
       27.0363889,
       48.13
      ],
      [
       27.0286111,
       48.1238889
      ],
      [
       27.0227778,
       48.1261111
      ],
      [
       27.0288889,
       48.1347222
      ],
      [
       27.0247222,
       48.1383333
      ],
      [
       27.0147222,
       48.135
      ],
      [
       27.0038889,
       48.1222222
      ],
      [
       26.9886111,
       48.1280556
      ],
      [
       26.9683333,
       48.1302778
      ],
      [
       26.9552778,
       48.1377778
      ],
      [
       26.9513889,
       48.1494444
      ],
      [
       26.9575,
       48.1527778
      ],
      [
       26.9772222,
       48.1447222
      ],
      [
       26.9883333,
       48.1461111
      ],
      [
       26.9916667,
       48.1522222
      ],
      [
       26.9816667,
       48.1597222
      ],
      [
       26.9447222,
       48.1613889
      ],
      [
       26.9333333,
       48.1663889
      ],
      [
       26.9455556,
       48.1791667
      ],
      [
       26.95,
       48.1863889
      ],
      [
       26.9430556,
       48.1963889
      ],
      [
       26.9180556,
       48.1994444
      ],
      [
       26.9127778,
       48.1969444
      ],
      [
       26.9205556,
       48.1822222
      ],
      [
       26.9033333,
       48.1802778
      ],
      [
       26.8922222,
       48.1922222
      ],
      [
       26.9030556,
       48.1947222
      ],
      [
       26.9086111,
       48.2016667
      ],
      [
       26.8838889,
       48.2022222
      ],
      [
       26.8766667,
       48.2072222
      ],
      [
       26.8613889,
       48.2172222
      ],
      [
       26.8561111,
       48.2311111
      ],
      [
       26.8469444,
       48.2330556
      ],
      [
       26.8355556,
       48.2261111
      ],
      [
       26.8294444,
       48.2286111
      ],
      [
       26.8277778,
       48.2413889
      ],
      [
       26.8175,
       48.2461111
      ],
      [
       26.8152778,
       48.2491667
      ],
      [
       26.8102778,
       48.2533333
      ],
      [
       26.8036111,
       48.2536111
      ],
      [
       26.7894444,
       48.2497222
      ],
      [
       26.7855556,
       48.2444444
      ],
      [
       26.7697222,
       48.2475
      ],
      [
       26.7536111,
       48.2480556
      ],
      [
       26.7352778,
       48.2455556
      ],
      [
       26.7341667,
       48.2480556
      ],
      [
       26.7430556,
       48.2538889
      ],
      [
       26.7338889,
       48.2583333
      ],
      [
       26.7275,
       48.2577778
      ],
      [
       26.7316667,
       48.2488889
      ],
      [
       26.7211111,
       48.2466667
      ],
      [
       26.7086111,
       48.2533333
      ],
      [
       26.7030556,
       48.265
      ],
      [
       26.6952778,
       48.2622222
      ],
      [
       26.6911111,
       48.2538889
      ],
      [
       26.6836111,
       48.2494444
      ],
      [
       26.6638889,
       48.2488889
      ],
      [
       26.6666667,
       48.2586111
      ],
      [
       26.6652778,
       48.2633333
      ],
      [
       26.6577778,
       48.2625
      ],
      [
       26.6527778,
       48.2544444
      ],
      [
       26.6444444,
       48.2533333
      ],
      [
       26.6363889,
       48.2622222
      ],
      [
       26.6288889,
       48.2586111
      ],
      [
       26.6236111,
       48.2505556
      ],
      [
       26.6188889,
       48.265
      ],
      [
       26.64,
       48.285
      ],
      [
       26.6536111,
       48.3136111
      ],
      [
       26.6602778,
       48.3172222
      ],
      [
       26.67,
       48.3111111
      ],
      [
       26.6802778,
       48.3080556
      ],
      [
       26.685,
       48.3144444
      ],
      [
       26.6841667,
       48.3308333
      ],
      [
       26.6975,
       48.3363889
      ],
      [
       26.7252778,
       48.3313889
      ],
      [
       26.7519444,
       48.3177778
      ],
      [
       26.7672222,
       48.3030556
      ],
      [
       26.7897222,
       48.2952778
      ],
      [
       26.8130556,
       48.2922222
      ],
      [
       26.8280556,
       48.3097222
      ],
      [
       26.8202778,
       48.3488889
      ],
      [
       26.7894444,
       48.3541667
      ],
      [
       26.7288889,
       48.3933333
      ],
      [
       26.7172222,
       48.4083333
      ],
      [
       26.7241667,
       48.4169444
      ],
      [
       26.7477778,
       48.4255556
      ],
      [
       26.8036111,
       48.4216667
      ],
      [
       26.8811111,
       48.4258333
      ],
      [
       26.8927778,
       48.4133333
      ],
      [
       26.9055556,
       48.3825
      ],
      [
       26.9588889,
       48.365
      ],
      [
       27.0027778,
       48.3652778
      ],
      [
       27.0163889,
       48.3783333
      ],
      [
       27.0341667,
       48.3875
      ],
      [
       27.0519444,
       48.3927778
      ],
      [
       27.0491667,
       48.4102778
      ],
      [
       27.0361111,
       48.4311111
      ],
      [
       27.0441667,
       48.4386111
      ],
      [
       27.0761111,
       48.4372222
      ],
      [
       27.0941667,
       48.4091667
      ],
      [
       27.1125,
       48.3994444
      ],
      [
       27.1244444,
       48.3875
      ],
      [
       27.1505556,
       48.3827778
      ],
      [
       27.1883333,
       48.3941667
      ],
      [
       27.2058333,
       48.3952778
      ],
      [
       27.2427778,
       48.3727778
      ],
      [
       27.2847222,
       48.3841667
      ],
      [
       27.3155556,
       48.4211111
      ],
      [
       27.3338889,
       48.4486111
      ],
      [
       27.3591667,
       48.4461111
      ],
      [
       27.3769444,
       48.415
      ],
      [
       27.3966667,
       48.4141667
      ],
      [
       27.43,
       48.4208333
      ],
      [
       27.4552778,
       48.4191667
      ],
      [
       27.4677778,
       48.4322222
      ],
      [
       27.4716667,
       48.4488889
      ],
      [
       27.5116667,
       48.46
      ],
      [
       27.5661111,
       48.4738889
      ],
      [
       27.5883333,
       48.4891667
      ],
      [
       27.6041667,
       48.4866667
      ],
      [
       27.5994444,
       48.4672222
      ],
      [
       27.6161111,
       48.4577778
      ],
      [
       27.6538889,
       48.4461111
      ],
      [
       27.7252778,
       48.4547222
      ],
      [
       27.7030556,
       48.4488889
      ]
     ]
    ]
   }
  },
  {
   "type": "Feature",
   "properties": {
    "ll": {
     "value": 0,
     "unit": 1,
     "referenceDatum": 0
    },
    "ul": {
     "value": 55,
     "unit": 6,
     "referenceDatum": 2
    },
    "_id": "62614dde4b027aab592a6efd",
    "name": "LU-D14 CEADIR-LUNGA 128.975",
    "type": 2,
    "icao": 7,
    "bnd": [
     [
      45.7591667,
      28.0855556
     ],
     [
      46.4469444,
      29.0558333
     ]
    ]
   },
   "geometry": {
    "type": "Polygon",
    "coordinates": [
     [
      [
       28.2383333,
       46.4072222
      ],
      [
       28.605,
       46.4469444
      ],
      [
       28.8833333,
       46.3608333
      ],
      [
       28.9552778,
       46.2902778
      ],
      [
       28.9511111,
       46.2861111
      ],
      [
       28.9591667,
       46.2711111
      ],
      [
       29.0558333,
       46.2061111
      ],
      [
       29.0458333,
       46.1866667
      ],
      [
       29.0116667,
       46.1563889
      ],
      [
       28.9619444,
       46.1158333
      ],
      [
       28.9838889,
       46.09
      ],
      [
       29.0069444,
       46.0716667
      ],
      [
       29.0063889,
       46.0541667
      ],
      [
       28.9780556,
       46.0125
      ],
      [
       28.9255556,
       46
      ],
      [
       28.8638889,
       45.9891667
      ],
      [
       28.8341667,
       45.9847222
      ],
      [
       28.7941667,
       45.9772222
      ],
      [
       28.7755556,
       45.9613889
      ],
      [
       28.7658333,
       45.95
      ],
      [
       28.7702778,
       45.9375
      ],
      [
       28.765,
       45.9222222
      ],
      [
       28.7716667,
       45.9063889
      ],
      [
       28.7819444,
       45.8663889
      ],
      [
       28.7875,
       45.8425
      ],
      [
       28.7611111,
       45.8313889
      ],
      [
       28.7275,
       45.8269444
      ],
      [
       28.7119444,
       45.8191667
      ],
      [
       28.7133333,
       45.8063889
      ],
      [
       28.7177778,
       45.7919444
      ],
      [
       28.6938889,
       45.7827778
      ],
      [
       28.6219444,
       45.7611111
      ],
      [
       28.6161111,
       45.7591667
      ],
      [
       28.2480556,
       45.8211111
      ],
      [
       28.1283333,
       45.8788889
      ],
      [
       28.1275,
       45.8847222
      ],
      [
       28.1238889,
       45.8825
      ],
      [
       28.1161111,
       45.8827778
      ],
      [
       28.1130556,
       45.885
      ],
      [
       28.1163889,
       45.8925
      ],
      [
       28.1125,
       45.8991667
      ],
      [
       28.1202778,
       45.9011111
      ],
      [
       28.1169444,
       45.9069444
      ],
      [
       28.1202778,
       45.9136111
      ],
      [
       28.1261111,
       45.9225
      ],
      [
       28.1208333,
       45.9313889
      ],
      [
       28.1183333,
       45.9430556
      ],
      [
       28.1158333,
       45.9491667
      ],
      [
       28.1113889,
       45.9580556
      ],
      [
       28.1055556,
       45.9644444
      ],
      [
       28.1086111,
       45.9686111
      ],
      [
       28.1066667,
       45.9755556
      ],
      [
       28.1052778,
       45.9788889
      ],
      [
       28.0986111,
       45.9783333
      ],
      [
       28.1027778,
       45.9833333
      ],
      [
       28.1041667,
       45.9897222
      ],
      [
       28.0986111,
       45.9911111
      ],
      [
       28.0908333,
       46.0055556
      ],
      [
       28.0855556,
       46.0086111
      ],
      [
       28.0944444,
       46.0172222
      ],
      [
       28.0888889,
       46.0227778
      ],
      [
       28.0908333,
       46.0302778
      ],
      [
       28.0955556,
       46.0397222
      ],
      [
       28.1038889,
       46.0433333
      ],
      [
       28.1052778,
       46.0525
      ],
      [
       28.1013889,
       46.0541667
      ],
      [
       28.09,
       46.0563889
      ],
      [
       28.0916667,
       46.0602778
      ],
      [
       28.1008333,
       46.0638889
      ],
      [
       28.0972222,
       46.0652778
      ],
      [
       28.0902778,
       46.0716667
      ],
      [
       28.0927778,
       46.0791667
      ],
      [
       28.0963889,
       46.0783333
      ],
      [
       28.0988889,
       46.0808333
      ],
      [
       28.1072222,
       46.0780556
      ],
      [
       28.1088889,
       46.08
      ],
      [
       28.1116667,
       46.0866667
      ],
      [
       28.1069444,
       46.0936111
      ],
      [
       28.1022222,
       46.0988889
      ],
      [
       28.1094444,
       46.1025
      ],
      [
       28.1166667,
       46.1019444
      ],
      [
       28.1225,
       46.1041667
      ],
      [
       28.1222222,
       46.1058333
      ],
      [
       28.1166667,
       46.1108333
      ],
      [
       28.1227778,
       46.1113889
      ],
      [
       28.1244444,
       46.1169444
      ],
      [
       28.1252778,
       46.1261111
      ],
      [
       28.1347222,
       46.1302778
      ],
      [
       28.1288889,
       46.1311111
      ],
      [
       28.1283333,
       46.1413889
      ],
      [
       28.1280556,
       46.1455556
      ],
      [
       28.1241667,
       46.1505556
      ],
      [
       28.1313889,
       46.1541667
      ],
      [
       28.1363889,
       46.1616667
      ],
      [
       28.1430556,
       46.1644444
      ],
      [
       28.1369444,
       46.1711111
      ],
      [
       28.1283333,
       46.1769444
      ],
      [
       28.1305556,
       46.1788889
      ],
      [
       28.1433333,
       46.1769444
      ],
      [
       28.1333333,
       46.1811111
      ],
      [
       28.1316667,
       46.1858333
      ],
      [
       28.1402778,
       46.1827778
      ],
      [
       28.1411111,
       46.1922222
      ],
      [
       28.135,
       46.195
      ],
      [
       28.1233333,
       46.1922222
      ],
      [
       28.1175,
       46.1958333
      ],
      [
       28.1261111,
       46.2069444
      ],
      [
       28.1216667,
       46.2116667
      ],
      [
       28.1163889,
       46.21
      ],
      [
       28.1169444,
       46.2036111
      ],
      [
       28.1113889,
       46.2027778
      ],
      [
       28.1097222,
       46.2144444
      ],
      [
       28.1113889,
       46.2172222
      ],
      [
       28.1111111,
       46.2208333
      ],
      [
       28.1105556,
       46.2269444
      ],
      [
       28.1097222,
       46.2419444
      ],
      [
       28.1144444,
       46.2458333
      ],
      [
       28.1188889,
       46.2388889
      ],
      [
       28.1191667,
       46.2433333
      ],
      [
       28.1230556,
       46.2419444
      ],
      [
       28.1352778,
       46.2508333
      ],
      [
       28.1402778,
       46.2480556
      ],
      [
       28.1463889,
       46.2533333
      ],
      [
       28.1305556,
       46.2558333
      ],
      [
       28.1361111,
       46.2638889
      ],
      [
       28.1341667,
       46.2675
      ],
      [
       28.1372222,
       46.2716667
      ],
      [
       28.14,
       46.2847222
      ],
      [
       28.1461111,
       46.2863889
      ],
      [
       28.1447222,
       46.2813889
      ],
      [
       28.1483333,
       46.2780556
      ],
      [
       28.1533333,
       46.2816667
      ],
      [
       28.1511111,
       46.2925
      ],
      [
       28.1558333,
       46.2869444
      ],
      [
       28.1647222,
       46.2861111
      ],
      [
       28.1627778,
       46.2816667
      ],
      [
       28.1691667,
       46.2944444
      ],
      [
       28.1725,
       46.2977778
      ],
      [
       28.1769444,
       46.2944444
      ],
      [
       28.1802778,
       46.2852778
      ],
      [
       28.1788889,
       46.2897222
      ],
      [
       28.1822222,
       46.2911111
      ],
      [
       28.1847222,
       46.2905556
      ],
      [
       28.1866667,
       46.2938889
      ],
      [
       28.1822222,
       46.2944444
      ],
      [
       28.1783333,
       46.2975
      ],
      [
       28.1825,
       46.2997222
      ],
      [
       28.195,
       46.3030556
      ],
      [
       28.2086111,
       46.3208333
      ],
      [
       28.1997222,
       46.3263889
      ],
      [
       28.1963889,
       46.3280556
      ],
      [
       28.1866667,
       46.3266667
      ],
      [
       28.1922222,
       46.33
      ],
      [
       28.1863889,
       46.3363889
      ],
      [
       28.1888889,
       46.3372222
      ],
      [
       28.1961111,
       46.3338889
      ],
      [
       28.1947222,
       46.3386111
      ],
      [
       28.1994444,
       46.3427778
      ],
      [
       28.1955556,
       46.3469444
      ],
      [
       28.1941667,
       46.3430556
      ],
      [
       28.1872222,
       46.3455556
      ],
      [
       28.1827778,
       46.3522222
      ],
      [
       28.1886111,
       46.3527778
      ],
      [
       28.1869444,
       46.3505556
      ],
      [
       28.1961111,
       46.3497222
      ],
      [
       28.1908333,
       46.3575
      ],
      [
       28.1925,
       46.3583333
      ],
      [
       28.1980556,
       46.3563889
      ],
      [
       28.2083333,
       46.3591667
      ],
      [
       28.2030556,
       46.3602778
      ],
      [
       28.1991667,
       46.3641667
      ],
      [
       28.2055556,
       46.3644444
      ],
      [
       28.2038889,
       46.3666667
      ],
      [
       28.1994444,
       46.3697222
      ],
      [
       28.1975,
       46.3713889
      ],
      [
       28.2033333,
       46.3741667
      ],
      [
       28.21,
       46.3772222
      ],
      [
       28.2188889,
       46.3805556
      ],
      [
       28.2175,
       46.3830556
      ],
      [
       28.2158333,
       46.3919444
      ],
      [
       28.2180556,
       46.3958333
      ],
      [
       28.2311111,
       46.3916667
      ],
      [
       28.2394444,
       46.3933333
      ],
      [
       28.2427778,
       46.3958333
      ],
      [
       28.2338889,
       46.4002778
      ],
      [
       28.2263889,
       46.3986111
      ],
      [
       28.2266667,
       46.4033333
      ],
      [
       28.2386111,
       46.4063889
      ],
      [
       28.2375,
       46.4075
      ],
      [
       28.2383333,
       46.4072222
      ]
     ]
    ]
   }
  },
  {
   "type": "Feature",
   "properties": {
    "ll": {
     "value": 0,
     "unit": 1,
     "referenceDatum": 0
    },
    "ul": {
     "value": 55,
     "unit": 6,
     "referenceDatum": 2
    },
    "_id": "62614dde4b027aab592a6f25",
    "name": "LU-D15 CALARASI 128.975",
    "type": 2,
    "icao": 7,
    "bnd": [
     [
      46.5866667,
      27.9097222
     ],
     [
      47.5655556,
      29.1705556
     ]
    ]
   },
   "geometry": {
    "type": "Polygon",
    "coordinates": [
     [
      [
       28.4030556,
       47.5655556
      ],
      [
       29.0716667,
       47.5619444
      ],
      [
       29.1705556,
       47.2675
      ],
      [
       28.6808333,
       47.0783333
      ],
      [
       28.9377778,
       46.6916667
      ],
      [
       28.5502778,
       46.5866667
      ],
      [
       28.2502778,
       46.6038889
      ],
      [
       28.2441667,
       46.6069444
      ],
      [
       28.2522222,
       46.6125
      ],
      [
       28.2494444,
       46.6169444
      ],
      [
       28.2513889,
       46.6211111
      ],
      [
       28.2455556,
       46.6280556
      ],
      [
       28.2391667,
       46.6297222
      ],
      [
       28.2430556,
       46.6336111
      ],
      [
       28.2436111,
       46.6402778
      ],
      [
       28.2383333,
       46.6444444
      ],
      [
       28.2441667,
       46.6447222
      ],
      [
       28.2391667,
       46.6497222
      ],
      [
       28.2377778,
       46.6563889
      ],
      [
       28.2386111,
       46.6663889
      ],
      [
       28.2391667,
       46.6705556
      ],
      [
       28.2366667,
       46.6780556
      ],
      [
       28.2325,
       46.6816667
      ],
      [
       28.2316667,
       46.6752778
      ],
      [
       28.2288889,
       46.6733333
      ],
      [
       28.2247222,
       46.68
      ],
      [
       28.2213889,
       46.6897222
      ],
      [
       28.2177778,
       46.69
      ],
      [
       28.2147222,
       46.6836111
      ],
      [
       28.2086111,
       46.6858333
      ],
      [
       28.2122222,
       46.6872222
      ],
      [
       28.2127778,
       46.6975
      ],
      [
       28.2027778,
       46.7008333
      ],
      [
       28.2102778,
       46.7044444
      ],
      [
       28.2058333,
       46.715
      ],
      [
       28.2027778,
       46.7211111
      ],
      [
       28.1947222,
       46.7213889
      ],
      [
       28.1877778,
       46.7233333
      ],
      [
       28.1897222,
       46.7286111
      ],
      [
       28.1952778,
       46.7333333
      ],
      [
       28.1919444,
       46.7355556
      ],
      [
       28.1802778,
       46.7375
      ],
      [
       28.18,
       46.7436111
      ],
      [
       28.1838889,
       46.7458333
      ],
      [
       28.1772222,
       46.7480556
      ],
      [
       28.1733333,
       46.7508333
      ],
      [
       28.1822222,
       46.7552778
      ],
      [
       28.1838889,
       46.76
      ],
      [
       28.1777778,
       46.7597222
      ],
      [
       28.1780556,
       46.7705556
      ],
      [
       28.1711111,
       46.7683333
      ],
      [
       28.1686111,
       46.7722222
      ],
      [
       28.1727778,
       46.7755556
      ],
      [
       28.165,
       46.7738889
      ],
      [
       28.1763889,
       46.7772222
      ],
      [
       28.1738889,
       46.7813889
      ],
      [
       28.1655556,
       46.7847222
      ],
      [
       28.165,
       46.7911111
      ],
      [
       28.1627778,
       46.785
      ],
      [
       28.1547222,
       46.7922222
      ],
      [
       28.1527778,
       46.7983333
      ],
      [
       28.1472222,
       46.7994444
      ],
      [
       28.1347222,
       46.8022222
      ],
      [
       28.1283333,
       46.8088889
      ],
      [
       28.1244444,
       46.8136111
      ],
      [
       28.1258333,
       46.8188889
      ],
      [
       28.1236111,
       46.8227778
      ],
      [
       28.1172222,
       46.8191667
      ],
      [
       28.1158333,
       46.8275
      ],
      [
       28.1136111,
       46.8386111
      ],
      [
       28.1083333,
       46.8438889
      ],
      [
       28.1122222,
       46.8413889
      ],
      [
       28.1152778,
       46.8469444
      ],
      [
       28.12,
       46.8494444
      ],
      [
       28.1238889,
       46.8475
      ],
      [
       28.1208333,
       46.8527778
      ],
      [
       28.1172222,
       46.8547222
      ],
      [
       28.1225,
       46.8569444
      ],
      [
       28.1077778,
       46.8655556
      ],
      [
       28.1116667,
       46.8683333
      ],
      [
       28.0986111,
       46.87
      ],
      [
       28.1011111,
       46.8730556
      ],
      [
       28.1138889,
       46.8769444
      ],
      [
       28.1186111,
       46.8786111
      ],
      [
       28.1122222,
       46.8836111
      ],
      [
       28.1136111,
       46.8930556
      ],
      [
       28.1097222,
       46.8952778
      ],
      [
       28.1086111,
       46.8894444
      ],
      [
       28.1038889,
       46.8952778
      ],
      [
       28.0969444,
       46.8922222
      ],
      [
       28.0855556,
       46.8958333
      ],
      [
       28.0841667,
       46.9013889
      ],
      [
       28.0836111,
       46.9041667
      ],
      [
       28.0919444,
       46.9052778
      ],
      [
       28.0944444,
       46.9094444
      ],
      [
       28.0991667,
       46.9102778
      ],
      [
       28.1127778,
       46.9222222
      ],
      [
       28.0975,
       46.9294444
      ],
      [
       28.1058333,
       46.9305556
      ],
      [
       28.0897222,
       46.9336111
      ],
      [
       28.0830556,
       46.9383333
      ],
      [
       28.0883333,
       46.9355556
      ],
      [
       28.0897222,
       46.9394444
      ],
      [
       28.0888889,
       46.9419444
      ],
      [
       28.0925,
       46.9397222
      ],
      [
       28.0972222,
       46.9422222
      ],
      [
       28.0947222,
       46.9497222
      ],
      [
       28.09,
       46.9480556
      ],
      [
       28.0936111,
       46.9544444
      ],
      [
       28.0886111,
       46.9561111
      ],
      [
       28.0802778,
       46.96
      ],
      [
       28.0861111,
       46.9663889
      ],
      [
       28.0852778,
       46.9725
      ],
      [
       28.0958333,
       46.9761111
      ],
      [
       28.0947222,
       46.9797222
      ],
      [
       28.0855556,
       46.9844444
      ],
      [
       28.0813889,
       46.9897222
      ],
      [
       28.0761111,
       46.9916667
      ],
      [
       28.0541667,
       47.0002778
      ],
      [
       28.0538889,
       47.0055556
      ],
      [
       28.0511111,
       47.005
      ],
      [
       28.0513889,
       47.0011111
      ],
      [
       28.0408333,
       47.0072222
      ],
      [
       28.0430556,
       47.0094444
      ],
      [
       28.0375,
       47.0116667
      ],
      [
       28.0330556,
       47.0108333
      ],
      [
       28.0344444,
       47.015
      ],
      [
       28.0425,
       47.0191667
      ],
      [
       28.0513889,
       47.0141667
      ],
      [
       28.0538889,
       47.0158333
      ],
      [
       28.0483333,
       47.0247222
      ],
      [
       28.0436111,
       47.0213889
      ],
      [
       28.0386111,
       47.0283333
      ],
      [
       28.0286111,
       47.0305556
      ],
      [
       28.0241667,
       47.0275
      ],
      [
       28.0177778,
       47.0230556
      ],
      [
       27.995,
       47.0286111
      ],
      [
       27.9947222,
       47.0358333
      ],
      [
       27.9869444,
       47.0344444
      ],
      [
       27.9783333,
       47.0366667
      ],
      [
       27.9641667,
       47.0433333
      ],
      [
       27.9580556,
       47.0427778
      ],
      [
       27.9602778,
       47.0463889
      ],
      [
       27.9641667,
       47.0480556
      ],
      [
       27.9508333,
       47.0466667
      ],
      [
       27.9444444,
       47.0505556
      ],
      [
       27.9538889,
       47.0536111
      ],
      [
       27.9594444,
       47.0552778
      ],
      [
       27.9441667,
       47.0605556
      ],
      [
       27.9383333,
       47.065
      ],
      [
       27.9305556,
       47.0619444
      ],
      [
       27.9194444,
       47.0675
      ],
      [
       27.9138889,
       47.0694444
      ],
      [
       27.9097222,
       47.0727778
      ],
      [
       28.2480556,
       47.5005556
      ],
      [
       28.4030556,
       47.5655556
      ]
     ]
    ]
   }
  },
  {
   "type": "Feature",
   "properties": {
    "ll": {
     "value": 0,
     "unit": 1,
     "referenceDatum": 0
    },
    "ul": {
     "value": 55,
     "unit": 6,
     "referenceDatum": 2
    },
    "_id": "62614ddd0e8346dfd924c8cd",
    "name": "LU-D16 STEFAN VODA 128.975",
    "type": 2,
    "icao": 7,
    "bnd": [
     [
      46.3625,
      28.9316667
     ],
     [
      46.8472222,
      30.0094444
     ]
    ]
   },
   "geometry": {
    "type": "Polygon",
    "coordinates": [
     [
      [
       29.4313889,
       46.8472222
      ],
      [
       30.0094444,
       46.4580556
      ],
      [
       29.9719444,
       46.3958333
      ],
      [
       29.9611111,
       46.4
      ],
      [
       29.9469444,
       46.4027778
      ],
      [
       29.8958333,
       46.3783333
      ],
      [
       29.8855556,
       46.3644444
      ],
      [
       29.8608333,
       46.3716667
      ],
      [
       29.8397222,
       46.3811111
      ],
      [
       29.8208333,
       46.3863889
      ],
      [
       29.8166667,
       46.4022222
      ],
      [
       29.8102778,
       46.4197222
      ],
      [
       29.7930556,
       46.4363889
      ],
      [
       29.7963889,
       46.4552778
      ],
      [
       29.7752778,
       46.465
      ],
      [
       29.7541667,
       46.4752778
      ],
      [
       29.7419444,
       46.4680556
      ],
      [
       29.7461111,
       46.4547222
      ],
      [
       29.7147222,
       46.4258333
      ],
      [
       29.705,
       46.4238889
      ],
      [
       29.6877778,
       46.4341667
      ],
      [
       29.6794444,
       46.4366667
      ],
      [
       29.6705556,
       46.4311111
      ],
      [
       29.6697222,
       46.4183333
      ],
      [
       29.6780556,
       46.3925
      ],
      [
       29.6869444,
       46.38
      ],
      [
       29.7,
       46.3747222
      ],
      [
       29.6936111,
       46.3675
      ],
      [
       29.6063889,
       46.3625
      ],
      [
       29.5786111,
       46.3811111
      ],
      [
       29.55,
       46.4122222
      ],
      [
       29.5286111,
       46.4141667
      ],
      [
       29.4986111,
       46.4436111
      ],
      [
       29.5075,
       46.4575
      ],
      [
       29.5066667,
       46.4675
      ],
      [
       29.4644444,
       46.4911111
      ],
      [
       29.4477778,
       46.4947222
      ],
      [
       29.4044444,
       46.4527778
      ],
      [
       29.4158333,
       46.435
      ],
      [
       29.3775,
       46.4605556
      ],
      [
       29.3755556,
       46.4794444
      ],
      [
       29.3663889,
       46.4894444
      ],
      [
       29.3502778,
       46.5063889
      ],
      [
       29.3272222,
       46.4969444
      ],
      [
       29.3386111,
       46.4808333
      ],
      [
       29.3205556,
       46.4747222
      ],
      [
       29.3188889,
       46.4638889
      ],
      [
       29.31,
       46.4491667
      ],
      [
       29.3147222,
       46.4433333
      ],
      [
       29.3191667,
       46.4308333
      ],
      [
       29.3186111,
       46.4144444
      ],
      [
       29.3055556,
       46.4180556
      ],
      [
       29.2744444,
       46.4166667
      ],
      [
       29.2605556,
       46.3897222
      ],
      [
       29.2519444,
       46.3833333
      ],
      [
       29.2258333,
       46.3902778
      ],
      [
       29.2166667,
       46.4027778
      ],
      [
       29.2291667,
       46.4188889
      ],
      [
       29.2188889,
       46.4266667
      ],
      [
       29.2152778,
       46.4361111
      ],
      [
       29.2225,
       46.4505556
      ],
      [
       29.2183333,
       46.4619444
      ],
      [
       29.2325,
       46.48
      ],
      [
       29.2363889,
       46.4913889
      ],
      [
       29.2372222,
       46.5194444
      ],
      [
       29.2441667,
       46.5516667
      ],
      [
       29.195,
       46.5491667
      ],
      [
       29.1711111,
       46.5494444
      ],
      [
       29.1780556,
       46.5377778
      ],
      [
       29.175,
       46.5222222
      ],
      [
       29.0613889,
       46.5205556
      ],
      [
       29.0502778,
       46.505
      ],
      [
       29.0008333,
       46.4866667
      ],
      [
       28.9752778,
       46.4655556
      ],
      [
       28.9558333,
       46.4636111
      ],
      [
       28.9316667,
       46.6158333
      ],
      [
       28.9833333,
       46.8141667
      ],
      [
       29.4313889,
       46.8472222
      ]
     ]
    ]
   }
  },
  {
   "type": "Feature",
   "properties": {
    "ll": {
     "value": 0,
     "unit": 1,
     "referenceDatum": 0
    },
    "ul": {
     "value": 55,
     "unit": 6,
     "referenceDatum": 2
    },
    "_id": "62614dde4b027aab592a6f43",
    "name": "LU-D17 SOROCA 128.975",
    "type": 2,
    "icao": 7,
    "bnd": [
     [
      47.6308333,
      27.4411111
     ],
     [
      48.4672222,
      28.9427778
     ]
    ]
   },
   "geometry": {
    "type": "Polygon",
    "coordinates": [
     [
      [
       27.6038889,
       48.4638889
      ],
      [
       27.5994444,
       48.4672222
      ],
      [
       27.6161111,
       48.4577778
      ],
      [
       27.6538889,
       48.4461111
      ],
      [
       27.7252778,
       48.4547222
      ],
      [
       27.7636111,
       48.4586111
      ],
      [
       27.7947222,
       48.4486111
      ],
      [
       27.8261111,
       48.4233333
      ],
      [
       27.8533333,
       48.4172222
      ],
      [
       27.8794444,
       48.4041667
      ],
      [
       27.8908333,
       48.3741667
      ],
      [
       27.9547222,
       48.3338889
      ],
      [
       28.0233333,
       48.3275
      ],
      [
       28.0622222,
       48.3252778
      ],
      [
       28.0908333,
       48.3119444
      ],
      [
       28.0972222,
       48.285
      ],
      [
       28.0838889,
       48.2469444
      ],
      [
       28.0972222,
       48.235
      ],
      [
       28.1336111,
       48.2438889
      ],
      [
       28.1480556,
       48.2619444
      ],
      [
       28.1797222,
       48.2586111
      ],
      [
       28.1852778,
       48.2336111
      ],
      [
       28.1958333,
       48.2136111
      ],
      [
       28.2177778,
       48.2086111
      ],
      [
       28.2861111,
       48.2341667
      ],
      [
       28.3119444,
       48.2397222
      ],
      [
       28.3255556,
       48.235
      ],
      [
       28.3391667,
       48.245
      ],
      [
       28.3544444,
       48.2480556
      ],
      [
       28.3716667,
       48.225
      ],
      [
       28.3633333,
       48.1916667
      ],
      [
       28.3469444,
       48.1786111
      ],
      [
       28.3144444,
       48.1622222
      ],
      [
       28.3105556,
       48.1488889
      ],
      [
       28.3166667,
       48.1358333
      ],
      [
       28.3369444,
       48.1330556
      ],
      [
       28.3627778,
       48.1408333
      ],
      [
       28.3705556,
       48.1627778
      ],
      [
       28.3944444,
       48.1747222
      ],
      [
       28.43,
       48.1738889
      ],
      [
       28.4416667,
       48.1530556
      ],
      [
       28.435,
       48.1394444
      ],
      [
       28.4294444,
       48.125
      ],
      [
       28.4494444,
       48.0883333
      ],
      [
       28.4680556,
       48.0736111
      ],
      [
       28.4966667,
       48.0641667
      ],
      [
       28.5025,
       48.0691667
      ],
      [
       28.5008333,
       48.1108333
      ],
      [
       28.5208333,
       48.1213889
      ],
      [
       28.5333333,
       48.1330556
      ],
      [
       28.5386111,
       48.1488889
      ],
      [
       28.5447222,
       48.1616667
      ],
      [
       28.5772222,
       48.1722222
      ],
      [
       28.5819444,
       48.1616667
      ],
      [
       28.5944444,
       48.1666667
      ],
      [
       28.6108333,
       48.1683333
      ],
      [
       28.6386111,
       48.1525
      ],
      [
       28.6555556,
       48.1452778
      ],
      [
       28.685,
       48.1430556
      ],
      [
       28.6997222,
       48.1330556
      ],
      [
       28.7216667,
       48.1319444
      ],
      [
       28.7602778,
       48.1380556
      ],
      [
       28.7808333,
       48.1352778
      ],
      [
       28.79,
       48.1230556
      ],
      [
       28.8186111,
       48.1277778
      ],
      [
       28.8363889,
       48.1280556
      ],
      [
       28.8561111,
       48.1136111
      ],
      [
       28.8575,
       48.0827778
      ],
      [
       28.8555556,
       48.0666667
      ],
      [
       28.8647222,
       48.0555556
      ],
      [
       28.8555556,
       48.0330556
      ],
      [
       28.8808333,
       48.0094444
      ],
      [
       28.9427778,
       47.8455556
      ],
      [
       28.7661111,
       47.7477778
      ],
      [
       28.2711111,
       47.7541667
      ],
      [
       27.7741667,
       47.6308333
      ],
      [
       27.4411111,
       47.9172222
      ],
      [
       27.6038889,
       48.4638889
      ]
     ]
    ]
   }
  },
  {
   "type": "Feature",
   "properties": {
    "ll": {
     "value": 0,
     "unit": 1,
     "referenceDatum": 0
    },
    "ul": {
     "value": 55,
     "unit": 6,
     "referenceDatum": 2
    },
    "_id": "62614dde0e8346dfd924c8df",
    "name": "LU-D18 SINGEREI 128.975",
    "type": 2,
    "icao": 7,
    "bnd": [
     [
      47.2786111,
      27.7908333
     ],
     [
      47.9794444,
      29.1005556
     ]
    ]
   },
   "geometry": {
    "type": "Polygon",
    "coordinates": [
     [
      [
       28.6097222,
       47.9794444
      ],
      [
       28.9583333,
       47.9272222
      ],
      [
       29.0747222,
       47.6211111
      ],
      [
       29.1005556,
       47.3747222
      ],
      [
       28.6863889,
       47.2786111
      ],
      [
       28.1444444,
       47.3008333
      ],
      [
       27.8108333,
       47.615
      ],
      [
       27.7908333,
       47.7833333
      ],
      [
       28.2130556,
       47.9527778
      ],
      [
       28.6097222,
       47.9794444
      ]
     ]
    ]
   }
  },
  {
   "type": "Feature",
   "properties": {
    "ll": {
     "value": 0,
     "unit": 1,
     "referenceDatum": 0
    },
    "ul": {
     "value": 55,
     "unit": 6,
     "referenceDatum": 2
    },
    "_id": "62614dde4b027aab592a6f59",
    "name": "LU-D6 DUBASARI H24",
    "type": 2,
    "icao": 7,
    "bnd": [
     [
      46.5425,
      28.511434
     ],
     [
      48.1722222,
      29.9833333
     ]
    ]
   },
   "geometry": {
    "type": "Polygon",
    "coordinates": [
     [
      [
       28.511434,
       48.1164281
      ],
      [
       28.5208333,
       48.1213889
      ],
      [
       28.5333333,
       48.1330556
      ],
      [
       28.5386111,
       48.1488889
      ],
      [
       28.5447222,
       48.1616667
      ],
      [
       28.5772222,
       48.1722222
      ],
      [
       28.5819444,
       48.1616667
      ],
      [
       28.5944444,
       48.1666667
      ],
      [
       28.6108333,
       48.1683333
      ],
      [
       28.6386111,
       48.1525
      ],
      [
       28.6555556,
       48.1452778
      ],
      [
       28.685,
       48.1430556
      ],
      [
       28.6997222,
       48.1330556
      ],
      [
       28.7216667,
       48.1319444
      ],
      [
       28.7602778,
       48.1380556
      ],
      [
       28.7808333,
       48.1352778
      ],
      [
       28.79,
       48.1230556
      ],
      [
       28.8186111,
       48.1277778
      ],
      [
       28.8363889,
       48.1280556
      ],
      [
       28.8561111,
       48.1136111
      ],
      [
       28.8575,
       48.0827778
      ],
      [
       28.8555556,
       48.0666667
      ],
      [
       28.8647222,
       48.0555556
      ],
      [
       28.8555556,
       48.0330556
      ],
      [
       28.8808333,
       48.0094444
      ],
      [
       28.9008333,
       48.0130556
      ],
      [
       28.9627778,
       47.9905556
      ],
      [
       28.9986111,
       47.9777778
      ],
      [
       29.0519444,
       47.9638889
      ],
      [
       29.0886111,
       47.9577778
      ],
      [
       29.105,
       47.9655556
      ],
      [
       29.1325,
       47.9836111
      ],
      [
       29.1633333,
       48.0036111
      ],
      [
       29.1819444,
       48.0047222
      ],
      [
       29.1947222,
       47.9944444
      ],
      [
       29.2261111,
       47.9397222
      ],
      [
       29.2391667,
       47.9061111
      ],
      [
       29.2458333,
       47.9008333
      ],
      [
       29.2588889,
       47.8977778
      ],
      [
       29.2622222,
       47.8891667
      ],
      [
       29.2375,
       47.8508333
      ],
      [
       29.2130556,
       47.8055556
      ],
      [
       29.2152778,
       47.7977778
      ],
      [
       29.2413889,
       47.8016667
      ],
      [
       29.2588889,
       47.8075
      ],
      [
       29.2725,
       47.8094444
      ],
      [
       29.2791667,
       47.8033333
      ],
      [
       29.2641667,
       47.7741667
      ],
      [
       29.25,
       47.76
      ],
      [
       29.2455556,
       47.7463889
      ],
      [
       29.2519444,
       47.7125
      ],
      [
       29.245,
       47.6561111
      ],
      [
       29.2283333,
       47.6308333
      ],
      [
       29.1902778,
       47.5977778
      ],
      [
       29.1477778,
       47.5716667
      ],
      [
       29.1352778,
       47.5580556
      ],
      [
       29.1325,
       47.5433333
      ],
      [
       29.1652778,
       47.5327778
      ],
      [
       29.1816667,
       47.5236111
      ],
      [
       29.1788889,
       47.5047222
      ],
      [
       29.1777778,
       47.4966667
      ],
      [
       29.1772222,
       47.4772222
      ],
      [
       29.1875,
       47.4702778
      ],
      [
       29.2058333,
       47.4658333
      ],
      [
       29.2366667,
       47.4527778
      ],
      [
       29.2644444,
       47.4441667
      ],
      [
       29.2861111,
       47.4427778
      ],
      [
       29.3077778,
       47.4480556
      ],
      [
       29.3258333,
       47.4472222
      ],
      [
       29.34,
       47.4375
      ],
      [
       29.3552778,
       47.4055556
      ],
      [
       29.3772222,
       47.385
      ],
      [
       29.3797222,
       47.3572222
      ],
      [
       29.3833333,
       47.335
      ],
      [
       29.3927778,
       47.3191667
      ],
      [
       29.4080556,
       47.3077778
      ],
      [
       29.4227778,
       47.31
      ],
      [
       29.4319444,
       47.3077778
      ],
      [
       29.4347222,
       47.3002778
      ],
      [
       29.4594444,
       47.3086111
      ],
      [
       29.4841667,
       47.3119444
      ],
      [
       29.4944444,
       47.3216667
      ],
      [
       29.5047222,
       47.34
      ],
      [
       29.5030556,
       47.3516667
      ],
      [
       29.5036111,
       47.3647222
      ],
      [
       29.5225,
       47.3716667
      ],
      [
       29.5491667,
       47.3713889
      ],
      [
       29.5702778,
       47.3791667
      ],
      [
       29.5852778,
       47.3725
      ],
      [
       29.5916667,
       47.3566667
      ],
      [
       29.5977778,
       47.3208333
      ],
      [
       29.6005556,
       47.2880556
      ],
      [
       29.5886111,
       47.2830556
      ],
      [
       29.5636111,
       47.2627778
      ],
      [
       29.5625,
       47.2311111
      ],
      [
       29.5697222,
       47.1991667
      ],
      [
       29.5711111,
       47.1630556
      ],
      [
       29.5605556,
       47.1505556
      ],
      [
       29.5375,
       47.1327778
      ],
      [
       29.5316667,
       47.1136111
      ],
      [
       29.5397222,
       47.1019444
      ],
      [
       29.5694444,
       47.0938889
      ],
      [
       29.5886111,
       47.0908333
      ],
      [
       29.6175,
       47.0813889
      ],
      [
       29.6280556,
       47.055
      ],
      [
       29.6316667,
       47.0261111
      ],
      [
       29.6280556,
       46.995
      ],
      [
       29.6094444,
       46.98
      ],
      [
       29.58,
       46.9616667
      ],
      [
       29.5752778,
       46.9530556
      ],
      [
       29.5888889,
       46.9447222
      ],
      [
       29.6263889,
       46.9572222
      ],
      [
       29.6430556,
       46.9525
      ],
      [
       29.6530556,
       46.9258333
      ],
      [
       29.6777778,
       46.9211111
      ],
      [
       29.7077778,
       46.9227778
      ],
      [
       29.7191667,
       46.9275
      ],
      [
       29.7347222,
       46.9197222
      ],
      [
       29.7413889,
       46.9027778
      ],
      [
       29.7527778,
       46.8644444
      ],
      [
       29.7961111,
       46.8627778
      ],
      [
       29.8466667,
       46.8736111
      ],
      [
       29.8836111,
       46.8833333
      ],
      [
       29.8930556,
       46.8641667
      ],
      [
       29.8822222,
       46.8544444
      ],
      [
       29.8827778,
       46.8455556
      ],
      [
       29.8941667,
       46.8394444
      ],
      [
       29.9041667,
       46.8283333
      ],
      [
       29.9238889,
       46.8327778
      ],
      [
       29.9427778,
       46.8425
      ],
      [
       29.9533333,
       46.8325
      ],
      [
       29.9716667,
       46.8288889
      ],
      [
       29.9744444,
       46.8208333
      ],
      [
       29.9511111,
       46.8169444
      ],
      [
       29.9386111,
       46.8102778
      ],
      [
       29.9441667,
       46.8011111
      ],
      [
       29.9833333,
       46.7680556
      ],
      [
       29.9719444,
       46.7294444
      ],
      [
       29.9727778,
       46.6919444
      ],
      [
       29.9558333,
       46.6680556
      ],
      [
       29.9555556,
       46.6336111
      ],
      [
       29.9675,
       46.5808333
      ],
      [
       29.9511111,
       46.5705556
      ],
      [
       29.9075,
       46.5519444
      ],
      [
       29.8988889,
       46.5425
      ],
      [
       29.8047222,
       46.6061111
      ],
      [
       29.7872222,
       46.5797222
      ],
      [
       29.7872222,
       46.58
      ],
      [
       29.7263889,
       46.5994444
      ],
      [
       29.7422222,
       46.6508333
      ],
      [
       29.6661111,
       46.6775
      ],
      [
       29.6475,
       46.8077778
      ],
      [
       29.6002778,
       46.8038889
      ],
      [
       29.5127778,
       46.7661111
      ],
      [
       29.4369444,
       46.9377778
      ],
      [
       29.3572222,
       46.9305556
      ],
      [
       29.2822222,
       46.9997222
      ],
      [
       29.3775,
       46.9958333
      ],
      [
       29.3438889,
       47.1069444
      ],
      [
       29.2572222,
       47.1625
      ],
      [
       29.2494444,
       47.2352778
      ],
      [
       29.1541667,
       47.2508333
      ],
      [
       29.0652778,
       47.3108333
      ],
      [
       29.0677778,
       47.3658333
      ],
      [
       29.0783333,
       47.4175
      ],
      [
       29.0152778,
       47.8633333
      ],
      [
       28.8236111,
       47.8952778
      ],
      [
       28.7322222,
       47.9752778
      ],
      [
       28.5952778,
       48.0325
      ],
      [
       28.5655556,
       47.9888889
      ],
      [
       28.5275,
       48.0041667
      ],
      [
       28.5433333,
       48.0408333
      ],
      [
       28.6213889,
       48.0913889
      ],
      [
       28.511434,
       48.1164281
      ]
     ]
    ]
   }
  },
  {
   "type": "Feature",
   "properties": {
    "ll": {
     "value": 0,
     "unit": 1,
     "referenceDatum": 0
    },
    "ul": {
     "value": 1000,
     "unit": 1,
     "referenceDatum": 1
    },
    "_id": "62614dde4b027aab592a6fda",
    "name": "LU-PGZ01 TROITA NOUA",
    "type": 2,
    "icao": 7,
    "bnd": [
     [
      46.7758869,
      29.314795
     ],
     [
      46.8491419,
      29.4218107
     ]
    ]
   },
   "geometry": {
    "type": "Polygon",
    "coordinates": [
     [
      [
       29.3683333,
       46.8491419
      ],
      [
       29.375537,
       46.848809
      ],
      [
       29.3826095,
       46.8478162
      ],
      [
       29.3894223,
       46.8461816
      ],
      [
       29.3958514,
       46.8439349
      ],
      [
       29.4017798,
       46.8411171
      ],
      [
       29.4070999,
       46.8377794
      ],
      [
       29.4117149,
       46.8339825
      ],
      [
       29.4155411,
       46.8297954
      ],
      [
       29.4185091,
       46.8252943
      ],
      [
       29.4205653,
       46.820561
      ],
      [
       29.4216724,
       46.8156815
      ],
      [
       29.4218107,
       46.8107444
      ],
      [
       29.4209778,
       46.8058394
      ],
      [
       29.4191892,
       46.8010556
      ],
      [
       29.4164776,
       46.7964798
      ],
      [
       29.4128924,
       46.7921951
      ],
      [
       29.4084989,
       46.7882791
      ],
      [
       29.4033769,
       46.7848029
      ],
      [
       29.3976195,
       46.7818296
      ],
      [
       29.3913311,
       46.779413
      ],
      [
       29.3846258,
       46.777597
      ],
      [
       29.3776251,
       46.7764145
      ],
      [
       29.3704561,
       46.7758869
      ],
      [
       29.3632486,
       46.7760238
      ],
      [
       29.3561332,
       46.7768227
      ],
      [
       29.349239,
       46.7782692
      ],
      [
       29.3426909,
       46.7803369
      ],
      [
       29.3366076,
       46.7829885
      ],
      [
       29.3310996,
       46.7861758
      ],
      [
       29.3262668,
       46.789841
      ],
      [
       29.3221971,
       46.7939178
      ],
      [
       29.3189643,
       46.7983321
      ],
      [
       29.3166275,
       46.8030038
      ],
      [
       29.3152292,
       46.8078481
      ],
      [
       29.314795,
       46.8127771
      ],
      [
       29.3153333,
       46.8177014
      ],
      [
       29.3168343,
       46.8225314
      ],
      [
       29.3192711,
       46.8271793
      ],
      [
       29.3225997,
       46.8315608
      ],
      [
       29.3267597,
       46.8355962
      ],
      [
       29.3316758,
       46.8392121
      ],
      [
       29.3372585,
       46.8423427
      ],
      [
       29.3434066,
       46.8449311
      ],
      [
       29.3500081,
       46.8469302
      ],
      [
       29.3569431,
       46.8483037
      ],
      [
       29.3640854,
       46.8490265
      ],
      [
       29.3683333,
       46.8491419
      ]
     ]
    ]
   }
  },
  {
   "type": "Feature",
   "properties": {
    "ll": {
     "value": 0,
     "unit": 1,
     "referenceDatum": 0
    },
    "ul": {
     "value": 1000,
     "unit": 1,
     "referenceDatum": 1
    },
    "_id": "62614dde4b027aab592a6fd5",
    "name": "LU-PGZ010 TOHATIN",
    "type": 2,
    "icao": 7,
    "bnd": [
     [
      47.0319794,
      28.8980616
     ],
     [
      47.0819276,
      28.9713205
     ]
    ]
   },
   "geometry": {
    "type": "Polygon",
    "coordinates": [
     [
      [
       28.9347222,
       47.0819276
      ],
      [
       28.9406884,
       47.0815949
      ],
      [
       28.9464956,
       47.0806056
      ],
      [
       28.9519889,
       47.0789862
      ],
      [
       28.957022,
       47.0767797
      ],
      [
       28.9614608,
       47.0740451
      ],
      [
       28.965187,
       47.0708552
      ],
      [
       28.9681016,
       47.0672949
      ],
      [
       28.970127,
       47.0634591
      ],
      [
       28.9712095,
       47.0594501
      ],
      [
       28.9713205,
       47.0553744
      ],
      [
       28.9704573,
       47.0513408
      ],
      [
       28.968643,
       47.0474564
      ],
      [
       28.9659262,
       47.0438247
      ],
      [
       28.9623792,
       47.0405423
      ],
      [
       28.9580966,
       47.0376966
      ],
      [
       28.9531925,
       47.0353631
      ],
      [
       28.9477971,
       47.033604
      ],
      [
       28.9420542,
       47.032466
      ],
      [
       28.9361163,
       47.0319794
      ],
      [
       28.9301414,
       47.0321571
      ],
      [
       28.9242882,
       47.0329944
      ],
      [
       28.9187125,
       47.034469
      ],
      [
       28.9135624,
       47.0365418
      ],
      [
       28.908975,
       47.0391575
      ],
      [
       28.9050724,
       47.0422468
      ],
      [
       28.9019585,
       47.0457272
      ],
      [
       28.8997163,
       47.0495064
      ],
      [
       28.8984056,
       47.0534837
      ],
      [
       28.8980616,
       47.0575533
      ],
      [
       28.8986936,
       47.0616068
      ],
      [
       28.900285,
       47.0655364
      ],
      [
       28.9027936,
       47.0692373
      ],
      [
       28.9061528,
       47.072611
      ],
      [
       28.9102733,
       47.0755675
      ],
      [
       28.9150453,
       47.0780282
      ],
      [
       28.9203418,
       47.0799274
      ],
      [
       28.9260217,
       47.0812145
      ],
      [
       28.9319334,
       47.0818553
      ],
      [
       28.9347222,
       47.0819276
      ]
     ]
    ]
   }
  },
  {
   "type": "Feature",
   "properties": {
    "ll": {
     "value": 0,
     "unit": 1,
     "referenceDatum": 0
    },
    "ul": {
     "value": 3500,
     "unit": 1,
     "referenceDatum": 1
    },
    "_id": "62614dde4b027aab592a6ff5",
    "name": "LU-PGZ02 MOLOVATA",
    "type": 2,
    "icao": 7,
    "bnd": [
     [
      47.3272492,
      29.1113542
     ],
     [
      47.3672087,
      29.1702521
     ]
    ]
   },
   "geometry": {
    "type": "Polygon",
    "coordinates": [
     [
      [
       29.1408333,
       47.3672087
      ],
      [
       29.1461929,
       47.3668762
      ],
      [
       29.1513739,
       47.3658896
      ],
      [
       29.156204,
       47.3642819
      ],
      [
       29.1605223,
       47.3621066
      ],
      [
       29.1641851,
       47.3594361
      ],
      [
       29.1670707,
       47.3563593
      ],
      [
       29.169083,
       47.3529786
      ],
      [
       29.1701553,
       47.3494065
      ],
      [
       29.1702521,
       47.3457619
      ],
      [
       29.1693704,
       47.342166
      ],
      [
       29.1675398,
       47.3387383
      ],
      [
       29.1648212,
       47.335593
      ],
      [
       29.1613052,
       47.3328344
      ],
      [
       29.1571088,
       47.3305544
      ],
      [
       29.1523715,
       47.3288287
      ],
      [
       29.1472508,
       47.3277146
      ],
      [
       29.1419168,
       47.3272492
      ],
      [
       29.1365469,
       47.3274479
      ],
      [
       29.1313194,
       47.3283042
      ],
      [
       29.126408,
       47.3297895
      ],
      [
       29.121976,
       47.3318546
      ],
      [
       29.1181707,
       47.3344307
      ],
      [
       29.1151187,
       47.3374323
      ],
      [
       29.1129216,
       47.3407596
      ],
      [
       29.1116527,
       47.344302
      ],
      [
       29.1113542,
       47.3479416
      ],
      [
       29.1120364,
       47.3515574
      ],
      [
       29.1136767,
       47.3550291
      ],
      [
       29.1162207,
       47.3582412
      ],
      [
       29.119584,
       47.3610867
      ],
      [
       29.1236546,
       47.363471
      ],
      [
       29.1282972,
       47.3653147
      ],
      [
       29.1333572,
       47.3665564
      ],
      [
       29.1386662,
       47.3671547
      ],
      [
       29.1408333,
       47.3672087
      ]
     ]
    ]
   }
  },
  {
   "type": "Feature",
   "properties": {
    "ll": {
     "value": 0,
     "unit": 1,
     "referenceDatum": 0
    },
    "ul": {
     "value": 3500,
     "unit": 1,
     "referenceDatum": 1
    },
    "_id": "62614ddf4b027aab592a700a",
    "name": "LU-PGZ03 OXENTEA",
    "type": 2,
    "icao": 7,
    "bnd": [
     [
      47.3564159,
      29.0666157
     ],
     [
      47.3963754,
      29.1255462
     ]
    ]
   },
   "geometry": {
    "type": "Polygon",
    "coordinates": [
     [
      [
       29.0961111,
       47.3963754
      ],
      [
       29.1014736,
       47.3960428
      ],
      [
       29.1066576,
       47.3950563
      ],
      [
       29.1114903,
       47.3934486
      ],
      [
       29.115811,
       47.3912733
      ],
      [
       29.1194758,
       47.3886028
      ],
      [
       29.1223629,
       47.385526
      ],
      [
       29.1243764,
       47.3821453
      ],
      [
       29.1254493,
       47.3785732
      ],
      [
       29.1255462,
       47.3749286
      ],
      [
       29.124664,
       47.3713326
      ],
      [
       29.1228323,
       47.367905
      ],
      [
       29.1201122,
       47.3647596
      ],
      [
       29.1165943,
       47.3620011
      ],
      [
       29.1123955,
       47.3597211
      ],
      [
       29.1076556,
       47.3579953
      ],
      [
       29.1025321,
       47.3568813
      ],
      [
       29.0971952,
       47.3564159
      ],
      [
       29.0918223,
       47.3566146
      ],
      [
       29.0865919,
       47.3574709
      ],
      [
       29.0816778,
       47.3589562
      ],
      [
       29.0772433,
       47.3610213
      ],
      [
       29.0734359,
       47.3635974
      ],
      [
       29.0703823,
       47.366599
      ],
      [
       29.068184,
       47.3699263
      ],
      [
       29.0669143,
       47.3734687
      ],
      [
       29.0666157,
       47.3771083
      ],
      [
       29.0672982,
       47.380724
      ],
      [
       29.0689394,
       47.3841957
      ],
      [
       29.0714849,
       47.3874078
      ],
      [
       29.07485,
       47.3902534
      ],
      [
       29.0789229,
       47.3926377
      ],
      [
       29.083568,
       47.3944814
      ],
      [
       29.0886309,
       47.3957231
      ],
      [
       29.0939428,
       47.3963214
      ],
      [
       29.0961111,
       47.3963754
      ]
     ]
    ]
   }
  },
  {
   "type": "Feature",
   "properties": {
    "ll": {
     "value": 0,
     "unit": 1,
     "referenceDatum": 0
    },
    "ul": {
     "value": 3500,
     "unit": 1,
     "referenceDatum": 1
    },
    "_id": "62614ddf4b027aab592a7019",
    "name": "LU-PGZ04 TRIFEUT",
    "type": 2,
    "icao": 7,
    "bnd": [
     [
      48.1267411,
      28.3764476
     ],
     [
      48.1733176,
      28.4462969
     ]
    ]
   },
   "geometry": {
    "type": "Polygon",
    "coordinates": [
     [
      [
       28.4113889,
       48.1733176
      ],
      [
       28.4172727,
       48.1729849
      ],
      [
       28.4229884,
       48.1719964
      ],
      [
       28.428373,
       48.1703803
      ],
      [
       28.4332725,
       48.1681828
      ],
      [
       28.4375473,
       48.1654666
      ],
      [
       28.4410753,
       48.1623092
      ],
      [
       28.4437561,
       48.1588007
      ],
      [
       28.4455133,
       48.1550414
      ],
      [
       28.4462969,
       48.1511383
      ],
      [
       28.4460849,
       48.147203
      ],
      [
       28.4448835,
       48.1433476
      ],
      [
       28.4427272,
       48.139682
      ],
      [
       28.4396777,
       48.1363108
      ],
      [
       28.435822,
       48.13333
      ],
      [
       28.4312701,
       48.1308245
      ],
      [
       28.4261518,
       48.1288658
      ],
      [
       28.420613,
       48.1275096
      ],
      [
       28.4148115,
       48.1267945
      ],
      [
       28.4089124,
       48.1267411
      ],
      [
       28.4030839,
       48.1273506
      ],
      [
       28.397492,
       48.1286059
      ],
      [
       28.3922959,
       48.1304711
      ],
      [
       28.3876438,
       48.1328931
      ],
      [
       28.3836682,
       48.1358029
      ],
      [
       28.3804825,
       48.1391176
      ],
      [
       28.3781778,
       48.1427427
      ],
      [
       28.3768198,
       48.1465749
      ],
      [
       28.3764476,
       48.150505
      ],
      [
       28.3770719,
       48.1544207
      ],
      [
       28.3786753,
       48.1582106
      ],
      [
       28.3812121,
       48.1617663
      ],
      [
       28.3846101,
       48.1649865
      ],
      [
       28.3887725,
       48.1677793
      ],
      [
       28.3935806,
       48.1700648
      ],
      [
       28.3988972,
       48.171778
      ],
      [
       28.4045706,
       48.1728697
      ],
      [
       28.4104386,
       48.173309
      ],
      [
       28.4113889,
       48.1733176
      ]
     ]
    ]
   }
  },
  {
   "type": "Feature",
   "properties": {
    "ll": {
     "value": 0,
     "unit": 1,
     "referenceDatum": 0
    },
    "ul": {
     "value": 3500,
     "unit": 1,
     "referenceDatum": 1
    },
    "_id": "62614ddf4b027aab592a7026",
    "name": "LU-PGZ05 RACOVAT",
    "type": 2,
    "icao": 7,
    "bnd": [
     [
      48.0864633,
      28.336475
     ],
     [
      48.1330398,
      28.4062696
     ]
    ]
   },
   "geometry": {
    "type": "Polygon",
    "coordinates": [
     [
      [
       28.3713889,
       48.1330398
      ],
      [
       28.3772681,
       48.1327071
      ],
      [
       28.3829793,
       48.1317187
      ],
      [
       28.3883596,
       48.1301026
      ],
      [
       28.3932553,
       48.127905
      ],
      [
       28.3975267,
       48.1251888
      ],
      [
       28.401052,
       48.1220314
      ],
      [
       28.4037307,
       48.1185229
      ],
      [
       28.4054865,
       48.1147636
      ],
      [
       28.4062696,
       48.1108606
      ],
      [
       28.4060577,
       48.1069252
      ],
      [
       28.4048573,
       48.1030698
      ],
      [
       28.4027027,
       48.0994043
      ],
      [
       28.3996555,
       48.096033
      ],
      [
       28.3958028,
       48.0930522
      ],
      [
       28.3912545,
       48.0905467
      ],
      [
       28.3861402,
       48.088588
      ],
      [
       28.3806058,
       48.0872318
      ],
      [
       28.3748088,
       48.0865168
      ],
      [
       28.3689144,
       48.0864633
      ],
      [
       28.3630905,
       48.0870728
      ],
      [
       28.3575029,
       48.0883281
      ],
      [
       28.3523109,
       48.0901933
      ],
      [
       28.3476624,
       48.0926153
      ],
      [
       28.3436899,
       48.0955251
      ],
      [
       28.3405067,
       48.0988398
      ],
      [
       28.3382038,
       48.102465
      ],
      [
       28.3368469,
       48.1062972
      ],
      [
       28.336475,
       48.1102272
      ],
      [
       28.3370989,
       48.114143
      ],
      [
       28.3387009,
       48.1179328
      ],
      [
       28.3412357,
       48.1214885
      ],
      [
       28.3446311,
       48.1247088
      ],
      [
       28.3487903,
       48.1275015
      ],
      [
       28.3535946,
       48.1297871
      ],
      [
       28.358907,
       48.1315002
      ],
      [
       28.3645759,
       48.132592
      ],
      [
       28.3704394,
       48.1330312
      ],
      [
       28.3713889,
       48.1330398
      ]
     ]
    ]
   }
  },
  {
   "type": "Feature",
   "properties": {
    "ll": {
     "value": 0,
     "unit": 1,
     "referenceDatum": 0
    },
    "ul": {
     "value": 3500,
     "unit": 1,
     "referenceDatum": 1
    },
    "_id": "62614ddf4b027aab592a7032",
    "name": "LU-PGZ06 ORHEI",
    "type": 2,
    "icao": 7,
    "bnd": [
     [
      47.2872697,
      28.8760083
     ],
     [
      47.3871885,
      29.0233721
     ]
    ]
   },
   "geometry": {
    "type": "Polygon",
    "coordinates": [
     [
      [
       28.9497222,
       47.3871885
      ],
      [
       28.9582262,
       47.3868553
      ],
      [
       28.9666166,
       47.3858603
      ],
      [
       28.9747813,
       47.3842168
      ],
      [
       28.9826113,
       47.3819467
      ],
      [
       28.990002,
       47.3790803
      ],
      [
       28.9968548,
       47.3756559
      ],
      [
       29.0030783,
       47.3717193
      ],
      [
       29.0085896,
       47.3673229
      ],
      [
       29.0133154,
       47.3625255
      ],
      [
       29.0171927,
       47.3573911
      ],
      [
       29.0201702,
       47.3519881
      ],
      [
       29.0222083,
       47.3463887
      ],
      [
       29.0232803,
       47.3406674
      ],
      [
       29.0233721,
       47.3349005
      ],
      [
       29.0224828,
       47.3291649
      ],
      [
       29.0206247,
       47.3235369
      ],
      [
       29.0178228,
       47.3180915
      ],
      [
       29.0141145,
       47.3129011
      ],
      [
       29.0095496,
       47.3080348
      ],
      [
       29.004189,
       47.3035573
      ],
      [
       28.9981041,
       47.2995283
      ],
      [
       28.9913761,
       47.2960011
      ],
      [
       28.9840944,
       47.2930228
      ],
      [
       28.976356,
       47.2906329
      ],
      [
       28.9682636,
       47.2888632
      ],
      [
       28.959925,
       47.2877371
      ],
      [
       28.9514508,
       47.2872697
      ],
      [
       28.9429536,
       47.2874672
      ],
      [
       28.9345463,
       47.2883268
      ],
      [
       28.9263407,
       47.2898373
      ],
      [
       28.9184457,
       47.2919785
      ],
      [
       28.9109663,
       47.2947221
      ],
      [
       28.904002,
       47.2980314
      ],
      [
       28.8976455,
       47.3018626
      ],
      [
       28.8919813,
       47.3061647
      ],
      [
       28.8870851,
       47.3108805
      ],
      [
       28.883022,
       47.3159472
      ],
      [
       28.8798465,
       47.3212976
      ],
      [
       28.877601,
       47.3268603
      ],
      [
       28.8763158,
       47.3325614
      ],
      [
       28.8760083,
       47.3383248
      ],
      [
       28.8766829,
       47.3440738
      ],
      [
       28.8783308,
       47.3497319
      ],
      [
       28.8809306,
       47.3552236
      ],
      [
       28.8844477,
       47.3604756
      ],
      [
       28.8888356,
       47.365418
      ],
      [
       28.8940359,
       47.3699847
      ],
      [
       28.8999795,
       47.3741149
      ],
      [
       28.9065871,
       47.3777534
      ],
      [
       28.9137707,
       47.3808517
      ],
      [
       28.9214345,
       47.3833682
      ],
      [
       28.9294761,
       47.3852696
      ],
      [
       28.9377881,
       47.3865302
      ],
      [
       28.9462596,
       47.3871334
      ],
      [
       28.9497222,
       47.3871885
      ]
     ]
    ]
   }
  },
  {
   "type": "Feature",
   "properties": {
    "ll": {
     "value": 0,
     "unit": 1,
     "referenceDatum": 0
    },
    "ul": {
     "value": 1000,
     "unit": 1,
     "referenceDatum": 1
    },
    "_id": "62614ddf4b027aab592a703f",
    "name": "LU-PGZ07 RATUS",
    "type": 2,
    "icao": 7,
    "bnd": [
     [
      47.1486483,
      28.788262
     ],
     [
      47.2152553,
      28.8862274
     ]
    ]
   },
   "geometry": {
    "type": "Polygon",
    "coordinates": [
     [
      [
       28.8372222,
       47.2152553
      ],
      [
       28.8441359,
       47.2149224
      ],
      [
       28.8509113,
       47.2139303
      ],
      [
       28.8574127,
       47.212299
      ],
      [
       28.8635102,
       47.2100611
      ],
      [
       28.8690817,
       47.2072612
      ],
      [
       28.8740159,
       47.2039555
      ],
      [
       28.8782143,
       47.2002101
      ],
      [
       28.8815929,
       47.1960999
      ],
      [
       28.8840846,
       47.1917069
      ],
      [
       28.8856397,
       47.1871192
      ],
      [
       28.8862274,
       47.1824282
      ],
      [
       28.8858362,
       47.1777278
      ],
      [
       28.8844741,
       47.1731118
      ],
      [
       28.8821687,
       47.1686725
      ],
      [
       28.8789661,
       47.1644983
      ],
      [
       28.8749305,
       47.1606726
      ],
      [
       28.8701425,
       47.1572719
      ],
      [
       28.8646979,
       47.1543638
      ],
      [
       28.8587054,
       47.1520064
      ],
      [
       28.8522844,
       47.1502467
      ],
      [
       28.8455631,
       47.1491199
      ],
      [
       28.8386754,
       47.1486483
      ],
      [
       28.8317588,
       47.1488414
      ],
      [
       28.8249512,
       47.1496953
      ],
      [
       28.8183882,
       47.151193
      ],
      [
       28.8122008,
       47.1533046
      ],
      [
       28.8065123,
       47.1559881
      ],
      [
       28.8014364,
       47.1591899
      ],
      [
       28.7970745,
       47.1628461
      ],
      [
       28.7935136,
       47.1668839
      ],
      [
       28.790825,
       47.1712225
      ],
      [
       28.7890627,
       47.1757754
      ],
      [
       28.788262,
       47.1804518
      ],
      [
       28.7884392,
       47.1851582
      ],
      [
       28.7895911,
       47.1898006
      ],
      [
       28.7916948,
       47.1942862
      ],
      [
       28.7947085,
       47.1985254
      ],
      [
       28.7985723,
       47.2024335
      ],
      [
       28.8032089,
       47.2059323
      ],
      [
       28.8085259,
       47.2089518
      ],
      [
       28.814417,
       47.2114316
      ],
      [
       28.8207643,
       47.2133221
      ],
      [
       28.827441,
       47.2145856
      ],
      [
       28.8343134,
       47.2151966
      ],
      [
       28.8372222,
       47.2152553
      ]
     ]
    ]
   }
  },
  {
   "type": "Feature",
   "properties": {
    "ll": {
     "value": 0,
     "unit": 1,
     "referenceDatum": 0
    },
    "ul": {
     "value": 2000,
     "unit": 1,
     "referenceDatum": 1
    },
    "_id": "62614ddf4b027aab592a704d",
    "name": "LU-PGZ08 GAURENI",
    "type": 2,
    "icao": 7,
    "bnd": [
     [
      47.1730905,
      28.0774086
     ],
     [
      47.2230387,
      28.1508622
     ]
    ]
   },
   "geometry": {
    "type": "Polygon",
    "coordinates": [
     [
      [
       28.1141667,
       47.2230387
      ],
      [
       28.1201488,
       47.222706
      ],
      [
       28.1259714,
       47.2217167
      ],
      [
       28.1314793,
       47.2200973
      ],
      [
       28.1365257,
       47.2178908
      ],
      [
       28.1409763,
       47.2151562
      ],
      [
       28.1447124,
       47.2119662
      ],
      [
       28.1476347,
       47.208406
      ],
      [
       28.1496655,
       47.2045702
      ],
      [
       28.1507509,
       47.2005611
      ],
      [
       28.1508622,
       47.1964855
      ],
      [
       28.1499967,
       47.1924518
      ],
      [
       28.1481776,
       47.1885675
      ],
      [
       28.1454535,
       47.1849358
      ],
      [
       28.1418971,
       47.1816534
      ],
      [
       28.1376031,
       47.1788077
      ],
      [
       28.1326859,
       47.1764742
      ],
      [
       28.1272763,
       47.1747151
      ],
      [
       28.1215181,
       47.1735771
      ],
      [
       28.1155645,
       47.1730905
      ],
      [
       28.1095737,
       47.1732682
      ],
      [
       28.103705,
       47.1741055
      ],
      [
       28.0981144,
       47.1755801
      ],
      [
       28.0929507,
       47.1776529
      ],
      [
       28.0883511,
       47.1802686
      ],
      [
       28.0844381,
       47.1833579
      ],
      [
       28.0813159,
       47.1868383
      ],
      [
       28.0790678,
       47.1906175
      ],
      [
       28.0777536,
       47.1945948
      ],
      [
       28.0774086,
       47.1986644
      ],
      [
       28.0780423,
       47.2027179
      ],
      [
       28.0796379,
       47.2066475
      ],
      [
       28.0821532,
       47.2103484
      ],
      [
       28.0855213,
       47.2137221
      ],
      [
       28.0896528,
       47.2166786
      ],
      [
       28.0944375,
       47.2191393
      ],
      [
       28.099748,
       47.2210385
      ],
      [
       28.105443,
       47.2223257
      ],
      [
       28.1113705,
       47.2229664
      ],
      [
       28.1141667,
       47.2230387
      ]
     ]
    ]
   }
  },
  {
   "type": "Feature",
   "properties": {
    "ll": {
     "value": 0,
     "unit": 1,
     "referenceDatum": 0
    },
    "ul": {
     "value": 2000,
     "unit": 1,
     "referenceDatum": 1
    },
    "_id": "62614ddf4b027aab592a705d",
    "name": "LU-PGZ09 CRISTESTI",
    "type": 2,
    "icao": 7,
    "bnd": [
     [
      46.9858683,
      28.2444821
     ],
     [
      47.0358165,
      28.3176778
     ]
    ]
   },
   "geometry": {
    "type": "Polygon",
    "coordinates": [
     [
      [
       28.2811111,
       47.0358165
      ],
      [
       28.2870722,
       47.0354837
      ],
      [
       28.2928743,
       47.0344945
      ],
      [
       28.2983629,
       47.0328751
      ],
      [
       28.3033916,
       47.0306686
      ],
      [
       28.3078266,
       47.027934
      ],
      [
       28.3115496,
       47.024744
      ],
      [
       28.3144616,
       47.0211838
      ],
      [
       28.3164853,
       47.017348
      ],
      [
       28.3175669,
       47.0133389
      ],
      [
       28.3176778,
       47.0092633
      ],
      [
       28.3168153,
       47.0052296
      ],
      [
       28.3150026,
       47.0013453
      ],
      [
       28.3122881,
       46.9977136
      ],
      [
       28.3087442,
       46.9944312
      ],
      [
       28.3044654,
       46.9915855
      ],
      [
       28.2995654,
       46.989252
      ],
      [
       28.2941748,
       46.9874929
      ],
      [
       28.2884368,
       46.9863549
      ],
      [
       28.282504,
       46.9858683
      ],
      [
       28.2765342,
       46.986046
      ],
      [
       28.2706861,
       46.9868833
      ],
      [
       28.2651152,
       46.9883579
      ],
      [
       28.2599696,
       46.9904307
      ],
      [
       28.2553861,
       46.9930464
      ],
      [
       28.2514869,
       46.9961357
      ],
      [
       28.2483757,
       46.9996161
      ],
      [
       28.2461354,
       47.0033953
      ],
      [
       28.2448259,
       47.0073726
      ],
      [
       28.2444821,
       47.0114422
      ],
      [
       28.2451136,
       47.0154957
      ],
      [
       28.2467036,
       47.0194253
      ],
      [
       28.2492101,
       47.0231262
      ],
      [
       28.2525664,
       47.0264999
      ],
      [
       28.2566833,
       47.0294564
      ],
      [
       28.2614512,
       47.0319171
      ],
      [
       28.2667432,
       47.0338163
      ],
      [
       28.2724181,
       47.0351034
      ],
      [
       28.2783247,
       47.0357441
      ],
      [
       28.2811111,
       47.0358165
      ]
     ]
    ]
   }
  },
  {
   "type": "Feature",
   "properties": {
    "ll": {
     "value": 0,
     "unit": 1,
     "referenceDatum": 0
    },
    "ul": {
     "value": 170,
     "unit": 6,
     "referenceDatum": 2
    },
    "_id": "62614ddf4b027aab592a7069",
    "name": "LU-R1 BALTI NOTAM",
    "type": 1,
    "icao": 7,
    "bnd": [
     [
      47.7252778,
      27.9613889
     ],
     [
      47.7863889,
      28.0230556
     ]
    ]
   },
   "geometry": {
    "type": "Polygon",
    "coordinates": [
     [
      [
       27.9613889,
       47.7863889
      ],
      [
       28.0230556,
       47.7863889
      ],
      [
       28.0230556,
       47.7252778
      ],
      [
       27.9613889,
       47.7252778
      ],
      [
       27.9613889,
       47.7863889
      ]
     ]
    ]
   }
  },
  {
   "type": "Feature",
   "properties": {
    "ll": {
     "value": 0,
     "unit": 1,
     "referenceDatum": 0
    },
    "ul": {
     "value": 170,
     "unit": 6,
     "referenceDatum": 2
    },
    "_id": "62614ddf4b027aab592a7077",
    "name": "LU-R2 UNGHENI NOTAM",
    "type": 1,
    "icao": 7,
    "bnd": [
     [
      47.2458333,
      27.7805556
     ],
     [
      47.27,
      27.8163889
     ]
    ]
   },
   "geometry": {
    "type": "Polygon",
    "coordinates": [
     [
      [
       27.7838889,
       47.2691667
      ],
      [
       27.8163889,
       47.27
      ],
      [
       27.8163889,
       47.2458333
      ],
      [
       27.7805556,
       47.2458333
      ],
      [
       27.7838889,
       47.2691667
      ]
     ]
    ]
   }
  },
  {
   "type": "Feature",
   "properties": {
    "ll": {
     "value": 0,
     "unit": 1,
     "referenceDatum": 0
    },
    "ul": {
     "value": 170,
     "unit": 6,
     "referenceDatum": 2
    },
    "_id": "62614de04b027aab592a7084",
    "name": "LU-R3 BULBOACA NOTAM",
    "type": 1,
    "icao": 7,
    "bnd": [
     [
      46.9841667,
      29.1680556
     ],
     [
      47.0397222,
      29.2394444
     ]
    ]
   },
   "geometry": {
    "type": "Polygon",
    "coordinates": [
     [
      [
       29.1680556,
       47.0397222
      ],
      [
       29.2394444,
       47.0397222
      ],
      [
       29.2394444,
       46.9841667
      ],
      [
       29.1680556,
       46.9841667
      ],
      [
       29.1680556,
       47.0397222
      ]
     ]
    ]
   }
  },
  {
   "type": "Feature",
   "properties": {
    "ll": {
     "value": 0,
     "unit": 1,
     "referenceDatum": 0
    },
    "ul": {
     "value": 170,
     "unit": 6,
     "referenceDatum": 2
    },
    "_id": "62614de04b027aab592a7090",
    "name": "LU-R4 CAHUL NOTAM",
    "type": 1,
    "icao": 7,
    "bnd": [
     [
      45.8611111,
      28.2
     ],
     [
      45.8905556,
      28.2205556
     ]
    ]
   },
   "geometry": {
    "type": "Polygon",
    "coordinates": [
     [
      [
       28.2,
       45.8905556
      ],
      [
       28.2205556,
       45.8905556
      ],
      [
       28.2205556,
       45.8611111
      ],
      [
       28.2,
       45.8611111
      ],
      [
       28.2,
       45.8905556
      ]
     ]
    ]
   }
  },
  {
   "type": "Feature",
   "properties": {
    "ll": {
     "value": 0,
     "unit": 1,
     "referenceDatum": 0
    },
    "ul": {
     "value": 105,
     "unit": 6,
     "referenceDatum": 2
    },
    "_id": "62614de04b027aab592a709e",
    "name": "LU-R5 CHISINAU H24",
    "type": 1,
    "icao": 7,
    "bnd": [
     [
      46.9641667,
      28.7386111
     ],
     [
      47.07,
      28.9277778
     ]
    ]
   },
   "geometry": {
    "type": "Polygon",
    "coordinates": [
     [
      [
       28.8027778,
       47.07
      ],
      [
       28.8983333,
       47.0686111
      ],
      [
       28.9277778,
       46.9861111
      ],
      [
       28.825,
       46.9641667
      ],
      [
       28.7777778,
       46.9855556
      ],
      [
       28.7386111,
       47.0163889
      ],
      [
       28.7525,
       47.0411111
      ],
      [
       28.8027778,
       47.07
      ]
     ]
    ]
   }
  },
  {
   "type": "Feature",
   "properties": {
    "ll": {
     "value": 0,
     "unit": 1,
     "referenceDatum": 0
    },
    "ul": {
     "value": 4000,
     "unit": 1,
     "referenceDatum": 1
    },
    "_id": "62614de04b027aab592a70ad",
    "name": "LU-TRA01 TOPALA NOTAM",
    "type": 1,
    "icao": 7,
    "bnd": [
     [
      46.3958333,
      28.515
     ],
     [
      46.5077778,
      28.7547222
     ]
    ]
   },
   "geometry": {
    "type": "Polygon",
    "coordinates": [
     [
      [
       28.515,
       46.5077778
      ],
      [
       28.7547222,
       46.5077778
      ],
      [
       28.7538889,
       46.3958333
      ],
      [
       28.515,
       46.3980556
      ],
      [
       28.515,
       46.5077778
      ]
     ]
    ]
   }
  },
  {
   "type": "Feature",
   "properties": {
    "ll": {
     "value": 0,
     "unit": 1,
     "referenceDatum": 0
    },
    "ul": {
     "value": 115,
     "unit": 6,
     "referenceDatum": 2
    },
    "_id": "62614de04b027aab592a70b7",
    "name": "LU-TRA02 VADUL LUI VODA NOTAM",
    "type": 1,
    "icao": 7,
    "bnd": [
     [
      47.0141667,
      28.9922222
     ],
     [
      47.1161111,
      29.1863889
     ]
    ]
   },
   "geometry": {
    "type": "Polygon",
    "coordinates": [
     [
      [
       29.0336111,
       47.1161111
      ],
      [
       29.1863889,
       47.0830556
      ],
      [
       29.1263889,
       47.0141667
      ],
      [
       28.9922222,
       47.0252778
      ],
      [
       29.0336111,
       47.1161111
      ]
     ]
    ]
   }
  },
  {
   "type": "Feature",
   "properties": {
    "ll": {
     "value": 0,
     "unit": 1,
     "referenceDatum": 0
    },
    "ul": {
     "value": 3000,
     "unit": 1,
     "referenceDatum": 1
    },
    "_id": "62614dde4b027aab592a6f01",
    "name": "LUBM CTR 122.050",
    "type": 4,
    "icao": 3,
    "bnd": [
     [
      47.7408333,
      27.9305556
     ],
     [
      47.9838889,
      28.4952778
     ]
    ]
   },
   "geometry": {
    "type": "Polygon",
    "coordinates": [
     [
      [
       27.9305556,
       47.8666667
      ],
      [
       28.4305556,
       47.9838889
      ],
      [
       28.4952778,
       47.8580556
      ],
      [
       27.9963889,
       47.7408333
      ],
      [
       27.9305556,
       47.8666667
      ]
     ]
    ]
   }
  },
  {
   "type": "Feature",
   "properties": {
    "ll": {
     "value": 0,
     "unit": 1,
     "referenceDatum": 0
    },
    "ul": {
     "value": 1500,
     "unit": 1,
     "referenceDatum": 1
    },
    "_id": "62614dde4b027aab592a6f79",
    "name": "LUKE ATZ 119.000",
    "type": 2,
    "icao": 7,
    "bnd": [
     [
      46.4233575,
      29.8907859
     ],
     [
      46.4766487,
      29.96812
     ]
    ]
   },
   "geometry": {
    "type": "Polygon",
    "coordinates": [
     [
      [
       29.9294444,
       46.4766487
      ],
      [
       29.935539,
       46.4763159
      ],
      [
       29.9414813,
       46.475326
      ],
      [
       29.9471227,
       46.4737036
      ],
      [
       29.9523222,
       46.4714894
      ],
      [
       29.9569501,
       46.4687386
      ],
      [
       29.9608906,
       46.4655199
      ],
      [
       29.9640456,
       46.4619139
      ],
      [
       29.9663363,
       46.4580106
      ],
      [
       29.9677058,
       46.4539074
      ],
      [
       29.96812,
       46.4497069
      ],
      [
       29.9675689,
       46.4455138
      ],
      [
       29.9660664,
       46.4414329
      ],
      [
       29.9636501,
       46.4375659
      ],
      [
       29.9603807,
       46.4340093
      ],
      [
       29.9563397,
       46.4308519
      ],
      [
       29.9516282,
       46.4281723
      ],
      [
       29.9463635,
       46.4260374
      ],
      [
       29.9406771,
       46.4245004
      ],
      [
       29.9347107,
       46.4235996
      ],
      [
       29.928613,
       46.4233575
      ],
      [
       29.922536,
       46.4237801
      ],
      [
       29.9166313,
       46.4248568
      ],
      [
       29.9110459,
       46.4265609
      ],
      [
       29.9059192,
       46.4288498
      ],
      [
       29.901379,
       46.4316665
      ],
      [
       29.8975387,
       46.4349408
      ],
      [
       29.8944941,
       46.4385909
      ],
      [
       29.8923214,
       46.4425259
      ],
      [
       29.8910749,
       46.4466476
      ],
      [
       29.8907859,
       46.4508531
      ],
      [
       29.891462,
       46.4550375
      ],
      [
       29.8930864,
       46.4590963
      ],
      [
       29.8956188,
       46.4629281
      ],
      [
       29.8989961,
       46.4664373
      ],
      [
       29.9031341,
       46.4695362
      ],
      [
       29.9079295,
       46.4721473
      ],
      [
       29.9132627,
       46.4742055
      ],
      [
       29.9190002,
       46.4756592
      ],
      [
       29.9249988,
       46.4764721
      ],
      [
       29.9294444,
       46.4766487
      ]
     ]
    ]
   }
  },
  {
   "type": "Feature",
   "properties": {
    "ll": {
     "value": 0,
     "unit": 1,
     "referenceDatum": 0
    },
    "ul": {
     "value": 1500,
     "unit": 1,
     "referenceDatum": 1
    },
    "_id": "62614dde0e8346dfd924c8ef",
    "name": "LUKH ATZ 125.050",
    "type": 2,
    "icao": 7,
    "bnd": [
     [
      46.8103019,
      28.8627307
     ],
     [
      46.8635931,
      28.9406199
     ]
    ]
   },
   "geometry": {
    "type": "Polygon",
    "coordinates": [
     [
      [
       28.9016667,
       46.8635931
      ],
      [
       28.9078051,
       46.8632604
      ],
      [
       28.91379,
       46.8622704
      ],
      [
       28.9194719,
       46.860648
      ],
      [
       28.9247088,
       46.8584338
      ],
      [
       28.9293699,
       46.855683
      ],
      [
       28.9333387,
       46.8524643
      ],
      [
       28.9365163,
       46.8488583
      ],
      [
       28.9388234,
       46.844955
      ],
      [
       28.9402027,
       46.8408518
      ],
      [
       28.9406199,
       46.8366512
      ],
      [
       28.9400647,
       46.8324582
      ],
      [
       28.9385514,
       46.8283772
      ],
      [
       28.9361178,
       46.8245103
      ],
      [
       28.9328249,
       46.8209537
      ],
      [
       28.9287549,
       46.8177963
      ],
      [
       28.9240095,
       46.8151167
      ],
      [
       28.9187071,
       46.8129818
      ],
      [
       28.9129798,
       46.8114448
      ],
      [
       28.9069706,
       46.8105441
      ],
      [
       28.9008292,
       46.8103019
      ],
      [
       28.8947087,
       46.8107245
      ],
      [
       28.8887616,
       46.8118012
      ],
      [
       28.8831362,
       46.8135053
      ],
      [
       28.8779727,
       46.8157942
      ],
      [
       28.8733999,
       46.8186109
      ],
      [
       28.869532,
       46.8218851
      ],
      [
       28.8664656,
       46.8255353
      ],
      [
       28.8642772,
       46.8294703
      ],
      [
       28.8630217,
       46.833592
      ],
      [
       28.8627307,
       46.8377975
      ],
      [
       28.8634115,
       46.8419819
      ],
      [
       28.8650476,
       46.8460407
      ],
      [
       28.8675981,
       46.8498725
      ],
      [
       28.8709996,
       46.8533817
      ],
      [
       28.8751673,
       46.8564806
      ],
      [
       28.8799972,
       46.8590918
      ],
      [
       28.8853686,
       46.8611499
      ],
      [
       28.8911474,
       46.8626036
      ],
      [
       28.8971891,
       46.8634166
      ],
      [
       28.9016667,
       46.8635931
      ]
     ]
    ]
   }
  },
  {
   "type": "Feature",
   "properties": {
    "ll": {
     "value": 0,
     "unit": 1,
     "referenceDatum": 0
    },
    "ul": {
     "value": 2500,
     "unit": 1,
     "referenceDatum": 1
    },
    "_id": "62614dde4b027aab592a6f94",
    "name": "LUKK CTR 118.100",
    "type": 4,
    "icao": 3,
    "bnd": [
     [
      46.8405556,
      28.7118764
     ],
     [
      47.0291667,
      29.1498448
     ]
    ]
   },
   "geometry": {
    "type": "Polygon",
    "coordinates": [
     [
      [
       28.7697222,
       47.0291667
      ],
      [
       29.1233333,
       46.9991667
      ],
      [
       29.1300171,
       46.990289
      ],
      [
       29.1356661,
       46.9810798
      ],
      [
       29.1404006,
       46.9716341
      ],
      [
       29.1442001,
       46.9619938
      ],
      [
       29.147048,
       46.9522019
      ],
      [
       29.1489322,
       46.9423022
      ],
      [
       29.1498448,
       46.9323388
      ],
      [
       29.1497823,
       46.922356
      ],
      [
       29.1487456,
       46.9123983
      ],
      [
       29.1467397,
       46.9025099
      ],
      [
       29.1437742,
       46.8927348
      ],
      [
       29.1398627,
       46.8831165
      ],
      [
       29.1350231,
       46.8736976
      ],
      [
       29.1292774,
       46.86452
      ],
      [
       29.1226514,
       46.8556245
      ],
      [
       29.1161111,
       46.8480556
      ],
      [
       28.9016667,
       46.8644444
      ],
      [
       28.7530556,
       46.8405556
      ],
      [
       28.7449319,
       46.8488468
      ],
      [
       28.7376324,
       46.8574897
      ],
      [
       28.7311898,
       46.8664459
      ],
      [
       28.7256332,
       46.8756757
      ],
      [
       28.7209877,
       46.8851381
      ],
      [
       28.7172743,
       46.894791
      ],
      [
       28.7145101,
       46.9045916
      ],
      [
       28.712708,
       46.9144963
      ],
      [
       28.7118764,
       46.924461
      ],
      [
       28.7120196,
       46.9344415
      ],
      [
       28.7131376,
       46.9443932
      ],
      [
       28.7152258,
       46.9542718
      ],
      [
       28.7182755,
       46.9640333
      ],
      [
       28.7222736,
       46.9736341
      ],
      [
       28.7272028,
       46.9830313
      ],
      [
       28.7330416,
       46.9921831
      ],
      [
       28.7397642,
       47.0010485
      ],
      [
       28.7473412,
       47.0095879
      ],
      [
       28.755739,
       47.0177631
      ],
      [
       28.7649205,
       47.0255376
      ],
      [
       28.7697222,
       47.0291667
      ]
     ]
    ]
   }
  },
  {
   "type": "Feature",
   "properties": {
    "ll": {
     "value": 0,
     "unit": 1,
     "referenceDatum": 0
    },
    "ul": {
     "value": 1500,
     "unit": 1,
     "referenceDatum": 1
    },
    "_id": "62614dde4b027aab592a6fb4",
    "name": "LUKV ATZ 125.350",
    "type": 2,
    "icao": 7,
    "bnd": [
     [
      47.0125475,
      29.0252779
     ],
     [
      47.1124662,
      29.1718806
     ]
    ]
   },
   "geometry": {
    "type": "Polygon",
    "coordinates": [
     [
      [
       29.0986111,
       47.1124662
      ],
      [
       29.1070711,
       47.1121331
      ],
      [
       29.1154181,
       47.1111381
      ],
      [
       29.1235406,
       47.1094946
      ],
      [
       29.13133,
       47.1072245
      ],
      [
       29.1386825,
       47.1043581
      ],
      [
       29.1454999,
       47.1009338
      ],
      [
       29.1516913,
       47.0969972
      ],
      [
       29.1571742,
       47.0926008
      ],
      [
       29.1618755,
       47.0878034
      ],
      [
       29.1657329,
       47.082669
      ],
      [
       29.168695,
       47.0772661
      ],
      [
       29.1707227,
       47.0716667
      ],
      [
       29.1717892,
       47.0659454
      ],
      [
       29.1718806,
       47.0601785
      ],
      [
       29.1709961,
       47.0544429
      ],
      [
       29.1691476,
       47.0488149
      ],
      [
       29.1663602,
       47.0433695
      ],
      [
       29.1626711,
       47.038179
      ],
      [
       29.1581298,
       47.0333127
      ],
      [
       29.1527969,
       47.0288352
      ],
      [
       29.1467435,
       47.0248061
      ],
      [
       29.1400502,
       47.021279
      ],
      [
       29.1328061,
       47.0183006
      ],
      [
       29.1251075,
       47.0159107
      ],
      [
       29.1170569,
       47.014141
      ],
      [
       29.1087613,
       47.0130149
      ],
      [
       29.1003307,
       47.0125475
      ],
      [
       29.0918774,
       47.0127449
      ],
      [
       29.0835135,
       47.0136046
      ],
      [
       29.0753501,
       47.0151151
      ],
      [
       29.0674959,
       47.0172564
      ],
      [
       29.0600551,
       47.0199999
      ],
      [
       29.0531267,
       47.0233093
      ],
      [
       29.046803,
       47.0271405
      ],
      [
       29.0411681,
       47.0314426
      ],
      [
       29.0362972,
       47.0361584
      ],
      [
       29.0322551,
       47.0412252
      ],
      [
       29.0290961,
       47.0465756
      ],
      [
       29.0268623,
       47.0521383
      ],
      [
       29.0255838,
       47.0578394
      ],
      [
       29.0252779,
       47.0636028
      ],
      [
       29.0259491,
       47.0693518
      ],
      [
       29.0275886,
       47.0750099
      ],
      [
       29.030175,
       47.0805016
      ],
      [
       29.033674,
       47.0857536
      ],
      [
       29.0380393,
       47.0906959
      ],
      [
       29.0432127,
       47.0952627
      ],
      [
       29.0491256,
       47.0993928
      ],
      [
       29.0556991,
       47.1030313
      ],
      [
       29.0628456,
       47.1061295
      ],
      [
       29.0704697,
       47.108646
      ],
      [
       29.0784697,
       47.1105473
      ],
      [
       29.0867387,
       47.111808
      ],
      [
       29.0951664,
       47.1124112
      ],
      [
       29.0986111,
       47.1124662
      ]
     ]
    ]
   }
  }
 ]
}