{
 "type": "FeatureCollection",
 "countryCode": "ch",
 "features": [
  {
   "type": "Feature",
   "properties": {
    "ll": {
     "value": 90,
     "unit": 6,
     "referenceDatum": 2
    },
    "ul": {
     "value": 600,
     "unit": 6,
     "referenceDatum": 2
    },
    "_id": "62e10d71d0d055fccf50f911",
    "name": "AWY A9.1",
    "type": 0,
    "icao": 2,
    "bnd": [
     [
      46.9838889,
      8.4319444
     ],
     [
      47.2763889,
      8.9725
     ]
    ]
   },
   "geometry": {
    "type": "Polygon",
    "coordinates": [
     [
      [
       8.9238889,
       47.2177778
      ],
      [
       8.9725,
       47.2552778
      ],
      [
       8.9177778,
       47.2602778
      ],
      [
       8.7797222,
       47.2727778
      ],
      [
       8.7413889,
       47.2763889
      ],
      [
       8.605,
       47.2569444
      ],
      [
       8.4319444,
       47.2322222
      ],
      [
       8.4908333,
       47.1555556
      ],
      [
       8.4922222,
       47.1447222
      ],
      [
       8.5155556,
       46.9838889
      ],
      [
       8.8213889,
       47.0277778
      ],
      [
       8.9472222,
       47.0472222
      ],
      [
       8.9238889,
       47.2177778
      ]
     ]
    ]
   }
  },
  {
   "type": "Feature",
   "properties": {
    "ll": {
     "value": 130,
     "unit": 6,
     "referenceDatum": 2
    },
    "ul": {
     "value": 600,
     "unit": 6,
     "referenceDatum": 2
    },
    "_id": "62e10d71d0d055fccf50f91b",
    "name": "AWY A9.2",
    "type": 0,
    "icao": 2,
    "bnd": [
     [
      46.1069444,
      8.5155556
     ],
     [
      47.0472222,
      9.0661111
     ]
    ]
   },
   "geometry": {
    "type": "Polygon",
    "coordinates": [
     [
      [
       8.5155556,
       46.9838889
      ],
      [
       8.8213889,
       47.0277778
      ],
      [
       8.9472222,
       47.0472222
      ],
      [
       9.0661111,
       46.1630556
      ],
      [
       9.0380556,
       46.1591667
      ],
      [
       8.9680556,
       46.1491667
      ],
      [
       8.68,
       46.1069444
      ],
      [
       8.68,
       46.1105556
      ],
      [
       8.6702778,
       46.1091667
      ],
      [
       8.6583333,
       46.1127778
      ],
      [
       8.6472222,
       46.1236111
      ],
      [
       8.6383333,
       46.1227778
      ],
      [
       8.5155556,
       46.9838889
      ]
     ]
    ]
   }
  },
  {
   "type": "Feature",
   "properties": {
    "ll": {
     "value": 150,
     "unit": 6,
     "referenceDatum": 2
    },
    "ul": {
     "value": 600,
     "unit": 6,
     "referenceDatum": 2
    },
    "_id": "62e10d72d0d055fccf50f941",
    "name": "CTA GENEVA ALPS",
    "type": 0,
    "icao": 2,
    "bnd": [
     [
      45.8580556,
      6.7905556
     ],
     [
      46.7708333,
      8.2238889
     ]
    ]
   },
   "geometry": {
    "type": "Polygon",
    "coordinates": [
     [
      [
       7.5041667,
       46.7708333
      ],
      [
       7.8025,
       46.5097222
      ],
      [
       7.9913889,
       46.5141667
      ],
      [
       8.2233333,
       46.3308333
      ],
      [
       8.2238889,
       46.3244444
      ],
      [
       8.2069444,
       46.3061111
      ],
      [
       8.1677778,
       46.2955556
      ],
      [
       8.1408333,
       46.3022222
      ],
      [
       8.0861111,
       46.2658333
      ],
      [
       8.0866667,
       46.2616667
      ],
      [
       8.0802778,
       46.2605556
      ],
      [
       8.0872222,
       46.2533333
      ],
      [
       8.1102778,
       46.2494444
      ],
      [
       8.1163889,
       46.2363889
      ],
      [
       8.1388889,
       46.2261111
      ],
      [
       8.1544444,
       46.1902778
      ],
      [
       8.1666667,
       46.1802778
      ],
      [
       8.1497222,
       46.1613889
      ],
      [
       8.1544444,
       46.1477778
      ],
      [
       8.1441667,
       46.1363889
      ],
      [
       8.1186111,
       46.1325
      ],
      [
       8.1094444,
       46.1113889
      ],
      [
       8.0347222,
       46.0988889
      ],
      [
       8.0230556,
       46.0697222
      ],
      [
       8.035,
       46.0433333
      ],
      [
       8.0155556,
       46.0338889
      ],
      [
       8.0127778,
       46.0116667
      ],
      [
       8.0019444,
       46.0116667
      ],
      [
       7.9972222,
       46.0047222
      ],
      [
       7.9894444,
       45.9961111
      ],
      [
       7.9088889,
       45.9969444
      ],
      [
       7.8922222,
       45.9780556
      ],
      [
       7.8786111,
       45.9736111
      ],
      [
       7.8808333,
       45.9647222
      ],
      [
       7.8697222,
       45.9372222
      ],
      [
       7.8769444,
       45.9272222
      ],
      [
       7.8644444,
       45.9161111
      ],
      [
       7.8202778,
       45.9272222
      ],
      [
       7.8025,
       45.9161111
      ],
      [
       7.7494444,
       45.9416667
      ],
      [
       7.7358333,
       45.9227778
      ],
      [
       7.7125,
       45.9252778
      ],
      [
       7.7063889,
       45.9516667
      ],
      [
       7.6825,
       45.9561111
      ],
      [
       7.6636111,
       45.9758333
      ],
      [
       7.6347222,
       45.9702778
      ],
      [
       7.5827778,
       45.9719444
      ],
      [
       7.5766667,
       45.9869444
      ],
      [
       7.5475,
       45.9855556
      ],
      [
       7.5408333,
       45.9555556
      ],
      [
       7.4983333,
       45.9611111
      ],
      [
       7.4733333,
       45.9488889
      ],
      [
       7.4738889,
       45.9341667
      ],
      [
       7.4597222,
       45.9358333
      ],
      [
       7.445,
       45.9313889
      ],
      [
       7.4322222,
       45.9180556
      ],
      [
       7.4105556,
       45.9075
      ],
      [
       7.4022222,
       45.9111111
      ],
      [
       7.385,
       45.8961111
      ],
      [
       7.3661111,
       45.9041667
      ],
      [
       7.3616667,
       45.9030556
      ],
      [
       7.3444444,
       45.915
      ],
      [
       7.3283333,
       45.9097222
      ],
      [
       7.2930556,
       45.9219444
      ],
      [
       7.2769444,
       45.9005556
      ],
      [
       7.26,
       45.89
      ],
      [
       7.2544444,
       45.8875
      ],
      [
       7.2508333,
       45.8930556
      ],
      [
       7.2369444,
       45.8894444
      ],
      [
       7.2294444,
       45.8922222
      ],
      [
       7.2166667,
       45.8888889
      ],
      [
       7.2158333,
       45.8841667
      ],
      [
       7.2005556,
       45.8755556
      ],
      [
       7.1994444,
       45.8627778
      ],
      [
       7.19,
       45.8586111
      ],
      [
       7.1608333,
       45.8716667
      ],
      [
       7.1652778,
       45.8755556
      ],
      [
       7.1580556,
       45.8788889
      ],
      [
       7.1388889,
       45.8741667
      ],
      [
       7.1180556,
       45.8580556
      ],
      [
       7.1002778,
       45.86
      ],
      [
       7.0894444,
       45.8805556
      ],
      [
       7.0647222,
       45.9002778
      ],
      [
       7.0636111,
       45.9113889
      ],
      [
       7.0447222,
       45.9222222
      ],
      [
       7.0438889,
       45.9230556
      ],
      [
       7.0436111,
       45.9238889
      ],
      [
       7.0433333,
       45.9258333
      ],
      [
       7.0419444,
       45.93
      ],
      [
       7.0408333,
       45.9316667
      ],
      [
       7.0402778,
       45.9316667
      ],
      [
       7.0386111,
       45.9333333
      ],
      [
       7.0380556,
       45.9347222
      ],
      [
       7.0358333,
       45.9375
      ],
      [
       7.0366667,
       45.9402778
      ],
      [
       7.0366667,
       45.9433333
      ],
      [
       7.0383333,
       45.9447222
      ],
      [
       7.0386111,
       45.9475
      ],
      [
       7.0377778,
       45.9483333
      ],
      [
       7.0369444,
       45.9519444
      ],
      [
       7.0372222,
       45.9538889
      ],
      [
       7.0366667,
       45.955
      ],
      [
       7.0347222,
       45.9558333
      ],
      [
       7.0308333,
       45.9566667
      ],
      [
       7.0272222,
       45.9575
      ],
      [
       7.0230556,
       45.9580556
      ],
      [
       7.0222222,
       45.9586111
      ],
      [
       7.0213889,
       45.9586111
      ],
      [
       7.0208333,
       45.9586111
      ],
      [
       7.02,
       45.9602778
      ],
      [
       7.0177778,
       45.9605556
      ],
      [
       7.0177778,
       45.9608333
      ],
      [
       7.0172222,
       45.9613889
      ],
      [
       7.0158333,
       45.9622222
      ],
      [
       7.0091667,
       45.9691667
      ],
      [
       7.0102778,
       45.9730556
      ],
      [
       7.0211111,
       45.9766667
      ],
      [
       7.0238889,
       45.9791667
      ],
      [
       7.0155556,
       45.9872222
      ],
      [
       7.0125,
       45.9869444
      ],
      [
       7.0105556,
       45.9969444
      ],
      [
       7.0055556,
       46.0016667
      ],
      [
       7.0005556,
       45.9991667
      ],
      [
       6.9852778,
       46.0044444
      ],
      [
       6.9811111,
       46.02
      ],
      [
       6.9708333,
       46.0261111
      ],
      [
       6.9666667,
       46.0313889
      ],
      [
       6.9630556,
       46.0305556
      ],
      [
       6.96,
       46.0344444
      ],
      [
       6.9505556,
       46.0516667
      ],
      [
       6.9438889,
       46.0505556
      ],
      [
       6.935,
       46.0558333
      ],
      [
       6.9383333,
       46.0633333
      ],
      [
       6.9344444,
       46.0663889
      ],
      [
       6.9244444,
       46.065
      ],
      [
       6.9083333,
       46.0502778
      ],
      [
       6.8922222,
       46.0477778
      ],
      [
       6.8911111,
       46.0419444
      ],
      [
       6.8758333,
       46.0480556
      ],
      [
       6.8725,
       46.0519444
      ],
      [
       6.8736111,
       46.0563889
      ],
      [
       6.8752778,
       46.0583333
      ],
      [
       6.8772222,
       46.0638889
      ],
      [
       6.8788889,
       46.0652778
      ],
      [
       6.8802778,
       46.0691667
      ],
      [
       6.8844444,
       46.0708333
      ],
      [
       6.8877778,
       46.0730556
      ],
      [
       6.8913889,
       46.0736111
      ],
      [
       6.8880556,
       46.0788889
      ],
      [
       6.8902778,
       46.0808333
      ],
      [
       6.8913889,
       46.0833333
      ],
      [
       6.8916667,
       46.085
      ],
      [
       6.8888889,
       46.0869444
      ],
      [
       6.8880556,
       46.0891667
      ],
      [
       6.8858333,
       46.0919444
      ],
      [
       6.8827778,
       46.0952778
      ],
      [
       6.8861111,
       46.0975
      ],
      [
       6.8877778,
       46.1005556
      ],
      [
       6.8930556,
       46.105
      ],
      [
       6.8933333,
       46.1066667
      ],
      [
       6.8958333,
       46.1088889
      ],
      [
       6.8938889,
       46.11
      ],
      [
       6.8933333,
       46.1127778
      ],
      [
       6.8938889,
       46.1147222
      ],
      [
       6.8952778,
       46.1155556
      ],
      [
       6.8972222,
       46.1197222
      ],
      [
       6.9,
       46.1238889
      ],
      [
       6.8977778,
       46.1247222
      ],
      [
       6.8955556,
       46.1238889
      ],
      [
       6.8922222,
       46.1255556
      ],
      [
       6.8908333,
       46.1255556
      ],
      [
       6.8819444,
       46.1230556
      ],
      [
       6.8797222,
       46.1236111
      ],
      [
       6.8786111,
       46.125
      ],
      [
       6.8761111,
       46.1258333
      ],
      [
       6.8733333,
       46.1261111
      ],
      [
       6.8697222,
       46.1252778
      ],
      [
       6.8619444,
       46.1261111
      ],
      [
       6.8591667,
       46.1261111
      ],
      [
       6.8547222,
       46.1266667
      ],
      [
       6.8533333,
       46.1263889
      ],
      [
       6.85,
       46.1269444
      ],
      [
       6.8458333,
       46.1280556
      ],
      [
       6.8430556,
       46.1288889
      ],
      [
       6.8413889,
       46.1308333
      ],
      [
       6.8419444,
       46.1319444
      ],
      [
       6.8383333,
       46.1327778
      ],
      [
       6.835,
       46.1322222
      ],
      [
       6.8311111,
       46.1325
      ],
      [
       6.8247222,
       46.1316667
      ],
      [
       6.8233333,
       46.1311111
      ],
      [
       6.8186111,
       46.1308333
      ],
      [
       6.8175,
       46.1297222
      ],
      [
       6.8158333,
       46.1294444
      ],
      [
       6.8075,
       46.1363889
      ],
      [
       6.7980556,
       46.1361111
      ],
      [
       6.7905556,
       46.1544444
      ],
      [
       6.7925,
       46.1630556
      ],
      [
       6.8055556,
       46.1730556
      ],
      [
       6.8072222,
       46.1788889
      ],
      [
       6.8127778,
       46.1813889
      ],
      [
       6.8094444,
       46.1855556
      ],
      [
       6.8036111,
       46.2038889
      ],
      [
       6.8216667,
       46.2233333
      ],
      [
       6.8213889,
       46.2325
      ],
      [
       6.8325,
       46.2352778
      ],
      [
       6.84,
       46.2483333
      ],
      [
       6.8527778,
       46.2527778
      ],
      [
       6.8552778,
       46.2575
      ],
      [
       6.855,
       46.2580556
      ],
      [
       6.8602778,
       46.2661111
      ],
      [
       6.8594444,
       46.2741667
      ],
      [
       6.8658333,
       46.2816667
      ],
      [
       6.8591667,
       46.2908333
      ],
      [
       6.8544444,
       46.2930556
      ],
      [
       6.8491667,
       46.2905556
      ],
      [
       6.8283333,
       46.3030556
      ],
      [
       6.8305556,
       46.3061111
      ],
      [
       6.8202778,
       46.3158333
      ],
      [
       6.8069444,
       46.3205556
      ],
      [
       6.8052778,
       46.3586111
      ],
      [
       6.805,
       46.3672222
      ],
      [
       7.0644444,
       46.5286111
      ],
      [
       7.5041667,
       46.7708333
      ]
     ]
    ]
   }
  },
  {
   "type": "Feature",
   "properties": {
    "ll": {
     "value": 130,
     "unit": 6,
     "referenceDatum": 2
    },
    "ul": {
     "value": 150,
     "unit": 6,
     "referenceDatum": 2
    },
    "_id": "62e10d72d0d055fccf50f938",
    "name": "CTA GENEVA ALPS MIL ON",
    "type": 0,
    "icao": 2,
    "bnd": [
     [
      45.8580556,
      6.7905556
     ],
     [
      46.7708333,
      8.2238889
     ]
    ]
   },
   "geometry": {
    "type": "Polygon",
    "coordinates": [
     [
      [
       7.5041667,
       46.7708333
      ],
      [
       7.8025,
       46.5097222
      ],
      [
       7.9913889,
       46.5141667
      ],
      [
       8.2233333,
       46.3308333
      ],
      [
       8.2238889,
       46.3244444
      ],
      [
       8.2069444,
       46.3061111
      ],
      [
       8.1677778,
       46.2955556
      ],
      [
       8.1408333,
       46.3022222
      ],
      [
       8.0861111,
       46.2658333
      ],
      [
       8.0866667,
       46.2616667
      ],
      [
       8.0802778,
       46.2605556
      ],
      [
       8.0872222,
       46.2533333
      ],
      [
       8.1102778,
       46.2494444
      ],
      [
       8.1163889,
       46.2363889
      ],
      [
       8.1388889,
       46.2261111
      ],
      [
       8.1544444,
       46.1902778
      ],
      [
       8.1666667,
       46.1802778
      ],
      [
       8.1497222,
       46.1613889
      ],
      [
       8.1544444,
       46.1477778
      ],
      [
       8.1441667,
       46.1363889
      ],
      [
       8.1186111,
       46.1325
      ],
      [
       8.1094444,
       46.1113889
      ],
      [
       8.0347222,
       46.0988889
      ],
      [
       8.0230556,
       46.0697222
      ],
      [
       8.035,
       46.0433333
      ],
      [
       8.0155556,
       46.0338889
      ],
      [
       8.0127778,
       46.0116667
      ],
      [
       8.0019444,
       46.0116667
      ],
      [
       7.9972222,
       46.0047222
      ],
      [
       7.9894444,
       45.9961111
      ],
      [
       7.9088889,
       45.9969444
      ],
      [
       7.8922222,
       45.9780556
      ],
      [
       7.8786111,
       45.9736111
      ],
      [
       7.8808333,
       45.9647222
      ],
      [
       7.8697222,
       45.9372222
      ],
      [
       7.8769444,
       45.9272222
      ],
      [
       7.8644444,
       45.9161111
      ],
      [
       7.8202778,
       45.9272222
      ],
      [
       7.8025,
       45.9161111
      ],
      [
       7.7494444,
       45.9416667
      ],
      [
       7.7358333,
       45.9227778
      ],
      [
       7.7125,
       45.9252778
      ],
      [
       7.7063889,
       45.9516667
      ],
      [
       7.6825,
       45.9561111
      ],
      [
       7.6636111,
       45.9758333
      ],
      [
       7.6347222,
       45.9702778
      ],
      [
       7.5827778,
       45.9719444
      ],
      [
       7.5766667,
       45.9869444
      ],
      [
       7.5475,
       45.9855556
      ],
      [
       7.5408333,
       45.9555556
      ],
      [
       7.4983333,
       45.9611111
      ],
      [
       7.4733333,
       45.9488889
      ],
      [
       7.4738889,
       45.9341667
      ],
      [
       7.4597222,
       45.9358333
      ],
      [
       7.445,
       45.9313889
      ],
      [
       7.4322222,
       45.9180556
      ],
      [
       7.4105556,
       45.9075
      ],
      [
       7.4022222,
       45.9111111
      ],
      [
       7.385,
       45.8961111
      ],
      [
       7.3661111,
       45.9041667
      ],
      [
       7.3616667,
       45.9030556
      ],
      [
       7.3444444,
       45.915
      ],
      [
       7.3283333,
       45.9097222
      ],
      [
       7.2930556,
       45.9219444
      ],
      [
       7.2769444,
       45.9005556
      ],
      [
       7.26,
       45.89
      ],
      [
       7.2544444,
       45.8875
      ],
      [
       7.2508333,
       45.8930556
      ],
      [
       7.2369444,
       45.8894444
      ],
      [
       7.2294444,
       45.8922222
      ],
      [
       7.2166667,
       45.8888889
      ],
      [
       7.2158333,
       45.8841667
      ],
      [
       7.2005556,
       45.8755556
      ],
      [
       7.1994444,
       45.8627778
      ],
      [
       7.19,
       45.8586111
      ],
      [
       7.1608333,
       45.8716667
      ],
      [
       7.1652778,
       45.8755556
      ],
      [
       7.1580556,
       45.8788889
      ],
      [
       7.1388889,
       45.8741667
      ],
      [
       7.1180556,
       45.8580556
      ],
      [
       7.1002778,
       45.86
      ],
      [
       7.0894444,
       45.8805556
      ],
      [
       7.0647222,
       45.9002778
      ],
      [
       7.0636111,
       45.9113889
      ],
      [
       7.0447222,
       45.9222222
      ],
      [
       7.0438889,
       45.9230556
      ],
      [
       7.0436111,
       45.9238889
      ],
      [
       7.0433333,
       45.9258333
      ],
      [
       7.0419444,
       45.93
      ],
      [
       7.0408333,
       45.9316667
      ],
      [
       7.0402778,
       45.9316667
      ],
      [
       7.0386111,
       45.9333333
      ],
      [
       7.0380556,
       45.9347222
      ],
      [
       7.0358333,
       45.9375
      ],
      [
       7.0366667,
       45.9402778
      ],
      [
       7.0366667,
       45.9433333
      ],
      [
       7.0383333,
       45.9447222
      ],
      [
       7.0386111,
       45.9475
      ],
      [
       7.0377778,
       45.9483333
      ],
      [
       7.0369444,
       45.9519444
      ],
      [
       7.0372222,
       45.9538889
      ],
      [
       7.0366667,
       45.955
      ],
      [
       7.0347222,
       45.9558333
      ],
      [
       7.0308333,
       45.9566667
      ],
      [
       7.0272222,
       45.9575
      ],
      [
       7.0230556,
       45.9580556
      ],
      [
       7.0222222,
       45.9586111
      ],
      [
       7.0213889,
       45.9586111
      ],
      [
       7.0208333,
       45.9586111
      ],
      [
       7.02,
       45.9602778
      ],
      [
       7.0177778,
       45.9605556
      ],
      [
       7.0177778,
       45.9608333
      ],
      [
       7.0172222,
       45.9613889
      ],
      [
       7.0158333,
       45.9622222
      ],
      [
       7.0091667,
       45.9691667
      ],
      [
       7.0102778,
       45.9730556
      ],
      [
       7.0211111,
       45.9766667
      ],
      [
       7.0238889,
       45.9791667
      ],
      [
       7.0155556,
       45.9872222
      ],
      [
       7.0125,
       45.9869444
      ],
      [
       7.0105556,
       45.9969444
      ],
      [
       7.0055556,
       46.0016667
      ],
      [
       7.0005556,
       45.9991667
      ],
      [
       6.9852778,
       46.0044444
      ],
      [
       6.9811111,
       46.02
      ],
      [
       6.9708333,
       46.0261111
      ],
      [
       6.9666667,
       46.0313889
      ],
      [
       6.9630556,
       46.0305556
      ],
      [
       6.96,
       46.0344444
      ],
      [
       6.9505556,
       46.0516667
      ],
      [
       6.9438889,
       46.0505556
      ],
      [
       6.935,
       46.0558333
      ],
      [
       6.9383333,
       46.0633333
      ],
      [
       6.9344444,
       46.0663889
      ],
      [
       6.9244444,
       46.065
      ],
      [
       6.9083333,
       46.0502778
      ],
      [
       6.8922222,
       46.0477778
      ],
      [
       6.8911111,
       46.0419444
      ],
      [
       6.8758333,
       46.0480556
      ],
      [
       6.8725,
       46.0519444
      ],
      [
       6.8736111,
       46.0563889
      ],
      [
       6.8752778,
       46.0583333
      ],
      [
       6.8772222,
       46.0638889
      ],
      [
       6.8788889,
       46.0652778
      ],
      [
       6.8802778,
       46.0691667
      ],
      [
       6.8844444,
       46.0708333
      ],
      [
       6.8877778,
       46.0730556
      ],
      [
       6.8913889,
       46.0736111
      ],
      [
       6.8880556,
       46.0788889
      ],
      [
       6.8902778,
       46.0808333
      ],
      [
       6.8913889,
       46.0833333
      ],
      [
       6.8916667,
       46.085
      ],
      [
       6.8888889,
       46.0869444
      ],
      [
       6.8880556,
       46.0891667
      ],
      [
       6.8858333,
       46.0919444
      ],
      [
       6.8827778,
       46.0952778
      ],
      [
       6.8861111,
       46.0975
      ],
      [
       6.8877778,
       46.1005556
      ],
      [
       6.8930556,
       46.105
      ],
      [
       6.8933333,
       46.1066667
      ],
      [
       6.8958333,
       46.1088889
      ],
      [
       6.8938889,
       46.11
      ],
      [
       6.8933333,
       46.1127778
      ],
      [
       6.8938889,
       46.1147222
      ],
      [
       6.8952778,
       46.1155556
      ],
      [
       6.8972222,
       46.1197222
      ],
      [
       6.9,
       46.1238889
      ],
      [
       6.8977778,
       46.1247222
      ],
      [
       6.8955556,
       46.1238889
      ],
      [
       6.8922222,
       46.1255556
      ],
      [
       6.8908333,
       46.1255556
      ],
      [
       6.8819444,
       46.1230556
      ],
      [
       6.8797222,
       46.1236111
      ],
      [
       6.8786111,
       46.125
      ],
      [
       6.8761111,
       46.1258333
      ],
      [
       6.8733333,
       46.1261111
      ],
      [
       6.8697222,
       46.1252778
      ],
      [
       6.8619444,
       46.1261111
      ],
      [
       6.8591667,
       46.1261111
      ],
      [
       6.8547222,
       46.1266667
      ],
      [
       6.8533333,
       46.1263889
      ],
      [
       6.85,
       46.1269444
      ],
      [
       6.8458333,
       46.1280556
      ],
      [
       6.8430556,
       46.1288889
      ],
      [
       6.8413889,
       46.1308333
      ],
      [
       6.8419444,
       46.1319444
      ],
      [
       6.8383333,
       46.1327778
      ],
      [
       6.835,
       46.1322222
      ],
      [
       6.8311111,
       46.1325
      ],
      [
       6.8247222,
       46.1316667
      ],
      [
       6.8233333,
       46.1311111
      ],
      [
       6.8186111,
       46.1308333
      ],
      [
       6.8175,
       46.1297222
      ],
      [
       6.8158333,
       46.1294444
      ],
      [
       6.8075,
       46.1363889
      ],
      [
       6.7980556,
       46.1361111
      ],
      [
       6.7905556,
       46.1544444
      ],
      [
       6.7925,
       46.1630556
      ],
      [
       6.8055556,
       46.1730556
      ],
      [
       6.8072222,
       46.1788889
      ],
      [
       6.8127778,
       46.1813889
      ],
      [
       6.8094444,
       46.1855556
      ],
      [
       6.8036111,
       46.2038889
      ],
      [
       6.8216667,
       46.2233333
      ],
      [
       6.8213889,
       46.2325
      ],
      [
       6.8325,
       46.2352778
      ],
      [
       6.84,
       46.2483333
      ],
      [
       6.8527778,
       46.2527778
      ],
      [
       6.8552778,
       46.2575
      ],
      [
       6.855,
       46.2580556
      ],
      [
       6.8602778,
       46.2661111
      ],
      [
       6.8594444,
       46.2741667
      ],
      [
       6.8658333,
       46.2816667
      ],
      [
       6.8591667,
       46.2908333
      ],
      [
       6.8544444,
       46.2930556
      ],
      [
       6.8491667,
       46.2905556
      ],
      [
       6.8283333,
       46.3030556
      ],
      [
       6.8305556,
       46.3061111
      ],
      [
       6.8202778,
       46.3158333
      ],
      [
       6.8069444,
       46.3205556
      ],
      [
       6.8052778,
       46.3586111
      ],
      [
       6.805,
       46.3672222
      ],
      [
       7.0644444,
       46.5286111
      ],
      [
       7.5041667,
       46.7708333
      ]
     ]
    ]
   }
  },
  {
   "type": "Feature",
   "properties": {
    "ll": {
     "value": 100,
     "unit": 6,
     "referenceDatum": 2
    },
    "ul": {
     "value": 600,
     "unit": 6,
     "referenceDatum": 2
    },
    "_id": "62e10d71d0d055fccf50f924",
    "name": "CTA GENEVA PLATEAU/JURA",
    "type": 0,
    "icao": 2,
    "bnd": [
     [
      46.3672222,
      6.4302778
     ],
     [
      47.2427778,
      7.5041667
     ]
    ]
   },
   "geometry": {
    "type": "Polygon",
    "coordinates": [
     [
      [
       7.5041667,
       46.7708333
      ],
      [
       7.0644444,
       46.5286111
      ],
      [
       6.805,
       46.3672222
      ],
      [
       6.8047222,
       46.3777778
      ],
      [
       6.8063889,
       46.3827778
      ],
      [
       6.8011111,
       46.3875
      ],
      [
       6.8052778,
       46.3941667
      ],
      [
       6.8211111,
       46.4272222
      ],
      [
       6.8027778,
       46.4308333
      ],
      [
       6.8013889,
       46.4691667
      ],
      [
       6.9005556,
       46.5458333
      ],
      [
       6.7536111,
       46.6572222
      ],
      [
       6.7505556,
       46.6766667
      ],
      [
       6.5572222,
       46.7333333
      ],
      [
       6.44,
       46.7677778
      ],
      [
       6.4558333,
       46.7877778
      ],
      [
       6.4308333,
       46.8125
      ],
      [
       6.46,
       46.8519444
      ],
      [
       6.4647222,
       46.8902778
      ],
      [
       6.4302778,
       46.9294444
      ],
      [
       6.4972222,
       46.9708333
      ],
      [
       6.5727778,
       46.9822222
      ],
      [
       6.5988889,
       46.9933333
      ],
      [
       6.6166667,
       46.9905556
      ],
      [
       6.6480556,
       47.0141667
      ],
      [
       6.6561111,
       47.0263889
      ],
      [
       6.6833333,
       47.0377778
      ],
      [
       6.6958333,
       47.0375
      ],
      [
       6.7191667,
       47.0519444
      ],
      [
       6.7111111,
       47.0538889
      ],
      [
       6.7086111,
       47.0575
      ],
      [
       6.6916667,
       47.0669444
      ],
      [
       6.7136111,
       47.0883333
      ],
      [
       6.7472222,
       47.0925
      ],
      [
       6.7416667,
       47.1111111
      ],
      [
       6.805,
       47.1311111
      ],
      [
       6.8583333,
       47.1647222
      ],
      [
       6.8394444,
       47.1697222
      ],
      [
       6.9552778,
       47.2427778
      ],
      [
       7.5041667,
       46.7708333
      ]
     ]
    ]
   }
  },
  {
   "type": "Feature",
   "properties": {
    "ll": {
     "value": 150,
     "unit": 6,
     "referenceDatum": 2
    },
    "ul": {
     "value": 600,
     "unit": 6,
     "referenceDatum": 2
    },
    "_id": "62e10d72d0d055fccf50f955",
    "name": "CTA ZURICH ALPS",
    "type": 0,
    "icao": 2,
    "bnd": [
     [
      46.1069444,
      7.5041667
     ],
     [
      47.3961111,
      10.4913889
     ]
    ]
   },
   "geometry": {
    "type": "Polygon",
    "coordinates": [
     [
      [
       7.5041667,
       46.7708333
      ],
      [
       7.5961111,
       46.8211111
      ],
      [
       7.8608333,
       46.9647222
      ],
      [
       8.0027778,
       47.0413889
      ],
      [
       8.0244444,
       47.0486111
      ],
      [
       8.1280556,
       47.0827778
      ],
      [
       8.2386111,
       47.1191667
      ],
      [
       8.3705556,
       47.1383333
      ],
      [
       8.4922222,
       47.1447222
      ],
      [
       8.8947222,
       47.1952778
      ],
      [
       8.9238889,
       47.2177778
      ],
      [
       8.9725,
       47.2552778
      ],
      [
       9.0311111,
       47.2697222
      ],
      [
       9.0455556,
       47.2733333
      ],
      [
       9.0811111,
       47.3469444
      ],
      [
       9.1788889,
       47.3711111
      ],
      [
       9.2811111,
       47.3961111
      ],
      [
       9.6652778,
       47.3933333
      ],
      [
       9.6741667,
       47.3866667
      ],
      [
       9.6613889,
       47.3702778
      ],
      [
       9.6244444,
       47.3658333
      ],
      [
       9.6058333,
       47.3519444
      ],
      [
       9.5830556,
       47.3108333
      ],
      [
       9.5566667,
       47.2961111
      ],
      [
       9.5469444,
       47.2766667
      ],
      [
       9.5308333,
       47.2702778
      ],
      [
       9.5666667,
       47.2427778
      ],
      [
       9.5530556,
       47.2258333
      ],
      [
       9.5861111,
       47.2055556
      ],
      [
       9.5652778,
       47.1711111
      ],
      [
       9.58,
       47.1711111
      ],
      [
       9.6108333,
       47.1469444
      ],
      [
       9.6222222,
       47.1519444
      ],
      [
       9.6247222,
       47.1325
      ],
      [
       9.6347222,
       47.1283333
      ],
      [
       9.6205556,
       47.1097222
      ],
      [
       9.6344444,
       47.1022222
      ],
      [
       9.6330556,
       47.0836111
      ],
      [
       9.6116667,
       47.0788889
      ],
      [
       9.6069444,
       47.0608333
      ],
      [
       9.6344444,
       47.0519444
      ],
      [
       9.6441667,
       47.0605556
      ],
      [
       9.6822222,
       47.0622222
      ],
      [
       9.7072222,
       47.0488889
      ],
      [
       9.7480556,
       47.0377778
      ],
      [
       9.7819444,
       47.0391667
      ],
      [
       9.8355556,
       47.0127778
      ],
      [
       9.86,
       47.0227778
      ],
      [
       9.8802778,
       47.0202778
      ],
      [
       9.8708333,
       47.0083333
      ],
      [
       9.8897222,
       47.0013889
      ],
      [
       9.8919444,
       46.9894444
      ],
      [
       9.8708333,
       46.9622222
      ],
      [
       9.8794444,
       46.9577778
      ],
      [
       9.8775,
       46.9369444
      ],
      [
       9.9447222,
       46.9130556
      ],
      [
       9.9808333,
       46.9152778
      ],
      [
       9.9847222,
       46.9044444
      ],
      [
       10.0216667,
       46.9
      ],
      [
       10.0530556,
       46.8758333
      ],
      [
       10.0527778,
       46.8627778
      ],
      [
       10.0886111,
       46.8619444
      ],
      [
       10.1041667,
       46.8411111
      ],
      [
       10.1161111,
       46.8438889
      ],
      [
       10.2305556,
       46.8677778
      ],
      [
       10.2413889,
       46.9313889
      ],
      [
       10.3141667,
       46.9219444
      ],
      [
       10.3088889,
       46.9516667
      ],
      [
       10.3283333,
       46.9552778
      ],
      [
       10.3466667,
       46.9916667
      ],
      [
       10.3719444,
       46.9916667
      ],
      [
       10.3886111,
       47.0016667
      ],
      [
       10.4283333,
       46.9747222
      ],
      [
       10.4227778,
       46.9611111
      ],
      [
       10.4913889,
       46.9388889
      ],
      [
       10.4683333,
       46.8847222
      ],
      [
       10.47,
       46.8541667
      ],
      [
       10.4575,
       46.8158333
      ],
      [
       10.4405556,
       46.7983333
      ],
      [
       10.4241667,
       46.7894444
      ],
      [
       10.4422222,
       46.7755556
      ],
      [
       10.4425,
       46.7525
      ],
      [
       10.4272222,
       46.7483333
      ],
      [
       10.4002778,
       46.7327778
      ],
      [
       10.4211111,
       46.7169444
      ],
      [
       10.3844444,
       46.6858333
      ],
      [
       10.4022222,
       46.6366667
      ],
      [
       10.4472222,
       46.6422222
      ],
      [
       10.4908333,
       46.6152778
      ],
      [
       10.4758333,
       46.5541667
      ],
      [
       10.4725,
       46.5441667
      ],
      [
       10.4522222,
       46.5308333
      ],
      [
       10.4447222,
       46.5344444
      ],
      [
       10.4161111,
       46.5519444
      ],
      [
       10.3977778,
       46.5438889
      ],
      [
       10.3666667,
       46.5555556
      ],
      [
       10.3516667,
       46.5563889
      ],
      [
       10.35,
       46.5497222
      ],
      [
       10.3405556,
       46.5436111
      ],
      [
       10.3263889,
       46.5511111
      ],
      [
       10.2983333,
       46.5480556
      ],
      [
       10.2902778,
       46.5641667
      ],
      [
       10.2691667,
       46.5783333
      ],
      [
       10.2488889,
       46.5705556
      ],
      [
       10.24,
       46.5919444
      ],
      [
       10.2588889,
       46.61
      ],
      [
       10.2336111,
       46.6352778
      ],
      [
       10.215,
       46.6172222
      ],
      [
       10.1916667,
       46.6261111
      ],
      [
       10.1263889,
       46.6055556
      ],
      [
       10.1022222,
       46.6105556
      ],
      [
       10.0961111,
       46.5777778
      ],
      [
       10.0786111,
       46.5744444
      ],
      [
       10.0794444,
       46.5713889
      ],
      [
       10.085,
       46.5675
      ],
      [
       10.0777778,
       46.5602778
      ],
      [
       10.0708333,
       46.5569444
      ],
      [
       10.0691667,
       46.5522222
      ],
      [
       10.0627778,
       46.5480556
      ],
      [
       10.0608333,
       46.5455556
      ],
      [
       10.0513889,
       46.545
      ],
      [
       10.0469444,
       46.5438889
      ],
      [
       10.0436111,
       46.5408333
      ],
      [
       10.0461111,
       46.5344444
      ],
      [
       10.0558333,
       46.5194444
      ],
      [
       10.0422222,
       46.5102778
      ],
      [
       10.0530556,
       46.4613889
      ],
      [
       10.0394444,
       46.4452778
      ],
      [
       10.0563889,
       46.4408333
      ],
      [
       10.0644444,
       46.4272222
      ],
      [
       10.0977778,
       46.4211111
      ],
      [
       10.1075,
       46.4286111
      ],
      [
       10.1427778,
       46.4283333
      ],
      [
       10.1569444,
       46.4133333
      ],
      [
       10.1658333,
       46.4072222
      ],
      [
       10.1630556,
       46.3861111
      ],
      [
       10.1352778,
       46.3844444
      ],
      [
       10.125,
       46.3605556
      ],
      [
       10.1094444,
       46.3525
      ],
      [
       10.1044444,
       46.3330556
      ],
      [
       10.1802778,
       46.2580556
      ],
      [
       10.1327778,
       46.2244444
      ],
      [
       10.0855556,
       46.2269444
      ],
      [
       10.0713889,
       46.2169444
      ],
      [
       10.0441667,
       46.2311111
      ],
      [
       10.0608333,
       46.2627778
      ],
      [
       10.0119444,
       46.2786111
      ],
      [
       9.9933333,
       46.2863889
      ],
      [
       9.9991667,
       46.3133333
      ],
      [
       9.98,
       46.3238889
      ],
      [
       9.9966667,
       46.3513889
      ],
      [
       9.985,
       46.3513889
      ],
      [
       9.9563889,
       46.3733333
      ],
      [
       9.9583333,
       46.3797222
      ],
      [
       9.9319444,
       46.3744444
      ],
      [
       9.9286111,
       46.3652778
      ],
      [
       9.9155556,
       46.3713889
      ],
      [
       9.9077778,
       46.3811111
      ],
      [
       9.8680556,
       46.3638889
      ],
      [
       9.8341667,
       46.3616667
      ],
      [
       9.8194444,
       46.3502778
      ],
      [
       9.7847222,
       46.3408333
      ],
      [
       9.7741667,
       46.3341667
      ],
      [
       9.7422222,
       46.3522222
      ],
      [
       9.7233333,
       46.3416667
      ],
      [
       9.7275,
       46.3330556
      ],
      [
       9.7177778,
       46.3230556
      ],
      [
       9.7255556,
       46.3202778
      ],
      [
       9.7161111,
       46.2941667
      ],
      [
       9.7,
       46.2902778
      ],
      [
       9.6763889,
       46.3027778
      ],
      [
       9.6375,
       46.2863889
      ],
      [
       9.6030556,
       46.2952778
      ],
      [
       9.5805556,
       46.295
      ],
      [
       9.5580556,
       46.3069444
      ],
      [
       9.5477778,
       46.3019444
      ],
      [
       9.5141667,
       46.3327778
      ],
      [
       9.4988889,
       46.3638889
      ],
      [
       9.4602778,
       46.3758333
      ],
      [
       9.4691667,
       46.3888889
      ],
      [
       9.4533333,
       46.4205556
      ],
      [
       9.4622222,
       46.4805556
      ],
      [
       9.4491667,
       46.48
      ],
      [
       9.4486111,
       46.4852778
      ],
      [
       9.4605556,
       46.4858333
      ],
      [
       9.4616667,
       46.5088889
      ],
      [
       9.4327778,
       46.4963889
      ],
      [
       9.4094444,
       46.4669444
      ],
      [
       9.3897222,
       46.4747222
      ],
      [
       9.3675,
       46.4944444
      ],
      [
       9.3727778,
       46.5022222
      ],
      [
       9.3622222,
       46.5094444
      ],
      [
       9.2825,
       46.4969444
      ],
      [
       9.2741667,
       46.4547222
      ],
      [
       9.2480556,
       46.4475
      ],
      [
       9.2544444,
       46.4252778
      ],
      [
       9.2758333,
       46.4194444
      ],
      [
       9.2841667,
       46.3866667
      ],
      [
       9.2786111,
       46.3658333
      ],
      [
       9.2838889,
       46.3572222
      ],
      [
       9.2975,
       46.3561111
      ],
      [
       9.3,
       46.3419444
      ],
      [
       9.2922222,
       46.3369444
      ],
      [
       9.2997222,
       46.3266667
      ],
      [
       9.2938889,
       46.3166667
      ],
      [
       9.2819444,
       46.3125
      ],
      [
       9.2847222,
       46.2972222
      ],
      [
       9.2591667,
       46.2783333
      ],
      [
       9.2488889,
       46.2463889
      ],
      [
       9.2486111,
       46.2325
      ],
      [
       9.2208333,
       46.2288889
      ],
      [
       9.2230556,
       46.2241667
      ],
      [
       9.2152778,
       46.2108333
      ],
      [
       9.2019444,
       46.2083333
      ],
      [
       9.1944444,
       46.1813889
      ],
      [
       9.1158333,
       46.1705556
      ],
      [
       9.0661111,
       46.1630556
      ],
      [
       9.0380556,
       46.1591667
      ],
      [
       8.9680556,
       46.1491667
      ],
      [
       8.68,
       46.1069444
      ],
      [
       8.68,
       46.1105556
      ],
      [
       8.6702778,
       46.1091667
      ],
      [
       8.6583333,
       46.1127778
      ],
      [
       8.6472222,
       46.1236111
      ],
      [
       8.6383333,
       46.1227778
      ],
      [
       8.6122222,
       46.1211111
      ],
      [
       8.5966667,
       46.1411111
      ],
      [
       8.5925,
       46.1455556
      ],
      [
       8.6019444,
       46.1547222
      ],
      [
       8.575,
       46.1622222
      ],
      [
       8.5675,
       46.1794444
      ],
      [
       8.5405556,
       46.1972222
      ],
      [
       8.5311111,
       46.2172222
      ],
      [
       8.5030556,
       46.2252778
      ],
      [
       8.4397222,
       46.25
      ],
      [
       8.4547222,
       46.2658333
      ],
      [
       8.4261111,
       46.2994444
      ],
      [
       8.4641667,
       46.3330556
      ],
      [
       8.4638889,
       46.4522222
      ],
      [
       8.4383333,
       46.4641667
      ],
      [
       8.3675,
       46.4508333
      ],
      [
       8.3008333,
       46.4147222
      ],
      [
       8.3102778,
       46.3780556
      ],
      [
       8.2836111,
       46.3638889
      ],
      [
       8.2633333,
       46.3655556
      ],
      [
       8.2625,
       46.3469444
      ],
      [
       8.2233333,
       46.3308333
      ],
      [
       7.9913889,
       46.5141667
      ],
      [
       7.8025,
       46.5097222
      ],
      [
       7.5041667,
       46.7708333
      ]
     ]
    ]
   }
  },
  {
   "type": "Feature",
   "properties": {
    "ll": {
     "value": 130,
     "unit": 6,
     "referenceDatum": 2
    },
    "ul": {
     "value": 150,
     "unit": 6,
     "referenceDatum": 2
    },
    "_id": "62e10d72d0d055fccf50f94b",
    "name": "CTA ZURICH ALPS MIL ON",
    "type": 0,
    "icao": 2,
    "bnd": [
     [
      46.1069444,
      7.5041667
     ],
     [
      47.3961111,
      10.4913889
     ]
    ]
   },
   "geometry": {
    "type": "Polygon",
    "coordinates": [
     [
      [
       7.5041667,
       46.7708333
      ],
      [
       7.5961111,
       46.8211111
      ],
      [
       7.8608333,
       46.9647222
      ],
      [
       8.0027778,
       47.0413889
      ],
      [
       8.0244444,
       47.0486111
      ],
      [
       8.1280556,
       47.0827778
      ],
      [
       8.2386111,
       47.1191667
      ],
      [
       8.3705556,
       47.1383333
      ],
      [
       8.4922222,
       47.1447222
      ],
      [
       8.8947222,
       47.1952778
      ],
      [
       8.9238889,
       47.2177778
      ],
      [
       8.9725,
       47.2552778
      ],
      [
       9.0311111,
       47.2697222
      ],
      [
       9.0455556,
       47.2733333
      ],
      [
       9.0811111,
       47.3469444
      ],
      [
       9.1788889,
       47.3711111
      ],
      [
       9.2811111,
       47.3961111
      ],
      [
       9.6652778,
       47.3933333
      ],
      [
       9.6741667,
       47.3866667
      ],
      [
       9.6613889,
       47.3702778
      ],
      [
       9.6244444,
       47.3658333
      ],
      [
       9.6058333,
       47.3519444
      ],
      [
       9.5830556,
       47.3108333
      ],
      [
       9.5566667,
       47.2961111
      ],
      [
       9.5469444,
       47.2766667
      ],
      [
       9.5308333,
       47.2702778
      ],
      [
       9.5666667,
       47.2427778
      ],
      [
       9.5530556,
       47.2258333
      ],
      [
       9.5861111,
       47.2055556
      ],
      [
       9.5652778,
       47.1711111
      ],
      [
       9.58,
       47.1711111
      ],
      [
       9.6108333,
       47.1469444
      ],
      [
       9.6222222,
       47.1519444
      ],
      [
       9.6247222,
       47.1325
      ],
      [
       9.6347222,
       47.1283333
      ],
      [
       9.6205556,
       47.1097222
      ],
      [
       9.6344444,
       47.1022222
      ],
      [
       9.6330556,
       47.0836111
      ],
      [
       9.6116667,
       47.0788889
      ],
      [
       9.6069444,
       47.0608333
      ],
      [
       9.6344444,
       47.0519444
      ],
      [
       9.6441667,
       47.0605556
      ],
      [
       9.6822222,
       47.0622222
      ],
      [
       9.7072222,
       47.0488889
      ],
      [
       9.7480556,
       47.0377778
      ],
      [
       9.7819444,
       47.0391667
      ],
      [
       9.8355556,
       47.0127778
      ],
      [
       9.86,
       47.0227778
      ],
      [
       9.8802778,
       47.0202778
      ],
      [
       9.8708333,
       47.0083333
      ],
      [
       9.8897222,
       47.0013889
      ],
      [
       9.8919444,
       46.9894444
      ],
      [
       9.8708333,
       46.9622222
      ],
      [
       9.8794444,
       46.9577778
      ],
      [
       9.8775,
       46.9369444
      ],
      [
       9.9447222,
       46.9130556
      ],
      [
       9.9808333,
       46.9152778
      ],
      [
       9.9847222,
       46.9044444
      ],
      [
       10.0216667,
       46.9
      ],
      [
       10.0530556,
       46.8758333
      ],
      [
       10.0527778,
       46.8627778
      ],
      [
       10.0886111,
       46.8619444
      ],
      [
       10.1041667,
       46.8411111
      ],
      [
       10.1161111,
       46.8438889
      ],
      [
       10.2305556,
       46.8677778
      ],
      [
       10.2413889,
       46.9313889
      ],
      [
       10.3141667,
       46.9219444
      ],
      [
       10.3088889,
       46.9516667
      ],
      [
       10.3283333,
       46.9552778
      ],
      [
       10.3466667,
       46.9916667
      ],
      [
       10.3719444,
       46.9916667
      ],
      [
       10.3886111,
       47.0016667
      ],
      [
       10.4283333,
       46.9747222
      ],
      [
       10.4227778,
       46.9611111
      ],
      [
       10.4913889,
       46.9388889
      ],
      [
       10.4683333,
       46.8847222
      ],
      [
       10.47,
       46.8541667
      ],
      [
       10.4575,
       46.8158333
      ],
      [
       10.4405556,
       46.7983333
      ],
      [
       10.4241667,
       46.7894444
      ],
      [
       10.4422222,
       46.7755556
      ],
      [
       10.4425,
       46.7525
      ],
      [
       10.4272222,
       46.7483333
      ],
      [
       10.4002778,
       46.7327778
      ],
      [
       10.4211111,
       46.7169444
      ],
      [
       10.3844444,
       46.6858333
      ],
      [
       10.4022222,
       46.6366667
      ],
      [
       10.4472222,
       46.6422222
      ],
      [
       10.4908333,
       46.6152778
      ],
      [
       10.4758333,
       46.5541667
      ],
      [
       10.4725,
       46.5441667
      ],
      [
       10.4522222,
       46.5308333
      ],
      [
       10.4447222,
       46.5344444
      ],
      [
       10.4161111,
       46.5519444
      ],
      [
       10.3977778,
       46.5438889
      ],
      [
       10.3666667,
       46.5555556
      ],
      [
       10.3516667,
       46.5563889
      ],
      [
       10.35,
       46.5497222
      ],
      [
       10.3405556,
       46.5436111
      ],
      [
       10.3263889,
       46.5511111
      ],
      [
       10.2983333,
       46.5480556
      ],
      [
       10.2902778,
       46.5641667
      ],
      [
       10.2691667,
       46.5783333
      ],
      [
       10.2488889,
       46.5705556
      ],
      [
       10.24,
       46.5919444
      ],
      [
       10.2588889,
       46.61
      ],
      [
       10.2336111,
       46.6352778
      ],
      [
       10.215,
       46.6172222
      ],
      [
       10.1916667,
       46.6261111
      ],
      [
       10.1263889,
       46.6055556
      ],
      [
       10.1022222,
       46.6105556
      ],
      [
       10.0961111,
       46.5777778
      ],
      [
       10.0786111,
       46.5744444
      ],
      [
       10.0794444,
       46.5713889
      ],
      [
       10.085,
       46.5675
      ],
      [
       10.0777778,
       46.5602778
      ],
      [
       10.0708333,
       46.5569444
      ],
      [
       10.0691667,
       46.5522222
      ],
      [
       10.0627778,
       46.5480556
      ],
      [
       10.0608333,
       46.5455556
      ],
      [
       10.0513889,
       46.545
      ],
      [
       10.0469444,
       46.5438889
      ],
      [
       10.0436111,
       46.5408333
      ],
      [
       10.0461111,
       46.5344444
      ],
      [
       10.0558333,
       46.5194444
      ],
      [
       10.0422222,
       46.5102778
      ],
      [
       10.0530556,
       46.4613889
      ],
      [
       10.0394444,
       46.4452778
      ],
      [
       10.0563889,
       46.4408333
      ],
      [
       10.0644444,
       46.4272222
      ],
      [
       10.0977778,
       46.4211111
      ],
      [
       10.1075,
       46.4286111
      ],
      [
       10.1427778,
       46.4283333
      ],
      [
       10.1569444,
       46.4133333
      ],
      [
       10.1658333,
       46.4072222
      ],
      [
       10.1630556,
       46.3861111
      ],
      [
       10.1352778,
       46.3844444
      ],
      [
       10.125,
       46.3605556
      ],
      [
       10.1094444,
       46.3525
      ],
      [
       10.1044444,
       46.3330556
      ],
      [
       10.1802778,
       46.2580556
      ],
      [
       10.1327778,
       46.2244444
      ],
      [
       10.0855556,
       46.2269444
      ],
      [
       10.0713889,
       46.2169444
      ],
      [
       10.0441667,
       46.2311111
      ],
      [
       10.0608333,
       46.2627778
      ],
      [
       10.0119444,
       46.2786111
      ],
      [
       9.9933333,
       46.2863889
      ],
      [
       9.9991667,
       46.3133333
      ],
      [
       9.98,
       46.3238889
      ],
      [
       9.9966667,
       46.3513889
      ],
      [
       9.985,
       46.3513889
      ],
      [
       9.9563889,
       46.3733333
      ],
      [
       9.9583333,
       46.3797222
      ],
      [
       9.9319444,
       46.3744444
      ],
      [
       9.9286111,
       46.3652778
      ],
      [
       9.9155556,
       46.3713889
      ],
      [
       9.9077778,
       46.3811111
      ],
      [
       9.8680556,
       46.3638889
      ],
      [
       9.8341667,
       46.3616667
      ],
      [
       9.8194444,
       46.3502778
      ],
      [
       9.7847222,
       46.3408333
      ],
      [
       9.7741667,
       46.3341667
      ],
      [
       9.7422222,
       46.3522222
      ],
      [
       9.7233333,
       46.3416667
      ],
      [
       9.7275,
       46.3330556
      ],
      [
       9.7177778,
       46.3230556
      ],
      [
       9.7255556,
       46.3202778
      ],
      [
       9.7161111,
       46.2941667
      ],
      [
       9.7,
       46.2902778
      ],
      [
       9.6763889,
       46.3027778
      ],
      [
       9.6375,
       46.2863889
      ],
      [
       9.6030556,
       46.2952778
      ],
      [
       9.5805556,
       46.295
      ],
      [
       9.5580556,
       46.3069444
      ],
      [
       9.5477778,
       46.3019444
      ],
      [
       9.5141667,
       46.3327778
      ],
      [
       9.4988889,
       46.3638889
      ],
      [
       9.4602778,
       46.3758333
      ],
      [
       9.4691667,
       46.3888889
      ],
      [
       9.4533333,
       46.4205556
      ],
      [
       9.4622222,
       46.4805556
      ],
      [
       9.4491667,
       46.48
      ],
      [
       9.4486111,
       46.4852778
      ],
      [
       9.4605556,
       46.4858333
      ],
      [
       9.4616667,
       46.5088889
      ],
      [
       9.4327778,
       46.4963889
      ],
      [
       9.4094444,
       46.4669444
      ],
      [
       9.3897222,
       46.4747222
      ],
      [
       9.3675,
       46.4944444
      ],
      [
       9.3727778,
       46.5022222
      ],
      [
       9.3622222,
       46.5094444
      ],
      [
       9.2825,
       46.4969444
      ],
      [
       9.2741667,
       46.4547222
      ],
      [
       9.2480556,
       46.4475
      ],
      [
       9.2544444,
       46.4252778
      ],
      [
       9.2758333,
       46.4194444
      ],
      [
       9.2841667,
       46.3866667
      ],
      [
       9.2786111,
       46.3658333
      ],
      [
       9.2838889,
       46.3572222
      ],
      [
       9.2975,
       46.3561111
      ],
      [
       9.3,
       46.3419444
      ],
      [
       9.2922222,
       46.3369444
      ],
      [
       9.2997222,
       46.3266667
      ],
      [
       9.2938889,
       46.3166667
      ],
      [
       9.2819444,
       46.3125
      ],
      [
       9.2847222,
       46.2972222
      ],
      [
       9.2591667,
       46.2783333
      ],
      [
       9.2488889,
       46.2463889
      ],
      [
       9.2486111,
       46.2325
      ],
      [
       9.2208333,
       46.2288889
      ],
      [
       9.2230556,
       46.2241667
      ],
      [
       9.2152778,
       46.2108333
      ],
      [
       9.2019444,
       46.2083333
      ],
      [
       9.1944444,
       46.1813889
      ],
      [
       9.1158333,
       46.1705556
      ],
      [
       9.0661111,
       46.1630556
      ],
      [
       9.0380556,
       46.1591667
      ],
      [
       8.9680556,
       46.1491667
      ],
      [
       8.68,
       46.1069444
      ],
      [
       8.68,
       46.1105556
      ],
      [
       8.6702778,
       46.1091667
      ],
      [
       8.6583333,
       46.1127778
      ],
      [
       8.6472222,
       46.1236111
      ],
      [
       8.6383333,
       46.1227778
      ],
      [
       8.6122222,
       46.1211111
      ],
      [
       8.5966667,
       46.1411111
      ],
      [
       8.5925,
       46.1455556
      ],
      [
       8.6019444,
       46.1547222
      ],
      [
       8.575,
       46.1622222
      ],
      [
       8.5675,
       46.1794444
      ],
      [
       8.5405556,
       46.1972222
      ],
      [
       8.5311111,
       46.2172222
      ],
      [
       8.5030556,
       46.2252778
      ],
      [
       8.4397222,
       46.25
      ],
      [
       8.4547222,
       46.2658333
      ],
      [
       8.4261111,
       46.2994444
      ],
      [
       8.4641667,
       46.3330556
      ],
      [
       8.4638889,
       46.4522222
      ],
      [
       8.4383333,
       46.4641667
      ],
      [
       8.3675,
       46.4508333
      ],
      [
       8.3008333,
       46.4147222
      ],
      [
       8.3102778,
       46.3780556
      ],
      [
       8.2836111,
       46.3638889
      ],
      [
       8.2633333,
       46.3655556
      ],
      [
       8.2625,
       46.3469444
      ],
      [
       8.2233333,
       46.3308333
      ],
      [
       7.9913889,
       46.5141667
      ],
      [
       7.8025,
       46.5097222
      ],
      [
       7.5041667,
       46.7708333
      ]
     ]
    ]
   }
  },
  {
   "type": "Feature",
   "properties": {
    "ll": {
     "value": 100,
     "unit": 6,
     "referenceDatum": 2
    },
    "ul": {
     "value": 600,
     "unit": 6,
     "referenceDatum": 2
    },
    "_id": "62e10d71d0d055fccf50f92e",
    "name": "CTA ZURICH MITTELLAND/JURA",
    "type": 0,
    "icao": 2,
    "bnd": [
     [
      46.7708333,
      6.8794444
     ],
     [
      47.8833333,
      9.6652778
     ]
    ]
   },
   "geometry": {
    "type": "Polygon",
    "coordinates": [
     [
      [
       7.5041667,
       46.7708333
      ],
      [
       6.9552778,
       47.2427778
      ],
      [
       6.9461111,
       47.2533333
      ],
      [
       6.9519444,
       47.2691667
      ],
      [
       6.9405556,
       47.2858333
      ],
      [
       6.9480556,
       47.2919444
      ],
      [
       6.9647222,
       47.2922222
      ],
      [
       7.0083333,
       47.3011111
      ],
      [
       7.01,
       47.3241667
      ],
      [
       7.0341667,
       47.3280556
      ],
      [
       7.0455556,
       47.3263889
      ],
      [
       7.0566667,
       47.3341667
      ],
      [
       7.0530556,
       47.3352778
      ],
      [
       7.0544444,
       47.3380556
      ],
      [
       7.0597222,
       47.3397222
      ],
      [
       7.0622222,
       47.3438889
      ],
      [
       7.0552778,
       47.3472222
      ],
      [
       7.05,
       47.3477778
      ],
      [
       7.0527778,
       47.3513889
      ],
      [
       7.0491667,
       47.3619444
      ],
      [
       7.0430556,
       47.3641667
      ],
      [
       7.0347222,
       47.3630556
      ],
      [
       7.0338889,
       47.3694444
      ],
      [
       7.0119444,
       47.3727778
      ],
      [
       6.9952778,
       47.3630556
      ],
      [
       6.8794444,
       47.3530556
      ],
      [
       6.8836111,
       47.3727778
      ],
      [
       6.9138889,
       47.3894444
      ],
      [
       6.9094444,
       47.3961111
      ],
      [
       6.9172222,
       47.4055556
      ],
      [
       6.9386111,
       47.4058333
      ],
      [
       6.9416667,
       47.4155556
      ],
      [
       6.9405556,
       47.4330556
      ],
      [
       6.9575,
       47.4338889
      ],
      [
       6.9638889,
       47.4358333
      ],
      [
       6.9702778,
       47.4469444
      ],
      [
       6.9969444,
       47.4505556
      ],
      [
       7.0616667,
       47.4438889
      ],
      [
       7.0966667,
       47.4402778
      ],
      [
       7.2544444,
       47.4244444
      ],
      [
       7.3744444,
       47.4122222
      ],
      [
       7.3797222,
       47.4116667
      ],
      [
       7.5422222,
       47.3952778
      ],
      [
       7.6583333,
       47.3833333
      ],
      [
       7.7780556,
       47.4311111
      ],
      [
       7.7608333,
       47.5491667
      ],
      [
       7.7591667,
       47.5605556
      ],
      [
       7.7552778,
       47.5866667
      ],
      [
       8.1813889,
       47.7041667
      ],
      [
       8.4186111,
       47.7677778
      ],
      [
       8.775,
       47.8625
      ],
      [
       8.85,
       47.8833333
      ],
      [
       8.87,
       47.7819444
      ],
      [
       9.2322222,
       47.7916667
      ],
      [
       9.2322222,
       47.6566667
      ],
      [
       9.2658333,
       47.6591667
      ],
      [
       9.3208333,
       47.6363889
      ],
      [
       9.4536111,
       47.5866667
      ],
      [
       9.5244444,
       47.5522222
      ],
      [
       9.5544444,
       47.5419444
      ],
      [
       9.5636111,
       47.5391667
      ],
      [
       9.5536111,
       47.5241667
      ],
      [
       9.5619444,
       47.5047222
      ],
      [
       9.5613889,
       47.5
      ],
      [
       9.5619444,
       47.4972222
      ],
      [
       9.5633333,
       47.4944444
      ],
      [
       9.5661111,
       47.4925
      ],
      [
       9.5763889,
       47.4869444
      ],
      [
       9.5813889,
       47.4836111
      ],
      [
       9.5830556,
       47.4822222
      ],
      [
       9.5927778,
       47.4661111
      ],
      [
       9.5941667,
       47.4644444
      ],
      [
       9.595,
       47.4633333
      ],
      [
       9.5972222,
       47.4622222
      ],
      [
       9.6008333,
       47.4619444
      ],
      [
       9.6030556,
       47.4625
      ],
      [
       9.6047222,
       47.4641667
      ],
      [
       9.6066667,
       47.4697222
      ],
      [
       9.6077778,
       47.4708333
      ],
      [
       9.61,
       47.4705556
      ],
      [
       9.6119444,
       47.4691667
      ],
      [
       9.6169444,
       47.4622222
      ],
      [
       9.6216667,
       47.4580556
      ],
      [
       9.6266667,
       47.4572222
      ],
      [
       9.6430556,
       47.4563889
      ],
      [
       9.6572222,
       47.4538889
      ],
      [
       9.6588889,
       47.4527778
      ],
      [
       9.6594444,
       47.4505556
      ],
      [
       9.6580556,
       47.4477778
      ],
      [
       9.6466667,
       47.4405556
      ],
      [
       9.6441667,
       47.4372222
      ],
      [
       9.6444444,
       47.4330556
      ],
      [
       9.6502778,
       47.4219444
      ],
      [
       9.6519444,
       47.4083333
      ],
      [
       9.6652778,
       47.3933333
      ],
      [
       9.2811111,
       47.3961111
      ],
      [
       9.1788889,
       47.3711111
      ],
      [
       9.0811111,
       47.3469444
      ],
      [
       9.0455556,
       47.2733333
      ],
      [
       9.0311111,
       47.2697222
      ],
      [
       8.9725,
       47.2552778
      ],
      [
       8.9238889,
       47.2177778
      ],
      [
       8.8947222,
       47.1952778
      ],
      [
       8.4922222,
       47.1447222
      ],
      [
       8.3705556,
       47.1383333
      ],
      [
       8.2386111,
       47.1191667
      ],
      [
       8.1280556,
       47.0827778
      ],
      [
       8.0244444,
       47.0486111
      ],
      [
       8.0027778,
       47.0413889
      ],
      [
       7.8608333,
       46.9647222
      ],
      [
       7.5961111,
       46.8211111
      ],
      [
       7.5041667,
       46.7708333
      ]
     ]
    ]
   }
  },
  {
   "type": "Feature",
   "properties": {
    "ll": {
     "value": 0,
     "unit": 1,
     "referenceDatum": 0
    },
    "ul": {
     "value": 130,
     "unit": 6,
     "referenceDatum": 2
    },
    "_id": "62e10d5fd0d055fccf50f2f4",
    "name": "CTR ALPNACH HX",
    "type": 4,
    "icao": 3,
    "bnd": [
     [
      46.8836111,
      8.2236111
     ],
     [
      47.0102778,
      8.3408333
     ]
    ]
   },
   "geometry": {
    "type": "Polygon",
    "coordinates": [
     [
      [
       8.2730556,
       46.8836111
      ],
      [
       8.2669444,
       46.8847222
      ],
      [
       8.2416667,
       46.89
      ],
      [
       8.2236111,
       46.9233333
      ],
      [
       8.2519444,
       46.9708333
      ],
      [
       8.3044444,
       47.0069444
      ],
      [
       8.3091667,
       47.0102778
      ],
      [
       8.3272222,
       46.9647222
      ],
      [
       8.3408333,
       46.9297222
      ],
      [
       8.2730556,
       46.8836111
      ]
     ]
    ]
   }
  },
  {
   "type": "Feature",
   "properties": {
    "ll": {
     "value": 0,
     "unit": 1,
     "referenceDatum": 0
    },
    "ul": {
     "value": 1500,
     "unit": 0,
     "referenceDatum": 1
    },
    "_id": "62e10d61d0d055fccf50f3a6",
    "name": "CTR BERN HX",
    "type": 4,
    "icao": 3,
    "bnd": [
     [
      46.8355828,
      7.2763889
     ],
     [
      47.0738889,
      7.6145922
     ]
    ]
   },
   "geometry": {
    "type": "Polygon",
    "coordinates": [
     [
      [
       7.4675,
       47.0738889
      ],
      [
       7.5875,
       46.9716667
      ],
      [
       7.5898677,
       46.9695966
      ],
      [
       7.5921388,
       46.9674768
      ],
      [
       7.5943111,
       46.9653093
      ],
      [
       7.5963823,
       46.9630963
      ],
      [
       7.5983504,
       46.9608399
      ],
      [
       7.6002136,
       46.9585424
      ],
      [
       7.60197,
       46.9562061
      ],
      [
       7.6036179,
       46.9538333
      ],
      [
       7.6051556,
       46.9514263
      ],
      [
       7.6065816,
       46.9489874
      ],
      [
       7.6078946,
       46.9465192
      ],
      [
       7.6090933,
       46.9440241
      ],
      [
       7.6101765,
       46.9415044
      ],
      [
       7.6111431,
       46.9389628
      ],
      [
       7.6119922,
       46.9364016
      ],
      [
       7.612723,
       46.9338236
      ],
      [
       7.6133348,
       46.9312311
      ],
      [
       7.613827,
       46.9286268
      ],
      [
       7.6141992,
       46.9260132
      ],
      [
       7.6144509,
       46.9233929
      ],
      [
       7.6145819,
       46.9207685
      ],
      [
       7.6145922,
       46.9181425
      ],
      [
       7.6144817,
       46.9155177
      ],
      [
       7.6142506,
       46.9128965
      ],
      [
       7.6138992,
       46.9102816
      ],
      [
       7.6134277,
       46.9076755
      ],
      [
       7.6128366,
       46.9050808
      ],
      [
       7.6121266,
       46.9025001
      ],
      [
       7.6112984,
       46.8999358
      ],
      [
       7.6103528,
       46.8973906
      ],
      [
       7.6092908,
       46.894867
      ],
      [
       7.6081134,
       46.8923673
      ],
      [
       7.6068218,
       46.8898942
      ],
      [
       7.6054173,
       46.88745
      ],
      [
       7.6039013,
       46.8850371
      ],
      [
       7.6022753,
       46.882658
      ],
      [
       7.6005409,
       46.8803149
      ],
      [
       7.5986998,
       46.8780101
      ],
      [
       7.5967539,
       46.875746
      ],
      [
       7.594705,
       46.8735248
      ],
      [
       7.5925553,
       46.8713486
      ],
      [
       7.5903069,
       46.8692196
      ],
      [
       7.5879619,
       46.8671399
      ],
      [
       7.5855227,
       46.8651115
      ],
      [
       7.5829917,
       46.8631365
      ],
      [
       7.5803714,
       46.8612167
      ],
      [
       7.5776644,
       46.8593541
      ],
      [
       7.5748734,
       46.8575504
      ],
      [
       7.5720011,
       46.8558076
      ],
      [
       7.5690503,
       46.8541272
      ],
      [
       7.566024,
       46.852511
      ],
      [
       7.5629251,
       46.8509605
      ],
      [
       7.5597567,
       46.8494772
      ],
      [
       7.5565219,
       46.8480626
      ],
      [
       7.5532239,
       46.8467182
      ],
      [
       7.549866,
       46.8454451
      ],
      [
       7.5464514,
       46.8442447
      ],
      [
       7.5429835,
       46.8431182
      ],
      [
       7.5394657,
       46.8420666
      ],
      [
       7.5359015,
       46.841091
      ],
      [
       7.5322944,
       46.8401924
      ],
      [
       7.5286479,
       46.8393716
      ],
      [
       7.5249656,
       46.8386294
      ],
      [
       7.5212512,
       46.8379666
      ],
      [
       7.5175082,
       46.8373838
      ],
      [
       7.5137404,
       46.8368816
      ],
      [
       7.5099514,
       46.8364605
      ],
      [
       7.5061451,
       46.8361208
      ],
      [
       7.5023251,
       46.8358631
      ],
      [
       7.4984951,
       46.8356873
      ],
      [
       7.494659,
       46.8355939
      ],
      [
       7.4908205,
       46.8355828
      ],
      [
       7.4869833,
       46.835654
      ],
      [
       7.4831513,
       46.8358076
      ],
      [
       7.4793283,
       46.8360433
      ],
      [
       7.4755178,
       46.8363608
      ],
      [
       7.4717238,
       46.83676
      ],
      [
       7.46795,
       46.8372404
      ],
      [
       7.4641999,
       46.8378015
      ],
      [
       7.4604774,
       46.8384428
      ],
      [
       7.4567861,
       46.8391637
      ],
      [
       7.4531296,
       46.8399633
      ],
      [
       7.4495116,
       46.8408411
      ],
      [
       7.4459354,
       46.841796
      ],
      [
       7.4424048,
       46.8428272
      ],
      [
       7.4389231,
       46.8439336
      ],
      [
       7.4354938,
       46.8451142
      ],
      [
       7.4321203,
       46.8463678
      ],
      [
       7.4288058,
       46.8476931
      ],
      [
       7.4255536,
       46.8490889
      ],
      [
       7.422367,
       46.8505538
      ],
      [
       7.4192491,
       46.8520863
      ],
      [
       7.4162029,
       46.853685
      ],
      [
       7.4132315,
       46.8553482
      ],
      [
       7.4103377,
       46.8570744
      ],
      [
       7.4075245,
       46.8588618
      ],
      [
       7.4047946,
       46.8607087
      ],
      [
       7.4021506,
       46.8626133
      ],
      [
       7.3995953,
       46.8645736
      ],
      [
       7.3971311,
       46.8665878
      ],
      [
       7.3972222,
       46.8666667
      ],
      [
       7.3972222,
       46.8666667
      ],
      [
       7.3555556,
       46.9022222
      ],
      [
       7.2763889,
       46.9694444
      ],
      [
       7.4675,
       47.0738889
      ]
     ]
    ]
   }
  },
  {
   "type": "Feature",
   "properties": {
    "ll": {
     "value": 0,
     "unit": 1,
     "referenceDatum": 0
    },
    "ul": {
     "value": 130,
     "unit": 6,
     "referenceDatum": 2
    },
    "_id": "62e10d60d0d055fccf50f310",
    "name": "CTR BUOCHS HX",
    "type": 4,
    "icao": 3,
    "bnd": [
     [
      46.9297222,
      8.3091667
     ],
     [
      47.05,
      8.5116667
     ]
    ]
   },
   "geometry": {
    "type": "Polygon",
    "coordinates": [
     [
      [
       8.4722222,
       47.05
      ],
      [
       8.5061111,
       46.9822222
      ],
      [
       8.5116667,
       46.9627778
      ],
      [
       8.3408333,
       46.9297222
      ],
      [
       8.3091667,
       47.0102778
      ],
      [
       8.3383333,
       47.0305556
      ],
      [
       8.425,
       47.0430556
      ],
      [
       8.4722222,
       47.05
      ]
     ]
    ]
   }
  },
  {
   "type": "Feature",
   "properties": {
    "ll": {
     "value": 0,
     "unit": 1,
     "referenceDatum": 0
    },
    "ul": {
     "value": 95,
     "unit": 6,
     "referenceDatum": 2
    },
    "_id": "62e10d6ad0d055fccf50f670",
    "name": "CTR DUEBENDORF HX",
    "type": 4,
    "icao": 3,
    "bnd": [
     [
      47.2727778,
      8.5408333
     ],
     [
      47.4741667,
      8.8591667
     ]
    ]
   },
   "geometry": {
    "type": "Polygon",
    "coordinates": [
     [
      [
       8.8591667,
       47.4397222
      ],
      [
       8.8402778,
       47.4002778
      ],
      [
       8.8152778,
       47.3475
      ],
      [
       8.8022222,
       47.3202778
      ],
      [
       8.7797222,
       47.2727778
      ],
      [
       8.7413889,
       47.2763889
      ],
      [
       8.6058333,
       47.2872222
      ],
      [
       8.5430556,
       47.3669444
      ],
      [
       8.5408333,
       47.3969444
      ],
      [
       8.6994444,
       47.4741667
      ],
      [
       8.8591667,
       47.4397222
      ]
     ]
    ]
   }
  },
  {
   "type": "Feature",
   "properties": {
    "ll": {
     "value": 0,
     "unit": 1,
     "referenceDatum": 0
    },
    "ul": {
     "value": 130,
     "unit": 6,
     "referenceDatum": 2
    },
    "_id": "62e10d6ad0d055fccf50f68e",
    "name": "CTR EMMEN 1 HX",
    "type": 4,
    "icao": 3,
    "bnd": [
     [
      47.0113889,
      8.1772222
     ],
     [
      47.1919444,
      8.4144444
     ]
    ]
   },
   "geometry": {
    "type": "Polygon",
    "coordinates": [
     [
      [
       8.3583333,
       47.1919444
      ],
      [
       8.4144444,
       47.1619444
      ],
      [
       8.4075,
       47.1444444
      ],
      [
       8.405,
       47.1386111
      ],
      [
       8.2772222,
       47.025
      ],
      [
       8.2644444,
       47.0138889
      ],
      [
       8.2597222,
       47.0133333
      ],
      [
       8.2372222,
       47.0113889
      ],
      [
       8.1933333,
       47.0341667
      ],
      [
       8.1858333,
       47.0380556
      ],
      [
       8.1772222,
       47.1136111
      ],
      [
       8.2622222,
       47.1838889
      ],
      [
       8.3583333,
       47.1919444
      ]
     ]
    ]
   }
  },
  {
   "type": "Feature",
   "properties": {
    "ll": {
     "value": 0,
     "unit": 1,
     "referenceDatum": 0
    },
    "ul": {
     "value": 1350,
     "unit": 0,
     "referenceDatum": 1
    },
    "_id": "62e10d6ad0d055fccf50f699",
    "name": "CTR EMMEN 2 HX",
    "type": 4,
    "icao": 3,
    "bnd": [
     [
      47.0069444,
      8.2772222
     ],
     [
      47.1444444,
      8.4911111
     ]
    ]
   },
   "geometry": {
    "type": "Polygon",
    "coordinates": [
     [
      [
       8.2772222,
       47.025
      ],
      [
       8.405,
       47.1386111
      ],
      [
       8.4075,
       47.1444444
      ],
      [
       8.4911111,
       47.1013889
      ],
      [
       8.425,
       47.0430556
      ],
      [
       8.3383333,
       47.0305556
      ],
      [
       8.3091667,
       47.0102778
      ],
      [
       8.3044444,
       47.0069444
      ],
      [
       8.2772222,
       47.025
      ]
     ]
    ]
   }
  },
  {
   "type": "Feature",
   "properties": {
    "ll": {
     "value": 0,
     "unit": 1,
     "referenceDatum": 0
    },
    "ul": {
     "value": 1200,
     "unit": 0,
     "referenceDatum": 1
    },
    "_id": "62e10d62d0d055fccf50f3ce",
    "name": "CTR GENEVA",
    "type": 4,
    "icao": 3,
    "bnd": [
     [
      46.110808,
      5.9226508
     ],
     [
      46.3818036,
      6.3216251
     ]
    ]
   },
   "geometry": {
    "type": "Polygon",
    "coordinates": [
     [
      [
       6.1980556,
       46.3677778
      ],
      [
       6.1997365,
       46.3688563
      ],
      [
       6.2014658,
       46.3698978
      ],
      [
       6.2032417,
       46.3709013
      ],
      [
       6.2050625,
       46.3718658
      ],
      [
       6.2069263,
       46.3727904
      ],
      [
       6.2088314,
       46.373674
      ],
      [
       6.2107758,
       46.3745159
      ],
      [
       6.2127577,
       46.3753152
      ],
      [
       6.214775,
       46.3760711
      ],
      [
       6.2168258,
       46.3767829
      ],
      [
       6.2189081,
       46.3774499
      ],
      [
       6.2210197,
       46.3780714
      ],
      [
       6.2231586,
       46.3786467
      ],
      [
       6.2253228,
       46.3791754
      ],
      [
       6.2275099,
       46.3796569
      ],
      [
       6.229718,
       46.3800907
      ],
      [
       6.2319447,
       46.3804765
      ],
      [
       6.2341879,
       46.3808137
      ],
      [
       6.2364454,
       46.3811021
      ],
      [
       6.238715,
       46.3813414
      ],
      [
       6.2409943,
       46.3815314
      ],
      [
       6.2432812,
       46.3816718
      ],
      [
       6.2455733,
       46.3817626
      ],
      [
       6.2478685,
       46.3818036
      ],
      [
       6.2501644,
       46.3817948
      ],
      [
       6.2524587,
       46.3817362
      ],
      [
       6.2547492,
       46.3816279
      ],
      [
       6.2570337,
       46.3814699
      ],
      [
       6.2593098,
       46.3812625
      ],
      [
       6.2615754,
       46.3810059
      ],
      [
       6.2638281,
       46.3807002
      ],
      [
       6.2660658,
       46.3803458
      ],
      [
       6.2682862,
       46.379943
      ],
      [
       6.2704871,
       46.3794923
      ],
      [
       6.2726663,
       46.3789941
      ],
      [
       6.2748218,
       46.3784489
      ],
      [
       6.2769513,
       46.3778572
      ],
      [
       6.2790528,
       46.3772196
      ],
      [
       6.2811242,
       46.3765367
      ],
      [
       6.2831634,
       46.3758092
      ],
      [
       6.2851685,
       46.3750379
      ],
      [
       6.2871373,
       46.3742235
      ],
      [
       6.2890681,
       46.3733667
      ],
      [
       6.2909588,
       46.3724685
      ],
      [
       6.2928077,
       46.3715298
      ],
      [
       6.2946128,
       46.3705514
      ],
      [
       6.2963725,
       46.3695344
      ],
      [
       6.2980849,
       46.3684796
      ],
      [
       6.2997483,
       46.3673883
      ],
      [
       6.3013613,
       46.3662614
      ],
      [
       6.302922,
       46.3651002
      ],
      [
       6.3044291,
       46.3639056
      ],
      [
       6.305881,
       46.3626789
      ],
      [
       6.3072762,
       46.3614214
      ],
      [
       6.3086135,
       46.3601342
      ],
      [
       6.3098915,
       46.3588186
      ],
      [
       6.3111089,
       46.357476
      ],
      [
       6.3122645,
       46.3561076
      ],
      [
       6.3133572,
       46.3547149
      ],
      [
       6.314386,
       46.3532991
      ],
      [
       6.3153497,
       46.3518617
      ],
      [
       6.3162476,
       46.3504042
      ],
      [
       6.3170786,
       46.3489278
      ],
      [
       6.3178419,
       46.3474342
      ],
      [
       6.3185369,
       46.3459248
      ],
      [
       6.3191629,
       46.344401
      ],
      [
       6.3197191,
       46.3428644
      ],
      [
       6.3202051,
       46.3413166
      ],
      [
       6.3206205,
       46.3397589
      ],
      [
       6.3209647,
       46.338193
      ],
      [
       6.3212375,
       46.3366204
      ],
      [
       6.3214386,
       46.3350426
      ],
      [
       6.3215679,
       46.3334613
      ],
      [
       6.3216251,
       46.331878
      ],
      [
       6.3216102,
       46.3302942
      ],
      [
       6.3215234,
       46.3287115
      ],
      [
       6.3213646,
       46.3271314
      ],
      [
       6.321134,
       46.3255556
      ],
      [
       6.3208318,
       46.3239856
      ],
      [
       6.3204584,
       46.3224229
      ],
      [
       6.3200142,
       46.320869
      ],
      [
       6.3194995,
       46.3193256
      ],
      [
       6.3189149,
       46.3177941
      ],
      [
       6.3182609,
       46.316276
      ],
      [
       6.3175383,
       46.3147728
      ],
      [
       6.3167478,
       46.3132861
      ],
      [
       6.31589,
       46.3118172
      ],
      [
       6.3149659,
       46.3103677
      ],
      [
       6.3139765,
       46.3089389
      ],
      [
       6.3129226,
       46.3075323
      ],
      [
       6.3118053,
       46.3061493
      ],
      [
       6.3106257,
       46.3047911
      ],
      [
       6.309385,
       46.3034592
      ],
      [
       6.3080844,
       46.3021549
      ],
      [
       6.3067253,
       46.3008795
      ],
      [
       6.3053089,
       46.2996341
      ],
      [
       6.3038366,
       46.29842
      ],
      [
       6.3023099,
       46.2972385
      ],
      [
       6.3007303,
       46.2960907
      ],
      [
       6.2991667,
       46.2952778
      ],
      [
       6.0458333,
       46.125
      ],
      [
       6.0441714,
       46.1239179
      ],
      [
       6.0424613,
       46.1228725
      ],
      [
       6.0407047,
       46.1218649
      ],
      [
       6.0389034,
       46.1208959
      ],
      [
       6.0370591,
       46.1199666
      ],
      [
       6.0351737,
       46.1190779
      ],
      [
       6.033249,
       46.1182307
      ],
      [
       6.0312869,
       46.1174257
      ],
      [
       6.0292894,
       46.1166638
      ],
      [
       6.0272583,
       46.1159458
      ],
      [
       6.0251958,
       46.1152723
      ],
      [
       6.0231039,
       46.114644
      ],
      [
       6.0209845,
       46.1140615
      ],
      [
       6.0188399,
       46.1135254
      ],
      [
       6.016672,
       46.1130362
      ],
      [
       6.0144831,
       46.1125945
      ],
      [
       6.0122753,
       46.1122006
      ],
      [
       6.0100508,
       46.1118549
      ],
      [
       6.0078117,
       46.1115578
      ],
      [
       6.0055603,
       46.1113095
      ],
      [
       6.0032988,
       46.1111104
      ],
      [
       6.0010293,
       46.1109605
      ],
      [
       5.9987543,
       46.1108601
      ],
      [
       5.9964757,
       46.1108092
      ],
      [
       5.9941961,
       46.110808
      ],
      [
       5.9919174,
       46.1108563
      ],
      [
       5.9896421,
       46.1109542
      ],
      [
       5.9873724,
       46.1111015
      ],
      [
       5.9851104,
       46.1112982
      ],
      [
       5.9828584,
       46.1115439
      ],
      [
       5.9806186,
       46.1118386
      ],
      [
       5.9783933,
       46.1121818
      ],
      [
       5.9761846,
       46.1125732
      ],
      [
       5.9739947,
       46.1130126
      ],
      [
       5.9718257,
       46.1134993
      ],
      [
       5.9696798,
       46.114033
      ],
      [
       5.9675591,
       46.1146131
      ],
      [
       5.9654657,
       46.1152391
      ],
      [
       5.9634017,
       46.1159103
      ],
      [
       5.961369,
       46.1166261
      ],
      [
       5.9593697,
       46.1173858
      ],
      [
       5.9574058,
       46.1181886
      ],
      [
       5.9554791,
       46.1190337
      ],
      [
       5.9535916,
       46.1199203
      ],
      [
       5.9517452,
       46.1208475
      ],
      [
       5.9499417,
       46.1218145
      ],
      [
       5.9481828,
       46.1228202
      ],
      [
       5.9464702,
       46.1238637
      ],
      [
       5.9448058,
       46.1249439
      ],
      [
       5.943191,
       46.1260599
      ],
      [
       5.9416276,
       46.1272104
      ],
      [
       5.940117,
       46.1283943
      ],
      [
       5.9386608,
       46.1296105
      ],
      [
       5.9372603,
       46.1308578
      ],
      [
       5.935917,
       46.132135
      ],
      [
       5.9346322,
       46.1334408
      ],
      [
       5.9334071,
       46.1347738
      ],
      [
       5.932243,
       46.1361329
      ],
      [
       5.931141,
       46.1375166
      ],
      [
       5.9301023,
       46.1389236
      ],
      [
       5.9291278,
       46.1403525
      ],
      [
       5.9282185,
       46.141802
      ],
      [
       5.9273753,
       46.1432704
      ],
      [
       5.926599,
       46.1447565
      ],
      [
       5.9258905,
       46.1462588
      ],
      [
       5.9252504,
       46.1477757
      ],
      [
       5.9246794,
       46.1493059
      ],
      [
       5.9241779,
       46.1508476
      ],
      [
       5.9237466,
       46.1523996
      ],
      [
       5.9233859,
       46.1539601
      ],
      [
       5.9230961,
       46.1555277
      ],
      [
       5.9228775,
       46.1571009
      ],
      [
       5.9227303,
       46.158678
      ],
      [
       5.9226547,
       46.1602576
      ],
      [
       5.9226508,
       46.161838
      ],
      [
       5.9227186,
       46.1634178
      ],
      [
       5.922858,
       46.1649952
      ],
      [
       5.9230688,
       46.1665689
      ],
      [
       5.923351,
       46.1681372
      ],
      [
       5.9237041,
       46.1696986
      ],
      [
       5.924128,
       46.1712515
      ],
      [
       5.924622,
       46.1727945
      ],
      [
       5.9251859,
       46.1743259
      ],
      [
       5.925819,
       46.1758444
      ],
      [
       5.9265206,
       46.1773482
      ],
      [
       5.9272902,
       46.1788361
      ],
      [
       5.928127,
       46.1803065
      ],
      [
       5.9290301,
       46.181758
      ],
      [
       5.9299986,
       46.1831891
      ],
      [
       5.9310317,
       46.1845985
      ],
      [
       5.9321282,
       46.1859846
      ],
      [
       5.9332871,
       46.1873462
      ],
      [
       5.9345073,
       46.188682
      ],
      [
       5.9357876,
       46.1899905
      ],
      [
       5.9371266,
       46.1912705
      ],
      [
       5.9385232,
       46.1925208
      ],
      [
       5.9399758,
       46.19374
      ],
      [
       5.9414832,
       46.1949271
      ],
      [
       5.9430437,
       46.1960808
      ],
      [
       5.9447222,
       46.1969444
      ],
      [
       6.1980556,
       46.3677778
      ]
     ]
    ]
   }
  },
  {
   "type": "Feature",
   "properties": {
    "ll": {
     "value": 0,
     "unit": 1,
     "referenceDatum": 0
    },
    "ul": {
     "value": 1350,
     "unit": 0,
     "referenceDatum": 1
    },
    "_id": "62e10d64d0d055fccf50f470",
    "name": "CTR GRENCHEN HX",
    "type": 4,
    "icao": 3,
    "bnd": [
     [
      47.1311111,
      7.3281011
     ],
     [
      47.2180556,
      7.5706393
     ]
    ]
   },
   "geometry": {
    "type": "Polygon",
    "coordinates": [
     [
      [
       7.5419444,
       47.2180556
      ],
      [
       7.5431338,
       47.2178116
      ],
      [
       7.5443112,
       47.2175423
      ],
      [
       7.5454756,
       47.2172481
      ],
      [
       7.5466258,
       47.2169291
      ],
      [
       7.5477606,
       47.2165857
      ],
      [
       7.548879,
       47.2162183
      ],
      [
       7.5499799,
       47.2158272
      ],
      [
       7.5510621,
       47.2154128
      ],
      [
       7.5521245,
       47.2149755
      ],
      [
       7.5531663,
       47.2145158
      ],
      [
       7.5541862,
       47.214034
      ],
      [
       7.5551833,
       47.2135307
      ],
      [
       7.5561566,
       47.2130064
      ],
      [
       7.5571052,
       47.2124615
      ],
      [
       7.5580281,
       47.2118967
      ],
      [
       7.5589245,
       47.2113124
      ],
      [
       7.5597933,
       47.2107093
      ],
      [
       7.5606338,
       47.210088
      ],
      [
       7.5614451,
       47.209449
      ],
      [
       7.5622265,
       47.208793
      ],
      [
       7.5629772,
       47.2081207
      ],
      [
       7.5636963,
       47.2074327
      ],
      [
       7.5643833,
       47.2067297
      ],
      [
       7.5650374,
       47.2060123
      ],
      [
       7.565658,
       47.2052813
      ],
      [
       7.5662445,
       47.2045375
      ],
      [
       7.5667963,
       47.2037815
      ],
      [
       7.5673128,
       47.2030141
      ],
      [
       7.5677936,
       47.2022361
      ],
      [
       7.5682382,
       47.2014481
      ],
      [
       7.5686461,
       47.2006511
      ],
      [
       7.569017,
       47.1998458
      ],
      [
       7.5693504,
       47.1990329
      ],
      [
       7.5696461,
       47.1982134
      ],
      [
       7.5699038,
       47.1973879
      ],
      [
       7.5701231,
       47.1965573
      ],
      [
       7.570304,
       47.1957225
      ],
      [
       7.5704461,
       47.1948842
      ],
      [
       7.5705494,
       47.1940433
      ],
      [
       7.5706138,
       47.1932006
      ],
      [
       7.5706393,
       47.1923569
      ],
      [
       7.5706257,
       47.1915131
      ],
      [
       7.5705731,
       47.19067
      ],
      [
       7.5704815,
       47.1898285
      ],
      [
       7.5703512,
       47.1889893
      ],
      [
       7.5701821,
       47.1881533
      ],
      [
       7.5699744,
       47.1873214
      ],
      [
       7.5694444,
       47.1869444
      ],
      [
       7.3897222,
       47.1338889
      ],
      [
       7.3836111,
       47.1333333
      ],
      [
       7.35,
       47.1311111
      ],
      [
       7.3489055,
       47.1314908
      ],
      [
       7.347829,
       47.1318936
      ],
      [
       7.3467716,
       47.1323192
      ],
      [
       7.3457344,
       47.1327672
      ],
      [
       7.3447184,
       47.1332372
      ],
      [
       7.3437245,
       47.1337286
      ],
      [
       7.3427539,
       47.134241
      ],
      [
       7.3418073,
       47.1347739
      ],
      [
       7.3408858,
       47.1353267
      ],
      [
       7.3399902,
       47.135899
      ],
      [
       7.3391215,
       47.1364901
      ],
      [
       7.3382805,
       47.1370994
      ],
      [
       7.337468,
       47.1377264
      ],
      [
       7.3366849,
       47.1383705
      ],
      [
       7.3359319,
       47.139031
      ],
      [
       7.3352097,
       47.1397072
      ],
      [
       7.3345191,
       47.1403986
      ],
      [
       7.3338607,
       47.1411043
      ],
      [
       7.3332353,
       47.1418238
      ],
      [
       7.3326433,
       47.1425562
      ],
      [
       7.3320855,
       47.143301
      ],
      [
       7.3315623,
       47.1440572
      ],
      [
       7.3310742,
       47.1448243
      ],
      [
       7.3306219,
       47.1456015
      ],
      [
       7.3302056,
       47.1463879
      ],
      [
       7.3298258,
       47.1471828
      ],
      [
       7.329483,
       47.1479855
      ],
      [
       7.3291773,
       47.148795
      ],
      [
       7.3289092,
       47.1496107
      ],
      [
       7.3286789,
       47.1504317
      ],
      [
       7.3284866,
       47.1512573
      ],
      [
       7.3283326,
       47.1520865
      ],
      [
       7.3282169,
       47.1529186
      ],
      [
       7.3281397,
       47.1537528
      ],
      [
       7.3281011,
       47.1545882
      ],
      [
       7.3281011,
       47.1554241
      ],
      [
       7.3281396,
       47.1562595
      ],
      [
       7.3282168,
       47.1570937
      ],
      [
       7.3283324,
       47.1579258
      ],
      [
       7.3284865,
       47.158755
      ],
      [
       7.3286788,
       47.1595806
      ],
      [
       7.3289091,
       47.1604016
      ],
      [
       7.3291772,
       47.1612173
      ],
      [
       7.3294829,
       47.1620269
      ],
      [
       7.3298259,
       47.1628295
      ],
      [
       7.3302058,
       47.1636244
      ],
      [
       7.3306222,
       47.1644108
      ],
      [
       7.3310748,
       47.165188
      ],
      [
       7.3315631,
       47.165955
      ],
      [
       7.3320866,
       47.1667113
      ],
      [
       7.3326447,
       47.167456
      ],
      [
       7.3327778,
       47.1675
      ],
      [
       7.3855556,
       47.1875
      ],
      [
       7.5419444,
       47.2180556
      ]
     ]
    ]
   }
  },
  {
   "type": "Feature",
   "properties": {
    "ll": {
     "value": 0,
     "unit": 1,
     "referenceDatum": 0
    },
    "ul": {
     "value": 2000,
     "unit": 0,
     "referenceDatum": 1
    },
    "_id": "62e10d64d0d055fccf50f485",
    "name": "CTR LES EPLATURES",
    "type": 4,
    "icao": 3,
    "bnd": [
     [
      46.9808333,
      6.6480556
     ],
     [
      47.1788889,
      6.9741667
     ]
    ]
   },
   "geometry": {
    "type": "Polygon",
    "coordinates": [
     [
      [
       6.6480556,
       47.0141667
      ],
      [
       6.6561111,
       47.0263889
      ],
      [
       6.6833333,
       47.0377778
      ],
      [
       6.6958333,
       47.0375
      ],
      [
       6.7191667,
       47.0519444
      ],
      [
       6.7111111,
       47.0538889
      ],
      [
       6.7086111,
       47.0575
      ],
      [
       6.7119444,
       47.0630556
      ],
      [
       6.8277778,
       47.1252778
      ],
      [
       6.9338889,
       47.1788889
      ],
      [
       6.9741667,
       47.1355556
      ],
      [
       6.8708333,
       47.1
      ],
      [
       6.7916667,
       47.0297222
      ],
      [
       6.7197222,
       46.9808333
      ],
      [
       6.6480556,
       47.0141667
      ]
     ]
    ]
   }
  },
  {
   "type": "Feature",
   "properties": {
    "ll": {
     "value": 0,
     "unit": 1,
     "referenceDatum": 0
    },
    "ul": {
     "value": 130,
     "unit": 6,
     "referenceDatum": 2
    },
    "_id": "62e10d64d0d055fccf50f48e",
    "name": "CTR LOCARNO HX",
    "type": 4,
    "icao": 3,
    "bnd": [
     [
      46.1463788,
      8.8132675
     ],
     [
      46.1808375,
      8.9591015
     ]
    ]
   },
   "geometry": {
    "type": "Polygon",
    "coordinates": [
     [
      [
       8.9352778,
       46.1808333
      ],
      [
       8.9360089,
       46.1808375
      ],
      [
       8.9367399,
       46.1808257
      ],
      [
       8.9374701,
       46.180798
      ],
      [
       8.9381985,
       46.1807545
      ],
      [
       8.9389247,
       46.1806951
      ],
      [
       8.9396478,
       46.18062
      ],
      [
       8.9403671,
       46.1805291
      ],
      [
       8.941082,
       46.1804227
      ],
      [
       8.9417916,
       46.1803008
      ],
      [
       8.9424954,
       46.1801635
      ],
      [
       8.9431926,
       46.1800109
      ],
      [
       8.9438825,
       46.1798433
      ],
      [
       8.9445645,
       46.1796607
      ],
      [
       8.9452379,
       46.1794634
      ],
      [
       8.945902,
       46.1792515
      ],
      [
       8.9465561,
       46.1790253
      ],
      [
       8.9471996,
       46.178785
      ],
      [
       8.9478319,
       46.1785308
      ],
      [
       8.9484524,
       46.1782629
      ],
      [
       8.9490604,
       46.1779817
      ],
      [
       8.9496553,
       46.1776874
      ],
      [
       8.9502366,
       46.1773803
      ],
      [
       8.9508037,
       46.1770607
      ],
      [
       8.9513559,
       46.176729
      ],
      [
       8.9518929,
       46.1763854
      ],
      [
       8.952414,
       46.1760302
      ],
      [
       8.9529187,
       46.175664
      ],
      [
       8.9534065,
       46.1752869
      ],
      [
       8.953877,
       46.1748994
      ],
      [
       8.9543297,
       46.1745018
      ],
      [
       8.9547641,
       46.1740946
      ],
      [
       8.9551798,
       46.1736781
      ],
      [
       8.9555764,
       46.1732528
      ],
      [
       8.9559536,
       46.1728191
      ],
      [
       8.9563108,
       46.1723774
      ],
      [
       8.9566479,
       46.1719282
      ],
      [
       8.9569644,
       46.1714718
      ],
      [
       8.95726,
       46.1710088
      ],
      [
       8.9575345,
       46.1705395
      ],
      [
       8.9577875,
       46.1700646
      ],
      [
       8.9580189,
       46.1695843
      ],
      [
       8.9582284,
       46.1690993
      ],
      [
       8.9584158,
       46.1686099
      ],
      [
       8.9585808,
       46.1681167
      ],
      [
       8.9587235,
       46.1676202
      ],
      [
       8.9588435,
       46.1671208
      ],
      [
       8.9589408,
       46.166619
      ],
      [
       8.9590154,
       46.1661154
      ],
      [
       8.959067,
       46.1656104
      ],
      [
       8.9590957,
       46.1651045
      ],
      [
       8.9591015,
       46.1645983
      ],
      [
       8.9590842,
       46.1640921
      ],
      [
       8.9590441,
       46.1635866
      ],
      [
       8.958981,
       46.1630823
      ],
      [
       8.9588951,
       46.1625795
      ],
      [
       8.9587865,
       46.1620788
      ],
      [
       8.9586552,
       46.1615808
      ],
      [
       8.9585013,
       46.1610859
      ],
      [
       8.9583251,
       46.1605945
      ],
      [
       8.9581268,
       46.1601073
      ],
      [
       8.9579064,
       46.1596246
      ],
      [
       8.9576642,
       46.1591469
      ],
      [
       8.9574005,
       46.1586747
      ],
      [
       8.9571156,
       46.1582085
      ],
      [
       8.9568096,
       46.1577487
      ],
      [
       8.9564829,
       46.1572959
      ],
      [
       8.9561359,
       46.1568503
      ],
      [
       8.9557688,
       46.1564125
      ],
      [
       8.9553821,
       46.1559829
      ],
      [
       8.9549761,
       46.1555619
      ],
      [
       8.9545512,
       46.15515
      ],
      [
       8.9541079,
       46.1547475
      ],
      [
       8.9536465,
       46.1543549
      ],
      [
       8.9531676,
       46.1539725
      ],
      [
       8.9526715,
       46.1536007
      ],
      [
       8.9521589,
       46.1532399
      ],
      [
       8.9516301,
       46.1528904
      ],
      [
       8.9510858,
       46.1525526
      ],
      [
       8.9505264,
       46.1522268
      ],
      [
       8.9499526,
       46.1519133
      ],
      [
       8.9493648,
       46.1516124
      ],
      [
       8.9487636,
       46.1513245
      ],
      [
       8.9481497,
       46.1510499
      ],
      [
       8.9475237,
       46.1507887
      ],
      [
       8.9468862,
       46.1505412
      ],
      [
       8.9462377,
       46.1503078
      ],
      [
       8.945579,
       46.1500885
      ],
      [
       8.9449107,
       46.1498837
      ],
      [
       8.9442334,
       46.1496936
      ],
      [
       8.9435478,
       46.1495183
      ],
      [
       8.9428547,
       46.1493579
      ],
      [
       8.9421546,
       46.1492128
      ],
      [
       8.9414482,
       46.1490829
      ],
      [
       8.9407364,
       46.1489685
      ],
      [
       8.9400197,
       46.1488696
      ],
      [
       8.9392989,
       46.1487863
      ],
      [
       8.9385746,
       46.1487188
      ],
      [
       8.9378477,
       46.148667
      ],
      [
       8.9371188,
       46.1486311
      ],
      [
       8.9366667,
       46.1486111
      ],
      [
       8.8377778,
       46.1463889
      ],
      [
       8.8370343,
       46.1463788
      ],
      [
       8.8362908,
       46.146385
      ],
      [
       8.8355479,
       46.1464073
      ],
      [
       8.8348064,
       46.1464457
      ],
      [
       8.834067,
       46.1465003
      ],
      [
       8.8333304,
       46.1465709
      ],
      [
       8.8325974,
       46.1466576
      ],
      [
       8.8318687,
       46.1467601
      ],
      [
       8.831145,
       46.1468784
      ],
      [
       8.830427,
       46.1470124
      ],
      [
       8.8297154,
       46.147162
      ],
      [
       8.829011,
       46.147327
      ],
      [
       8.8283144,
       46.1475072
      ],
      [
       8.8276263,
       46.1477025
      ],
      [
       8.8269474,
       46.1479126
      ],
      [
       8.8262783,
       46.1481375
      ],
      [
       8.8256197,
       46.1483767
      ],
      [
       8.8249724,
       46.1486302
      ],
      [
       8.8243368,
       46.1488976
      ],
      [
       8.8237137,
       46.1491788
      ],
      [
       8.8231036,
       46.1494733
      ],
      [
       8.8225071,
       46.149781
      ],
      [
       8.8219249,
       46.1501015
      ],
      [
       8.8213575,
       46.1504345
      ],
      [
       8.8208055,
       46.1507797
      ],
      [
       8.8202694,
       46.1511367
      ],
      [
       8.8197498,
       46.1515052
      ],
      [
       8.8192471,
       46.1518849
      ],
      [
       8.8187618,
       46.1522753
      ],
      [
       8.8182945,
       46.152676
      ],
      [
       8.8178456,
       46.1530868
      ],
      [
       8.8174155,
       46.153507
      ],
      [
       8.8170047,
       46.1539365
      ],
      [
       8.8166136,
       46.1543746
      ],
      [
       8.8162425,
       46.1548211
      ],
      [
       8.8158918,
       46.1552754
      ],
      [
       8.8155619,
       46.1557371
      ],
      [
       8.8152531,
       46.1562058
      ],
      [
       8.8149657,
       46.1566809
      ],
      [
       8.8147,
       46.1571621
      ],
      [
       8.8144562,
       46.1576488
      ],
      [
       8.8142346,
       46.1581406
      ],
      [
       8.8140354,
       46.1586369
      ],
      [
       8.8138589,
       46.1591374
      ],
      [
       8.8137051,
       46.1596414
      ],
      [
       8.8135742,
       46.1601485
      ],
      [
       8.8134664,
       46.1606583
      ],
      [
       8.8133817,
       46.1611701
      ],
      [
       8.8133203,
       46.1616835
      ],
      [
       8.8132823,
       46.162198
      ],
      [
       8.8132675,
       46.1627131
      ],
      [
       8.8132762,
       46.1632282
      ],
      [
       8.8133082,
       46.1637429
      ],
      [
       8.8133635,
       46.1642566
      ],
      [
       8.8134421,
       46.1647689
      ],
      [
       8.8135439,
       46.1652792
      ],
      [
       8.8136688,
       46.1657871
      ],
      [
       8.8138166,
       46.166292
      ],
      [
       8.8139873,
       46.1667934
      ],
      [
       8.8141807,
       46.1672909
      ],
      [
       8.8143965,
       46.1677839
      ],
      [
       8.8146346,
       46.168272
      ],
      [
       8.8148947,
       46.1687546
      ],
      [
       8.8151766,
       46.1692314
      ],
      [
       8.8154799,
       46.1697017
      ],
      [
       8.8158045,
       46.1701653
      ],
      [
       8.8161499,
       46.1706216
      ],
      [
       8.8165159,
       46.1710701
      ],
      [
       8.816902,
       46.1715104
      ],
      [
       8.8173079,
       46.1719422
      ],
      [
       8.8177332,
       46.1723648
      ],
      [
       8.8181775,
       46.1727781
      ],
      [
       8.8186403,
       46.1731814
      ],
      [
       8.8191211,
       46.1735745
      ],
      [
       8.8196196,
       46.1739569
      ],
      [
       8.8201352,
       46.1743283
      ],
      [
       8.8206674,
       46.1746883
      ],
      [
       8.8212156,
       46.1750365
      ],
      [
       8.8217794,
       46.1753727
      ],
      [
       8.8223582,
       46.1756964
      ],
      [
       8.8229514,
       46.1760073
      ],
      [
       8.8235584,
       46.1763052
      ],
      [
       8.8241786,
       46.1765898
      ],
      [
       8.8248114,
       46.1768607
      ],
      [
       8.8254562,
       46.1771177
      ],
      [
       8.8261124,
       46.1773606
      ],
      [
       8.8267792,
       46.177589
      ],
      [
       8.8274561,
       46.1778028
      ],
      [
       8.8281423,
       46.1780019
      ],
      [
       8.8288373,
       46.1781858
      ],
      [
       8.8295403,
       46.1783546
      ],
      [
       8.8302505,
       46.178508
      ],
      [
       8.8309674,
       46.1786459
      ],
      [
       8.8316902,
       46.1787681
      ],
      [
       8.8324182,
       46.1788745
      ],
      [
       8.8331506,
       46.178965
      ],
      [
       8.8338868,
       46.1790396
      ],
      [
       8.834626,
       46.179098
      ],
      [
       8.8353676,
       46.1791404
      ],
      [
       8.8361106,
       46.1791667
      ],
      [
       8.8363889,
       46.1788889
      ],
      [
       8.9352778,
       46.1808333
      ]
     ]
    ]
   }
  },
  {
   "type": "Feature",
   "properties": {
    "ll": {
     "value": 0,
     "unit": 1,
     "referenceDatum": 0
    },
    "ul": {
     "value": 2000,
     "unit": 0,
     "referenceDatum": 1
    },
    "_id": "62e10d65d0d055fccf50f4d4",
    "name": "CTR LUGANO HX",
    "type": 4,
    "icao": 3,
    "bnd": [
     [
      45.8592649,
      8.7601957
     ],
     [
      46.0763661,
      9.0043665
     ]
    ]
   },
   "geometry": {
    "type": "Polygon",
    "coordinates": [
     [
      [
       8.9113889,
       46.0619444
      ],
      [
       8.9123772,
       46.0628363
      ],
      [
       8.9134055,
       46.0637062
      ],
      [
       8.9144727,
       46.0645532
      ],
      [
       8.9155777,
       46.0653766
      ],
      [
       8.9167195,
       46.0661755
      ],
      [
       8.9178969,
       46.066949
      ],
      [
       8.9191088,
       46.0676965
      ],
      [
       8.9203539,
       46.0684172
      ],
      [
       8.9216312,
       46.0691104
      ],
      [
       8.9229392,
       46.0697755
      ],
      [
       8.9242767,
       46.0704116
      ],
      [
       8.9256423,
       46.0710183
      ],
      [
       8.9270348,
       46.0715949
      ],
      [
       8.9284527,
       46.0721409
      ],
      [
       8.9298947,
       46.0726557
      ],
      [
       8.9313593,
       46.0731388
      ],
      [
       8.9328451,
       46.0735897
      ],
      [
       8.9343506,
       46.074008
      ],
      [
       8.9358743,
       46.0743933
      ],
      [
       8.9374147,
       46.0747451
      ],
      [
       8.9389703,
       46.0750632
      ],
      [
       8.9405396,
       46.0753472
      ],
      [
       8.942121,
       46.0755969
      ],
      [
       8.9437129,
       46.0758119
      ],
      [
       8.9453137,
       46.0759922
      ],
      [
       8.946922,
       46.0761374
      ],
      [
       8.948536,
       46.0762475
      ],
      [
       8.9501542,
       46.0763224
      ],
      [
       8.951775,
       46.0763619
      ],
      [
       8.9533969,
       46.0763661
      ],
      [
       8.9550181,
       46.0763349
      ],
      [
       8.956637,
       46.0762684
      ],
      [
       8.9582522,
       46.0761666
      ],
      [
       8.959862,
       46.0760297
      ],
      [
       8.9614647,
       46.0758577
      ],
      [
       8.9630589,
       46.0756509
      ],
      [
       8.9646429,
       46.0754094
      ],
      [
       8.9662151,
       46.0751335
      ],
      [
       8.9677741,
       46.0748234
      ],
      [
       8.9693183,
       46.0744795
      ],
      [
       8.9708461,
       46.0741021
      ],
      [
       8.972356,
       46.0736916
      ],
      [
       8.9738466,
       46.0732484
      ],
      [
       8.9753163,
       46.0727729
      ],
      [
       8.9767638,
       46.0722655
      ],
      [
       8.9781875,
       46.0717269
      ],
      [
       8.9795862,
       46.0711575
      ],
      [
       8.9809583,
       46.0705578
      ],
      [
       8.9823026,
       46.0699286
      ],
      [
       8.9836177,
       46.0692703
      ],
      [
       8.9849023,
       46.0685837
      ],
      [
       8.9861551,
       46.0678695
      ],
      [
       8.987375,
       46.0671282
      ],
      [
       8.9885607,
       46.0663608
      ],
      [
       8.989711,
       46.0655678
      ],
      [
       8.9908248,
       46.0647502
      ],
      [
       8.9919011,
       46.0639087
      ],
      [
       8.9929386,
       46.0630441
      ],
      [
       8.9939365,
       46.0621574
      ],
      [
       8.9948937,
       46.0612493
      ],
      [
       8.9958093,
       46.0603208
      ],
      [
       8.9966824,
       46.0593728
      ],
      [
       8.9975121,
       46.0584062
      ],
      [
       8.9982977,
       46.0574221
      ],
      [
       8.9990382,
       46.0564212
      ],
      [
       8.9997331,
       46.0554048
      ],
      [
       9.0003816,
       46.0543736
      ],
      [
       9.0009831,
       46.0533289
      ],
      [
       9.0015369,
       46.0522715
      ],
      [
       9.0020427,
       46.0512026
      ],
      [
       9.0024997,
       46.0501232
      ],
      [
       9.0029077,
       46.0490344
      ],
      [
       9.0032662,
       46.0479372
      ],
      [
       9.0035749,
       46.0468327
      ],
      [
       9.0038334,
       46.045722
      ],
      [
       9.0040414,
       46.0446063
      ],
      [
       9.0041989,
       46.0434866
      ],
      [
       9.0043057,
       46.0423639
      ],
      [
       9.0043616,
       46.0412396
      ],
      [
       9.0043665,
       46.0401145
      ],
      [
       9.0043206,
       46.0389899
      ],
      [
       9.0042238,
       46.0378668
      ],
      [
       9.0040762,
       46.0367465
      ],
      [
       9.0038781,
       46.0356298
      ],
      [
       9.0036295,
       46.0345181
      ],
      [
       9.0033307,
       46.0334123
      ],
      [
       9.0029821,
       46.0323136
      ],
      [
       9.0025839,
       46.0312231
      ],
      [
       9.0021366,
       46.0301417
      ],
      [
       9.0016407,
       46.0290706
      ],
      [
       9.0010965,
       46.0280109
      ],
      [
       9.0005047,
       46.0269636
      ],
      [
       8.9998658,
       46.0259297
      ],
      [
       8.9991805,
       46.0249102
      ],
      [
       8.9984494,
       46.0239062
      ],
      [
       8.9976733,
       46.0229186
      ],
      [
       8.9975,
       46.0225
      ],
      [
       8.9116667,
       45.9191667
      ],
      [
       8.8805556,
       45.8816667
      ],
      [
       8.8795122,
       45.8804574
      ],
      [
       8.8784148,
       45.8792715
      ],
      [
       8.8772646,
       45.8781102
      ],
      [
       8.8760625,
       45.8769746
      ],
      [
       8.8748099,
       45.8758659
      ],
      [
       8.8735079,
       45.874785
      ],
      [
       8.8721578,
       45.8737332
      ],
      [
       8.870761,
       45.8727114
      ],
      [
       8.8693188,
       45.8717206
      ],
      [
       8.8678327,
       45.8707619
      ],
      [
       8.8663042,
       45.869836
      ],
      [
       8.8647346,
       45.8689441
      ],
      [
       8.8631257,
       45.8680869
      ],
      [
       8.8614789,
       45.8672653
      ],
      [
       8.859796,
       45.8664801
      ],
      [
       8.8580784,
       45.865732
      ],
      [
       8.8563281,
       45.8650219
      ],
      [
       8.8545466,
       45.8643504
      ],
      [
       8.8527357,
       45.8637181
      ],
      [
       8.8508973,
       45.8631258
      ],
      [
       8.8490331,
       45.8625739
      ],
      [
       8.8471449,
       45.862063
      ],
      [
       8.8452347,
       45.8615937
      ],
      [
       8.8433043,
       45.8611663
      ],
      [
       8.8413555,
       45.8607814
      ],
      [
       8.8393904,
       45.8604392
      ],
      [
       8.8374109,
       45.8601402
      ],
      [
       8.8354189,
       45.8598845
      ],
      [
       8.8334163,
       45.8596726
      ],
      [
       8.8314052,
       45.8595045
      ],
      [
       8.8293875,
       45.8593804
      ],
      [
       8.8273652,
       45.8593005
      ],
      [
       8.8253403,
       45.8592649
      ],
      [
       8.8233147,
       45.8592735
      ],
      [
       8.8212906,
       45.8593264
      ],
      [
       8.8192699,
       45.8594235
      ],
      [
       8.8172545,
       45.8595647
      ],
      [
       8.8152465,
       45.85975
      ],
      [
       8.8132478,
       45.859979
      ],
      [
       8.8112604,
       45.8602516
      ],
      [
       8.8092862,
       45.8605675
      ],
      [
       8.8073273,
       45.8609264
      ],
      [
       8.8053855,
       45.8613279
      ],
      [
       8.8034627,
       45.8617717
      ],
      [
       8.8015608,
       45.8622573
      ],
      [
       8.7996818,
       45.8627842
      ],
      [
       8.7978274,
       45.8633519
      ],
      [
       8.7959995,
       45.8639599
      ],
      [
       8.7941999,
       45.8646075
      ],
      [
       8.7924303,
       45.8652942
      ],
      [
       8.7906925,
       45.8660192
      ],
      [
       8.7889883,
       45.8667818
      ],
      [
       8.7873192,
       45.8675813
      ],
      [
       8.785687,
       45.8684168
      ],
      [
       8.7840933,
       45.8692877
      ],
      [
       8.7825395,
       45.8701929
      ],
      [
       8.7810273,
       45.8711317
      ],
      [
       8.7795582,
       45.8721031
      ],
      [
       8.7781335,
       45.873106
      ],
      [
       8.7767548,
       45.8741397
      ],
      [
       8.7754233,
       45.8752029
      ],
      [
       8.7741404,
       45.8762948
      ],
      [
       8.7729073,
       45.8774141
      ],
      [
       8.7717253,
       45.8785599
      ],
      [
       8.7705955,
       45.8797309
      ],
      [
       8.7695191,
       45.880926
      ],
      [
       8.7684971,
       45.8821441
      ],
      [
       8.7675305,
       45.8833839
      ],
      [
       8.7666202,
       45.8846442
      ],
      [
       8.7657673,
       45.8859238
      ],
      [
       8.7649725,
       45.8872215
      ],
      [
       8.7642366,
       45.8885358
      ],
      [
       8.7635603,
       45.8898656
      ],
      [
       8.7629443,
       45.8912095
      ],
      [
       8.7623893,
       45.8925662
      ],
      [
       8.7618957,
       45.8939344
      ],
      [
       8.7614642,
       45.8953127
      ],
      [
       8.761095,
       45.8966997
      ],
      [
       8.7607885,
       45.8980941
      ],
      [
       8.7605452,
       45.8994946
      ],
      [
       8.7603652,
       45.9008996
      ],
      [
       8.7602486,
       45.9023079
      ],
      [
       8.7601957,
       45.9037181
      ],
      [
       8.7602065,
       45.9051287
      ],
      [
       8.760281,
       45.9065384
      ],
      [
       8.760419,
       45.9079458
      ],
      [
       8.7606205,
       45.9093494
      ],
      [
       8.7608853,
       45.910748
      ],
      [
       8.7612131,
       45.91214
      ],
      [
       8.7616037,
       45.9135243
      ],
      [
       8.7620565,
       45.9148993
      ],
      [
       8.7625712,
       45.9162637
      ],
      [
       8.7631473,
       45.9176162
      ],
      [
       8.7637843,
       45.9189555
      ],
      [
       8.7644813,
       45.9202801
      ],
      [
       8.7652379,
       45.9215889
      ],
      [
       8.7660533,
       45.9228805
      ],
      [
       8.7669266,
       45.9241536
      ],
      [
       8.767857,
       45.925407
      ],
      [
       8.7688436,
       45.9266395
      ],
      [
       8.7698855,
       45.9278497
      ],
      [
       8.7709814,
       45.9290366
      ],
      [
       8.7721306,
       45.930199
      ],
      [
       8.7727778,
       45.9308333
      ],
      [
       8.8327778,
       45.9875
      ],
      [
       8.9113889,
       46.0619444
      ]
     ]
    ]
   }
  },
  {
   "type": "Feature",
   "properties": {
    "ll": {
     "value": 0,
     "unit": 1,
     "referenceDatum": 0
    },
    "ul": {
     "value": 130,
     "unit": 6,
     "referenceDatum": 2
    },
    "_id": "62e10d65d0d055fccf50f4dd",
    "name": "CTR MEIRINGEN HX",
    "type": 4,
    "icao": 3,
    "bnd": [
     [
      46.6733333,
      7.9202778
     ],
     [
      46.7877778,
      8.2287015
     ]
    ]
   },
   "geometry": {
    "type": "Polygon",
    "coordinates": [
     [
      [
       8.1972222,
       46.7536111
      ],
      [
       8.1972222,
       46.7536111
      ],
      [
       8.1985155,
       46.7533519
      ],
      [
       8.1997963,
       46.753065
      ],
      [
       8.2010633,
       46.7527506
      ],
      [
       8.2023152,
       46.7524091
      ],
      [
       8.2035508,
       46.7520408
      ],
      [
       8.204769,
       46.7516461
      ],
      [
       8.2059684,
       46.7512254
      ],
      [
       8.2071479,
       46.750779
      ],
      [
       8.2083063,
       46.7503075
      ],
      [
       8.2094426,
       46.7498112
      ],
      [
       8.2105555,
       46.7492908
      ],
      [
       8.2116439,
       46.7487466
      ],
      [
       8.2127069,
       46.7481793
      ],
      [
       8.2137433,
       46.7475893
      ],
      [
       8.2147522,
       46.7469774
      ],
      [
       8.2157324,
       46.746344
      ],
      [
       8.2166831,
       46.7456898
      ],
      [
       8.2176034,
       46.7450155
      ],
      [
       8.2184922,
       46.7443216
      ],
      [
       8.2193488,
       46.743609
      ],
      [
       8.2201723,
       46.7428783
      ],
      [
       8.2209619,
       46.7421303
      ],
      [
       8.2217167,
       46.7413656
      ],
      [
       8.2224361,
       46.740585
      ],
      [
       8.2231194,
       46.7397893
      ],
      [
       8.2237658,
       46.7389793
      ],
      [
       8.2243748,
       46.7381558
      ],
      [
       8.2249457,
       46.7373195
      ],
      [
       8.225478,
       46.7364714
      ],
      [
       8.2259711,
       46.7356123
      ],
      [
       8.2264246,
       46.7347429
      ],
      [
       8.226838,
       46.7338643
      ],
      [
       8.227211,
       46.7329771
      ],
      [
       8.227543,
       46.7320824
      ],
      [
       8.227834,
       46.7311809
      ],
      [
       8.2280834,
       46.7302737
      ],
      [
       8.2282911,
       46.7293615
      ],
      [
       8.2284569,
       46.7284453
      ],
      [
       8.2285807,
       46.7275259
      ],
      [
       8.2286623,
       46.7266044
      ],
      [
       8.2287015,
       46.7256816
      ],
      [
       8.2286985,
       46.7247583
      ],
      [
       8.2286532,
       46.7238356
      ],
      [
       8.2285656,
       46.7229143
      ],
      [
       8.2284359,
       46.7219954
      ],
      [
       8.2282641,
       46.7210797
      ],
      [
       8.2280505,
       46.7201681
      ],
      [
       8.2277952,
       46.7192617
      ],
      [
       8.2274985,
       46.7183611
      ],
      [
       8.2271607,
       46.7174674
      ],
      [
       8.2267821,
       46.7165814
      ],
      [
       8.2263632,
       46.715704
      ],
      [
       8.2259043,
       46.714836
      ],
      [
       8.2254058,
       46.7139784
      ],
      [
       8.2248683,
       46.7131319
      ],
      [
       8.2242924,
       46.7122974
      ],
      [
       8.2236785,
       46.7114757
      ],
      [
       8.2230272,
       46.7106676
      ],
      [
       8.2223393,
       46.7098739
      ],
      [
       8.2216154,
       46.7090955
      ],
      [
       8.2208563,
       46.708333
      ],
      [
       8.2200626,
       46.7075873
      ],
      [
       8.2192351,
       46.706859
      ],
      [
       8.2183747,
       46.7061489
      ],
      [
       8.2174823,
       46.7054576
      ],
      [
       8.2165586,
       46.7047859
      ],
      [
       8.2156047,
       46.7041345
      ],
      [
       8.2146214,
       46.7035039
      ],
      [
       8.2136097,
       46.7028947
      ],
      [
       8.2125706,
       46.7023077
      ],
      [
       8.2115052,
       46.7017433
      ],
      [
       8.2104145,
       46.7012022
      ],
      [
       8.2092996,
       46.7006848
      ],
      [
       8.2081615,
       46.7001916
      ],
      [
       8.2070015,
       46.6997232
      ],
      [
       8.2058205,
       46.69928
      ],
      [
       8.2046199,
       46.6988625
      ],
      [
       8.2034008,
       46.698471
      ],
      [
       8.2021644,
       46.698106
      ],
      [
       8.2009118,
       46.6977677
      ],
      [
       8.1996444,
       46.6974566
      ],
      [
       8.1983634,
       46.697173
      ],
      [
       8.1970701,
       46.696917
      ],
      [
       8.1957656,
       46.6966891
      ],
      [
       8.1944514,
       46.6964893
      ],
      [
       8.1931287,
       46.6963179
      ],
      [
       8.1917989,
       46.6961751
      ],
      [
       8.1904631,
       46.696061
      ],
      [
       8.1891228,
       46.6959758
      ],
      [
       8.1877792,
       46.6959194
      ],
      [
       8.1864337,
       46.695892
      ],
      [
       8.1850876,
       46.6958935
      ],
      [
       8.1837423,
       46.6959241
      ],
      [
       8.182399,
       46.6959836
      ],
      [
       8.1810591,
       46.696072
      ],
      [
       8.1797239,
       46.6961892
      ],
      [
       8.1783947,
       46.6963351
      ],
      [
       8.1770729,
       46.6965095
      ],
      [
       8.1757597,
       46.6967123
      ],
      [
       8.1744564,
       46.6969433
      ],
      [
       8.1744444,
       46.6972222
      ],
      [
       8.1744444,
       46.6972222
      ],
      [
       8.0375,
       46.7194444
      ],
      [
       7.9419444,
       46.6733333
      ],
      [
       7.9336111,
       46.6972222
      ],
      [
       7.9202778,
       46.7355556
      ],
      [
       7.9583333,
       46.7563889
      ],
      [
       8.0147222,
       46.7877778
      ],
      [
       8.0411111,
       46.7877778
      ],
      [
       8.0583333,
       46.7838889
      ],
      [
       8.1547222,
       46.7630556
      ],
      [
       8.1972222,
       46.7536111
      ]
     ]
    ]
   }
  },
  {
   "type": "Feature",
   "properties": {
    "ll": {
     "value": 0,
     "unit": 1,
     "referenceDatum": 0
    },
    "ul": {
     "value": 100,
     "unit": 6,
     "referenceDatum": 2
    },
    "_id": "62e10d6bd0d055fccf50f6df",
    "name": "CTR PAYERNE HX",
    "type": 4,
    "icao": 3,
    "bnd": [
     [
      46.7355556,
      6.7691667
     ],
     [
      46.9394444,
      7.0763889
     ]
    ]
   },
   "geometry": {
    "type": "Polygon",
    "coordinates": [
     [
      [
       6.9919444,
       46.9394444
      ],
      [
       7.0025,
       46.9313889
      ],
      [
       7.0544444,
       46.8922222
      ],
      [
       7.0763889,
       46.8758333
      ],
      [
       6.8536111,
       46.7355556
      ],
      [
       6.8236111,
       46.7580556
      ],
      [
       6.7863889,
       46.7858333
      ],
      [
       6.7691667,
       46.7988889
      ],
      [
       6.8225,
       46.8325
      ],
      [
       6.9569444,
       46.9172222
      ],
      [
       6.9919444,
       46.9394444
      ]
     ]
    ]
   }
  },
  {
   "type": "Feature",
   "properties": {
    "ll": {
     "value": 0,
     "unit": 1,
     "referenceDatum": 0
    },
    "ul": {
     "value": 130,
     "unit": 6,
     "referenceDatum": 2
    },
    "_id": "62e10d66d0d055fccf50f50f",
    "name": "CTR SION HX",
    "type": 4,
    "icao": 3,
    "bnd": [
     [
      46.1713208,
      7.1901406
     ],
     [
      46.2780556,
      7.4672222
     ]
    ]
   },
   "geometry": {
    "type": "Polygon",
    "coordinates": [
     [
      [
       7.3475,
       46.2516667
      ],
      [
       7.4347222,
       46.2780556
      ],
      [
       7.4672222,
       46.2333333
      ],
      [
       7.3975,
       46.2011111
      ],
      [
       7.2391667,
       46.1722222
      ],
      [
       7.2379773,
       46.1720177
      ],
      [
       7.2367793,
       46.1718391
      ],
      [
       7.2355738,
       46.1716867
      ],
      [
       7.234362,
       46.1715605
      ],
      [
       7.2331451,
       46.1714608
      ],
      [
       7.2319242,
       46.1713875
      ],
      [
       7.2307006,
       46.1713409
      ],
      [
       7.2294756,
       46.1713208
      ],
      [
       7.2282502,
       46.1713274
      ],
      [
       7.2270257,
       46.1713607
      ],
      [
       7.2258033,
       46.1714205
      ],
      [
       7.2245842,
       46.1715069
      ],
      [
       7.2233697,
       46.1716198
      ],
      [
       7.2221608,
       46.171759
      ],
      [
       7.2209589,
       46.1719244
      ],
      [
       7.2197651,
       46.1721159
      ],
      [
       7.2185805,
       46.1723332
      ],
      [
       7.2174063,
       46.1725762
      ],
      [
       7.2162438,
       46.1728446
      ],
      [
       7.215094,
       46.1731381
      ],
      [
       7.213958,
       46.1734565
      ],
      [
       7.2128371,
       46.1737994
      ],
      [
       7.2117322,
       46.1741666
      ],
      [
       7.2106445,
       46.1745575
      ],
      [
       7.2095751,
       46.174972
      ],
      [
       7.2085249,
       46.1754094
      ],
      [
       7.2074952,
       46.1758695
      ],
      [
       7.2064868,
       46.1763518
      ],
      [
       7.2055007,
       46.1768557
      ],
      [
       7.204538,
       46.1773808
      ],
      [
       7.2035995,
       46.1779266
      ],
      [
       7.2026863,
       46.1784926
      ],
      [
       7.2017991,
       46.1790781
      ],
      [
       7.2009389,
       46.1796826
      ],
      [
       7.2001066,
       46.1803055
      ],
      [
       7.1993029,
       46.1809462
      ],
      [
       7.1985287,
       46.1816041
      ],
      [
       7.1977846,
       46.1822784
      ],
      [
       7.1970716,
       46.1829686
      ],
      [
       7.1963901,
       46.183674
      ],
      [
       7.195741,
       46.1843938
      ],
      [
       7.1951248,
       46.1851274
      ],
      [
       7.1945422,
       46.1858741
      ],
      [
       7.1939938,
       46.186633
      ],
      [
       7.19348,
       46.1874035
      ],
      [
       7.1930015,
       46.1881848
      ],
      [
       7.1925586,
       46.1889761
      ],
      [
       7.1921518,
       46.1897766
      ],
      [
       7.1917816,
       46.1905856
      ],
      [
       7.1914482,
       46.1914022
      ],
      [
       7.191152,
       46.1922257
      ],
      [
       7.1908933,
       46.1930552
      ],
      [
       7.1906724,
       46.1938899
      ],
      [
       7.1904895,
       46.194729
      ],
      [
       7.1903447,
       46.1955717
      ],
      [
       7.1902383,
       46.1964171
      ],
      [
       7.1901702,
       46.1972644
      ],
      [
       7.1901406,
       46.1981128
      ],
      [
       7.1901496,
       46.1989614
      ],
      [
       7.190197,
       46.1998094
      ],
      [
       7.190283,
       46.2006559
      ],
      [
       7.1904073,
       46.2015001
      ],
      [
       7.1905698,
       46.2023413
      ],
      [
       7.1907705,
       46.2031784
      ],
      [
       7.191009,
       46.2040108
      ],
      [
       7.1912852,
       46.2048376
      ],
      [
       7.1915988,
       46.205658
      ],
      [
       7.1919496,
       46.2064712
      ],
      [
       7.192337,
       46.2072763
      ],
      [
       7.1927608,
       46.2080726
      ],
      [
       7.1932206,
       46.2088593
      ],
      [
       7.1937158,
       46.2096357
      ],
      [
       7.1942461,
       46.2104009
      ],
      [
       7.1948109,
       46.2111541
      ],
      [
       7.1954095,
       46.2118947
      ],
      [
       7.1960416,
       46.212622
      ],
      [
       7.1967063,
       46.2133351
      ],
      [
       7.1974031,
       46.2140334
      ],
      [
       7.1981313,
       46.2147163
      ],
      [
       7.1988901,
       46.2153829
      ],
      [
       7.1996788,
       46.2160328
      ],
      [
       7.2004967,
       46.2166652
      ],
      [
       7.2013429,
       46.2172794
      ],
      [
       7.2022165,
       46.217875
      ],
      [
       7.2031168,
       46.2184513
      ],
      [
       7.2040429,
       46.2190077
      ],
      [
       7.2049937,
       46.2195438
      ],
      [
       7.2059685,
       46.2200588
      ],
      [
       7.2069661,
       46.2205525
      ],
      [
       7.2079857,
       46.2210242
      ],
      [
       7.2090262,
       46.2214735
      ],
      [
       7.2100867,
       46.2218999
      ],
      [
       7.2111659,
       46.2223031
      ],
      [
       7.212263,
       46.2226827
      ],
      [
       7.2133768,
       46.2230382
      ],
      [
       7.2145061,
       46.2233693
      ],
      [
       7.21565,
       46.2236756
      ],
      [
       7.2168072,
       46.223957
      ],
      [
       7.2177778,
       46.2241667
      ],
      [
       7.3475,
       46.2516667
      ]
     ]
    ]
   }
  },
  {
   "type": "Feature",
   "properties": {
    "ll": {
     "value": 0,
     "unit": 1,
     "referenceDatum": 0
    },
    "ul": {
     "value": 1700,
     "unit": 0,
     "referenceDatum": 1
    },
    "_id": "62e10d66d0d055fccf50f538",
    "name": "CTR ST-GALLEN HX",
    "type": 4,
    "icao": 3,
    "bnd": [
     [
      47.4626369,
      9.3858333
     ],
     [
      47.5580556,
      9.66599
     ]
    ]
   },
   "geometry": {
    "type": "Polygon",
    "coordinates": [
     [
      [
       9.5244444,
       47.5522222
      ],
      [
       9.5544444,
       47.5419444
      ],
      [
       9.5636111,
       47.5391667
      ],
      [
       9.6305556,
       47.5252778
      ],
      [
       9.631984,
       47.525015
      ],
      [
       9.6333995,
       47.5247219
      ],
      [
       9.6348007,
       47.524399
      ],
      [
       9.6361861,
       47.5240465
      ],
      [
       9.6375545,
       47.5236648
      ],
      [
       9.6389043,
       47.5232543
      ],
      [
       9.6402344,
       47.5228153
      ],
      [
       9.6415434,
       47.5223482
      ],
      [
       9.64283,
       47.5218537
      ],
      [
       9.644093,
       47.521332
      ],
      [
       9.645331,
       47.5207838
      ],
      [
       9.6465429,
       47.5202097
      ],
      [
       9.6477275,
       47.51961
      ],
      [
       9.6488835,
       47.5189856
      ],
      [
       9.6500099,
       47.5183369
      ],
      [
       9.6511056,
       47.5176646
      ],
      [
       9.6521694,
       47.5169694
      ],
      [
       9.6532004,
       47.516252
      ],
      [
       9.6541974,
       47.515513
      ],
      [
       9.6551596,
       47.5147533
      ],
      [
       9.6560859,
       47.5139735
      ],
      [
       9.6569755,
       47.5131744
      ],
      [
       9.6578274,
       47.5123568
      ],
      [
       9.6586409,
       47.5115216
      ],
      [
       9.6594151,
       47.5106695
      ],
      [
       9.6601492,
       47.5098014
      ],
      [
       9.6608427,
       47.5089182
      ],
      [
       9.6614946,
       47.5080207
      ],
      [
       9.6621045,
       47.5071097
      ],
      [
       9.6626718,
       47.5061863
      ],
      [
       9.6631957,
       47.5052513
      ],
      [
       9.663676,
       47.5043057
      ],
      [
       9.664112,
       47.5033503
      ],
      [
       9.6645033,
       47.5023861
      ],
      [
       9.6648497,
       47.5014141
      ],
      [
       9.6651506,
       47.5004353
      ],
      [
       9.6654059,
       47.4994505
      ],
      [
       9.6656152,
       47.4984608
      ],
      [
       9.6657785,
       47.4974672
      ],
      [
       9.6658954,
       47.4964705
      ],
      [
       9.6659659,
       47.4954719
      ],
      [
       9.66599,
       47.4944723
      ],
      [
       9.6659676,
       47.4934727
      ],
      [
       9.6658988,
       47.492474
      ],
      [
       9.6657835,
       47.4914773
      ],
      [
       9.665622,
       47.4904835
      ],
      [
       9.6654144,
       47.4894936
      ],
      [
       9.6651609,
       47.4885087
      ],
      [
       9.6648617,
       47.4875296
      ],
      [
       9.6645172,
       47.4865573
      ],
      [
       9.6641277,
       47.4855928
      ],
      [
       9.6636935,
       47.4846371
      ],
      [
       9.6632152,
       47.483691
      ],
      [
       9.6626931,
       47.4827556
      ],
      [
       9.6621278,
       47.4818317
      ],
      [
       9.6615199,
       47.4809203
      ],
      [
       9.66087,
       47.4800222
      ],
      [
       9.6601786,
       47.4791384
      ],
      [
       9.6594466,
       47.4782696
      ],
      [
       9.6586745,
       47.4774168
      ],
      [
       9.6578632,
       47.4765809
      ],
      [
       9.6570136,
       47.4757625
      ],
      [
       9.6561263,
       47.4749626
      ],
      [
       9.6552023,
       47.474182
      ],
      [
       9.6542425,
       47.4734213
      ],
      [
       9.6532479,
       47.4726813
      ],
      [
       9.6522194,
       47.4719629
      ],
      [
       9.651158,
       47.4712666
      ],
      [
       9.6500649,
       47.4705932
      ],
      [
       9.648941,
       47.4699433
      ],
      [
       9.6477875,
       47.4693176
      ],
      [
       9.6466056,
       47.4687166
      ],
      [
       9.6453963,
       47.4681411
      ],
      [
       9.6441609,
       47.4675915
      ],
      [
       9.6429006,
       47.4670684
      ],
      [
       9.6416166,
       47.4665723
      ],
      [
       9.6403102,
       47.4661037
      ],
      [
       9.6389828,
       47.4656631
      ],
      [
       9.6376355,
       47.4652508
      ],
      [
       9.6362698,
       47.4648673
      ],
      [
       9.6348869,
       47.464513
      ],
      [
       9.6334883,
       47.4641883
      ],
      [
       9.6320753,
       47.4638934
      ],
      [
       9.6306493,
       47.4636286
      ],
      [
       9.6292117,
       47.4633942
      ],
      [
       9.627764,
       47.4631904
      ],
      [
       9.6263075,
       47.4630175
      ],
      [
       9.6248437,
       47.4628755
      ],
      [
       9.623374,
       47.4627647
      ],
      [
       9.6219,
       47.4626851
      ],
      [
       9.6204229,
       47.4626369
      ],
      [
       9.6202778,
       47.4627778
      ],
      [
       9.5941667,
       47.4644444
      ],
      [
       9.3858333,
       47.4777778
      ],
      [
       9.3933333,
       47.5202778
      ],
      [
       9.4475,
       47.5580556
      ],
      [
       9.5244444,
       47.5522222
      ]
     ]
    ]
   }
  },
  {
   "type": "Feature",
   "properties": {
    "ll": {
     "value": 0,
     "unit": 1,
     "referenceDatum": 0
    },
    "ul": {
     "value": 1350,
     "unit": 0,
     "referenceDatum": 1
    },
    "_id": "62e10d67d0d055fccf50f557",
    "name": "CTR ZURICH 1",
    "type": 4,
    "icao": 3,
    "bnd": [
     [
      47.3516667,
      8.33
     ],
     [
      47.6091145,
      8.7710977
     ]
    ]
   },
   "geometry": {
    "type": "Polygon",
    "coordinates": [
     [
      [
       8.33,
       47.4613889
      ],
      [
       8.33,
       47.4613889
      ],
      [
       8.3301635,
       47.4660722
      ],
      [
       8.3305447,
       47.4707498
      ],
      [
       8.331143,
       47.4754169
      ],
      [
       8.3319581,
       47.4800691
      ],
      [
       8.3329892,
       47.4847016
      ],
      [
       8.3342353,
       47.4893099
      ],
      [
       8.3356952,
       47.4938895
      ],
      [
       8.3373676,
       47.4984359
      ],
      [
       8.3392508,
       47.5029444
      ],
      [
       8.3413431,
       47.5074108
      ],
      [
       8.3436424,
       47.5118305
      ],
      [
       8.3461464,
       47.5161992
      ],
      [
       8.3488529,
       47.5205125
      ],
      [
       8.3517591,
       47.5247663
      ],
      [
       8.3548622,
       47.5289562
      ],
      [
       8.3581592,
       47.5330781
      ],
      [
       8.3616469,
       47.537128
      ],
      [
       8.3653218,
       47.5411018
      ],
      [
       8.3691804,
       47.5449956
      ],
      [
       8.3732188,
       47.5488055
      ],
      [
       8.3774331,
       47.5525277
      ],
      [
       8.3818192,
       47.5561587
      ],
      [
       8.3863727,
       47.5596946
      ],
      [
       8.3910892,
       47.5631321
      ],
      [
       8.395964,
       47.5664678
      ],
      [
       8.4009922,
       47.5696982
      ],
      [
       8.406169,
       47.5728203
      ],
      [
       8.4114892,
       47.5758309
      ],
      [
       8.4169476,
       47.578727
      ],
      [
       8.4225387,
       47.5815057
      ],
      [
       8.428257,
       47.5841643
      ],
      [
       8.4340969,
       47.5867002
      ],
      [
       8.4400526,
       47.5891108
      ],
      [
       8.4461181,
       47.5913937
      ],
      [
       8.4522874,
       47.5935467
      ],
      [
       8.4585545,
       47.5955675
      ],
      [
       8.4649131,
       47.5974543
      ],
      [
       8.4713568,
       47.5992051
      ],
      [
       8.4778794,
       47.6008182
      ],
      [
       8.4844742,
       47.6022919
      ],
      [
       8.4911348,
       47.6036249
      ],
      [
       8.4978545,
       47.6048158
      ],
      [
       8.5046267,
       47.6058633
      ],
      [
       8.5114445,
       47.6067665
      ],
      [
       8.5183013,
       47.6075245
      ],
      [
       8.5251902,
       47.6081365
      ],
      [
       8.5321043,
       47.6086019
      ],
      [
       8.5390368,
       47.6089202
      ],
      [
       8.5459808,
       47.6090911
      ],
      [
       8.5529293,
       47.6091145
      ],
      [
       8.5598755,
       47.6089903
      ],
      [
       8.5668123,
       47.6087186
      ],
      [
       8.573733,
       47.6082998
      ],
      [
       8.5806307,
       47.6077342
      ],
      [
       8.5874984,
       47.6070224
      ],
      [
       8.5943293,
       47.6061651
      ],
      [
       8.6011167,
       47.6051632
      ],
      [
       8.6078537,
       47.6040176
      ],
      [
       8.6145337,
       47.6027295
      ],
      [
       8.6211501,
       47.6013002
      ],
      [
       8.6276963,
       47.5997311
      ],
      [
       8.6341657,
       47.5980237
      ],
      [
       8.6405519,
       47.5961798
      ],
      [
       8.6468487,
       47.5942012
      ],
      [
       8.6530497,
       47.5920899
      ],
      [
       8.6591487,
       47.5898479
      ],
      [
       8.6651398,
       47.5874775
      ],
      [
       8.671017,
       47.5849811
      ],
      [
       8.6767744,
       47.5823611
      ],
      [
       8.6824065,
       47.5796201
      ],
      [
       8.6879075,
       47.5767608
      ],
      [
       8.693272,
       47.5737862
      ],
      [
       8.6984948,
       47.5706991
      ],
      [
       8.7035707,
       47.5675027
      ],
      [
       8.7084946,
       47.5642
      ],
      [
       8.7132617,
       47.5607944
      ],
      [
       8.7178674,
       47.5572892
      ],
      [
       8.722307,
       47.553688
      ],
      [
       8.7265762,
       47.5499943
      ],
      [
       8.7306707,
       47.5462117
      ],
      [
       8.7345867,
       47.5423441
      ],
      [
       8.7383202,
       47.5383952
      ],
      [
       8.7418675,
       47.534369
      ],
      [
       8.7452253,
       47.5302695
      ],
      [
       8.7483902,
       47.5261007
      ],
      [
       8.7513591,
       47.5218667
      ],
      [
       8.7541291,
       47.5175718
      ],
      [
       8.7566976,
       47.5132201
      ],
      [
       8.759062,
       47.5088161
      ],
      [
       8.76122,
       47.5043641
      ],
      [
       8.7631697,
       47.4998684
      ],
      [
       8.764909,
       47.4953335
      ],
      [
       8.7664364,
       47.490764
      ],
      [
       8.7677504,
       47.4861643
      ],
      [
       8.7688497,
       47.4815389
      ],
      [
       8.7697333,
       47.4768925
      ],
      [
       8.7704004,
       47.4722296
      ],
      [
       8.7708504,
       47.4675548
      ],
      [
       8.7710829,
       47.4628728
      ],
      [
       8.7710977,
       47.4581882
      ],
      [
       8.7708949,
       47.4535056
      ],
      [
       8.7704747,
       47.4488295
      ],
      [
       8.7698377,
       47.4441647
      ],
      [
       8.7689844,
       47.4395158
      ],
      [
       8.7679159,
       47.4348872
      ],
      [
       8.7666331,
       47.4302837
      ],
      [
       8.7651374,
       47.4257096
      ],
      [
       8.7634304,
       47.4211695
      ],
      [
       8.7615138,
       47.416668
      ],
      [
       8.7593896,
       47.4122093
      ],
      [
       8.7583333,
       47.4105556
      ],
      [
       8.7583333,
       47.4105556
      ],
      [
       8.6863889,
       47.3844444
      ],
      [
       8.6613889,
       47.3752778
      ],
      [
       8.5430556,
       47.3669444
      ],
      [
       8.5302778,
       47.3658333
      ],
      [
       8.3402778,
       47.3516667
      ],
      [
       8.33,
       47.4613889
      ]
     ]
    ]
   }
  },
  {
   "type": "Feature",
   "properties": {
    "ll": {
     "value": 0,
     "unit": 1,
     "referenceDatum": 0
    },
    "ul": {
     "value": 1700,
     "unit": 0,
     "referenceDatum": 1
    },
    "_id": "62e10d67d0d055fccf50f560",
    "name": "CTR ZURICH 2 HX",
    "type": 4,
    "icao": 3,
    "bnd": [
     [
      47.2244444,
      8.5302778
     ],
     [
      47.3844444,
      8.7927778
     ]
    ]
   },
   "geometry": {
    "type": "Polygon",
    "coordinates": [
     [
      [
       8.6863889,
       47.3844444
      ],
      [
       8.7927778,
       47.2483333
      ],
      [
       8.6663889,
       47.2244444
      ],
      [
       8.6188889,
       47.2366667
      ],
      [
       8.605,
       47.2569444
      ],
      [
       8.5538889,
       47.3313889
      ],
      [
       8.5302778,
       47.3658333
      ],
      [
       8.5430556,
       47.3669444
      ],
      [
       8.6613889,
       47.3752778
      ],
      [
       8.6863889,
       47.3844444
      ]
     ]
    ]
   }
  },
  {
   "type": "Feature",
   "properties": {
    "ll": {
     "value": 0,
     "unit": 1,
     "referenceDatum": 0
    },
    "ul": {
     "value": 3050,
     "unit": 0,
     "referenceDatum": 1
    },
    "_id": "62e10d66d0d055fccf50f506",
    "name": "FIZ SAMEDAN",
    "type": 6,
    "icao": 7,
    "bnd": [
     [
      46.4897222,
      9.8216667
     ],
     [
      46.5794444,
      9.9408333
     ]
    ]
   },
   "geometry": {
    "type": "Polygon",
    "coordinates": [
     [
      [
       9.8836111,
       46.5794444
      ],
      [
       9.8856677,
       46.5794282
      ],
      [
       9.8877225,
       46.5793676
      ],
      [
       9.8897735,
       46.5792626
      ],
      [
       9.8918187,
       46.5791133
      ],
      [
       9.893856,
       46.5789199
      ],
      [
       9.8958835,
       46.5786825
      ],
      [
       9.8978992,
       46.5784015
      ],
      [
       9.8999009,
       46.5780771
      ],
      [
       9.9018868,
       46.5777095
      ],
      [
       9.903855,
       46.5772993
      ],
      [
       9.9058033,
       46.5768467
      ],
      [
       9.90773,
       46.5763522
      ],
      [
       9.9096331,
       46.5758163
      ],
      [
       9.9115108,
       46.5752396
      ],
      [
       9.9133611,
       46.5746226
      ],
      [
       9.9151822,
       46.573966
      ],
      [
       9.9169725,
       46.5732703
      ],
      [
       9.91873,
       46.5725362
      ],
      [
       9.920453,
       46.5717646
      ],
      [
       9.9221399,
       46.5709561
      ],
      [
       9.9237889,
       46.5701115
      ],
      [
       9.9253986,
       46.5692317
      ],
      [
       9.9269671,
       46.5683176
      ],
      [
       9.9284931,
       46.5673701
      ],
      [
       9.929975,
       46.56639
      ],
      [
       9.9314113,
       46.5653784
      ],
      [
       9.9328006,
       46.5643363
      ],
      [
       9.9341416,
       46.5632646
      ],
      [
       9.9354329,
       46.5621646
      ],
      [
       9.9366732,
       46.5610371
      ],
      [
       9.9378614,
       46.5598834
      ],
      [
       9.9389963,
       46.5587046
      ],
      [
       9.9400767,
       46.5575019
      ],
      [
       9.9408333,
       46.5563889
      ],
      [
       9.9330556,
       46.5430556
      ],
      [
       9.8766667,
       46.4897222
      ],
      [
       9.8746298,
       46.4899003
      ],
      [
       9.8726021,
       46.4901224
      ],
      [
       9.8705856,
       46.4903881
      ],
      [
       9.8685821,
       46.4906973
      ],
      [
       9.8665936,
       46.4910496
      ],
      [
       9.8646222,
       46.4914447
      ],
      [
       9.8626698,
       46.4918822
      ],
      [
       9.8607383,
       46.4923617
      ],
      [
       9.8588295,
       46.4928827
      ],
      [
       9.8569454,
       46.4934447
      ],
      [
       9.8550879,
       46.4940471
      ],
      [
       9.8532587,
       46.4946894
      ],
      [
       9.8514597,
       46.4953708
      ],
      [
       9.8496926,
       46.4960908
      ],
      [
       9.8479592,
       46.4968486
      ],
      [
       9.8462612,
       46.4976436
      ],
      [
       9.8446002,
       46.4984748
      ],
      [
       9.842978,
       46.4993415
      ],
      [
       9.841396,
       46.5002428
      ],
      [
       9.8398559,
       46.5011778
      ],
      [
       9.8383591,
       46.5021457
      ],
      [
       9.8369072,
       46.5031455
      ],
      [
       9.8355016,
       46.5041761
      ],
      [
       9.8341437,
       46.5052366
      ],
      [
       9.8328348,
       46.5063259
      ],
      [
       9.8315762,
       46.5074429
      ],
      [
       9.8303691,
       46.5085866
      ],
      [
       9.8292148,
       46.5097558
      ],
      [
       9.8281144,
       46.5109494
      ],
      [
       9.8270689,
       46.5121662
      ],
      [
       9.8260794,
       46.513405
      ],
      [
       9.825147,
       46.5146645
      ],
      [
       9.8242724,
       46.5159436
      ],
      [
       9.8234566,
       46.5172409
      ],
      [
       9.8227004,
       46.5185552
      ],
      [
       9.8220045,
       46.5198852
      ],
      [
       9.8216667,
       46.5208333
      ],
      [
       9.8836111,
       46.5794444
      ]
     ]
    ]
   }
  },
  {
   "type": "Feature",
   "properties": {
    "ll": {
     "value": 75,
     "unit": 6,
     "referenceDatum": 2
    },
    "ul": {
     "value": 85,
     "unit": 6,
     "referenceDatum": 2
    },
    "_id": "62e10d64d0d055fccf50f465",
    "name": "LF-R135 OYONNAX SOUTH",
    "type": 21,
    "icao": 7,
    "bnd": [
     [
      46.1483333,
      5.5736111
     ],
     [
      46.3122222,
      5.7786111
     ]
    ]
   },
   "geometry": {
    "type": "Polygon",
    "coordinates": [
     [
      [
       5.7433333,
       46.3122222
      ],
      [
       5.7786111,
       46.2694444
      ],
      [
       5.6008333,
       46.1483333
      ],
      [
       5.5736111,
       46.1536111
      ],
      [
       5.5763889,
       46.2372222
      ],
      [
       5.7433333,
       46.3122222
      ]
     ]
    ]
   }
  },
  {
   "type": "Feature",
   "properties": {
    "ll": {
     "value": 75,
     "unit": 6,
     "referenceDatum": 2
    },
    "ul": {
     "value": 85,
     "unit": 6,
     "referenceDatum": 2
    },
    "_id": "62e10d62d0d055fccf50f400",
    "name": "LF-R219 ST-CLAUDE SOUTH",
    "type": 21,
    "icao": 7,
    "bnd": [
     [
      46.2544444,
      5.7433333
     ],
     [
      46.3727778,
      5.9630556
     ]
    ]
   },
   "geometry": {
    "type": "Polygon",
    "coordinates": [
     [
      [
       5.7911111,
       46.2544444
      ],
      [
       5.7433333,
       46.3122222
      ],
      [
       5.9630556,
       46.3727778
      ],
      [
       5.7911111,
       46.2544444
      ]
     ]
    ]
   }
  },
  {
   "type": "Feature",
   "properties": {
    "ll": {
     "value": 1200,
     "unit": 0,
     "referenceDatum": 1
    },
    "ul": {
     "value": 3950,
     "unit": 0,
     "referenceDatum": 1
    },
    "_id": "62e10d6cd0d055fccf50f72e",
    "name": "LS-D10 BREIL/BRIGELS",
    "type": 2,
    "icao": 7,
    "bnd": [
     [
      46.6692274,
      8.9567703
     ],
     [
      46.8491059,
      9.2193408
     ]
    ]
   },
   "geometry": {
    "type": "Polygon",
    "coordinates": [
     [
      [
       9.0880556,
       46.8491059
      ],
      [
       9.0839249,
       46.8490614
      ],
      [
       9.0797983,
       46.8489281
      ],
      [
       9.0756799,
       46.8487061
      ],
      [
       9.0715738,
       46.8483955
      ],
      [
       9.0674841,
       46.8479968
      ],
      [
       9.0634147,
       46.8475102
      ],
      [
       9.0593698,
       46.8469363
      ],
      [
       9.0553533,
       46.8462756
      ],
      [
       9.0513693,
       46.8455289
      ],
      [
       9.0474216,
       46.8446968
      ],
      [
       9.0435142,
       46.8437801
      ],
      [
       9.039651,
       46.8427799
      ],
      [
       9.0358358,
       46.8416969
      ],
      [
       9.0320724,
       46.8405325
      ],
      [
       9.0283644,
       46.8392876
      ],
      [
       9.0247156,
       46.8379636
      ],
      [
       9.0211297,
       46.8365617
      ],
      [
       9.01761,
       46.8350833
      ],
      [
       9.0141602,
       46.8335299
      ],
      [
       9.0107836,
       46.8319031
      ],
      [
       9.0074835,
       46.8302044
      ],
      [
       9.0042633,
       46.8284355
      ],
      [
       9.0011261,
       46.8265982
      ],
      [
       8.998075,
       46.8246943
      ],
      [
       8.9951131,
       46.8227257
      ],
      [
       8.9922431,
       46.8206944
      ],
      [
       8.9894681,
       46.8186023
      ],
      [
       8.9867907,
       46.8164515
      ],
      [
       8.9842135,
       46.8142441
      ],
      [
       8.9817391,
       46.8119824
      ],
      [
       8.97937,
       46.8096686
      ],
      [
       8.9771084,
       46.8073049
      ],
      [
       8.9749566,
       46.8048938
      ],
      [
       8.9729167,
       46.8024375
      ],
      [
       8.9709908,
       46.7999386
      ],
      [
       8.9691805,
       46.7973994
      ],
      [
       8.9674879,
       46.7948226
      ],
      [
       8.9659145,
       46.7922106
      ],
      [
       8.9644618,
       46.789566
      ],
      [
       8.9631314,
       46.7868915
      ],
      [
       8.9619244,
       46.7841896
      ],
      [
       8.960842,
       46.7814632
      ],
      [
       8.9598854,
       46.7787148
      ],
      [
       8.9590553,
       46.7759471
      ],
      [
       8.9583527,
       46.773163
      ],
      [
       8.9577782,
       46.7703651
      ],
      [
       8.9573324,
       46.7675563
      ],
      [
       8.9570156,
       46.7647392
      ],
      [
       8.9568282,
       46.7619167
      ],
      [
       8.9567703,
       46.7590916
      ],
      [
       8.9568419,
       46.7562666
      ],
      [
       8.9570431,
       46.7534446
      ],
      [
       8.9573734,
       46.7506283
      ],
      [
       8.9578327,
       46.7478204
      ],
      [
       8.9584205,
       46.7450239
      ],
      [
       8.959136,
       46.7422413
      ],
      [
       8.9599787,
       46.7394756
      ],
      [
       8.9609476,
       46.7367293
      ],
      [
       8.9620418,
       46.7340052
      ],
      [
       8.9632602,
       46.7313061
      ],
      [
       8.9646015,
       46.7286344
      ],
      [
       8.9660645,
       46.725993
      ],
      [
       8.9676477,
       46.7233843
      ],
      [
       8.9693494,
       46.720811
      ],
      [
       8.971168,
       46.7182756
      ],
      [
       8.9731018,
       46.7157805
      ],
      [
       8.9751487,
       46.7133283
      ],
      [
       8.9773067,
       46.7109214
      ],
      [
       8.9795738,
       46.708562
      ],
      [
       8.9819476,
       46.7062526
      ],
      [
       8.9844258,
       46.7039955
      ],
      [
       8.9870059,
       46.7017927
      ],
      [
       8.9896855,
       46.6996466
      ],
      [
       8.9924619,
       46.6975592
      ],
      [
       8.9953322,
       46.6955326
      ],
      [
       8.9982937,
       46.6935687
      ],
      [
       9.0013435,
       46.6916695
      ],
      [
       9.0044786,
       46.6898368
      ],
      [
       9.0076958,
       46.6880726
      ],
      [
       9.010992,
       46.6863784
      ],
      [
       9.0143639,
       46.684756
      ],
      [
       9.0178083,
       46.683207
      ],
      [
       9.0213217,
       46.6817328
      ],
      [
       9.0249007,
       46.6803349
      ],
      [
       9.0285417,
       46.6790148
      ],
      [
       9.0322412,
       46.6777736
      ],
      [
       9.0359956,
       46.6766127
      ],
      [
       9.039801,
       46.6755331
      ],
      [
       9.0436539,
       46.674536
      ],
      [
       9.0475504,
       46.6736222
      ],
      [
       9.0514867,
       46.6727928
      ],
      [
       9.0554589,
       46.6720484
      ],
      [
       9.0594631,
       46.6713899
      ],
      [
       9.0634954,
       46.6708179
      ],
      [
       9.0675518,
       46.6703329
      ],
      [
       9.0716283,
       46.6699355
      ],
      [
       9.075721,
       46.6696259
      ],
      [
       9.0798258,
       46.6694046
      ],
      [
       9.0839386,
       46.6692717
      ],
      [
       9.0880556,
       46.6692274
      ],
      [
       9.0921725,
       46.6692717
      ],
      [
       9.0962853,
       46.6694046
      ],
      [
       9.1003901,
       46.6696259
      ],
      [
       9.1044828,
       46.6699355
      ],
      [
       9.1085593,
       46.6703329
      ],
      [
       9.1126157,
       46.6708179
      ],
      [
       9.116648,
       46.6713899
      ],
      [
       9.1206522,
       46.6720484
      ],
      [
       9.1246244,
       46.6727928
      ],
      [
       9.1285607,
       46.6736222
      ],
      [
       9.1324572,
       46.674536
      ],
      [
       9.1363101,
       46.6755331
      ],
      [
       9.1401156,
       46.6766127
      ],
      [
       9.1438699,
       46.6777736
      ],
      [
       9.1475694,
       46.6790148
      ],
      [
       9.1512104,
       46.6803349
      ],
      [
       9.1547894,
       46.6817328
      ],
      [
       9.1583028,
       46.683207
      ],
      [
       9.1617472,
       46.684756
      ],
      [
       9.1651191,
       46.6863784
      ],
      [
       9.1684153,
       46.6880726
      ],
      [
       9.1716325,
       46.6898368
      ],
      [
       9.1747676,
       46.6916695
      ],
      [
       9.1778174,
       46.6935687
      ],
      [
       9.1807789,
       46.6955326
      ],
      [
       9.1836493,
       46.6975592
      ],
      [
       9.1864256,
       46.6996466
      ],
      [
       9.1891052,
       46.7017927
      ],
      [
       9.1916853,
       46.7039955
      ],
      [
       9.1941635,
       46.7062526
      ],
      [
       9.1965373,
       46.708562
      ],
      [
       9.1988044,
       46.7109214
      ],
      [
       9.2009624,
       46.7133283
      ],
      [
       9.2030093,
       46.7157805
      ],
      [
       9.2049431,
       46.7182756
      ],
      [
       9.2067617,
       46.720811
      ],
      [
       9.2084634,
       46.7233843
      ],
      [
       9.2100466,
       46.725993
      ],
      [
       9.2115096,
       46.7286344
      ],
      [
       9.2128509,
       46.7313061
      ],
      [
       9.2140693,
       46.7340052
      ],
      [
       9.2151635,
       46.7367293
      ],
      [
       9.2161324,
       46.7394756
      ],
      [
       9.2169751,
       46.7422413
      ],
      [
       9.2176907,
       46.7450239
      ],
      [
       9.2182784,
       46.7478204
      ],
      [
       9.2187377,
       46.7506283
      ],
      [
       9.2190681,
       46.7534446
      ],
      [
       9.2192692,
       46.7562666
      ],
      [
       9.2193408,
       46.7590916
      ],
      [
       9.2192829,
       46.7619167
      ],
      [
       9.2190955,
       46.7647392
      ],
      [
       9.2187787,
       46.7675563
      ],
      [
       9.2183329,
       46.7703651
      ],
      [
       9.2177584,
       46.773163
      ],
      [
       9.2170558,
       46.7759471
      ],
      [
       9.2162258,
       46.7787148
      ],
      [
       9.2152691,
       46.7814632
      ],
      [
       9.2141867,
       46.7841896
      ],
      [
       9.2129797,
       46.7868915
      ],
      [
       9.2116493,
       46.789566
      ],
      [
       9.2101966,
       46.7922106
      ],
      [
       9.2086232,
       46.7948226
      ],
      [
       9.2069306,
       46.7973994
      ],
      [
       9.2051204,
       46.7999386
      ],
      [
       9.2031944,
       46.8024375
      ],
      [
       9.2011545,
       46.8048938
      ],
      [
       9.1990027,
       46.8073049
      ],
      [
       9.1967411,
       46.8096686
      ],
      [
       9.194372,
       46.8119824
      ],
      [
       9.1918976,
       46.8142441
      ],
      [
       9.1893204,
       46.8164515
      ],
      [
       9.186643,
       46.8186023
      ],
      [
       9.183868,
       46.8206944
      ],
      [
       9.1809981,
       46.8227257
      ],
      [
       9.1780361,
       46.8246943
      ],
      [
       9.174985,
       46.8265982
      ],
      [
       9.1718478,
       46.8284355
      ],
      [
       9.1686276,
       46.8302044
      ],
      [
       9.1653276,
       46.8319031
      ],
      [
       9.1619509,
       46.8335299
      ],
      [
       9.1585011,
       46.8350833
      ],
      [
       9.1549814,
       46.8365617
      ],
      [
       9.1513955,
       46.8379636
      ],
      [
       9.1477467,
       46.8392876
      ],
      [
       9.1440387,
       46.8405325
      ],
      [
       9.1402753,
       46.8416969
      ],
      [
       9.1364601,
       46.8427799
      ],
      [
       9.1325969,
       46.8437801
      ],
      [
       9.1286895,
       46.8446968
      ],
      [
       9.1247418,
       46.8455289
      ],
      [
       9.1207578,
       46.8462756
      ],
      [
       9.1167413,
       46.8469363
      ],
      [
       9.1126964,
       46.8475102
      ],
      [
       9.1086271,
       46.8479968
      ],
      [
       9.1045373,
       46.8483955
      ],
      [
       9.1004312,
       46.8487061
      ],
      [
       9.0963128,
       46.8489281
      ],
      [
       9.0921862,
       46.8490614
      ],
      [
       9.0880556,
       46.8491059
      ]
     ]
    ]
   }
  },
  {
   "type": "Feature",
   "properties": {
    "ll": {
     "value": 0,
     "unit": 1,
     "referenceDatum": 0
    },
    "ul": {
     "value": 3000,
     "unit": 0,
     "referenceDatum": 1
    },
    "_id": "62e10d6cd0d055fccf50f737",
    "name": "LS-D12 SIHLTAL",
    "type": 2,
    "icao": 7,
    "bnd": [
     [
      46.9986111,
      8.8377778
     ],
     [
      47.0569444,
      8.8877778
     ]
    ]
   },
   "geometry": {
    "type": "Polygon",
    "coordinates": [
     [
      [
       8.8877778,
       47.0486111
      ],
      [
       8.8572222,
       46.9986111
      ],
      [
       8.8377778,
       46.9986111
      ],
      [
       8.8377778,
       47.0541667
      ],
      [
       8.8516667,
       47.0569444
      ],
      [
       8.8766667,
       47.0569444
      ],
      [
       8.8877778,
       47.0486111
      ]
     ]
    ]
   }
  },
  {
   "type": "Feature",
   "properties": {
    "ll": {
     "value": 0,
     "unit": 1,
     "referenceDatum": 0
    },
    "ul": {
     "value": 2200,
     "unit": 0,
     "referenceDatum": 1
    },
    "_id": "62e10d6cd0d055fccf50f743",
    "name": "LS-D14 GASTERNTAL",
    "type": 2,
    "icao": 7,
    "bnd": [
     [
      46.4236111,
      7.6322222
     ],
     [
      46.4708333,
      7.7266667
     ]
    ]
   },
   "geometry": {
    "type": "Polygon",
    "coordinates": [
     [
      [
       7.7266667,
       46.4708333
      ],
      [
       7.6905556,
       46.4236111
      ],
      [
       7.6322222,
       46.4486111
      ],
      [
       7.6491667,
       46.4680556
      ],
      [
       7.7266667,
       46.4708333
      ]
     ]
    ]
   }
  },
  {
   "type": "Feature",
   "properties": {
    "ll": {
     "value": 0,
     "unit": 1,
     "referenceDatum": 0
    },
    "ul": {
     "value": 1850,
     "unit": 0,
     "referenceDatum": 1
    },
    "_id": "62e10d6cd0d055fccf50f74c",
    "name": "LS-D15 ROSSBODEN-CHUR",
    "type": 2,
    "icao": 7,
    "bnd": [
     [
      46.8458333,
      9.4791667
     ],
     [
      46.8666667,
      9.5069444
     ]
    ]
   },
   "geometry": {
    "type": "Polygon",
    "coordinates": [
     [
      [
       9.4902778,
       46.8666667
      ],
      [
       9.5069444,
       46.8486111
      ],
      [
       9.4944444,
       46.8458333
      ],
      [
       9.4791667,
       46.8597222
      ],
      [
       9.4902778,
       46.8666667
      ]
     ]
    ]
   }
  },
  {
   "type": "Feature",
   "properties": {
    "ll": {
     "value": 0,
     "unit": 1,
     "referenceDatum": 0
    },
    "ul": {
     "value": 1500,
     "unit": 0,
     "referenceDatum": 1
    },
    "_id": "62e10d6cd0d055fccf50f756",
    "name": "LS-D18 THUN",
    "type": 2,
    "icao": 7,
    "bnd": [
     [
      46.7169444,
      7.5433333
     ],
     [
      46.76,
      7.6072222
     ]
    ]
   },
   "geometry": {
    "type": "Polygon",
    "coordinates": [
     [
      [
       7.6072222,
       46.76
      ],
      [
       7.5694444,
       46.7169444
      ],
      [
       7.5433333,
       46.735
      ],
      [
       7.6072222,
       46.76
      ]
     ]
    ]
   }
  },
  {
   "type": "Feature",
   "properties": {
    "ll": {
     "value": 0,
     "unit": 1,
     "referenceDatum": 0
    },
    "ul": {
     "value": 1700,
     "unit": 0,
     "referenceDatum": 1
    },
    "_id": "62e10d6cd0d055fccf50f760",
    "name": "LS-D22 PETIT MONT",
    "type": 2,
    "icao": 7,
    "bnd": [
     [
      46.5044444,
      7.0302778
     ],
     [
      46.5688889,
      7.1130556
     ]
    ]
   },
   "geometry": {
    "type": "Polygon",
    "coordinates": [
     [
      [
       7.0302778,
       46.5047222
      ],
      [
       7.0813889,
       46.5686111
      ],
      [
       7.1130556,
       46.5688889
      ],
      [
       7.0855556,
       46.5044444
      ],
      [
       7.0302778,
       46.5047222
      ]
     ]
    ]
   }
  },
  {
   "type": "Feature",
   "properties": {
    "ll": {
     "value": 900,
     "unit": 0,
     "referenceDatum": 1
    },
    "ul": {
     "value": 1500,
     "unit": 0,
     "referenceDatum": 1
    },
    "_id": "62e10d6cd0d055fccf50f71a",
    "name": "LS-D5 ERISWIL",
    "type": 2,
    "icao": 7,
    "bnd": [
     [
      46.9380556,
      7.6402778
     ],
     [
      47.1355556,
      8.0797222
     ]
    ]
   },
   "geometry": {
    "type": "Polygon",
    "coordinates": [
     [
      [
       8.0797222,
       47.0908333
      ],
      [
       7.8963889,
       47.1355556
      ],
      [
       7.6880556,
       47.1163889
      ],
      [
       7.6402778,
       47.0597222
      ],
      [
       7.7338889,
       46.9797222
      ],
      [
       7.7822222,
       46.9380556
      ],
      [
       8.0216667,
       46.9519444
      ],
      [
       8.0797222,
       47.0908333
      ]
     ]
    ]
   }
  },
  {
   "type": "Feature",
   "properties": {
    "ll": {
     "value": 1350,
     "unit": 0,
     "referenceDatum": 1
    },
    "ul": {
     "value": 2750,
     "unit": 0,
     "referenceDatum": 1
    },
    "_id": "62e10d6cd0d055fccf50f724",
    "name": "LS-D7 GRANDVILLARD",
    "type": 2,
    "icao": 7,
    "bnd": [
     [
      46.4733333,
      6.9819444
     ],
     [
      46.6088889,
      7.1780556
     ]
    ]
   },
   "geometry": {
    "type": "Polygon",
    "coordinates": [
     [
      [
       7.1775,
       46.6088889
      ],
      [
       7.1780556,
       46.5188889
      ],
      [
       7.1,
       46.4738889
      ],
      [
       6.9830556,
       46.4733333
      ],
      [
       6.9819444,
       46.5902778
      ],
      [
       7.0863889,
       46.5727778
      ],
      [
       7.1775,
       46.6088889
      ]
     ]
    ]
   }
  },
  {
   "type": "Feature",
   "properties": {
    "ll": {
     "value": 0,
     "unit": 1,
     "referenceDatum": 0
    },
    "ul": {
     "value": 9600,
     "unit": 0,
     "referenceDatum": 1
    },
    "_id": "62e10d6ed0d055fccf50f7d0",
    "name": "LS-R11 ZUOZ/S-CHANF",
    "type": 1,
    "icao": 7,
    "bnd": [
     [
      46.6022222,
      9.8416667
     ],
     [
      46.7344989,
      10.0425
     ]
    ]
   },
   "geometry": {
    "type": "Polygon",
    "coordinates": [
     [
      [
       10.0413889,
       46.6697222
      ],
      [
       10.0016667,
       46.6177778
      ],
      [
       9.9602778,
       46.6022222
      ],
      [
       9.9433333,
       46.6266667
      ],
      [
       9.8416667,
       46.6566667
      ],
      [
       9.8435077,
       46.6600996
      ],
      [
       9.8455051,
       46.6634911
      ],
      [
       9.8476571,
       46.6668379
      ],
      [
       9.8499614,
       46.6701366
      ],
      [
       9.8524159,
       46.6733839
      ],
      [
       9.8550182,
       46.6765766
      ],
      [
       9.8577656,
       46.6797117
      ],
      [
       9.8606555,
       46.6827859
      ],
      [
       9.8636851,
       46.6857962
      ],
      [
       9.8668514,
       46.6887397
      ],
      [
       9.8701512,
       46.6916134
      ],
      [
       9.8735814,
       46.6944145
      ],
      [
       9.8771385,
       46.6971402
      ],
      [
       9.880819,
       46.6997879
      ],
      [
       9.8846194,
       46.7023547
      ],
      [
       9.8885358,
       46.7048384
      ],
      [
       9.8925643,
       46.7072363
      ],
      [
       9.8967011,
       46.7095461
      ],
      [
       9.900942,
       46.7117655
      ],
      [
       9.9052828,
       46.7138923
      ],
      [
       9.9097193,
       46.7159244
      ],
      [
       9.914247,
       46.7178598
      ],
      [
       9.9188614,
       46.7196965
      ],
      [
       9.923558,
       46.7214328
      ],
      [
       9.9283321,
       46.7230668
      ],
      [
       9.9331791,
       46.7245971
      ],
      [
       9.938094,
       46.7260221
      ],
      [
       9.943072,
       46.7273402
      ],
      [
       9.9481082,
       46.7285504
      ],
      [
       9.9531976,
       46.7296513
      ],
      [
       9.9583352,
       46.7306418
      ],
      [
       9.9635157,
       46.731521
      ],
      [
       9.9687342,
       46.732288
      ],
      [
       9.9739853,
       46.732942
      ],
      [
       9.979264,
       46.7334824
      ],
      [
       9.9845649,
       46.7339087
      ],
      [
       9.9898827,
       46.7342204
      ],
      [
       9.9952123,
       46.7344171
      ],
      [
       10.0005483,
       46.7344989
      ],
      [
       10.0058854,
       46.7344654
      ],
      [
       10.0112183,
       46.7343168
      ],
      [
       10.0165418,
       46.7340532
      ],
      [
       10.0218504,
       46.733675
      ],
      [
       10.027139,
       46.7331823
      ],
      [
       10.0324023,
       46.7325758
      ],
      [
       10.0376351,
       46.7318561
      ],
      [
       10.0425,
       46.7313889
      ],
      [
       10.0413889,
       46.6697222
      ]
     ]
    ]
   }
  },
  {
   "type": "Feature",
   "properties": {
    "ll": {
     "value": 2150,
     "unit": 0,
     "referenceDatum": 1
    },
    "ul": {
     "value": 9600,
     "unit": 0,
     "referenceDatum": 1
    },
    "_id": "62e10d6ed0d055fccf50f7d9",
    "name": "LS-R11A ZUOZ/S-CHANF",
    "type": 1,
    "icao": 7,
    "bnd": [
     [
      46.5296002,
      9.9330556
     ],
     [
      46.6697222,
      10.085
     ]
    ]
   },
   "geometry": {
    "type": "Polygon",
    "coordinates": [
     [
      [
       10.0413889,
       46.6697222
      ],
      [
       10.0402778,
       46.6047222
      ],
      [
       10.0786111,
       46.5744444
      ],
      [
       10.0794444,
       46.5713889
      ],
      [
       10.085,
       46.5675
      ],
      [
       10.0777778,
       46.5602778
      ],
      [
       10.0708333,
       46.5569444
      ],
      [
       10.0691667,
       46.5522222
      ],
      [
       10.0627778,
       46.5480556
      ],
      [
       10.0608333,
       46.5455556
      ],
      [
       10.0513889,
       46.545
      ],
      [
       10.0469444,
       46.5438889
      ],
      [
       10.0436111,
       46.5408333
      ],
      [
       10.0461111,
       46.5344444
      ],
      [
       10.0421325,
       46.5335643
      ],
      [
       10.0381158,
       46.5327704
      ],
      [
       10.0340649,
       46.5320635
      ],
      [
       10.0299838,
       46.5314444
      ],
      [
       10.0258766,
       46.5309136
      ],
      [
       10.0217472,
       46.5304717
      ],
      [
       10.0175997,
       46.5301191
      ],
      [
       10.0134383,
       46.5298562
      ],
      [
       10.0092669,
       46.5296831
      ],
      [
       10.0050897,
       46.5296002
      ],
      [
       10.0009107,
       46.5296073
      ],
      [
       9.9967342,
       46.5297047
      ],
      [
       9.9925641,
       46.5298921
      ],
      [
       9.9884046,
       46.5301693
      ],
      [
       9.9842598,
       46.5305362
      ],
      [
       9.9801336,
       46.5309923
      ],
      [
       9.9760303,
       46.5315372
      ],
      [
       9.9719538,
       46.5321704
      ],
      [
       9.9679081,
       46.5328911
      ],
      [
       9.9638972,
       46.5336989
      ],
      [
       9.959925,
       46.5345927
      ],
      [
       9.9559954,
       46.5355718
      ],
      [
       9.9521124,
       46.5366352
      ],
      [
       9.9482796,
       46.5377818
      ],
      [
       9.944501,
       46.5390106
      ],
      [
       9.9407801,
       46.5403203
      ],
      [
       9.9371207,
       46.5417096
      ],
      [
       9.9335264,
       46.5431772
      ],
      [
       9.9330556,
       46.5430556
      ],
      [
       9.9641667,
       46.5963889
      ],
      [
       9.9602778,
       46.6022222
      ],
      [
       10.0016667,
       46.6177778
      ],
      [
       10.0413889,
       46.6697222
      ]
     ]
    ]
   }
  },
  {
   "type": "Feature",
   "properties": {
    "ll": {
     "value": 0,
     "unit": 1,
     "referenceDatum": 0
    },
    "ul": {
     "value": 6850,
     "unit": 0,
     "referenceDatum": 1
    },
    "_id": "62e10d6ed0d055fccf50f7e3",
    "name": "LS-R12 SIMPLON",
    "type": 1,
    "icao": 7,
    "bnd": [
     [
      46.1136111,
      7.9738889
     ],
     [
      46.2663889,
      8.1102778
     ]
    ]
   },
   "geometry": {
    "type": "Polygon",
    "coordinates": [
     [
      [
       8.0263889,
       46.2663889
      ],
      [
       8.0780556,
       46.2636111
      ],
      [
       8.0802778,
       46.2605556
      ],
      [
       8.0872222,
       46.2533333
      ],
      [
       8.1102778,
       46.2494444
      ],
      [
       8.0811111,
       46.2338889
      ],
      [
       8.0941667,
       46.1841667
      ],
      [
       8.0808333,
       46.1380556
      ],
      [
       8.0572222,
       46.1225
      ],
      [
       8.015,
       46.1136111
      ],
      [
       7.9930556,
       46.1622222
      ],
      [
       7.9738889,
       46.2225
      ],
      [
       7.9752778,
       46.2413889
      ],
      [
       8.0263889,
       46.2663889
      ]
     ]
    ]
   }
  },
  {
   "type": "Feature",
   "properties": {
    "ll": {
     "value": 1850,
     "unit": 0,
     "referenceDatum": 1
    },
    "ul": {
     "value": 130,
     "unit": 6,
     "referenceDatum": 2
    },
    "_id": "62e10d6ed0d055fccf50f7ee",
    "name": "LS-R13 AXALP",
    "type": 1,
    "icao": 7,
    "bnd": [
     [
      46.5575,
      7.6802778
     ],
     [
      46.9136111,
      8.2713889
     ]
    ]
   },
   "geometry": {
    "type": "Polygon",
    "coordinates": [
     [
      [
       7.6802778,
       46.6863889
      ],
      [
       7.8352778,
       46.5575
      ],
      [
       8.1180556,
       46.59
      ],
      [
       8.2713889,
       46.7716667
      ],
      [
       7.9338889,
       46.9136111
      ],
      [
       7.8252778,
       46.8011111
      ],
      [
       7.6802778,
       46.6863889
      ]
     ]
    ]
   }
  },
  {
   "type": "Feature",
   "properties": {
    "ll": {
     "value": 0,
     "unit": 1,
     "referenceDatum": 0
    },
    "ul": {
     "value": 3800,
     "unit": 0,
     "referenceDatum": 1
    },
    "_id": "62e10d6ed0d055fccf50f7f8",
    "name": "LS-R14 SAENTIS",
    "type": 1,
    "icao": 7,
    "bnd": [
     [
      47.2080556,
      9.2625
     ],
     [
      47.255,
      9.3452778
     ]
    ]
   },
   "geometry": {
    "type": "Polygon",
    "coordinates": [
     [
      [
       9.3133333,
       47.2538889
      ],
      [
       9.3341667,
       47.2466667
      ],
      [
       9.3452778,
       47.2372222
      ],
      [
       9.3302778,
       47.2186111
      ],
      [
       9.2925,
       47.2080556
      ],
      [
       9.2625,
       47.225
      ],
      [
       9.2711111,
       47.2422222
      ],
      [
       9.2936111,
       47.255
      ],
      [
       9.3133333,
       47.2538889
      ]
     ]
    ]
   }
  },
  {
   "type": "Feature",
   "properties": {
    "ll": {
     "value": 1000,
     "unit": 1,
     "referenceDatum": 0
    },
    "ul": {
     "value": 100,
     "unit": 6,
     "referenceDatum": 2
    },
    "_id": "62e10d6ed0d055fccf50f802",
    "name": "LS-R15 ENTLEBUCH",
    "type": 1,
    "icao": 7,
    "bnd": [
     [
      46.8916667,
      7.8608333
     ],
     [
      47.0827778,
      8.1933333
     ]
    ]
   },
   "geometry": {
    "type": "Polygon",
    "coordinates": [
     [
      [
       8.1933333,
       47.0341667
      ],
      [
       8.1347222,
       46.9908333
      ],
      [
       8.0763889,
       46.9477778
      ],
      [
       8.0002778,
       46.8916667
      ],
      [
       7.8608333,
       46.9647222
      ],
      [
       8.0027778,
       47.0413889
      ],
      [
       8.0244444,
       47.0486111
      ],
      [
       8.1280556,
       47.0827778
      ],
      [
       8.1858333,
       47.0380556
      ],
      [
       8.1933333,
       47.0341667
      ]
     ]
    ]
   }
  },
  {
   "type": "Feature",
   "properties": {
    "ll": {
     "value": 0,
     "unit": 1,
     "referenceDatum": 0
    },
    "ul": {
     "value": 3200,
     "unit": 0,
     "referenceDatum": 1
    },
    "_id": "62e10d6ed0d055fccf50f80c",
    "name": "LS-R16 ISONE 1",
    "type": 1,
    "icao": 7,
    "bnd": [
     [
      46.1125,
      8.9866667
     ],
     [
      46.1497222,
      9.0805556
     ]
    ]
   },
   "geometry": {
    "type": "Polygon",
    "coordinates": [
     [
      [
       9.0094444,
       46.1497222
      ],
      [
       9.0325,
       46.1483333
      ],
      [
       9.0686111,
       46.1355556
      ],
      [
       9.0805556,
       46.1219444
      ],
      [
       9.0725,
       46.1180556
      ],
      [
       9.0527778,
       46.1125
      ],
      [
       9.0263889,
       46.1130556
      ],
      [
       9.0061111,
       46.1133333
      ],
      [
       8.9866667,
       46.1194444
      ],
      [
       8.9872222,
       46.1305556
      ],
      [
       8.9916667,
       46.1430556
      ],
      [
       9.0094444,
       46.1497222
      ]
     ]
    ]
   }
  },
  {
   "type": "Feature",
   "properties": {
    "ll": {
     "value": 0,
     "unit": 1,
     "referenceDatum": 0
    },
    "ul": {
     "value": 3200,
     "unit": 0,
     "referenceDatum": 1
    },
    "_id": "62e10d6ed0d055fccf50f816",
    "name": "LS-R17 ISONE 2",
    "type": 1,
    "icao": 7,
    "bnd": [
     [
      46.0952778,
      8.9625
     ],
     [
      46.1194444,
      9.0263889
     ]
    ]
   },
   "geometry": {
    "type": "Polygon",
    "coordinates": [
     [
      [
       8.9866667,
       46.1194444
      ],
      [
       9.0061111,
       46.1133333
      ],
      [
       9.0263889,
       46.1130556
      ],
      [
       9.0130556,
       46.0997222
      ],
      [
       8.9905556,
       46.0952778
      ],
      [
       8.9625,
       46.1025
      ],
      [
       8.9866667,
       46.1194444
      ]
     ]
    ]
   }
  },
  {
   "type": "Feature",
   "properties": {
    "ll": {
     "value": 0,
     "unit": 1,
     "referenceDatum": 0
    },
    "ul": {
     "value": 1350,
     "unit": 0,
     "referenceDatum": 1
    },
    "_id": "62e10d6fd0d055fccf50f820",
    "name": "LS-R18 BURE",
    "type": 1,
    "icao": 7,
    "bnd": [
     [
      47.4141667,
      6.9575
     ],
     [
      47.4580556,
      7.0452778
     ]
    ]
   },
   "geometry": {
    "type": "Polygon",
    "coordinates": [
     [
      [
       7.0155556,
       47.4580556
      ],
      [
       7.0433333,
       47.4566667
      ],
      [
       7.0452778,
       47.4505556
      ],
      [
       7.0277778,
       47.4311111
      ],
      [
       6.9825,
       47.4141667
      ],
      [
       6.9627778,
       47.4163889
      ],
      [
       6.9575,
       47.4338889
      ],
      [
       6.9638889,
       47.4358333
      ],
      [
       7,
       47.4327778
      ],
      [
       7.0147222,
       47.4375
      ],
      [
       7.0088889,
       47.4538889
      ],
      [
       7.0155556,
       47.4580556
      ]
     ]
    ]
   }
  },
  {
   "type": "Feature",
   "properties": {
    "ll": {
     "value": 100,
     "unit": 6,
     "referenceDatum": 2
    },
    "ul": {
     "value": 130,
     "unit": 6,
     "referenceDatum": 2
    },
    "_id": "62e10d6dd0d055fccf50f769",
    "name": "LS-R2 HOHGANT",
    "type": 1,
    "icao": 7,
    "bnd": [
     [
      46.7211111,
      7.5961111
     ],
     [
      47.0511111,
      8.4316667
     ]
    ]
   },
   "geometry": {
    "type": "Polygon",
    "coordinates": [
     [
      [
       8.0411111,
       46.7877778
      ],
      [
       8.0147222,
       46.7877778
      ],
      [
       7.9583333,
       46.7563889
      ],
      [
       7.8869444,
       46.7522222
      ],
      [
       7.7608333,
       46.7447222
      ],
      [
       7.6677778,
       46.7391667
      ],
      [
       7.5961111,
       46.8211111
      ],
      [
       7.8608333,
       46.9647222
      ],
      [
       8.0027778,
       47.0413889
      ],
      [
       8.0244444,
       47.0486111
      ],
      [
       8.1605556,
       47.0511111
      ],
      [
       8.1858333,
       47.0380556
      ],
      [
       8.1933333,
       47.0341667
      ],
      [
       8.2372222,
       47.0113889
      ],
      [
       8.3272222,
       46.9647222
      ],
      [
       8.3408333,
       46.9297222
      ],
      [
       8.3994444,
       46.9411111
      ],
      [
       8.4316667,
       46.7211111
      ],
      [
       8.0411111,
       46.7877778
      ]
     ]
    ]
   }
  },
  {
   "type": "Feature",
   "properties": {
    "ll": {
     "value": 600,
     "unit": 0,
     "referenceDatum": 0
    },
    "ul": {
     "value": 90,
     "unit": 6,
     "referenceDatum": 2
    },
    "_id": "62e10d6fd0d055fccf50f82a",
    "name": "LS-R20 GRUYERES",
    "type": 21,
    "icao": 7,
    "bnd": [
     [
      46.4452778,
      7.0127778
     ],
     [
      46.7322222,
      7.3980556
     ]
    ]
   },
   "geometry": {
    "type": "Polygon",
    "coordinates": [
     [
      [
       7.3208333,
       46.7322222
      ],
      [
       7.3933333,
       46.7069444
      ],
      [
       7.3980556,
       46.6597222
      ],
      [
       7.3616667,
       46.6177778
      ],
      [
       7.2486111,
       46.4863889
      ],
      [
       7.0127778,
       46.4452778
      ],
      [
       7.0211111,
       46.5686111
      ],
      [
       7.3208333,
       46.7322222
      ]
     ]
    ]
   }
  },
  {
   "type": "Feature",
   "properties": {
    "ll": {
     "value": 600,
     "unit": 0,
     "referenceDatum": 0
    },
    "ul": {
     "value": 80,
     "unit": 6,
     "referenceDatum": 2
    },
    "_id": "62e10d6fd0d055fccf50f834",
    "name": "LS-R21 UNTERWALLIS N",
    "type": 21,
    "icao": 7,
    "bnd": [
     [
      46.2575,
      6.7711111
     ],
     [
      46.5686111,
      7.0211111
     ]
    ]
   },
   "geometry": {
    "type": "Polygon",
    "coordinates": [
     [
      [
       6.855,
       46.2580556
      ],
      [
       6.8602778,
       46.2661111
      ],
      [
       6.8594444,
       46.2741667
      ],
      [
       6.8658333,
       46.2816667
      ],
      [
       6.8591667,
       46.2908333
      ],
      [
       6.8544444,
       46.2930556
      ],
      [
       6.8491667,
       46.2905556
      ],
      [
       6.8283333,
       46.3030556
      ],
      [
       6.8305556,
       46.3061111
      ],
      [
       6.8202778,
       46.3158333
      ],
      [
       6.8069444,
       46.3205556
      ],
      [
       6.8011111,
       46.3197222
      ],
      [
       6.7969444,
       46.3330556
      ],
      [
       6.7861111,
       46.3327778
      ],
      [
       6.7744444,
       46.3483333
      ],
      [
       6.7711111,
       46.3608333
      ],
      [
       6.7811111,
       46.3669444
      ],
      [
       6.7913889,
       46.3672222
      ],
      [
       6.8047222,
       46.3777778
      ],
      [
       6.8788889,
       46.3469444
      ],
      [
       6.8863889,
       46.3511111
      ],
      [
       6.8938889,
       46.3544444
      ],
      [
       6.9208333,
       46.3647222
      ],
      [
       6.9294444,
       46.3866667
      ],
      [
       6.9352778,
       46.4052778
      ],
      [
       6.9302778,
       46.4352778
      ],
      [
       6.9163889,
       46.4461111
      ],
      [
       6.9077778,
       46.4572222
      ],
      [
       6.9036111,
       46.4644444
      ],
      [
       6.8988889,
       46.4711111
      ],
      [
       6.8891667,
       46.4755556
      ],
      [
       7.0211111,
       46.5686111
      ],
      [
       7.0127778,
       46.4452778
      ],
      [
       6.9533333,
       46.3494444
      ],
      [
       6.9138889,
       46.2855556
      ],
      [
       6.9047222,
       46.2811111
      ],
      [
       6.8552778,
       46.2575
      ],
      [
       6.855,
       46.2580556
      ]
     ]
    ]
   }
  },
  {
   "type": "Feature",
   "properties": {
    "ll": {
     "value": 600,
     "unit": 0,
     "referenceDatum": 0
    },
    "ul": {
     "value": 130,
     "unit": 6,
     "referenceDatum": 2
    },
    "_id": "62e10d6fd0d055fccf50f83e",
    "name": "LS-R22 BERNER OBERLAND",
    "type": 21,
    "icao": 7,
    "bnd": [
     [
      46.2213889,
      6.9047222
     ],
     [
      46.6177778,
      7.8725
     ]
    ]
   },
   "geometry": {
    "type": "Polygon",
    "coordinates": [
     [
      [
       7.3616667,
       46.6177778
      ],
      [
       7.4363889,
       46.5991667
      ],
      [
       7.4869444,
       46.5625
      ],
      [
       7.7027778,
       46.5552778
      ],
      [
       7.7594444,
       46.5797222
      ],
      [
       7.7755556,
       46.5808333
      ],
      [
       7.8022222,
       46.5830556
      ],
      [
       7.8513889,
       46.5280556
      ],
      [
       7.8725,
       46.5033333
      ],
      [
       7.6405556,
       46.4197222
      ],
      [
       7.4825,
       46.3366667
      ],
      [
       7.3305556,
       46.2830556
      ],
      [
       7.2030556,
       46.2558333
      ],
      [
       7.0683333,
       46.2213889
      ],
      [
       7.0552778,
       46.2516667
      ],
      [
       6.93,
       46.2452778
      ],
      [
       6.9047222,
       46.2811111
      ],
      [
       6.9138889,
       46.2855556
      ],
      [
       6.9533333,
       46.3494444
      ],
      [
       7.0127778,
       46.4452778
      ],
      [
       7.2486111,
       46.4863889
      ],
      [
       7.3616667,
       46.6177778
      ]
     ]
    ]
   }
  },
  {
   "type": "Feature",
   "properties": {
    "ll": {
     "value": 600,
     "unit": 0,
     "referenceDatum": 0
    },
    "ul": {
     "value": 100,
     "unit": 6,
     "referenceDatum": 2
    },
    "_id": "62e10d6fd0d055fccf50f848",
    "name": "LS-R23 UNTERWALLIS S",
    "type": 21,
    "icao": 7,
    "bnd": [
     [
      46.1855556,
      6.8036111
     ],
     [
      46.2811111,
      7.0722222
     ]
    ]
   },
   "geometry": {
    "type": "Polygon",
    "coordinates": [
     [
      [
       6.8094444,
       46.1855556
      ],
      [
       6.8036111,
       46.2038889
      ],
      [
       6.8216667,
       46.2233333
      ],
      [
       6.8213889,
       46.2325
      ],
      [
       6.8325,
       46.2352778
      ],
      [
       6.84,
       46.2483333
      ],
      [
       6.8527778,
       46.2527778
      ],
      [
       6.8552778,
       46.2575
      ],
      [
       6.9047222,
       46.2811111
      ],
      [
       6.93,
       46.2452778
      ],
      [
       7.0552778,
       46.2516667
      ],
      [
       7.0683333,
       46.2213889
      ],
      [
       7.0722222,
       46.2127778
      ],
      [
       7.0463889,
       46.2025
      ],
      [
       6.8094444,
       46.1855556
      ]
     ]
    ]
   }
  },
  {
   "type": "Feature",
   "properties": {
    "ll": {
     "value": 600,
     "unit": 0,
     "referenceDatum": 0
    },
    "ul": {
     "value": 150,
     "unit": 6,
     "referenceDatum": 2
    },
    "_id": "62e10d6fd0d055fccf50f852",
    "name": "LS-R24 WALLIS S",
    "type": 21,
    "icao": 7,
    "bnd": [
     [
      45.8580556,
      7.0091667
     ],
     [
      46.3258333,
      8.1666667
     ]
    ]
   },
   "geometry": {
    "type": "Polygon",
    "coordinates": [
     [
      [
       8.0802778,
       46.2605556
      ],
      [
       8.0872222,
       46.2533333
      ],
      [
       8.1102778,
       46.2494444
      ],
      [
       8.1163889,
       46.2363889
      ],
      [
       8.1388889,
       46.2261111
      ],
      [
       8.1544444,
       46.1902778
      ],
      [
       8.1666667,
       46.1802778
      ],
      [
       8.1497222,
       46.1613889
      ],
      [
       8.1544444,
       46.1477778
      ],
      [
       8.1441667,
       46.1363889
      ],
      [
       8.1186111,
       46.1325
      ],
      [
       8.1094444,
       46.1113889
      ],
      [
       8.0347222,
       46.0988889
      ],
      [
       8.0230556,
       46.0697222
      ],
      [
       8.035,
       46.0433333
      ],
      [
       8.0155556,
       46.0338889
      ],
      [
       8.0127778,
       46.0116667
      ],
      [
       8.0019444,
       46.0116667
      ],
      [
       7.9972222,
       46.0047222
      ],
      [
       7.9894444,
       45.9961111
      ],
      [
       7.9088889,
       45.9969444
      ],
      [
       7.8922222,
       45.9780556
      ],
      [
       7.8786111,
       45.9736111
      ],
      [
       7.8808333,
       45.9647222
      ],
      [
       7.8697222,
       45.9372222
      ],
      [
       7.8769444,
       45.9272222
      ],
      [
       7.8644444,
       45.9161111
      ],
      [
       7.8202778,
       45.9272222
      ],
      [
       7.8025,
       45.9161111
      ],
      [
       7.7494444,
       45.9416667
      ],
      [
       7.7358333,
       45.9227778
      ],
      [
       7.7125,
       45.9252778
      ],
      [
       7.7063889,
       45.9516667
      ],
      [
       7.6825,
       45.9561111
      ],
      [
       7.6636111,
       45.9758333
      ],
      [
       7.6347222,
       45.9702778
      ],
      [
       7.5827778,
       45.9719444
      ],
      [
       7.5766667,
       45.9869444
      ],
      [
       7.5475,
       45.9855556
      ],
      [
       7.5408333,
       45.9555556
      ],
      [
       7.4983333,
       45.9611111
      ],
      [
       7.4733333,
       45.9488889
      ],
      [
       7.4738889,
       45.9341667
      ],
      [
       7.4597222,
       45.9358333
      ],
      [
       7.445,
       45.9313889
      ],
      [
       7.4322222,
       45.9180556
      ],
      [
       7.4105556,
       45.9075
      ],
      [
       7.4022222,
       45.9111111
      ],
      [
       7.385,
       45.8961111
      ],
      [
       7.3661111,
       45.9041667
      ],
      [
       7.3616667,
       45.9030556
      ],
      [
       7.3444444,
       45.915
      ],
      [
       7.3283333,
       45.9097222
      ],
      [
       7.2930556,
       45.9219444
      ],
      [
       7.2769444,
       45.9005556
      ],
      [
       7.26,
       45.89
      ],
      [
       7.2544444,
       45.8875
      ],
      [
       7.2508333,
       45.8930556
      ],
      [
       7.2369444,
       45.8894444
      ],
      [
       7.2294444,
       45.8922222
      ],
      [
       7.2166667,
       45.8888889
      ],
      [
       7.2158333,
       45.8841667
      ],
      [
       7.2005556,
       45.8755556
      ],
      [
       7.1994444,
       45.8627778
      ],
      [
       7.19,
       45.8586111
      ],
      [
       7.1608333,
       45.8716667
      ],
      [
       7.1652778,
       45.8755556
      ],
      [
       7.1580556,
       45.8788889
      ],
      [
       7.1388889,
       45.8741667
      ],
      [
       7.1180556,
       45.8580556
      ],
      [
       7.1002778,
       45.86
      ],
      [
       7.0894444,
       45.8805556
      ],
      [
       7.0647222,
       45.9002778
      ],
      [
       7.0636111,
       45.9113889
      ],
      [
       7.0447222,
       45.9222222
      ],
      [
       7.0438889,
       45.9230556
      ],
      [
       7.0436111,
       45.9238889
      ],
      [
       7.0433333,
       45.9258333
      ],
      [
       7.0419444,
       45.93
      ],
      [
       7.0408333,
       45.9316667
      ],
      [
       7.0402778,
       45.9316667
      ],
      [
       7.0386111,
       45.9333333
      ],
      [
       7.0380556,
       45.9347222
      ],
      [
       7.0358333,
       45.9375
      ],
      [
       7.0366667,
       45.9402778
      ],
      [
       7.0366667,
       45.9433333
      ],
      [
       7.0383333,
       45.9447222
      ],
      [
       7.0386111,
       45.9475
      ],
      [
       7.0377778,
       45.9483333
      ],
      [
       7.0369444,
       45.9519444
      ],
      [
       7.0372222,
       45.9538889
      ],
      [
       7.0366667,
       45.955
      ],
      [
       7.0347222,
       45.9558333
      ],
      [
       7.0308333,
       45.9566667
      ],
      [
       7.0272222,
       45.9575
      ],
      [
       7.0230556,
       45.9580556
      ],
      [
       7.0222222,
       45.9586111
      ],
      [
       7.0213889,
       45.9586111
      ],
      [
       7.0208333,
       45.9586111
      ],
      [
       7.02,
       45.9602778
      ],
      [
       7.0177778,
       45.9605556
      ],
      [
       7.0177778,
       45.9608333
      ],
      [
       7.0172222,
       45.9613889
      ],
      [
       7.0158333,
       45.9622222
      ],
      [
       7.0091667,
       45.9691667
      ],
      [
       7.0102778,
       45.9730556
      ],
      [
       7.0211111,
       45.9766667
      ],
      [
       7.0238889,
       45.9791667
      ],
      [
       7.0155556,
       45.9872222
      ],
      [
       7.0125,
       45.9869444
      ],
      [
       7.0105556,
       45.9969444
      ],
      [
       7.2686111,
       46.1416667
      ],
      [
       7.4283333,
       46.1725
      ],
      [
       8.0247222,
       46.3258333
      ],
      [
       8.0802778,
       46.2605556
      ]
     ]
    ]
   }
  },
  {
   "type": "Feature",
   "properties": {
    "ll": {
     "value": 130,
     "unit": 6,
     "referenceDatum": 2
    },
    "ul": {
     "value": 150,
     "unit": 6,
     "referenceDatum": 2
    },
    "_id": "62e10d6fd0d055fccf50f85c",
    "name": "LS-R25 WILDHORN",
    "type": 21,
    "icao": 7,
    "bnd": [
     [
      46.2213889,
      6.9533333
     ],
     [
      46.6177778,
      7.8725
     ]
    ]
   },
   "geometry": {
    "type": "Polygon",
    "coordinates": [
     [
      [
       7.3616667,
       46.6177778
      ],
      [
       7.4363889,
       46.5991667
      ],
      [
       7.4869444,
       46.5625
      ],
      [
       7.7027778,
       46.5552778
      ],
      [
       7.7594444,
       46.5797222
      ],
      [
       7.7755556,
       46.5808333
      ],
      [
       7.8022222,
       46.5830556
      ],
      [
       7.8513889,
       46.5280556
      ],
      [
       7.8725,
       46.5033333
      ],
      [
       7.6405556,
       46.4197222
      ],
      [
       7.4825,
       46.3366667
      ],
      [
       7.3305556,
       46.2830556
      ],
      [
       7.2030556,
       46.2558333
      ],
      [
       7.0683333,
       46.2213889
      ],
      [
       7.0552778,
       46.2516667
      ],
      [
       6.9533333,
       46.3494444
      ],
      [
       7.0127778,
       46.4452778
      ],
      [
       7.2486111,
       46.4863889
      ],
      [
       7.3616667,
       46.6177778
      ]
     ]
    ]
   }
  },
  {
   "type": "Feature",
   "properties": {
    "ll": {
     "value": 600,
     "unit": 0,
     "referenceDatum": 0
    },
    "ul": {
     "value": 1850,
     "unit": 0,
     "referenceDatum": 1
    },
    "_id": "62e10d6fd0d055fccf50f866",
    "name": "LS-R26 CHARBONNIERES",
    "type": 21,
    "icao": 7,
    "bnd": [
     [
      46.6019444,
      6.2691667
     ],
     [
      46.7666667,
      6.5652778
     ]
    ]
   },
   "geometry": {
    "type": "Polygon",
    "coordinates": [
     [
      [
       6.2691667,
       46.6825
      ],
      [
       6.4383333,
       46.7666667
      ],
      [
       6.5652778,
       46.7297222
      ],
      [
       6.3705556,
       46.6019444
      ],
      [
       6.2691667,
       46.6825
      ]
     ]
    ]
   }
  },
  {
   "type": "Feature",
   "properties": {
    "ll": {
     "value": 600,
     "unit": 0,
     "referenceDatum": 0
    },
    "ul": {
     "value": 1200,
     "unit": 0,
     "referenceDatum": 1
    },
    "_id": "62e10d6fd0d055fccf50f871",
    "name": "LS-R27 NEUCHATEL",
    "type": 21,
    "icao": 7,
    "bnd": [
     [
      46.7297222,
      6.4302778
     ],
     [
      47.1825,
      7.1947222
     ]
    ]
   },
   "geometry": {
    "type": "Polygon",
    "coordinates": [
     [
      [
       6.5816667,
       46.8583333
      ],
      [
       6.8547222,
       47.0125
      ],
      [
       6.8455556,
       47.0208333
      ],
      [
       6.9027778,
       47.0736111
      ],
      [
       7.0113889,
       47.1111111
      ],
      [
       7.0238889,
       47.1297222
      ],
      [
       7.0222222,
       47.1447222
      ],
      [
       7.0183333,
       47.1497222
      ],
      [
       7.0488889,
       47.1586111
      ],
      [
       7.1311111,
       47.1825
      ],
      [
       7.1947222,
       47.1322222
      ],
      [
       7.1358333,
       47.0855556
      ],
      [
       7.0186111,
       47.0372222
      ],
      [
       6.9088889,
       46.9633333
      ],
      [
       6.7227778,
       46.8433333
      ],
      [
       6.5652778,
       46.7297222
      ],
      [
       6.4383333,
       46.7666667
      ],
      [
       6.44,
       46.7677778
      ],
      [
       6.4558333,
       46.7877778
      ],
      [
       6.4308333,
       46.8125
      ],
      [
       6.46,
       46.8519444
      ],
      [
       6.4647222,
       46.8902778
      ],
      [
       6.4302778,
       46.9294444
      ],
      [
       6.4972222,
       46.9708333
      ],
      [
       6.5727778,
       46.9822222
      ],
      [
       6.5816667,
       46.8583333
      ]
     ]
    ]
   }
  },
  {
   "type": "Feature",
   "properties": {
    "ll": {
     "value": 1200,
     "unit": 0,
     "referenceDatum": 1
    },
    "ul": {
     "value": 1800,
     "unit": 0,
     "referenceDatum": 1
    },
    "_id": "62e10d70d0d055fccf50f87a",
    "name": "LS-R28 YVERDON",
    "type": 21,
    "icao": 7,
    "bnd": [
     [
      46.7297222,
      6.4302778
     ],
     [
      46.9822222,
      6.7227778
     ]
    ]
   },
   "geometry": {
    "type": "Polygon",
    "coordinates": [
     [
      [
       6.5816667,
       46.8583333
      ],
      [
       6.7227778,
       46.8433333
      ],
      [
       6.5652778,
       46.7297222
      ],
      [
       6.4383333,
       46.7666667
      ],
      [
       6.44,
       46.7677778
      ],
      [
       6.4558333,
       46.7877778
      ],
      [
       6.4308333,
       46.8125
      ],
      [
       6.46,
       46.8519444
      ],
      [
       6.4647222,
       46.8902778
      ],
      [
       6.4302778,
       46.9294444
      ],
      [
       6.4972222,
       46.9708333
      ],
      [
       6.5727778,
       46.9822222
      ],
      [
       6.5816667,
       46.8583333
      ]
     ]
    ]
   }
  },
  {
   "type": "Feature",
   "properties": {
    "ll": {
     "value": 600,
     "unit": 0,
     "referenceDatum": 0
    },
    "ul": {
     "value": 1850,
     "unit": 0,
     "referenceDatum": 1
    },
    "_id": "62e10d70d0d055fccf50f884",
    "name": "LS-R29 TAVANNES",
    "type": 21,
    "icao": 7,
    "bnd": [
     [
      47.1322222,
      6.9405556
     ],
     [
      47.3383333,
      7.4908333
     ]
    ]
   },
   "geometry": {
    "type": "Polygon",
    "coordinates": [
     [
      [
       7.19,
       47.3383333
      ],
      [
       7.4369444,
       47.3175
      ],
      [
       7.4908333,
       47.2427778
      ],
      [
       7.3663889,
       47.2183333
      ],
      [
       7.3005556,
       47.1933333
      ],
      [
       7.2111111,
       47.1455556
      ],
      [
       7.1947222,
       47.1322222
      ],
      [
       7.1311111,
       47.1825
      ],
      [
       7.0488889,
       47.1586111
      ],
      [
       7.0277778,
       47.1963889
      ],
      [
       6.9405556,
       47.2858333
      ],
      [
       6.9480556,
       47.2919444
      ],
      [
       6.9647222,
       47.2922222
      ],
      [
       7.0083333,
       47.3011111
      ],
      [
       7.01,
       47.3241667
      ],
      [
       7.0341667,
       47.3280556
      ],
      [
       7.0455556,
       47.3263889
      ],
      [
       7.0566667,
       47.3341667
      ],
      [
       7.19,
       47.3383333
      ]
     ]
    ]
   }
  },
  {
   "type": "Feature",
   "properties": {
    "ll": {
     "value": 100,
     "unit": 6,
     "referenceDatum": 2
    },
    "ul": {
     "value": 130,
     "unit": 6,
     "referenceDatum": 2
    },
    "_id": "62e10d6dd0d055fccf50f774",
    "name": "LS-R3 SPEER",
    "type": 1,
    "icao": 7,
    "bnd": [
     [
      47.0480556,
      9.0502778
     ],
     [
      47.3125,
      9.5830556
     ]
    ]
   },
   "geometry": {
    "type": "Polygon",
    "coordinates": [
     [
      [
       9.485,
       47.0491667
      ],
      [
       9.0694444,
       47.0480556
      ],
      [
       9.0502778,
       47.1897222
      ],
      [
       9.1594444,
       47.2736111
      ],
      [
       9.3041667,
       47.3125
      ],
      [
       9.5830556,
       47.3108333
      ],
      [
       9.5566667,
       47.2961111
      ],
      [
       9.5469444,
       47.2766667
      ],
      [
       9.5308333,
       47.2702778
      ],
      [
       9.5280556,
       47.2511111
      ],
      [
       9.505,
       47.2236111
      ],
      [
       9.4875,
       47.1811111
      ],
      [
       9.5091667,
       47.1430556
      ],
      [
       9.5227778,
       47.0963889
      ],
      [
       9.5141667,
       47.0855556
      ],
      [
       9.4738889,
       47.0633333
      ],
      [
       9.4752778,
       47.0541667
      ],
      [
       9.485,
       47.0491667
      ]
     ]
    ]
   }
  },
  {
   "type": "Feature",
   "properties": {
    "ll": {
     "value": 1200,
     "unit": 0,
     "referenceDatum": 1
    },
    "ul": {
     "value": 80,
     "unit": 6,
     "referenceDatum": 2
    },
    "_id": "62e10d70d0d055fccf50f88e",
    "name": "LS-R30 NEUVEVILLE WEST",
    "type": 21,
    "icao": 7,
    "bnd": [
     [
      46.9633333,
      6.8455556
     ],
     [
      47.1586111,
      7.1358333
     ]
    ]
   },
   "geometry": {
    "type": "Polygon",
    "coordinates": [
     [
      [
       7.0488889,
       47.1586111
      ],
      [
       7.1358333,
       47.0855556
      ],
      [
       7.0186111,
       47.0372222
      ],
      [
       6.9088889,
       46.9633333
      ],
      [
       6.8547222,
       47.0125
      ],
      [
       6.8455556,
       47.0208333
      ],
      [
       6.9027778,
       47.0736111
      ],
      [
       7.0113889,
       47.1111111
      ],
      [
       7.0238889,
       47.1297222
      ],
      [
       7.0222222,
       47.1447222
      ],
      [
       7.0183333,
       47.1497222
      ],
      [
       7.0488889,
       47.1586111
      ]
     ]
    ]
   }
  },
  {
   "type": "Feature",
   "properties": {
    "ll": {
     "value": 600,
     "unit": 0,
     "referenceDatum": 0
    },
    "ul": {
     "value": 150,
     "unit": 6,
     "referenceDatum": 2
    },
    "_id": "62e10d70d0d055fccf50f897",
    "name": "LS-R32 GOMS",
    "type": 21,
    "icao": 7,
    "bnd": [
     [
      46.2605556,
      7.8875
     ],
     [
      46.6461111,
      8.4686111
     ]
    ]
   },
   "geometry": {
    "type": "Polygon",
    "coordinates": [
     [
      [
       8.4686111,
       46.4661111
      ],
      [
       8.4383333,
       46.4641667
      ],
      [
       8.3675,
       46.4508333
      ],
      [
       8.3008333,
       46.4147222
      ],
      [
       8.3102778,
       46.3780556
      ],
      [
       8.2836111,
       46.3638889
      ],
      [
       8.2633333,
       46.3655556
      ],
      [
       8.2625,
       46.3469444
      ],
      [
       8.2233333,
       46.3308333
      ],
      [
       8.2238889,
       46.3244444
      ],
      [
       8.2069444,
       46.3061111
      ],
      [
       8.1677778,
       46.2955556
      ],
      [
       8.1408333,
       46.3022222
      ],
      [
       8.0861111,
       46.2658333
      ],
      [
       8.0866667,
       46.2616667
      ],
      [
       8.0802778,
       46.2605556
      ],
      [
       8.0247222,
       46.3258333
      ],
      [
       7.8875,
       46.4852778
      ],
      [
       8.2580556,
       46.6461111
      ],
      [
       8.4522222,
       46.5791667
      ],
      [
       8.4686111,
       46.4661111
      ]
     ]
    ]
   }
  },
  {
   "type": "Feature",
   "properties": {
    "ll": {
     "value": 600,
     "unit": 0,
     "referenceDatum": 0
    },
    "ul": {
     "value": 1500,
     "unit": 0,
     "referenceDatum": 1
    },
    "_id": "62e10d70d0d055fccf50f8a2",
    "name": "LS-R33 BALSTHAL",
    "type": 21,
    "icao": 7,
    "bnd": [
     [
      47.2427778,
      7.19
     ],
     [
      47.4005556,
      7.8575
     ]
    ]
   },
   "geometry": {
    "type": "Polygon",
    "coordinates": [
     [
      [
       7.8575,
       47.3188889
      ],
      [
       7.4908333,
       47.2427778
      ],
      [
       7.4369444,
       47.3175
      ],
      [
       7.19,
       47.3383333
      ],
      [
       7.6661111,
       47.35
      ],
      [
       7.7977778,
       47.4005556
      ],
      [
       7.8575,
       47.3188889
      ]
     ]
    ]
   }
  },
  {
   "type": "Feature",
   "properties": {
    "ll": {
     "value": 600,
     "unit": 0,
     "referenceDatum": 0
    },
    "ul": {
     "value": 3200,
     "unit": 0,
     "referenceDatum": 1
    },
    "_id": "62e10d70d0d055fccf50f8ac",
    "name": "LS-R34 CAMPO",
    "type": 21,
    "icao": 7,
    "bnd": [
     [
      46.3369444,
      8.4522222
     ],
     [
      46.5794444,
      8.8844444
     ]
    ]
   },
   "geometry": {
    "type": "Polygon",
    "coordinates": [
     [
      [
       8.4855556,
       46.5794444
      ],
      [
       8.4522222,
       46.5791667
      ],
      [
       8.4686111,
       46.4661111
      ],
      [
       8.5875,
       46.4686111
      ],
      [
       8.6066667,
       46.3369444
      ],
      [
       8.8844444,
       46.3486111
      ],
      [
       8.7705556,
       46.4444444
      ],
      [
       8.5263889,
       46.5175
      ],
      [
       8.4855556,
       46.5794444
      ]
     ]
    ]
   }
  },
  {
   "type": "Feature",
   "properties": {
    "ll": {
     "value": 1200,
     "unit": 0,
     "referenceDatum": 1
    },
    "ul": {
     "value": 1850,
     "unit": 0,
     "referenceDatum": 1
    },
    "_id": "62e10d70d0d055fccf50f8b6",
    "name": "LS-R35 NEUVEVILLE EAST",
    "type": 21,
    "icao": 7,
    "bnd": [
     [
      47.0855556,
      7.0488889
     ],
     [
      47.1825,
      7.1947222
     ]
    ]
   },
   "geometry": {
    "type": "Polygon",
    "coordinates": [
     [
      [
       7.1311111,
       47.1825
      ],
      [
       7.1947222,
       47.1322222
      ],
      [
       7.1358333,
       47.0855556
      ],
      [
       7.0488889,
       47.1586111
      ],
      [
       7.1311111,
       47.1825
      ]
     ]
    ]
   }
  },
  {
   "type": "Feature",
   "properties": {
    "ll": {
     "value": 600,
     "unit": 0,
     "referenceDatum": 0
    },
    "ul": {
     "value": 130,
     "unit": 6,
     "referenceDatum": 2
    },
    "_id": "62e10d70d0d055fccf50f8c0",
    "name": "LS-R36 KANDERGRUND",
    "type": 21,
    "icao": 7,
    "bnd": [
     [
      46.5552778,
      7.4363889
     ],
     [
      46.6111111,
      7.7755556
     ]
    ]
   },
   "geometry": {
    "type": "Polygon",
    "coordinates": [
     [
      [
       7.4363889,
       46.5991667
      ],
      [
       7.4994444,
       46.5905556
      ],
      [
       7.6816667,
       46.6111111
      ],
      [
       7.6972222,
       46.6036111
      ],
      [
       7.7166667,
       46.5938889
      ],
      [
       7.7488889,
       46.5847222
      ],
      [
       7.7755556,
       46.5808333
      ],
      [
       7.7594444,
       46.5797222
      ],
      [
       7.7027778,
       46.5552778
      ],
      [
       7.4869444,
       46.5625
      ],
      [
       7.4363889,
       46.5991667
      ]
     ]
    ]
   }
  },
  {
   "type": "Feature",
   "properties": {
    "ll": {
     "value": 9000,
     "unit": 1,
     "referenceDatum": 1
    },
    "ul": {
     "value": 130,
     "unit": 6,
     "referenceDatum": 2
    },
    "_id": "62e10d60d0d055fccf50f31a",
    "name": "LS-R39A HEITLI",
    "type": 1,
    "icao": 7,
    "bnd": [
     [
      46.8325,
      8.1405556
     ],
     [
      46.9297222,
      8.3408333
     ]
    ]
   },
   "geometry": {
    "type": "Polygon",
    "coordinates": [
     [
      [
       8.2416667,
       46.89
      ],
      [
       8.2730556,
       46.8836111
      ],
      [
       8.3408333,
       46.9297222
      ],
      [
       8.3288889,
       46.8325
      ],
      [
       8.1405556,
       46.8486111
      ],
      [
       8.2272222,
       46.9166667
      ],
      [
       8.2416667,
       46.89
      ]
     ]
    ]
   }
  },
  {
   "type": "Feature",
   "properties": {
    "ll": {
     "value": 9000,
     "unit": 1,
     "referenceDatum": 1
    },
    "ul": {
     "value": 130,
     "unit": 6,
     "referenceDatum": 2
    },
    "_id": "62e10d60d0d055fccf50f324",
    "name": "LS-R39B BRISEN",
    "type": 1,
    "icao": 7,
    "bnd": [
     [
      46.8325,
      8.3288889
     ],
     [
      46.9627778,
      8.5308333
     ]
    ]
   },
   "geometry": {
    "type": "Polygon",
    "coordinates": [
     [
      [
       8.3408333,
       46.9297222
      ],
      [
       8.3288889,
       46.8325
      ],
      [
       8.5308333,
       46.8677778
      ],
      [
       8.5116667,
       46.9627778
      ],
      [
       8.3408333,
       46.9297222
      ]
     ]
    ]
   }
  },
  {
   "type": "Feature",
   "properties": {
    "ll": {
     "value": 9000,
     "unit": 1,
     "referenceDatum": 1
    },
    "ul": {
     "value": 130,
     "unit": 6,
     "referenceDatum": 2
    },
    "_id": "62e10d60d0d055fccf50f32e",
    "name": "LS-R39C STOOS",
    "type": 1,
    "icao": 7,
    "bnd": [
     [
      46.8677778,
      8.5061111
     ],
     [
      47.0277778,
      8.8519444
     ]
    ]
   },
   "geometry": {
    "type": "Polygon",
    "coordinates": [
     [
      [
       8.8213889,
       47.0277778
      ],
      [
       8.8519444,
       46.9230556
      ],
      [
       8.5308333,
       46.8677778
      ],
      [
       8.5116667,
       46.9627778
      ],
      [
       8.5061111,
       46.9822222
      ],
      [
       8.5155556,
       46.9838889
      ],
      [
       8.8213889,
       47.0277778
      ]
     ]
    ]
   }
  },
  {
   "type": "Feature",
   "properties": {
    "ll": {
     "value": 0,
     "unit": 1,
     "referenceDatum": 0
    },
    "ul": {
     "value": 2700,
     "unit": 0,
     "referenceDatum": 1
    },
    "_id": "62e10d6dd0d055fccf50f77d",
    "name": "LS-R4 LAC DE NEUCHATEL",
    "type": 1,
    "icao": 7,
    "bnd": [
     [
      46.8325,
      6.7219444
     ],
     [
      46.9613889,
      6.9569444
     ]
    ]
   },
   "geometry": {
    "type": "Polygon",
    "coordinates": [
     [
      [
       6.9102778,
       46.9613889
      ],
      [
       6.9569444,
       46.9172222
      ],
      [
       6.8225,
       46.8325
      ],
      [
       6.7219444,
       46.8433333
      ],
      [
       6.9102778,
       46.9613889
      ]
     ]
    ]
   }
  },
  {
   "type": "Feature",
   "properties": {
    "ll": {
     "value": 600,
     "unit": 0,
     "referenceDatum": 0
    },
    "ul": {
     "value": 80,
     "unit": 6,
     "referenceDatum": 2
    },
    "_id": "62e10d70d0d055fccf50f8ca",
    "name": "LS-R42 CHURFIRSTEN W",
    "type": 21,
    "icao": 7,
    "bnd": [
     [
      47.0469444,
      8.9886111
     ],
     [
      47.2394444,
      9.2008333
     ]
    ]
   },
   "geometry": {
    "type": "Polygon",
    "coordinates": [
     [
      [
       9.2008333,
       47.0486111
      ],
      [
       9.0075,
       47.0469444
      ],
      [
       8.9886111,
       47.1525
      ],
      [
       9.1688889,
       47.2394444
      ],
      [
       9.2008333,
       47.0486111
      ]
     ]
    ]
   }
  },
  {
   "type": "Feature",
   "properties": {
    "ll": {
     "value": 600,
     "unit": 0,
     "referenceDatum": 0
    },
    "ul": {
     "value": 100,
     "unit": 6,
     "referenceDatum": 2
    },
    "_id": "62e10d70d0d055fccf50f8d5",
    "name": "LS-R43 CHURFIRSTEN E",
    "type": 21,
    "icao": 7,
    "bnd": [
     [
      47.0483333,
      9.1688889
     ],
     [
      47.3519444,
      9.6347222
     ]
    ]
   },
   "geometry": {
    "type": "Polygon",
    "coordinates": [
     [
      [
       9.6058333,
       47.3519444
      ],
      [
       9.5830556,
       47.3108333
      ],
      [
       9.5566667,
       47.2961111
      ],
      [
       9.5469444,
       47.2766667
      ],
      [
       9.5308333,
       47.2702778
      ],
      [
       9.5666667,
       47.2427778
      ],
      [
       9.5530556,
       47.2258333
      ],
      [
       9.5861111,
       47.2055556
      ],
      [
       9.5652778,
       47.1711111
      ],
      [
       9.58,
       47.1711111
      ],
      [
       9.6108333,
       47.1469444
      ],
      [
       9.6222222,
       47.1519444
      ],
      [
       9.6247222,
       47.1325
      ],
      [
       9.6347222,
       47.1283333
      ],
      [
       9.6205556,
       47.1097222
      ],
      [
       9.6344444,
       47.1022222
      ],
      [
       9.6330556,
       47.0836111
      ],
      [
       9.6116667,
       47.0788889
      ],
      [
       9.6069444,
       47.0608333
      ],
      [
       9.5566667,
       47.0483333
      ],
      [
       9.5419444,
       47.0655556
      ],
      [
       9.4908333,
       47.0552778
      ],
      [
       9.485,
       47.0491667
      ],
      [
       9.4844444,
       47.0491667
      ],
      [
       9.2008333,
       47.0486111
      ],
      [
       9.1688889,
       47.2394444
      ],
      [
       9.3141667,
       47.3094444
      ],
      [
       9.3988889,
       47.3494444
      ],
      [
       9.6058333,
       47.3519444
      ]
     ]
    ]
   }
  },
  {
   "type": "Feature",
   "properties": {
    "ll": {
     "value": 600,
     "unit": 0,
     "referenceDatum": 0
    },
    "ul": {
     "value": 3200,
     "unit": 0,
     "referenceDatum": 1
    },
    "_id": "62e10d71d0d055fccf50f8de",
    "name": "LS-R44 OBERALP",
    "type": 21,
    "icao": 7,
    "bnd": [
     [
      46.3538889,
      8.6072222
     ],
     [
      46.8116667,
      9.0877778
     ]
    ]
   },
   "geometry": {
    "type": "Polygon",
    "coordinates": [
     [
      [
       8.6072222,
       46.5811111
      ],
      [
       8.6452778,
       46.6375
      ],
      [
       8.7013889,
       46.755
      ],
      [
       9.0272222,
       46.8116667
      ],
      [
       9.0302778,
       46.7755556
      ],
      [
       9.0672222,
       46.5102778
      ],
      [
       9.0877778,
       46.3569444
      ],
      [
       9.0116667,
       46.3538889
      ],
      [
       8.9886111,
       46.3863889
      ],
      [
       8.84,
       46.5080556
      ],
      [
       8.6072222,
       46.5811111
      ]
     ]
    ]
   }
  },
  {
   "type": "Feature",
   "properties": {
    "ll": {
     "value": 1500,
     "unit": 0,
     "referenceDatum": 1
    },
    "ul": {
     "value": 2700,
     "unit": 0,
     "referenceDatum": 1
    },
    "_id": "62e10d6dd0d055fccf50f78a",
    "name": "LS-R4A LAC DE NEUCHATEL",
    "type": 1,
    "icao": 7,
    "bnd": [
     [
      46.8433333,
      6.5861111
     ],
     [
      47.0213889,
      6.9102778
     ]
    ]
   },
   "geometry": {
    "type": "Polygon",
    "coordinates": [
     [
      [
       6.8466667,
       47.0213889
      ],
      [
       6.9102778,
       46.9613889
      ],
      [
       6.7219444,
       46.8433333
      ],
      [
       6.5861111,
       46.8580556
      ],
      [
       6.8466667,
       47.0213889
      ]
     ]
    ]
   }
  },
  {
   "type": "Feature",
   "properties": {
    "ll": {
     "value": 0,
     "unit": 1,
     "referenceDatum": 0
    },
    "ul": {
     "value": 2000,
     "unit": 0,
     "referenceDatum": 1
    },
    "_id": "62e10d6dd0d055fccf50f794",
    "name": "LS-R5 BIERE",
    "type": 1,
    "icao": 7,
    "bnd": [
     [
      46.5022222,
      6.2797222
     ],
     [
      46.5797222,
      6.3763889
     ]
    ]
   },
   "geometry": {
    "type": "Polygon",
    "coordinates": [
     [
      [
       6.3558333,
       46.5797222
      ],
      [
       6.3763889,
       46.5691667
      ],
      [
       6.3402778,
       46.5363889
      ],
      [
       6.3672222,
       46.5258333
      ],
      [
       6.3572222,
       46.5022222
      ],
      [
       6.2797222,
       46.5330556
      ],
      [
       6.3558333,
       46.5797222
      ]
     ]
    ]
   }
  },
  {
   "type": "Feature",
   "properties": {
    "ll": {
     "value": 600,
     "unit": 0,
     "referenceDatum": 0
    },
    "ul": {
     "value": 150,
     "unit": 6,
     "referenceDatum": 2
    },
    "_id": "62e10d71d0d055fccf50f8e8",
    "name": "LS-R54 CALANDA",
    "type": 21,
    "icao": 7,
    "bnd": [
     [
      46.4669444,
      9.0075
     ],
     [
      47.0655556,
      10.1611111
     ]
    ]
   },
   "geometry": {
    "type": "Polygon",
    "coordinates": [
     [
      [
       9.4844444,
       47.0491667
      ],
      [
       9.485,
       47.0491667
      ],
      [
       9.4908333,
       47.0552778
      ],
      [
       9.5419444,
       47.0655556
      ],
      [
       9.5566667,
       47.0483333
      ],
      [
       9.6069444,
       47.0608333
      ],
      [
       9.6344444,
       47.0519444
      ],
      [
       9.6441667,
       47.0605556
      ],
      [
       9.6822222,
       47.0622222
      ],
      [
       9.7072222,
       47.0488889
      ],
      [
       9.7480556,
       47.0377778
      ],
      [
       9.7819444,
       47.0391667
      ],
      [
       9.8355556,
       47.0127778
      ],
      [
       9.86,
       47.0227778
      ],
      [
       9.8802778,
       47.0202778
      ],
      [
       9.8708333,
       47.0083333
      ],
      [
       9.8897222,
       47.0013889
      ],
      [
       9.8919444,
       46.9894444
      ],
      [
       9.8708333,
       46.9622222
      ],
      [
       9.8794444,
       46.9577778
      ],
      [
       9.8775,
       46.9369444
      ],
      [
       9.9447222,
       46.9130556
      ],
      [
       9.9808333,
       46.9152778
      ],
      [
       9.9847222,
       46.9044444
      ],
      [
       10.0216667,
       46.9
      ],
      [
       10.0530556,
       46.8758333
      ],
      [
       10.0527778,
       46.8627778
      ],
      [
       10.0886111,
       46.8619444
      ],
      [
       10.1041667,
       46.8411111
      ],
      [
       10.1161111,
       46.8438889
      ],
      [
       10.1611111,
       46.7947222
      ],
      [
       10.1047222,
       46.7688889
      ],
      [
       9.9627778,
       46.6869444
      ],
      [
       9.3580556,
       46.6525
      ],
      [
       9.4094444,
       46.4669444
      ],
      [
       9.3897222,
       46.4747222
      ],
      [
       9.3675,
       46.4944444
      ],
      [
       9.3727778,
       46.5022222
      ],
      [
       9.3622222,
       46.5094444
      ],
      [
       9.0672222,
       46.5102778
      ],
      [
       9.0302778,
       46.7755556
      ],
      [
       9.0272222,
       46.8116667
      ],
      [
       9.0075,
       47.0469444
      ],
      [
       9.2008333,
       47.0486111
      ],
      [
       9.4844444,
       47.0491667
      ]
     ]
    ]
   }
  },
  {
   "type": "Feature",
   "properties": {
    "ll": {
     "value": 600,
     "unit": 0,
     "referenceDatum": 0
    },
    "ul": {
     "value": 150,
     "unit": 6,
     "referenceDatum": 2
    },
    "_id": "62e10d71d0d055fccf50f8f2",
    "name": "LS-R55 SERRA",
    "type": 21,
    "icao": 7,
    "bnd": [
     [
      46.2169444,
      9.7847222
     ],
     [
      46.7327778,
      10.4908333
     ]
    ]
   },
   "geometry": {
    "type": "Polygon",
    "coordinates": [
     [
      [
       10.4002778,
       46.7327778
      ],
      [
       10.4211111,
       46.7169444
      ],
      [
       10.3844444,
       46.6858333
      ],
      [
       10.4022222,
       46.6366667
      ],
      [
       10.4472222,
       46.6422222
      ],
      [
       10.4908333,
       46.6152778
      ],
      [
       10.4758333,
       46.5541667
      ],
      [
       10.4725,
       46.5441667
      ],
      [
       10.4522222,
       46.5308333
      ],
      [
       10.4447222,
       46.5344444
      ],
      [
       10.4161111,
       46.5519444
      ],
      [
       10.3977778,
       46.5438889
      ],
      [
       10.3666667,
       46.5555556
      ],
      [
       10.3516667,
       46.5563889
      ],
      [
       10.35,
       46.5497222
      ],
      [
       10.3405556,
       46.5436111
      ],
      [
       10.3263889,
       46.5511111
      ],
      [
       10.2983333,
       46.5480556
      ],
      [
       10.2902778,
       46.5641667
      ],
      [
       10.2691667,
       46.5783333
      ],
      [
       10.2488889,
       46.5705556
      ],
      [
       10.24,
       46.5919444
      ],
      [
       10.2588889,
       46.61
      ],
      [
       10.2336111,
       46.6352778
      ],
      [
       10.215,
       46.6172222
      ],
      [
       10.1916667,
       46.6261111
      ],
      [
       10.1263889,
       46.6055556
      ],
      [
       10.1022222,
       46.6105556
      ],
      [
       10.0961111,
       46.5777778
      ],
      [
       10.0786111,
       46.5744444
      ],
      [
       10.0794444,
       46.5713889
      ],
      [
       10.085,
       46.5675
      ],
      [
       10.0777778,
       46.5602778
      ],
      [
       10.0708333,
       46.5569444
      ],
      [
       10.0691667,
       46.5522222
      ],
      [
       10.0627778,
       46.5480556
      ],
      [
       10.0608333,
       46.5455556
      ],
      [
       10.0513889,
       46.545
      ],
      [
       10.0469444,
       46.5438889
      ],
      [
       10.0436111,
       46.5408333
      ],
      [
       10.0461111,
       46.5344444
      ],
      [
       10.0558333,
       46.5194444
      ],
      [
       10.0422222,
       46.5102778
      ],
      [
       10.0530556,
       46.4613889
      ],
      [
       10.0394444,
       46.4452778
      ],
      [
       10.0563889,
       46.4408333
      ],
      [
       10.0644444,
       46.4272222
      ],
      [
       10.0977778,
       46.4211111
      ],
      [
       10.1075,
       46.4286111
      ],
      [
       10.1427778,
       46.4283333
      ],
      [
       10.1569444,
       46.4133333
      ],
      [
       10.1658333,
       46.4072222
      ],
      [
       10.1630556,
       46.3861111
      ],
      [
       10.1352778,
       46.3844444
      ],
      [
       10.125,
       46.3605556
      ],
      [
       10.1094444,
       46.3525
      ],
      [
       10.1044444,
       46.3330556
      ],
      [
       10.1802778,
       46.2580556
      ],
      [
       10.1327778,
       46.2244444
      ],
      [
       10.0855556,
       46.2269444
      ],
      [
       10.0713889,
       46.2169444
      ],
      [
       10.0441667,
       46.2311111
      ],
      [
       10.0608333,
       46.2627778
      ],
      [
       10.0119444,
       46.2786111
      ],
      [
       9.9933333,
       46.2863889
      ],
      [
       9.9991667,
       46.3133333
      ],
      [
       9.98,
       46.3238889
      ],
      [
       9.9966667,
       46.3513889
      ],
      [
       9.985,
       46.3513889
      ],
      [
       9.9563889,
       46.3733333
      ],
      [
       9.9583333,
       46.3797222
      ],
      [
       9.9319444,
       46.3744444
      ],
      [
       9.9286111,
       46.3652778
      ],
      [
       9.9155556,
       46.3713889
      ],
      [
       9.9077778,
       46.3811111
      ],
      [
       9.8680556,
       46.3638889
      ],
      [
       9.8341667,
       46.3616667
      ],
      [
       9.8194444,
       46.3502778
      ],
      [
       9.7847222,
       46.3408333
      ],
      [
       10.0447222,
       46.5805556
      ],
      [
       10.2441667,
       46.7033333
      ],
      [
       10.3258333,
       46.7105556
      ],
      [
       10.3383333,
       46.7119444
      ],
      [
       10.3547222,
       46.7152778
      ],
      [
       10.37,
       46.7197222
      ],
      [
       10.3916667,
       46.7294444
      ],
      [
       10.4002778,
       46.7327778
      ]
     ]
    ]
   }
  },
  {
   "type": "Feature",
   "properties": {
    "ll": {
     "value": 600,
     "unit": 0,
     "referenceDatum": 0
    },
    "ul": {
     "value": 150,
     "unit": 6,
     "referenceDatum": 2
    },
    "_id": "62e10d71d0d055fccf50f8fb",
    "name": "LS-R56 MUTTLER",
    "type": 21,
    "icao": 7,
    "bnd": [
     [
      46.7983333,
      10.3283333
     ],
     [
      47.0016667,
      10.4913889
     ]
    ]
   },
   "geometry": {
    "type": "Polygon",
    "coordinates": [
     [
      [
       10.3283333,
       46.9552778
      ],
      [
       10.3466667,
       46.9916667
      ],
      [
       10.3719444,
       46.9916667
      ],
      [
       10.3886111,
       47.0016667
      ],
      [
       10.4283333,
       46.9747222
      ],
      [
       10.4227778,
       46.9611111
      ],
      [
       10.4913889,
       46.9388889
      ],
      [
       10.4683333,
       46.8847222
      ],
      [
       10.47,
       46.8541667
      ],
      [
       10.4575,
       46.8158333
      ],
      [
       10.4405556,
       46.7983333
      ],
      [
       10.4408333,
       46.8038889
      ],
      [
       10.4388889,
       46.815
      ],
      [
       10.4358333,
       46.8247222
      ],
      [
       10.4313889,
       46.8333333
      ],
      [
       10.4252778,
       46.8422222
      ],
      [
       10.3283333,
       46.9552778
      ]
     ]
    ]
   }
  },
  {
   "type": "Feature",
   "properties": {
    "ll": {
     "value": 1850,
     "unit": 0,
     "referenceDatum": 1
    },
    "ul": {
     "value": 130,
     "unit": 6,
     "referenceDatum": 2
    },
    "_id": "62e10d6dd0d055fccf50f79e",
    "name": "LS-R6 AXALP",
    "type": 1,
    "icao": 7,
    "bnd": [
     [
      46.6372222,
      7.9022222
     ],
     [
      46.8236111,
      8.2286387
     ]
    ]
   },
   "geometry": {
    "type": "Polygon",
    "coordinates": [
     [
      [
       8.0283333,
       46.8236111
      ],
      [
       8.1588889,
       46.7869444
      ],
      [
       8.2163889,
       46.7458333
      ],
      [
       8.2173159,
       46.7451653
      ],
      [
       8.2182117,
       46.7444776
      ],
      [
       8.2190756,
       46.7437709
      ],
      [
       8.2199066,
       46.743046
      ],
      [
       8.220704,
       46.7423036
      ],
      [
       8.221467,
       46.7415444
      ],
      [
       8.2221947,
       46.7407691
      ],
      [
       8.2228865,
       46.7399785
      ],
      [
       8.2235418,
       46.7391734
      ],
      [
       8.2241597,
       46.7383546
      ],
      [
       8.2247399,
       46.7375229
      ],
      [
       8.2252816,
       46.7366791
      ],
      [
       8.2257843,
       46.7358241
      ],
      [
       8.2262476,
       46.7349587
      ],
      [
       8.226671,
       46.7340837
      ],
      [
       8.2270541,
       46.7332001
      ],
      [
       8.2273965,
       46.7323086
      ],
      [
       8.2276978,
       46.7314102
      ],
      [
       8.2279579,
       46.7305057
      ],
      [
       8.2281763,
       46.7295961
      ],
      [
       8.2283529,
       46.7286823
      ],
      [
       8.2284876,
       46.7277651
      ],
      [
       8.2285802,
       46.7268454
      ],
      [
       8.2286305,
       46.7259242
      ],
      [
       8.2286387,
       46.7250024
      ],
      [
       8.2286046,
       46.7240809
      ],
      [
       8.2285282,
       46.7231605
      ],
      [
       8.2284098,
       46.7222423
      ],
      [
       8.2282494,
       46.721327
      ],
      [
       8.2280471,
       46.7204156
      ],
      [
       8.2278031,
       46.7195091
      ],
      [
       8.2275177,
       46.7186083
      ],
      [
       8.2271913,
       46.717714
      ],
      [
       8.226824,
       46.7168272
      ],
      [
       8.2264163,
       46.7159488
      ],
      [
       8.2259685,
       46.7150796
      ],
      [
       8.2254812,
       46.7142204
      ],
      [
       8.2249548,
       46.7133722
      ],
      [
       8.2243898,
       46.7125357
      ],
      [
       8.2237867,
       46.7117118
      ],
      [
       8.2231463,
       46.7109013
      ],
      [
       8.222469,
       46.7101049
      ],
      [
       8.2217556,
       46.7093236
      ],
      [
       8.2210068,
       46.708558
      ],
      [
       8.2202233,
       46.7078089
      ],
      [
       8.219406,
       46.707077
      ],
      [
       8.2185555,
       46.7063631
      ],
      [
       8.2176727,
       46.7056679
      ],
      [
       8.2167586,
       46.704992
      ],
      [
       8.2158333,
       46.7044444
      ],
      [
       8.2158333,
       46.7044444
      ],
      [
       8.1155556,
       46.6386111
      ],
      [
       7.9544444,
       46.6372222
      ],
      [
       7.9419444,
       46.6733333
      ],
      [
       7.9336111,
       46.6972222
      ],
      [
       7.9202778,
       46.7355556
      ],
      [
       7.9022222,
       46.7872222
      ],
      [
       8.0283333,
       46.8236111
      ]
     ]
    ]
   }
  },
  {
   "type": "Feature",
   "properties": {
    "ll": {
     "value": 600,
     "unit": 0,
     "referenceDatum": 0
    },
    "ul": {
     "value": 150,
     "unit": 6,
     "referenceDatum": 2
    },
    "_id": "62e10d71d0d055fccf50f906",
    "name": "LS-R62 MISOX",
    "type": 21,
    "icao": 7,
    "bnd": [
     [
      46.3569444,
      9.0672222
     ],
     [
      46.5102778,
      9.3622222
     ]
    ]
   },
   "geometry": {
    "type": "Polygon",
    "coordinates": [
     [
      [
       9.3622222,
       46.5094444
      ],
      [
       9.2825,
       46.4969444
      ],
      [
       9.2741667,
       46.4547222
      ],
      [
       9.2480556,
       46.4475
      ],
      [
       9.2544444,
       46.4252778
      ],
      [
       9.2758333,
       46.4194444
      ],
      [
       9.2841667,
       46.3866667
      ],
      [
       9.2786111,
       46.3658333
      ],
      [
       9.2775,
       46.365
      ],
      [
       9.0877778,
       46.3569444
      ],
      [
       9.0672222,
       46.5102778
      ],
      [
       9.3622222,
       46.5094444
      ]
     ]
    ]
   }
  },
  {
   "type": "Feature",
   "properties": {
    "ll": {
     "value": 1700,
     "unit": 0,
     "referenceDatum": 1
    },
    "ul": {
     "value": 2000,
     "unit": 0,
     "referenceDatum": 1
    },
    "_id": "62e10d68d0d055fccf50f5a5",
    "name": "LS-R69 T SCHAFFHAUSEN EAST",
    "type": 21,
    "icao": 7,
    "bnd": [
     [
      47.7091667,
      8.5913889
     ],
     [
      47.7819444,
      8.8802778
     ]
    ]
   },
   "geometry": {
    "type": "Polygon",
    "coordinates": [
     [
      [
       8.87,
       47.7819444
      ],
      [
       8.8802778,
       47.7330556
      ],
      [
       8.785,
       47.7380556
      ],
      [
       8.6319444,
       47.7091667
      ],
      [
       8.5913889,
       47.7736111
      ],
      [
       8.87,
       47.7819444
      ]
     ]
    ]
   }
  },
  {
   "type": "Feature",
   "properties": {
    "ll": {
     "value": 0,
     "unit": 1,
     "referenceDatum": 0
    },
    "ul": {
     "value": 4700,
     "unit": 0,
     "referenceDatum": 1
    },
    "_id": "62e10d6dd0d055fccf50f7a9",
    "name": "LS-R7 HONGRIN",
    "type": 1,
    "icao": 7,
    "bnd": [
     [
      46.365,
      6.9513889
     ],
     [
      46.4302778,
      7.1052778
     ]
    ]
   },
   "geometry": {
    "type": "Polygon",
    "coordinates": [
     [
      [
       7.1052778,
       46.4263889
      ],
      [
       7.1052778,
       46.4180556
      ],
      [
       7.06,
       46.3886111
      ],
      [
       7.0019444,
       46.3719444
      ],
      [
       6.965,
       46.365
      ],
      [
       6.9513889,
       46.3808333
      ],
      [
       7.0044444,
       46.4238889
      ],
      [
       7.0508333,
       46.4302778
      ],
      [
       7.1052778,
       46.4263889
      ]
     ]
    ]
   }
  },
  {
   "type": "Feature",
   "properties": {
    "ll": {
     "value": 1350,
     "unit": 0,
     "referenceDatum": 1
    },
    "ul": {
     "value": 2000,
     "unit": 0,
     "referenceDatum": 1
    },
    "_id": "62e10d67d0d055fccf50f588",
    "name": "LS-R70 T SCHAFFHAUSEN WEST",
    "type": 21,
    "icao": 7,
    "bnd": [
     [
      47.6991667,
      8.4725
     ],
     [
      47.7736111,
      8.6319444
     ]
    ]
   },
   "geometry": {
    "type": "Polygon",
    "coordinates": [
     [
      [
       8.5913889,
       47.7736111
      ],
      [
       8.6319444,
       47.7091667
      ],
      [
       8.5680556,
       47.7011111
      ],
      [
       8.5169444,
       47.6991667
      ],
      [
       8.4725,
       47.7697222
      ],
      [
       8.5913889,
       47.7736111
      ]
     ]
    ]
   }
  },
  {
   "type": "Feature",
   "properties": {
    "ll": {
     "value": 900,
     "unit": 0,
     "referenceDatum": 1
    },
    "ul": {
     "value": 1700,
     "unit": 0,
     "referenceDatum": 1
    },
    "_id": "62e10d67d0d055fccf50f592",
    "name": "LS-R71 T SCHAFFHAUSEN SOUTH",
    "type": 21,
    "icao": 7,
    "bnd": [
     [
      47.6716667,
      8.5169444
     ],
     [
      47.7091667,
      8.6419444
     ]
    ]
   },
   "geometry": {
    "type": "Polygon",
    "coordinates": [
     [
      [
       8.6319444,
       47.7091667
      ],
      [
       8.6419444,
       47.6930556
      ],
      [
       8.5822222,
       47.6752778
      ],
      [
       8.5344444,
       47.6716667
      ],
      [
       8.5169444,
       47.6991667
      ],
      [
       8.5680556,
       47.7011111
      ],
      [
       8.6319444,
       47.7091667
      ]
     ]
    ]
   }
  },
  {
   "type": "Feature",
   "properties": {
    "ll": {
     "value": 900,
     "unit": 0,
     "referenceDatum": 1
    },
    "ul": {
     "value": 1050,
     "unit": 0,
     "referenceDatum": 1
    },
    "_id": "62e10d67d0d055fccf50f574",
    "name": "LS-R72 T BOHLHOF",
    "type": 21,
    "icao": 7,
    "bnd": [
     [
      47.6191187,
      8.3369444
     ],
     [
      47.6888889,
      8.4308333
     ]
    ]
   },
   "geometry": {
    "type": "Polygon",
    "coordinates": [
     [
      [
       8.3375,
       47.6791667
      ],
      [
       8.4308333,
       47.6888889
      ],
      [
       8.4302778,
       47.6508333
      ],
      [
       8.4302673,
       47.6498457
      ],
      [
       8.4302107,
       47.6488589
      ],
      [
       8.4301082,
       47.6478737
      ],
      [
       8.4299597,
       47.6468911
      ],
      [
       8.4297656,
       47.6459122
      ],
      [
       8.4295259,
       47.6449379
      ],
      [
       8.4292409,
       47.6439691
      ],
      [
       8.4289109,
       47.6430068
      ],
      [
       8.4285362,
       47.642052
      ],
      [
       8.4281172,
       47.6411056
      ],
      [
       8.4276543,
       47.6401685
      ],
      [
       8.427148,
       47.6392417
      ],
      [
       8.4265987,
       47.6383261
      ],
      [
       8.426007,
       47.6374225
      ],
      [
       8.4253736,
       47.6365319
      ],
      [
       8.4246989,
       47.6356551
      ],
      [
       8.4239837,
       47.634793
      ],
      [
       8.4232287,
       47.6339465
      ],
      [
       8.4224347,
       47.6331164
      ],
      [
       8.4216024,
       47.6323035
      ],
      [
       8.4207326,
       47.6315087
      ],
      [
       8.4198263,
       47.6307326
      ],
      [
       8.4188842,
       47.629976
      ],
      [
       8.4179074,
       47.6292398
      ],
      [
       8.4168967,
       47.6285246
      ],
      [
       8.4158533,
       47.6278312
      ],
      [
       8.414778,
       47.6271602
      ],
      [
       8.4136721,
       47.6265122
      ],
      [
       8.4125365,
       47.625888
      ],
      [
       8.4113725,
       47.6252881
      ],
      [
       8.410181,
       47.6247131
      ],
      [
       8.4089634,
       47.6241637
      ],
      [
       8.4077208,
       47.6236402
      ],
      [
       8.4064545,
       47.6231433
      ],
      [
       8.4051656,
       47.6226735
      ],
      [
       8.4038555,
       47.6222312
      ],
      [
       8.4025255,
       47.6218168
      ],
      [
       8.4011768,
       47.6214307
      ],
      [
       8.3998108,
       47.6210734
      ],
      [
       8.3984289,
       47.6207451
      ],
      [
       8.3970324,
       47.6204463
      ],
      [
       8.3956226,
       47.6201772
      ],
      [
       8.394201,
       47.619938
      ],
      [
       8.392769,
       47.619729
      ],
      [
       8.3913279,
       47.6195504
      ],
      [
       8.3898793,
       47.6194024
      ],
      [
       8.3884244,
       47.6192851
      ],
      [
       8.3869649,
       47.6191987
      ],
      [
       8.385502,
       47.6191432
      ],
      [
       8.3840372,
       47.6191187
      ],
      [
       8.3825721,
       47.6191252
      ],
      [
       8.381108,
       47.6191627
      ],
      [
       8.3796463,
       47.6192311
      ],
      [
       8.3781885,
       47.6193305
      ],
      [
       8.3767361,
       47.6194606
      ],
      [
       8.3752905,
       47.6196214
      ],
      [
       8.373853,
       47.6198127
      ],
      [
       8.3724252,
       47.6200344
      ],
      [
       8.3710084,
       47.6202861
      ],
      [
       8.369604,
       47.6205677
      ],
      [
       8.3682134,
       47.6208789
      ],
      [
       8.3668379,
       47.6212193
      ],
      [
       8.365479,
       47.6215887
      ],
      [
       8.364138,
       47.6219867
      ],
      [
       8.3628161,
       47.6224128
      ],
      [
       8.3615148,
       47.6228667
      ],
      [
       8.3602352,
       47.6233479
      ],
      [
       8.3589786,
       47.623856
      ],
      [
       8.3577463,
       47.6243904
      ],
      [
       8.3565395,
       47.6249506
      ],
      [
       8.3553594,
       47.625536
      ],
      [
       8.3542071,
       47.6261462
      ],
      [
       8.3530838,
       47.6267804
      ],
      [
       8.3519906,
       47.6274381
      ],
      [
       8.3509285,
       47.6281186
      ],
      [
       8.3498987,
       47.6288212
      ],
      [
       8.3489021,
       47.6295453
      ],
      [
       8.3479397,
       47.6302901
      ],
      [
       8.3470124,
       47.6310549
      ],
      [
       8.3461212,
       47.6318389
      ],
      [
       8.345267,
       47.6326415
      ],
      [
       8.3444506,
       47.6334617
      ],
      [
       8.3436728,
       47.6342987
      ],
      [
       8.3429344,
       47.6351518
      ],
      [
       8.3422361,
       47.6360202
      ],
      [
       8.3415786,
       47.6369028
      ],
      [
       8.3409625,
       47.637799
      ],
      [
       8.3403885,
       47.6387077
      ],
      [
       8.3398572,
       47.6396281
      ],
      [
       8.3393689,
       47.6405593
      ],
      [
       8.3389244,
       47.6415004
      ],
      [
       8.3385238,
       47.6424505
      ],
      [
       8.3381678,
       47.6434085
      ],
      [
       8.3378566,
       47.6443736
      ],
      [
       8.3375905,
       47.6453448
      ],
      [
       8.3373699,
       47.6463212
      ],
      [
       8.3371948,
       47.6473018
      ],
      [
       8.3370656,
       47.6482855
      ],
      [
       8.3369823,
       47.6492716
      ],
      [
       8.336945,
       47.6502589
      ],
      [
       8.3369444,
       47.6502778
      ],
      [
       8.3375,
       47.6791667
      ]
     ]
    ]
   }
  },
  {
   "type": "Feature",
   "properties": {
    "ll": {
     "value": 1350,
     "unit": 0,
     "referenceDatum": 1
    },
    "ul": {
     "value": 1700,
     "unit": 0,
     "referenceDatum": 1
    },
    "_id": "62e10d68d0d055fccf50f5ba",
    "name": "LS-R73 T WINTERTHUR WEST",
    "type": 21,
    "icao": 7,
    "bnd": [
     [
      47.5058333,
      8.7972222
     ],
     [
      47.5722222,
      8.92
     ]
    ]
   },
   "geometry": {
    "type": "Polygon",
    "coordinates": [
     [
      [
       8.8597222,
       47.5722222
      ],
      [
       8.92,
       47.5438889
      ],
      [
       8.9097222,
       47.5058333
      ],
      [
       8.8311111,
       47.5169444
      ],
      [
       8.8080556,
       47.5161111
      ],
      [
       8.7972222,
       47.5386111
      ],
      [
       8.8597222,
       47.5722222
      ]
     ]
    ]
   }
  },
  {
   "type": "Feature",
   "properties": {
    "ll": {
     "value": 1350,
     "unit": 0,
     "referenceDatum": 1
    },
    "ul": {
     "value": 2000,
     "unit": 0,
     "referenceDatum": 1
    },
    "_id": "62e10d68d0d055fccf50f5c6",
    "name": "LS-R74 T WINTERTHUR EAST",
    "type": 21,
    "icao": 7,
    "bnd": [
     [
      47.4822222,
      8.9097222
     ],
     [
      47.5438889,
      9.0816667
     ]
    ]
   },
   "geometry": {
    "type": "Polygon",
    "coordinates": [
     [
      [
       8.92,
       47.5438889
      ],
      [
       9,
       47.5380556
      ],
      [
       9.0816667,
       47.5319444
      ],
      [
       9.0733333,
       47.4822222
      ],
      [
       8.9097222,
       47.5058333
      ],
      [
       8.92,
       47.5438889
      ]
     ]
    ]
   }
  },
  {
   "type": "Feature",
   "properties": {
    "ll": {
     "value": 300,
     "unit": 0,
     "referenceDatum": 0
    },
    "ul": {
     "value": 1525,
     "unit": 0,
     "referenceDatum": 1
    },
    "_id": "62e10d60d0d055fccf50f342",
    "name": "LS-R75 T DITTINGEN WEST",
    "type": 21,
    "icao": 7,
    "bnd": [
     [
      47.3952778,
      7.2544444
     ],
     [
      47.4608715,
      7.5422222
     ]
    ]
   },
   "geometry": {
    "type": "Polygon",
    "coordinates": [
     [
      [
       7.2544444,
       47.4241667
      ],
      [
       7.2686111,
       47.4269444
      ],
      [
       7.2711111,
       47.4277778
      ],
      [
       7.2730556,
       47.4291667
      ],
      [
       7.2741667,
       47.43
      ],
      [
       7.2763889,
       47.4313889
      ],
      [
       7.2772222,
       47.4316667
      ],
      [
       7.2777778,
       47.4319444
      ],
      [
       7.2780556,
       47.4325
      ],
      [
       7.2786111,
       47.4327778
      ],
      [
       7.2797222,
       47.4327778
      ],
      [
       7.2805556,
       47.4330556
      ],
      [
       7.2808333,
       47.4336111
      ],
      [
       7.2811111,
       47.4344444
      ],
      [
       7.2816667,
       47.4347222
      ],
      [
       7.2855556,
       47.4352778
      ],
      [
       7.2886111,
       47.435
      ],
      [
       7.2922222,
       47.4333333
      ],
      [
       7.2936111,
       47.4333333
      ],
      [
       7.2947222,
       47.4352778
      ],
      [
       7.2972222,
       47.4363889
      ],
      [
       7.3008333,
       47.4369444
      ],
      [
       7.3016667,
       47.4377778
      ],
      [
       7.3022222,
       47.4388889
      ],
      [
       7.3041667,
       47.4388889
      ],
      [
       7.3069444,
       47.4391667
      ],
      [
       7.3091667,
       47.4386111
      ],
      [
       7.3116667,
       47.4380556
      ],
      [
       7.3130556,
       47.4383333
      ],
      [
       7.3152778,
       47.4388889
      ],
      [
       7.3230556,
       47.4388889
      ],
      [
       7.3241667,
       47.4391667
      ],
      [
       7.325,
       47.4397222
      ],
      [
       7.3261111,
       47.4397222
      ],
      [
       7.3277778,
       47.4402778
      ],
      [
       7.3283333,
       47.4411111
      ],
      [
       7.3294444,
       47.4413889
      ],
      [
       7.3302778,
       47.4419444
      ],
      [
       7.3319444,
       47.4413889
      ],
      [
       7.3344444,
       47.4411111
      ],
      [
       7.3369444,
       47.4411111
      ],
      [
       7.3386111,
       47.4413889
      ],
      [
       7.34,
       47.4408333
      ],
      [
       7.3411111,
       47.4388889
      ],
      [
       7.3444444,
       47.4377778
      ],
      [
       7.345,
       47.4363889
      ],
      [
       7.3461111,
       47.4366667
      ],
      [
       7.3475,
       47.4355556
      ],
      [
       7.3491667,
       47.4358333
      ],
      [
       7.3536111,
       47.4341667
      ],
      [
       7.3552778,
       47.4341667
      ],
      [
       7.3563889,
       47.4344444
      ],
      [
       7.3586111,
       47.4347222
      ],
      [
       7.3622222,
       47.4338889
      ],
      [
       7.3638889,
       47.4344444
      ],
      [
       7.3647222,
       47.4338889
      ],
      [
       7.3675,
       47.4344444
      ],
      [
       7.3697222,
       47.4341667
      ],
      [
       7.3708333,
       47.4336111
      ],
      [
       7.3730556,
       47.4341667
      ],
      [
       7.3741667,
       47.4333333
      ],
      [
       7.3758333,
       47.4333333
      ],
      [
       7.3780556,
       47.4325
      ],
      [
       7.3811111,
       47.4322222
      ],
      [
       7.3819444,
       47.4330556
      ],
      [
       7.3844444,
       47.4322222
      ],
      [
       7.3944444,
       47.4352778
      ],
      [
       7.4030556,
       47.4355556
      ],
      [
       7.4033333,
       47.4388889
      ],
      [
       7.4055556,
       47.4397222
      ],
      [
       7.4066667,
       47.4408333
      ],
      [
       7.4086111,
       47.4408333
      ],
      [
       7.4108333,
       47.4419444
      ],
      [
       7.4141667,
       47.4425
      ],
      [
       7.4175,
       47.4444444
      ],
      [
       7.4205556,
       47.4458333
      ],
      [
       7.4241667,
       47.4502778
      ],
      [
       7.4222222,
       47.4511111
      ],
      [
       7.4252778,
       47.4522222
      ],
      [
       7.4286111,
       47.4538889
      ],
      [
       7.4280556,
       47.4583333
      ],
      [
       7.4891667,
       47.4608333
      ],
      [
       7.490213,
       47.4608635
      ],
      [
       7.4912601,
       47.4608715
      ],
      [
       7.4923072,
       47.4608572
      ],
      [
       7.493353,
       47.4608207
      ],
      [
       7.4943966,
       47.4607619
      ],
      [
       7.495437,
       47.4606811
      ],
      [
       7.4964731,
       47.4605781
      ],
      [
       7.497504,
       47.4604532
      ],
      [
       7.4985285,
       47.4603065
      ],
      [
       7.4995456,
       47.4601381
      ],
      [
       7.5005545,
       47.4599481
      ],
      [
       7.501554,
       47.4597368
      ],
      [
       7.5025431,
       47.4595044
      ],
      [
       7.503521,
       47.459251
      ],
      [
       7.5044867,
       47.458977
      ],
      [
       7.5054391,
       47.4586827
      ],
      [
       7.5063773,
       47.4583682
      ],
      [
       7.5073005,
       47.458034
      ],
      [
       7.5082077,
       47.4576803
      ],
      [
       7.509098,
       47.4573075
      ],
      [
       7.5099705,
       47.456916
      ],
      [
       7.5108244,
       47.4565062
      ],
      [
       7.5116588,
       47.4560784
      ],
      [
       7.5124729,
       47.4556331
      ],
      [
       7.5132659,
       47.4551707
      ],
      [
       7.514037,
       47.4546917
      ],
      [
       7.5147855,
       47.4541965
      ],
      [
       7.5155106,
       47.4536857
      ],
      [
       7.5162116,
       47.4531598
      ],
      [
       7.5168878,
       47.4526192
      ],
      [
       7.5175385,
       47.4520645
      ],
      [
       7.5181632,
       47.4514962
      ],
      [
       7.5187611,
       47.450915
      ],
      [
       7.5193317,
       47.4503214
      ],
      [
       7.5198744,
       47.4497159
      ],
      [
       7.5203888,
       47.4490992
      ],
      [
       7.5208742,
       47.4484718
      ],
      [
       7.5213303,
       47.4478345
      ],
      [
       7.5217565,
       47.4471878
      ],
      [
       7.5219444,
       47.4466667
      ],
      [
       7.5288889,
       47.435
      ],
      [
       7.5422222,
       47.3952778
      ],
      [
       7.38,
       47.4116667
      ],
      [
       7.3744444,
       47.4122222
      ],
      [
       7.2544444,
       47.4241667
      ]
     ]
    ]
   }
  },
  {
   "type": "Feature",
   "properties": {
    "ll": {
     "value": 300,
     "unit": 0,
     "referenceDatum": 0
    },
    "ul": {
     "value": 1525,
     "unit": 0,
     "referenceDatum": 1
    },
    "_id": "62e10d60d0d055fccf50f339",
    "name": "LS-R76 T DITTINGEN EAST",
    "type": 21,
    "icao": 7,
    "bnd": [
     [
      47.3833333,
      7.5288889
     ],
     [
      47.4827778,
      7.7780556
     ]
    ]
   },
   "geometry": {
    "type": "Polygon",
    "coordinates": [
     [
      [
       7.5288889,
       47.435
      ],
      [
       7.65,
       47.45
      ],
      [
       7.7402778,
       47.4827778
      ],
      [
       7.7780556,
       47.4311111
      ],
      [
       7.6583333,
       47.3833333
      ],
      [
       7.5422222,
       47.3952778
      ],
      [
       7.5288889,
       47.435
      ]
     ]
    ]
   }
  },
  {
   "type": "Feature",
   "properties": {
    "ll": {
     "value": 1700,
     "unit": 0,
     "referenceDatum": 1
    },
    "ul": {
     "value": 2300,
     "unit": 0,
     "referenceDatum": 1
    },
    "_id": "62e10d68d0d055fccf50f5da",
    "name": "LS-R77 T ALBIS",
    "type": 21,
    "icao": 7,
    "bnd": [
     [
      47.2322222,
      8.3777778
     ],
     [
      47.3313889,
      8.605
     ]
    ]
   },
   "geometry": {
    "type": "Polygon",
    "coordinates": [
     [
      [
       8.3777778,
       47.3030556
      ],
      [
       8.5538889,
       47.3313889
      ],
      [
       8.605,
       47.2569444
      ],
      [
       8.4319444,
       47.2322222
      ],
      [
       8.3777778,
       47.3030556
      ]
     ]
    ]
   }
  },
  {
   "type": "Feature",
   "properties": {
    "ll": {
     "value": 1700,
     "unit": 0,
     "referenceDatum": 1
    },
    "ul": {
     "value": 2300,
     "unit": 0,
     "referenceDatum": 1
    },
    "_id": "62e10d68d0d055fccf50f5e4",
    "name": "LS-R78 T BACHTEL WEST",
    "type": 21,
    "icao": 7,
    "bnd": [
     [
      47.2569444,
      8.5538889
     ],
     [
      47.3475,
      8.8152778
     ]
    ]
   },
   "geometry": {
    "type": "Polygon",
    "coordinates": [
     [
      [
       8.6833333,
       47.3425
      ],
      [
       8.8152778,
       47.3475
      ],
      [
       8.8022222,
       47.3202778
      ],
      [
       8.7797222,
       47.2727778
      ],
      [
       8.7413889,
       47.2763889
      ],
      [
       8.605,
       47.2569444
      ],
      [
       8.5538889,
       47.3313889
      ],
      [
       8.6833333,
       47.3425
      ]
     ]
    ]
   }
  },
  {
   "type": "Feature",
   "properties": {
    "ll": {
     "value": 1700,
     "unit": 0,
     "referenceDatum": 1
    },
    "ul": {
     "value": 2300,
     "unit": 0,
     "referenceDatum": 1
    },
    "_id": "62e10d68d0d055fccf50f5ee",
    "name": "LS-R79 T BACHTEL EAST",
    "type": 21,
    "icao": 7,
    "bnd": [
     [
      47.2552778,
      8.7797222
     ],
     [
      47.3522222,
      9.0811111
     ]
    ]
   },
   "geometry": {
    "type": "Polygon",
    "coordinates": [
     [
      [
       8.9177778,
       47.2602778
      ],
      [
       8.7797222,
       47.2727778
      ],
      [
       8.8022222,
       47.3202778
      ],
      [
       8.8152778,
       47.3475
      ],
      [
       8.9438889,
       47.3522222
      ],
      [
       9.0811111,
       47.3469444
      ],
      [
       9.0455556,
       47.2733333
      ],
      [
       8.9725,
       47.2552778
      ],
      [
       8.9177778,
       47.2602778
      ]
     ]
    ]
   }
  },
  {
   "type": "Feature",
   "properties": {
    "ll": {
     "value": 0,
     "unit": 1,
     "referenceDatum": 0
    },
    "ul": {
     "value": 8550,
     "unit": 0,
     "referenceDatum": 1
    },
    "_id": "62e10d6dd0d055fccf50f7b2",
    "name": "LS-R8 DAMMASTOCK",
    "type": 1,
    "icao": 7,
    "bnd": [
     [
      46.5663889,
      8.3105556
     ],
     [
      46.7272222,
      8.555
     ]
    ]
   },
   "geometry": {
    "type": "Polygon",
    "coordinates": [
     [
      [
       8.5491667,
       46.7272222
      ],
      [
       8.555,
       46.6305556
      ],
      [
       8.3558333,
       46.5663889
      ],
      [
       8.3105556,
       46.6913889
      ],
      [
       8.5491667,
       46.7272222
      ]
     ]
    ]
   }
  },
  {
   "type": "Feature",
   "properties": {
    "ll": {
     "value": 75,
     "unit": 6,
     "referenceDatum": 2
    },
    "ul": {
     "value": 95,
     "unit": 6,
     "referenceDatum": 2
    },
    "_id": "62e10d63d0d055fccf50f414",
    "name": "LS-R80 T VALLORBE",
    "type": 21,
    "icao": 7,
    "bnd": [
     [
      46.5730556,
      6.2102778
     ],
     [
      46.7677778,
      6.5572222
     ]
    ]
   },
   "geometry": {
    "type": "Polygon",
    "coordinates": [
     [
      [
       6.2102778,
       46.6397222
      ],
      [
       6.275,
       46.6833333
      ],
      [
       6.44,
       46.7677778
      ],
      [
       6.5572222,
       46.7333333
      ],
      [
       6.3263889,
       46.5730556
      ],
      [
       6.2102778,
       46.6397222
      ]
     ]
    ]
   }
  },
  {
   "type": "Feature",
   "properties": {
    "ll": {
     "value": 75,
     "unit": 6,
     "referenceDatum": 2
    },
    "ul": {
     "value": 85,
     "unit": 6,
     "referenceDatum": 2
    },
    "_id": "62e10d63d0d055fccf50f40a",
    "name": "LS-R81 T LE BRASSUS",
    "type": 21,
    "icao": 7,
    "bnd": [
     [
      46.4111111,
      6.0633333
     ],
     [
      46.6397222,
      6.3263889
     ]
    ]
   },
   "geometry": {
    "type": "Polygon",
    "coordinates": [
     [
      [
       6.1108333,
       46.5761111
      ],
      [
       6.2102778,
       46.6397222
      ],
      [
       6.3263889,
       46.5730556
      ],
      [
       6.0880556,
       46.4111111
      ],
      [
       6.0633333,
       46.4163889
      ],
      [
       6.0872222,
       46.445
      ],
      [
       6.0783333,
       46.4513889
      ],
      [
       6.0727778,
       46.4655556
      ],
      [
       6.0969444,
       46.4813889
      ],
      [
       6.1127778,
       46.51
      ],
      [
       6.1380556,
       46.5311111
      ],
      [
       6.1438889,
       46.5280556
      ],
      [
       6.1533333,
       46.5369444
      ],
      [
       6.1483333,
       46.5394444
      ],
      [
       6.1569444,
       46.5455556
      ],
      [
       6.1108333,
       46.5761111
      ]
     ]
    ]
   }
  },
  {
   "type": "Feature",
   "properties": {
    "ll": {
     "value": 0,
     "unit": 1,
     "referenceDatum": 0
    },
    "ul": {
     "value": 1700,
     "unit": 0,
     "referenceDatum": 1
    },
    "_id": "62e10d62d0d055fccf50f3ba",
    "name": "LS-R82 LAENGENBERG",
    "type": 21,
    "icao": 7,
    "bnd": [
     [
      46.8355556,
      7.3555556
     ],
     [
      46.9205556,
      7.4955556
     ]
    ]
   },
   "geometry": {
    "type": "Polygon",
    "coordinates": [
     [
      [
       7.3972222,
       46.8666667
      ],
      [
       7.3982857,
       46.8655457
      ],
      [
       7.4007971,
       46.8635568
      ],
      [
       7.4033985,
       46.8616228
      ],
      [
       7.4060872,
       46.8597455
      ],
      [
       7.4088606,
       46.8579268
      ],
      [
       7.411716,
       46.8561685
      ],
      [
       7.4146506,
       46.8544724
      ],
      [
       7.4176615,
       46.85284
      ],
      [
       7.4207457,
       46.851273
      ],
      [
       7.4239002,
       46.849773
      ],
      [
       7.4271218,
       46.8483414
      ],
      [
       7.4304074,
       46.8469796
      ],
      [
       7.4337538,
       46.845689
      ],
      [
       7.4371576,
       46.8444708
      ],
      [
       7.4406156,
       46.8433262
      ],
      [
       7.4441242,
       46.8422564
      ],
      [
       7.4476802,
       46.8412624
      ],
      [
       7.4512799,
       46.8403452
      ],
      [
       7.4549198,
       46.8395056
      ],
      [
       7.4585964,
       46.8387446
      ],
      [
       7.462306,
       46.8380628
      ],
      [
       7.466045,
       46.8374609
      ],
      [
       7.4698097,
       46.8369395
      ],
      [
       7.4735964,
       46.8364992
      ],
      [
       7.4774015,
       46.8361403
      ],
      [
       7.4812211,
       46.8358632
      ],
      [
       7.4850515,
       46.8356683
      ],
      [
       7.4888889,
       46.8355556
      ],
      [
       7.4955556,
       46.8866667
      ],
      [
       7.4705556,
       46.9102778
      ],
      [
       7.4519444,
       46.9188889
      ],
      [
       7.4452778,
       46.9202778
      ],
      [
       7.4294444,
       46.9205556
      ],
      [
       7.3555556,
       46.9022222
      ],
      [
       7.3972222,
       46.8666667
      ]
     ]
    ]
   }
  },
  {
   "type": "Feature",
   "properties": {
    "ll": {
     "value": 2800,
     "unit": 0,
     "referenceDatum": 1
    },
    "ul": {
     "value": 8550,
     "unit": 0,
     "referenceDatum": 1
    },
    "_id": "62e10d6dd0d055fccf50f7bc",
    "name": "LS-R8A DAMMASTOCK",
    "type": 1,
    "icao": 7,
    "bnd": [
     [
      46.5147222,
      8.3558333
     ],
     [
      46.6305556,
      8.56
     ]
    ]
   },
   "geometry": {
    "type": "Polygon",
    "coordinates": [
     [
      [
       8.555,
       46.6305556
      ],
      [
       8.56,
       46.5497222
      ],
      [
       8.4680556,
       46.5147222
      ],
      [
       8.3558333,
       46.5663889
      ],
      [
       8.555,
       46.6305556
      ]
     ]
    ]
   }
  },
  {
   "type": "Feature",
   "properties": {
    "ll": {
     "value": 0,
     "unit": 1,
     "referenceDatum": 0
    },
    "ul": {
     "value": 40000,
     "unit": 1,
     "referenceDatum": 1
    },
    "_id": "62e10d6ed0d055fccf50f7c6",
    "name": "LS-R9 HINTERRHEIN",
    "type": 1,
    "icao": 7,
    "bnd": [
     [
      46.4625,
      9.0708333
     ],
     [
      46.5261111,
      9.1811111
     ]
    ]
   },
   "geometry": {
    "type": "Polygon",
    "coordinates": [
     [
      [
       9.1197222,
       46.5261111
      ],
      [
       9.1772222,
       46.5216667
      ],
      [
       9.1802778,
       46.5077778
      ],
      [
       9.1683333,
       46.4944444
      ],
      [
       9.1811111,
       46.4727778
      ],
      [
       9.1680556,
       46.4625
      ],
      [
       9.1361111,
       46.465
      ],
      [
       9.1111111,
       46.4788889
      ],
      [
       9.0858333,
       46.4744444
      ],
      [
       9.0708333,
       46.4805556
      ],
      [
       9.1197222,
       46.5261111
      ]
     ]
    ]
   }
  },
  {
   "type": "Feature",
   "properties": {
    "ll": {
     "value": 0,
     "unit": 1,
     "referenceDatum": 0
    },
    "ul": {
     "value": 600,
     "unit": 0,
     "referenceDatum": 0
    },
    "_id": "62e10d64d0d055fccf50f47a",
    "name": "RMZ GRENCHEN HX",
    "type": 6,
    "icao": 7,
    "bnd": [
     [
      47.1311111,
      7.3281011
     ],
     [
      47.2180556,
      7.5706393
     ]
    ]
   },
   "geometry": {
    "type": "Polygon",
    "coordinates": [
     [
      [
       7.5419444,
       47.2180556
      ],
      [
       7.5431338,
       47.2178116
      ],
      [
       7.5443112,
       47.2175423
      ],
      [
       7.5454756,
       47.2172481
      ],
      [
       7.5466258,
       47.2169291
      ],
      [
       7.5477606,
       47.2165857
      ],
      [
       7.548879,
       47.2162183
      ],
      [
       7.5499799,
       47.2158272
      ],
      [
       7.5510621,
       47.2154128
      ],
      [
       7.5521245,
       47.2149755
      ],
      [
       7.5531663,
       47.2145158
      ],
      [
       7.5541862,
       47.214034
      ],
      [
       7.5551833,
       47.2135307
      ],
      [
       7.5561566,
       47.2130064
      ],
      [
       7.5571052,
       47.2124615
      ],
      [
       7.5580281,
       47.2118967
      ],
      [
       7.5589245,
       47.2113124
      ],
      [
       7.5597933,
       47.2107093
      ],
      [
       7.5606338,
       47.210088
      ],
      [
       7.5614451,
       47.209449
      ],
      [
       7.5622265,
       47.208793
      ],
      [
       7.5629772,
       47.2081207
      ],
      [
       7.5636963,
       47.2074327
      ],
      [
       7.5643833,
       47.2067297
      ],
      [
       7.5650374,
       47.2060123
      ],
      [
       7.565658,
       47.2052813
      ],
      [
       7.5662445,
       47.2045375
      ],
      [
       7.5667963,
       47.2037815
      ],
      [
       7.5673128,
       47.2030141
      ],
      [
       7.5677936,
       47.2022361
      ],
      [
       7.5682382,
       47.2014481
      ],
      [
       7.5686461,
       47.2006511
      ],
      [
       7.569017,
       47.1998458
      ],
      [
       7.5693504,
       47.1990329
      ],
      [
       7.5696461,
       47.1982134
      ],
      [
       7.5699038,
       47.1973879
      ],
      [
       7.5701231,
       47.1965573
      ],
      [
       7.570304,
       47.1957225
      ],
      [
       7.5704461,
       47.1948842
      ],
      [
       7.5705494,
       47.1940433
      ],
      [
       7.5706138,
       47.1932006
      ],
      [
       7.5706393,
       47.1923569
      ],
      [
       7.5706257,
       47.1915131
      ],
      [
       7.5705731,
       47.19067
      ],
      [
       7.5704815,
       47.1898285
      ],
      [
       7.5703512,
       47.1889893
      ],
      [
       7.5701821,
       47.1881533
      ],
      [
       7.5699744,
       47.1873214
      ],
      [
       7.5694444,
       47.1869444
      ],
      [
       7.3897222,
       47.1338889
      ],
      [
       7.3836111,
       47.1333333
      ],
      [
       7.35,
       47.1311111
      ],
      [
       7.3489055,
       47.1314908
      ],
      [
       7.347829,
       47.1318936
      ],
      [
       7.3467716,
       47.1323192
      ],
      [
       7.3457344,
       47.1327672
      ],
      [
       7.3447184,
       47.1332372
      ],
      [
       7.3437245,
       47.1337286
      ],
      [
       7.3427539,
       47.134241
      ],
      [
       7.3418073,
       47.1347739
      ],
      [
       7.3408858,
       47.1353267
      ],
      [
       7.3399902,
       47.135899
      ],
      [
       7.3391215,
       47.1364901
      ],
      [
       7.3382805,
       47.1370994
      ],
      [
       7.337468,
       47.1377264
      ],
      [
       7.3366849,
       47.1383705
      ],
      [
       7.3359319,
       47.139031
      ],
      [
       7.3352097,
       47.1397072
      ],
      [
       7.3345191,
       47.1403986
      ],
      [
       7.3338607,
       47.1411043
      ],
      [
       7.3332353,
       47.1418238
      ],
      [
       7.3326433,
       47.1425562
      ],
      [
       7.3320855,
       47.143301
      ],
      [
       7.3315623,
       47.1440572
      ],
      [
       7.3310742,
       47.1448243
      ],
      [
       7.3306219,
       47.1456015
      ],
      [
       7.3302056,
       47.1463879
      ],
      [
       7.3298258,
       47.1471828
      ],
      [
       7.329483,
       47.1479855
      ],
      [
       7.3291773,
       47.148795
      ],
      [
       7.3289092,
       47.1496107
      ],
      [
       7.3286789,
       47.1504317
      ],
      [
       7.3284866,
       47.1512573
      ],
      [
       7.3283326,
       47.1520865
      ],
      [
       7.3282169,
       47.1529186
      ],
      [
       7.3281397,
       47.1537528
      ],
      [
       7.3281011,
       47.1545882
      ],
      [
       7.3281011,
       47.1554241
      ],
      [
       7.3281396,
       47.1562595
      ],
      [
       7.3282168,
       47.1570937
      ],
      [
       7.3283324,
       47.1579258
      ],
      [
       7.3284865,
       47.158755
      ],
      [
       7.3286788,
       47.1595806
      ],
      [
       7.3289091,
       47.1604016
      ],
      [
       7.3291772,
       47.1612173
      ],
      [
       7.3294829,
       47.1620269
      ],
      [
       7.3298259,
       47.1628295
      ],
      [
       7.3302058,
       47.1636244
      ],
      [
       7.3306222,
       47.1644108
      ],
      [
       7.3310748,
       47.165188
      ],
      [
       7.3315631,
       47.165955
      ],
      [
       7.3320866,
       47.1667113
      ],
      [
       7.3326447,
       47.167456
      ],
      [
       7.3327778,
       47.1675
      ],
      [
       7.3855556,
       47.1875
      ],
      [
       7.5419444,
       47.2180556
      ]
     ]
    ]
   }
  },
  {
   "type": "Feature",
   "properties": {
    "ll": {
     "value": 700,
     "unit": 0,
     "referenceDatum": 1
    },
    "ul": {
     "value": 130,
     "unit": 6,
     "referenceDatum": 2
    },
    "_id": "62e10d5fd0d055fccf50f2fc",
    "name": "TMA ALPNACH 2 TEMPO",
    "type": 7,
    "icao": 4,
    "bnd": [
     [
      46.8094444,
      8.1327778
     ],
     [
      46.9166667,
      8.2669444
     ]
    ]
   },
   "geometry": {
    "type": "Polygon",
    "coordinates": [
     [
      [
       8.2272222,
       46.9166667
      ],
      [
       8.2416667,
       46.89
      ],
      [
       8.2669444,
       46.8847222
      ],
      [
       8.1975,
       46.8094444
      ],
      [
       8.1327778,
       46.8425
      ],
      [
       8.2272222,
       46.9166667
      ]
     ]
    ]
   }
  },
  {
   "type": "Feature",
   "properties": {
    "ll": {
     "value": 1800,
     "unit": 0,
     "referenceDatum": 1
    },
    "ul": {
     "value": 130,
     "unit": 6,
     "referenceDatum": 2
    },
    "_id": "62e10d5fd0d055fccf50f306",
    "name": "TMA ALPNACH 4 TEMPO",
    "type": 7,
    "icao": 4,
    "bnd": [
     [
      46.7630556,
      8.0583333
     ],
     [
      46.8425,
      8.1975
     ]
    ]
   },
   "geometry": {
    "type": "Polygon",
    "coordinates": [
     [
      [
       8.1327778,
       46.8425
      ],
      [
       8.1975,
       46.8094444
      ],
      [
       8.1547222,
       46.7630556
      ],
      [
       8.0583333,
       46.7838889
      ],
      [
       8.1327778,
       46.8425
      ]
     ]
    ]
   }
  },
  {
   "type": "Feature",
   "properties": {
    "ll": {
     "value": 1750,
     "unit": 0,
     "referenceDatum": 1
    },
    "ul": {
     "value": 100,
     "unit": 6,
     "referenceDatum": 2
    },
    "_id": "62e10d61d0d055fccf50f369",
    "name": "TMA BALE T1 HX",
    "type": 7,
    "icao": 4,
    "bnd": [
     [
      47.2911111,
      7.3744444
     ],
     [
      47.4311111,
      7.8586111
     ]
    ]
   },
   "geometry": {
    "type": "Polygon",
    "coordinates": [
     [
      [
       7.7780556,
       47.4311111
      ],
      [
       7.8586111,
       47.32
      ],
      [
       7.8116667,
       47.2911111
      ],
      [
       7.4391667,
       47.3180556
      ],
      [
       7.3744444,
       47.4122222
      ],
      [
       7.38,
       47.4116667
      ],
      [
       7.5422222,
       47.3952778
      ],
      [
       7.6583333,
       47.3833333
      ],
      [
       7.7780556,
       47.4311111
      ]
     ]
    ]
   }
  },
  {
   "type": "Feature",
   "properties": {
    "ll": {
     "value": 1600,
     "unit": 0,
     "referenceDatum": 1
    },
    "ul": {
     "value": 1750,
     "unit": 0,
     "referenceDatum": 1
    },
    "_id": "62e10d61d0d055fccf50f375",
    "name": "TMA BALE T1 HX",
    "type": 7,
    "icao": 4,
    "bnd": [
     [
      47.2911111,
      7.3744444
     ],
     [
      47.4311111,
      7.8586111
     ]
    ]
   },
   "geometry": {
    "type": "Polygon",
    "coordinates": [
     [
      [
       7.7780556,
       47.4311111
      ],
      [
       7.8586111,
       47.32
      ],
      [
       7.8116667,
       47.2911111
      ],
      [
       7.4391667,
       47.3180556
      ],
      [
       7.3744444,
       47.4122222
      ],
      [
       7.38,
       47.4116667
      ],
      [
       7.5422222,
       47.3952778
      ],
      [
       7.6583333,
       47.3833333
      ],
      [
       7.7780556,
       47.4311111
      ]
     ]
    ]
   }
  },
  {
   "type": "Feature",
   "properties": {
    "ll": {
     "value": 2600,
     "unit": 0,
     "referenceDatum": 1
    },
    "ul": {
     "value": 100,
     "unit": 6,
     "referenceDatum": 2
    },
    "_id": "62e10d61d0d055fccf50f37e",
    "name": "TMA BALE T2 HX",
    "type": 7,
    "icao": 4,
    "bnd": [
     [
      47.3180556,
      7.0444444
     ],
     [
      47.4433333,
      7.4391667
     ]
    ]
   },
   "geometry": {
    "type": "Polygon",
    "coordinates": [
     [
      [
       7.3744444,
       47.4122222
      ],
      [
       7.4391667,
       47.3180556
      ],
      [
       7.2016667,
       47.3347222
      ],
      [
       7.1125,
       47.3605556
      ],
      [
       7.0444444,
       47.3911111
      ],
      [
       7.0616667,
       47.4433333
      ],
      [
       7.0983333,
       47.4397222
      ],
      [
       7.2544444,
       47.4241667
      ],
      [
       7.3744444,
       47.4122222
      ]
     ]
    ]
   }
  },
  {
   "type": "Feature",
   "properties": {
    "ll": {
     "value": 2000,
     "unit": 0,
     "referenceDatum": 1
    },
    "ul": {
     "value": 2600,
     "unit": 0,
     "referenceDatum": 1
    },
    "_id": "62e10d61d0d055fccf50f388",
    "name": "TMA BALE T2 HX",
    "type": 7,
    "icao": 4,
    "bnd": [
     [
      47.3180556,
      7.0444444
     ],
     [
      47.4433333,
      7.4391667
     ]
    ]
   },
   "geometry": {
    "type": "Polygon",
    "coordinates": [
     [
      [
       7.3744444,
       47.4122222
      ],
      [
       7.4391667,
       47.3180556
      ],
      [
       7.2016667,
       47.3347222
      ],
      [
       7.1125,
       47.3605556
      ],
      [
       7.0444444,
       47.3911111
      ],
      [
       7.0616667,
       47.4433333
      ],
      [
       7.0983333,
       47.4397222
      ],
      [
       7.2544444,
       47.4241667
      ],
      [
       7.3744444,
       47.4122222
      ]
     ]
    ]
   }
  },
  {
   "type": "Feature",
   "properties": {
    "ll": {
     "value": 1750,
     "unit": 0,
     "referenceDatum": 1
    },
    "ul": {
     "value": 100,
     "unit": 6,
     "referenceDatum": 2
    },
    "_id": "62e10d61d0d055fccf50f392",
    "name": "TMA BALE T3 HX",
    "type": 7,
    "icao": 4,
    "bnd": [
     [
      47.2133333,
      7.4391667
     ],
     [
      47.3180556,
      7.8116667
     ]
    ]
   },
   "geometry": {
    "type": "Polygon",
    "coordinates": [
     [
      [
       7.8116667,
       47.2911111
      ],
      [
       7.7363889,
       47.2447222
      ],
      [
       7.6111111,
       47.2133333
      ],
      [
       7.4852778,
       47.2508333
      ],
      [
       7.4391667,
       47.3180556
      ],
      [
       7.8116667,
       47.2911111
      ]
     ]
    ]
   }
  },
  {
   "type": "Feature",
   "properties": {
    "ll": {
     "value": 1600,
     "unit": 0,
     "referenceDatum": 1
    },
    "ul": {
     "value": 1750,
     "unit": 0,
     "referenceDatum": 1
    },
    "_id": "62e10d61d0d055fccf50f39c",
    "name": "TMA BALE T3 HX",
    "type": 7,
    "icao": 4,
    "bnd": [
     [
      47.2133333,
      7.4391667
     ],
     [
      47.3180556,
      7.8116667
     ]
    ]
   },
   "geometry": {
    "type": "Polygon",
    "coordinates": [
     [
      [
       7.8116667,
       47.2911111
      ],
      [
       7.7363889,
       47.2447222
      ],
      [
       7.6111111,
       47.2133333
      ],
      [
       7.4852778,
       47.2508333
      ],
      [
       7.4391667,
       47.3180556
      ],
      [
       7.8116667,
       47.2911111
      ]
     ]
    ]
   }
  },
  {
   "type": "Feature",
   "properties": {
    "ll": {
     "value": 2000,
     "unit": 0,
     "referenceDatum": 1
    },
    "ul": {
     "value": 100,
     "unit": 6,
     "referenceDatum": 2
    },
    "_id": "62e10d60d0d055fccf50f34e",
    "name": "TMA BALE ZURICH AZ3",
    "type": 7,
    "icao": 4,
    "bnd": [
     [
      47.4311111,
      7.6988889
     ],
     [
      47.5605556,
      7.7780556
     ]
    ]
   },
   "geometry": {
    "type": "Polygon",
    "coordinates": [
     [
      [
       7.7591667,
       47.5605556
      ],
      [
       7.7608333,
       47.5491667
      ],
      [
       7.7780556,
       47.4311111
      ],
      [
       7.7402778,
       47.4827778
      ],
      [
       7.7022222,
       47.5352778
      ],
      [
       7.6988889,
       47.54
      ],
      [
       7.7591667,
       47.5605556
      ]
     ]
    ]
   }
  },
  {
   "type": "Feature",
   "properties": {
    "ll": {
     "value": 100,
     "unit": 6,
     "referenceDatum": 2
    },
    "ul": {
     "value": 105,
     "unit": 6,
     "referenceDatum": 2
    },
    "_id": "62e10d60d0d055fccf50f356",
    "name": "TMA BALE ZURICH AZ3 DEN",
    "type": 7,
    "icao": 4,
    "bnd": [
     [
      47.54,
      7.6869444
     ],
     [
      47.5866667,
      7.7591667
     ]
    ]
   },
   "geometry": {
    "type": "Polygon",
    "coordinates": [
     [
      [
       7.7552778,
       47.5866667
      ],
      [
       7.7591667,
       47.5605556
      ],
      [
       7.6988889,
       47.54
      ],
      [
       7.6869444,
       47.5677778
      ],
      [
       7.7552778,
       47.5866667
      ]
     ]
    ]
   }
  },
  {
   "type": "Feature",
   "properties": {
    "ll": {
     "value": 600,
     "unit": 0,
     "referenceDatum": 0
    },
    "ul": {
     "value": 100,
     "unit": 6,
     "referenceDatum": 2
    },
    "_id": "62e10d61d0d055fccf50f360",
    "name": "TMA BALE ZURICH AZ4",
    "type": 7,
    "icao": 4,
    "bnd": [
     [
      47.2133333,
      6.8794444
     ],
     [
      47.45,
      7.8586111
     ]
    ]
   },
   "geometry": {
    "type": "Polygon",
    "coordinates": [
     [
      [
       7.7780556,
       47.4311111
      ],
      [
       7.8586111,
       47.32
      ],
      [
       7.8116667,
       47.2911111
      ],
      [
       7.7363889,
       47.2447222
      ],
      [
       7.6111111,
       47.2133333
      ],
      [
       7.4852778,
       47.2508333
      ],
      [
       7.2016667,
       47.3347222
      ],
      [
       7.0622222,
       47.3438889
      ],
      [
       7.0552778,
       47.3472222
      ],
      [
       7.05,
       47.3477778
      ],
      [
       7.0527778,
       47.3513889
      ],
      [
       7.0491667,
       47.3619444
      ],
      [
       7.0430556,
       47.3641667
      ],
      [
       7.0347222,
       47.3630556
      ],
      [
       7.0338889,
       47.3694444
      ],
      [
       7.0119444,
       47.3727778
      ],
      [
       6.9952778,
       47.3630556
      ],
      [
       6.8794444,
       47.3530556
      ],
      [
       6.8836111,
       47.3727778
      ],
      [
       6.9138889,
       47.3894444
      ],
      [
       6.9094444,
       47.3961111
      ],
      [
       6.9172222,
       47.4055556
      ],
      [
       6.9386111,
       47.4058333
      ],
      [
       6.9416667,
       47.4155556
      ],
      [
       6.9405556,
       47.4330556
      ],
      [
       6.9575,
       47.4338889
      ],
      [
       6.9638889,
       47.4358333
      ],
      [
       6.9702778,
       47.4469444
      ],
      [
       6.9955556,
       47.45
      ],
      [
       7.0616667,
       47.4433333
      ],
      [
       7.0983333,
       47.4397222
      ],
      [
       7.2544444,
       47.4241667
      ],
      [
       7.3744444,
       47.4122222
      ],
      [
       7.38,
       47.4116667
      ],
      [
       7.5422222,
       47.3952778
      ],
      [
       7.6583333,
       47.3833333
      ],
      [
       7.7780556,
       47.4311111
      ]
     ]
    ]
   }
  },
  {
   "type": "Feature",
   "properties": {
    "ll": {
     "value": 1050,
     "unit": 0,
     "referenceDatum": 1
    },
    "ul": {
     "value": 100,
     "unit": 6,
     "referenceDatum": 2
    },
    "_id": "62e10d62d0d055fccf50f3b0",
    "name": "TMA BERN 1 HX",
    "type": 7,
    "icao": 4,
    "bnd": [
     [
      46.8355828,
      7.2054825
     ],
     [
      47.1333333,
      7.6145922
     ]
    ]
   },
   "geometry": {
    "type": "Polygon",
    "coordinates": [
     [
      [
       7.3280556,
       47.0588889
      ],
      [
       7.3836111,
       47.1333333
      ],
      [
       7.3870202,
       47.1321078
      ],
      [
       7.3903709,
       47.1308098
      ],
      [
       7.3936599,
       47.1294408
      ],
      [
       7.3968838,
       47.1280022
      ],
      [
       7.4000395,
       47.1264952
      ],
      [
       7.403124,
       47.1249215
      ],
      [
       7.4061341,
       47.1232825
      ],
      [
       7.4090668,
       47.12158
      ],
      [
       7.4119193,
       47.1198155
      ],
      [
       7.4146888,
       47.1179909
      ],
      [
       7.4173725,
       47.1161079
      ],
      [
       7.4199677,
       47.1141684
      ],
      [
       7.422472,
       47.1121743
      ],
      [
       7.4236111,
       47.1113889
      ],
      [
       7.4675,
       47.0738889
      ],
      [
       7.5875,
       46.9716667
      ],
      [
       7.5898677,
       46.9695966
      ],
      [
       7.5921388,
       46.9674768
      ],
      [
       7.5943111,
       46.9653093
      ],
      [
       7.5963823,
       46.9630963
      ],
      [
       7.5983504,
       46.9608399
      ],
      [
       7.6002136,
       46.9585424
      ],
      [
       7.60197,
       46.9562061
      ],
      [
       7.6036179,
       46.9538333
      ],
      [
       7.6051556,
       46.9514263
      ],
      [
       7.6065816,
       46.9489874
      ],
      [
       7.6078946,
       46.9465192
      ],
      [
       7.6090933,
       46.9440241
      ],
      [
       7.6101765,
       46.9415044
      ],
      [
       7.6111431,
       46.9389628
      ],
      [
       7.6119922,
       46.9364016
      ],
      [
       7.612723,
       46.9338236
      ],
      [
       7.6133348,
       46.9312311
      ],
      [
       7.613827,
       46.9286268
      ],
      [
       7.6141992,
       46.9260132
      ],
      [
       7.6144509,
       46.9233929
      ],
      [
       7.6145819,
       46.9207685
      ],
      [
       7.6145922,
       46.9181425
      ],
      [
       7.6144817,
       46.9155177
      ],
      [
       7.6142506,
       46.9128965
      ],
      [
       7.6138992,
       46.9102816
      ],
      [
       7.6134277,
       46.9076755
      ],
      [
       7.6128366,
       46.9050808
      ],
      [
       7.6121266,
       46.9025001
      ],
      [
       7.6112984,
       46.8999358
      ],
      [
       7.6103528,
       46.8973906
      ],
      [
       7.6092908,
       46.894867
      ],
      [
       7.6081134,
       46.8923673
      ],
      [
       7.6068218,
       46.8898942
      ],
      [
       7.6054173,
       46.88745
      ],
      [
       7.6039013,
       46.8850371
      ],
      [
       7.6022753,
       46.882658
      ],
      [
       7.6005409,
       46.8803149
      ],
      [
       7.5986998,
       46.8780101
      ],
      [
       7.5967539,
       46.875746
      ],
      [
       7.594705,
       46.8735248
      ],
      [
       7.5925553,
       46.8713486
      ],
      [
       7.5903069,
       46.8692196
      ],
      [
       7.5879619,
       46.8671399
      ],
      [
       7.5855227,
       46.8651115
      ],
      [
       7.5829917,
       46.8631365
      ],
      [
       7.5803714,
       46.8612167
      ],
      [
       7.5776644,
       46.8593541
      ],
      [
       7.5748734,
       46.8575504
      ],
      [
       7.5720011,
       46.8558076
      ],
      [
       7.5690503,
       46.8541272
      ],
      [
       7.566024,
       46.852511
      ],
      [
       7.5629251,
       46.8509605
      ],
      [
       7.5597567,
       46.8494772
      ],
      [
       7.5565219,
       46.8480626
      ],
      [
       7.5532239,
       46.8467182
      ],
      [
       7.549866,
       46.8454451
      ],
      [
       7.5464514,
       46.8442447
      ],
      [
       7.5429835,
       46.8431182
      ],
      [
       7.5394657,
       46.8420666
      ],
      [
       7.5359015,
       46.841091
      ],
      [
       7.5322944,
       46.8401924
      ],
      [
       7.5286479,
       46.8393716
      ],
      [
       7.5249656,
       46.8386294
      ],
      [
       7.5212512,
       46.8379666
      ],
      [
       7.5175082,
       46.8373838
      ],
      [
       7.5137404,
       46.8368816
      ],
      [
       7.5099514,
       46.8364605
      ],
      [
       7.5061451,
       46.8361208
      ],
      [
       7.5023251,
       46.8358631
      ],
      [
       7.4984951,
       46.8356873
      ],
      [
       7.494659,
       46.8355939
      ],
      [
       7.4908205,
       46.8355828
      ],
      [
       7.4869833,
       46.835654
      ],
      [
       7.4831513,
       46.8358076
      ],
      [
       7.4793283,
       46.8360433
      ],
      [
       7.4755178,
       46.8363608
      ],
      [
       7.4717238,
       46.83676
      ],
      [
       7.46795,
       46.8372404
      ],
      [
       7.4641999,
       46.8378015
      ],
      [
       7.4604774,
       46.8384428
      ],
      [
       7.4567861,
       46.8391637
      ],
      [
       7.4531296,
       46.8399633
      ],
      [
       7.4495116,
       46.8408411
      ],
      [
       7.4459354,
       46.841796
      ],
      [
       7.4424048,
       46.8428272
      ],
      [
       7.4389231,
       46.8439336
      ],
      [
       7.4354938,
       46.8451142
      ],
      [
       7.4321203,
       46.8463678
      ],
      [
       7.4288058,
       46.8476931
      ],
      [
       7.4255536,
       46.8490889
      ],
      [
       7.422367,
       46.8505538
      ],
      [
       7.4192491,
       46.8520863
      ],
      [
       7.4162029,
       46.853685
      ],
      [
       7.4132315,
       46.8553482
      ],
      [
       7.4103377,
       46.8570744
      ],
      [
       7.4075245,
       46.8588618
      ],
      [
       7.4047946,
       46.8607087
      ],
      [
       7.4021506,
       46.8626133
      ],
      [
       7.3995953,
       46.8645736
      ],
      [
       7.3971311,
       46.8665878
      ],
      [
       7.3972222,
       46.8666667
      ],
      [
       7.3972222,
       46.8666667
      ],
      [
       7.3555556,
       46.9022222
      ],
      [
       7.2763889,
       46.9694444
      ],
      [
       7.2719444,
       46.9733333
      ],
      [
       7.2327778,
       47.0063889
      ],
      [
       7.2304046,
       47.0084536
      ],
      [
       7.2281274,
       47.0105681
      ],
      [
       7.2259487,
       47.0127302
      ],
      [
       7.2238704,
       47.0149379
      ],
      [
       7.2218947,
       47.017189
      ],
      [
       7.2200235,
       47.0194813
      ],
      [
       7.2182587,
       47.0218124
      ],
      [
       7.216602,
       47.0241802
      ],
      [
       7.2150551,
       47.0265823
      ],
      [
       7.2136195,
       47.0290163
      ],
      [
       7.2122967,
       47.0314798
      ],
      [
       7.2110879,
       47.0339704
      ],
      [
       7.2099944,
       47.0364857
      ],
      [
       7.2090173,
       47.0390231
      ],
      [
       7.2081575,
       47.0415801
      ],
      [
       7.2074159,
       47.0441543
      ],
      [
       7.2067933,
       47.0467431
      ],
      [
       7.2062902,
       47.049344
      ],
      [
       7.2059073,
       47.0519543
      ],
      [
       7.2056449,
       47.0545716
      ],
      [
       7.2055032,
       47.0571931
      ],
      [
       7.2054825,
       47.0598164
      ],
      [
       7.2055827,
       47.0624389
      ],
      [
       7.2058039,
       47.0650579
      ],
      [
       7.2061457,
       47.0676709
      ],
      [
       7.2066079,
       47.0702752
      ],
      [
       7.20719,
       47.0728684
      ],
      [
       7.2078915,
       47.0754479
      ],
      [
       7.2087117,
       47.0780111
      ],
      [
       7.2096498,
       47.0805555
      ],
      [
       7.2107048,
       47.0830785
      ],
      [
       7.2118759,
       47.0855777
      ],
      [
       7.2131618,
       47.0880506
      ],
      [
       7.2145612,
       47.0904948
      ],
      [
       7.2160729,
       47.0929078
      ],
      [
       7.2176953,
       47.0952873
      ],
      [
       7.2194268,
       47.0976309
      ],
      [
       7.2212658,
       47.0999363
      ],
      [
       7.2232103,
       47.1022012
      ],
      [
       7.2252587,
       47.1044233
      ],
      [
       7.2274087,
       47.1066006
      ],
      [
       7.2296583,
       47.1087307
      ],
      [
       7.2320053,
       47.1108117
      ],
      [
       7.2344473,
       47.1128414
      ],
      [
       7.2369821,
       47.1148178
      ],
      [
       7.2396069,
       47.116739
      ],
      [
       7.2423194,
       47.1186031
      ],
      [
       7.2451167,
       47.1204083
      ],
      [
       7.2479962,
       47.1221526
      ],
      [
       7.250955,
       47.1238346
      ],
      [
       7.2519444,
       47.1244444
      ],
      [
       7.2519444,
       47.1244444
      ],
      [
       7.35,
       47.1311111
      ],
      [
       7.3280556,
       47.0588889
      ]
     ]
    ]
   }
  },
  {
   "type": "Feature",
   "properties": {
    "ll": {
     "value": 1700,
     "unit": 0,
     "referenceDatum": 1
    },
    "ul": {
     "value": 100,
     "unit": 6,
     "referenceDatum": 2
    },
    "_id": "62e10d62d0d055fccf50f3c4",
    "name": "TMA BERN 2 HX",
    "type": 7,
    "icao": 4,
    "bnd": [
     [
      46.9088889,
      7.3836111
     ],
     [
      47.1441667,
      7.7338889
     ]
    ]
   },
   "geometry": {
    "type": "Polygon",
    "coordinates": [
     [
      [
       7.5413889,
       47.1441667
      ],
      [
       7.6402778,
       47.0597222
      ],
      [
       7.7338889,
       46.9797222
      ],
      [
       7.6133333,
       46.9088889
      ],
      [
       7.6138992,
       46.9102816
      ],
      [
       7.6142506,
       46.9128965
      ],
      [
       7.6144817,
       46.9155177
      ],
      [
       7.6145922,
       46.9181425
      ],
      [
       7.6145819,
       46.9207685
      ],
      [
       7.6144509,
       46.9233929
      ],
      [
       7.6141992,
       46.9260132
      ],
      [
       7.613827,
       46.9286268
      ],
      [
       7.6133348,
       46.9312311
      ],
      [
       7.612723,
       46.9338236
      ],
      [
       7.6119922,
       46.9364016
      ],
      [
       7.6111431,
       46.9389628
      ],
      [
       7.6101765,
       46.9415044
      ],
      [
       7.6090933,
       46.9440241
      ],
      [
       7.6078946,
       46.9465192
      ],
      [
       7.6065816,
       46.9489874
      ],
      [
       7.6051556,
       46.9514263
      ],
      [
       7.6036179,
       46.9538333
      ],
      [
       7.60197,
       46.9562061
      ],
      [
       7.6002136,
       46.9585424
      ],
      [
       7.5983504,
       46.9608399
      ],
      [
       7.5963823,
       46.9630963
      ],
      [
       7.5943111,
       46.9653093
      ],
      [
       7.5921388,
       46.9674768
      ],
      [
       7.5898677,
       46.9695966
      ],
      [
       7.5875,
       46.9716667
      ],
      [
       7.4675,
       47.0738889
      ],
      [
       7.4236111,
       47.1113889
      ],
      [
       7.422472,
       47.1121743
      ],
      [
       7.4199677,
       47.1141684
      ],
      [
       7.4173725,
       47.1161079
      ],
      [
       7.4146888,
       47.1179909
      ],
      [
       7.4119193,
       47.1198155
      ],
      [
       7.4090668,
       47.12158
      ],
      [
       7.4061341,
       47.1232825
      ],
      [
       7.403124,
       47.1249215
      ],
      [
       7.4000395,
       47.1264952
      ],
      [
       7.3968838,
       47.1280022
      ],
      [
       7.3936599,
       47.1294408
      ],
      [
       7.3903709,
       47.1308098
      ],
      [
       7.3870202,
       47.1321078
      ],
      [
       7.3836111,
       47.1333333
      ],
      [
       7.3897222,
       47.1338889
      ],
      [
       7.5413889,
       47.1441667
      ]
     ]
    ]
   }
  },
  {
   "type": "Feature",
   "properties": {
    "ll": {
     "value": 1050,
     "unit": 0,
     "referenceDatum": 1
    },
    "ul": {
     "value": 95,
     "unit": 6,
     "referenceDatum": 2
    },
    "_id": "62e10d6ad0d055fccf50f67b",
    "name": "TMA DUEBENDORF 1 HX",
    "type": 7,
    "icao": 4,
    "bnd": [
     [
      47.3027778,
      8.8022222
     ],
     [
      47.4002778,
      8.92
     ]
    ]
   },
   "geometry": {
    "type": "Polygon",
    "coordinates": [
     [
      [
       8.92,
       47.3825
      ],
      [
       8.8819444,
       47.3027778
      ],
      [
       8.8022222,
       47.3202778
      ],
      [
       8.8152778,
       47.3475
      ],
      [
       8.8402778,
       47.4002778
      ],
      [
       8.92,
       47.3825
      ]
     ]
    ]
   }
  },
  {
   "type": "Feature",
   "properties": {
    "ll": {
     "value": 1700,
     "unit": 0,
     "referenceDatum": 1
    },
    "ul": {
     "value": 95,
     "unit": 6,
     "referenceDatum": 2
    },
    "_id": "62e10d6ad0d055fccf50f683",
    "name": "TMA DUEBENDORF 2 HX",
    "type": 7,
    "icao": 4,
    "bnd": [
     [
      47.2697222,
      8.8819444
     ],
     [
      47.3825,
      9.0811111
     ]
    ]
   },
   "geometry": {
    "type": "Polygon",
    "coordinates": [
     [
      [
       9.0811111,
       47.3469444
      ],
      [
       9.0455556,
       47.2733333
      ],
      [
       9.0311111,
       47.2697222
      ],
      [
       8.8819444,
       47.3027778
      ],
      [
       8.92,
       47.3825
      ],
      [
       9.0811111,
       47.3469444
      ]
     ]
    ]
   }
  },
  {
   "type": "Feature",
   "properties": {
    "ll": {
     "value": 730,
     "unit": 0,
     "referenceDatum": 1
    },
    "ul": {
     "value": 80,
     "unit": 6,
     "referenceDatum": 2
    },
    "_id": "62e10d6ad0d055fccf50f6a1",
    "name": "TMA EMMEN 1 HX",
    "type": 7,
    "icao": 4,
    "bnd": [
     [
      47.1386111,
      8.3669444
     ],
     [
      47.2230556,
      8.4677778
     ]
    ]
   },
   "geometry": {
    "type": "Polygon",
    "coordinates": [
     [
      [
       8.4011111,
       47.2230556
      ],
      [
       8.4677778,
       47.1877778
      ],
      [
       8.4075,
       47.1444444
      ],
      [
       8.405,
       47.1386111
      ],
      [
       8.4144444,
       47.1619444
      ],
      [
       8.3669444,
       47.1875
      ],
      [
       8.4011111,
       47.2230556
      ]
     ]
    ]
   }
  },
  {
   "type": "Feature",
   "properties": {
    "ll": {
     "value": 1150,
     "unit": 0,
     "referenceDatum": 1
    },
    "ul": {
     "value": 130,
     "unit": 6,
     "referenceDatum": 2
    },
    "_id": "62e10d6bd0d055fccf50f6ac",
    "name": "TMA EMMEN 2 HX",
    "type": 7,
    "icao": 4,
    "bnd": [
     [
      46.9538889,
      8.1347222
     ],
     [
      47.0341667,
      8.2597222
     ]
    ]
   },
   "geometry": {
    "type": "Polygon",
    "coordinates": [
     [
      [
       8.1933333,
       47.0341667
      ],
      [
       8.2372222,
       47.0113889
      ],
      [
       8.2597222,
       47.0133333
      ],
      [
       8.205,
       46.9538889
      ],
      [
       8.1347222,
       46.9908333
      ],
      [
       8.1933333,
       47.0341667
      ]
     ]
    ]
   }
  },
  {
   "type": "Feature",
   "properties": {
    "ll": {
     "value": 1050,
     "unit": 0,
     "referenceDatum": 1
    },
    "ul": {
     "value": 80,
     "unit": 6,
     "referenceDatum": 2
    },
    "_id": "62e10d6bd0d055fccf50f6b5",
    "name": "TMA EMMEN 3 HX",
    "type": 7,
    "icao": 4,
    "bnd": [
     [
      47.1877778,
      8.4011111
     ],
     [
      47.2586111,
      8.5088889
     ]
    ]
   },
   "geometry": {
    "type": "Polygon",
    "coordinates": [
     [
      [
       8.4361111,
       47.2586111
      ],
      [
       8.5088889,
       47.2197222
      ],
      [
       8.4677778,
       47.1877778
      ],
      [
       8.4011111,
       47.2230556
      ],
      [
       8.4361111,
       47.2586111
      ]
     ]
    ]
   }
  },
  {
   "type": "Feature",
   "properties": {
    "ll": {
     "value": 2050,
     "unit": 0,
     "referenceDatum": 1
    },
    "ul": {
     "value": 130,
     "unit": 6,
     "referenceDatum": 2
    },
    "_id": "62e10d6bd0d055fccf50f6c1",
    "name": "TMA EMMEN 4 HX",
    "type": 7,
    "icao": 4,
    "bnd": [
     [
      46.9041667,
      8.0763889
     ],
     [
      46.9908333,
      8.205
     ]
    ]
   },
   "geometry": {
    "type": "Polygon",
    "coordinates": [
     [
      [
       8.1347222,
       46.9908333
      ],
      [
       8.205,
       46.9538889
      ],
      [
       8.1591667,
       46.9041667
      ],
      [
       8.0763889,
       46.9477778
      ],
      [
       8.1347222,
       46.9908333
      ]
     ]
    ]
   }
  },
  {
   "type": "Feature",
   "properties": {
    "ll": {
     "value": 1350,
     "unit": 0,
     "referenceDatum": 1
    },
    "ul": {
     "value": 80,
     "unit": 6,
     "referenceDatum": 2
    },
    "_id": "62e10d6bd0d055fccf50f6ca",
    "name": "TMA EMMEN 5 HX",
    "type": 7,
    "icao": 4,
    "bnd": [
     [
      47.2197222,
      8.4361111
     ],
     [
      47.3194444,
      8.5791667
     ]
    ]
   },
   "geometry": {
    "type": "Polygon",
    "coordinates": [
     [
      [
       8.4361111,
       47.2586111
      ],
      [
       8.4947222,
       47.3194444
      ],
      [
       8.5791667,
       47.2744444
      ],
      [
       8.5088889,
       47.2197222
      ],
      [
       8.4361111,
       47.2586111
      ]
     ]
    ]
   }
  },
  {
   "type": "Feature",
   "properties": {
    "ll": {
     "value": 3050,
     "unit": 0,
     "referenceDatum": 1
    },
    "ul": {
     "value": 130,
     "unit": 6,
     "referenceDatum": 2
    },
    "_id": "62e10d6bd0d055fccf50f6d4",
    "name": "TMA EMMEN 6 HX",
    "type": 7,
    "icao": 4,
    "bnd": [
     [
      46.8391667,
      8.0002778
     ],
     [
      46.9477778,
      8.1591667
     ]
    ]
   },
   "geometry": {
    "type": "Polygon",
    "coordinates": [
     [
      [
       8.0763889,
       46.9477778
      ],
      [
       8.1591667,
       46.9041667
      ],
      [
       8.0997222,
       46.8391667
      ],
      [
       8.0002778,
       46.8916667
      ],
      [
       8.0763889,
       46.9477778
      ]
     ]
    ]
   }
  },
  {
   "type": "Feature",
   "properties": {
    "ll": {
     "value": 1050,
     "unit": 0,
     "referenceDatum": 1
    },
    "ul": {
     "value": 195,
     "unit": 6,
     "referenceDatum": 2
    },
    "_id": "62e10d62d0d055fccf50f3d8",
    "name": "TMA GENEVA 1",
    "type": 7,
    "icao": 4,
    "bnd": [
     [
      45.9730556,
      5.7841667
     ],
     [
      46.5283333,
      6.5511111
     ]
    ]
   },
   "geometry": {
    "type": "Polygon",
    "coordinates": [
     [
      [
       6.3877778,
       46.5283333
      ],
      [
       6.5511111,
       46.3675
      ],
      [
       5.8411111,
       45.9730556
      ],
      [
       5.8038889,
       45.9994444
      ],
      [
       5.7841667,
       46.0855556
      ],
      [
       5.8177778,
       46.1172222
      ],
      [
       6.1108333,
       46.3938889
      ],
      [
       6.3877778,
       46.5283333
      ]
     ]
    ]
   }
  },
  {
   "type": "Feature",
   "properties": {
    "ll": {
     "value": 115,
     "unit": 6,
     "referenceDatum": 2
    },
    "ul": {
     "value": 155,
     "unit": 6,
     "referenceDatum": 2
    },
    "_id": "62e10d64d0d055fccf50f45b",
    "name": "TMA GENEVA 10",
    "type": 7,
    "icao": 4,
    "bnd": [
     [
      45.6205556,
      5.4894444
     ],
     [
      45.8063889,
      6.0966667
     ]
    ]
   },
   "geometry": {
    "type": "Polygon",
    "coordinates": [
     [
      [
       5.555,
       45.7966667
      ],
      [
       5.7011111,
       45.7447222
      ],
      [
       5.9769444,
       45.7752778
      ],
      [
       6.0966667,
       45.8063889
      ],
      [
       6.0877778,
       45.6205556
      ],
      [
       5.9833333,
       45.6322222
      ],
      [
       5.9833333,
       45.6322222
      ],
      [
       5.955,
       45.6352778
      ],
      [
       5.4980556,
       45.6855556
      ],
      [
       5.4894444,
       45.7166667
      ],
      [
       5.555,
       45.7966667
      ]
     ]
    ]
   }
  },
  {
   "type": "Feature",
   "properties": {
    "ll": {
     "value": 1700,
     "unit": 0,
     "referenceDatum": 1
    },
    "ul": {
     "value": 195,
     "unit": 6,
     "referenceDatum": 2
    },
    "_id": "62e10d62d0d055fccf50f3e1",
    "name": "TMA GENEVA 2",
    "type": 7,
    "icao": 4,
    "bnd": [
     [
      45.9007941,
      5.5704697
     ],
     [
      46.5819444,
      6.7258333
     ]
    ]
   },
   "geometry": {
    "type": "Polygon",
    "coordinates": [
     [
      [
       6.4991667,
       46.5819444
      ],
      [
       6.6263889,
       46.455
      ],
      [
       6.6825,
       46.4536111
      ],
      [
       6.7258333,
       46.4458333
      ],
      [
       6.6980556,
       46.4372222
      ],
      [
       6.5094444,
       46.3047222
      ],
      [
       6.1591667,
       46.0488889
      ],
      [
       5.9180556,
       45.9325
      ],
      [
       5.9108333,
       45.9280556
      ],
      [
       5.9052249,
       45.9254092
      ],
      [
       5.8995003,
       45.9228865
      ],
      [
       5.8936651,
       45.9204898
      ],
      [
       5.8877251,
       45.9182214
      ],
      [
       5.881686,
       45.9160837
      ],
      [
       5.8755539,
       45.9140786
      ],
      [
       5.8693347,
       45.9122082
      ],
      [
       5.8630345,
       45.9104743
      ],
      [
       5.8566595,
       45.9088786
      ],
      [
       5.8502159,
       45.9074227
      ],
      [
       5.8437102,
       45.9061079
      ],
      [
       5.8371486,
       45.9049356
      ],
      [
       5.8305375,
       45.903907
      ],
      [
       5.8238835,
       45.9030229
      ],
      [
       5.8171931,
       45.9022843
      ],
      [
       5.8104728,
       45.901692
      ],
      [
       5.8037291,
       45.9012464
      ],
      [
       5.7969688,
       45.900948
      ],
      [
       5.7901984,
       45.9007972
      ],
      [
       5.7834245,
       45.9007941
      ],
      [
       5.7766538,
       45.9009386
      ],
      [
       5.7698929,
       45.9012306
      ],
      [
       5.7631485,
       45.9016699
      ],
      [
       5.756427,
       45.902256
      ],
      [
       5.7497352,
       45.9029883
      ],
      [
       5.7430795,
       45.9038662
      ],
      [
       5.7364665,
       45.9048887
      ],
      [
       5.7299026,
       45.9060549
      ],
      [
       5.7233943,
       45.9073636
      ],
      [
       5.716948,
       45.9088135
      ],
      [
       5.71057,
       45.9104033
      ],
      [
       5.7042664,
       45.9121313
      ],
      [
       5.6980436,
       45.9139959
      ],
      [
       5.6919076,
       45.9159952
      ],
      [
       5.6858645,
       45.9181273
      ],
      [
       5.6799201,
       45.9203901
      ],
      [
       5.6740803,
       45.9227814
      ],
      [
       5.6683508,
       45.9252988
      ],
      [
       5.6627373,
       45.9279399
      ],
      [
       5.6572454,
       45.9307021
      ],
      [
       5.6518803,
       45.9335826
      ],
      [
       5.6466473,
       45.9365787
      ],
      [
       5.6415517,
       45.9396874
      ],
      [
       5.6365985,
       45.9429056
      ],
      [
       5.6317925,
       45.9462302
      ],
      [
       5.6271385,
       45.949658
      ],
      [
       5.622641,
       45.9531856
      ],
      [
       5.6183046,
       45.9568094
      ],
      [
       5.6141334,
       45.960526
      ],
      [
       5.6101317,
       45.9643318
      ],
      [
       5.6063034,
       45.9682229
      ],
      [
       5.6026523,
       45.9721955
      ],
      [
       5.5991821,
       45.9762458
      ],
      [
       5.5958961,
       45.9803697
      ],
      [
       5.5927976,
       45.9845632
      ],
      [
       5.5898898,
       45.9888222
      ],
      [
       5.5871755,
       45.9931426
      ],
      [
       5.5846575,
       45.9975199
      ],
      [
       5.5823383,
       46.00195
      ],
      [
       5.5802202,
       46.0064285
      ],
      [
       5.5783053,
       46.010951
      ],
      [
       5.5765956,
       46.0155129
      ],
      [
       5.5750928,
       46.0201099
      ],
      [
       5.5737985,
       46.0247374
      ],
      [
       5.5727139,
       46.0293908
      ],
      [
       5.5718402,
       46.0340656
      ],
      [
       5.5711784,
       46.0387571
      ],
      [
       5.570729,
       46.0434607
      ],
      [
       5.5704927,
       46.0481718
      ],
      [
       5.5704697,
       46.0528857
      ],
      [
       5.5706601,
       46.0575978
      ],
      [
       5.5710637,
       46.0623035
      ],
      [
       5.5716802,
       46.066998
      ],
      [
       5.5725091,
       46.0716767
      ],
      [
       5.5735495,
       46.0763351
      ],
      [
       5.5748006,
       46.0809685
      ],
      [
       5.5762611,
       46.0855723
      ],
      [
       5.5779296,
       46.090142
      ],
      [
       5.5798046,
       46.0946731
      ],
      [
       5.5818842,
       46.099161
      ],
      [
       5.5841664,
       46.1036014
      ],
      [
       5.586649,
       46.1079899
      ],
      [
       5.5893297,
       46.1123221
      ],
      [
       5.5922057,
       46.1165937
      ],
      [
       5.5952743,
       46.1208004
      ],
      [
       5.5985326,
       46.1249382
      ],
      [
       5.6019772,
       46.1290029
      ],
      [
       5.6056049,
       46.1329905
      ],
      [
       5.609412,
       46.1368971
      ],
      [
       5.613395,
       46.1407187
      ],
      [
       5.6175497,
       46.1444516
      ],
      [
       5.6218722,
       46.1480921
      ],
      [
       5.6263582,
       46.1516365
      ],
      [
       5.6310033,
       46.1550814
      ],
      [
       5.6358028,
       46.1584234
      ],
      [
       5.6407521,
       46.161659
      ],
      [
       5.6458463,
       46.1647851
      ],
      [
       5.6510803,
       46.1677987
      ],
      [
       5.656449,
       46.1706966
      ],
      [
       5.6616667,
       46.1733333
      ],
      [
       5.6811111,
       46.1830556
      ],
      [
       5.8177778,
       46.1172222
      ],
      [
       5.7841667,
       46.0855556
      ],
      [
       5.8038889,
       45.9994444
      ],
      [
       5.8411111,
       45.9730556
      ],
      [
       6.5511111,
       46.3675
      ],
      [
       6.3877778,
       46.5283333
      ],
      [
       6.4991667,
       46.5819444
      ]
     ]
    ]
   }
  },
  {
   "type": "Feature",
   "properties": {
    "ll": {
     "value": 2000,
     "unit": 0,
     "referenceDatum": 1
    },
    "ul": {
     "value": 195,
     "unit": 6,
     "referenceDatum": 2
    },
    "_id": "62e10d62d0d055fccf50f3eb",
    "name": "TMA GENEVA 3",
    "type": 7,
    "icao": 4,
    "bnd": [
     [
      46.1172222,
      5.6811111
     ],
     [
      46.5819444,
      6.4991667
     ]
    ]
   },
   "geometry": {
    "type": "Polygon",
    "coordinates": [
     [
      [
       6.4991667,
       46.5819444
      ],
      [
       6.3877778,
       46.5283333
      ],
      [
       6.1108333,
       46.3938889
      ],
      [
       5.8177778,
       46.1172222
      ],
      [
       5.6811111,
       46.1830556
      ],
      [
       5.8011111,
       46.2422222
      ],
      [
       6.0341667,
       46.3747222
      ],
      [
       6.0880556,
       46.4111111
      ],
      [
       6.3263889,
       46.5730556
      ],
      [
       6.4991667,
       46.5819444
      ]
     ]
    ]
   }
  },
  {
   "type": "Feature",
   "properties": {
    "ll": {
     "value": 75,
     "unit": 6,
     "referenceDatum": 2
    },
    "ul": {
     "value": 195,
     "unit": 6,
     "referenceDatum": 2
    },
    "_id": "62e10d63d0d055fccf50f41f",
    "name": "TMA GENEVA 4",
    "type": 7,
    "icao": 4,
    "bnd": [
     [
      46.2422222,
      5.5861111
     ],
     [
      46.7677778,
      6.5572222
     ]
    ]
   },
   "geometry": {
    "type": "Polygon",
    "coordinates": [
     [
      [
       6.44,
       46.7677778
      ],
      [
       6.5572222,
       46.7333333
      ],
      [
       6.3263889,
       46.5730556
      ],
      [
       6.0880556,
       46.4111111
      ],
      [
       6.0344444,
       46.3747222
      ],
      [
       5.8011111,
       46.2422222
      ],
      [
       5.7433333,
       46.3122222
      ],
      [
       5.6061111,
       46.4772222
      ],
      [
       5.5861111,
       46.5
      ],
      [
       5.8905556,
       46.5
      ],
      [
       6.1108333,
       46.5761111
      ],
      [
       6.2102778,
       46.6397222
      ],
      [
       6.275,
       46.6833333
      ],
      [
       6.44,
       46.7677778
      ]
     ]
    ]
   }
  },
  {
   "type": "Feature",
   "properties": {
    "ll": {
     "value": 75,
     "unit": 6,
     "referenceDatum": 2
    },
    "ul": {
     "value": 85,
     "unit": 6,
     "referenceDatum": 2
    },
    "_id": "62e10d62d0d055fccf50f3f6",
    "name": "TMA GENEVA 4.1 ST-CLAUDE NORTH",
    "type": 21,
    "icao": 7,
    "bnd": [
     [
      46.3122222,
      5.5861111
     ],
     [
      46.5761111,
      6.1569444
     ]
    ]
   },
   "geometry": {
    "type": "Polygon",
    "coordinates": [
     [
      [
       5.6061111,
       46.4772222
      ],
      [
       5.5861111,
       46.5
      ],
      [
       5.8905556,
       46.5
      ],
      [
       6.1108333,
       46.5761111
      ],
      [
       6.1569444,
       46.5455556
      ],
      [
       6.1483333,
       46.5394444
      ],
      [
       6.1533333,
       46.5369444
      ],
      [
       6.1438889,
       46.5280556
      ],
      [
       6.1380556,
       46.5311111
      ],
      [
       6.1127778,
       46.51
      ],
      [
       6.0969444,
       46.4813889
      ],
      [
       6.0727778,
       46.4655556
      ],
      [
       6.0783333,
       46.4513889
      ],
      [
       5.9630556,
       46.3727778
      ],
      [
       5.7433333,
       46.3122222
      ],
      [
       5.6061111,
       46.4772222
      ]
     ]
    ]
   }
  },
  {
   "type": "Feature",
   "properties": {
    "ll": {
     "value": 75,
     "unit": 6,
     "referenceDatum": 2
    },
    "ul": {
     "value": 195,
     "unit": 6,
     "referenceDatum": 2
    },
    "_id": "62e10d63d0d055fccf50f42a",
    "name": "TMA GENEVA 5",
    "type": 7,
    "icao": 4,
    "bnd": [
     [
      46.4372222,
      6.3263889
     ],
     [
      46.7333333,
      6.9005556
     ]
    ]
   },
   "geometry": {
    "type": "Polygon",
    "coordinates": [
     [
      [
       6.5572222,
       46.7333333
      ],
      [
       6.6169444,
       46.7158333
      ],
      [
       6.7366667,
       46.6808333
      ],
      [
       6.7505556,
       46.6766667
      ],
      [
       6.7536111,
       46.6572222
      ],
      [
       6.9005556,
       46.5458333
      ],
      [
       6.8013889,
       46.4691667
      ],
      [
       6.6980556,
       46.4372222
      ],
      [
       6.7258333,
       46.4458333
      ],
      [
       6.6825,
       46.4536111
      ],
      [
       6.6263889,
       46.455
      ],
      [
       6.4991667,
       46.5819444
      ],
      [
       6.3263889,
       46.5730556
      ],
      [
       6.5572222,
       46.7333333
      ]
     ]
    ]
   }
  },
  {
   "type": "Feature",
   "properties": {
    "ll": {
     "value": 85,
     "unit": 6,
     "referenceDatum": 2
    },
    "ul": {
     "value": 195,
     "unit": 6,
     "referenceDatum": 2
    },
    "_id": "62e10d63d0d055fccf50f434",
    "name": "TMA GENEVA 6",
    "type": 7,
    "icao": 4,
    "bnd": [
     [
      45.9877778,
      6.1591667
     ],
     [
      46.4691667,
      6.8211111
     ]
    ]
   },
   "geometry": {
    "type": "Polygon",
    "coordinates": [
     [
      [
       6.8013889,
       46.4691667
      ],
      [
       6.8027778,
       46.4308333
      ],
      [
       6.8211111,
       46.4272222
      ],
      [
       6.8052778,
       46.3941667
      ],
      [
       6.8011111,
       46.3875
      ],
      [
       6.8063889,
       46.3827778
      ],
      [
       6.8047222,
       46.3777778
      ],
      [
       6.805,
       46.3672222
      ],
      [
       6.8052778,
       46.3586111
      ],
      [
       6.4166667,
       46.1733333
      ],
      [
       6.2383333,
       45.9877778
      ],
      [
       6.1591667,
       46.0488889
      ],
      [
       6.5094444,
       46.3047222
      ],
      [
       6.6980556,
       46.4372222
      ],
      [
       6.7258333,
       46.4458333
      ],
      [
       6.8013889,
       46.4691667
      ]
     ]
    ]
   }
  },
  {
   "type": "Feature",
   "properties": {
    "ll": {
     "value": 105,
     "unit": 6,
     "referenceDatum": 2
    },
    "ul": {
     "value": 195,
     "unit": 6,
     "referenceDatum": 2
    },
    "_id": "62e10d63d0d055fccf50f43e",
    "name": "TMA GENEVA 7",
    "type": 7,
    "icao": 4,
    "bnd": [
     [
      45.8733333,
      6.2041667
     ],
     [
      46.3586111,
      6.8658333
     ]
    ]
   },
   "geometry": {
    "type": "Polygon",
    "coordinates": [
     [
      [
       6.8052778,
       46.3586111
      ],
      [
       6.8069444,
       46.3205556
      ],
      [
       6.8202778,
       46.3158333
      ],
      [
       6.8305556,
       46.3061111
      ],
      [
       6.8283333,
       46.3030556
      ],
      [
       6.8491667,
       46.2905556
      ],
      [
       6.8544444,
       46.2930556
      ],
      [
       6.8591667,
       46.2908333
      ],
      [
       6.8658333,
       46.2816667
      ],
      [
       6.8594444,
       46.2741667
      ],
      [
       6.8602778,
       46.2661111
      ],
      [
       6.855,
       46.2580556
      ],
      [
       6.8552778,
       46.2575
      ],
      [
       6.8544444,
       46.2575
      ],
      [
       6.4794444,
       46.0766667
      ],
      [
       6.2741667,
       45.8733333
      ],
      [
       6.2041667,
       45.9188889
      ],
      [
       6.2566667,
       45.9736111
      ],
      [
       6.2383333,
       45.9877778
      ],
      [
       6.4166667,
       46.1733333
      ],
      [
       6.8052778,
       46.3586111
      ]
     ]
    ]
   }
  },
  {
   "type": "Feature",
   "properties": {
    "ll": {
     "value": 95,
     "unit": 6,
     "referenceDatum": 2
    },
    "ul": {
     "value": 195,
     "unit": 6,
     "referenceDatum": 2
    },
    "_id": "62e10d63d0d055fccf50f448",
    "name": "TMA GENEVA 8",
    "type": 7,
    "icao": 4,
    "bnd": [
     [
      45.8288889,
      5.5813889
     ],
     [
      46.0488889,
      6.2566667
     ]
    ]
   },
   "geometry": {
    "type": "Polygon",
    "coordinates": [
     [
      [
       6.1591667,
       46.0488889
      ],
      [
       6.2383333,
       45.9877778
      ],
      [
       6.2566667,
       45.9736111
      ],
      [
       6.2041667,
       45.9188889
      ],
      [
       6.1836111,
       45.9322222
      ],
      [
       6.1291667,
       45.8736111
      ],
      [
       5.5813889,
       45.8288889
      ],
      [
       5.6627778,
       45.9280556
      ],
      [
       5.6627373,
       45.9279399
      ],
      [
       5.6683508,
       45.9252988
      ],
      [
       5.6740803,
       45.9227814
      ],
      [
       5.6799201,
       45.9203901
      ],
      [
       5.6858645,
       45.9181273
      ],
      [
       5.6919076,
       45.9159952
      ],
      [
       5.6980436,
       45.9139959
      ],
      [
       5.7042664,
       45.9121313
      ],
      [
       5.71057,
       45.9104033
      ],
      [
       5.716948,
       45.9088135
      ],
      [
       5.7233943,
       45.9073636
      ],
      [
       5.7299026,
       45.9060549
      ],
      [
       5.7364665,
       45.9048887
      ],
      [
       5.7430795,
       45.9038662
      ],
      [
       5.7497352,
       45.9029883
      ],
      [
       5.756427,
       45.902256
      ],
      [
       5.7631485,
       45.9016699
      ],
      [
       5.7698929,
       45.9012306
      ],
      [
       5.7766538,
       45.9009386
      ],
      [
       5.7834245,
       45.9007941
      ],
      [
       5.7901984,
       45.9007972
      ],
      [
       5.7969688,
       45.900948
      ],
      [
       5.8037291,
       45.9012464
      ],
      [
       5.8104728,
       45.901692
      ],
      [
       5.8171931,
       45.9022843
      ],
      [
       5.8238835,
       45.9030229
      ],
      [
       5.8305375,
       45.903907
      ],
      [
       5.8371486,
       45.9049356
      ],
      [
       5.8437102,
       45.9061079
      ],
      [
       5.8502159,
       45.9074227
      ],
      [
       5.8566595,
       45.9088786
      ],
      [
       5.8630345,
       45.9104743
      ],
      [
       5.8693347,
       45.9122082
      ],
      [
       5.8755539,
       45.9140786
      ],
      [
       5.881686,
       45.9160837
      ],
      [
       5.8877251,
       45.9182214
      ],
      [
       5.8936651,
       45.9204898
      ],
      [
       5.8995003,
       45.9228865
      ],
      [
       5.9052249,
       45.9254092
      ],
      [
       5.9108333,
       45.9280556
      ],
      [
       5.9180556,
       45.9325
      ],
      [
       6.1591667,
       46.0488889
      ]
     ]
    ]
   }
  },
  {
   "type": "Feature",
   "properties": {
    "ll": {
     "value": 115,
     "unit": 6,
     "referenceDatum": 2
    },
    "ul": {
     "value": 195,
     "unit": 6,
     "referenceDatum": 2
    },
    "_id": "62e10d63d0d055fccf50f452",
    "name": "TMA GENEVA 9",
    "type": 7,
    "icao": 4,
    "bnd": [
     [
      45.7447222,
      5.555
     ],
     [
      45.8736111,
      6.1291667
     ]
    ]
   },
   "geometry": {
    "type": "Polygon",
    "coordinates": [
     [
      [
       5.5813889,
       45.8288889
      ],
      [
       6.1291667,
       45.8736111
      ],
      [
       6.1013889,
       45.8438889
      ],
      [
       6.0966667,
       45.8063889
      ],
      [
       5.9769444,
       45.7752778
      ],
      [
       5.7011111,
       45.7447222
      ],
      [
       5.555,
       45.7966667
      ],
      [
       5.5813889,
       45.8288889
      ]
     ]
    ]
   }
  },
  {
   "type": "Feature",
   "properties": {
    "ll": {
     "value": 600,
     "unit": 0,
     "referenceDatum": 1
    },
    "ul": {
     "value": 3500,
     "unit": 0,
     "referenceDatum": 1
    },
    "_id": "62e10d64d0d055fccf50f498",
    "name": "TMA LOCARNO 1 HX",
    "type": 7,
    "icao": 4,
    "bnd": [
     [
      46.1486111,
      8.9352778
     ],
     [
      46.2005556,
      9.0380556
     ]
    ]
   },
   "geometry": {
    "type": "Polygon",
    "coordinates": [
     [
      [
       8.9366667,
       46.1486111
      ],
      [
       8.9371188,
       46.1486311
      ],
      [
       8.9378477,
       46.148667
      ],
      [
       8.9385746,
       46.1487188
      ],
      [
       8.9392989,
       46.1487863
      ],
      [
       8.9400197,
       46.1488696
      ],
      [
       8.9407364,
       46.1489685
      ],
      [
       8.9414482,
       46.1490829
      ],
      [
       8.9421546,
       46.1492128
      ],
      [
       8.9428547,
       46.1493579
      ],
      [
       8.9435478,
       46.1495183
      ],
      [
       8.9442334,
       46.1496936
      ],
      [
       8.9449107,
       46.1498837
      ],
      [
       8.945579,
       46.1500885
      ],
      [
       8.9462377,
       46.1503078
      ],
      [
       8.9468862,
       46.1505412
      ],
      [
       8.9475237,
       46.1507887
      ],
      [
       8.9481497,
       46.1510499
      ],
      [
       8.9487636,
       46.1513245
      ],
      [
       8.9493648,
       46.1516124
      ],
      [
       8.9499526,
       46.1519133
      ],
      [
       8.9505264,
       46.1522268
      ],
      [
       8.9510858,
       46.1525526
      ],
      [
       8.9516301,
       46.1528904
      ],
      [
       8.9521589,
       46.1532399
      ],
      [
       8.9526715,
       46.1536007
      ],
      [
       8.9531676,
       46.1539725
      ],
      [
       8.9536465,
       46.1543549
      ],
      [
       8.9541079,
       46.1547475
      ],
      [
       8.9545512,
       46.15515
      ],
      [
       8.9549761,
       46.1555619
      ],
      [
       8.9553821,
       46.1559829
      ],
      [
       8.9557688,
       46.1564125
      ],
      [
       8.9561359,
       46.1568503
      ],
      [
       8.9564829,
       46.1572959
      ],
      [
       8.9568096,
       46.1577487
      ],
      [
       8.9571156,
       46.1582085
      ],
      [
       8.9574005,
       46.1586747
      ],
      [
       8.9576642,
       46.1591469
      ],
      [
       8.9579064,
       46.1596246
      ],
      [
       8.9581268,
       46.1601073
      ],
      [
       8.9583251,
       46.1605945
      ],
      [
       8.9585013,
       46.1610859
      ],
      [
       8.9586552,
       46.1615808
      ],
      [
       8.9587865,
       46.1620788
      ],
      [
       8.9588951,
       46.1625795
      ],
      [
       8.958981,
       46.1630823
      ],
      [
       8.9590441,
       46.1635866
      ],
      [
       8.9590842,
       46.1640921
      ],
      [
       8.9591015,
       46.1645983
      ],
      [
       8.9590957,
       46.1651045
      ],
      [
       8.959067,
       46.1656104
      ],
      [
       8.9590154,
       46.1661154
      ],
      [
       8.9589408,
       46.166619
      ],
      [
       8.9588435,
       46.1671208
      ],
      [
       8.9587235,
       46.1676202
      ],
      [
       8.9585808,
       46.1681167
      ],
      [
       8.9584158,
       46.1686099
      ],
      [
       8.9582284,
       46.1690993
      ],
      [
       8.9580189,
       46.1695843
      ],
      [
       8.9577875,
       46.1700646
      ],
      [
       8.9575345,
       46.1705395
      ],
      [
       8.95726,
       46.1710088
      ],
      [
       8.9569644,
       46.1714718
      ],
      [
       8.9566479,
       46.1719282
      ],
      [
       8.9563108,
       46.1723774
      ],
      [
       8.9559536,
       46.1728191
      ],
      [
       8.9555764,
       46.1732528
      ],
      [
       8.9551798,
       46.1736781
      ],
      [
       8.9547641,
       46.1740946
      ],
      [
       8.9543297,
       46.1745018
      ],
      [
       8.953877,
       46.1748994
      ],
      [
       8.9534065,
       46.1752869
      ],
      [
       8.9529187,
       46.175664
      ],
      [
       8.952414,
       46.1760302
      ],
      [
       8.9518929,
       46.1763854
      ],
      [
       8.9513559,
       46.176729
      ],
      [
       8.9508037,
       46.1770607
      ],
      [
       8.9502366,
       46.1773803
      ],
      [
       8.9496553,
       46.1776874
      ],
      [
       8.9490604,
       46.1779817
      ],
      [
       8.9484524,
       46.1782629
      ],
      [
       8.9478319,
       46.1785308
      ],
      [
       8.9471996,
       46.178785
      ],
      [
       8.9465561,
       46.1790253
      ],
      [
       8.945902,
       46.1792515
      ],
      [
       8.9452379,
       46.1794634
      ],
      [
       8.9445645,
       46.1796607
      ],
      [
       8.9438825,
       46.1798433
      ],
      [
       8.9431926,
       46.1800109
      ],
      [
       8.9424954,
       46.1801635
      ],
      [
       8.9417916,
       46.1803008
      ],
      [
       8.941082,
       46.1804227
      ],
      [
       8.9403671,
       46.1805291
      ],
      [
       8.9396478,
       46.18062
      ],
      [
       8.9389247,
       46.1806951
      ],
      [
       8.9381985,
       46.1807545
      ],
      [
       8.9374701,
       46.180798
      ],
      [
       8.9367399,
       46.1808257
      ],
      [
       8.9360089,
       46.1808375
      ],
      [
       8.9352778,
       46.1808333
      ],
      [
       9.0283333,
       46.2005556
      ],
      [
       9.0380556,
       46.1591667
      ],
      [
       8.9680556,
       46.1491667
      ],
      [
       8.9366667,
       46.1486111
      ]
     ]
    ]
   }
  },
  {
   "type": "Feature",
   "properties": {
    "ll": {
     "value": 500,
     "unit": 0,
     "referenceDatum": 1
    },
    "ul": {
     "value": 3500,
     "unit": 0,
     "referenceDatum": 1
    },
    "_id": "62e10d64d0d055fccf50f4a2",
    "name": "TMA LOCARNO 2 HX",
    "type": 7,
    "icao": 4,
    "bnd": [
     [
      46.1438889,
      8.7302778
     ],
     [
      46.1933333,
      8.8377778
     ]
    ]
   },
   "geometry": {
    "type": "Polygon",
    "coordinates": [
     [
      [
       8.7302778,
       46.1438889
      ],
      [
       8.7355556,
       46.1933333
      ],
      [
       8.8348424,
       46.1791104
      ],
      [
       8.834626,
       46.179098
      ],
      [
       8.8338868,
       46.1790396
      ],
      [
       8.8331506,
       46.178965
      ],
      [
       8.8324182,
       46.1788745
      ],
      [
       8.8316902,
       46.1787681
      ],
      [
       8.8309674,
       46.1786459
      ],
      [
       8.8302505,
       46.178508
      ],
      [
       8.8295403,
       46.1783546
      ],
      [
       8.8288373,
       46.1781858
      ],
      [
       8.8281423,
       46.1780019
      ],
      [
       8.8274561,
       46.1778028
      ],
      [
       8.8267792,
       46.177589
      ],
      [
       8.8261124,
       46.1773606
      ],
      [
       8.8254562,
       46.1771177
      ],
      [
       8.8248114,
       46.1768607
      ],
      [
       8.8241786,
       46.1765898
      ],
      [
       8.8235584,
       46.1763052
      ],
      [
       8.8229514,
       46.1760073
      ],
      [
       8.8223582,
       46.1756964
      ],
      [
       8.8217794,
       46.1753727
      ],
      [
       8.8212156,
       46.1750365
      ],
      [
       8.8206674,
       46.1746883
      ],
      [
       8.8201352,
       46.1743283
      ],
      [
       8.8196196,
       46.1739569
      ],
      [
       8.8191211,
       46.1735745
      ],
      [
       8.8186403,
       46.1731814
      ],
      [
       8.8181775,
       46.1727781
      ],
      [
       8.8177332,
       46.1723648
      ],
      [
       8.8173079,
       46.1719422
      ],
      [
       8.816902,
       46.1715104
      ],
      [
       8.8165159,
       46.1710701
      ],
      [
       8.8161499,
       46.1706216
      ],
      [
       8.8158045,
       46.1701653
      ],
      [
       8.8154799,
       46.1697017
      ],
      [
       8.8151766,
       46.1692314
      ],
      [
       8.8148947,
       46.1687546
      ],
      [
       8.8146346,
       46.168272
      ],
      [
       8.8143965,
       46.1677839
      ],
      [
       8.8141807,
       46.1672909
      ],
      [
       8.8139873,
       46.1667934
      ],
      [
       8.8138166,
       46.166292
      ],
      [
       8.8136688,
       46.1657871
      ],
      [
       8.8135439,
       46.1652792
      ],
      [
       8.8134421,
       46.1647689
      ],
      [
       8.8133635,
       46.1642566
      ],
      [
       8.8133082,
       46.1637429
      ],
      [
       8.8132762,
       46.1632282
      ],
      [
       8.8132675,
       46.1627131
      ],
      [
       8.8132823,
       46.162198
      ],
      [
       8.8133203,
       46.1616835
      ],
      [
       8.8133817,
       46.1611701
      ],
      [
       8.8134664,
       46.1606583
      ],
      [
       8.8135742,
       46.1601485
      ],
      [
       8.8137051,
       46.1596414
      ],
      [
       8.8138589,
       46.1591374
      ],
      [
       8.8140354,
       46.1586369
      ],
      [
       8.8142346,
       46.1581406
      ],
      [
       8.8144562,
       46.1576488
      ],
      [
       8.8147,
       46.1571621
      ],
      [
       8.8149657,
       46.1566809
      ],
      [
       8.8152531,
       46.1562058
      ],
      [
       8.8155619,
       46.1557371
      ],
      [
       8.8158918,
       46.1552754
      ],
      [
       8.8162425,
       46.1548211
      ],
      [
       8.8166136,
       46.1543746
      ],
      [
       8.8170047,
       46.1539365
      ],
      [
       8.8174155,
       46.153507
      ],
      [
       8.8178456,
       46.1530868
      ],
      [
       8.8182945,
       46.152676
      ],
      [
       8.8187618,
       46.1522753
      ],
      [
       8.8192471,
       46.1518849
      ],
      [
       8.8197498,
       46.1515052
      ],
      [
       8.8202694,
       46.1511367
      ],
      [
       8.8208055,
       46.1507797
      ],
      [
       8.8213575,
       46.1504345
      ],
      [
       8.8219249,
       46.1501015
      ],
      [
       8.8225071,
       46.149781
      ],
      [
       8.8231036,
       46.1494733
      ],
      [
       8.8237137,
       46.1491788
      ],
      [
       8.8243368,
       46.1488976
      ],
      [
       8.8249724,
       46.1486302
      ],
      [
       8.8256197,
       46.1483767
      ],
      [
       8.8262783,
       46.1481375
      ],
      [
       8.8269474,
       46.1479126
      ],
      [
       8.8276263,
       46.1477025
      ],
      [
       8.8283144,
       46.1475072
      ],
      [
       8.829011,
       46.147327
      ],
      [
       8.8297154,
       46.147162
      ],
      [
       8.830427,
       46.1470124
      ],
      [
       8.831145,
       46.1468784
      ],
      [
       8.8318687,
       46.1467601
      ],
      [
       8.8325974,
       46.1466576
      ],
      [
       8.8333304,
       46.1465709
      ],
      [
       8.834067,
       46.1465003
      ],
      [
       8.8348064,
       46.1464457
      ],
      [
       8.8355479,
       46.1464073
      ],
      [
       8.8362908,
       46.146385
      ],
      [
       8.8370343,
       46.1463788
      ],
      [
       8.8377778,
       46.1463889
      ],
      [
       8.7302778,
       46.1438889
      ]
     ]
    ]
   }
  },
  {
   "type": "Feature",
   "properties": {
    "ll": {
     "value": 1700,
     "unit": 0,
     "referenceDatum": 1
    },
    "ul": {
     "value": 3500,
     "unit": 0,
     "referenceDatum": 1
    },
    "_id": "62e10d65d0d055fccf50f4ab",
    "name": "TMA LOCARNO 3 HX",
    "type": 7,
    "icao": 4,
    "bnd": [
     [
      46.1591667,
      9.0283333
     ],
     [
      46.2169444,
      9.1158333
     ]
    ]
   },
   "geometry": {
    "type": "Polygon",
    "coordinates": [
     [
      [
       9.0283333,
       46.2005556
      ],
      [
       9.1061111,
       46.2169444
      ],
      [
       9.1158333,
       46.1705556
      ],
      [
       9.0661111,
       46.1630556
      ],
      [
       9.0380556,
       46.1591667
      ],
      [
       9.0283333,
       46.2005556
      ]
     ]
    ]
   }
  },
  {
   "type": "Feature",
   "properties": {
    "ll": {
     "value": 1500,
     "unit": 0,
     "referenceDatum": 1
    },
    "ul": {
     "value": 3500,
     "unit": 0,
     "referenceDatum": 1
    },
    "_id": "62e10d65d0d055fccf50f4b6",
    "name": "TMA LOCARNO 4 HX",
    "type": 7,
    "icao": 4,
    "bnd": [
     [
      46.1422222,
      8.6491667
     ],
     [
      46.2041667,
      8.7355556
     ]
    ]
   },
   "geometry": {
    "type": "Polygon",
    "coordinates": [
     [
      [
       8.7355556,
       46.1933333
      ],
      [
       8.7302778,
       46.1438889
      ],
      [
       8.6491667,
       46.1422222
      ],
      [
       8.6563889,
       46.2041667
      ],
      [
       8.7355556,
       46.1933333
      ]
     ]
    ]
   }
  },
  {
   "type": "Feature",
   "properties": {
    "ll": {
     "value": 2900,
     "unit": 0,
     "referenceDatum": 1
    },
    "ul": {
     "value": 3500,
     "unit": 0,
     "referenceDatum": 1
    },
    "_id": "62e10d65d0d055fccf50f4bf",
    "name": "TMA LOCARNO 5 HX",
    "type": 7,
    "icao": 4,
    "bnd": [
     [
      46.1705556,
      9.1061111
     ],
     [
      46.2463889,
      9.2488889
     ]
    ]
   },
   "geometry": {
    "type": "Polygon",
    "coordinates": [
     [
      [
       9.1061111,
       46.2169444
      ],
      [
       9.2488889,
       46.2463889
      ],
      [
       9.2486111,
       46.2325
      ],
      [
       9.2208333,
       46.2288889
      ],
      [
       9.2230556,
       46.2241667
      ],
      [
       9.2152778,
       46.2108333
      ],
      [
       9.2019444,
       46.2083333
      ],
      [
       9.1944444,
       46.1813889
      ],
      [
       9.1158333,
       46.1705556
      ],
      [
       9.1061111,
       46.2169444
      ]
     ]
    ]
   }
  },
  {
   "type": "Feature",
   "properties": {
    "ll": {
     "value": 2700,
     "unit": 0,
     "referenceDatum": 1
    },
    "ul": {
     "value": 3500,
     "unit": 0,
     "referenceDatum": 1
    },
    "_id": "62e10d65d0d055fccf50f4ca",
    "name": "TMA LOCARNO 6 HX",
    "type": 7,
    "icao": 4,
    "bnd": [
     [
      46.1411111,
      8.5030556
     ],
     [
      46.2252778,
      8.6563889
     ]
    ]
   },
   "geometry": {
    "type": "Polygon",
    "coordinates": [
     [
      [
       8.6563889,
       46.2041667
      ],
      [
       8.6491667,
       46.1422222
      ],
      [
       8.5966667,
       46.1411111
      ],
      [
       8.5925,
       46.1455556
      ],
      [
       8.6019444,
       46.1547222
      ],
      [
       8.575,
       46.1622222
      ],
      [
       8.5675,
       46.1794444
      ],
      [
       8.5405556,
       46.1972222
      ],
      [
       8.5311111,
       46.2172222
      ],
      [
       8.5030556,
       46.2252778
      ],
      [
       8.6563889,
       46.2041667
      ]
     ]
    ]
   }
  },
  {
   "type": "Feature",
   "properties": {
    "ll": {
     "value": 1600,
     "unit": 0,
     "referenceDatum": 1
    },
    "ul": {
     "value": 130,
     "unit": 6,
     "referenceDatum": 2
    },
    "_id": "62e10d65d0d055fccf50f4e8",
    "name": "TMA MEIRINGEN 1 HX",
    "type": 7,
    "icao": 4,
    "bnd": [
     [
      46.6577778,
      8.2077778
     ],
     [
      46.7458333,
      8.3916667
     ]
    ]
   },
   "geometry": {
    "type": "Polygon",
    "coordinates": [
     [
      [
       8.2077778,
       46.7002778
      ],
      [
       8.2077778,
       46.7002778
      ],
      [
       8.2084299,
       46.7003571
      ],
      [
       8.2095603,
       46.7008559
      ],
      [
       8.2106672,
       46.7013789
      ],
      [
       8.2117497,
       46.7019254
      ],
      [
       8.2128067,
       46.7024949
      ],
      [
       8.213837,
       46.703087
      ],
      [
       8.2148398,
       46.7037009
      ],
      [
       8.215814,
       46.7043361
      ],
      [
       8.2167586,
       46.704992
      ],
      [
       8.2176727,
       46.7056679
      ],
      [
       8.2185555,
       46.7063631
      ],
      [
       8.219406,
       46.707077
      ],
      [
       8.2202233,
       46.7078089
      ],
      [
       8.2210068,
       46.708558
      ],
      [
       8.2217556,
       46.7093236
      ],
      [
       8.222469,
       46.7101049
      ],
      [
       8.2231463,
       46.7109013
      ],
      [
       8.2237867,
       46.7117118
      ],
      [
       8.2243898,
       46.7125357
      ],
      [
       8.2249548,
       46.7133722
      ],
      [
       8.2254812,
       46.7142204
      ],
      [
       8.2259685,
       46.7150796
      ],
      [
       8.2264163,
       46.7159488
      ],
      [
       8.226824,
       46.7168272
      ],
      [
       8.2271913,
       46.717714
      ],
      [
       8.2275177,
       46.7186083
      ],
      [
       8.2278031,
       46.7195091
      ],
      [
       8.2280471,
       46.7204156
      ],
      [
       8.2282494,
       46.721327
      ],
      [
       8.2284098,
       46.7222423
      ],
      [
       8.2285282,
       46.7231605
      ],
      [
       8.2286046,
       46.7240809
      ],
      [
       8.2286387,
       46.7250024
      ],
      [
       8.2286305,
       46.7259242
      ],
      [
       8.2285802,
       46.7268454
      ],
      [
       8.2284876,
       46.7277651
      ],
      [
       8.2283529,
       46.7286823
      ],
      [
       8.2281763,
       46.7295961
      ],
      [
       8.2279579,
       46.7305057
      ],
      [
       8.2276978,
       46.7314102
      ],
      [
       8.2273965,
       46.7323086
      ],
      [
       8.2270541,
       46.7332001
      ],
      [
       8.226671,
       46.7340837
      ],
      [
       8.2262476,
       46.7349587
      ],
      [
       8.2257843,
       46.7358241
      ],
      [
       8.2252816,
       46.7366791
      ],
      [
       8.2247399,
       46.7375229
      ],
      [
       8.2241597,
       46.7383546
      ],
      [
       8.2235418,
       46.7391734
      ],
      [
       8.2228865,
       46.7399785
      ],
      [
       8.2221947,
       46.7407691
      ],
      [
       8.221467,
       46.7415444
      ],
      [
       8.220704,
       46.7423036
      ],
      [
       8.2199066,
       46.743046
      ],
      [
       8.2190756,
       46.7437709
      ],
      [
       8.2182117,
       46.7444776
      ],
      [
       8.2173159,
       46.7451653
      ],
      [
       8.2163889,
       46.7458333
      ],
      [
       8.2163889,
       46.7458333
      ],
      [
       8.3916667,
       46.7205556
      ],
      [
       8.3641667,
       46.6577778
      ],
      [
       8.2077778,
       46.7002778
      ]
     ]
    ]
   }
  },
  {
   "type": "Feature",
   "properties": {
    "ll": {
     "value": 2250,
     "unit": 0,
     "referenceDatum": 1
    },
    "ul": {
     "value": 130,
     "unit": 6,
     "referenceDatum": 2
    },
    "_id": "62e10d66d0d055fccf50f4f1",
    "name": "TMA MEIRINGEN 2 HX",
    "type": 7,
    "icao": 4,
    "bnd": [
     [
      46.6913889,
      7.8869444
     ],
     [
      46.7563889,
      7.9583333
     ]
    ]
   },
   "geometry": {
    "type": "Polygon",
    "coordinates": [
     [
      [
       7.9583333,
       46.7563889
      ],
      [
       7.9202778,
       46.7355556
      ],
      [
       7.9336111,
       46.6972222
      ],
      [
       7.9036111,
       46.6913889
      ],
      [
       7.8869444,
       46.7522222
      ],
      [
       7.9583333,
       46.7563889
      ]
     ]
    ]
   }
  },
  {
   "type": "Feature",
   "properties": {
    "ll": {
     "value": 2600,
     "unit": 0,
     "referenceDatum": 1
    },
    "ul": {
     "value": 130,
     "unit": 6,
     "referenceDatum": 2
    },
    "_id": "62e10d66d0d055fccf50f4fc",
    "name": "TMA MEIRINGEN 3 HX",
    "type": 7,
    "icao": 4,
    "bnd": [
     [
      46.6669444,
      7.7608333
     ],
     [
      46.7522222,
      7.9036111
     ]
    ]
   },
   "geometry": {
    "type": "Polygon",
    "coordinates": [
     [
      [
       7.8869444,
       46.7522222
      ],
      [
       7.9036111,
       46.6913889
      ],
      [
       7.7822222,
       46.6669444
      ],
      [
       7.7608333,
       46.7447222
      ],
      [
       7.8869444,
       46.7522222
      ]
     ]
    ]
   }
  },
  {
   "type": "Feature",
   "properties": {
    "ll": {
     "value": 700,
     "unit": 0,
     "referenceDatum": 1
    },
    "ul": {
     "value": 100,
     "unit": 6,
     "referenceDatum": 2
    },
    "_id": "62e10d6bd0d055fccf50f6e8",
    "name": "TMA PAYERNE 1 HX",
    "type": 7,
    "icao": 4,
    "bnd": [
     [
      46.8922222,
      7.0025
     ],
     [
      46.9569444,
      7.0947222
     ]
    ]
   },
   "geometry": {
    "type": "Polygon",
    "coordinates": [
     [
      [
       7.0377778,
       46.9569444
      ],
      [
       7.0947222,
       46.9125
      ],
      [
       7.0544444,
       46.8922222
      ],
      [
       7.0025,
       46.9313889
      ],
      [
       7.0377778,
       46.9569444
      ]
     ]
    ]
   }
  },
  {
   "type": "Feature",
   "properties": {
    "ll": {
     "value": 850,
     "unit": 0,
     "referenceDatum": 1
    },
    "ul": {
     "value": 100,
     "unit": 6,
     "referenceDatum": 2
    },
    "_id": "62e10d6bd0d055fccf50f6f2",
    "name": "TMA PAYERNE 2 HX",
    "type": 7,
    "icao": 4,
    "bnd": [
     [
      46.7136111,
      6.7166667
     ],
     [
      46.7858333,
      6.8236111
     ]
    ]
   },
   "geometry": {
    "type": "Polygon",
    "coordinates": [
     [
      [
       6.7863889,
       46.7858333
      ],
      [
       6.8236111,
       46.7580556
      ],
      [
       6.7736111,
       46.7136111
      ],
      [
       6.7166667,
       46.7569444
      ],
      [
       6.7863889,
       46.7858333
      ]
     ]
    ]
   }
  },
  {
   "type": "Feature",
   "properties": {
    "ll": {
     "value": 950,
     "unit": 0,
     "referenceDatum": 1
    },
    "ul": {
     "value": 100,
     "unit": 6,
     "referenceDatum": 2
    },
    "_id": "62e10d6bd0d055fccf50f6fc",
    "name": "TMA PAYERNE 3 HX",
    "type": 7,
    "icao": 4,
    "bnd": [
     [
      46.9125,
      7.0377778
     ],
     [
      46.9902778,
      7.1491667
     ]
    ]
   },
   "geometry": {
    "type": "Polygon",
    "coordinates": [
     [
      [
       7.0838889,
       46.9902778
      ],
      [
       7.1491667,
       46.9397222
      ],
      [
       7.0947222,
       46.9125
      ],
      [
       7.0377778,
       46.9569444
      ],
      [
       7.0838889,
       46.9902778
      ]
     ]
    ]
   }
  },
  {
   "type": "Feature",
   "properties": {
    "ll": {
     "value": 1200,
     "unit": 0,
     "referenceDatum": 1
    },
    "ul": {
     "value": 100,
     "unit": 6,
     "referenceDatum": 2
    },
    "_id": "62e10d6cd0d055fccf50f705",
    "name": "TMA PAYERNE 5 HX",
    "type": 7,
    "icao": 4,
    "bnd": [
     [
      46.9397222,
      7.0838889
     ],
     [
      47.0036111,
      7.1702778
     ]
    ]
   },
   "geometry": {
    "type": "Polygon",
    "coordinates": [
     [
      [
       7.1022222,
       47.0036111
      ],
      [
       7.1702778,
       46.9502778
      ],
      [
       7.1491667,
       46.9397222
      ],
      [
       7.0838889,
       46.9902778
      ],
      [
       7.1022222,
       47.0036111
      ]
     ]
    ]
   }
  },
  {
   "type": "Feature",
   "properties": {
    "ll": {
     "value": 1350,
     "unit": 0,
     "referenceDatum": 1
    },
    "ul": {
     "value": 100,
     "unit": 6,
     "referenceDatum": 2
    },
    "_id": "62e10d6cd0d055fccf50f70f",
    "name": "TMA PAYERNE 6 HX",
    "type": 7,
    "icao": 4,
    "bnd": [
     [
      46.6808333,
      6.6169444
     ],
     [
      46.7569444,
      6.7736111
     ]
    ]
   },
   "geometry": {
    "type": "Polygon",
    "coordinates": [
     [
      [
       6.7166667,
       46.7569444
      ],
      [
       6.7736111,
       46.7136111
      ],
      [
       6.7366667,
       46.6808333
      ],
      [
       6.6169444,
       46.7158333
      ],
      [
       6.7166667,
       46.7569444
      ]
     ]
    ]
   }
  },
  {
   "type": "Feature",
   "properties": {
    "ll": {
     "value": 915,
     "unit": 0,
     "referenceDatum": 1
    },
    "ul": {
     "value": 130,
     "unit": 6,
     "referenceDatum": 2
    },
    "_id": "62e10d66d0d055fccf50f519",
    "name": "TMA SION 1 TEMPO",
    "type": 7,
    "icao": 4,
    "bnd": [
     [
      46.2333333,
      7.4347222
     ],
     [
      46.3091667,
      7.5525
     ]
    ]
   },
   "geometry": {
    "type": "Polygon",
    "coordinates": [
     [
      [
       7.5147222,
       46.3091667
      ],
      [
       7.4769444,
       46.2961111
      ],
      [
       7.4347222,
       46.2780556
      ],
      [
       7.4672222,
       46.2333333
      ],
      [
       7.5047222,
       46.2455556
      ],
      [
       7.5525,
       46.2569444
      ],
      [
       7.5147222,
       46.3091667
      ]
     ]
    ]
   }
  },
  {
   "type": "Feature",
   "properties": {
    "ll": {
     "value": 1800,
     "unit": 0,
     "referenceDatum": 1
    },
    "ul": {
     "value": 130,
     "unit": 6,
     "referenceDatum": 2
    },
    "_id": "62e10d66d0d055fccf50f524",
    "name": "TMA SION 2 TEMPO",
    "type": 7,
    "icao": 4,
    "bnd": [
     [
      46.2569444,
      7.5147222
     ],
     [
      46.36,
      7.7044444
     ]
    ]
   },
   "geometry": {
    "type": "Polygon",
    "coordinates": [
     [
      [
       7.6661111,
       46.36
      ],
      [
       7.5147222,
       46.3091667
      ],
      [
       7.5525,
       46.2569444
      ],
      [
       7.7044444,
       46.2933333
      ],
      [
       7.6661111,
       46.36
      ]
     ]
    ]
   }
  },
  {
   "type": "Feature",
   "properties": {
    "ll": {
     "value": 3050,
     "unit": 0,
     "referenceDatum": 1
    },
    "ul": {
     "value": 130,
     "unit": 6,
     "referenceDatum": 2
    },
    "_id": "62e10d66d0d055fccf50f52e",
    "name": "TMA SION 3 TEMPO",
    "type": 7,
    "icao": 4,
    "bnd": [
     [
      46.2933333,
      7.6661111
     ],
     [
      46.3955556,
      7.8197222
     ]
    ]
   },
   "geometry": {
    "type": "Polygon",
    "coordinates": [
     [
      [
       7.7702778,
       46.3955556
      ],
      [
       7.6661111,
       46.36
      ],
      [
       7.7044444,
       46.2933333
      ],
      [
       7.8197222,
       46.3208333
      ],
      [
       7.7702778,
       46.3955556
      ]
     ]
    ]
   }
  },
  {
   "type": "Feature",
   "properties": {
    "ll": {
     "value": 1050,
     "unit": 0,
     "referenceDatum": 1
    },
    "ul": {
     "value": 1700,
     "unit": 0,
     "referenceDatum": 1
    },
    "_id": "62e10d66d0d055fccf50f542",
    "name": "TMA ST-GALLEN HX",
    "type": 7,
    "icao": 4,
    "bnd": [
     [
      47.4777778,
      9.3205556
     ],
     [
      47.535,
      9.4033333
     ]
    ]
   },
   "geometry": {
    "type": "Polygon",
    "coordinates": [
     [
      [
       9.3858333,
       47.4777778
      ],
      [
       9.3205556,
       47.4858333
      ],
      [
       9.3322222,
       47.535
      ],
      [
       9.4033333,
       47.5272222
      ],
      [
       9.3933333,
       47.5202778
      ],
      [
       9.3858333,
       47.4777778
      ]
     ]
    ]
   }
  },
  {
   "type": "Feature",
   "properties": {
    "ll": {
     "value": 900,
     "unit": 0,
     "referenceDatum": 1
    },
    "ul": {
     "value": 195,
     "unit": 6,
     "referenceDatum": 2
    },
    "_id": "62e10d67d0d055fccf50f56a",
    "name": "TMA ZURICH 1",
    "type": 7,
    "icao": 4,
    "bnd": [
     [
      47.4469444,
      8.2066667
     ],
     [
      47.6930556,
      8.7411111
     ]
    ]
   },
   "geometry": {
    "type": "Polygon",
    "coordinates": [
     [
      [
       8.2066667,
       47.6486111
      ],
      [
       8.2766667,
       47.6730556
      ],
      [
       8.4638889,
       47.6922222
      ],
      [
       8.5358333,
       47.6775
      ],
      [
       8.6419444,
       47.6930556
      ],
      [
       8.7036111,
       47.595
      ],
      [
       8.7411111,
       47.535
      ],
      [
       8.7383202,
       47.5383952
      ],
      [
       8.7345867,
       47.5423441
      ],
      [
       8.7306707,
       47.5462117
      ],
      [
       8.7265762,
       47.5499943
      ],
      [
       8.722307,
       47.553688
      ],
      [
       8.7178674,
       47.5572892
      ],
      [
       8.7132617,
       47.5607944
      ],
      [
       8.7084946,
       47.5642
      ],
      [
       8.7035707,
       47.5675027
      ],
      [
       8.6984948,
       47.5706991
      ],
      [
       8.693272,
       47.5737862
      ],
      [
       8.6879075,
       47.5767608
      ],
      [
       8.6824065,
       47.5796201
      ],
      [
       8.6767744,
       47.5823611
      ],
      [
       8.671017,
       47.5849811
      ],
      [
       8.6651398,
       47.5874775
      ],
      [
       8.6591487,
       47.5898479
      ],
      [
       8.6530497,
       47.5920899
      ],
      [
       8.6468487,
       47.5942012
      ],
      [
       8.6405519,
       47.5961798
      ],
      [
       8.6341657,
       47.5980237
      ],
      [
       8.6276963,
       47.5997311
      ],
      [
       8.6211501,
       47.6013002
      ],
      [
       8.6145337,
       47.6027295
      ],
      [
       8.6078537,
       47.6040176
      ],
      [
       8.6011167,
       47.6051632
      ],
      [
       8.5943293,
       47.6061651
      ],
      [
       8.5874984,
       47.6070224
      ],
      [
       8.5806307,
       47.6077342
      ],
      [
       8.573733,
       47.6082998
      ],
      [
       8.5668123,
       47.6087186
      ],
      [
       8.5598755,
       47.6089903
      ],
      [
       8.5529293,
       47.6091145
      ],
      [
       8.5459808,
       47.6090911
      ],
      [
       8.5390368,
       47.6089202
      ],
      [
       8.5321043,
       47.6086019
      ],
      [
       8.5251902,
       47.6081365
      ],
      [
       8.5183013,
       47.6075245
      ],
      [
       8.5114445,
       47.6067665
      ],
      [
       8.5046267,
       47.6058633
      ],
      [
       8.4978545,
       47.6048158
      ],
      [
       8.4911348,
       47.6036249
      ],
      [
       8.4844742,
       47.6022919
      ],
      [
       8.4778794,
       47.6008182
      ],
      [
       8.4713568,
       47.5992051
      ],
      [
       8.4649131,
       47.5974543
      ],
      [
       8.4585545,
       47.5955675
      ],
      [
       8.4522874,
       47.5935467
      ],
      [
       8.4461181,
       47.5913937
      ],
      [
       8.4400526,
       47.5891108
      ],
      [
       8.4340969,
       47.5867002
      ],
      [
       8.428257,
       47.5841643
      ],
      [
       8.4225387,
       47.5815057
      ],
      [
       8.4169476,
       47.578727
      ],
      [
       8.4114892,
       47.5758309
      ],
      [
       8.406169,
       47.5728203
      ],
      [
       8.4009922,
       47.5696982
      ],
      [
       8.395964,
       47.5664678
      ],
      [
       8.3910892,
       47.5631321
      ],
      [
       8.3863727,
       47.5596946
      ],
      [
       8.3818192,
       47.5561587
      ],
      [
       8.3774331,
       47.5525277
      ],
      [
       8.3732188,
       47.5488055
      ],
      [
       8.3691804,
       47.5449956
      ],
      [
       8.3653218,
       47.5411018
      ],
      [
       8.3616469,
       47.537128
      ],
      [
       8.3581592,
       47.5330781
      ],
      [
       8.3548622,
       47.5289562
      ],
      [
       8.3517591,
       47.5247663
      ],
      [
       8.3488529,
       47.5205125
      ],
      [
       8.3461464,
       47.5161992
      ],
      [
       8.3436424,
       47.5118305
      ],
      [
       8.3413431,
       47.5074108
      ],
      [
       8.3392508,
       47.5029444
      ],
      [
       8.3373676,
       47.4984359
      ],
      [
       8.3356952,
       47.4938895
      ],
      [
       8.3342353,
       47.4893099
      ],
      [
       8.3329892,
       47.4847016
      ],
      [
       8.3319581,
       47.4800691
      ],
      [
       8.331143,
       47.4754169
      ],
      [
       8.3305447,
       47.4707498
      ],
      [
       8.3301635,
       47.4660722
      ],
      [
       8.33,
       47.4613889
      ],
      [
       8.2975,
       47.4469444
      ],
      [
       8.2066667,
       47.6486111
      ]
     ]
    ]
   }
  },
  {
   "type": "Feature",
   "properties": {
    "ll": {
     "value": 2000,
     "unit": 0,
     "referenceDatum": 1
    },
    "ul": {
     "value": 195,
     "unit": 6,
     "referenceDatum": 2
    },
    "_id": "62e10d69d0d055fccf50f634",
    "name": "TMA ZURICH 10",
    "type": 7,
    "icao": 4,
    "bnd": [
     [
      47.7677778,
      8.4186111
     ],
     [
      47.8625,
      8.87
     ]
    ]
   },
   "geometry": {
    "type": "Polygon",
    "coordinates": [
     [
      [
       8.775,
       47.8625
      ],
      [
       8.87,
       47.7819444
      ],
      [
       8.5913889,
       47.7736111
      ],
      [
       8.4725,
       47.7697222
      ],
      [
       8.4186111,
       47.7677778
      ],
      [
       8.775,
       47.8625
      ]
     ]
    ]
   }
  },
  {
   "type": "Feature",
   "properties": {
    "ll": {
     "value": 2000,
     "unit": 0,
     "referenceDatum": 1
    },
    "ul": {
     "value": 195,
     "unit": 6,
     "referenceDatum": 2
    },
    "_id": "62e10d69d0d055fccf50f63e",
    "name": "TMA ZURICH 11",
    "type": 7,
    "icao": 4,
    "bnd": [
     [
      47.2552778,
      8.87
     ],
     [
      47.7819444,
      9.2322222
     ]
    ]
   },
   "geometry": {
    "type": "Polygon",
    "coordinates": [
     [
      [
       8.87,
       47.7819444
      ],
      [
       9.0088889,
       47.7563889
      ],
      [
       9.2322222,
       47.7383333
      ],
      [
       9.2322222,
       47.5891667
      ],
      [
       9.1838889,
       47.5241667
      ],
      [
       9.1788889,
       47.3711111
      ],
      [
       9.0811111,
       47.3469444
      ],
      [
       9.0455556,
       47.2733333
      ],
      [
       9.0311111,
       47.2697222
      ],
      [
       8.9725,
       47.2552778
      ],
      [
       8.9177778,
       47.2602778
      ],
      [
       8.9438889,
       47.3522222
      ],
      [
       9.0563889,
       47.3777778
      ],
      [
       9.0733333,
       47.4822222
      ],
      [
       9.0816667,
       47.5319444
      ],
      [
       9,
       47.5380556
      ],
      [
       8.92,
       47.5438889
      ],
      [
       8.87,
       47.7819444
      ]
     ]
    ]
   }
  },
  {
   "type": "Feature",
   "properties": {
    "ll": {
     "value": 2600,
     "unit": 0,
     "referenceDatum": 1
    },
    "ul": {
     "value": 195,
     "unit": 6,
     "referenceDatum": 2
    },
    "_id": "62e10d69d0d055fccf50f648",
    "name": "TMA ZURICH 12",
    "type": 0,
    "icao": 2,
    "bnd": [
     [
      47.5866667,
      9.2322222
     ],
     [
      47.7383333,
      9.4536111
     ]
    ]
   },
   "geometry": {
    "type": "Polygon",
    "coordinates": [
     [
      [
       9.2322222,
       47.7383333
      ],
      [
       9.4272222,
       47.7222222
      ],
      [
       9.4536111,
       47.5866667
      ],
      [
       9.2322222,
       47.5891667
      ],
      [
       9.2322222,
       47.7383333
      ]
     ]
    ]
   }
  },
  {
   "type": "Feature",
   "properties": {
    "ll": {
     "value": 2300,
     "unit": 0,
     "referenceDatum": 1
    },
    "ul": {
     "value": 195,
     "unit": 6,
     "referenceDatum": 2
    },
    "_id": "62e10d6ad0d055fccf50f652",
    "name": "TMA ZURICH 13",
    "type": 7,
    "icao": 4,
    "bnd": [
     [
      47.3711111,
      9.1788889
     ],
     [
      47.5891667,
      9.4536111
     ]
    ]
   },
   "geometry": {
    "type": "Polygon",
    "coordinates": [
     [
      [
       9.2322222,
       47.5891667
      ],
      [
       9.4536111,
       47.5866667
      ],
      [
       9.2811111,
       47.3961111
      ],
      [
       9.1788889,
       47.3711111
      ],
      [
       9.1838889,
       47.5241667
      ],
      [
       9.2322222,
       47.5891667
      ]
     ]
    ]
   }
  },
  {
   "type": "Feature",
   "properties": {
    "ll": {
     "value": 1700,
     "unit": 0,
     "referenceDatum": 1
    },
    "ul": {
     "value": 195,
     "unit": 6,
     "referenceDatum": 2
    },
    "_id": "62e10d6ad0d055fccf50f65c",
    "name": "TMA ZURICH 14 HX",
    "type": 7,
    "icao": 4,
    "bnd": [
     [
      47.1447222,
      8.4319444
     ],
     [
      47.2763889,
      8.9725
     ]
    ]
   },
   "geometry": {
    "type": "Polygon",
    "coordinates": [
     [
      [
       8.9725,
       47.2552778
      ],
      [
       8.9238889,
       47.2177778
      ],
      [
       8.8947222,
       47.1952778
      ],
      [
       8.4922222,
       47.1447222
      ],
      [
       8.4908333,
       47.1555556
      ],
      [
       8.4319444,
       47.2322222
      ],
      [
       8.605,
       47.2569444
      ],
      [
       8.7413889,
       47.2763889
      ],
      [
       8.7797222,
       47.2727778
      ],
      [
       8.9177778,
       47.2602778
      ],
      [
       8.9725,
       47.2552778
      ]
     ]
    ]
   }
  },
  {
   "type": "Feature",
   "properties": {
    "ll": {
     "value": 2300,
     "unit": 0,
     "referenceDatum": 1
    },
    "ul": {
     "value": 195,
     "unit": 6,
     "referenceDatum": 2
    },
    "_id": "62e10d6ad0d055fccf50f666",
    "name": "TMA ZURICH 15 HX",
    "type": 7,
    "icao": 4,
    "bnd": [
     [
      47.1313889,
      7.9947222
     ],
     [
      47.2322222,
      8.4922222
     ]
    ]
   },
   "geometry": {
    "type": "Polygon",
    "coordinates": [
     [
      [
       8.4319444,
       47.2322222
      ],
      [
       8.4908333,
       47.1555556
      ],
      [
       8.4922222,
       47.1447222
      ],
      [
       8.3705556,
       47.1383333
      ],
      [
       7.9947222,
       47.1313889
      ],
      [
       8.1988889,
       47.1986111
      ],
      [
       8.4319444,
       47.2322222
      ]
     ]
    ]
   }
  },
  {
   "type": "Feature",
   "properties": {
    "ll": {
     "value": 1350,
     "unit": 0,
     "referenceDatum": 1
    },
    "ul": {
     "value": 195,
     "unit": 6,
     "referenceDatum": 2
    },
    "_id": "62e10d67d0d055fccf50f57f",
    "name": "TMA ZURICH 2",
    "type": 7,
    "icao": 4,
    "bnd": [
     [
      47.6486111,
      8.1916667
     ],
     [
      47.7736111,
      8.6419444
     ]
    ]
   },
   "geometry": {
    "type": "Polygon",
    "coordinates": [
     [
      [
       8.5913889,
       47.7736111
      ],
      [
       8.6419444,
       47.6930556
      ],
      [
       8.5358333,
       47.6775
      ],
      [
       8.4638889,
       47.6922222
      ],
      [
       8.4308333,
       47.6888889
      ],
      [
       8.3375,
       47.6791667
      ],
      [
       8.2766667,
       47.6730556
      ],
      [
       8.2066667,
       47.6486111
      ],
      [
       8.1916667,
       47.6813889
      ],
      [
       8.4186111,
       47.7677778
      ],
      [
       8.5913889,
       47.7736111
      ]
     ]
    ]
   }
  },
  {
   "type": "Feature",
   "properties": {
    "ll": {
     "value": 1700,
     "unit": 0,
     "referenceDatum": 1
    },
    "ul": {
     "value": 195,
     "unit": 6,
     "referenceDatum": 2
    },
    "_id": "62e10d67d0d055fccf50f59c",
    "name": "TMA ZURICH 3",
    "type": 7,
    "icao": 4,
    "bnd": [
     [
      47.5438889,
      8.5913889
     ],
     [
      47.7819444,
      8.92
     ]
    ]
   },
   "geometry": {
    "type": "Polygon",
    "coordinates": [
     [
      [
       8.87,
       47.7819444
      ],
      [
       8.8802778,
       47.7330556
      ],
      [
       8.92,
       47.5438889
      ],
      [
       8.8597222,
       47.5722222
      ],
      [
       8.8177778,
       47.5922222
      ],
      [
       8.7036111,
       47.595
      ],
      [
       8.6419444,
       47.6930556
      ],
      [
       8.6319444,
       47.7091667
      ],
      [
       8.5913889,
       47.7736111
      ],
      [
       8.87,
       47.7819444
      ]
     ]
    ]
   }
  },
  {
   "type": "Feature",
   "properties": {
    "ll": {
     "value": 1350,
     "unit": 0,
     "referenceDatum": 1
    },
    "ul": {
     "value": 195,
     "unit": 6,
     "referenceDatum": 2
    },
    "_id": "62e10d68d0d055fccf50f5b0",
    "name": "TMA ZURICH 4A",
    "type": 7,
    "icao": 4,
    "bnd": [
     [
      47.3791667,
      8.7036111
     ],
     [
      47.595,
      9.0113889
     ]
    ]
   },
   "geometry": {
    "type": "Polygon",
    "coordinates": [
     [
      [
       8.9077778,
       47.4983333
      ],
      [
       8.7627778,
       47.5
      ],
      [
       8.7626701,
       47.5006067
      ],
      [
       8.7606863,
       47.5050914
      ],
      [
       8.7584946,
       47.5095317
      ],
      [
       8.7560971,
       47.5139233
      ],
      [
       8.7534961,
       47.5182618
      ],
      [
       8.7506942,
       47.522543
      ],
      [
       8.7476941,
       47.5267625
      ],
      [
       8.7444987,
       47.5309162
      ],
      [
       8.7411111,
       47.535
      ],
      [
       8.7036111,
       47.595
      ],
      [
       8.8177778,
       47.5922222
      ],
      [
       8.8597222,
       47.5722222
      ],
      [
       8.92,
       47.5438889
      ],
      [
       9,
       47.5380556
      ],
      [
       9.0052778,
       47.4919444
      ],
      [
       9.0113889,
       47.4369444
      ],
      [
       8.9963889,
       47.3963889
      ],
      [
       8.8766667,
       47.3791667
      ],
      [
       8.9077778,
       47.4983333
      ]
     ]
    ]
   }
  },
  {
   "type": "Feature",
   "properties": {
    "ll": {
     "value": 1700,
     "unit": 0,
     "referenceDatum": 1
    },
    "ul": {
     "value": 195,
     "unit": 6,
     "referenceDatum": 2
    },
    "_id": "62e10d68d0d055fccf50f5d0",
    "name": "TMA ZURICH 4B",
    "type": 7,
    "icao": 4,
    "bnd": [
     [
      47.2322222,
      8.3777778
     ],
     [
      47.5380556,
      9.0816667
     ]
    ]
   },
   "geometry": {
    "type": "Polygon",
    "coordinates": [
     [
      [
       9.0816667,
       47.5319444
      ],
      [
       9.0733333,
       47.4822222
      ],
      [
       9.0563889,
       47.3777778
      ],
      [
       8.9438889,
       47.3522222
      ],
      [
       8.9177778,
       47.2602778
      ],
      [
       8.7413889,
       47.2763889
      ],
      [
       8.4319444,
       47.2322222
      ],
      [
       8.3777778,
       47.3030556
      ],
      [
       8.5302778,
       47.3658333
      ],
      [
       8.5430556,
       47.3669444
      ],
      [
       8.6613889,
       47.3752778
      ],
      [
       8.6863889,
       47.3844444
      ],
      [
       8.8766667,
       47.3791667
      ],
      [
       8.9963889,
       47.3963889
      ],
      [
       9.0113889,
       47.4369444
      ],
      [
       9.0052778,
       47.4919444
      ],
      [
       9,
       47.5380556
      ],
      [
       9.0816667,
       47.5319444
      ]
     ]
    ]
   }
  },
  {
   "type": "Feature",
   "properties": {
    "ll": {
     "value": 1350,
     "unit": 0,
     "referenceDatum": 1
    },
    "ul": {
     "value": 195,
     "unit": 6,
     "referenceDatum": 2
    },
    "_id": "62e10d69d0d055fccf50f5f8",
    "name": "TMA ZURICH 4C",
    "type": 7,
    "icao": 4,
    "bnd": [
     [
      47.2891667,
      8.1883333
     ],
     [
      47.6091145,
      8.7710977
     ]
    ]
   },
   "geometry": {
    "type": "Polygon",
    "coordinates": [
     [
      [
       8.6863889,
       47.3844444
      ],
      [
       8.6613889,
       47.3752778
      ],
      [
       8.5430556,
       47.3669444
      ],
      [
       8.5302778,
       47.3658333
      ],
      [
       8.3777778,
       47.3030556
      ],
      [
       8.3419444,
       47.2891667
      ],
      [
       8.1883333,
       47.3977778
      ],
      [
       8.2975,
       47.4469444
      ],
      [
       8.33,
       47.4613889
      ],
      [
       8.3301635,
       47.4660722
      ],
      [
       8.3305447,
       47.4707498
      ],
      [
       8.331143,
       47.4754169
      ],
      [
       8.3319581,
       47.4800691
      ],
      [
       8.3329892,
       47.4847016
      ],
      [
       8.3342353,
       47.4893099
      ],
      [
       8.3356952,
       47.4938895
      ],
      [
       8.3373676,
       47.4984359
      ],
      [
       8.3392508,
       47.5029444
      ],
      [
       8.3413431,
       47.5074108
      ],
      [
       8.3436424,
       47.5118305
      ],
      [
       8.3461464,
       47.5161992
      ],
      [
       8.3488529,
       47.5205125
      ],
      [
       8.3517591,
       47.5247663
      ],
      [
       8.3548622,
       47.5289562
      ],
      [
       8.3581592,
       47.5330781
      ],
      [
       8.3616469,
       47.537128
      ],
      [
       8.3653218,
       47.5411018
      ],
      [
       8.3691804,
       47.5449956
      ],
      [
       8.3732188,
       47.5488055
      ],
      [
       8.3774331,
       47.5525277
      ],
      [
       8.3818192,
       47.5561587
      ],
      [
       8.3863727,
       47.5596946
      ],
      [
       8.3910892,
       47.5631321
      ],
      [
       8.395964,
       47.5664678
      ],
      [
       8.4009922,
       47.5696982
      ],
      [
       8.406169,
       47.5728203
      ],
      [
       8.4114892,
       47.5758309
      ],
      [
       8.4169476,
       47.578727
      ],
      [
       8.4225387,
       47.5815057
      ],
      [
       8.428257,
       47.5841643
      ],
      [
       8.4340969,
       47.5867002
      ],
      [
       8.4400526,
       47.5891108
      ],
      [
       8.4461181,
       47.5913937
      ],
      [
       8.4522874,
       47.5935467
      ],
      [
       8.4585545,
       47.5955675
      ],
      [
       8.4649131,
       47.5974543
      ],
      [
       8.4713568,
       47.5992051
      ],
      [
       8.4778794,
       47.6008182
      ],
      [
       8.4844742,
       47.6022919
      ],
      [
       8.4911348,
       47.6036249
      ],
      [
       8.4978545,
       47.6048158
      ],
      [
       8.5046267,
       47.6058633
      ],
      [
       8.5114445,
       47.6067665
      ],
      [
       8.5183013,
       47.6075245
      ],
      [
       8.5251902,
       47.6081365
      ],
      [
       8.5321043,
       47.6086019
      ],
      [
       8.5390368,
       47.6089202
      ],
      [
       8.5459808,
       47.6090911
      ],
      [
       8.5529293,
       47.6091145
      ],
      [
       8.5598755,
       47.6089903
      ],
      [
       8.5668123,
       47.6087186
      ],
      [
       8.573733,
       47.6082998
      ],
      [
       8.5806307,
       47.6077342
      ],
      [
       8.5874984,
       47.6070224
      ],
      [
       8.5943293,
       47.6061651
      ],
      [
       8.6011167,
       47.6051632
      ],
      [
       8.6078537,
       47.6040176
      ],
      [
       8.6145337,
       47.6027295
      ],
      [
       8.6211501,
       47.6013002
      ],
      [
       8.6276963,
       47.5997311
      ],
      [
       8.6341657,
       47.5980237
      ],
      [
       8.6405519,
       47.5961798
      ],
      [
       8.6468487,
       47.5942012
      ],
      [
       8.6530497,
       47.5920899
      ],
      [
       8.6591487,
       47.5898479
      ],
      [
       8.6651398,
       47.5874775
      ],
      [
       8.671017,
       47.5849811
      ],
      [
       8.6767744,
       47.5823611
      ],
      [
       8.6824065,
       47.5796201
      ],
      [
       8.6879075,
       47.5767608
      ],
      [
       8.693272,
       47.5737862
      ],
      [
       8.6984948,
       47.5706991
      ],
      [
       8.7035707,
       47.5675027
      ],
      [
       8.7084946,
       47.5642
      ],
      [
       8.7132617,
       47.5607944
      ],
      [
       8.7178674,
       47.5572892
      ],
      [
       8.722307,
       47.553688
      ],
      [
       8.7265762,
       47.5499943
      ],
      [
       8.7306707,
       47.5462117
      ],
      [
       8.7345867,
       47.5423441
      ],
      [
       8.7383202,
       47.5383952
      ],
      [
       8.7418675,
       47.534369
      ],
      [
       8.7452253,
       47.5302695
      ],
      [
       8.7483902,
       47.5261007
      ],
      [
       8.7513591,
       47.5218667
      ],
      [
       8.7541291,
       47.5175718
      ],
      [
       8.7566976,
       47.5132201
      ],
      [
       8.759062,
       47.5088161
      ],
      [
       8.76122,
       47.5043641
      ],
      [
       8.7631697,
       47.4998684
      ],
      [
       8.764909,
       47.4953335
      ],
      [
       8.7664364,
       47.490764
      ],
      [
       8.7677504,
       47.4861643
      ],
      [
       8.7688497,
       47.4815389
      ],
      [
       8.7697333,
       47.4768925
      ],
      [
       8.7704004,
       47.4722296
      ],
      [
       8.7708504,
       47.4675548
      ],
      [
       8.7710829,
       47.4628728
      ],
      [
       8.7710977,
       47.4581882
      ],
      [
       8.7708949,
       47.4535056
      ],
      [
       8.7704747,
       47.4488295
      ],
      [
       8.7698377,
       47.4441647
      ],
      [
       8.7689844,
       47.4395158
      ],
      [
       8.7679159,
       47.4348872
      ],
      [
       8.7666331,
       47.4302837
      ],
      [
       8.7651374,
       47.4257096
      ],
      [
       8.7634304,
       47.4211695
      ],
      [
       8.7615138,
       47.416668
      ],
      [
       8.7593896,
       47.4122093
      ],
      [
       8.7583333,
       47.4105556
      ],
      [
       8.7583333,
       47.4105556
      ],
      [
       8.6863889,
       47.3844444
      ]
     ]
    ]
   }
  },
  {
   "type": "Feature",
   "properties": {
    "ll": {
     "value": 1050,
     "unit": 0,
     "referenceDatum": 1
    },
    "ul": {
     "value": 195,
     "unit": 6,
     "referenceDatum": 2
    },
    "_id": "62e10d69d0d055fccf50f601",
    "name": "TMA ZURICH 5",
    "type": 7,
    "icao": 4,
    "bnd": [
     [
      47.3791667,
      8.6863889
     ],
     [
      47.5,
      8.9077778
     ]
    ]
   },
   "geometry": {
    "type": "Polygon",
    "coordinates": [
     [
      [
       8.9077778,
       47.4983333
      ],
      [
       8.8766667,
       47.3791667
      ],
      [
       8.6863889,
       47.3844444
      ],
      [
       8.7583333,
       47.4105556
      ],
      [
       8.7591752,
       47.412467
      ],
      [
       8.7612877,
       47.416921
      ],
      [
       8.7631926,
       47.4214176
      ],
      [
       8.7648882,
       47.4259525
      ],
      [
       8.7663727,
       47.4305211
      ],
      [
       8.7676445,
       47.4351191
      ],
      [
       8.7687024,
       47.4397417
      ],
      [
       8.7695453,
       47.4443846
      ],
      [
       8.7701723,
       47.4490431
      ],
      [
       8.7705827,
       47.4537126
      ],
      [
       8.770776,
       47.4583885
      ],
      [
       8.770752,
       47.4630662
      ],
      [
       8.7705106,
       47.467741
      ],
      [
       8.7700521,
       47.4724085
      ],
      [
       8.7693768,
       47.4770639
      ],
      [
       8.7684854,
       47.4817027
      ],
      [
       8.7673786,
       47.4863202
      ],
      [
       8.7660576,
       47.490912
      ],
      [
       8.7645235,
       47.4954734
      ],
      [
       8.7627778,
       47.5
      ],
      [
       8.9077778,
       47.4983333
      ]
     ]
    ]
   }
  },
  {
   "type": "Feature",
   "properties": {
    "ll": {
     "value": 1700,
     "unit": 0,
     "referenceDatum": 1
    },
    "ul": {
     "value": 195,
     "unit": 6,
     "referenceDatum": 2
    },
    "_id": "62e10d69d0d055fccf50f60c",
    "name": "TMA ZURICH 6",
    "type": 7,
    "icao": 4,
    "bnd": [
     [
      47.2452778,
      8
     ],
     [
      47.7677778,
      8.4186111
     ]
    ]
   },
   "geometry": {
    "type": "Polygon",
    "coordinates": [
     [
      [
       8.1916667,
       47.6813889
      ],
      [
       8.2066667,
       47.6486111
      ],
      [
       8.2975,
       47.4469444
      ],
      [
       8.1883333,
       47.3977778
      ],
      [
       8.3419444,
       47.2891667
      ],
      [
       8.2297222,
       47.2452778
      ],
      [
       8.0822222,
       47.3708333
      ],
      [
       8,
       47.51
      ],
      [
       8,
       47.6427778
      ],
      [
       8.1813889,
       47.7041667
      ],
      [
       8.2625,
       47.7625
      ],
      [
       8.4186111,
       47.7677778
      ],
      [
       8.1916667,
       47.6813889
      ]
     ]
    ]
   }
  },
  {
   "type": "Feature",
   "properties": {
    "ll": {
     "value": 2300,
     "unit": 0,
     "referenceDatum": 1
    },
    "ul": {
     "value": 195,
     "unit": 6,
     "referenceDatum": 2
    },
    "_id": "62e10d69d0d055fccf50f616",
    "name": "TMA ZURICH 7",
    "type": 7,
    "icao": 4,
    "bnd": [
     [
      47.1313889,
      7.9822222
     ],
     [
      47.3030556,
      8.4319444
     ]
    ]
   },
   "geometry": {
    "type": "Polygon",
    "coordinates": [
     [
      [
       8.3777778,
       47.3030556
      ],
      [
       8.4319444,
       47.2322222
      ],
      [
       8.1988889,
       47.1986111
      ],
      [
       7.9947222,
       47.1313889
      ],
      [
       7.9822222,
       47.1486111
      ],
      [
       8.2297222,
       47.2452778
      ],
      [
       8.3419444,
       47.2891667
      ],
      [
       8.3777778,
       47.3030556
      ]
     ]
    ]
   }
  },
  {
   "type": "Feature",
   "properties": {
    "ll": {
     "value": 2000,
     "unit": 0,
     "referenceDatum": 1
    },
    "ul": {
     "value": 195,
     "unit": 6,
     "referenceDatum": 2
    },
    "_id": "62e10d69d0d055fccf50f620",
    "name": "TMA ZURICH 8",
    "type": 7,
    "icao": 4,
    "bnd": [
     [
      47.1486111,
      7.7591667
     ],
     [
      47.6427778,
      8.2297222
     ]
    ]
   },
   "geometry": {
    "type": "Polygon",
    "coordinates": [
     [
      [
       8,
       47.6427778
      ],
      [
       8,
       47.51
      ],
      [
       8.0822222,
       47.3708333
      ],
      [
       8.2297222,
       47.2452778
      ],
      [
       7.9822222,
       47.1486111
      ],
      [
       7.8586111,
       47.32
      ],
      [
       7.7780556,
       47.4311111
      ],
      [
       7.7608333,
       47.5491667
      ],
      [
       7.7591667,
       47.5605556
      ],
      [
       8,
       47.6427778
      ]
     ]
    ]
   }
  },
  {
   "type": "Feature",
   "properties": {
    "ll": {
     "value": 2300,
     "unit": 0,
     "referenceDatum": 1
    },
    "ul": {
     "value": 195,
     "unit": 6,
     "referenceDatum": 2
    },
    "_id": "62e10d69d0d055fccf50f62a",
    "name": "TMA ZURICH 9",
    "type": 7,
    "icao": 4,
    "bnd": [
     [
      47.7625,
      8.2625
     ],
     [
      47.8661111,
      8.775
     ]
    ]
   },
   "geometry": {
    "type": "Polygon",
    "coordinates": [
     [
      [
       8.4072222,
       47.8661111
      ],
      [
       8.775,
       47.8625
      ],
      [
       8.4186111,
       47.7677778
      ],
      [
       8.2625,
       47.7625
      ],
      [
       8.4072222,
       47.8661111
      ]
     ]
    ]
   }
  },
  {
   "type": "Feature",
   "properties": {
    "ll": {
     "value": 600,
     "unit": 0,
     "referenceDatum": 0
    },
    "ul": {
     "value": 100,
     "unit": 6,
     "referenceDatum": 2
    },
    "_id": "62e10d67d0d055fccf50f54c",
    "name": "TMZ NORDOST",
    "type": 5,
    "icao": 7,
    "bnd": [
     [
      47.4208333,
      9.1247222
     ],
     [
      47.6591667,
      9.5941667
     ]
    ]
   },
   "geometry": {
    "type": "Polygon",
    "coordinates": [
     [
      [
       9.1680556,
       47.6569444
      ],
      [
       9.1697222,
       47.6558333
      ],
      [
       9.1705556,
       47.6547222
      ],
      [
       9.1722222,
       47.6555556
      ],
      [
       9.1727778,
       47.6552778
      ],
      [
       9.1755556,
       47.6558333
      ],
      [
       9.1758333,
       47.6538889
      ],
      [
       9.1772222,
       47.6544444
      ],
      [
       9.1772222,
       47.655
      ],
      [
       9.1780556,
       47.6547222
      ],
      [
       9.1819444,
       47.6561111
      ],
      [
       9.2322222,
       47.6566667
      ],
      [
       9.2658333,
       47.6591667
      ],
      [
       9.3208333,
       47.6363889
      ],
      [
       9.4536111,
       47.5866667
      ],
      [
       9.5244444,
       47.5522222
      ],
      [
       9.5544444,
       47.5419444
      ],
      [
       9.5636111,
       47.5391667
      ],
      [
       9.5536111,
       47.5241667
      ],
      [
       9.5619444,
       47.5047222
      ],
      [
       9.5613889,
       47.5
      ],
      [
       9.5619444,
       47.4972222
      ],
      [
       9.5633333,
       47.4944444
      ],
      [
       9.5661111,
       47.4925
      ],
      [
       9.5763889,
       47.4869444
      ],
      [
       9.5813889,
       47.4836111
      ],
      [
       9.5830556,
       47.4822222
      ],
      [
       9.5927778,
       47.4661111
      ],
      [
       9.5941667,
       47.4644444
      ],
      [
       9.4388889,
       47.4744444
      ],
      [
       9.2905556,
       47.4208333
      ],
      [
       9.1247222,
       47.4683333
      ],
      [
       9.1680556,
       47.6569444
      ]
     ]
    ]
   }
  }
 ]
}